# https://github.com/mikedh/trimesh
v 4.98325586 23.00000000 21.00000000
v 5.00000000 22.58898163 21.00000000
v 5.00000000 23.00000000 20.48056793
v 4.96546650 23.00000000 22.00000000
v 5.00000000 22.29475784 22.00000000
v 4.96320057 23.00000000 23.00000000
v 5.00000000 22.23601913 23.00000000
v 4.97657299 23.00000000 24.00000000
v 5.00000000 22.55441093 24.00000000
v 4.99812555 23.00000000 25.00000000
v 5.00000000 22.96252632 25.00000000
v 5.00000000 23.00000000 25.12439728
v 4.96313810 24.00000000 21.00000000
v 5.00000000 24.00000000 20.15847778
v 4.94895029 24.00000000 22.00000000
v 4.94801331 24.00000000 23.00000000
v 4.95554924 24.00000000 24.00000000
v 4.96209288 24.00000000 25.00000000
v 5.00000000 23.40829086 26.00000000
v 4.98165131 24.00000000 26.00000000
v 5.00000000 24.00000000 26.83035851
v 4.99260569 24.00000000 35.00000000
v 5.00000000 23.59321976 35.00000000
v 5.00000000 24.00000000 34.21878815
v 4.99199915 24.00000000 36.00000000
v 5.00000000 23.54084778 36.00000000
v 5.00000000 24.00000000 36.41190338
v 4.98464012 25.00000000 20.00000000
v 5.00000000 24.31443596 20.00000000
v 5.00000000 25.00000000 19.87744904
v 4.94226599 25.00000000 21.00000000
v 4.91930676 25.00000000 22.00000000
v 4.91599369 25.00000000 23.00000000
v 4.91906357 25.00000000 24.00000000
v 4.92831850 25.00000000 25.00000000
v 4.94002581 25.00000000 26.00000000
v 5.00000000 24.08197212 27.00000000
v 4.95922375 25.00000000 27.00000000
v 4.97933531 25.00000000 28.00000000
v 5.00000000 24.54533195 28.00000000
v 4.99248934 25.00000000 29.00000000
v 5.00000000 24.83901596 29.00000000
v 5.00000000 25.00000000 29.78133583
v 5.00000000 24.65341949 35.00000000
v 5.00000000 24.83187866 36.00000000
v 4.97957802 26.00000000 20.00000000
v 5.00000000 26.00000000 19.79815483
v 4.92859888 26.00000000 21.00000000
v 4.91063690 26.00000000 22.00000000
v 4.89468813 26.00000000 23.00000000
v 4.89826012 26.00000000 24.00000000
v 4.90613842 26.00000000 25.00000000
v 4.92036152 26.00000000 26.00000000
v 4.93409443 26.00000000 27.00000000
v 4.94157600 26.00000000 28.00000000
v 4.95322227 26.00000000 29.00000000
v 5.00000000 25.06311035 30.00000000
v 4.96924400 26.00000000 30.00000000
v 4.98224115 26.00000000 31.00000000
v 5.00000000 25.39562035 31.00000000
v 4.99652529 26.00000000 32.00000000
v 5.00000000 25.81270218 32.00000000
v 5.00000000 26.00000000 32.87783813
v 4.96082163 27.00000000 20.00000000
v 5.00000000 27.00000000 19.51280022
v 4.93132877 27.00000000 21.00000000
v 4.90960836 27.00000000 22.00000000
v 4.90144634 27.00000000 23.00000000
v 4.89622688 27.00000000 24.00000000
v 4.89933634 27.00000000 25.00000000
v 4.91052675 27.00000000 26.00000000
v 4.92306709 27.00000000 27.00000000
v 4.93117571 27.00000000 28.00000000
v 4.94021893 27.00000000 29.00000000
v 4.94849586 27.00000000 30.00000000
v 4.95902824 27.00000000 31.00000000
v 4.97727013 27.00000000 32.00000000
v 5.00000000 26.03512573 33.00000000
v 4.98668337 27.00000000 33.00000000
v 4.99739981 27.00000000 34.00000000
v 5.00000000 26.61548996 34.00000000
v 5.00000000 27.00000000 34.27328491
v 4.95741510 28.00000000 20.00000000
v 5.00000000 28.00000000 19.47822762
v 4.95364761 28.00000000 21.00000000
v 4.93983650 28.00000000 22.00000000
v 4.92490721 28.00000000 23.00000000
v 4.92166042 28.00000000 24.00000000
v 4.91250706 28.00000000 25.00000000
v 4.90905094 28.00000000 26.00000000
v 4.91040039 28.00000000 27.00000000
v 4.91623259 28.00000000 28.00000000
v 4.92121172 28.00000000 29.00000000
v 4.92963934 28.00000000 30.00000000
v 4.94455099 28.00000000 31.00000000
v 4.95667505 28.00000000 32.00000000
v 4.96203947 28.00000000 33.00000000
v 4.97239304 28.00000000 34.00000000
v 5.00000000 27.30042076 35.00000000
v 4.98356581 28.00000000 35.00000000
v 5.00000000 28.00000000 35.70008087
v 4.98334312 29.00000000 20.00000000
v 5.00000000 29.00000000 19.76555634
v 4.97388268 29.00000000 21.00000000
v 4.98306036 29.00000000 22.00000000
v 4.96576262 29.00000000 23.00000000
v 4.95116854 29.00000000 24.00000000
v 4.94736576 29.00000000 25.00000000
v 4.93187857 29.00000000 26.00000000
v 4.92027855 29.00000000 27.00000000
v 4.91886902 29.00000000 28.00000000
v 4.91604710 29.00000000 29.00000000
v 4.92281008 29.00000000 30.00000000
v 4.93622208 29.00000000 31.00000000
v 4.94170856 29.00000000 32.00000000
v 4.94971991 29.00000000 33.00000000
v 4.96738386 29.00000000 34.00000000
v 4.97911549 29.00000000 35.00000000
v 5.00000000 28.46674156 36.00000000
v 4.99166250 29.00000000 36.00000000
v 5.00000000 29.00000000 36.64078903
v 5.00000000 29.22146606 20.00000000
v 5.00000000 29.40592003 21.00000000
v 5.00000000 29.44727898 22.00000000
v 5.00000000 29.67632294 23.00000000
v 5.00000000 30.00000000 23.83741760
v 4.99668264 30.00000000 24.00000000
v 4.97531748 30.00000000 25.00000000
v 4.95390177 30.00000000 26.00000000
v 4.92942953 30.00000000 27.00000000
v 4.91120195 30.00000000 28.00000000
v 4.89682531 30.00000000 29.00000000
v 4.89655781 30.00000000 30.00000000
v 4.90580416 30.00000000 31.00000000
v 4.92647457 30.00000000 32.00000000
v 4.94638014 30.00000000 33.00000000
v 4.96324539 30.00000000 34.00000000
v 4.98550320 30.00000000 35.00000000
v 5.00000000 30.00000000 35.78246689
v 5.00000000 29.68922424 36.00000000
v 4.95418167 31.00000000 21.00000000
v 5.00000000 30.46821213 21.00000000
v 5.00000000 31.00000000 20.27480507
v 4.90387774 31.00000000 22.00000000
v 5.00000000 30.18273163 22.00000000
v 4.86099672 31.00000000 23.00000000
v 5.00000000 30.10680771 23.00000000
v 4.83987665 31.00000000 24.00000000
v 4.80776739 31.00000000 25.00000000
v 4.77482700 31.00000000 26.00000000
v 4.74940014 31.00000000 27.00000000
v 4.73240566 31.00000000 28.00000000
v 4.72097874 31.00000000 29.00000000
v 4.72028589 31.00000000 30.00000000
v 4.73664093 31.00000000 31.00000000
v 4.77199745 31.00000000 32.00000000
v 4.82727718 31.00000000 33.00000000
v 4.90034008 31.00000000 34.00000000
v 4.96156263 31.00000000 35.00000000
v 5.00000000 30.20751381 36.00000000
v 4.98425102 31.00000000 36.00000000
v 4.99874640 31.00000000 37.00000000
v 5.00000000 30.95583916 37.00000000
v 5.00000000 31.00000000 37.04985428
v 4.80054045 32.00000000 19.00000000
v 5.00000000 31.35194969 19.00000000
v 5.00000000 32.00000000 18.35936928
v 4.69202185 32.00000000 20.00000000
v 5.00000000 31.05025482 20.00000000
v 4.61962557 32.00000000 21.00000000
v 4.58987856 32.00000000 22.00000000
v 4.57833815 32.00000000 23.00000000
v 4.58109426 32.00000000 24.00000000
v 4.58660364 32.00000000 25.00000000
v 4.58445978 32.00000000 26.00000000
v 4.58902740 32.00000000 27.00000000
v 4.59382534 32.00000000 28.00000000
v 4.60295439 32.00000000 29.00000000
v 4.61399746 32.00000000 30.00000000
v 4.64586449 32.00000000 31.00000000
v 4.70038080 32.00000000 32.00000000
v 4.74298954 32.00000000 33.00000000
v 4.81935644 32.00000000 34.00000000
v 4.90741968 32.00000000 35.00000000
v 4.94165564 32.00000000 36.00000000
v 4.96251965 32.00000000 37.00000000
v 5.00000000 31.71263695 38.00000000
v 4.99032354 32.00000000 38.00000000
v 5.00000000 32.00000000 38.28487778
v 4.82083416 33.00000000 18.00000000
v 5.00000000 32.41481781 18.00000000
v 5.00000000 33.00000000 17.66610336
v 4.58044386 33.00000000 19.00000000
v 4.52233791 33.00000000 20.00000000
v 4.49753523 33.00000000 21.00000000
v 4.48752594 33.00000000 22.00000000
v 4.48997164 33.00000000 23.00000000
v 4.50134516 33.00000000 24.00000000
v 4.51790667 33.00000000 25.00000000
v 4.53635168 33.00000000 26.00000000
v 4.55212021 33.00000000 27.00000000
v 4.56869411 33.00000000 28.00000000
v 4.59077978 33.00000000 29.00000000
v 4.61417484 33.00000000 30.00000000
v 4.64284849 33.00000000 31.00000000
v 4.69219208 33.00000000 32.00000000
v 4.73232031 33.00000000 33.00000000
v 4.78968859 33.00000000 34.00000000
v 4.87382221 33.00000000 35.00000000
v 4.90475941 33.00000000 36.00000000
v 4.92017794 33.00000000 37.00000000
v 4.94961977 33.00000000 38.00000000
v 5.00000000 32.79367447 39.00000000
v 4.99365568 33.00000000 39.00000000
v 5.00000000 33.00000000 39.26220703
v 4.78714037 34.00000000 18.00000000
v 5.00000000 34.00000000 17.55050659
v 4.58487177 34.00000000 19.00000000
v 4.51293087 34.00000000 20.00000000
v 4.49007893 34.00000000 21.00000000
v 4.49070120 34.00000000 22.00000000
v 4.49505329 34.00000000 23.00000000
v 4.49929237 34.00000000 24.00000000
v 4.51170444 34.00000000 25.00000000
v 4.53570604 34.00000000 26.00000000
v 4.56397438 34.00000000 27.00000000
v 4.58867788 34.00000000 28.00000000
v 4.60274410 34.00000000 29.00000000
v 4.62668324 34.00000000 30.00000000
v 4.67038202 34.00000000 31.00000000
v 4.71056271 34.00000000 32.00000000
v 4.76208448 34.00000000 33.00000000
v 4.81193256 34.00000000 34.00000000
v 4.87514544 34.00000000 35.00000000
v 4.90962648 34.00000000 36.00000000
v 4.91844940 34.00000000 37.00000000
v 4.93579483 34.00000000 38.00000000
v 4.95830679 34.00000000 39.00000000
v 5.00000000 33.54397202 40.00000000
v 4.98500824 34.00000000 40.00000000
v 5.00000000 34.00000000 40.52792740
v 4.86914539 35.00000000 18.00000000
v 5.00000000 35.00000000 17.72043419
v 4.66233397 35.00000000 19.00000000
v 4.58362341 35.00000000 20.00000000
v 4.54055023 35.00000000 21.00000000
v 4.52116108 35.00000000 22.00000000
v 4.51436138 35.00000000 23.00000000
v 4.52423000 35.00000000 24.00000000
v 4.54273510 35.00000000 25.00000000
v 4.56812572 35.00000000 26.00000000
v 4.59793043 35.00000000 27.00000000
v 4.62044334 35.00000000 28.00000000
v 4.65014505 35.00000000 29.00000000
v 4.67285442 35.00000000 30.00000000
v 4.71077013 35.00000000 31.00000000
v 4.76513195 35.00000000 32.00000000
v 4.82499695 35.00000000 33.00000000
v 4.87440062 35.00000000 34.00000000
v 4.92927742 35.00000000 35.00000000
v 4.94301844 35.00000000 36.00000000
v 4.94346285 35.00000000 37.00000000
v 4.95370150 35.00000000 38.00000000
v 4.95653772 35.00000000 39.00000000
v 4.96733284 35.00000000 40.00000000
v 5.00000000 34.39448929 41.00000000
v 4.97878218 35.00000000 41.00000000
v 5.00000000 35.00000000 41.67480087
v 5.00000000 35.84617615 18.00000000
v 5.00000000 36.00000000 18.12637329
v 4.82000256 36.00000000 19.00000000
v 4.69249296 36.00000000 20.00000000
v 4.62560511 36.00000000 21.00000000
v 4.59999561 36.00000000 22.00000000
v 4.58450460 36.00000000 23.00000000
v 4.58346128 36.00000000 24.00000000
v 4.59347200 36.00000000 25.00000000
v 4.60872650 36.00000000 26.00000000
v 4.62991428 36.00000000 27.00000000
v 4.66363478 36.00000000 28.00000000
v 4.69877291 36.00000000 29.00000000
v 4.75344944 36.00000000 30.00000000
v 4.80395460 36.00000000 31.00000000
v 4.85192919 36.00000000 32.00000000
v 4.91254139 36.00000000 33.00000000
v 4.96782112 36.00000000 34.00000000
v 5.00000000 36.00000000 34.54990387
v 5.00000000 35.72414017 35.00000000
v 5.00000000 35.64119720 36.00000000
v 5.00000000 35.78830338 37.00000000
v 5.00000000 36.00000000 37.53988647
v 4.98680115 36.00000000 38.00000000
v 4.98316956 36.00000000 39.00000000
v 4.98341656 36.00000000 40.00000000
v 4.98002863 36.00000000 41.00000000
v 5.00000000 36.00000000 41.97710800
v 5.00000000 36.83963394 19.00000000
v 5.00000000 37.00000000 19.27526283
v 4.90396023 37.00000000 20.00000000
v 4.83282042 37.00000000 21.00000000
v 4.78261328 37.00000000 22.00000000
v 4.74794579 37.00000000 23.00000000
v 4.72258854 37.00000000 24.00000000
v 4.70089149 37.00000000 25.00000000
v 4.70077944 37.00000000 26.00000000
v 4.71791315 37.00000000 27.00000000
v 4.74464130 37.00000000 28.00000000
v 4.80257654 37.00000000 29.00000000
v 4.88302422 37.00000000 30.00000000
v 4.95844316 37.00000000 31.00000000
v 5.00000000 37.00000000 31.57100487
v 5.00000000 36.84287643 32.00000000
v 5.00000000 36.56615067 33.00000000
v 5.00000000 36.23837662 34.00000000
v 5.00000000 36.18374252 38.00000000
v 5.00000000 36.38037109 39.00000000
v 5.00000000 36.54005051 40.00000000
v 5.00000000 36.62600327 41.00000000
v 5.00000000 37.31253815 20.00000000
v 5.00000000 37.53532410 21.00000000
v 5.00000000 37.70798111 22.00000000
v 5.00000000 37.84387589 23.00000000
v 5.00000000 37.93428802 24.00000000
v 5.00000000 37.98926544 25.00000000
v 5.00000000 38.00000000 25.22681808
v 4.98841619 38.00000000 26.00000000
v 4.97776604 38.00000000 27.00000000
v 4.97346640 38.00000000 28.00000000
v 5.00000000 38.00000000 28.96157455
v 5.00000000 37.99518585 29.00000000
v 5.00000000 37.66845703 30.00000000
v 5.00000000 37.24734497 31.00000000
v 5.00000000 38.03812790 26.00000000
v 5.00000000 38.07241440 27.00000000
v 5.00000000 38.08546829 28.00000000
v 5.64332056 21.00000000 19.00000000
v 6.00000000 20.74365234 19.00000000
v 6.00000000 21.00000000 18.31907272
v 5.52358723 21.00000000 20.00000000
v 6.00000000 20.67716408 20.00000000
v 5.49009705 21.00000000 21.00000000
v 6.00000000 20.66533089 21.00000000
v 5.47753954 21.00000000 22.00000000
v 6.00000000 20.66470146 22.00000000
v 5.47856379 21.00000000 23.00000000
v 6.00000000 20.67082405 23.00000000
v 5.50600815 21.00000000 24.00000000
v 6.00000000 20.69201660 24.00000000
v 5.53902340 21.00000000 25.00000000
v 6.00000000 20.71278381 25.00000000
v 5.55228090 21.00000000 26.00000000
v 6.00000000 20.72469330 26.00000000
v 5.56173182 21.00000000 27.00000000
v 6.00000000 20.73550987 27.00000000
v 5.58150005 21.00000000 28.00000000
v 6.00000000 20.75413513 28.00000000
v 5.60260630 21.00000000 29.00000000
v 6.00000000 20.77196693 29.00000000
v 5.62669802 21.00000000 30.00000000
v 6.00000000 20.78827858 30.00000000
v 5.64991426 21.00000000 31.00000000
v 6.00000000 20.80182076 31.00000000
v 5.67243385 21.00000000 32.00000000
v 6.00000000 20.81359100 32.00000000
v 5.68920374 21.00000000 33.00000000
v 6.00000000 20.82124138 33.00000000
v 5.69595528 21.00000000 34.00000000
v 6.00000000 20.82483292 34.00000000
v 5.68286562 21.00000000 35.00000000
v 6.00000000 20.81662750 35.00000000
v 5.66623688 21.00000000 36.00000000
v 6.00000000 20.80640411 36.00000000
v 5.65241480 21.00000000 37.00000000
v 6.00000000 20.79602623 37.00000000
v 5.64806128 21.00000000 38.00000000
v 6.00000000 20.78690529 38.00000000
v 5.63898134 21.00000000 39.00000000
v 6.00000000 20.77232170 39.00000000
v 5.62833977 21.00000000 40.00000000
v 6.00000000 20.75252914 40.00000000
v 5.62878561 21.00000000 41.00000000
v 6.00000000 20.73661804 41.00000000
v 5.63656330 21.00000000 42.00000000
v 6.00000000 20.72536659 42.00000000
v 5.65619469 21.00000000 43.00000000
v 6.00000000 20.71967888 43.00000000
v 5.72806168 21.00000000 44.00000000
v 6.00000000 20.75803757 44.00000000
v 6.00000000 21.00000000 44.68629456
v 5.70206976 22.00000000 18.00000000
v 6.00000000 21.31891823 18.00000000
v 6.00000000 22.00000000 17.77353477
v 5.18505049 22.00000000 19.00000000
v 5.04165030 22.00000000 20.00000000
v 5.02481365 22.00000000 21.00000000
v 5.01462412 22.00000000 22.00000000
v 5.01126909 22.00000000 23.00000000
v 5.02863741 22.00000000 24.00000000
v 5.04761124 22.00000000 25.00000000
v 5.06037998 22.00000000 26.00000000
v 5.06707954 22.00000000 27.00000000
v 5.08098078 22.00000000 28.00000000
v 5.08839941 22.00000000 29.00000000
v 5.09010029 22.00000000 30.00000000
v 5.09224319 22.00000000 31.00000000
v 5.09359646 22.00000000 32.00000000
v 5.09727240 22.00000000 33.00000000
v 5.11005926 22.00000000 34.00000000
v 5.10697937 22.00000000 35.00000000
v 5.10273647 22.00000000 36.00000000
v 5.09662771 22.00000000 37.00000000
v 5.10660982 22.00000000 38.00000000
v 5.12896538 22.00000000 39.00000000
v 5.15884686 22.00000000 40.00000000
v 5.19219208 22.00000000 41.00000000
v 5.22907972 22.00000000 42.00000000
v 5.27357483 22.00000000 43.00000000
v 5.39945507 22.00000000 44.00000000
v 6.00000000 21.41052246 45.00000000
v 5.82032204 22.00000000 45.00000000
v 6.00000000 22.00000000 45.16319656
v 5.67968225 23.00000000 18.00000000
v 6.00000000 23.00000000 17.74548912
v 5.14922094 23.00000000 19.00000000
v 5.01314640 23.00000000 20.00000000
v 5.00964022 23.00000000 26.00000000
v 5.01892328 23.00000000 27.00000000
v 5.03015661 23.00000000 28.00000000
v 5.04514694 23.00000000 29.00000000
v 5.04982185 23.00000000 30.00000000
v 5.04432297 23.00000000 31.00000000
v 5.03703403 23.00000000 32.00000000
v 5.02714300 23.00000000 33.00000000
v 5.01385593 23.00000000 34.00000000
v 5.00968409 23.00000000 35.00000000
v 5.00827265 23.00000000 36.00000000
v 5.02364826 23.00000000 37.00000000
v 5.04034138 23.00000000 38.00000000
v 5.05712986 23.00000000 39.00000000
v 5.08959293 23.00000000 40.00000000
v 5.12883759 23.00000000 41.00000000
v 5.16016912 23.00000000 42.00000000
v 5.18463230 23.00000000 43.00000000
v 5.31669235 23.00000000 44.00000000
v 5.83863735 23.00000000 45.00000000
v 6.00000000 23.00000000 45.13658905
v 5.65673542 24.00000000 18.00000000
v 6.00000000 24.00000000 17.71705246
v 5.14700890 24.00000000 19.00000000
v 5.00611162 24.00000000 20.00000000
v 5.00272512 24.00000000 27.00000000
v 5.01923370 24.00000000 28.00000000
v 5.03162003 24.00000000 29.00000000
v 5.03589058 24.00000000 30.00000000
v 5.03374958 24.00000000 31.00000000
v 5.02436876 24.00000000 32.00000000
v 5.01229477 24.00000000 33.00000000
v 5.00168133 24.00000000 34.00000000
v 5.00950480 24.00000000 37.00000000
v 5.02608442 24.00000000 38.00000000
v 5.04859257 24.00000000 39.00000000
v 5.07813025 24.00000000 40.00000000
v 5.11565447 24.00000000 41.00000000
v 5.13533354 24.00000000 42.00000000
v 5.16183329 24.00000000 43.00000000
v 5.32351160 24.00000000 44.00000000
v 5.90026426 24.00000000 45.00000000
v 6.00000000 24.00000000 45.08363342
v 5.60264301 25.00000000 18.00000000
v 6.00000000 25.00000000 17.66903877
v 5.12712145 25.00000000 19.00000000
v 5.00169706 25.00000000 30.00000000
v 5.00974131 25.00000000 31.00000000
v 5.01278257 25.00000000 32.00000000
v 5.00757790 25.00000000 33.00000000
v 5.00694084 25.00000000 34.00000000
v 5.00310040 25.00000000 35.00000000
v 5.00128746 25.00000000 36.00000000
v 5.00878143 25.00000000 37.00000000
v 5.01804638 25.00000000 38.00000000
v 5.03843069 25.00000000 39.00000000
v 5.07020140 25.00000000 40.00000000
v 5.10127258 25.00000000 41.00000000
v 5.11410952 25.00000000 42.00000000
v 5.14579725 25.00000000 43.00000000
v 5.32894564 25.00000000 44.00000000
v 5.90403271 25.00000000 45.00000000
v 6.00000000 25.00000000 45.08187485
v 5.52846575 26.00000000 18.00000000
v 6.00000000 26.00000000 17.58915901
v 5.09578753 26.00000000 19.00000000
v 5.00039959 26.00000000 33.00000000
v 5.00342846 26.00000000 34.00000000
v 5.00742006 26.00000000 35.00000000
v 5.01120710 26.00000000 36.00000000
v 5.01454449 26.00000000 37.00000000
v 5.01254034 26.00000000 38.00000000
v 5.02385616 26.00000000 39.00000000
v 5.04694128 26.00000000 40.00000000
v 5.07184076 26.00000000 41.00000000
v 5.09722996 26.00000000 42.00000000
v 5.14321709 26.00000000 43.00000000
v 5.33401680 26.00000000 44.00000000
v 5.89901638 26.00000000 45.00000000
v 6.00000000 26.00000000 45.08542252
v 5.43538666 27.00000000 18.00000000
v 6.00000000 27.00000000 17.48456192
v 5.05054283 27.00000000 19.00000000
v 5.00580454 27.00000000 35.00000000
v 5.01554489 27.00000000 36.00000000
v 5.01981306 27.00000000 37.00000000
v 5.02387285 27.00000000 38.00000000
v 5.02944660 27.00000000 39.00000000
v 5.03667736 27.00000000 40.00000000
v 5.05131292 27.00000000 41.00000000
v 5.08673906 27.00000000 42.00000000
v 5.15204716 27.00000000 43.00000000
v 5.33490276 27.00000000 44.00000000
v 5.87244749 27.00000000 45.00000000
v 6.00000000 27.00000000 45.11074066
v 5.38135719 28.00000000 18.00000000
v 6.00000000 28.00000000 17.39685249
v 5.04800749 28.00000000 19.00000000
v 5.00600052 28.00000000 36.00000000
v 5.01590061 28.00000000 37.00000000
v 5.02362156 28.00000000 38.00000000
v 5.02850008 28.00000000 39.00000000
v 5.03644896 28.00000000 40.00000000
v 5.04860115 28.00000000 41.00000000
v 5.08809853 28.00000000 42.00000000
v 5.15627098 28.00000000 43.00000000
v 5.34460354 28.00000000 44.00000000
v 5.84867048 28.00000000 45.00000000
v 6.00000000 28.00000000 45.14128876
v 5.34932661 29.00000000 18.00000000
v 6.00000000 29.00000000 17.32875252
v 5.06751442 29.00000000 19.00000000
v 5.00388145 29.00000000 37.00000000
v 5.01819563 29.00000000 38.00000000
v 5.02718735 29.00000000 39.00000000
v 5.03433847 29.00000000 40.00000000
v 5.05426598 29.00000000 41.00000000
v 5.09242296 29.00000000 42.00000000
v 5.14213562 29.00000000 43.00000000
v 5.33261728 29.00000000 44.00000000
v 5.80950165 29.00000000 45.00000000
v 6.00000000 29.00000000 45.18270111
v 5.40686560 30.00000000 18.00000000
v 6.00000000 30.00000000 17.31515121
v 5.16530228 30.00000000 19.00000000
v 5.06108236 30.00000000 20.00000000
v 5.03871965 30.00000000 21.00000000
v 5.02046204 30.00000000 22.00000000
v 5.01543283 30.00000000 23.00000000
v 5.00307226 30.00000000 36.00000000
v 5.02016258 30.00000000 37.00000000
v 5.04010439 30.00000000 38.00000000
v 5.05380821 30.00000000 39.00000000
v 5.05815649 30.00000000 40.00000000
v 5.07549572 30.00000000 41.00000000
v 5.09731436 30.00000000 42.00000000
v 5.14766979 30.00000000 43.00000000
v 5.32065535 30.00000000 44.00000000
v 5.78837681 30.00000000 45.00000000
v 6.00000000 30.00000000 45.20565033
v 5.41859198 31.00000000 18.00000000
v 6.00000000 31.00000000 17.34728050
v 5.11234426 31.00000000 19.00000000
v 5.01621914 31.00000000 20.00000000
v 5.01838350 31.00000000 38.00000000
v 5.04062796 31.00000000 39.00000000
v 5.06902981 31.00000000 40.00000000
v 5.09554911 31.00000000 41.00000000
v 5.10739136 31.00000000 42.00000000
v 5.14050007 31.00000000 43.00000000
v 5.28816700 31.00000000 44.00000000
v 5.75929594 31.00000000 45.00000000
v 6.00000000 31.00000000 45.22930527
v 5.12209368 32.00000000 18.00000000
v 6.00000000 32.00000000 17.08062744
v 5.01970100 32.00000000 39.00000000
v 5.04882336 32.00000000 40.00000000
v 5.08001566 32.00000000 41.00000000
v 5.11421728 32.00000000 42.00000000
v 5.13974762 32.00000000 43.00000000
v 5.25285864 32.00000000 44.00000000
v 5.69778347 32.00000000 45.00000000
v 6.00000000 32.00000000 45.29332352
v 5.50076914 33.00000000 17.00000000
v 6.00000000 32.18351746 17.00000000
v 6.00000000 33.00000000 16.73174286
v 5.01525068 33.00000000 40.00000000
v 5.04997301 33.00000000 41.00000000
v 5.08835506 33.00000000 42.00000000
v 5.13050175 33.00000000 43.00000000
v 5.23540306 33.00000000 44.00000000
v 5.63813210 33.00000000 45.00000000
v 6.00000000 33.00000000 45.36499786
v 5.35589933 34.00000000 17.00000000
v 6.00000000 34.00000000 16.63636780
v 5.01202488 34.00000000 41.00000000
v 5.05507898 34.00000000 42.00000000
v 5.11019516 34.00000000 43.00000000
v 5.21764946 34.00000000 44.00000000
v 5.58539104 34.00000000 45.00000000
v 6.00000000 34.00000000 45.43761826
v 5.50576878 35.00000000 17.00000000
v 6.00000000 35.00000000 16.74020195
v 5.01026297 35.00000000 42.00000000
v 5.07411098 35.00000000 43.00000000
v 5.19395733 35.00000000 44.00000000
v 5.55744076 35.00000000 45.00000000
v 6.00000000 35.00000000 45.47025681
v 5.78606749 36.00000000 17.00000000
v 6.00000000 36.00000000 16.90104485
v 5.03278875 36.00000000 18.00000000
v 5.02653456 36.00000000 35.00000000
v 5.03167534 36.00000000 36.00000000
v 5.01538467 36.00000000 37.00000000
v 5.00050020 36.00000000 42.00000000
v 5.05688858 36.00000000 43.00000000
v 5.19073534 36.00000000 44.00000000
v 5.53805542 36.00000000 45.00000000
v 6.00000000 36.00000000 45.46601868
v 6.00000000 36.53194427 17.00000000
v 6.00000000 37.00000000 17.22090721
v 5.33880997 37.00000000 18.00000000
v 5.04899979 37.00000000 19.00000000
v 5.03362942 37.00000000 32.00000000
v 5.07894993 37.00000000 33.00000000
v 5.11708832 37.00000000 34.00000000
v 5.16130400 37.00000000 35.00000000
v 5.15028572 37.00000000 36.00000000
v 5.11202526 37.00000000 37.00000000
v 5.06697750 37.00000000 38.00000000
v 5.03255177 37.00000000 39.00000000
v 5.01706123 37.00000000 40.00000000
v 5.01435423 37.00000000 41.00000000
v 5.02750111 37.00000000 42.00000000
v 5.09461308 37.00000000 43.00000000
v 5.24872684 37.00000000 44.00000000
v 5.61382294 37.00000000 45.00000000
v 6.00000000 37.00000000 45.37201309
v 6.00000000 37.96666718 18.00000000
v 6.00000000 38.00000000 18.05421066
v 5.55567598 38.00000000 19.00000000
v 5.33599949 38.00000000 20.00000000
v 5.20989132 38.00000000 21.00000000
v 5.12293577 38.00000000 22.00000000
v 5.06297779 38.00000000 23.00000000
v 5.02551460 38.00000000 24.00000000
v 5.00415516 38.00000000 25.00000000
v 5.00116634 38.00000000 29.00000000
v 5.07163668 38.00000000 30.00000000
v 5.15640545 38.00000000 31.00000000
v 5.24956799 38.00000000 32.00000000
v 5.32126522 38.00000000 33.00000000
v 5.35442305 38.00000000 34.00000000
v 5.36068010 38.00000000 35.00000000
v 5.32990265 38.00000000 36.00000000
v 5.26513386 38.00000000 37.00000000
v 5.20612907 38.00000000 38.00000000
v 5.15161848 38.00000000 39.00000000
v 5.11412477 38.00000000 40.00000000
v 5.12005711 38.00000000 41.00000000
v 5.14225149 38.00000000 42.00000000
v 5.20928717 38.00000000 43.00000000
v 5.37544870 38.00000000 44.00000000
v 5.79612398 38.00000000 45.00000000
v 6.00000000 38.00000000 45.19503784
v 6.00000000 38.52612305 19.00000000
v 6.00000000 38.81708908 20.00000000
v 6.00000000 39.00000000 20.79404068
v 5.95563269 39.00000000 21.00000000
v 5.79207182 39.00000000 22.00000000
v 5.66490173 39.00000000 23.00000000
v 5.56371737 39.00000000 24.00000000
v 5.49159765 39.00000000 25.00000000
v 5.44321728 39.00000000 26.00000000
v 5.40490437 39.00000000 27.00000000
v 5.38984776 39.00000000 28.00000000
v 5.38878679 39.00000000 29.00000000
v 5.41020536 39.00000000 30.00000000
v 5.48122358 39.00000000 31.00000000
v 5.58016729 39.00000000 32.00000000
v 5.67812490 39.00000000 33.00000000
v 5.74482346 39.00000000 34.00000000
v 5.76957178 39.00000000 35.00000000
v 5.69131899 39.00000000 36.00000000
v 5.58703327 39.00000000 37.00000000
v 5.50253296 39.00000000 38.00000000
v 5.41529369 39.00000000 39.00000000
v 5.33752584 39.00000000 40.00000000
v 5.33435678 39.00000000 41.00000000
v 5.36006165 39.00000000 42.00000000
v 5.43451595 39.00000000 43.00000000
v 5.67179871 39.00000000 44.00000000
v 6.00000000 39.00000000 44.74216461
v 6.00000000 38.61977005 45.00000000
v 6.00000000 39.04636765 21.00000000
v 6.00000000 39.23570633 22.00000000
v 6.00000000 39.40386200 23.00000000
v 6.00000000 39.56015015 24.00000000
v 6.00000000 39.70133209 25.00000000
v 6.00000000 39.82868576 26.00000000
v 6.00000000 39.91440582 27.00000000
v 6.00000000 39.97001648 28.00000000
v 6.00000000 39.97383118 29.00000000
v 6.00000000 39.97526932 30.00000000
v 6.00000000 39.94586182 31.00000000
v 6.00000000 39.82723236 32.00000000
v 6.00000000 39.63046646 33.00000000
v 6.00000000 39.47594452 34.00000000
v 6.00000000 39.45820236 35.00000000
v 6.00000000 39.62057495 36.00000000
v 6.00000000 39.82656479 37.00000000
v 6.00000000 40.00000000 37.79162598
v 5.97355175 40.00000000 38.00000000
v 5.87441492 40.00000000 39.00000000
v 5.77613163 40.00000000 40.00000000
v 5.73374796 40.00000000 41.00000000
v 5.76050329 40.00000000 42.00000000
v 5.86661148 40.00000000 43.00000000
v 6.00000000 40.00000000 43.47845459
v 6.00000000 39.69512177 44.00000000
v 6.00000000 40.03691483 38.00000000
v 6.00000000 40.17096329 39.00000000
v 6.00000000 40.29700470 40.00000000
v 6.00000000 40.35243607 41.00000000
v 6.00000000 40.32205582 42.00000000
v 6.00000000 40.17440414 43.00000000
v 6.60505056 21.00000000 18.00000000
v 7.00000000 20.91084290 18.00000000
v 7.00000000 21.00000000 17.91257668
v 7.00000000 20.60611153 19.00000000
v 7.00000000 20.56399345 20.00000000
v 7.00000000 20.55042839 21.00000000
v 7.00000000 20.54451180 22.00000000
v 7.00000000 20.54797554 23.00000000
v 7.00000000 20.56178474 24.00000000
v 7.00000000 20.57199478 25.00000000
v 7.00000000 20.57567978 26.00000000
v 7.00000000 20.58197212 27.00000000
v 7.00000000 20.59882164 28.00000000
v 7.00000000 20.61663055 29.00000000
v 7.00000000 20.63272667 30.00000000
v 7.00000000 20.64878082 31.00000000
v 7.00000000 20.66370392 32.00000000
v 7.00000000 20.67664337 33.00000000
v 7.00000000 20.67909813 34.00000000
v 7.00000000 20.66834450 35.00000000
v 7.00000000 20.64680290 36.00000000
v 7.00000000 20.62532043 37.00000000
v 7.00000000 20.60475540 38.00000000
v 7.00000000 20.58547974 39.00000000
v 7.00000000 20.57056999 40.00000000
v 7.00000000 20.54770088 41.00000000
v 7.00000000 20.52650833 42.00000000
v 7.00000000 20.50242996 43.00000000
v 7.00000000 20.50910187 44.00000000
v 6.30560780 21.00000000 45.00000000
v 7.00000000 20.73953056 45.00000000
v 7.00000000 21.00000000 45.29141617
v 7.00000000 22.00000000 17.52561188
v 7.00000000 22.00000000 45.50168991
v 7.00000000 23.00000000 17.48285675
v 7.00000000 23.00000000 45.47581100
v 7.00000000 24.00000000 17.45752525
v 7.00000000 24.00000000 45.47205734
v 7.00000000 25.00000000 17.38253212
v 7.00000000 25.00000000 45.49931335
v 7.00000000 26.00000000 17.29803658
v 7.00000000 26.00000000 45.51388550
v 7.00000000 27.00000000 17.22403336
v 7.00000000 27.00000000 45.52927780
v 7.00000000 28.00000000 17.13276482
v 7.00000000 28.00000000 45.56027603
v 7.00000000 29.00000000 17.02272224
v 7.00000000 29.00000000 45.60154724
v 6.84163713 30.00000000 17.00000000
v 7.00000000 29.33395195 17.00000000
v 7.00000000 30.00000000 16.96391296
v 7.00000000 30.00000000 45.62261581
v 6.94573402 31.00000000 17.00000000
v 7.00000000 31.00000000 16.98609924
v 7.00000000 31.00000000 45.66070175
v 6.24375200 32.00000000 17.00000000
v 7.00000000 32.00000000 16.82033157
v 7.00000000 32.00000000 45.71249390
v 7.00000000 33.00000000 16.55189705
v 7.00000000 33.00000000 45.78189850
v 7.00000000 34.00000000 16.47216988
v 7.00000000 34.00000000 45.83804321
v 7.00000000 35.00000000 16.54315186
v 7.00000000 35.00000000 45.88647461
v 7.00000000 36.00000000 16.70181084
v 7.00000000 36.00000000 45.86572266
v 6.60212278 37.00000000 17.00000000
v 7.00000000 37.00000000 16.93472672
v 7.00000000 37.00000000 45.74670410
v 7.00000000 37.27348328 17.00000000
v 6.06963873 38.00000000 18.00000000
v 7.00000000 38.00000000 17.51933670
v 7.00000000 38.00000000 45.57974243
v 7.00000000 38.45632935 18.00000000
v 7.00000000 38.88242340 19.00000000
v 6.48024416 39.00000000 20.00000000
v 7.00000000 39.00000000 19.38104057
v 6.29257011 39.00000000 45.00000000
v 7.00000000 39.00000000 45.29561234
v 7.00000000 39.19244003 20.00000000
v 7.00000000 39.44169998 21.00000000
v 7.00000000 39.63778687 22.00000000
v 7.00000000 39.78337097 23.00000000
v 7.00000000 39.94409561 24.00000000
v 6.71709871 40.00000000 25.00000000
v 7.00000000 40.00000000 24.34918785
v 6.37196207 40.00000000 26.00000000
v 6.16714191 40.00000000 27.00000000
v 6.05797958 40.00000000 28.00000000
v 6.05012131 40.00000000 29.00000000
v 6.04635143 40.00000000 30.00000000
v 6.08375645 40.00000000 31.00000000
v 6.23054266 40.00000000 32.00000000
v 6.45994091 40.00000000 33.00000000
v 6.63082647 40.00000000 34.00000000
v 6.58951616 40.00000000 35.00000000
v 6.35062695 40.00000000 36.00000000
v 6.15503168 40.00000000 37.00000000
v 6.35825872 40.00000000 44.00000000
v 7.00000000 40.00000000 44.59212494
v 7.00000000 39.60818481 45.00000000
v 7.00000000 40.09366989 25.00000000
v 7.00000000 40.23253250 26.00000000
v 7.00000000 40.35400009 27.00000000
v 7.00000000 40.41489410 28.00000000
v 7.00000000 40.43571472 29.00000000
v 7.00000000 40.42796707 30.00000000
v 7.00000000 40.41149902 31.00000000
v 7.00000000 40.33630753 32.00000000
v 7.00000000 40.26136017 33.00000000
v 7.00000000 40.19816208 34.00000000
v 7.00000000 40.24715424 35.00000000
v 7.00000000 40.48364258 36.00000000
v 7.00000000 40.64647675 37.00000000
v 7.00000000 40.78538513 38.00000000
v 7.00000000 40.87993240 39.00000000
v 7.00000000 40.99162674 40.00000000
v 6.98979664 41.00000000 41.00000000
v 7.00000000 41.00000000 40.58166122
v 7.00000000 41.00000000 41.08872223
v 7.00000000 40.93336868 42.00000000
v 7.00000000 40.74147797 43.00000000
v 7.00000000 40.31484222 44.00000000
v 7.00000000 41.00443268 41.00000000
v 8.00000000 20.89517403 18.00000000
v 8.00000000 21.00000000 17.88858604
v 8.00000000 20.60998154 19.00000000
v 8.00000000 20.56087112 20.00000000
v 8.00000000 20.54635048 21.00000000
v 8.00000000 20.54682732 22.00000000
v 8.00000000 20.54636002 23.00000000
v 8.00000000 20.55668449 24.00000000
v 8.00000000 20.56683350 25.00000000
v 8.00000000 20.57468987 26.00000000
v 8.00000000 20.58231544 27.00000000
v 8.00000000 20.60056305 28.00000000
v 8.00000000 20.61890221 29.00000000
v 8.00000000 20.63579750 30.00000000
v 8.00000000 20.65422249 31.00000000
v 8.00000000 20.67429924 32.00000000
v 8.00000000 20.68507957 33.00000000
v 8.00000000 20.68618774 34.00000000
v 8.00000000 20.67486572 35.00000000
v 8.00000000 20.64983368 36.00000000
v 8.00000000 20.62627411 37.00000000
v 8.00000000 20.60091782 38.00000000
v 8.00000000 20.58254051 39.00000000
v 8.00000000 20.56741524 40.00000000
v 8.00000000 20.54824066 41.00000000
v 8.00000000 20.52534866 42.00000000
v 8.00000000 20.51299667 43.00000000
v 8.00000000 20.52272797 44.00000000
v 8.00000000 20.72223663 45.00000000
v 8.00000000 21.00000000 45.34437180
v 8.00000000 22.00000000 17.46104050
v 8.00000000 22.00000000 45.60379791
v 8.00000000 23.00000000 17.40234756
v 8.00000000 23.00000000 45.59223557
v 8.00000000 24.00000000 17.38693619
v 8.00000000 24.00000000 45.57857895
v 8.00000000 25.00000000 17.31601715
v 8.00000000 25.00000000 45.58553314
v 8.00000000 26.00000000 17.23662758
v 8.00000000 26.00000000 45.58852386
v 8.00000000 27.00000000 17.16104126
v 8.00000000 27.00000000 45.60095596
v 8.00000000 28.00000000 17.08049393
v 8.00000000 28.00000000 45.64146423
v 7.74576283 29.00000000 17.00000000
v 8.00000000 28.90763283 17.00000000
v 8.00000000 29.00000000 16.99337959
v 8.00000000 29.00000000 45.68531418
v 8.00000000 30.00000000 16.92920685
v 8.00000000 30.00000000 45.71417236
v 8.00000000 31.00000000 16.95956230
v 8.00000000 31.00000000 45.75241852
v 8.00000000 32.00000000 16.82244682
v 8.00000000 32.00000000 45.81058502
v 8.00000000 33.00000000 16.55411339
v 8.00000000 33.00000000 45.88500214
v 8.00000000 34.00000000 16.46419716
v 8.00000000 34.00000000 45.98506546
v 8.00000000 35.00000000 16.51009369
v 8.00000000 34.22898102 46.00000000
v 7.66092491 35.00000000 46.00000000
v 8.00000000 35.00000000 46.03561020
v 8.00000000 36.00000000 16.63542175
v 7.69819689 36.00000000 46.00000000
v 8.00000000 36.00000000 46.03501511
v 8.00000000 37.00000000 16.86466789
v 8.00000000 37.00000000 45.94044495
v 8.00000000 36.50685883 46.00000000
v 8.00000000 37.51873016 17.00000000
v 8.00000000 38.00000000 17.34388351
v 8.00000000 38.00000000 45.74344635
v 8.00000000 38.62104797 18.00000000
v 7.78286409 39.00000000 19.00000000
v 8.00000000 39.00000000 18.90142822
v 8.00000000 39.00000000 45.48730469
v 8.00000000 39.03460312 19.00000000
v 8.00000000 39.33923340 20.00000000
v 8.00000000 39.57656479 21.00000000
v 8.00000000 39.74969101 22.00000000
v 8.00000000 39.90171814 23.00000000
v 7.52321100 40.00000000 24.00000000
v 8.00000000 40.00000000 23.66258621
v 8.00000000 40.00000000 44.99075699
v 8.00000000 39.99013138 45.00000000
v 8.00000000 40.04489136 24.00000000
v 8.00000000 40.17395401 25.00000000
v 8.00000000 40.30238342 26.00000000
v 8.00000000 40.42134857 27.00000000
v 8.00000000 40.49043274 28.00000000
v 8.00000000 40.52586365 29.00000000
v 8.00000000 40.52410507 30.00000000
v 8.00000000 40.49590302 31.00000000
v 8.00000000 40.43420410 32.00000000
v 8.00000000 40.39258575 33.00000000
v 8.00000000 40.37406158 34.00000000
v 8.00000000 40.46055222 35.00000000
v 8.00000000 40.81507111 36.00000000
v 7.81656599 41.00000000 37.00000000
v 8.00000000 41.00000000 36.69977951
v 7.51642370 41.00000000 38.00000000
v 7.30186749 41.00000000 39.00000000
v 7.02447987 41.00000000 40.00000000
v 7.24428225 41.00000000 42.00000000
v 8.00000000 41.00000000 42.91273499
v 8.00000000 40.98128510 43.00000000
v 8.00000000 40.60296631 44.00000000
v 8.00000000 41.05548477 37.00000000
v 8.00000000 41.14099121 38.00000000
v 8.00000000 41.19928741 39.00000000
v 8.00000000 41.22999191 40.00000000
v 8.00000000 41.20654297 41.00000000
v 8.00000000 41.13786697 42.00000000
v 9.00000000 20.90982437 18.00000000
v 9.00000000 21.00000000 17.89507103
v 9.00000000 20.62280083 19.00000000
v 9.00000000 20.57301903 20.00000000
v 9.00000000 20.56342125 21.00000000
v 9.00000000 20.56187820 22.00000000
v 9.00000000 20.56425667 23.00000000
v 9.00000000 20.57658386 24.00000000
v 9.00000000 20.58976364 25.00000000
v 9.00000000 20.60058212 26.00000000
v 9.00000000 20.61114311 27.00000000
v 9.00000000 20.62621117 28.00000000
v 9.00000000 20.64524269 29.00000000
v 9.00000000 20.66553879 30.00000000
v 9.00000000 20.68701172 31.00000000
v 9.00000000 20.70708466 32.00000000
v 9.00000000 20.72023773 33.00000000
v 9.00000000 20.72382927 34.00000000
v 9.00000000 20.71097755 35.00000000
v 9.00000000 20.68834305 36.00000000
v 9.00000000 20.66184807 37.00000000
v 9.00000000 20.63443947 38.00000000
v 9.00000000 20.61277199 39.00000000
v 9.00000000 20.59449577 40.00000000
v 9.00000000 20.57732582 41.00000000
v 9.00000000 20.55944443 42.00000000
v 9.00000000 20.54520988 43.00000000
v 9.00000000 20.55889893 44.00000000
v 9.00000000 20.75070381 45.00000000
v 9.00000000 21.00000000 45.32894516
v 9.00000000 22.00000000 17.43642044
v 9.00000000 22.00000000 45.61375809
v 9.00000000 23.00000000 17.39606667
v 9.00000000 23.00000000 45.59469604
v 9.00000000 24.00000000 17.39568710
v 9.00000000 24.00000000 45.57824707
v 9.00000000 25.00000000 17.31607819
v 9.00000000 25.00000000 45.58890533
v 9.00000000 26.00000000 17.23654938
v 9.00000000 26.00000000 45.59352112
v 9.00000000 27.00000000 17.15867233
v 9.00000000 27.00000000 45.60887527
v 9.00000000 28.00000000 17.08801270
v 9.00000000 28.00000000 45.65586090
v 8.95276928 29.00000000 17.00000000
v 9.00000000 29.00000000 17.00037956
v 9.00000000 29.00000000 45.69966125
v 9.00000000 29.00933266 17.00000000
v 9.00000000 30.00000000 16.96514702
v 9.00000000 30.00000000 45.73164368
v 9.00000000 30.39041710 17.00000000
v 8.42817593 31.00000000 17.00000000
v 9.00000000 31.00000000 17.05268478
v 9.00000000 31.00000000 45.78966141
v 9.00000000 31.73443604 17.00000000
v 9.00000000 32.00000000 16.98059845
v 9.00000000 32.00000000 45.85443115
v 9.00000000 33.00000000 16.66451263
v 9.00000000 33.00000000 45.93354034
v 9.00000000 34.00000000 16.58057404
v 9.00000000 33.68717957 46.00000000
v 8.29982853 34.00000000 46.00000000
v 9.00000000 34.00000000 46.02381134
v 9.00000000 35.00000000 16.60156631
v 9.00000000 35.00000000 46.06164932
v 9.00000000 36.00000000 16.68194580
v 9.00000000 36.00000000 46.07069016
v 9.00000000 37.00000000 16.89921951
v 8.85685825 37.00000000 46.00000000
v 9.00000000 37.00000000 46.00587082
v 9.00000000 37.40893936 17.00000000
v 9.00000000 38.00000000 17.41067886
v 9.00000000 38.00000000 45.82115555
v 9.00000000 37.05412674 46.00000000
v 9.00000000 38.57158661 18.00000000
v 9.00000000 38.98891830 19.00000000
v 8.75596333 39.00000000 19.00000000
v 9.00000000 39.00000000 19.04035187
v 9.00000000 39.00000000 45.57798004
v 9.00000000 39.24607086 20.00000000
v 9.00000000 39.46585846 21.00000000
v 9.00000000 39.65266800 22.00000000
v 9.00000000 39.78564835 23.00000000
v 9.00000000 39.91034317 24.00000000
v 8.36857510 40.00000000 24.00000000
v 9.00000000 40.00000000 24.75612640
v 8.03752518 40.00000000 45.00000000
v 9.00000000 40.00000000 45.14490891
v 9.00000000 40.02656937 25.00000000
v 9.00000000 40.12503052 26.00000000
v 9.00000000 40.21848297 27.00000000
v 9.00000000 40.30420303 28.00000000
v 9.00000000 40.37789917 29.00000000
v 9.00000000 40.43342972 30.00000000
v 9.00000000 40.42325592 31.00000000
v 9.00000000 40.35937881 32.00000000
v 9.00000000 40.29645920 33.00000000
v 9.00000000 40.28426361 34.00000000
v 9.00000000 40.49444580 35.00000000
v 9.00000000 40.99969101 36.00000000
v 9.00000000 41.00000000 36.00081253
v 8.12486649 41.00000000 43.00000000
v 9.00000000 41.00000000 43.35412979
v 9.00000000 40.76018524 44.00000000
v 9.00000000 40.15297318 45.00000000
v 9.00000000 41.24509430 37.00000000
v 9.00000000 41.36709976 38.00000000
v 9.00000000 41.39817047 39.00000000
v 9.00000000 41.39551544 40.00000000
v 9.00000000 41.35589981 41.00000000
v 9.00000000 41.27084732 42.00000000
v 9.00000000 41.09009171 43.00000000
v 10.00000000 20.93379784 18.00000000
v 10.00000000 21.00000000 17.91849709
v 10.00000000 20.64103127 19.00000000
v 10.00000000 20.59123802 20.00000000
v 10.00000000 20.58054924 21.00000000
v 10.00000000 20.58108521 22.00000000
v 10.00000000 20.58894730 23.00000000
v 10.00000000 20.60697556 24.00000000
v 10.00000000 20.62380791 25.00000000
v 10.00000000 20.63232231 26.00000000
v 10.00000000 20.64201927 27.00000000
v 10.00000000 20.65479469 28.00000000
v 10.00000000 20.67394638 29.00000000
v 10.00000000 20.69412804 30.00000000
v 10.00000000 20.71426773 31.00000000
v 10.00000000 20.73240662 32.00000000
v 10.00000000 20.74276733 33.00000000
v 10.00000000 20.74549484 34.00000000
v 10.00000000 20.73194504 35.00000000
v 10.00000000 20.70897293 36.00000000
v 10.00000000 20.68491173 37.00000000
v 10.00000000 20.65893173 38.00000000
v 10.00000000 20.64007187 39.00000000
v 10.00000000 20.61802483 40.00000000
v 10.00000000 20.59842873 41.00000000
v 10.00000000 20.58775139 42.00000000
v 10.00000000 20.57920837 43.00000000
v 10.00000000 20.59846878 44.00000000
v 10.00000000 20.78993225 45.00000000
v 10.00000000 21.00000000 45.29037857
v 10.00000000 22.00000000 17.43883705
v 10.00000000 22.00000000 45.58800888
v 10.00000000 23.00000000 17.40680122
v 10.00000000 23.00000000 45.56861877
v 10.00000000 24.00000000 17.41040993
v 10.00000000 24.00000000 45.55595398
v 10.00000000 25.00000000 17.34418488
v 10.00000000 25.00000000 45.56439590
v 10.00000000 26.00000000 17.26181793
v 10.00000000 26.00000000 45.56145859
v 10.00000000 27.00000000 17.17194939
v 10.00000000 27.00000000 45.57672501
v 10.00000000 28.00000000 17.10057068
v 10.00000000 28.00000000 45.62704086
v 10.00000000 29.00000000 17.00366020
v 10.00000000 29.00000000 45.67749405
v 10.00000000 29.09871483 17.00000000
v 10.00000000 30.00000000 16.97190475
v 10.00000000 30.00000000 45.71869659
v 10.00000000 30.16283226 17.00000000
v 10.00000000 31.00000000 17.17047691
v 10.00000000 31.00000000 45.78900146
v 9.09765434 32.00000000 17.00000000
v 10.00000000 32.00000000 17.21468735
v 10.00000000 32.00000000 45.86312866
v 10.00000000 32.49921799 17.00000000
v 10.00000000 33.00000000 16.83979225
v 10.00000000 33.00000000 45.94847870
v 10.00000000 34.00000000 16.75489426
v 10.00000000 33.51265335 46.00000000
v 10.00000000 34.00000000 46.03859329
v 10.00000000 35.00000000 16.76667404
v 10.00000000 35.00000000 46.07276154
v 10.00000000 36.00000000 16.89106178
v 10.00000000 36.00000000 46.07720566
v 10.00000000 36.70097351 17.00000000
v 9.67419338 37.00000000 17.00000000
v 10.00000000 37.00000000 17.11511803
v 10.00000000 37.00000000 46.02156067
v 10.00000000 38.00000000 17.83929062
v 10.00000000 38.00000000 45.85942841
v 10.00000000 37.20389938 46.00000000
v 10.00000000 38.14800262 18.00000000
v 10.00000000 38.52989197 19.00000000
v 10.00000000 38.78586197 20.00000000
v 9.58201599 39.00000000 20.00000000
v 10.00000000 38.97416687 21.00000000
v 9.95569038 39.00000000 21.00000000
v 10.00000000 39.00000000 21.16651154
v 10.00000000 39.00000000 45.62844086
v 10.00000000 39.12864685 22.00000000
v 10.00000000 39.25152588 23.00000000
v 10.00000000 39.38828278 24.00000000
v 10.00000000 39.51922226 25.00000000
v 9.07452011 40.00000000 25.00000000
v 10.00000000 39.63516235 26.00000000
v 9.32388210 40.00000000 26.00000000
v 10.00000000 39.70373917 27.00000000
v 9.49521255 40.00000000 27.00000000
v 10.00000000 39.76650620 28.00000000
v 9.63229561 40.00000000 28.00000000
v 10.00000000 39.87047195 29.00000000
v 9.80353737 40.00000000 29.00000000
v 10.00000000 39.94458771 30.00000000
v 9.91796684 40.00000000 30.00000000
v 10.00000000 39.97054672 31.00000000
v 9.95576668 40.00000000 31.00000000
v 10.00000000 40.00000000 31.59843445
v 9.99148369 40.00000000 33.00000000
v 10.00000000 40.00000000 32.81938934
v 10.00000000 39.99519348 33.00000000
v 10.00000000 39.92083740 34.00000000
v 9.86279488 40.00000000 34.00000000
v 10.00000000 40.00000000 34.23539352
v 10.00000000 40.00000000 45.21804047
v 10.00000000 40.01426697 32.00000000
v 10.00000000 40.20294189 35.00000000
v 9.00256157 41.00000000 36.00000000
v 10.00000000 41.00000000 35.85391235
v 10.00000000 41.00000000 43.60292053
v 10.00000000 40.84141922 44.00000000
v 10.00000000 40.24029922 45.00000000
v 10.00000000 41.06947327 36.00000000
v 10.00000000 41.38928986 37.00000000
v 10.00000000 41.50024796 38.00000000
v 10.00000000 41.52618790 39.00000000
v 10.00000000 41.51861572 40.00000000
v 10.00000000 41.46438217 41.00000000
v 10.00000000 41.37038040 42.00000000
v 10.00000000 41.16661835 43.00000000
v 11.00000000 20.95214081 18.00000000
v 11.00000000 21.00000000 17.93940163
v 11.00000000 20.65562248 19.00000000
v 11.00000000 20.60489273 20.00000000
v 11.00000000 20.59155846 21.00000000
v 11.00000000 20.59629440 22.00000000
v 11.00000000 20.60865402 23.00000000
v 11.00000000 20.62967300 24.00000000
v 11.00000000 20.64787102 25.00000000
v 11.00000000 20.65483665 26.00000000
v 11.00000000 20.66218376 27.00000000
v 11.00000000 20.67512703 28.00000000
v 11.00000000 20.69342613 29.00000000
v 11.00000000 20.71098709 30.00000000
v 11.00000000 20.73185349 31.00000000
v 11.00000000 20.75106430 32.00000000
v 11.00000000 20.76219940 33.00000000
v 11.00000000 20.76669884 34.00000000
v 11.00000000 20.75524521 35.00000000
v 11.00000000 20.73193169 36.00000000
v 11.00000000 20.71253967 37.00000000
v 11.00000000 20.68987274 38.00000000
v 11.00000000 20.66857338 39.00000000
v 11.00000000 20.64618874 40.00000000
v 11.00000000 20.62223434 41.00000000
v 11.00000000 20.60944366 42.00000000
v 11.00000000 20.60371017 43.00000000
v 11.00000000 20.62488937 44.00000000
v 11.00000000 20.81927299 45.00000000
v 11.00000000 21.00000000 45.25441742
v 11.00000000 22.00000000 17.45625496
v 11.00000000 22.00000000 45.54604721
v 11.00000000 23.00000000 17.41417694
v 11.00000000 23.00000000 45.53201675
v 11.00000000 24.00000000 17.42600632
v 11.00000000 24.00000000 45.52313995
v 11.00000000 25.00000000 17.35468102
v 11.00000000 25.00000000 45.53267288
v 11.00000000 26.00000000 17.26869202
v 11.00000000 26.00000000 45.52802277
v 11.00000000 27.00000000 17.18232536
v 11.00000000 27.00000000 45.55503082
v 11.00000000 28.00000000 17.10159111
v 11.00000000 28.00000000 45.60940552
v 11.00000000 29.00000000 17.00432396
v 11.00000000 29.00000000 45.66216660
v 11.00000000 29.07451057 17.00000000
v 11.00000000 30.00000000 16.95550537
v 11.00000000 30.00000000 45.71971512
v 11.00000000 30.18744850 17.00000000
v 11.00000000 31.00000000 17.30737114
v 11.00000000 31.00000000 45.80132294
v 11.00000000 32.00000000 17.65800476
v 11.00000000 32.00000000 45.88037109
v 10.66473675 33.00000000 17.00000000
v 11.00000000 33.00000000 17.22110558
v 11.00000000 33.00000000 45.95731735
v 10.91490173 34.00000000 17.00000000
v 11.00000000 34.00000000 17.06810188
v 11.00000000 33.43169022 46.00000000
v 11.00000000 34.00000000 46.04419327
v 10.81621838 35.00000000 17.00000000
v 11.00000000 35.00000000 17.15445518
v 11.00000000 35.00000000 46.08216858
v 10.41916561 36.00000000 17.00000000
v 11.00000000 36.00000000 17.48105049
v 11.00000000 36.00000000 46.08325195
v 11.00000000 36.87525177 18.00000000
v 10.93898773 37.00000000 18.00000000
v 11.00000000 37.00000000 18.20364189
v 11.00000000 37.00000000 46.03212738
v 10.18139648 38.00000000 18.00000000
v 11.00000000 37.40388489 19.00000000
v 10.58605862 38.00000000 19.00000000
v 11.00000000 37.67361832 20.00000000
v 10.80181122 38.00000000 20.00000000
v 11.00000000 37.87453079 21.00000000
v 10.92887211 38.00000000 21.00000000
v 11.00000000 38.00000000 21.72872925
v 11.00000000 38.00000000 45.87295151
v 11.00000000 37.28664398 46.00000000
v 11.00000000 38.04223633 22.00000000
v 10.17035866 39.00000000 22.00000000
v 11.00000000 38.15641785 23.00000000
v 10.31688690 39.00000000 23.00000000
v 11.00000000 38.27107620 24.00000000
v 10.45241928 39.00000000 24.00000000
v 11.00000000 38.35177994 25.00000000
v 10.56256390 39.00000000 25.00000000
v 11.00000000 38.44206619 26.00000000
v 10.63304806 39.00000000 26.00000000
v 11.00000000 38.53544617 27.00000000
v 10.67901039 39.00000000 27.00000000
v 11.00000000 38.60268021 28.00000000
v 10.72801971 39.00000000 28.00000000
v 11.00000000 38.70415115 29.00000000
v 10.81348610 39.00000000 29.00000000
v 11.00000000 38.77706146 30.00000000
v 10.87858677 39.00000000 30.00000000
v 11.00000000 38.78960419 31.00000000
v 10.88284874 39.00000000 31.00000000
v 11.00000000 38.97107697 32.00000000
v 10.98247147 39.00000000 32.00000000
v 11.00000000 39.00000000 32.14931107
v 11.00000000 39.00000000 45.66329956
v 10.02223015 40.00000000 32.00000000
v 11.00000000 39.10710144 33.00000000
v 11.00000000 39.22906876 34.00000000
v 11.00000000 39.84157944 35.00000000
v 10.65854549 40.00000000 35.00000000
v 11.00000000 40.00000000 35.08762741
v 11.00000000 40.00000000 45.26716614
v 11.00000000 41.00000000 35.93425751
v 11.00000000 41.00000000 43.77650070
v 11.00000000 40.90330505 44.00000000
v 11.00000000 40.30614853 45.00000000
v 11.00000000 41.03975296 36.00000000
v 11.00000000 41.44880295 37.00000000
v 11.00000000 41.58401108 38.00000000
v 11.00000000 41.61632156 39.00000000
v 11.00000000 41.60803986 40.00000000
v 11.00000000 41.53557205 41.00000000
v 11.00000000 41.43042755 42.00000000
v 11.00000000 41.23168564 43.00000000
v 12.00000000 20.96125603 18.00000000
v 12.00000000 21.00000000 17.95014381
v 12.00000000 20.66502190 19.00000000
v 12.00000000 20.61364365 20.00000000
v 12.00000000 20.60492706 21.00000000
v 12.00000000 20.61198235 22.00000000
v 12.00000000 20.62602234 23.00000000
v 12.00000000 20.65061760 24.00000000
v 12.00000000 20.66809464 25.00000000
v 12.00000000 20.67251396 26.00000000
v 12.00000000 20.67782211 27.00000000
v 12.00000000 20.68946648 28.00000000
v 12.00000000 20.70556068 29.00000000
v 12.00000000 20.72070694 30.00000000
v 12.00000000 20.74044800 31.00000000
v 12.00000000 20.75820351 32.00000000
v 12.00000000 20.76918221 33.00000000
v 12.00000000 20.77535820 34.00000000
v 12.00000000 20.76225281 35.00000000
v 12.00000000 20.74094582 36.00000000
v 12.00000000 20.72418594 37.00000000
v 12.00000000 20.70503235 38.00000000
v 12.00000000 20.68432999 39.00000000
v 12.00000000 20.66179466 40.00000000
v 12.00000000 20.63952446 41.00000000
v 12.00000000 20.62394524 42.00000000
v 12.00000000 20.61842728 43.00000000
v 12.00000000 20.64289665 44.00000000
v 12.00000000 20.83753586 45.00000000
v 12.00000000 21.00000000 45.22585678
v 12.00000000 22.00000000 17.45690346
v 12.00000000 22.00000000 45.51268387
v 12.00000000 23.00000000 17.42013359
v 12.00000000 23.00000000 45.50056839
v 12.00000000 24.00000000 17.43422890
v 12.00000000 24.00000000 45.49463272
v 12.00000000 25.00000000 17.36223030
v 12.00000000 25.00000000 45.50934982
v 12.00000000 26.00000000 17.28371429
v 12.00000000 26.00000000 45.50278091
v 12.00000000 27.00000000 17.19339180
v 12.00000000 27.00000000 45.54012299
v 12.00000000 28.00000000 17.10924721
v 12.00000000 28.00000000 45.59408951
v 12.00000000 29.00000000 17.00290871
v 12.00000000 29.00000000 45.65383148
v 12.00000000 29.04020500 17.00000000
v 12.00000000 30.00000000 16.94104576
v 12.00000000 30.00000000 45.71894836
v 12.00000000 30.19981003 17.00000000
v 12.00000000 31.00000000 17.43667030
v 12.00000000 31.00000000 45.80796432
v 12.00000000 31.54466438 18.00000000
v 11.44197750 32.00000000 18.00000000
v 12.00000000 32.00000000 18.95696640
v 11.96764088 32.00000000 25.00000000
v 12.00000000 32.00000000 24.63271141
v 12.00000000 31.95397186 25.00000000
v 12.00000000 31.84735489 26.00000000
v 11.88782024 32.00000000 26.00000000
v 12.00000000 31.72829437 27.00000000
v 11.79672241 32.00000000 27.00000000
v 12.00000000 31.62895012 28.00000000
v 11.73488617 32.00000000 28.00000000
v 12.00000000 31.54107094 29.00000000
v 11.68567085 32.00000000 29.00000000
v 12.00000000 31.58273506 30.00000000
v 11.73131847 32.00000000 30.00000000
v 12.00000000 31.92344093 31.00000000
v 11.94724369 32.00000000 31.00000000
v 12.00000000 32.00000000 31.34625626
v 12.00000000 32.00000000 45.89059448
v 11.71325397 33.00000000 18.00000000
v 12.00000000 33.00000000 18.96438789
v 11.97828197 33.00000000 24.00000000
v 12.00000000 33.00000000 23.50277901
v 12.00000000 32.72394180 24.00000000
v 11.88293362 33.00000000 25.00000000
v 11.79895210 33.00000000 26.00000000
v 11.73357964 33.00000000 27.00000000
v 11.66221714 33.00000000 28.00000000
v 11.61046314 33.00000000 29.00000000
v 11.68072510 33.00000000 30.00000000
v 11.96284389 33.00000000 31.00000000
v 12.00000000 33.00000000 31.19388199
v 12.00000000 33.00000000 45.96038818
v 11.66990566 34.00000000 18.00000000
v 12.00000000 33.10725784 19.00000000
v 11.90951538 34.00000000 19.00000000
v 12.00000000 33.60145187 20.00000000
v 11.94863987 34.00000000 20.00000000
v 12.00000000 33.78862381 21.00000000
v 11.97617626 34.00000000 21.00000000
v 12.00000000 33.81355286 22.00000000
v 11.98397541 34.00000000 22.00000000
v 12.00000000 34.00000000 22.93886566
v 12.00000000 33.44470978 24.00000000
v 12.00000000 33.79855347 25.00000000
v 11.93538761 34.00000000 26.00000000
v 12.00000000 34.00000000 25.34134483
v 11.83618069 34.00000000 27.00000000
v 11.74070072 34.00000000 28.00000000
v 11.66232967 34.00000000 29.00000000
v 11.77584362 34.00000000 30.00000000
v 11.94049263 34.00000000 31.00000000
v 12.00000000 34.00000000 31.25807381
v 12.00000000 33.43297577 46.00000000
v 12.00000000 34.00000000 46.04146194
v 11.54531097 35.00000000 18.00000000
v 11.77099800 35.00000000 19.00000000
v 11.81581020 35.00000000 20.00000000
v 11.83515644 35.00000000 21.00000000
v 11.83965588 35.00000000 22.00000000
v 12.00000000 34.00923538 23.00000000
v 11.88436031 35.00000000 23.00000000
v 12.00000000 34.39610291 24.00000000
v 11.95375156 35.00000000 24.00000000
v 12.00000000 34.64756393 25.00000000
v 11.98122025 35.00000000 25.00000000
v 11.96773243 35.00000000 26.00000000
v 11.88584995 35.00000000 27.00000000
v 11.76796055 35.00000000 28.00000000
v 11.68303013 35.00000000 29.00000000
v 11.74787807 35.00000000 30.00000000
v 11.86019897 35.00000000 31.00000000
v 12.00000000 35.00000000 31.92064857
v 12.00000000 35.00000000 46.08697510
v 11.30593586 36.00000000 18.00000000
v 11.54929829 36.00000000 19.00000000
v 11.62783909 36.00000000 20.00000000
v 11.69013500 36.00000000 21.00000000
v 11.70882797 36.00000000 22.00000000
v 11.72677898 36.00000000 23.00000000
v 11.75204659 36.00000000 24.00000000
v 11.77276611 36.00000000 25.00000000
v 11.75835323 36.00000000 26.00000000
v 11.73256302 36.00000000 27.00000000
v 11.67363644 36.00000000 28.00000000
v 11.62818241 36.00000000 29.00000000
v 11.65556717 36.00000000 30.00000000
v 11.74433231 36.00000000 31.00000000
v 12.00000000 35.12047195 32.00000000
v 11.90599155 36.00000000 32.00000000
v 12.00000000 36.00000000 32.28771973
v 12.00000000 36.00000000 46.08636475
v 11.18485355 37.00000000 19.00000000
v 11.30048370 37.00000000 20.00000000
v 11.38881207 37.00000000 21.00000000
v 11.44773769 37.00000000 22.00000000
v 11.48145485 37.00000000 23.00000000
v 11.50155449 37.00000000 24.00000000
v 11.52648640 37.00000000 25.00000000
v 11.55006313 37.00000000 26.00000000
v 11.53524017 37.00000000 27.00000000
v 11.52190876 37.00000000 28.00000000
v 11.49931908 37.00000000 29.00000000
v 11.53881168 37.00000000 30.00000000
v 11.59644985 37.00000000 31.00000000
v 11.73635769 37.00000000 32.00000000
v 12.00000000 37.00000000 32.73773956
v 12.00000000 37.00000000 46.03605270
v 11.02297020 38.00000000 22.00000000
v 11.07949543 38.00000000 23.00000000
v 11.13154697 38.00000000 24.00000000
v 11.16135311 38.00000000 25.00000000
v 11.20940495 38.00000000 26.00000000
v 11.27153587 38.00000000 27.00000000
v 11.30366802 38.00000000 28.00000000
v 11.34901905 38.00000000 29.00000000
v 11.36077881 38.00000000 30.00000000
v 11.39320183 38.00000000 31.00000000
v 11.50279427 38.00000000 32.00000000
v 12.00000000 37.28991318 33.00000000
v 11.71879578 38.00000000 33.00000000
v 12.00000000 38.00000000 33.44276428
v 12.00000000 38.00000000 45.88341522
v 12.00000000 37.32029724 46.00000000
v 11.09946346 39.00000000 33.00000000
v 12.00000000 38.48465347 34.00000000
v 11.35894108 39.00000000 34.00000000
v 12.00000000 39.00000000 34.44910049
v 12.00000000 39.00000000 45.67775726
v 12.00000000 39.53076172 35.00000000
v 12.00000000 40.00000000 35.26584244
v 12.00000000 40.00000000 45.30998230
v 12.00000000 40.97261047 36.00000000
v 11.74468231 41.00000000 36.00000000
v 12.00000000 41.00000000 36.02837753
v 12.00000000 41.00000000 43.93504715
v 12.00000000 40.96979141 44.00000000
v 12.00000000 40.36210251 45.00000000
v 12.00000000 41.49022293 37.00000000
v 12.00000000 41.65356064 38.00000000
v 12.00000000 41.68566513 39.00000000
v 12.00000000 41.67572784 40.00000000
v 12.00000000 41.58998871 41.00000000
v 12.00000000 41.48153305 42.00000000
v 12.00000000 41.29379272 43.00000000
v 13.00000000 20.96734238 18.00000000
v 13.00000000 21.00000000 17.95685196
v 13.00000000 20.67322731 19.00000000
v 13.00000000 20.61653137 20.00000000
v 13.00000000 20.61264610 21.00000000
v 13.00000000 20.61971092 22.00000000
v 13.00000000 20.63484955 23.00000000
v 13.00000000 20.66023827 24.00000000
v 13.00000000 20.67876434 25.00000000
v 13.00000000 20.68492889 26.00000000
v 13.00000000 20.69000816 27.00000000
v 13.00000000 20.69868469 28.00000000
v 13.00000000 20.71179199 29.00000000
v 13.00000000 20.72833061 30.00000000
v 13.00000000 20.74877930 31.00000000
v 13.00000000 20.76637840 32.00000000
v 13.00000000 20.77509308 33.00000000
v 13.00000000 20.77949524 34.00000000
v 13.00000000 20.76725769 35.00000000
v 13.00000000 20.75014496 36.00000000
v 13.00000000 20.73386765 37.00000000
v 13.00000000 20.71314240 38.00000000
v 13.00000000 20.69253731 39.00000000
v 13.00000000 20.66813660 40.00000000
v 13.00000000 20.64656448 41.00000000
v 13.00000000 20.63136292 42.00000000
v 13.00000000 20.62310028 43.00000000
v 13.00000000 20.65256882 44.00000000
v 13.00000000 20.84953499 45.00000000
v 13.00000000 21.00000000 45.20653534
v 13.00000000 22.00000000 17.44822502
v 13.00000000 22.00000000 45.48861313
v 13.00000000 23.00000000 17.42412758
v 13.00000000 23.00000000 45.48152542
v 13.00000000 24.00000000 17.43298340
v 13.00000000 24.00000000 45.47945023
v 13.00000000 25.00000000 17.35828400
v 13.00000000 25.00000000 45.48935318
v 13.00000000 26.00000000 17.28313446
v 13.00000000 26.00000000 45.47767639
v 13.00000000 27.00000000 17.18922806
v 13.00000000 27.00000000 45.52573013
v 13.00000000 28.00000000 17.10341644
v 13.00000000 28.00000000 45.58496094
v 12.20307827 29.00000000 17.00000000
v 13.00000000 28.89688492 17.00000000
v 13.00000000 29.00000000 16.98992157
v 13.00000000 29.00000000 45.64724731
v 13.00000000 30.00000000 16.92298508
v 13.00000000 30.00000000 45.71712494
v 13.00000000 30.25388527 17.00000000
v 13.00000000 31.00000000 17.46865273
v 12.92721367 31.00000000 30.00000000
v 13.00000000 31.00000000 29.58321762
v 13.00000000 30.99122047 30.00000000
v 13.00000000 31.00000000 30.28170776
v 13.00000000 31.00000000 45.81476974
v 13.00000000 31.28676224 18.00000000
v 13.00000000 31.47239113 19.00000000
v 12.02584267 32.00000000 19.00000000
v 13.00000000 31.57184219 20.00000000
v 12.29912090 32.00000000 20.00000000
v 13.00000000 31.55910110 21.00000000
v 12.31468010 32.00000000 21.00000000
v 13.00000000 31.49362373 22.00000000
v 12.25203228 32.00000000 22.00000000
v 13.00000000 31.39790154 23.00000000
v 12.15753365 32.00000000 23.00000000
v 13.00000000 31.29016113 24.00000000
v 12.04862022 32.00000000 24.00000000
v 13.00000000 31.23380661 25.00000000
v 13.00000000 31.19185448 26.00000000
v 13.00000000 31.15502739 27.00000000
v 13.00000000 31.08728790 28.00000000
v 13.00000000 31.02437401 29.00000000
v 13.00000000 31.07174110 31.00000000
v 13.00000000 31.36480713 32.00000000
v 12.14782238 32.00000000 32.00000000
v 13.00000000 31.68376350 33.00000000
v 12.49060345 32.00000000 33.00000000
v 13.00000000 32.00000000 33.74154282
v 13.00000000 32.00000000 45.90178680
v 12.00811577 33.00000000 19.00000000
v 12.05776978 33.00000000 20.00000000
v 12.06339359 33.00000000 21.00000000
v 12.04653931 33.00000000 22.00000000
v 12.01472664 33.00000000 23.00000000
v 12.18120766 33.00000000 32.00000000
v 12.53417778 33.00000000 33.00000000
v 13.00000000 33.00000000 33.49895859
v 13.00000000 33.00000000 45.96599579
v 12.00059700 34.00000000 23.00000000
v 12.01530647 34.00000000 24.00000000
v 12.01613426 34.00000000 25.00000000
v 12.19070339 34.00000000 32.00000000
v 12.66369820 34.00000000 33.00000000
v 13.00000000 34.00000000 33.24429703
v 13.00000000 33.39729691 46.00000000
v 13.00000000 34.00000000 46.04195023
v 12.01465225 35.00000000 32.00000000
v 12.65832806 35.00000000 33.00000000
v 13.00000000 35.00000000 33.19272995
v 13.00000000 35.00000000 46.09207153
v 12.41189957 36.00000000 33.00000000
v 13.00000000 36.00000000 33.34046173
v 13.00000000 36.00000000 46.09177399
v 12.16711617 37.00000000 33.00000000
v 13.00000000 37.00000000 33.55121231
v 13.00000000 37.00000000 46.04181290
v 13.00000000 38.00000000 33.96227264
v 13.00000000 38.00000000 45.89245224
v 13.00000000 37.36514664 46.00000000
v 13.00000000 38.04951859 34.00000000
v 13.00000000 39.00000000 34.71396255
v 13.00000000 39.00000000 45.68761826
v 13.00000000 39.30197525 35.00000000
v 13.00000000 40.00000000 35.37746048
v 13.00000000 40.00000000 45.34165573
v 13.00000000 40.88390350 36.00000000
v 13.00000000 41.00000000 36.10626602
v 12.49689293 41.00000000 44.00000000
v 13.00000000 41.00000000 44.05484390
v 13.00000000 40.40700912 45.00000000
v 13.00000000 41.52595520 37.00000000
v 13.00000000 41.71950150 38.00000000
v 13.00000000 41.73712158 39.00000000
v 13.00000000 41.72780609 40.00000000
v 13.00000000 41.63911057 41.00000000
v 13.00000000 41.52042770 42.00000000
v 13.00000000 41.33735657 43.00000000
v 13.00000000 41.02278900 44.00000000
v 14.00000000 20.96634102 18.00000000
v 14.00000000 21.00000000 17.95487404
v 14.00000000 20.67490196 19.00000000
v 14.00000000 20.61683655 20.00000000
v 14.00000000 20.61593819 21.00000000
v 14.00000000 20.62587166 22.00000000
v 14.00000000 20.64238358 23.00000000
v 14.00000000 20.66507149 24.00000000
v 14.00000000 20.68430328 25.00000000
v 14.00000000 20.69120979 26.00000000
v 14.00000000 20.69495392 27.00000000
v 14.00000000 20.70175552 28.00000000
v 14.00000000 20.71312904 29.00000000
v 14.00000000 20.73025513 30.00000000
v 14.00000000 20.75130844 31.00000000
v 14.00000000 20.76832008 32.00000000
v 14.00000000 20.77671242 33.00000000
v 14.00000000 20.77563858 34.00000000
v 14.00000000 20.76297951 35.00000000
v 14.00000000 20.75024223 36.00000000
v 14.00000000 20.73618317 37.00000000
v 14.00000000 20.71360016 38.00000000
v 14.00000000 20.69445038 39.00000000
v 14.00000000 20.66976357 40.00000000
v 14.00000000 20.65003967 41.00000000
v 14.00000000 20.63552475 42.00000000
v 14.00000000 20.62797546 43.00000000
v 14.00000000 20.66043282 44.00000000
v 14.00000000 20.85706329 45.00000000
v 14.00000000 21.00000000 45.19565201
v 14.00000000 22.00000000 17.43425751
v 14.00000000 22.00000000 45.48039627
v 14.00000000 23.00000000 17.42117500
v 14.00000000 23.00000000 45.47355270
v 14.00000000 24.00000000 17.42527199
v 14.00000000 24.00000000 45.47286606
v 14.00000000 25.00000000 17.35310173
v 14.00000000 25.00000000 45.47586823
v 14.00000000 26.00000000 17.27731323
v 14.00000000 26.00000000 45.46969604
v 14.00000000 27.00000000 17.17605782
v 14.00000000 27.00000000 45.52613068
v 14.00000000 28.00000000 17.08554840
v 14.00000000 28.00000000 45.58355331
v 14.00000000 28.69532204 17.00000000
v 14.00000000 29.00000000 16.96686172
v 14.00000000 29.00000000 45.64577103
v 14.00000000 30.00000000 16.88709068
v 14.00000000 30.00000000 45.71787262
v 14.00000000 30.35866356 17.00000000
v 14.00000000 31.00000000 17.47336197
v 13.66666317 31.00000000 28.00000000
v 14.00000000 31.00000000 27.47415161
v 14.00000000 30.97690773 28.00000000
v 14.00000000 30.93774605 29.00000000
v 13.15433025 31.00000000 29.00000000
v 14.00000000 30.91201591 30.00000000
v 14.00000000 30.93797112 31.00000000
v 13.26295567 31.00000000 31.00000000
v 14.00000000 31.00000000 31.83025551
v 14.00000000 31.00000000 45.82028961
v 14.00000000 31.19626999 18.00000000
v 14.00000000 31.28612518 19.00000000
v 14.00000000 31.32382965 20.00000000
v 14.00000000 31.30742455 21.00000000
v 14.00000000 31.26534843 22.00000000
v 14.00000000 31.20445824 23.00000000
v 14.00000000 31.14344025 24.00000000
v 14.00000000 31.10641289 25.00000000
v 14.00000000 31.07474518 26.00000000
v 14.00000000 31.02765656 27.00000000
v 14.00000000 31.03615570 32.00000000
v 14.00000000 31.39727592 33.00000000
v 14.00000000 31.91893959 34.00000000
v 13.58117390 32.00000000 34.00000000
v 14.00000000 32.00000000 34.08562088
v 14.00000000 32.00000000 45.90931320
v 14.00000000 32.39525604 34.00000000
v 14.00000000 33.00000000 33.85318756
v 14.00000000 33.00000000 45.97020340
v 14.00000000 34.00000000 33.53813171
v 14.00000000 33.39648438 46.00000000
v 14.00000000 34.00000000 46.03735733
v 14.00000000 35.00000000 33.43762589
v 14.00000000 35.00000000 46.09272766
v 14.00000000 36.00000000 33.54457474
v 14.00000000 36.00000000 46.09526443
v 14.00000000 37.00000000 33.81919861
v 14.00000000 37.00000000 46.05134964
v 14.00000000 37.51672745 34.00000000
v 13.13740349 38.00000000 34.00000000
v 14.00000000 38.00000000 34.22259140
v 14.00000000 38.00000000 45.90413284
v 14.00000000 37.43767929 46.00000000
v 14.00000000 39.00000000 34.93012619
v 14.00000000 39.00000000 45.69934464
v 14.00000000 39.07956696 35.00000000
v 14.00000000 40.00000000 35.48642731
v 14.00000000 40.00000000 45.36087418
v 14.00000000 40.77893066 36.00000000
v 14.00000000 41.00000000 36.18291855
v 14.00000000 41.00000000 44.11668777
v 14.00000000 40.43164062 45.00000000
v 14.00000000 41.53796005 37.00000000
v 14.00000000 41.77349472 38.00000000
v 14.00000000 41.77323151 39.00000000
v 14.00000000 41.76606369 40.00000000
v 14.00000000 41.67586517 41.00000000
v 14.00000000 41.54497147 42.00000000
v 14.00000000 41.36460495 43.00000000
v 14.00000000 41.05025864 44.00000000
v 15.00000000 20.97080803 18.00000000
v 15.00000000 21.00000000 17.96020699
v 15.00000000 20.67578125 19.00000000
v 15.00000000 20.61571693 20.00000000
v 15.00000000 20.61309052 21.00000000
v 15.00000000 20.62261963 22.00000000
v 15.00000000 20.64248657 23.00000000
v 15.00000000 20.66496849 24.00000000
v 15.00000000 20.68641090 25.00000000
v 15.00000000 20.69417953 26.00000000
v 15.00000000 20.69721794 27.00000000
v 15.00000000 20.70130920 28.00000000
v 15.00000000 20.71385193 29.00000000
v 15.00000000 20.72973251 30.00000000
v 15.00000000 20.75004768 31.00000000
v 15.00000000 20.76820374 32.00000000
v 15.00000000 20.77652740 33.00000000
v 15.00000000 20.77515411 34.00000000
v 15.00000000 20.76318359 35.00000000
v 15.00000000 20.75212288 36.00000000
v 15.00000000 20.73918343 37.00000000
v 15.00000000 20.71820068 38.00000000
v 15.00000000 20.69993973 39.00000000
v 15.00000000 20.67508125 40.00000000
v 15.00000000 20.65288162 41.00000000
v 15.00000000 20.63893509 42.00000000
v 15.00000000 20.63186836 43.00000000
v 15.00000000 20.66483116 44.00000000
v 15.00000000 20.85973740 45.00000000
v 15.00000000 21.00000000 45.19240952
v 15.00000000 22.00000000 17.42069054
v 15.00000000 22.00000000 45.47736740
v 15.00000000 23.00000000 17.41253090
v 15.00000000 23.00000000 45.46826935
v 15.00000000 24.00000000 17.41567993
v 15.00000000 24.00000000 45.47082520
v 15.00000000 25.00000000 17.34212875
v 15.00000000 25.00000000 45.47059631
v 15.00000000 26.00000000 17.25771332
v 15.00000000 26.00000000 45.46839142
v 15.00000000 27.00000000 17.15603065
v 15.00000000 27.00000000 45.52677536
v 15.00000000 28.00000000 17.06229782
v 15.00000000 28.00000000 45.58620071
v 15.00000000 28.49823380 17.00000000
v 15.00000000 29.00000000 16.94182587
v 15.00000000 29.00000000 45.64673233
v 15.00000000 30.00000000 16.85217857
v 15.00000000 30.00000000 45.71404648
v 15.00000000 30.44759369 17.00000000
v 15.00000000 31.00000000 17.45613098
v 14.41479111 31.00000000 27.00000000
v 15.00000000 31.00000000 26.11186028
v 15.00000000 30.97068405 27.00000000
v 15.00000000 30.93155098 28.00000000
v 15.00000000 30.89499664 29.00000000
v 15.00000000 30.87644386 30.00000000
v 15.00000000 30.90103912 31.00000000
v 15.00000000 30.99417305 32.00000000
v 14.70225525 31.00000000 32.00000000
v 15.00000000 31.00000000 32.06722641
v 15.00000000 31.00000000 45.82054901
v 15.00000000 31.17778397 18.00000000
v 15.00000000 31.26648331 19.00000000
v 15.00000000 31.27928543 20.00000000
v 15.00000000 31.25274277 21.00000000
v 15.00000000 31.20648766 22.00000000
v 15.00000000 31.14632988 23.00000000
v 15.00000000 31.08638000 24.00000000
v 15.00000000 31.04352760 25.00000000
v 15.00000000 31.00440216 26.00000000
v 15.00000000 31.30404663 33.00000000
v 15.00000000 31.88560104 34.00000000
v 15.00000000 32.00000000 34.11186981
v 15.00000000 32.00000000 45.91357803
v 15.00000000 32.52769089 34.00000000
v 15.00000000 33.00000000 33.90436935
v 15.00000000 33.00000000 45.97470093
v 15.00000000 34.00000000 33.59708405
v 15.00000000 33.42653275 46.00000000
v 15.00000000 34.00000000 46.02844620
v 15.00000000 35.00000000 33.51747513
v 15.00000000 35.00000000 46.08532333
v 15.00000000 36.00000000 33.63689041
v 15.00000000 36.00000000 46.09150314
v 15.00000000 37.00000000 33.90324783
v 15.00000000 37.00000000 46.04882431
v 15.00000000 37.32870102 34.00000000
v 15.00000000 38.00000000 34.29669189
v 15.00000000 38.00000000 45.90979767
v 15.00000000 37.43733978 46.00000000
v 15.00000000 39.00000000 34.95751572
v 15.00000000 39.00000000 45.70535660
v 15.00000000 39.05081558 35.00000000
v 15.00000000 40.00000000 35.50653458
v 15.00000000 40.00000000 45.37560272
v 15.00000000 40.78378296 36.00000000
v 15.00000000 41.00000000 36.17336655
v 15.00000000 41.00000000 44.15735245
v 15.00000000 40.44996643 45.00000000
v 15.00000000 41.56819916 37.00000000
v 15.00000000 41.81574631 38.00000000
v 15.00000000 41.80908966 39.00000000
v 15.00000000 41.79659653 40.00000000
v 15.00000000 41.70164490 41.00000000
v 15.00000000 41.56202698 42.00000000
v 15.00000000 41.38228607 43.00000000
v 15.00000000 41.06941605 44.00000000
v 16.00000000 20.96878815 18.00000000
v 16.00000000 21.00000000 17.95701599
v 16.00000000 20.67419815 19.00000000
v 16.00000000 20.61498070 20.00000000
v 16.00000000 20.61257744 21.00000000
v 16.00000000 20.62083054 22.00000000
v 16.00000000 20.64172745 23.00000000
v 16.00000000 20.66740036 24.00000000
v 16.00000000 20.68908310 25.00000000
v 16.00000000 20.69848442 26.00000000
v 16.00000000 20.69991684 27.00000000
v 16.00000000 20.70120430 28.00000000
v 16.00000000 20.71184921 29.00000000
v 16.00000000 20.72570419 30.00000000
v 16.00000000 20.74664116 31.00000000
v 16.00000000 20.76622963 32.00000000
v 16.00000000 20.77698517 33.00000000
v 16.00000000 20.77658081 34.00000000
v 16.00000000 20.76543236 35.00000000
v 16.00000000 20.75461578 36.00000000
v 16.00000000 20.74062538 37.00000000
v 16.00000000 20.72274017 38.00000000
v 16.00000000 20.70289993 39.00000000
v 16.00000000 20.67905807 40.00000000
v 16.00000000 20.65527725 41.00000000
v 16.00000000 20.64152908 42.00000000
v 16.00000000 20.63623238 43.00000000
v 16.00000000 20.66854095 44.00000000
v 16.00000000 20.86297035 45.00000000
v 16.00000000 21.00000000 45.18822861
v 16.00000000 22.00000000 17.41164017
v 16.00000000 22.00000000 45.47570801
v 16.00000000 23.00000000 17.39715576
v 16.00000000 23.00000000 45.46949387
v 16.00000000 24.00000000 17.39678001
v 16.00000000 24.00000000 45.47589874
v 16.00000000 25.00000000 17.32790184
v 16.00000000 25.00000000 45.47314453
v 16.00000000 26.00000000 17.23707008
v 16.00000000 26.00000000 45.47604370
v 16.00000000 27.00000000 17.13769341
v 16.00000000 27.00000000 45.53614044
v 16.00000000 28.00000000 17.04087257
v 16.00000000 28.00000000 45.59500504
v 16.00000000 28.32227898 17.00000000
v 16.00000000 29.00000000 16.91636467
v 16.00000000 29.00000000 45.65382004
v 16.00000000 30.00000000 16.81900215
v 16.00000000 30.00000000 45.71271896
v 16.00000000 30.50682640 17.00000000
v 16.00000000 31.00000000 17.46704865
v 15.09848118 31.00000000 26.00000000
v 16.00000000 31.00000000 25.06165886
v 16.00000000 30.96651840 26.00000000
v 16.00000000 30.93595886 27.00000000
v 16.00000000 30.90160370 28.00000000
v 16.00000000 30.87223816 29.00000000
v 16.00000000 30.86160851 30.00000000
v 16.00000000 30.89210320 31.00000000
v 16.00000000 30.98391151 32.00000000
v 16.00000000 31.00000000 32.16691971
v 16.00000000 31.00000000 45.82020569
v 16.00000000 31.16181183 18.00000000
v 16.00000000 31.23762703 19.00000000
v 16.00000000 31.23577690 20.00000000
v 16.00000000 31.20022774 21.00000000
v 16.00000000 31.15869713 22.00000000
v 16.00000000 31.10112762 23.00000000
v 16.00000000 31.04162216 24.00000000
v 16.00000000 31.00240898 25.00000000
v 16.00000000 31.26745605 33.00000000
v 16.00000000 31.86944580 34.00000000
v 16.00000000 32.00000000 34.11955643
v 16.00000000 32.00000000 45.91651154
v 16.00000000 32.49174881 34.00000000
v 16.00000000 33.00000000 33.89766312
v 16.00000000 33.00000000 45.98190689
v 16.00000000 34.00000000 33.62043381
v 16.00000000 33.36885452 46.00000000
v 16.00000000 34.00000000 46.02614212
v 16.00000000 35.00000000 33.54987717
v 16.00000000 35.00000000 46.07743835
v 16.00000000 36.00000000 33.66728210
v 16.00000000 36.00000000 46.08729553
v 16.00000000 37.00000000 33.92260361
v 16.00000000 37.00000000 46.04298401
v 16.00000000 37.27700806 34.00000000
v 16.00000000 38.00000000 34.31480408
v 16.00000000 38.00000000 45.90723801
v 16.00000000 37.39822769 46.00000000
v 16.00000000 39.00000000 34.92841339
v 16.00000000 39.00000000 45.70829773
v 16.00000000 39.08945847 35.00000000
v 16.00000000 40.00000000 35.48658752
v 16.00000000 40.00000000 45.38054657
v 16.00000000 40.83261871 36.00000000
v 16.00000000 41.00000000 36.13238907
v 16.00000000 41.00000000 44.16483688
v 16.00000000 40.45651627 45.00000000
v 16.00000000 41.60297775 37.00000000
v 16.00000000 41.85119247 38.00000000
v 16.00000000 41.83993149 39.00000000
v 16.00000000 41.81362152 40.00000000
v 16.00000000 41.71860886 41.00000000
v 16.00000000 41.57091522 42.00000000
v 16.00000000 41.39023972 43.00000000
v 16.00000000 41.07361603 44.00000000
v 17.00000000 20.96638870 18.00000000
v 17.00000000 21.00000000 17.95311737
v 17.00000000 20.67591476 19.00000000
v 17.00000000 20.61664963 20.00000000
v 17.00000000 20.61540604 21.00000000
v 17.00000000 20.62197113 22.00000000
v 17.00000000 20.63946724 23.00000000
v 17.00000000 20.66594887 24.00000000
v 17.00000000 20.68681526 25.00000000
v 17.00000000 20.69717026 26.00000000
v 17.00000000 20.69927406 27.00000000
v 17.00000000 20.69876480 28.00000000
v 17.00000000 20.70709038 29.00000000
v 17.00000000 20.72004318 30.00000000
v 17.00000000 20.74232101 31.00000000
v 17.00000000 20.76359558 32.00000000
v 17.00000000 20.77895164 33.00000000
v 17.00000000 20.77960968 34.00000000
v 17.00000000 20.76903725 35.00000000
v 17.00000000 20.75687981 36.00000000
v 17.00000000 20.74311829 37.00000000
v 17.00000000 20.72592354 38.00000000
v 17.00000000 20.70665359 39.00000000
v 17.00000000 20.68342400 40.00000000
v 17.00000000 20.65933418 41.00000000
v 17.00000000 20.64529800 42.00000000
v 17.00000000 20.64062691 43.00000000
v 17.00000000 20.67296219 44.00000000
v 17.00000000 20.86651611 45.00000000
v 17.00000000 21.00000000 45.18423080
v 17.00000000 22.00000000 17.39693069
v 17.00000000 22.00000000 45.47802353
v 17.00000000 23.00000000 17.37587738
v 17.00000000 23.00000000 45.47261810
v 17.00000000 24.00000000 17.37693977
v 17.00000000 24.00000000 45.48103333
v 17.00000000 25.00000000 17.30811310
v 17.00000000 25.00000000 45.47700500
v 17.00000000 26.00000000 17.21446037
v 17.00000000 26.00000000 45.48770142
v 17.00000000 27.00000000 17.12024117
v 17.00000000 27.00000000 45.55195999
v 17.00000000 28.00000000 17.02459908
v 17.00000000 28.00000000 45.61613464
v 17.00000000 28.19093132 17.00000000
v 17.00000000 29.00000000 16.89402199
v 17.00000000 29.00000000 45.67646408
v 17.00000000 30.00000000 16.78464317
v 17.00000000 30.00000000 45.72665405
v 17.00000000 30.54669571 17.00000000
v 17.00000000 31.00000000 17.48252678
v 16.09667206 31.00000000 25.00000000
v 17.00000000 31.00000000 24.49412155
v 17.00000000 30.97937393 25.00000000
v 17.00000000 30.94610596 26.00000000
v 17.00000000 30.91592598 27.00000000
v 17.00000000 30.87976646 28.00000000
v 17.00000000 30.85733032 29.00000000
v 17.00000000 30.84611702 30.00000000
v 17.00000000 30.88221359 31.00000000
v 17.00000000 30.97370148 32.00000000
v 17.00000000 31.00000000 32.24971771
v 17.00000000 31.00000000 45.82643509
v 17.00000000 31.13925934 18.00000000
v 17.00000000 31.19780159 19.00000000
v 17.00000000 31.19489861 20.00000000
v 17.00000000 31.16633224 21.00000000
v 17.00000000 31.12858200 22.00000000
v 17.00000000 31.07547951 23.00000000
v 17.00000000 31.02077293 24.00000000
v 17.00000000 31.23711395 33.00000000
v 17.00000000 31.86059570 34.00000000
v 17.00000000 32.00000000 34.11924362
v 17.00000000 32.00000000 45.92501831
v 17.00000000 32.43889999 34.00000000
v 17.00000000 33.00000000 33.88603592
v 17.00000000 33.00000000 45.98917770
v 17.00000000 34.00000000 33.64448929
v 17.00000000 33.25738907 46.00000000
v 17.00000000 34.00000000 46.02659607
v 17.00000000 35.00000000 33.59000015
v 17.00000000 35.00000000 46.06743622
v 17.00000000 36.00000000 33.69906998
v 17.00000000 36.00000000 46.08169556
v 17.00000000 37.00000000 33.93236542
v 17.00000000 37.00000000 46.03816223
v 17.00000000 37.22674179 34.00000000
v 17.00000000 38.00000000 34.35363770
v 17.00000000 38.00000000 45.90071869
v 17.00000000 37.35271454 46.00000000
v 17.00000000 39.00000000 34.91838455
v 17.00000000 39.00000000 45.70797729
v 17.00000000 39.11344528 35.00000000
v 17.00000000 40.00000000 35.45884705
v 17.00000000 40.00000000 45.38902283
v 17.00000000 40.90303040 36.00000000
v 17.00000000 41.00000000 36.07526398
v 17.00000000 41.00000000 44.16646576
v 17.00000000 40.46339035 45.00000000
v 17.00000000 41.63912201 37.00000000
v 17.00000000 41.88333893 38.00000000
v 17.00000000 41.86875916 39.00000000
v 17.00000000 41.82477951 40.00000000
v 17.00000000 41.73271942 41.00000000
v 17.00000000 41.57968903 42.00000000
v 17.00000000 41.39539719 43.00000000
v 17.00000000 41.07517624 44.00000000
v 18.00000000 20.96390152 18.00000000
v 18.00000000 21.00000000 17.94873428
v 18.00000000 20.67781639 19.00000000
v 18.00000000 20.61743164 20.00000000
v 18.00000000 20.61272812 21.00000000
v 18.00000000 20.61685371 22.00000000
v 18.00000000 20.63224411 23.00000000
v 18.00000000 20.66073799 24.00000000
v 18.00000000 20.68342781 25.00000000
v 18.00000000 20.69552040 26.00000000
v 18.00000000 20.69865227 27.00000000
v 18.00000000 20.69962883 28.00000000
v 18.00000000 20.70426750 29.00000000
v 18.00000000 20.71573448 30.00000000
v 18.00000000 20.73887444 31.00000000
v 18.00000000 20.75902367 32.00000000
v 18.00000000 20.77712059 33.00000000
v 18.00000000 20.78278160 34.00000000
v 18.00000000 20.77305412 35.00000000
v 18.00000000 20.75879860 36.00000000
v 18.00000000 20.74480057 37.00000000
v 18.00000000 20.72882271 38.00000000
v 18.00000000 20.71002007 39.00000000
v 18.00000000 20.68634415 40.00000000
v 18.00000000 20.66373444 41.00000000
v 18.00000000 20.64883041 42.00000000
v 18.00000000 20.64535141 43.00000000
v 18.00000000 20.67833328 44.00000000
v 18.00000000 20.87044334 45.00000000
v 18.00000000 21.00000000 45.18053436
v 18.00000000 22.00000000 17.38239861
v 18.00000000 22.00000000 45.48114014
v 18.00000000 23.00000000 17.35595512
v 18.00000000 23.00000000 45.48108292
v 18.00000000 24.00000000 17.35666466
v 18.00000000 24.00000000 45.48930740
v 18.00000000 25.00000000 17.28498459
v 18.00000000 25.00000000 45.48612595
v 18.00000000 26.00000000 17.19326782
v 18.00000000 26.00000000 45.50569534
v 18.00000000 27.00000000 17.10488510
v 18.00000000 27.00000000 45.57039642
v 18.00000000 28.00000000 17.01310539
v 18.00000000 28.00000000 45.63829422
v 18.00000000 28.09832001 17.00000000
v 18.00000000 29.00000000 16.87439728
v 18.00000000 29.00000000 45.69987106
v 18.00000000 30.00000000 16.75479317
v 18.00000000 30.00000000 45.74227524
v 18.00000000 30.56578636 17.00000000
v 18.00000000 31.00000000 17.51714516
v 18.00000000 31.00000000 24.07751465
v 18.00000000 30.95943832 25.00000000
v 18.00000000 30.92933464 26.00000000
v 18.00000000 30.90296173 27.00000000
v 18.00000000 30.86744499 28.00000000
v 18.00000000 30.84561920 29.00000000
v 18.00000000 30.83650208 30.00000000
v 18.00000000 30.87501907 31.00000000
v 18.00000000 30.96691513 32.00000000
v 18.00000000 31.00000000 32.30061340
v 18.00000000 31.00000000 45.83500290
v 18.00000000 31.11911964 18.00000000
v 18.00000000 31.17447090 19.00000000
v 18.00000000 31.17980576 20.00000000
v 18.00000000 31.15452766 21.00000000
v 18.00000000 31.11926270 22.00000000
v 18.00000000 31.06528282 23.00000000
v 18.00000000 31.00341415 24.00000000
v 18.00000000 31.21474457 33.00000000
v 18.00000000 31.83674812 34.00000000
v 18.00000000 32.00000000 34.13415527
v 18.00000000 32.00000000 45.93407822
v 18.00000000 32.42640686 34.00000000
v 18.00000000 33.00000000 33.87974167
v 18.00000000 33.00000000 45.99987793
v 18.00000000 34.00000000 33.66315460
v 18.00000000 33.00360107 46.00000000
v 18.00000000 34.00000000 46.02931213
v 18.00000000 35.00000000 33.59700394
v 18.00000000 35.00000000 46.06369019
v 18.00000000 36.00000000 33.71227646
v 18.00000000 36.00000000 46.07719803
v 18.00000000 37.00000000 33.93962479
v 18.00000000 37.00000000 46.03399277
v 18.00000000 37.21036148 34.00000000
v 18.00000000 38.00000000 34.34674835
v 18.00000000 38.00000000 45.89309692
v 18.00000000 37.30864716 46.00000000
v 18.00000000 39.00000000 34.89015198
v 18.00000000 39.00000000 45.70406723
v 18.00000000 39.15954590 35.00000000
v 18.00000000 40.00000000 35.43370056
v 18.00000000 40.00000000 45.38836670
v 18.00000000 40.96823883 36.00000000
v 18.00000000 41.00000000 36.02420807
v 18.00000000 41.00000000 44.16217041
v 18.00000000 40.46112823 45.00000000
v 18.00000000 41.67000198 37.00000000
v 18.00000000 41.91069794 38.00000000
v 18.00000000 41.89244080 39.00000000
v 18.00000000 41.83934402 40.00000000
v 18.00000000 41.74433899 41.00000000
v 18.00000000 41.58577728 42.00000000
v 18.00000000 41.39971542 43.00000000
v 18.00000000 41.07418823 44.00000000
v 19.00000000 20.96120644 18.00000000
v 19.00000000 21.00000000 17.94437981
v 19.00000000 20.67602539 19.00000000
v 19.00000000 20.61417198 20.00000000
v 19.00000000 20.60863495 21.00000000
v 19.00000000 20.61098671 22.00000000
v 19.00000000 20.62649536 23.00000000
v 19.00000000 20.65586853 24.00000000
v 19.00000000 20.67941856 25.00000000
v 19.00000000 20.69562721 26.00000000
v 19.00000000 20.69776726 27.00000000
v 19.00000000 20.69861221 28.00000000
v 19.00000000 20.70302582 29.00000000
v 19.00000000 20.71206856 30.00000000
v 19.00000000 20.73538208 31.00000000
v 19.00000000 20.75510406 32.00000000
v 19.00000000 20.77357674 33.00000000
v 19.00000000 20.78122902 34.00000000
v 19.00000000 20.77682114 35.00000000
v 19.00000000 20.76132584 36.00000000
v 19.00000000 20.74605370 37.00000000
v 19.00000000 20.73213005 38.00000000
v 19.00000000 20.71412277 39.00000000
v 19.00000000 20.69054794 40.00000000
v 19.00000000 20.66982841 41.00000000
v 19.00000000 20.65460777 42.00000000
v 19.00000000 20.65118980 43.00000000
v 19.00000000 20.68211937 44.00000000
v 19.00000000 20.87039185 45.00000000
v 19.00000000 21.00000000 45.18286133
v 19.00000000 22.00000000 17.37476158
v 19.00000000 22.00000000 45.48785782
v 19.00000000 23.00000000 17.34861374
v 19.00000000 23.00000000 45.49435043
v 19.00000000 24.00000000 17.34950256
v 19.00000000 24.00000000 45.49874878
v 19.00000000 25.00000000 17.27612114
v 19.00000000 25.00000000 45.49507141
v 19.00000000 26.00000000 17.19031525
v 19.00000000 26.00000000 45.52435684
v 19.00000000 27.00000000 17.10456848
v 19.00000000 27.00000000 45.58969116
v 19.00000000 28.00000000 17.01431274
v 19.00000000 28.00000000 45.66124344
v 19.00000000 28.10336876 17.00000000
v 19.00000000 29.00000000 16.86946487
v 19.00000000 29.00000000 45.72191620
v 19.00000000 30.00000000 16.74184418
v 19.00000000 30.00000000 45.76079559
v 19.00000000 30.56942558 17.00000000
v 19.00000000 31.00000000 17.53412437
v 18.18850136 31.00000000 24.00000000
v 19.00000000 31.00000000 23.77124596
v 19.00000000 30.98556900 24.00000000
v 19.00000000 30.94533348 25.00000000
v 19.00000000 30.91685677 26.00000000
v 19.00000000 30.88952637 27.00000000
v 19.00000000 30.85313034 28.00000000
v 19.00000000 30.83304787 29.00000000
v 19.00000000 30.82765007 30.00000000
v 19.00000000 30.86626244 31.00000000
v 19.00000000 30.96183395 32.00000000
v 19.00000000 31.00000000 32.32961273
v 19.00000000 31.00000000 45.84584045
v 19.00000000 31.11241722 18.00000000
v 19.00000000 31.16798401 19.00000000
v 19.00000000 31.17537498 20.00000000
v 19.00000000 31.14954948 21.00000000
v 19.00000000 31.10874748 22.00000000
v 19.00000000 31.04960442 23.00000000
v 19.00000000 31.20857048 33.00000000
v 19.00000000 31.83645821 34.00000000
v 19.00000000 32.00000000 34.13227081
v 19.00000000 32.00000000 45.94398499
v 19.00000000 32.41398621 34.00000000
v 19.00000000 33.00000000 33.87871170
v 19.00000000 32.85394669 46.00000000
v 18.01241684 33.00000000 46.00000000
v 19.00000000 33.00000000 46.00827789
v 19.00000000 34.00000000 33.66252136
v 19.00000000 34.00000000 46.03253174
v 19.00000000 35.00000000 33.59228134
v 19.00000000 35.00000000 46.06073761
v 19.00000000 36.00000000 33.70625305
v 19.00000000 36.00000000 46.07256317
v 19.00000000 37.00000000 33.93856430
v 19.00000000 37.00000000 46.02744293
v 19.00000000 37.20608139 34.00000000
v 19.00000000 38.00000000 34.34610748
v 19.00000000 38.00000000 45.88938141
v 19.00000000 37.25757217 46.00000000
v 19.00000000 39.00000000 34.85707855
v 19.00000000 39.00000000 45.70271301
v 19.00000000 39.21743774 35.00000000
v 19.00000000 40.00000000 35.40622711
v 19.00000000 40.00000000 45.38572693
v 18.62395287 41.00000000 36.00000000
v 19.00000000 41.00000000 35.98941422
v 19.00000000 41.00000000 44.13717651
v 19.00000000 40.45049286 45.00000000
v 19.00000000 41.01032639 36.00000000
v 19.00000000 41.69393539 37.00000000
v 19.00000000 41.93007278 38.00000000
v 19.00000000 41.90844345 39.00000000
v 19.00000000 41.84987259 40.00000000
v 19.00000000 41.74559021 41.00000000
v 19.00000000 41.58488464 42.00000000
v 19.00000000 41.39933777 43.00000000
v 19.00000000 41.06439972 44.00000000
v 20.00000000 20.95725250 18.00000000
v 20.00000000 21.00000000 17.93873787
v 20.00000000 20.67360306 19.00000000
v 20.00000000 20.61147308 20.00000000
v 20.00000000 20.60459328 21.00000000
v 20.00000000 20.60540581 22.00000000
v 20.00000000 20.62129021 23.00000000
v 20.00000000 20.65030861 24.00000000
v 20.00000000 20.67559433 25.00000000
v 20.00000000 20.69418907 26.00000000
v 20.00000000 20.69754601 27.00000000
v 20.00000000 20.69780731 28.00000000
v 20.00000000 20.70197105 29.00000000
v 20.00000000 20.70991707 30.00000000
v 20.00000000 20.73261261 31.00000000
v 20.00000000 20.75187492 32.00000000
v 20.00000000 20.76900864 33.00000000
v 20.00000000 20.77740479 34.00000000
v 20.00000000 20.77522087 35.00000000
v 20.00000000 20.76236153 36.00000000
v 20.00000000 20.74727821 37.00000000
v 20.00000000 20.73514366 38.00000000
v 20.00000000 20.71852684 39.00000000
v 20.00000000 20.69474411 40.00000000
v 20.00000000 20.67369461 41.00000000
v 20.00000000 20.65968704 42.00000000
v 20.00000000 20.65643311 43.00000000
v 20.00000000 20.68546295 44.00000000
v 20.00000000 20.87006950 45.00000000
v 20.00000000 21.00000000 45.18565369
v 20.00000000 22.00000000 17.37117386
v 20.00000000 22.00000000 45.49570084
v 20.00000000 23.00000000 17.33902168
v 20.00000000 23.00000000 45.50831985
v 20.00000000 24.00000000 17.34288216
v 20.00000000 24.00000000 45.50862885
v 20.00000000 25.00000000 17.27337456
v 20.00000000 25.00000000 45.50556564
v 20.00000000 26.00000000 17.18754196
v 20.00000000 26.00000000 45.54291916
v 20.00000000 27.00000000 17.10555649
v 20.00000000 27.00000000 45.61072540
v 20.00000000 28.00000000 17.01566124
v 20.00000000 28.00000000 45.68582153
v 20.00000000 28.10896301 17.00000000
v 20.00000000 29.00000000 16.86505890
v 20.00000000 29.00000000 45.74333572
v 20.00000000 30.00000000 16.72989464
v 20.00000000 30.00000000 45.78017426
v 20.00000000 30.58393288 17.00000000
v 20.00000000 31.00000000 17.53683472
v 20.00000000 31.00000000 23.53783798
v 20.00000000 30.96924400 24.00000000
v 20.00000000 30.93134117 25.00000000
v 20.00000000 30.90113831 26.00000000
v 20.00000000 30.87321281 27.00000000
v 20.00000000 30.84025764 28.00000000
v 20.00000000 30.82366562 29.00000000
v 20.00000000 30.82378960 30.00000000
v 20.00000000 30.86160278 31.00000000
v 20.00000000 30.96085548 32.00000000
v 20.00000000 31.00000000 32.32994461
v 20.00000000 31.00000000 45.85853577
v 20.00000000 31.10806084 18.00000000
v 20.00000000 31.16288567 19.00000000
v 20.00000000 31.16975784 20.00000000
v 20.00000000 31.14378929 21.00000000
v 20.00000000 31.09816742 22.00000000
v 20.00000000 31.03610802 23.00000000
v 20.00000000 31.20434761 33.00000000
v 20.00000000 31.83480835 34.00000000
v 20.00000000 32.00000000 34.13399506
v 20.00000000 32.00000000 45.95329666
v 20.00000000 32.43088150 34.00000000
v 20.00000000 33.00000000 33.88793564
v 20.00000000 32.72014618 46.00000000
v 20.00000000 33.00000000 46.01573181
v 20.00000000 34.00000000 33.66827011
v 20.00000000 34.00000000 46.03906631
v 20.00000000 35.00000000 33.59897995
v 20.00000000 35.00000000 46.06089783
v 20.00000000 36.00000000 33.69701385
v 20.00000000 36.00000000 46.06900406
v 20.00000000 37.00000000 33.92868805
v 20.00000000 37.00000000 46.01914215
v 20.00000000 37.24698639 34.00000000
v 20.00000000 38.00000000 34.31832886
v 20.00000000 38.00000000 45.88254547
v 20.00000000 37.18479538 46.00000000
v 20.00000000 39.00000000 34.82617188
v 20.00000000 39.00000000 45.69612885
v 20.00000000 39.27115250 35.00000000
v 20.00000000 40.00000000 35.38184738
v 20.00000000 40.00000000 45.38270569
v 20.00000000 41.00000000 35.95977402
v 20.00000000 41.00000000 44.11969757
v 20.00000000 40.44071960 45.00000000
v 20.00000000 41.03926468 36.00000000
v 20.00000000 41.71137619 37.00000000
v 20.00000000 41.94334793 38.00000000
v 20.00000000 41.91862106 39.00000000
v 20.00000000 41.85375214 40.00000000
v 20.00000000 41.74219894 41.00000000
v 20.00000000 41.57877731 42.00000000
v 20.00000000 41.39678574 43.00000000
v 20.00000000 41.05729675 44.00000000
v 21.00000000 20.95275879 18.00000000
v 21.00000000 21.00000000 17.93185806
v 21.00000000 20.67088509 19.00000000
v 21.00000000 20.60954285 20.00000000
v 21.00000000 20.59993744 21.00000000
v 21.00000000 20.60041428 22.00000000
v 21.00000000 20.61670303 23.00000000
v 21.00000000 20.64456367 24.00000000
v 21.00000000 20.67148399 25.00000000
v 21.00000000 20.69066620 26.00000000
v 21.00000000 20.69782829 27.00000000
v 21.00000000 20.69685936 28.00000000
v 21.00000000 20.70032883 29.00000000
v 21.00000000 20.70856476 30.00000000
v 21.00000000 20.73080635 31.00000000
v 21.00000000 20.74890327 32.00000000
v 21.00000000 20.76356888 33.00000000
v 21.00000000 20.77157402 34.00000000
v 21.00000000 20.77078819 35.00000000
v 21.00000000 20.76109886 36.00000000
v 21.00000000 20.74743652 37.00000000
v 21.00000000 20.73834610 38.00000000
v 21.00000000 20.72260666 39.00000000
v 21.00000000 20.69858360 40.00000000
v 21.00000000 20.67947197 41.00000000
v 21.00000000 20.66719055 42.00000000
v 21.00000000 20.66298676 43.00000000
v 21.00000000 20.69009209 44.00000000
v 21.00000000 20.87128448 45.00000000
v 21.00000000 21.00000000 45.18658066
v 21.00000000 22.00000000 17.36393356
v 21.00000000 22.00000000 45.50474167
v 21.00000000 23.00000000 17.32493591
v 21.00000000 23.00000000 45.52177811
v 21.00000000 24.00000000 17.33066177
v 21.00000000 24.00000000 45.51919556
v 21.00000000 25.00000000 17.26976776
v 21.00000000 25.00000000 45.51493454
v 21.00000000 26.00000000 17.18459892
v 21.00000000 26.00000000 45.56121445
v 21.00000000 27.00000000 17.10776329
v 21.00000000 27.00000000 45.63146973
v 21.00000000 28.00000000 17.01699448
v 21.00000000 28.00000000 45.70920181
v 21.00000000 28.11308289 17.00000000
v 21.00000000 29.00000000 16.85958862
v 21.00000000 29.00000000 45.76550293
v 21.00000000 30.00000000 16.71908569
v 21.00000000 30.00000000 45.80095673
v 21.00000000 30.59429169 17.00000000
v 21.00000000 31.00000000 17.53934860
v 21.00000000 31.00000000 23.30961418
v 21.00000000 30.95342445 24.00000000
v 21.00000000 30.91630554 25.00000000
v 21.00000000 30.88824272 26.00000000
v 21.00000000 30.86551666 27.00000000
v 21.00000000 30.83280945 28.00000000
v 21.00000000 30.81949043 29.00000000
v 21.00000000 30.82086945 30.00000000
v 21.00000000 30.85611916 31.00000000
v 21.00000000 30.95915222 32.00000000
v 21.00000000 31.00000000 32.33437347
v 21.00000000 31.00000000 45.87217712
v 21.00000000 31.10533714 18.00000000
v 21.00000000 31.16091347 19.00000000
v 21.00000000 31.16440582 20.00000000
v 21.00000000 31.13998795 21.00000000
v 21.00000000 31.08946228 22.00000000
v 21.00000000 31.02075005 23.00000000
v 21.00000000 31.20124817 33.00000000
v 21.00000000 31.83419609 34.00000000
v 21.00000000 32.00000000 34.13412094
v 21.00000000 32.00000000 45.96234512
v 21.00000000 32.44567108 34.00000000
v 21.00000000 33.00000000 33.89775467
v 21.00000000 32.58330917 46.00000000
v 21.00000000 33.00000000 46.02334595
v 21.00000000 34.00000000 33.69062042
v 21.00000000 34.00000000 46.04470825
v 21.00000000 35.00000000 33.61397552
v 21.00000000 35.00000000 46.05945969
v 21.00000000 36.00000000 33.69845581
v 21.00000000 36.00000000 46.06452942
v 21.00000000 37.00000000 33.91769791
v 21.00000000 37.00000000 46.01144028
v 21.00000000 37.29973984 34.00000000
v 21.00000000 38.00000000 34.28366852
v 21.00000000 38.00000000 45.87656021
v 21.00000000 37.11387634 46.00000000
v 21.00000000 39.00000000 34.77977753
v 21.00000000 39.00000000 45.68871307
v 21.00000000 39.33895111 35.00000000
v 21.00000000 40.00000000 35.35445023
v 21.00000000 40.00000000 45.37400436
v 21.00000000 41.00000000 35.93076324
v 21.00000000 41.00000000 44.09611893
v 21.00000000 40.42906189 45.00000000
v 21.00000000 41.06761551 36.00000000
v 21.00000000 41.72622681 37.00000000
v 21.00000000 41.95002365 38.00000000
v 21.00000000 41.92415619 39.00000000
v 21.00000000 41.85354996 40.00000000
v 21.00000000 41.73965454 41.00000000
v 21.00000000 41.57033539 42.00000000
v 21.00000000 41.39025879 43.00000000
v 21.00000000 41.04631424 44.00000000
v 22.00000000 20.94886971 18.00000000
v 22.00000000 21.00000000 17.92566681
v 22.00000000 20.66852760 19.00000000
v 22.00000000 20.60720825 20.00000000
v 22.00000000 20.59546089 21.00000000
v 22.00000000 20.59532928 22.00000000
v 22.00000000 20.61256599 23.00000000
v 22.00000000 20.63890076 24.00000000
v 22.00000000 20.66654968 25.00000000
v 22.00000000 20.68711662 26.00000000
v 22.00000000 20.69540215 27.00000000
v 22.00000000 20.69667816 28.00000000
v 22.00000000 20.69577217 29.00000000
v 22.00000000 20.70547104 30.00000000
v 22.00000000 20.72783852 31.00000000
v 22.00000000 20.74628258 32.00000000
v 22.00000000 20.75969505 33.00000000
v 22.00000000 20.76868629 34.00000000
v 22.00000000 20.76922989 35.00000000
v 22.00000000 20.76157951 36.00000000
v 22.00000000 20.74904060 37.00000000
v 22.00000000 20.74061966 38.00000000
v 22.00000000 20.72614670 39.00000000
v 22.00000000 20.70375061 40.00000000
v 22.00000000 20.68576813 41.00000000
v 22.00000000 20.67488480 42.00000000
v 22.00000000 20.67055321 43.00000000
v 22.00000000 20.69625473 44.00000000
v 22.00000000 20.87295532 45.00000000
v 22.00000000 21.00000000 45.18727112
v 22.00000000 22.00000000 17.35451698
v 22.00000000 22.00000000 45.51509857
v 22.00000000 23.00000000 17.31030083
v 22.00000000 23.00000000 45.53464127
v 22.00000000 24.00000000 17.31854820
v 22.00000000 24.00000000 45.52872086
v 22.00000000 25.00000000 17.26683998
v 22.00000000 25.00000000 45.52451706
v 22.00000000 26.00000000 17.18347549
v 22.00000000 26.00000000 45.57787323
v 22.00000000 27.00000000 17.10925865
v 22.00000000 27.00000000 45.65102005
v 22.00000000 28.00000000 17.01783371
v 22.00000000 28.00000000 45.73069382
v 22.00000000 28.11120796 17.00000000
v 22.00000000 29.00000000 16.85019302
v 22.00000000 29.00000000 45.78746033
v 22.00000000 30.00000000 16.70978355
v 22.00000000 30.00000000 45.82129669
v 22.00000000 30.60380173 17.00000000
v 22.00000000 31.00000000 17.53264236
v 22.00000000 31.00000000 23.14718437
v 22.00000000 30.94141579 24.00000000
v 22.00000000 30.90540695 25.00000000
v 22.00000000 30.87812424 26.00000000
v 22.00000000 30.85722923 27.00000000
v 22.00000000 30.82875824 28.00000000
v 22.00000000 30.81571007 29.00000000
v 22.00000000 30.81730843 30.00000000
v 22.00000000 30.85231018 31.00000000
v 22.00000000 30.95653343 32.00000000
v 22.00000000 31.00000000 32.34458160
v 22.00000000 31.00000000 45.88685226
v 22.00000000 31.10561371 18.00000000
v 22.00000000 31.15957260 19.00000000
v 22.00000000 31.15874481 20.00000000
v 22.00000000 31.13526344 21.00000000
v 22.00000000 31.08126640 22.00000000
v 22.00000000 31.00999832 23.00000000
v 22.00000000 31.19838142 33.00000000
v 22.00000000 31.83757210 34.00000000
v 22.00000000 32.00000000 34.13011551
v 22.00000000 32.00000000 45.97139359
v 22.00000000 32.45760727 34.00000000
v 22.00000000 33.00000000 33.90854645
v 22.00000000 32.46752167 46.00000000
v 22.00000000 33.00000000 46.02831650
v 22.00000000 34.00000000 33.71350861
v 22.00000000 34.00000000 46.04715347
v 22.00000000 35.00000000 33.62697983
v 22.00000000 35.00000000 46.05695343
v 22.00000000 36.00000000 33.70190048
v 22.00000000 36.00000000 46.05986023
v 22.00000000 37.00000000 33.91785431
v 22.00000000 37.00000000 46.00678635
v 22.00000000 37.31518173 34.00000000
v 22.00000000 38.00000000 34.26313400
v 22.00000000 38.00000000 45.87015915
v 22.00000000 37.06760025 46.00000000
v 22.00000000 39.00000000 34.73954391
v 22.00000000 39.00000000 45.68046570
v 22.00000000 39.40150070 35.00000000
v 22.00000000 40.00000000 35.32174683
v 22.00000000 40.00000000 45.36458969
v 22.00000000 41.00000000 35.90209198
v 22.00000000 41.00000000 44.07052231
v 22.00000000 40.41560745 45.00000000
v 22.00000000 41.09538269 36.00000000
v 22.00000000 41.74074554 37.00000000
v 22.00000000 41.95686340 38.00000000
v 22.00000000 41.92892456 39.00000000
v 22.00000000 41.85594177 40.00000000
v 22.00000000 41.73746872 41.00000000
v 22.00000000 41.56085205 42.00000000
v 22.00000000 41.38146210 43.00000000
v 22.00000000 41.03404999 44.00000000
v 23.00000000 20.94357872 18.00000000
v 23.00000000 21.00000000 17.91690445
v 23.00000000 20.66755486 19.00000000
v 23.00000000 20.60490036 20.00000000
v 23.00000000 20.59222603 21.00000000
v 23.00000000 20.59213829 22.00000000
v 23.00000000 20.60832405 23.00000000
v 23.00000000 20.63459206 24.00000000
v 23.00000000 20.66180611 25.00000000
v 23.00000000 20.68138123 26.00000000
v 23.00000000 20.69187355 27.00000000
v 23.00000000 20.69535828 28.00000000
v 23.00000000 20.69417191 29.00000000
v 23.00000000 20.70622444 30.00000000
v 23.00000000 20.72957420 31.00000000
v 23.00000000 20.74796104 32.00000000
v 23.00000000 20.75991440 33.00000000
v 23.00000000 20.76741409 34.00000000
v 23.00000000 20.76780891 35.00000000
v 23.00000000 20.76269341 36.00000000
v 23.00000000 20.75053596 37.00000000
v 23.00000000 20.74294853 38.00000000
v 23.00000000 20.72743225 39.00000000
v 23.00000000 20.70840073 40.00000000
v 23.00000000 20.69197845 41.00000000
v 23.00000000 20.68286324 42.00000000
v 23.00000000 20.67784882 43.00000000
v 23.00000000 20.70286560 44.00000000
v 23.00000000 20.87530708 45.00000000
v 23.00000000 21.00000000 45.18720245
v 23.00000000 22.00000000 17.34580421
v 23.00000000 22.00000000 45.52627945
v 23.00000000 23.00000000 17.29641914
v 23.00000000 23.00000000 45.54806519
v 23.00000000 24.00000000 17.30494499
v 23.00000000 24.00000000 45.53817749
v 23.00000000 25.00000000 17.26238060
v 23.00000000 25.00000000 45.53594208
v 23.00000000 26.00000000 17.18356133
v 23.00000000 26.00000000 45.59294128
v 23.00000000 27.00000000 17.11000061
v 23.00000000 27.00000000 45.67004395
v 23.00000000 28.00000000 17.01525879
v 23.00000000 28.00000000 45.75016022
v 23.00000000 28.09164619 17.00000000
v 23.00000000 29.00000000 16.84250450
v 23.00000000 29.00000000 45.80747986
v 23.00000000 30.00000000 16.70448112
v 23.00000000 30.00000000 45.83794785
v 23.00000000 30.61174202 17.00000000
v 23.00000000 31.00000000 17.52436256
v 22.94695473 31.00000000 23.00000000
v 23.00000000 31.00000000 22.99245834
v 23.00000000 30.99942207 23.00000000
v 23.00000000 30.92906380 24.00000000
v 23.00000000 30.89463997 25.00000000
v 23.00000000 30.86824799 26.00000000
v 23.00000000 30.84953880 27.00000000
v 23.00000000 30.82557297 28.00000000
v 23.00000000 30.81328964 29.00000000
v 23.00000000 30.81316566 30.00000000
v 23.00000000 30.85023308 31.00000000
v 23.00000000 30.95412827 32.00000000
v 23.00000000 31.00000000 32.36173248
v 23.00000000 31.00000000 45.89939880
v 23.00000000 31.10648155 18.00000000
v 23.00000000 31.15996361 19.00000000
v 23.00000000 31.15848160 20.00000000
v 23.00000000 31.13352203 21.00000000
v 23.00000000 31.07609940 22.00000000
v 23.00000000 31.19078827 33.00000000
v 23.00000000 31.84035873 34.00000000
v 23.00000000 32.00000000 34.12635040
v 23.00000000 32.00000000 45.98189163
v 23.00000000 32.46558762 34.00000000
v 23.00000000 33.00000000 33.91654968
v 23.00000000 32.33573151 46.00000000
v 23.00000000 33.00000000 46.03108597
v 23.00000000 34.00000000 33.73935318
v 23.00000000 34.00000000 46.04928589
v 23.00000000 35.00000000 33.64395523
v 23.00000000 35.00000000 46.05460358
v 23.00000000 36.00000000 33.70720291
v 23.00000000 36.00000000 46.05568314
v 23.00000000 37.00000000 33.92115402
v 23.00000000 37.00000000 46.00253677
v 23.00000000 37.31088638 34.00000000
v 23.00000000 38.00000000 34.25506973
v 23.00000000 38.00000000 45.86386490
v 23.00000000 37.02518082 46.00000000
v 23.00000000 39.00000000 34.71282196
v 23.00000000 39.00000000 45.67185211
v 23.00000000 39.44879913 35.00000000
v 23.00000000 40.00000000 35.29070663
v 23.00000000 40.00000000 45.35405350
v 23.00000000 41.00000000 35.87426376
v 23.00000000 41.00000000 44.03688049
v 23.00000000 40.39979172 45.00000000
v 23.00000000 41.12200928 36.00000000
v 23.00000000 41.75708008 37.00000000
v 23.00000000 41.96627808 38.00000000
v 23.00000000 41.93230057 39.00000000
v 23.00000000 41.85493088 40.00000000
v 23.00000000 41.73006821 41.00000000
v 23.00000000 41.55181503 42.00000000
v 23.00000000 41.36862183 43.00000000
v 23.00000000 41.01782990 44.00000000
v 24.00000000 20.93974686 18.00000000
v 24.00000000 21.00000000 17.90995979
v 24.00000000 20.66637802 19.00000000
v 24.00000000 20.60384750 20.00000000
v 24.00000000 20.58974457 21.00000000
v 24.00000000 20.58925438 22.00000000
v 24.00000000 20.60497284 23.00000000
v 24.00000000 20.63018227 24.00000000
v 24.00000000 20.65752220 25.00000000
v 24.00000000 20.67643547 26.00000000
v 24.00000000 20.68899536 27.00000000
v 24.00000000 20.69273376 28.00000000
v 24.00000000 20.69680405 29.00000000
v 24.00000000 20.71141624 30.00000000
v 24.00000000 20.73275757 31.00000000
v 24.00000000 20.75083923 32.00000000
v 24.00000000 20.76131248 33.00000000
v 24.00000000 20.76726341 34.00000000
v 24.00000000 20.76774406 35.00000000
v 24.00000000 20.76443481 36.00000000
v 24.00000000 20.75169182 37.00000000
v 24.00000000 20.74445915 38.00000000
v 24.00000000 20.72937775 39.00000000
v 24.00000000 20.71186829 40.00000000
v 24.00000000 20.69686317 41.00000000
v 24.00000000 20.68973923 42.00000000
v 24.00000000 20.68469620 43.00000000
v 24.00000000 20.70899391 44.00000000
v 24.00000000 20.87886238 45.00000000
v 24.00000000 21.00000000 45.18507767
v 24.00000000 22.00000000 17.33635902
v 24.00000000 22.00000000 45.53976440
v 24.00000000 23.00000000 17.28311157
v 24.00000000 23.00000000 45.56093979
v 24.00000000 24.00000000 17.29194069
v 24.00000000 24.00000000 45.54849625
v 24.00000000 25.00000000 17.25791550
v 24.00000000 25.00000000 45.54661560
v 24.00000000 26.00000000 17.18320084
v 24.00000000 26.00000000 45.60554123
v 24.00000000 27.00000000 17.11094856
v 24.00000000 27.00000000 45.68593216
v 24.00000000 28.00000000 17.01494598
v 24.00000000 28.00000000 45.76512909
v 24.00000000 28.08634567 17.00000000
v 24.00000000 29.00000000 16.83640671
v 24.00000000 29.00000000 45.82522964
v 24.00000000 30.00000000 16.69837570
v 24.00000000 30.00000000 45.85285568
v 24.00000000 30.62574196 17.00000000
v 24.00000000 31.00000000 17.50709724
v 24.00000000 31.00000000 22.85505486
v 24.00000000 30.98826981 23.00000000
v 24.00000000 30.91656303 24.00000000
v 24.00000000 30.88317680 25.00000000
v 24.00000000 30.86101913 26.00000000
v 24.00000000 30.84333420 27.00000000
v 24.00000000 30.82339859 28.00000000
v 24.00000000 30.81159019 29.00000000
v 24.00000000 30.80908775 30.00000000
v 24.00000000 30.84760666 31.00000000
v 24.00000000 30.95169449 32.00000000
v 24.00000000 31.00000000 32.38049698
v 24.00000000 31.00000000 45.91349792
v 24.00000000 31.10934448 18.00000000
v 24.00000000 31.16207886 19.00000000
v 24.00000000 31.15982056 20.00000000
v 24.00000000 31.12800026 21.00000000
v 24.00000000 31.06914330 22.00000000
v 24.00000000 31.18372345 33.00000000
v 24.00000000 31.83246613 34.00000000
v 24.00000000 32.00000000 34.13101578
v 24.00000000 32.00000000 45.99065018
v 24.00000000 32.50077438 34.00000000
v 24.00000000 33.00000000 33.92582321
v 24.00000000 32.19477844 46.00000000
v 24.00000000 33.00000000 46.03347778
v 24.00000000 34.00000000 33.76424789
v 24.00000000 34.00000000 46.05186844
v 24.00000000 35.00000000 33.66434097
v 24.00000000 35.00000000 46.05229568
v 24.00000000 36.00000000 33.71542740
v 24.00000000 36.00000000 46.05435181
v 24.00000000 37.00000000 33.92391968
v 23.65944290 37.00000000 46.00000000
v 24.00000000 37.00000000 45.99822617
v 24.00000000 36.97706985 46.00000000
v 24.00000000 37.30592728 34.00000000
v 24.00000000 38.00000000 34.25144196
v 24.00000000 38.00000000 45.85993195
v 24.00000000 39.00000000 34.69240189
v 24.00000000 39.00000000 45.66294861
v 24.00000000 39.49581528 35.00000000
v 24.00000000 40.00000000 35.26309586
v 24.00000000 40.00000000 45.34299850
v 24.00000000 41.00000000 35.84681702
v 24.00000000 41.00000000 44.00191116
v 24.00000000 40.38460541 45.00000000
v 24.00000000 41.14813995 36.00000000
v 24.00000000 41.77319336 37.00000000
v 24.00000000 41.97405243 38.00000000
v 24.00000000 41.93606567 39.00000000
v 24.00000000 41.85657120 40.00000000
v 24.00000000 41.72359848 41.00000000
v 24.00000000 41.54200363 42.00000000
v 24.00000000 41.35459900 43.00000000
v 24.00000000 41.00092316 44.00000000
v 25.00000000 20.93463326 18.00000000
v 25.00000000 21.00000000 17.90074921
v 25.00000000 20.66395950 19.00000000
v 25.00000000 20.60116005 20.00000000
v 25.00000000 20.58734512 21.00000000
v 25.00000000 20.58811188 22.00000000
v 25.00000000 20.60291100 23.00000000
v 25.00000000 20.62828827 24.00000000
v 25.00000000 20.65474319 25.00000000
v 25.00000000 20.67339516 26.00000000
v 25.00000000 20.68594933 27.00000000
v 25.00000000 20.69154739 28.00000000
v 25.00000000 20.69883156 29.00000000
v 25.00000000 20.71614647 30.00000000
v 25.00000000 20.73670578 31.00000000
v 25.00000000 20.75395584 32.00000000
v 25.00000000 20.76234436 33.00000000
v 25.00000000 20.76791382 34.00000000
v 25.00000000 20.76825523 35.00000000
v 25.00000000 20.76582909 36.00000000
v 25.00000000 20.75317383 37.00000000
v 25.00000000 20.74485970 38.00000000
v 25.00000000 20.73151016 39.00000000
v 25.00000000 20.71596146 40.00000000
v 25.00000000 20.70011520 41.00000000
v 25.00000000 20.69363403 42.00000000
v 25.00000000 20.69102859 43.00000000
v 25.00000000 20.71503830 44.00000000
v 25.00000000 20.88312340 45.00000000
v 25.00000000 21.00000000 45.18161392
v 25.00000000 22.00000000 17.32533646
v 25.00000000 22.00000000 45.55242157
v 25.00000000 23.00000000 17.26925850
v 25.00000000 23.00000000 45.57192612
v 25.00000000 24.00000000 17.28098106
v 25.00000000 24.00000000 45.55749512
v 25.00000000 25.00000000 17.25135612
v 25.00000000 25.00000000 45.55583191
v 25.00000000 26.00000000 17.18280220
v 25.00000000 26.00000000 45.61610031
v 25.00000000 27.00000000 17.11382675
v 25.00000000 27.00000000 45.69808197
v 25.00000000 28.00000000 17.01129150
v 25.00000000 28.00000000 45.77853012
v 25.00000000 28.06456184 17.00000000
v 25.00000000 29.00000000 16.83144188
v 25.00000000 29.00000000 45.83966064
v 25.00000000 30.00000000 16.69335556
v 25.00000000 30.00000000 45.86618805
v 25.00000000 30.63633347 17.00000000
v 25.00000000 31.00000000 17.49263191
v 25.00000000 31.00000000 22.73379898
v 25.00000000 30.97763443 23.00000000
v 25.00000000 30.90631104 24.00000000
v 25.00000000 30.87145233 25.00000000
v 25.00000000 30.85345268 26.00000000
v 25.00000000 30.83898544 27.00000000
v 25.00000000 30.82128143 28.00000000
v 25.00000000 30.80915451 29.00000000
v 25.00000000 30.80592918 30.00000000
v 25.00000000 30.84509087 31.00000000
v 25.00000000 30.94710732 32.00000000
v 25.00000000 31.00000000 32.41369629
v 25.00000000 31.00000000 45.92580795
v 25.00000000 31.11204720 18.00000000
v 25.00000000 31.16333771 19.00000000
v 25.00000000 31.15644073 20.00000000
v 25.00000000 31.12056351 21.00000000
v 25.00000000 31.06122398 22.00000000
v 25.00000000 31.17440033 33.00000000
v 25.00000000 31.82113838 34.00000000
v 25.00000000 32.00000000 34.13903427
v 25.00000000 31.97866249 46.00000000
v 24.85195732 32.00000000 46.00000000
v 25.00000000 32.00000000 46.00138474
v 25.00000000 32.55524826 34.00000000
v 25.00000000 33.00000000 33.93693924
v 25.00000000 33.00000000 46.03554535
v 25.00000000 34.00000000 33.78854370
v 25.00000000 34.00000000 46.05387115
v 25.00000000 35.00000000 33.68421936
v 25.00000000 35.00000000 46.05284500
v 25.00000000 36.00000000 33.72847748
v 25.00000000 36.00000000 46.05389786
v 25.00000000 37.00000000 33.92367172
v 25.00000000 37.00000000 45.99472046
v 25.00000000 36.93414688 46.00000000
v 25.00000000 37.30799484 34.00000000
v 25.00000000 38.00000000 34.24897766
v 25.00000000 38.00000000 45.85585022
v 25.00000000 39.00000000 34.67206192
v 25.00000000 39.00000000 45.65380859
v 25.00000000 39.53229523 35.00000000
v 25.00000000 40.00000000 35.24584579
v 25.00000000 40.00000000 45.33065796
v 25.00000000 41.00000000 35.82386017
v 24.05703926 41.00000000 44.00000000
v 25.00000000 41.00000000 43.96259689
v 25.00000000 40.98141479 44.00000000
v 25.00000000 40.36903381 45.00000000
v 25.00000000 41.16968155 36.00000000
v 25.00000000 41.78713608 37.00000000
v 25.00000000 41.97931671 38.00000000
v 25.00000000 41.94072342 39.00000000
v 25.00000000 41.85659027 40.00000000
v 25.00000000 41.72078705 41.00000000
v 25.00000000 41.53627396 42.00000000
v 25.00000000 41.34404373 43.00000000
v 26.00000000 20.92685318 18.00000000
v 26.00000000 21.00000000 17.88761902
v 26.00000000 20.66037560 19.00000000
v 26.00000000 20.59826088 20.00000000
v 26.00000000 20.58600235 21.00000000
v 26.00000000 20.58712578 22.00000000
v 26.00000000 20.60268021 23.00000000
v 26.00000000 20.62672806 24.00000000
v 26.00000000 20.65181923 25.00000000
v 26.00000000 20.67112923 26.00000000
v 26.00000000 20.68165016 27.00000000
v 26.00000000 20.68887901 28.00000000
v 26.00000000 20.70041656 29.00000000
v 26.00000000 20.71948814 30.00000000
v 26.00000000 20.74130058 31.00000000
v 26.00000000 20.75702858 32.00000000
v 26.00000000 20.76437187 33.00000000
v 26.00000000 20.76925087 34.00000000
v 26.00000000 20.77003288 35.00000000
v 26.00000000 20.76639366 36.00000000
v 26.00000000 20.75529671 37.00000000
v 26.00000000 20.74594307 38.00000000
v 26.00000000 20.73318863 39.00000000
v 26.00000000 20.72015190 40.00000000
v 26.00000000 20.70374680 41.00000000
v 26.00000000 20.69756317 42.00000000
v 26.00000000 20.69586372 43.00000000
v 26.00000000 20.71969604 44.00000000
v 26.00000000 20.88879585 45.00000000
v 26.00000000 21.00000000 45.17612839
v 26.00000000 22.00000000 17.31090546
v 26.00000000 22.00000000 45.56279373
v 26.00000000 23.00000000 17.25589371
v 26.00000000 23.00000000 45.58142090
v 26.00000000 24.00000000 17.27069092
v 26.00000000 24.00000000 45.56593704
v 26.00000000 25.00000000 17.24751854
v 26.00000000 25.00000000 45.56450653
v 26.00000000 26.00000000 17.18356133
v 26.00000000 26.00000000 45.62518692
v 26.00000000 27.00000000 17.11372566
v 26.00000000 27.00000000 45.70685196
v 26.00000000 28.00000000 17.00874901
v 26.00000000 28.00000000 45.79097748
v 26.00000000 28.04965782 17.00000000
v 26.00000000 29.00000000 16.82733536
v 26.00000000 29.00000000 45.85272217
v 26.00000000 30.00000000 16.69070053
v 26.00000000 30.00000000 45.87889862
v 26.00000000 30.64367485 17.00000000
v 26.00000000 31.00000000 17.48166847
v 26.00000000 31.00000000 22.62923241
v 26.00000000 30.96885490 23.00000000
v 26.00000000 30.89593697 24.00000000
v 26.00000000 30.86099434 25.00000000
v 26.00000000 30.84793282 26.00000000
v 26.00000000 30.83468437 27.00000000
v 26.00000000 30.81879425 28.00000000
v 26.00000000 30.80545998 29.00000000
v 26.00000000 30.80432510 30.00000000
v 26.00000000 30.84331512 31.00000000
v 26.00000000 30.94310951 32.00000000
v 26.00000000 31.00000000 32.44321060
v 26.00000000 31.00000000 45.93723297
v 26.00000000 31.11396408 18.00000000
v 26.00000000 31.16222572 19.00000000
v 26.00000000 31.15222549 20.00000000
v 26.00000000 31.11668015 21.00000000
v 26.00000000 31.05186844 22.00000000
v 26.00000000 31.16583252 33.00000000
v 26.00000000 31.81149864 34.00000000
v 26.00000000 32.00000000 34.14532852
v 26.00000000 31.84389877 46.00000000
v 26.00000000 32.00000000 46.00996780
v 26.00000000 32.64079666 34.00000000
v 26.00000000 33.00000000 33.95388794
v 26.00000000 33.00000000 46.03818893
v 26.00000000 34.00000000 33.81096268
v 26.00000000 34.00000000 46.05480957
v 26.00000000 35.00000000 33.70060730
v 26.00000000 35.00000000 46.05546188
v 26.00000000 36.00000000 33.73937225
v 26.00000000 36.00000000 46.05184555
v 26.00000000 37.00000000 33.92582321
v 26.00000000 37.00000000 45.98917389
v 26.00000000 36.86898804 46.00000000
v 26.00000000 37.30610657 34.00000000
v 26.00000000 38.00000000 34.24442291
v 26.00000000 38.00000000 45.85192108
v 26.00000000 39.00000000 34.65028763
v 26.00000000 39.00000000 45.64596176
v 26.00000000 39.56068802 35.00000000
v 26.00000000 40.00000000 35.23384857
v 26.00000000 40.00000000 45.31758499
v 26.00000000 41.00000000 35.80594254
v 26.00000000 41.00000000 43.93215179
v 26.00000000 40.96612930 44.00000000
v 26.00000000 40.35382843 45.00000000
v 26.00000000 41.18691254 36.00000000
v 26.00000000 41.79428101 37.00000000
v 26.00000000 41.98274994 38.00000000
v 26.00000000 41.94576263 39.00000000
v 26.00000000 41.85768890 40.00000000
v 26.00000000 41.71797943 41.00000000
v 26.00000000 41.53219223 42.00000000
v 26.00000000 41.33684158 43.00000000
v 27.00000000 20.91872978 18.00000000
v 27.00000000 21.00000000 17.87382889
v 27.00000000 20.65677452 19.00000000
v 27.00000000 20.59673119 20.00000000
v 27.00000000 20.58692169 21.00000000
v 27.00000000 20.58819008 22.00000000
v 27.00000000 20.60343170 23.00000000
v 27.00000000 20.62589073 24.00000000
v 27.00000000 20.64878464 25.00000000
v 27.00000000 20.66859245 26.00000000
v 27.00000000 20.67780876 27.00000000
v 27.00000000 20.68717957 28.00000000
v 27.00000000 20.70052338 29.00000000
v 27.00000000 20.72146988 30.00000000
v 27.00000000 20.74444389 31.00000000
v 27.00000000 20.75880623 32.00000000
v 27.00000000 20.76669121 33.00000000
v 27.00000000 20.77149010 34.00000000
v 27.00000000 20.77202988 35.00000000
v 27.00000000 20.76699257 36.00000000
v 27.00000000 20.75772476 37.00000000
v 27.00000000 20.74887848 38.00000000
v 27.00000000 20.73573685 39.00000000
v 27.00000000 20.72188950 40.00000000
v 27.00000000 20.70602036 41.00000000
v 27.00000000 20.70126534 42.00000000
v 27.00000000 20.70087814 43.00000000
v 27.00000000 20.72387123 44.00000000
v 27.00000000 20.89320946 45.00000000
v 27.00000000 21.00000000 45.17170334
v 27.00000000 22.00000000 17.29607391
v 27.00000000 22.00000000 45.57218552
v 27.00000000 23.00000000 17.24688339
v 27.00000000 23.00000000 45.59029770
v 27.00000000 24.00000000 17.26298714
v 27.00000000 24.00000000 45.57362366
v 27.00000000 25.00000000 17.24491119
v 27.00000000 25.00000000 45.57127762
v 27.00000000 26.00000000 17.18193817
v 27.00000000 26.00000000 45.63233185
v 27.00000000 27.00000000 17.11097527
v 27.00000000 27.00000000 45.71310425
v 27.00000000 28.00000000 17.00479698
v 27.00000000 28.00000000 45.80165863
v 27.00000000 28.02752686 17.00000000
v 27.00000000 29.00000000 16.82426453
v 27.00000000 29.00000000 45.86306381
v 27.00000000 30.00000000 16.68960953
v 27.00000000 30.00000000 45.88767242
v 27.00000000 30.64643097 17.00000000
v 27.00000000 31.00000000 17.48020554
v 27.00000000 31.00000000 22.53621864
v 27.00000000 30.96012115 23.00000000
v 27.00000000 30.88678169 24.00000000
v 27.00000000 30.85295296 25.00000000
v 27.00000000 30.84297943 26.00000000
v 27.00000000 30.83100891 27.00000000
v 27.00000000 30.81623459 28.00000000
v 27.00000000 30.80110741 29.00000000
v 27.00000000 30.80349922 30.00000000
v 27.00000000 30.84066010 31.00000000
v 27.00000000 30.94014549 32.00000000
v 27.00000000 31.00000000 32.46361923
v 27.00000000 31.00000000 45.94766617
v 27.00000000 31.11349487 18.00000000
v 27.00000000 31.16086197 19.00000000
v 27.00000000 31.14838028 20.00000000
v 27.00000000 31.11227798 21.00000000
v 27.00000000 31.04485130 22.00000000
v 27.00000000 31.15943909 33.00000000
v 27.00000000 31.79412651 34.00000000
v 27.00000000 32.00000000 34.15606689
v 27.00000000 31.71866798 46.00000000
v 27.00000000 32.00000000 46.01760864
v 27.00000000 32.74788666 34.00000000
v 27.00000000 33.00000000 33.97000122
v 27.00000000 33.00000000 46.04055405
v 27.00000000 34.00000000 33.82874298
v 27.00000000 34.00000000 46.05384445
v 27.00000000 35.00000000 33.71413422
v 27.00000000 35.00000000 46.05678558
v 27.00000000 36.00000000 33.75448608
v 27.00000000 36.00000000 46.04743576
v 27.00000000 37.00000000 33.93635941
v 27.00000000 37.00000000 45.98113632
v 27.00000000 36.77537918 46.00000000
v 27.00000000 37.29224777 34.00000000
v 27.00000000 38.00000000 34.22751236
v 27.00000000 38.00000000 45.84628677
v 27.00000000 39.00000000 34.62838745
v 27.00000000 39.00000000 45.63669586
v 27.00000000 39.58791351 35.00000000
v 27.00000000 40.00000000 35.22195053
v 27.00000000 40.00000000 45.30418777
v 27.00000000 41.00000000 35.79131699
v 27.00000000 41.00000000 43.90474701
v 27.00000000 40.95230103 44.00000000
v 27.00000000 40.34108734 45.00000000
v 27.00000000 41.20020676 36.00000000
v 27.00000000 41.80072403 37.00000000
v 27.00000000 41.98529053 38.00000000
v 27.00000000 41.94873428 39.00000000
v 27.00000000 41.85820389 40.00000000
v 27.00000000 41.71452713 41.00000000
v 27.00000000 41.53050232 42.00000000
v 27.00000000 41.32927704 43.00000000
v 28.00000000 20.91263008 18.00000000
v 28.00000000 21.00000000 17.86336136
v 28.00000000 20.65534210 19.00000000
v 28.00000000 20.59774590 20.00000000
v 28.00000000 20.58940125 21.00000000
v 28.00000000 20.58939171 22.00000000
v 28.00000000 20.60245895 23.00000000
v 28.00000000 20.62431908 24.00000000
v 28.00000000 20.64609146 25.00000000
v 28.00000000 20.66459084 26.00000000
v 28.00000000 20.67448807 27.00000000
v 28.00000000 20.68575859 28.00000000
v 28.00000000 20.69959450 29.00000000
v 28.00000000 20.72242546 30.00000000
v 28.00000000 20.74522209 31.00000000
v 28.00000000 20.76019478 32.00000000
v 28.00000000 20.76955223 33.00000000
v 28.00000000 20.77366066 34.00000000
v 28.00000000 20.77470589 35.00000000
v 28.00000000 20.76822090 36.00000000
v 28.00000000 20.75989723 37.00000000
v 28.00000000 20.75098228 38.00000000
v 28.00000000 20.73871994 39.00000000
v 28.00000000 20.72266960 40.00000000
v 28.00000000 20.70751762 41.00000000
v 28.00000000 20.70512390 42.00000000
v 28.00000000 20.70529366 43.00000000
v 28.00000000 20.72734261 44.00000000
v 28.00000000 20.89670372 45.00000000
v 28.00000000 21.00000000 45.16782761
v 28.00000000 22.00000000 17.28453064
v 28.00000000 22.00000000 45.58237076
v 28.00000000 23.00000000 17.23929024
v 28.00000000 23.00000000 45.59867859
v 28.00000000 24.00000000 17.25568962
v 28.00000000 24.00000000 45.57900238
v 28.00000000 25.00000000 17.24249268
v 28.00000000 25.00000000 45.57710266
v 28.00000000 26.00000000 17.17794800
v 28.00000000 26.00000000 45.63724136
v 28.00000000 27.00000000 17.10688019
v 28.00000000 27.00000000 45.71789551
v 27.91488838 28.00000000 17.00000000
v 28.00000000 27.99550819 17.00000000
v 28.00000000 28.00000000 16.99954987
v 28.00000000 28.00000000 45.80909348
v 28.00000000 29.00000000 16.82110023
v 28.00000000 29.00000000 45.87024689
v 28.00000000 30.00000000 16.68978882
v 28.00000000 30.00000000 45.89457321
v 28.00000000 30.64609146 17.00000000
v 28.00000000 31.00000000 17.48073387
v 28.00000000 31.00000000 22.45117950
v 28.00000000 30.95239449 23.00000000
v 28.00000000 30.87867546 24.00000000
v 28.00000000 30.84763145 25.00000000
v 28.00000000 30.83761787 26.00000000
v 28.00000000 30.82611275 27.00000000
v 28.00000000 30.81268120 28.00000000
v 28.00000000 30.79895020 29.00000000
v 28.00000000 30.80060577 30.00000000
v 28.00000000 30.83744431 31.00000000
v 28.00000000 30.93695831 32.00000000
v 28.00000000 31.00000000 32.48519897
v 28.00000000 31.00000000 45.95675659
v 28.00000000 31.11240196 18.00000000
v 28.00000000 31.15834618 19.00000000
v 28.00000000 31.14464760 20.00000000
v 28.00000000 31.10723114 21.00000000
v 28.00000000 31.03767395 22.00000000
v 28.00000000 31.15347481 33.00000000
v 28.00000000 31.77968025 34.00000000
v 28.00000000 32.00000000 34.16553879
v 28.00000000 31.60627174 46.00000000
v 28.00000000 32.00000000 46.02408218
v 28.00000000 32.85181046 34.00000000
v 28.00000000 33.00000000 33.98347473
v 28.00000000 33.00000000 46.04529953
v 28.00000000 34.00000000 33.84618378
v 28.00000000 34.00000000 46.05260849
v 28.00000000 35.00000000 33.72819138
v 28.00000000 35.00000000 46.05612946
v 28.00000000 36.00000000 33.76541519
v 28.00000000 36.00000000 46.04266739
v 28.00000000 37.00000000 33.93623352
v 28.00000000 37.00000000 45.97657013
v 28.00000000 36.71398544 46.00000000
v 28.00000000 37.31370926 34.00000000
v 28.00000000 38.00000000 34.21081161
v 28.00000000 38.00000000 45.83892822
v 28.00000000 39.00000000 34.61137009
v 28.00000000 39.00000000 45.62650681
v 28.00000000 39.61021423 35.00000000
v 28.00000000 40.00000000 35.21067047
v 28.00000000 40.00000000 45.29149628
v 28.00000000 41.00000000 35.77975845
v 28.00000000 41.00000000 43.87594223
v 28.00000000 40.93778992 44.00000000
v 28.00000000 40.32802200 45.00000000
v 28.00000000 41.21035004 36.00000000
v 28.00000000 41.80640793 37.00000000
v 28.00000000 41.98965836 38.00000000
v 28.00000000 41.95053864 39.00000000
v 28.00000000 41.85914612 40.00000000
v 28.00000000 41.71116257 41.00000000
v 28.00000000 41.52959824 42.00000000
v 28.00000000 41.32186127 43.00000000
v 29.00000000 20.90846252 18.00000000
v 29.00000000 21.00000000 17.85671234
v 29.00000000 20.65485382 19.00000000
v 29.00000000 20.59844017 20.00000000
v 29.00000000 20.59010124 21.00000000
v 29.00000000 20.58990288 22.00000000
v 29.00000000 20.60153389 23.00000000
v 29.00000000 20.62182236 24.00000000
v 29.00000000 20.64352417 25.00000000
v 29.00000000 20.65987968 26.00000000
v 29.00000000 20.67191887 27.00000000
v 29.00000000 20.68368149 28.00000000
v 29.00000000 20.69890785 29.00000000
v 29.00000000 20.72236633 30.00000000
v 29.00000000 20.74434662 31.00000000
v 29.00000000 20.75967979 32.00000000
v 29.00000000 20.77155685 33.00000000
v 29.00000000 20.77501106 34.00000000
v 29.00000000 20.77666664 35.00000000
v 29.00000000 20.77069092 36.00000000
v 29.00000000 20.76232147 37.00000000
v 29.00000000 20.75337982 38.00000000
v 29.00000000 20.74054718 39.00000000
v 29.00000000 20.72322845 40.00000000
v 29.00000000 20.70910645 41.00000000
v 29.00000000 20.70732307 42.00000000
v 29.00000000 20.70863152 43.00000000
v 29.00000000 20.73035240 44.00000000
v 29.00000000 20.89960480 45.00000000
v 29.00000000 21.00000000 45.16457748
v 29.00000000 22.00000000 17.27739143
v 29.00000000 22.00000000 45.59212494
v 29.00000000 23.00000000 17.23332977
v 29.00000000 23.00000000 45.60711288
v 29.00000000 24.00000000 17.25110245
v 29.00000000 24.00000000 45.58424759
v 29.00000000 25.00000000 17.24060822
v 29.00000000 25.00000000 45.58113098
v 29.00000000 26.00000000 17.17201233
v 29.00000000 26.00000000 45.64117050
v 29.00000000 27.00000000 17.10221100
v 29.00000000 27.00000000 45.72193909
v 29.00000000 27.93916893 17.00000000
v 29.00000000 28.00000000 16.99383354
v 29.00000000 28.00000000 45.81375885
v 29.00000000 29.00000000 16.81880760
v 29.00000000 29.00000000 45.87637329
v 29.00000000 30.00000000 16.69208527
v 29.00000000 30.00000000 45.90119934
v 29.00000000 30.64588356 17.00000000
v 29.00000000 31.00000000 17.48030472
v 29.00000000 31.00000000 22.38553238
v 29.00000000 30.94677162 23.00000000
v 29.00000000 30.87267876 24.00000000
v 29.00000000 30.84520721 25.00000000
v 29.00000000 30.83341026 26.00000000
v 29.00000000 30.82023048 27.00000000
v 29.00000000 30.80828094 28.00000000
v 29.00000000 30.79767418 29.00000000
v 29.00000000 30.79557991 30.00000000
v 29.00000000 30.83261108 31.00000000
v 29.00000000 30.93340111 32.00000000
v 29.00000000 31.00000000 32.51183701
v 29.00000000 31.00000000 45.96471024
v 29.00000000 31.11139870 18.00000000
v 29.00000000 31.15497017 19.00000000
v 29.00000000 31.14115715 20.00000000
v 29.00000000 31.10135269 21.00000000
v 29.00000000 31.03197670 22.00000000
v 29.00000000 31.14614296 33.00000000
v 29.00000000 31.76847267 34.00000000
v 29.00000000 32.00000000 34.17417145
v 29.00000000 31.50107193 46.00000000
v 29.00000000 32.00000000 46.03009796
v 29.00000000 32.92270660 34.00000000
v 29.00000000 33.00000000 33.99155426
v 29.00000000 33.00000000 46.04969788
v 29.00000000 34.00000000 33.86013031
v 29.00000000 34.00000000 46.05121613
v 29.00000000 35.00000000 33.74250412
v 29.00000000 35.00000000 46.05499268
v 29.00000000 36.00000000 33.77010345
v 29.00000000 36.00000000 46.04138184
v 29.00000000 37.00000000 33.92967987
v 29.00000000 37.00000000 45.97419739
v 29.00000000 36.68889999 46.00000000
v 29.00000000 37.35417938 34.00000000
v 29.00000000 38.00000000 34.19774246
v 29.00000000 38.00000000 45.82936096
v 29.00000000 39.00000000 34.60205841
v 29.00000000 39.00000000 45.61642075
v 29.00000000 39.62610245 35.00000000
v 29.00000000 40.00000000 35.19931793
v 29.00000000 40.00000000 45.27901077
v 29.00000000 41.00000000 35.76930237
v 29.00000000 41.00000000 43.84774780
v 29.00000000 40.92265701 44.00000000
v 29.00000000 40.31439209 45.00000000
v 29.00000000 41.22031403 36.00000000
v 29.00000000 41.81055832 37.00000000
v 29.00000000 41.99173737 38.00000000
v 29.00000000 41.95258331 39.00000000
v 29.00000000 41.86024857 40.00000000
v 29.00000000 41.71224213 41.00000000
v 29.00000000 41.52925491 42.00000000
v 29.00000000 41.31748199 43.00000000
v 30.00000000 20.90716934 18.00000000
v 30.00000000 21.00000000 17.85487556
v 30.00000000 20.65390778 19.00000000
v 30.00000000 20.59918022 20.00000000
v 30.00000000 20.59105301 21.00000000
v 30.00000000 20.58993530 22.00000000
v 30.00000000 20.60050201 23.00000000
v 30.00000000 20.61972046 24.00000000
v 30.00000000 20.63918686 25.00000000
v 30.00000000 20.65553284 26.00000000
v 30.00000000 20.67021179 27.00000000
v 30.00000000 20.68213463 28.00000000
v 30.00000000 20.69836044 29.00000000
v 30.00000000 20.72152138 30.00000000
v 30.00000000 20.74237061 31.00000000
v 30.00000000 20.75792313 32.00000000
v 30.00000000 20.77206802 33.00000000
v 30.00000000 20.77664948 34.00000000
v 30.00000000 20.77860832 35.00000000
v 30.00000000 20.77354622 36.00000000
v 30.00000000 20.76561737 37.00000000
v 30.00000000 20.75611305 38.00000000
v 30.00000000 20.74222946 39.00000000
v 30.00000000 20.72468758 40.00000000
v 30.00000000 20.71110344 41.00000000
v 30.00000000 20.70873451 42.00000000
v 30.00000000 20.71079063 43.00000000
v 30.00000000 20.73241043 44.00000000
v 30.00000000 20.89927864 45.00000000
v 30.00000000 21.00000000 45.16630936
v 30.00000000 22.00000000 17.27125168
v 30.00000000 22.00000000 45.60062408
v 30.00000000 23.00000000 17.22729683
v 30.00000000 23.00000000 45.61434174
v 30.00000000 24.00000000 17.24885368
v 30.00000000 24.00000000 45.58816147
v 30.00000000 25.00000000 17.23822594
v 30.00000000 25.00000000 45.58504868
v 30.00000000 26.00000000 17.17025948
v 30.00000000 26.00000000 45.64268494
v 30.00000000 27.00000000 17.09790230
v 30.00000000 27.00000000 45.72383118
v 30.00000000 27.89480972 17.00000000
v 30.00000000 28.00000000 16.98925972
v 30.00000000 28.00000000 45.81737518
v 30.00000000 29.00000000 16.81734085
v 30.00000000 29.00000000 45.88182449
v 30.00000000 30.00000000 16.69354820
v 30.00000000 30.00000000 45.90793610
v 30.00000000 30.64267349 17.00000000
v 30.00000000 31.00000000 17.48574448
v 30.00000000 31.00000000 22.31506920
v 30.00000000 30.94100952 23.00000000
v 30.00000000 30.87148094 24.00000000
v 30.00000000 30.84307861 25.00000000
v 30.00000000 30.83092880 26.00000000
v 30.00000000 30.81532860 27.00000000
v 30.00000000 30.80389404 28.00000000
v 30.00000000 30.79641914 29.00000000
v 30.00000000 30.79102135 30.00000000
v 30.00000000 30.82765961 31.00000000
v 30.00000000 30.92743111 32.00000000
v 30.00000000 31.00000000 32.54780197
v 30.00000000 31.00000000 45.97215652
v 30.00000000 31.10998917 18.00000000
v 30.00000000 31.15096474 19.00000000
v 30.00000000 31.13737106 20.00000000
v 30.00000000 31.09545708 21.00000000
v 30.00000000 31.02590561 22.00000000
v 30.00000000 31.13903236 33.00000000
v 30.00000000 31.75983047 34.00000000
v 30.00000000 32.00000000 34.18104553
v 30.00000000 31.40011024 46.00000000
v 30.00000000 32.00000000 46.03578949
v 30.00000000 32.97547150 34.00000000
v 30.00000000 33.00000000 33.99737549
v 30.00000000 33.00000000 46.05333710
v 30.00000000 34.00000000 33.87208557
v 30.00000000 34.00000000 46.05092621
v 30.00000000 35.00000000 33.75372314
v 30.00000000 35.00000000 46.05335236
v 30.00000000 36.00000000 33.76879501
v 30.00000000 36.00000000 46.04170227
v 30.00000000 37.00000000 33.92298889
v 30.00000000 37.00000000 45.96950531
v 30.00000000 36.65470505 46.00000000
v 30.00000000 37.37984848 34.00000000
v 30.00000000 38.00000000 34.19345856
v 30.00000000 38.00000000 45.81981659
v 30.00000000 39.00000000 34.59489441
v 30.00000000 39.00000000 45.60625076
v 30.00000000 39.63894653 35.00000000
v 30.00000000 40.00000000 35.18988800
v 30.00000000 40.00000000 45.26708221
v 30.00000000 41.00000000 35.76195526
v 30.00000000 41.00000000 43.82091522
v 30.00000000 40.90781403 44.00000000
v 30.00000000 40.30121613 45.00000000
v 30.00000000 41.22704697 36.00000000
v 30.00000000 41.81156540 37.00000000
v 30.00000000 41.99284744 38.00000000
v 30.00000000 41.95438004 39.00000000
v 30.00000000 41.86276627 40.00000000
v 30.00000000 41.71423721 41.00000000
v 30.00000000 41.52907944 42.00000000
v 30.00000000 41.31352234 43.00000000
v 31.00000000 20.90778542 18.00000000
v 31.00000000 21.00000000 17.85624123
v 31.00000000 20.65353584 19.00000000
v 31.00000000 20.59880447 20.00000000
v 31.00000000 20.58948326 21.00000000
v 31.00000000 20.58949471 22.00000000
v 31.00000000 20.59865379 23.00000000
v 31.00000000 20.61752892 24.00000000
v 31.00000000 20.63494873 25.00000000
v 31.00000000 20.65211105 26.00000000
v 31.00000000 20.66890717 27.00000000
v 31.00000000 20.68169975 28.00000000
v 31.00000000 20.69838715 29.00000000
v 31.00000000 20.72030449 30.00000000
v 31.00000000 20.73967171 31.00000000
v 31.00000000 20.75604057 32.00000000
v 31.00000000 20.77101135 33.00000000
v 31.00000000 20.77846718 34.00000000
v 31.00000000 20.78051758 35.00000000
v 31.00000000 20.77660751 36.00000000
v 31.00000000 20.76924133 37.00000000
v 31.00000000 20.75814819 38.00000000
v 31.00000000 20.74446106 39.00000000
v 31.00000000 20.72699356 40.00000000
v 31.00000000 20.71256447 41.00000000
v 31.00000000 20.70911217 42.00000000
v 31.00000000 20.70864677 43.00000000
v 31.00000000 20.73191833 44.00000000
v 31.00000000 20.89881134 45.00000000
v 31.00000000 21.00000000 45.16831970
v 31.00000000 22.00000000 17.26591492
v 31.00000000 22.00000000 45.60692978
v 31.00000000 23.00000000 17.22339439
v 31.00000000 23.00000000 45.62019730
v 31.00000000 24.00000000 17.24650002
v 31.00000000 24.00000000 45.59393311
v 31.00000000 25.00000000 17.23392296
v 31.00000000 25.00000000 45.58825684
v 31.00000000 26.00000000 17.16843224
v 31.00000000 26.00000000 45.64130020
v 31.00000000 27.00000000 17.09371185
v 31.00000000 27.00000000 45.72571564
v 31.00000000 27.87775421 17.00000000
v 31.00000000 28.00000000 16.98775101
v 31.00000000 28.00000000 45.82001877
v 31.00000000 29.00000000 16.82131577
v 31.00000000 29.00000000 45.88513565
v 31.00000000 30.00000000 16.69995308
v 31.00000000 30.00000000 45.91482925
v 31.00000000 30.63392448 17.00000000
v 31.00000000 31.00000000 17.50216675
v 31.00000000 31.00000000 22.24385262
v 31.00000000 30.93539047 23.00000000
v 31.00000000 30.87271690 24.00000000
v 31.00000000 30.84253502 25.00000000
v 31.00000000 30.82899475 26.00000000
v 31.00000000 30.81142044 27.00000000
v 31.00000000 30.80065346 28.00000000
v 31.00000000 30.79435730 29.00000000
v 31.00000000 30.78605461 30.00000000
v 31.00000000 30.82088852 31.00000000
v 31.00000000 30.92132568 32.00000000
v 31.00000000 31.00000000 32.59140396
v 31.00000000 31.00000000 45.97987366
v 31.00000000 31.10523605 18.00000000
v 31.00000000 31.14647293 19.00000000
v 31.00000000 31.13260460 20.00000000
v 31.00000000 31.08991051 21.00000000
v 31.00000000 31.02006149 22.00000000
v 31.00000000 31.12783623 33.00000000
v 31.00000000 31.74944115 34.00000000
v 31.00000000 32.00000000 34.19171524
v 31.00000000 31.30256271 46.00000000
v 31.00000000 32.00000000 46.03977203
v 30.29411125 33.00000000 34.00000000
v 31.00000000 33.00000000 34.01144791
v 31.00000000 33.00000000 46.05698395
v 31.00000000 33.05471420 34.00000000
v 31.00000000 34.00000000 33.88177109
v 31.00000000 34.00000000 46.05393219
v 31.00000000 35.00000000 33.75622177
v 31.00000000 35.00000000 46.05118179
v 31.00000000 36.00000000 33.76245499
v 31.00000000 36.00000000 46.04107285
v 31.00000000 37.00000000 33.91582870
v 31.00000000 37.00000000 45.96348953
v 31.00000000 36.60937500 46.00000000
v 31.00000000 37.41220474 34.00000000
v 31.00000000 38.00000000 34.18694687
v 31.00000000 38.00000000 45.81121063
v 31.00000000 39.00000000 34.59040070
v 31.00000000 39.00000000 45.59600067
v 31.00000000 39.64824677 35.00000000
v 31.00000000 40.00000000 35.18448639
v 31.00000000 40.00000000 45.25709915
v 31.00000000 41.00000000 35.76101685
v 31.00000000 41.00000000 43.80268478
v 31.00000000 40.89756775 44.00000000
v 31.00000000 40.29003906 45.00000000
v 31.00000000 41.22679138 36.00000000
v 31.00000000 41.80814743 37.00000000
v 31.00000000 41.99398804 38.00000000
v 31.00000000 41.95624924 39.00000000
v 31.00000000 41.86629486 40.00000000
v 31.00000000 41.71618652 41.00000000
v 31.00000000 41.52918625 42.00000000
v 31.00000000 41.31007385 43.00000000
v 32.00000000 20.90897560 18.00000000
v 32.00000000 21.00000000 17.85815430
v 32.00000000 20.65382767 19.00000000
v 32.00000000 20.59837341 20.00000000
v 32.00000000 20.58893585 21.00000000
v 32.00000000 20.58874512 22.00000000
v 32.00000000 20.59725952 23.00000000
v 32.00000000 20.61381721 24.00000000
v 32.00000000 20.63090134 25.00000000
v 32.00000000 20.64905167 26.00000000
v 32.00000000 20.66713333 27.00000000
v 32.00000000 20.68088150 28.00000000
v 32.00000000 20.69779205 29.00000000
v 32.00000000 20.71825027 30.00000000
v 32.00000000 20.73675346 31.00000000
v 32.00000000 20.75353813 32.00000000
v 32.00000000 20.77030182 33.00000000
v 32.00000000 20.77887917 34.00000000
v 32.00000000 20.78238869 35.00000000
v 32.00000000 20.77979469 36.00000000
v 32.00000000 20.77292824 37.00000000
v 32.00000000 20.76070023 38.00000000
v 32.00000000 20.74722672 39.00000000
v 32.00000000 20.72949982 40.00000000
v 32.00000000 20.71362305 41.00000000
v 32.00000000 20.70906830 42.00000000
v 32.00000000 20.70626259 43.00000000
v 32.00000000 20.72970963 44.00000000
v 32.00000000 20.89824486 45.00000000
v 32.00000000 21.00000000 45.16980743
v 32.00000000 22.00000000 17.26370239
v 32.00000000 22.00000000 45.61148834
v 32.00000000 23.00000000 17.21926689
v 32.00000000 23.00000000 45.62319946
v 32.00000000 24.00000000 17.24183083
v 32.00000000 24.00000000 45.59956741
v 32.00000000 25.00000000 17.22964859
v 32.00000000 25.00000000 45.58840561
v 32.00000000 26.00000000 17.16402817
v 32.00000000 26.00000000 45.64045715
v 32.00000000 27.00000000 17.08984184
v 32.00000000 27.00000000 45.72762680
v 32.00000000 27.86860085 17.00000000
v 32.00000000 28.00000000 16.98715019
v 32.00000000 28.00000000 45.82157516
v 32.00000000 29.00000000 16.82564163
v 32.00000000 29.00000000 45.88678360
v 32.00000000 30.00000000 16.70914459
v 32.00000000 30.00000000 45.92065048
v 32.00000000 30.62272835 17.00000000
v 32.00000000 31.00000000 17.52059746
v 32.00000000 31.00000000 22.17449760
v 32.00000000 30.93374825 23.00000000
v 32.00000000 30.87444496 24.00000000
v 32.00000000 30.84436226 25.00000000
v 32.00000000 30.82704544 26.00000000
v 32.00000000 30.81072998 27.00000000
v 32.00000000 30.79716492 28.00000000
v 32.00000000 30.79183388 29.00000000
v 32.00000000 30.78108788 30.00000000
v 32.00000000 30.81505585 31.00000000
v 32.00000000 30.91391563 32.00000000
v 32.00000000 31.00000000 32.64128494
v 32.00000000 31.00000000 45.98796463
v 32.00000000 31.09967804 18.00000000
v 32.00000000 31.14021683 19.00000000
v 32.00000000 31.12719154 20.00000000
v 32.00000000 31.08366203 21.00000000
v 32.00000000 31.01364708 22.00000000
v 32.00000000 31.11477470 33.00000000
v 32.00000000 31.73530769 34.00000000
v 32.00000000 32.00000000 34.20557022
v 32.00000000 31.19741249 46.00000000
v 32.00000000 32.00000000 46.04184723
v 32.00000000 33.00000000 34.03488541
v 32.00000000 33.00000000 46.05980682
v 32.00000000 33.15138245 34.00000000
v 32.00000000 34.00000000 33.88505554
v 32.00000000 34.00000000 46.05668259
v 32.00000000 35.00000000 33.74768829
v 32.00000000 35.00000000 46.04923248
v 32.00000000 36.00000000 33.75611496
v 32.00000000 36.00000000 46.04010391
v 32.00000000 37.00000000 33.90756989
v 32.00000000 37.00000000 45.95763016
v 32.00000000 36.56692123 46.00000000
v 32.00000000 37.45077515 34.00000000
v 32.00000000 38.00000000 34.17764282
v 32.00000000 38.00000000 45.80587387
v 32.00000000 39.00000000 34.58908081
v 32.00000000 39.00000000 45.58640289
v 32.00000000 39.64349365 35.00000000
v 32.00000000 40.00000000 35.18751144
v 32.00000000 40.00000000 45.24793625
v 32.00000000 41.00000000 35.76131439
v 32.00000000 41.00000000 43.79349518
v 32.00000000 40.89204025 44.00000000
v 32.00000000 40.27971268 45.00000000
v 32.00000000 41.22554016 36.00000000
v 32.00000000 41.80633926 37.00000000
v 32.00000000 41.99430847 38.00000000
v 32.00000000 41.96123505 39.00000000
v 32.00000000 41.86986160 40.00000000
v 32.00000000 41.71822357 41.00000000
v 32.00000000 41.53120041 42.00000000
v 32.00000000 41.30819321 43.00000000
v 33.00000000 20.90983772 18.00000000
v 33.00000000 21.00000000 17.85965347
v 33.00000000 20.65448189 19.00000000
v 33.00000000 20.59749031 20.00000000
v 33.00000000 20.58859253 21.00000000
v 33.00000000 20.58687592 22.00000000
v 33.00000000 20.59567833 23.00000000
v 33.00000000 20.61009026 24.00000000
v 33.00000000 20.62784386 25.00000000
v 33.00000000 20.64659882 26.00000000
v 33.00000000 20.66494942 27.00000000
v 33.00000000 20.68064499 28.00000000
v 33.00000000 20.69739151 29.00000000
v 33.00000000 20.71580124 30.00000000
v 33.00000000 20.73455620 31.00000000
v 33.00000000 20.75149727 32.00000000
v 33.00000000 20.76984406 33.00000000
v 33.00000000 20.77797127 34.00000000
v 33.00000000 20.78468513 35.00000000
v 33.00000000 20.78242493 36.00000000
v 33.00000000 20.77453804 37.00000000
v 33.00000000 20.76091194 38.00000000
v 33.00000000 20.74894905 39.00000000
v 33.00000000 20.73157310 40.00000000
v 33.00000000 20.71579933 41.00000000
v 33.00000000 20.70892334 42.00000000
v 33.00000000 20.70414543 43.00000000
v 33.00000000 20.72601318 44.00000000
v 33.00000000 20.89555550 45.00000000
v 33.00000000 21.00000000 45.17360306
v 33.00000000 22.00000000 17.26210594
v 33.00000000 22.00000000 45.61491013
v 33.00000000 23.00000000 17.21528244
v 33.00000000 23.00000000 45.62697983
v 33.00000000 24.00000000 17.23589706
v 33.00000000 24.00000000 45.60512161
v 33.00000000 25.00000000 17.22550774
v 33.00000000 25.00000000 45.58559418
v 33.00000000 26.00000000 17.15824318
v 33.00000000 26.00000000 45.63906097
v 33.00000000 27.00000000 17.08758926
v 33.00000000 27.00000000 45.72862244
v 33.00000000 27.86341858 17.00000000
v 33.00000000 28.00000000 16.98676872
v 33.00000000 28.00000000 45.82243347
v 33.00000000 29.00000000 16.83006287
v 33.00000000 29.00000000 45.88808060
v 33.00000000 30.00000000 16.71898651
v 33.00000000 30.00000000 45.92547226
v 33.00000000 30.60981941 17.00000000
v 33.00000000 31.00000000 17.54340553
v 33.00000000 31.00000000 22.11198235
v 33.00000000 30.93655586 23.00000000
v 33.00000000 30.87603760 24.00000000
v 33.00000000 30.84634781 25.00000000
v 33.00000000 30.82777214 26.00000000
v 33.00000000 30.81126785 27.00000000
v 33.00000000 30.79551125 28.00000000
v 33.00000000 30.78846169 29.00000000
v 33.00000000 30.77792168 30.00000000
v 33.00000000 30.80859756 31.00000000
v 33.00000000 30.90548325 32.00000000
v 33.00000000 31.00000000 32.69694901
v 33.00000000 31.00000000 45.99071503
v 33.00000000 31.09324646 18.00000000
v 33.00000000 31.13357544 19.00000000
v 33.00000000 31.12046623 20.00000000
v 33.00000000 31.07612610 21.00000000
v 33.00000000 31.00783539 22.00000000
v 33.00000000 31.09949684 33.00000000
v 33.00000000 31.71733475 34.00000000
v 33.00000000 32.00000000 34.22203827
v 33.00000000 31.15379333 46.00000000
v 33.00000000 32.00000000 46.04359055
v 33.00000000 33.00000000 34.06571198
v 33.00000000 33.00000000 46.06259918
v 33.00000000 33.25180817 34.00000000
v 33.00000000 34.00000000 33.88541412
v 33.00000000 34.00000000 46.05910110
v 33.00000000 35.00000000 33.73785400
v 33.00000000 35.00000000 46.04979324
v 33.00000000 36.00000000 33.74983215
v 33.00000000 36.00000000 46.03947067
v 33.00000000 37.00000000 33.90128326
v 33.00000000 37.00000000 45.95196152
v 33.00000000 36.53158188 46.00000000
v 33.00000000 37.48130798 34.00000000
v 33.00000000 38.00000000 34.16947174
v 33.00000000 38.00000000 45.80035782
v 33.00000000 39.00000000 34.59221649
v 33.00000000 39.00000000 45.57714844
v 33.00000000 39.63809967 35.00000000
v 33.00000000 40.00000000 35.19131470
v 33.00000000 40.00000000 45.24054718
v 33.00000000 41.00000000 35.76193619
v 33.00000000 41.00000000 43.78479385
v 33.00000000 40.88650513 44.00000000
v 33.00000000 40.27249527 45.00000000
v 33.00000000 41.22409439 36.00000000
v 33.00000000 41.80313110 37.00000000
v 33.00000000 41.99655151 38.00000000
v 33.00000000 41.96549225 39.00000000
v 33.00000000 41.87394714 40.00000000
v 33.00000000 41.72040176 41.00000000
v 33.00000000 41.53379059 42.00000000
v 33.00000000 41.30683899 43.00000000
v 34.00000000 20.91042709 18.00000000
v 34.00000000 21.00000000 17.86095810
v 34.00000000 20.65490723 19.00000000
v 34.00000000 20.59681702 20.00000000
v 34.00000000 20.58801842 21.00000000
v 34.00000000 20.58613396 22.00000000
v 34.00000000 20.59379768 23.00000000
v 34.00000000 20.60717583 24.00000000
v 34.00000000 20.62562752 25.00000000
v 34.00000000 20.64505196 26.00000000
v 34.00000000 20.66307640 27.00000000
v 34.00000000 20.68042946 28.00000000
v 34.00000000 20.69700432 29.00000000
v 34.00000000 20.71452904 30.00000000
v 34.00000000 20.73324776 31.00000000
v 34.00000000 20.75027847 32.00000000
v 34.00000000 20.76916313 33.00000000
v 34.00000000 20.77752304 34.00000000
v 34.00000000 20.78479195 35.00000000
v 34.00000000 20.78340530 36.00000000
v 34.00000000 20.77486610 37.00000000
v 34.00000000 20.76117516 38.00000000
v 34.00000000 20.75056839 39.00000000
v 34.00000000 20.73354721 40.00000000
v 34.00000000 20.71828461 41.00000000
v 34.00000000 20.70973778 42.00000000
v 34.00000000 20.70225525 43.00000000
v 34.00000000 20.72235298 44.00000000
v 34.00000000 20.89212418 45.00000000
v 34.00000000 21.00000000 45.17849350
v 34.00000000 22.00000000 17.26124763
v 34.00000000 22.00000000 45.61936951
v 34.00000000 23.00000000 17.21137428
v 34.00000000 23.00000000 45.63116837
v 34.00000000 24.00000000 17.22897530
v 34.00000000 24.00000000 45.60750198
v 34.00000000 25.00000000 17.21928024
v 34.00000000 25.00000000 45.58283997
v 34.00000000 26.00000000 17.15020752
v 34.00000000 26.00000000 45.63685608
v 34.00000000 27.00000000 17.08509254
v 34.00000000 27.00000000 45.72849274
v 34.00000000 27.84808350 17.00000000
v 34.00000000 28.00000000 16.98544884
v 34.00000000 28.00000000 45.82238770
v 34.00000000 29.00000000 16.83498573
v 34.00000000 29.00000000 45.88782120
v 34.00000000 30.00000000 16.72745132
v 34.00000000 30.00000000 45.92626572
v 34.00000000 30.59622955 17.00000000
v 34.00000000 31.00000000 17.56978226
v 34.00000000 31.00000000 22.00159454
v 34.00000000 30.93804359 23.00000000
v 34.00000000 30.87987900 24.00000000
v 34.00000000 30.84847641 25.00000000
v 34.00000000 30.82965088 26.00000000
v 34.00000000 30.81251526 27.00000000
v 34.00000000 30.79541588 28.00000000
v 34.00000000 30.78560066 29.00000000
v 34.00000000 30.77494621 30.00000000
v 34.00000000 30.80194855 31.00000000
v 34.00000000 30.89918709 32.00000000
v 34.00000000 31.00000000 32.74872208
v 34.00000000 31.00000000 45.99244308
v 34.00000000 31.08658028 18.00000000
v 34.00000000 31.12644768 19.00000000
v 34.00000000 31.11354828 20.00000000
v 34.00000000 31.06775856 21.00000000
v 34.00000000 31.00009727 22.00000000
v 34.00000000 31.08310890 33.00000000
v 34.00000000 31.70889282 34.00000000
v 34.00000000 32.00000000 34.23128128
v 34.00000000 31.12229538 46.00000000
v 34.00000000 32.00000000 46.04601288
v 34.00000000 33.00000000 34.08286285
v 34.00000000 33.00000000 46.06491089
v 34.00000000 33.29676056 34.00000000
v 34.00000000 34.00000000 33.88190079
v 34.00000000 34.00000000 46.05964661
v 34.00000000 35.00000000 33.73017120
v 34.00000000 35.00000000 46.05355835
v 34.00000000 36.00000000 33.74581146
v 34.00000000 36.00000000 46.03746796
v 34.00000000 37.00000000 33.89227295
v 34.00000000 37.00000000 45.94678497
v 34.00000000 36.49274063 46.00000000
v 34.00000000 37.51462555 34.00000000
v 34.00000000 38.00000000 34.16322327
v 34.00000000 38.00000000 45.79494095
v 34.00000000 39.00000000 34.59680176
v 34.00000000 39.00000000 45.56884384
v 34.00000000 39.63202667 35.00000000
v 34.00000000 40.00000000 35.19290543
v 34.00000000 40.00000000 45.23415756
v 34.00000000 41.00000000 35.76453400
v 34.00000000 41.00000000 43.77971268
v 34.00000000 40.88276291 44.00000000
v 34.00000000 40.26735687 45.00000000
v 34.00000000 41.22037888 36.00000000
v 34.00000000 41.80089951 37.00000000
v 33.94647598 42.00000000 38.00000000
v 34.00000000 42.00000000 37.99896622
v 34.00000000 42.00000000 38.00601196
v 34.00000000 41.96869278 39.00000000
v 34.00000000 41.87792206 40.00000000
v 34.00000000 41.72297287 41.00000000
v 34.00000000 41.53643417 42.00000000
v 34.00000000 41.30593109 43.00000000
v 34.00000000 42.00015640 38.00000000
v 35.00000000 20.91116524 18.00000000
v 35.00000000 21.00000000 17.86225510
v 35.00000000 20.65525436 19.00000000
v 35.00000000 20.59723091 20.00000000
v 35.00000000 20.58782578 21.00000000
v 35.00000000 20.58551979 22.00000000
v 35.00000000 20.59312248 23.00000000
v 35.00000000 20.60627556 24.00000000
v 35.00000000 20.62474251 25.00000000
v 35.00000000 20.64407921 26.00000000
v 35.00000000 20.66211700 27.00000000
v 35.00000000 20.68028069 28.00000000
v 35.00000000 20.69500542 29.00000000
v 35.00000000 20.71480370 30.00000000
v 35.00000000 20.73194122 31.00000000
v 35.00000000 20.74928474 32.00000000
v 35.00000000 20.76762199 33.00000000
v 35.00000000 20.77590561 34.00000000
v 35.00000000 20.78423882 35.00000000
v 35.00000000 20.78172684 36.00000000
v 35.00000000 20.77412987 37.00000000
v 35.00000000 20.76073265 38.00000000
v 35.00000000 20.75204277 39.00000000
v 35.00000000 20.73518753 40.00000000
v 35.00000000 20.71973801 41.00000000
v 35.00000000 20.70982742 42.00000000
v 35.00000000 20.70169067 43.00000000
v 35.00000000 20.71845627 44.00000000
v 35.00000000 20.88795471 45.00000000
v 35.00000000 21.00000000 45.18473816
v 35.00000000 22.00000000 17.26056862
v 35.00000000 22.00000000 45.62280273
v 35.00000000 23.00000000 17.20514488
v 35.00000000 23.00000000 45.63221359
v 35.00000000 24.00000000 17.22253609
v 35.00000000 24.00000000 45.60984802
v 35.00000000 25.00000000 17.21076393
v 35.00000000 25.00000000 45.58123398
v 35.00000000 26.00000000 17.14289856
v 35.00000000 26.00000000 45.63381958
v 35.00000000 27.00000000 17.08077621
v 35.00000000 27.00000000 45.72752380
v 35.00000000 27.84525299 17.00000000
v 35.00000000 28.00000000 16.98589706
v 35.00000000 28.00000000 45.82136536
v 35.00000000 29.00000000 16.83987045
v 35.00000000 29.00000000 45.88618851
v 35.00000000 30.00000000 16.73622322
v 35.00000000 30.00000000 45.92332458
v 35.00000000 30.58082581 17.00000000
v 35.00000000 31.00000000 17.59806252
v 34.03901291 31.00000000 22.00000000
v 35.00000000 31.00000000 21.96088409
v 35.00000000 30.99760437 22.00000000
v 35.00000000 30.93943596 23.00000000
v 35.00000000 30.88313866 24.00000000
v 35.00000000 30.85061264 25.00000000
v 35.00000000 30.83159447 26.00000000
v 35.00000000 30.81473923 27.00000000
v 35.00000000 30.79610825 28.00000000
v 35.00000000 30.78461647 29.00000000
v 35.00000000 30.77352715 30.00000000
v 35.00000000 30.79483414 31.00000000
v 35.00000000 30.89256668 32.00000000
v 35.00000000 31.00000000 32.79358292
v 35.00000000 31.00000000 45.99291611
v 35.00000000 31.07988548 18.00000000
v 35.00000000 31.11863708 19.00000000
v 35.00000000 31.10622025 20.00000000
v 35.00000000 31.05972481 21.00000000
v 35.00000000 31.06946564 33.00000000
v 35.00000000 31.70324326 34.00000000
v 35.00000000 32.00000000 34.23640442
v 35.00000000 31.11393929 46.00000000
v 35.00000000 32.00000000 46.04660797
v 35.00000000 33.00000000 34.08112717
v 35.00000000 33.00000000 46.06286240
v 35.00000000 33.28294373 34.00000000
v 35.00000000 34.00000000 33.87492752
v 35.00000000 34.00000000 46.05856705
v 35.00000000 35.00000000 33.72441101
v 35.00000000 35.00000000 46.05719376
v 35.00000000 36.00000000 33.74100494
v 35.00000000 36.00000000 46.03588867
v 35.00000000 37.00000000 33.88476181
v 35.00000000 37.00000000 45.94745636
v 35.00000000 36.48544693 46.00000000
v 35.00000000 37.54136658 34.00000000
v 35.00000000 38.00000000 34.15875244
v 35.00000000 38.00000000 45.78966141
v 35.00000000 39.00000000 34.59966660
v 35.00000000 39.00000000 45.56137085
v 35.00000000 39.62679672 35.00000000
v 35.00000000 40.00000000 35.19532394
v 35.00000000 40.00000000 45.22850800
v 35.00000000 41.00000000 35.76746750
v 35.00000000 41.00000000 43.78020096
v 35.00000000 40.88215256 44.00000000
v 35.00000000 40.26287460 45.00000000
v 35.00000000 41.21797180 36.00000000
v 35.00000000 41.80216980 37.00000000
v 35.00000000 42.00000000 37.99061584
v 35.00000000 42.00000000 38.05786514
v 35.00000000 41.97186661 39.00000000
v 35.00000000 41.88182831 40.00000000
v 35.00000000 41.72636414 41.00000000
v 35.00000000 41.53932953 42.00000000
v 35.00000000 41.30630493 43.00000000
v 35.00000000 42.00143433 38.00000000
v 36.00000000 20.91162300 18.00000000
v 36.00000000 21.00000000 17.86265755
v 36.00000000 20.65607071 19.00000000
v 36.00000000 20.59803581 20.00000000
v 36.00000000 20.58758926 21.00000000
v 36.00000000 20.58395576 22.00000000
v 36.00000000 20.59258652 23.00000000
v 36.00000000 20.60694504 24.00000000
v 36.00000000 20.62506676 25.00000000
v 36.00000000 20.64391708 26.00000000
v 36.00000000 20.66224861 27.00000000
v 36.00000000 20.67932320 28.00000000
v 36.00000000 20.69372368 29.00000000
v 36.00000000 20.71519852 30.00000000
v 36.00000000 20.73062134 31.00000000
v 36.00000000 20.74708748 32.00000000
v 36.00000000 20.76543427 33.00000000
v 36.00000000 20.77427292 34.00000000
v 36.00000000 20.78305435 35.00000000
v 36.00000000 20.77913284 36.00000000
v 36.00000000 20.77156067 37.00000000
v 36.00000000 20.76068306 38.00000000
v 36.00000000 20.75198936 39.00000000
v 36.00000000 20.73622322 40.00000000
v 36.00000000 20.72092438 41.00000000
v 36.00000000 20.70981979 42.00000000
v 36.00000000 20.70153618 43.00000000
v 36.00000000 20.71470642 44.00000000
v 36.00000000 20.88439178 45.00000000
v 36.00000000 21.00000000 45.18976593
v 36.00000000 22.00000000 17.25788879
v 36.00000000 22.00000000 45.62434387
v 36.00000000 23.00000000 17.19902992
v 36.00000000 23.00000000 45.63299942
v 36.00000000 24.00000000 17.21793938
v 36.00000000 24.00000000 45.61112213
v 36.00000000 25.00000000 17.20020294
v 36.00000000 25.00000000 45.58146667
v 36.00000000 26.00000000 17.13567162
v 36.00000000 26.00000000 45.63158798
v 36.00000000 27.00000000 17.07763290
v 36.00000000 27.00000000 45.72534943
v 36.00000000 27.86118889 17.00000000
v 36.00000000 28.00000000 16.98803902
v 36.00000000 28.00000000 45.81879425
v 36.00000000 29.00000000 16.84473991
v 36.00000000 29.00000000 45.88324356
v 36.00000000 30.00000000 16.74523926
v 36.00000000 30.00000000 45.92028809
v 36.00000000 30.56302261 17.00000000
v 36.00000000 31.00000000 17.62913132
v 36.00000000 31.00000000 21.91590500
v 36.00000000 30.99538422 22.00000000
v 36.00000000 30.93879509 23.00000000
v 36.00000000 30.88444710 24.00000000
v 36.00000000 30.85208130 25.00000000
v 36.00000000 30.83351517 26.00000000
v 36.00000000 30.81800079 27.00000000
v 36.00000000 30.79970169 28.00000000
v 36.00000000 30.78488731 29.00000000
v 36.00000000 30.77309036 30.00000000
v 36.00000000 30.78933144 31.00000000
v 36.00000000 30.88595009 32.00000000
v 36.00000000 31.00000000 32.82681656
v 36.00000000 31.00000000 45.99232483
v 36.00000000 31.07295609 18.00000000
v 36.00000000 31.11096764 19.00000000
v 36.00000000 31.09735298 20.00000000
v 36.00000000 31.05137444 21.00000000
v 36.00000000 31.06017303 33.00000000
v 36.00000000 31.70494461 34.00000000
v 36.00000000 32.00000000 34.23463821
v 36.00000000 31.12393379 46.00000000
v 36.00000000 32.00000000 46.04585648
v 36.00000000 33.00000000 34.07058334
v 36.00000000 33.00000000 46.05806351
v 36.00000000 33.24076080 34.00000000
v 36.00000000 34.00000000 33.86216354
v 36.00000000 34.00000000 46.05625153
v 36.00000000 35.00000000 33.71747589
v 36.00000000 35.00000000 46.06015778
v 36.00000000 36.00000000 33.73654556
v 36.00000000 36.00000000 46.03423691
v 36.00000000 37.00000000 33.88057327
v 36.00000000 37.00000000 45.94854355
v 36.00000000 36.47916031 46.00000000
v 36.00000000 37.55531311 34.00000000
v 36.00000000 38.00000000 34.15665054
v 36.00000000 38.00000000 45.78444290
v 36.00000000 39.00000000 34.60076141
v 36.00000000 39.00000000 45.55515289
v 36.00000000 39.62438202 35.00000000
v 36.00000000 40.00000000 35.19586563
v 36.00000000 40.00000000 45.22405243
v 36.00000000 41.00000000 35.77086258
v 36.00000000 41.00000000 43.78846741
v 36.00000000 40.88534164 44.00000000
v 36.00000000 40.25931168 45.00000000
v 36.00000000 41.21487045 36.00000000
v 36.00000000 41.80253220 37.00000000
v 36.00000000 42.00000000 37.99105453
v 36.00000000 42.00000000 38.06206131
v 36.00000000 41.97503662 39.00000000
v 36.00000000 41.88572693 40.00000000
v 36.00000000 41.72996902 41.00000000
v 36.00000000 41.54280472 42.00000000
v 36.00000000 41.30919647 43.00000000
v 36.00000000 42.00136566 38.00000000
v 37.00000000 20.91198730 18.00000000
v 37.00000000 21.00000000 17.86292648
v 37.00000000 20.65751076 19.00000000
v 37.00000000 20.59876442 20.00000000
v 37.00000000 20.58672333 21.00000000
v 37.00000000 20.58265495 22.00000000
v 37.00000000 20.59192467 23.00000000
v 37.00000000 20.60706520 24.00000000
v 37.00000000 20.62600899 25.00000000
v 37.00000000 20.64509392 26.00000000
v 37.00000000 20.66145706 27.00000000
v 37.00000000 20.67725945 28.00000000
v 37.00000000 20.69233131 29.00000000
v 37.00000000 20.71382141 30.00000000
v 37.00000000 20.72915268 31.00000000
v 37.00000000 20.74446106 32.00000000
v 37.00000000 20.76319313 33.00000000
v 37.00000000 20.77431107 34.00000000
v 37.00000000 20.78092957 35.00000000
v 37.00000000 20.77627373 36.00000000
v 37.00000000 20.76722336 37.00000000
v 37.00000000 20.76053810 38.00000000
v 37.00000000 20.75156784 39.00000000
v 37.00000000 20.73721886 40.00000000
v 37.00000000 20.72241402 41.00000000
v 37.00000000 20.71006775 42.00000000
v 37.00000000 20.70080566 43.00000000
v 37.00000000 20.71139908 44.00000000
v 37.00000000 20.88048553 45.00000000
v 37.00000000 21.00000000 45.19503403
v 37.00000000 22.00000000 17.25377655
v 37.00000000 22.00000000 45.62503052
v 37.00000000 23.00000000 17.19264603
v 37.00000000 23.00000000 45.63253784
v 37.00000000 24.00000000 17.21210670
v 37.00000000 24.00000000 45.61101151
v 37.00000000 25.00000000 17.18881226
v 37.00000000 25.00000000 45.58388138
v 37.00000000 26.00000000 17.12767982
v 37.00000000 26.00000000 45.62943268
v 37.00000000 27.00000000 17.07576180
v 37.00000000 27.00000000 45.72172546
v 37.00000000 27.88286018 17.00000000
v 37.00000000 28.00000000 16.99033928
v 37.00000000 28.00000000 45.81463242
v 37.00000000 29.00000000 16.85089302
v 37.00000000 29.00000000 45.87800217
v 37.00000000 30.00000000 16.75388718
v 37.00000000 30.00000000 45.91695023
v 37.00000000 30.54613304 17.00000000
v 37.00000000 31.00000000 17.66176796
v 37.00000000 31.00000000 21.86304283
v 37.00000000 30.99287415 22.00000000
v 37.00000000 30.93673325 23.00000000
v 37.00000000 30.88623238 24.00000000
v 37.00000000 30.85372543 25.00000000
v 37.00000000 30.83648491 26.00000000
v 37.00000000 30.82268715 27.00000000
v 37.00000000 30.80395699 28.00000000
v 37.00000000 30.78670311 29.00000000
v 37.00000000 30.77086830 30.00000000
v 37.00000000 30.78602982 31.00000000
v 37.00000000 30.88046646 32.00000000
v 37.00000000 31.00000000 32.85269928
v 37.00000000 31.00000000 45.99164581
v 37.00000000 31.06566429 18.00000000
v 37.00000000 31.10422707 19.00000000
v 37.00000000 31.08845139 20.00000000
v 37.00000000 31.04605103 21.00000000
v 37.00000000 31.05313110 33.00000000
v 37.00000000 31.70859528 34.00000000
v 37.00000000 32.00000000 34.23286819
v 37.00000000 31.14223480 46.00000000
v 37.00000000 32.00000000 46.04246521
v 37.00000000 33.00000000 34.05473709
v 37.00000000 33.00000000 46.05207443
v 37.00000000 33.17928314 34.00000000
v 37.00000000 34.00000000 33.84268951
v 37.00000000 34.00000000 46.05791092
v 37.00000000 35.00000000 33.70487213
v 37.00000000 35.00000000 46.06227875
v 37.00000000 36.00000000 33.73540878
v 37.00000000 36.00000000 46.03437042
v 37.00000000 37.00000000 33.87862396
v 37.00000000 37.00000000 45.94819260
v 37.00000000 36.47908401 46.00000000
v 37.00000000 37.56580734 34.00000000
v 37.00000000 38.00000000 34.15377045
v 37.00000000 38.00000000 45.77958679
v 37.00000000 39.00000000 34.60110855
v 37.00000000 39.00000000 45.54910278
v 37.00000000 39.61988068 35.00000000
v 37.00000000 40.00000000 35.19756699
v 37.00000000 40.00000000 45.22105789
v 37.00000000 41.00000000 35.77390671
v 37.00000000 41.00000000 43.79742432
v 37.00000000 40.88866425 44.00000000
v 37.00000000 40.25736618 45.00000000
v 37.00000000 41.21173477 36.00000000
v 37.00000000 41.80221939 37.00000000
v 37.00000000 42.00000000 37.99498749
v 37.00000000 42.00000000 38.03863525
v 37.00000000 41.97693253 39.00000000
v 37.00000000 41.88806534 40.00000000
v 37.00000000 41.73252869 41.00000000
v 37.00000000 41.54534531 42.00000000
v 37.00000000 41.31224060 43.00000000
v 37.00000000 42.00075912 38.00000000
v 38.00000000 20.91014099 18.00000000
v 38.00000000 21.00000000 17.85965538
v 38.00000000 20.65773773 19.00000000
v 38.00000000 20.59887695 20.00000000
v 38.00000000 20.58423996 21.00000000
v 38.00000000 20.58041191 22.00000000
v 38.00000000 20.59016609 23.00000000
v 38.00000000 20.60548973 24.00000000
v 38.00000000 20.62623405 25.00000000
v 38.00000000 20.64574242 26.00000000
v 38.00000000 20.66130447 27.00000000
v 38.00000000 20.67724800 28.00000000
v 38.00000000 20.69218445 29.00000000
v 38.00000000 20.71186066 30.00000000
v 38.00000000 20.72763062 31.00000000
v 38.00000000 20.74255371 32.00000000
v 38.00000000 20.76137352 33.00000000
v 38.00000000 20.77395248 34.00000000
v 38.00000000 20.77941132 35.00000000
v 38.00000000 20.77330208 36.00000000
v 38.00000000 20.76269913 37.00000000
v 38.00000000 20.75894356 38.00000000
v 38.00000000 20.75081635 39.00000000
v 38.00000000 20.73709869 40.00000000
v 38.00000000 20.72274590 41.00000000
v 38.00000000 20.70992661 42.00000000
v 38.00000000 20.69953537 43.00000000
v 38.00000000 20.70911598 44.00000000
v 38.00000000 20.87690163 45.00000000
v 38.00000000 21.00000000 45.20087051
v 38.00000000 22.00000000 17.24960899
v 38.00000000 22.00000000 45.62542725
v 38.00000000 23.00000000 17.18703270
v 38.00000000 23.00000000 45.63121796
v 38.00000000 24.00000000 17.20276260
v 38.00000000 24.00000000 45.61076736
v 38.00000000 25.00000000 17.17810059
v 38.00000000 25.00000000 45.58515930
v 38.00000000 26.00000000 17.12050438
v 38.00000000 26.00000000 45.62509155
v 38.00000000 27.00000000 17.07393074
v 38.00000000 27.00000000 45.71512604
v 38.00000000 27.90827751 17.00000000
v 38.00000000 28.00000000 16.99275780
v 38.00000000 28.00000000 45.80958557
v 38.00000000 29.00000000 16.85786629
v 38.00000000 29.00000000 45.87129211
v 38.00000000 30.00000000 16.76129341
v 38.00000000 30.00000000 45.91165161
v 38.00000000 30.53063583 17.00000000
v 38.00000000 31.00000000 17.69578362
v 38.00000000 31.00000000 21.80921173
v 38.00000000 30.98999023 22.00000000
v 38.00000000 30.93475342 23.00000000
v 38.00000000 30.88563538 24.00000000
v 38.00000000 30.85344887 25.00000000
v 38.00000000 30.83717537 26.00000000
v 38.00000000 30.82765579 27.00000000
v 38.00000000 30.80816460 28.00000000
v 38.00000000 30.78896523 29.00000000
v 38.00000000 30.77000046 30.00000000
v 38.00000000 30.78357506 31.00000000
v 38.00000000 30.87713051 32.00000000
v 38.00000000 31.00000000 32.86026001
v 38.00000000 31.00000000 45.98801804
v 38.00000000 31.05838394 18.00000000
v 38.00000000 31.09759331 19.00000000
v 38.00000000 31.08016205 20.00000000
v 38.00000000 31.04360962 21.00000000
v 38.00000000 31.05240822 33.00000000
v 38.00000000 31.71754265 34.00000000
v 38.00000000 32.00000000 34.22788620
v 38.00000000 31.21174431 46.00000000
v 38.00000000 32.00000000 46.03752899
v 38.00000000 33.00000000 34.04410934
v 38.00000000 33.00000000 46.04545593
v 38.00000000 33.13663483 34.00000000
v 38.00000000 34.00000000 33.82170486
v 38.00000000 34.00000000 46.05741501
v 38.00000000 35.00000000 33.69033813
v 38.00000000 35.00000000 46.06391907
v 38.00000000 36.00000000 33.73432922
v 38.00000000 36.00000000 46.03517914
v 38.00000000 37.00000000 33.88093567
v 38.00000000 37.00000000 45.94639969
v 38.00000000 36.47650909 46.00000000
v 38.00000000 37.57239914 34.00000000
v 38.00000000 38.00000000 34.14814758
v 38.00000000 38.00000000 45.77484512
v 38.00000000 39.00000000 34.60210800
v 38.00000000 39.00000000 45.54295731
v 38.00000000 39.61112213 35.00000000
v 38.00000000 40.00000000 35.20206833
v 38.00000000 40.00000000 45.21899796
v 38.00000000 41.00000000 35.77814865
v 38.00000000 41.00000000 43.79650497
v 38.00000000 40.88786316 44.00000000
v 38.00000000 40.25570679 45.00000000
v 38.00000000 41.20695114 36.00000000
v 38.00000000 41.79449844 37.00000000
v 38.00000000 41.98850632 38.00000000
v 37.07505417 42.00000000 38.00000000
v 38.00000000 41.97042847 39.00000000
v 38.00000000 41.88249207 40.00000000
v 38.00000000 41.72931671 41.00000000
v 38.00000000 41.54583740 42.00000000
v 38.00000000 41.31223297 43.00000000
v 39.00000000 20.90687561 18.00000000
v 39.00000000 21.00000000 17.85373116
v 39.00000000 20.65803337 19.00000000
v 39.00000000 20.59958839 20.00000000
v 39.00000000 20.58313370 21.00000000
v 39.00000000 20.57937622 22.00000000
v 39.00000000 20.58943748 23.00000000
v 39.00000000 20.60489464 24.00000000
v 39.00000000 20.62644005 25.00000000
v 39.00000000 20.64674950 26.00000000
v 39.00000000 20.66251373 27.00000000
v 39.00000000 20.67754936 28.00000000
v 39.00000000 20.69261932 29.00000000
v 39.00000000 20.71072197 30.00000000
v 39.00000000 20.72733498 31.00000000
v 39.00000000 20.74232292 32.00000000
v 39.00000000 20.76128006 33.00000000
v 39.00000000 20.77252007 34.00000000
v 39.00000000 20.77820587 35.00000000
v 39.00000000 20.77186012 36.00000000
v 39.00000000 20.75908661 37.00000000
v 39.00000000 20.75597954 38.00000000
v 39.00000000 20.74977303 39.00000000
v 39.00000000 20.73700333 40.00000000
v 39.00000000 20.72343063 41.00000000
v 39.00000000 20.71032524 42.00000000
v 39.00000000 20.69835663 43.00000000
v 39.00000000 20.70775604 44.00000000
v 39.00000000 20.87279701 45.00000000
v 39.00000000 21.00000000 45.20819092
v 39.00000000 22.00000000 17.24616623
v 39.00000000 22.00000000 45.62506104
v 39.00000000 23.00000000 17.18176651
v 39.00000000 23.00000000 45.62763214
v 39.00000000 24.00000000 17.19160461
v 39.00000000 24.00000000 45.60817337
v 39.00000000 25.00000000 17.16804314
v 39.00000000 25.00000000 45.58261108
v 39.00000000 26.00000000 17.11460304
v 39.00000000 26.00000000 45.61696625
v 39.00000000 27.00000000 17.07080460
v 39.00000000 27.00000000 45.70662689
v 39.00000000 27.93457794 17.00000000
v 39.00000000 28.00000000 16.99517250
v 39.00000000 28.00000000 45.80129623
v 39.00000000 29.00000000 16.86389923
v 39.00000000 29.00000000 45.86178970
v 39.00000000 30.00000000 16.76849174
v 39.00000000 30.00000000 45.90378571
v 39.00000000 30.51642799 17.00000000
v 39.00000000 31.00000000 17.73162842
v 39.00000000 31.00000000 21.74592972
v 39.00000000 30.98632240 22.00000000
v 39.00000000 30.93244934 23.00000000
v 39.00000000 30.88373756 24.00000000
v 39.00000000 30.85288429 25.00000000
v 39.00000000 30.83781052 26.00000000
v 39.00000000 30.83049393 27.00000000
v 39.00000000 30.81236839 28.00000000
v 39.00000000 30.79097176 29.00000000
v 39.00000000 30.77239227 30.00000000
v 39.00000000 30.78116608 31.00000000
v 39.00000000 30.87594795 32.00000000
v 39.00000000 31.00000000 32.85757828
v 39.00000000 31.00000000 45.97714233
v 39.00000000 31.05096245 18.00000000
v 39.00000000 31.09073830 19.00000000
v 39.00000000 31.07310104 20.00000000
v 39.00000000 31.04124832 21.00000000
v 39.00000000 31.05515671 33.00000000
v 39.00000000 31.72668457 34.00000000
v 39.00000000 32.00000000 34.22171021
v 39.00000000 31.40161324 46.00000000
v 39.00000000 32.00000000 46.02892303
v 39.00000000 33.00000000 34.03573227
v 39.00000000 33.00000000 46.03802490
v 39.00000000 33.10498810 34.00000000
v 39.00000000 34.00000000 33.80042648
v 39.00000000 34.00000000 46.05465698
v 39.00000000 35.00000000 33.68062592
v 39.00000000 35.00000000 46.06362534
v 39.00000000 36.00000000 33.73051453
v 39.00000000 36.00000000 46.03405380
v 39.00000000 37.00000000 33.88269043
v 39.00000000 37.00000000 45.94175339
v 39.00000000 36.44684219 46.00000000
v 39.00000000 37.58099747 34.00000000
v 39.00000000 38.00000000 34.14137650
v 39.00000000 38.00000000 45.76777267
v 39.00000000 39.00000000 34.60325241
v 39.00000000 39.00000000 45.53465271
v 39.00000000 39.59980011 35.00000000
v 39.00000000 40.00000000 35.20821381
v 39.00000000 40.00000000 45.21343613
v 39.00000000 41.00000000 35.78313828
v 39.00000000 41.00000000 43.79359055
v 39.00000000 40.88678360 44.00000000
v 39.00000000 40.25253677 45.00000000
v 39.00000000 41.20112610 36.00000000
v 39.00000000 41.78506088 37.00000000
v 39.00000000 41.97590256 38.00000000
v 39.00000000 41.96388626 39.00000000
v 39.00000000 41.87582016 40.00000000
v 39.00000000 41.72483826 41.00000000
v 39.00000000 41.54507446 42.00000000
v 39.00000000 41.30961990 43.00000000
v 40.00000000 20.90300751 18.00000000
v 40.00000000 21.00000000 17.84677124
v 40.00000000 20.65752792 19.00000000
v 40.00000000 20.59946251 20.00000000
v 40.00000000 20.58218765 21.00000000
v 40.00000000 20.57802773 22.00000000
v 40.00000000 20.58926964 23.00000000
v 40.00000000 20.60504913 24.00000000
v 40.00000000 20.62789536 25.00000000
v 40.00000000 20.64940262 26.00000000
v 40.00000000 20.66538048 27.00000000
v 40.00000000 20.68020248 28.00000000
v 40.00000000 20.69643974 29.00000000
v 40.00000000 20.71268845 30.00000000
v 40.00000000 20.73088646 31.00000000
v 40.00000000 20.74564171 32.00000000
v 40.00000000 20.76418686 33.00000000
v 40.00000000 20.77291679 34.00000000
v 40.00000000 20.77890205 35.00000000
v 40.00000000 20.77329063 36.00000000
v 40.00000000 20.75930977 37.00000000
v 40.00000000 20.75539780 38.00000000
v 40.00000000 20.75092125 39.00000000
v 40.00000000 20.74037361 40.00000000
v 40.00000000 20.72601891 41.00000000
v 40.00000000 20.71257210 42.00000000
v 40.00000000 20.70032501 43.00000000
v 40.00000000 20.70969009 44.00000000
v 40.00000000 20.87461090 45.00000000
v 40.00000000 21.00000000 45.20629501
v 40.00000000 22.00000000 17.24145889
v 40.00000000 22.00000000 45.62960052
v 40.00000000 23.00000000 17.17605019
v 40.00000000 23.00000000 45.62512589
v 40.00000000 24.00000000 17.17955399
v 40.00000000 24.00000000 45.60333633
v 40.00000000 25.00000000 17.15964508
v 40.00000000 25.00000000 45.57723999
v 40.00000000 26.00000000 17.10964584
v 40.00000000 26.00000000 45.60948181
v 40.00000000 27.00000000 17.06825066
v 40.00000000 27.00000000 45.69656754
v 40.00000000 27.96906090 17.00000000
v 40.00000000 28.00000000 16.99788475
v 40.00000000 28.00000000 45.79017258
v 40.00000000 29.00000000 16.86907959
v 40.00000000 29.00000000 45.85240555
v 40.00000000 30.00000000 16.77605057
v 40.00000000 30.00000000 45.89688873
v 40.00000000 30.50141525 17.00000000
v 40.00000000 31.00000000 17.76998329
v 40.00000000 31.00000000 21.68064880
v 40.00000000 30.98201752 22.00000000
v 40.00000000 30.92870331 23.00000000
v 40.00000000 30.88175774 24.00000000
v 40.00000000 30.85367584 25.00000000
v 40.00000000 30.84074402 26.00000000
v 40.00000000 30.83158684 27.00000000
v 40.00000000 30.81454086 28.00000000
v 40.00000000 30.79377556 29.00000000
v 40.00000000 30.77542686 30.00000000
v 40.00000000 30.77976799 31.00000000
v 40.00000000 30.87760925 32.00000000
v 40.00000000 31.00000000 32.85878754
v 40.00000000 31.00000000 45.96736526
v 40.00000000 31.04311371 18.00000000
v 40.00000000 31.08357620 19.00000000
v 40.00000000 31.07090569 20.00000000
v 40.00000000 31.03940964 21.00000000
v 40.00000000 31.05553627 33.00000000
v 40.00000000 31.73901749 34.00000000
v 40.00000000 32.00000000 34.21126556
v 40.00000000 31.59944916 46.00000000
v 40.00000000 32.00000000 46.01860428
v 40.00000000 33.00000000 34.02661514
v 40.00000000 33.00000000 46.03017807
v 40.00000000 33.07688904 34.00000000
v 40.00000000 34.00000000 33.78567123
v 40.00000000 34.00000000 46.05113602
v 40.00000000 35.00000000 33.67356491
v 40.00000000 35.00000000 46.06130981
v 40.00000000 36.00000000 33.72709274
v 40.00000000 36.00000000 46.03264999
v 40.00000000 37.00000000 33.87980270
v 40.00000000 37.00000000 45.93873215
v 40.00000000 36.42453766 46.00000000
v 40.00000000 37.59654236 34.00000000
v 40.00000000 38.00000000 34.13585663
v 40.00000000 38.00000000 45.76005173
v 40.00000000 39.00000000 34.60112762
v 40.00000000 39.00000000 45.52505112
v 40.00000000 39.59368896 35.00000000
v 40.00000000 40.00000000 35.21119308
v 40.00000000 40.00000000 45.21006393
v 40.00000000 41.00000000 35.78930664
v 40.00000000 41.00000000 43.79021454
v 40.00000000 40.88581085 44.00000000
v 40.00000000 40.25205612 45.00000000
v 40.00000000 41.19433975 36.00000000
v 40.00000000 41.77550125 37.00000000
v 40.00000000 41.96409988 38.00000000
v 40.00000000 41.95630264 39.00000000
v 40.00000000 41.86865616 40.00000000
v 40.00000000 41.72045898 41.00000000
v 40.00000000 41.54545212 42.00000000
v 40.00000000 41.30661774 43.00000000
v 41.00000000 20.89834595 18.00000000
v 41.00000000 21.00000000 17.83795357
v 41.00000000 20.65660667 19.00000000
v 41.00000000 20.60056686 20.00000000
v 41.00000000 20.58291054 21.00000000
v 41.00000000 20.57739258 22.00000000
v 41.00000000 20.59007263 23.00000000
v 41.00000000 20.60718155 24.00000000
v 41.00000000 20.63072586 25.00000000
v 41.00000000 20.65403938 26.00000000
v 41.00000000 20.67081070 27.00000000
v 41.00000000 20.68521500 28.00000000
v 41.00000000 20.70290375 29.00000000
v 41.00000000 20.71894264 30.00000000
v 41.00000000 20.73550034 31.00000000
v 41.00000000 20.75384140 32.00000000
v 41.00000000 20.76986885 33.00000000
v 41.00000000 20.77825928 34.00000000
v 41.00000000 20.78292465 35.00000000
v 41.00000000 20.77807808 36.00000000
v 41.00000000 20.76384735 37.00000000
v 41.00000000 20.75818253 38.00000000
v 41.00000000 20.75293732 39.00000000
v 41.00000000 20.74503517 40.00000000
v 41.00000000 20.73040199 41.00000000
v 41.00000000 20.71626472 42.00000000
v 41.00000000 20.70521545 43.00000000
v 41.00000000 20.71399307 44.00000000
v 41.00000000 20.88013077 45.00000000
v 41.00000000 21.00000000 45.19847870
v 41.00000000 22.00000000 17.23380470
v 41.00000000 22.00000000 45.63233185
v 41.00000000 23.00000000 17.16848564
v 41.00000000 23.00000000 45.62385559
v 41.00000000 24.00000000 17.16774178
v 41.00000000 24.00000000 45.59611511
v 41.00000000 25.00000000 17.15197754
v 41.00000000 25.00000000 45.57111740
v 41.00000000 26.00000000 17.10321999
v 41.00000000 26.00000000 45.60027695
v 41.00000000 27.00000000 17.06639481
v 41.00000000 27.00000000 45.68420410
v 40.61529922 28.00000000 17.00000000
v 41.00000000 28.00000000 17.00132370
v 41.00000000 28.00000000 45.77708435
v 41.00000000 28.01049805 17.00000000
v 41.00000000 29.00000000 16.87397003
v 41.00000000 29.00000000 45.84245300
v 41.00000000 30.00000000 16.78311348
v 41.00000000 30.00000000 45.88946533
v 41.00000000 30.48612404 17.00000000
v 41.00000000 31.00000000 17.81153107
v 41.00000000 31.00000000 21.60270309
v 41.00000000 30.97723198 22.00000000
v 41.00000000 30.92428398 23.00000000
v 41.00000000 30.87952042 24.00000000
v 41.00000000 30.85540199 25.00000000
v 41.00000000 30.84456825 26.00000000
v 41.00000000 30.83096504 27.00000000
v 41.00000000 30.81534767 28.00000000
v 41.00000000 30.79514503 29.00000000
v 41.00000000 30.77880478 30.00000000
v 41.00000000 30.78318787 31.00000000
v 41.00000000 30.87809372 32.00000000
v 41.00000000 31.00000000 32.85888672
v 41.00000000 31.00000000 45.95818710
v 41.00000000 31.03478050 18.00000000
v 41.00000000 31.07610512 19.00000000
v 41.00000000 31.06831741 20.00000000
v 41.00000000 31.03571510 21.00000000
v 41.00000000 31.05718231 33.00000000
v 41.00000000 31.75019836 34.00000000
v 41.00000000 32.00000000 34.20095062
v 41.00000000 31.84023094 46.00000000
v 41.00000000 32.00000000 46.00677872
v 41.00000000 33.00000000 34.01630783
v 41.00000000 33.00000000 46.02614212
v 41.00000000 33.04725266 34.00000000
v 41.00000000 34.00000000 33.77405930
v 41.00000000 34.00000000 46.04732895
v 41.00000000 35.00000000 33.66606140
v 41.00000000 35.00000000 46.05795670
v 41.00000000 36.00000000 33.72276688
v 41.00000000 36.00000000 46.03104019
v 41.00000000 37.00000000 33.87339401
v 41.00000000 37.00000000 45.93414307
v 41.00000000 36.39662552 46.00000000
v 41.00000000 37.64112854 34.00000000
v 41.00000000 38.00000000 34.11955643
v 41.00000000 38.00000000 45.75057602
v 41.00000000 39.00000000 34.59107971
v 41.00000000 39.00000000 45.51627731
v 41.00000000 39.58742142 35.00000000
v 41.00000000 40.00000000 35.21542358
v 41.00000000 40.00000000 45.21048355
v 41.00000000 41.00000000 35.79620361
v 41.00000000 41.00000000 43.78639221
v 41.00000000 40.88443375 44.00000000
v 41.00000000 40.25524521 45.00000000
v 41.00000000 41.18610382 36.00000000
v 41.00000000 41.76659775 37.00000000
v 41.00000000 41.95347214 38.00000000
v 41.00000000 41.94850540 39.00000000
v 41.00000000 41.86075211 40.00000000
v 41.00000000 41.71607590 41.00000000
v 41.00000000 41.54566574 42.00000000
v 41.00000000 41.30382156 43.00000000
v 42.00000000 20.89251137 18.00000000
v 42.00000000 21.00000000 17.82495880
v 42.00000000 20.65535355 19.00000000
v 42.00000000 20.60315704 20.00000000
v 42.00000000 20.58549118 21.00000000
v 42.00000000 20.57890511 22.00000000
v 42.00000000 20.59228516 23.00000000
v 42.00000000 20.61106873 24.00000000
v 42.00000000 20.63605118 25.00000000
v 42.00000000 20.65994644 26.00000000
v 42.00000000 20.67790985 27.00000000
v 42.00000000 20.69323921 28.00000000
v 42.00000000 20.71111679 29.00000000
v 42.00000000 20.72652435 30.00000000
v 42.00000000 20.74333954 31.00000000
v 42.00000000 20.76365280 32.00000000
v 42.00000000 20.77701950 33.00000000
v 42.00000000 20.78526497 34.00000000
v 42.00000000 20.78906059 35.00000000
v 42.00000000 20.78312874 36.00000000
v 42.00000000 20.77007484 37.00000000
v 42.00000000 20.76329994 38.00000000
v 42.00000000 20.75623322 39.00000000
v 42.00000000 20.74749565 40.00000000
v 42.00000000 20.73406982 41.00000000
v 42.00000000 20.71931267 42.00000000
v 42.00000000 20.70933533 43.00000000
v 42.00000000 20.71849251 44.00000000
v 42.00000000 20.88668251 45.00000000
v 42.00000000 21.00000000 45.18917084
v 42.00000000 22.00000000 17.21926880
v 42.00000000 22.00000000 45.63442993
v 42.00000000 23.00000000 17.15872002
v 42.00000000 23.00000000 45.62344742
v 42.00000000 24.00000000 17.15580368
v 42.00000000 24.00000000 45.59151077
v 42.00000000 25.00000000 17.14315033
v 42.00000000 25.00000000 45.56475067
v 42.00000000 26.00000000 17.09656525
v 42.00000000 26.00000000 45.59139633
v 42.00000000 27.00000000 17.06535912
v 42.00000000 27.00000000 45.67111588
v 42.00000000 28.00000000 17.00584984
v 42.00000000 28.00000000 45.76316452
v 42.00000000 28.04609108 17.00000000
v 42.00000000 29.00000000 16.87779999
v 42.00000000 29.00000000 45.83244324
v 42.00000000 30.00000000 16.78883171
v 42.00000000 30.00000000 45.88143921
v 42.00000000 30.47181702 17.00000000
v 42.00000000 31.00000000 17.85314751
v 42.00000000 31.00000000 21.52616119
v 42.00000000 30.97263336 22.00000000
v 42.00000000 30.91970062 23.00000000
v 42.00000000 30.87759781 24.00000000
v 42.00000000 30.85717583 25.00000000
v 42.00000000 30.84814072 26.00000000
v 42.00000000 30.83034515 27.00000000
v 42.00000000 30.81594849 28.00000000
v 42.00000000 30.79571724 29.00000000
v 42.00000000 30.78261757 30.00000000
v 42.00000000 30.78812790 31.00000000
v 42.00000000 30.87982368 32.00000000
v 42.00000000 31.00000000 32.85720825
v 42.00000000 31.00000000 45.94695282
v 42.00000000 31.02680969 18.00000000
v 42.00000000 31.07176971 19.00000000
v 42.00000000 31.06469536 20.00000000
v 42.00000000 31.03155899 21.00000000
v 42.00000000 31.05949402 33.00000000
v 42.00000000 31.76782608 34.00000000
v 42.00000000 32.00000000 34.18411255
v 41.62823486 32.00000000 46.00000000
v 42.00000000 32.00000000 45.99528122
v 42.00000000 33.00000000 34.00382996
v 42.00000000 32.15316772 46.00000000
v 42.00000000 33.00000000 46.02210999
v 42.00000000 33.01118851 34.00000000
v 42.00000000 34.00000000 33.76074600
v 42.00000000 34.00000000 46.04341507
v 42.00000000 35.00000000 33.66162872
v 42.00000000 35.00000000 46.05270004
v 42.00000000 36.00000000 33.72059250
v 42.00000000 36.00000000 46.02843094
v 42.00000000 37.00000000 33.86489487
v 42.00000000 37.00000000 45.93038559
v 42.00000000 36.36362839 46.00000000
v 42.00000000 37.72951508 34.00000000
v 42.00000000 38.00000000 34.08547974
v 42.00000000 38.00000000 45.74074173
v 42.00000000 39.00000000 34.58416748
v 42.00000000 39.00000000 45.50940323
v 42.00000000 39.57734299 35.00000000
v 42.00000000 40.00000000 35.22097397
v 42.00000000 40.00000000 45.21407700
v 42.00000000 41.00000000 35.80440903
v 42.00000000 41.00000000 43.78528595
v 42.00000000 40.88459396 44.00000000
v 42.00000000 40.26076889 45.00000000
v 42.00000000 41.17762756 36.00000000
v 42.00000000 41.75415421 37.00000000
v 42.00000000 41.94353485 38.00000000
v 42.00000000 41.94065857 39.00000000
v 42.00000000 41.85368347 40.00000000
v 42.00000000 41.71410370 41.00000000
v 42.00000000 41.54576111 42.00000000
v 42.00000000 41.30144501 43.00000000
v 43.00000000 20.88751411 18.00000000
v 43.00000000 21.00000000 17.81273079
v 43.00000000 20.65471268 19.00000000
v 43.00000000 20.60614967 20.00000000
v 43.00000000 20.58902168 21.00000000
v 43.00000000 20.58142853 22.00000000
v 43.00000000 20.59552002 23.00000000
v 43.00000000 20.61633110 24.00000000
v 43.00000000 20.64200211 25.00000000
v 43.00000000 20.66505432 26.00000000
v 43.00000000 20.68454170 27.00000000
v 43.00000000 20.70111656 28.00000000
v 43.00000000 20.71938324 29.00000000
v 43.00000000 20.73432922 30.00000000
v 43.00000000 20.75321198 31.00000000
v 43.00000000 20.77464676 32.00000000
v 43.00000000 20.78653145 33.00000000
v 43.00000000 20.79396439 34.00000000
v 43.00000000 20.79636955 35.00000000
v 43.00000000 20.78964615 36.00000000
v 43.00000000 20.77770996 37.00000000
v 43.00000000 20.76902771 38.00000000
v 43.00000000 20.75910568 39.00000000
v 43.00000000 20.74794006 40.00000000
v 43.00000000 20.73479271 41.00000000
v 43.00000000 20.72281456 42.00000000
v 43.00000000 20.71204567 43.00000000
v 43.00000000 20.72256660 44.00000000
v 43.00000000 20.89313316 45.00000000
v 43.00000000 21.00000000 45.17987442
v 43.00000000 22.00000000 17.19828033
v 43.00000000 22.00000000 45.63472748
v 43.00000000 23.00000000 17.13715363
v 43.00000000 23.00000000 45.62287903
v 43.00000000 24.00000000 17.14310455
v 43.00000000 24.00000000 45.59054184
v 43.00000000 25.00000000 17.13283730
v 43.00000000 25.00000000 45.55952454
v 43.00000000 26.00000000 17.08931541
v 43.00000000 26.00000000 45.58448029
v 43.00000000 27.00000000 17.06298828
v 43.00000000 27.00000000 45.65840530
v 43.00000000 28.00000000 17.01117134
v 43.00000000 28.00000000 45.74839401
v 43.00000000 28.08666420 17.00000000
v 43.00000000 29.00000000 16.88090324
v 43.00000000 29.00000000 45.82231522
v 43.00000000 30.00000000 16.79418564
v 43.00000000 30.00000000 45.87401199
v 43.00000000 30.45887375 17.00000000
v 43.00000000 31.00000000 17.88721657
v 43.00000000 31.00000000 21.44313431
v 43.00000000 30.96909332 22.00000000
v 43.00000000 30.91560936 23.00000000
v 43.00000000 30.87611580 24.00000000
v 43.00000000 30.85827255 25.00000000
v 43.00000000 30.85006142 26.00000000
v 43.00000000 30.83269882 27.00000000
v 43.00000000 30.81548309 28.00000000
v 43.00000000 30.79713440 29.00000000
v 43.00000000 30.78596878 30.00000000
v 43.00000000 30.79079437 31.00000000
v 43.00000000 30.88356209 32.00000000
v 43.00000000 31.00000000 32.85302353
v 43.00000000 31.00000000 45.93581390
v 43.00000000 31.02047157 18.00000000
v 43.00000000 31.06752396 19.00000000
v 43.00000000 31.06014252 20.00000000
v 43.00000000 31.02560997 21.00000000
v 43.00000000 31.06237221 33.00000000
v 43.00000000 31.79911423 34.00000000
v 43.00000000 32.00000000 34.15739441
v 43.00000000 32.00000000 45.98218536
v 42.37116241 33.00000000 34.00000000
v 43.00000000 32.95952225 34.00000000
v 43.00000000 33.00000000 33.99488831
v 43.00000000 32.46653748 46.00000000
v 43.00000000 33.00000000 46.01732635
v 43.00000000 34.00000000 33.74713516
v 43.00000000 34.00000000 46.03876114
v 43.00000000 35.00000000 33.65769958
v 43.00000000 35.00000000 46.04603958
v 43.00000000 36.00000000 33.70672989
v 43.00000000 36.00000000 46.02365875
v 43.00000000 37.00000000 33.85212708
v 43.00000000 37.00000000 45.92708206
v 43.00000000 36.31299591 46.00000000
v 43.00000000 37.76883698 34.00000000
v 43.00000000 38.00000000 34.07323074
v 43.00000000 38.00000000 45.73313904
v 43.00000000 39.00000000 34.58335495
v 43.00000000 39.00000000 45.50466537
v 43.00000000 39.56626892 35.00000000
v 43.00000000 40.00000000 35.22662354
v 43.00000000 40.00000000 45.21909332
v 43.00000000 41.00000000 35.81913757
v 43.00000000 41.00000000 43.78623962
v 43.00000000 40.88607025 44.00000000
v 43.00000000 40.26586151 45.00000000
v 43.00000000 41.16382599 36.00000000
v 43.00000000 41.74364471 37.00000000
v 43.00000000 41.93120956 38.00000000
v 43.00000000 41.93208313 39.00000000
v 43.00000000 41.84620667 40.00000000
v 43.00000000 41.71260071 41.00000000
v 43.00000000 41.54568481 42.00000000
v 43.00000000 41.29907227 43.00000000
v 44.00000000 20.88479996 18.00000000
v 44.00000000 21.00000000 17.80324364
v 44.00000000 20.65559006 19.00000000
v 44.00000000 20.60992813 20.00000000
v 44.00000000 20.59309387 21.00000000
v 44.00000000 20.58628082 22.00000000
v 44.00000000 20.60115623 23.00000000
v 44.00000000 20.62360573 24.00000000
v 44.00000000 20.65034485 25.00000000
v 44.00000000 20.67202187 26.00000000
v 44.00000000 20.69251633 27.00000000
v 44.00000000 20.71132088 28.00000000
v 44.00000000 20.72857475 29.00000000
v 44.00000000 20.74457550 30.00000000
v 44.00000000 20.76376724 31.00000000
v 44.00000000 20.78449249 32.00000000
v 44.00000000 20.79510880 33.00000000
v 44.00000000 20.80365562 34.00000000
v 44.00000000 20.80370522 35.00000000
v 44.00000000 20.79621506 36.00000000
v 44.00000000 20.78450584 37.00000000
v 44.00000000 20.77457428 38.00000000
v 44.00000000 20.76077843 39.00000000
v 44.00000000 20.74858093 40.00000000
v 44.00000000 20.73420715 41.00000000
v 44.00000000 20.72594070 42.00000000
v 44.00000000 20.71425056 43.00000000
v 44.00000000 20.72494698 44.00000000
v 44.00000000 20.89857864 45.00000000
v 44.00000000 21.00000000 45.17162704
v 44.00000000 22.00000000 17.17749596
v 44.00000000 22.00000000 45.63334274
v 44.00000000 23.00000000 17.11457062
v 44.00000000 23.00000000 45.62302399
v 44.00000000 24.00000000 17.11996460
v 44.00000000 24.00000000 45.58973694
v 44.00000000 25.00000000 17.11952209
v 44.00000000 25.00000000 45.55907440
v 44.00000000 26.00000000 17.08022690
v 44.00000000 26.00000000 45.57704544
v 44.00000000 27.00000000 17.05851746
v 44.00000000 27.00000000 45.64506531
v 44.00000000 28.00000000 17.01481438
v 44.00000000 28.00000000 45.73211288
v 44.00000000 28.11509705 17.00000000
v 44.00000000 29.00000000 16.88431358
v 44.00000000 29.00000000 45.81174469
v 44.00000000 30.00000000 16.79953194
v 44.00000000 30.00000000 45.86610794
v 44.00000000 30.44380379 17.00000000
v 44.00000000 31.00000000 17.90244675
v 44.00000000 31.00000000 21.34251213
v 44.00000000 30.96541977 22.00000000
v 44.00000000 30.91182899 23.00000000
v 44.00000000 30.87448692 24.00000000
v 44.00000000 30.85994148 25.00000000
v 44.00000000 30.85146713 26.00000000
v 44.00000000 30.83589363 27.00000000
v 44.00000000 30.81525803 28.00000000
v 44.00000000 30.80009270 29.00000000
v 44.00000000 30.78931999 30.00000000
v 44.00000000 30.79298592 31.00000000
v 44.00000000 30.88536263 32.00000000
v 44.00000000 31.00000000 32.84165955
v 44.00000000 31.00000000 45.92443466
v 44.00000000 31.01807022 18.00000000
v 44.00000000 31.06374931 19.00000000
v 44.00000000 31.05446053 20.00000000
v 44.00000000 31.01881027 21.00000000
v 44.00000000 31.07013130 33.00000000
v 44.00000000 31.83240128 34.00000000
v 44.00000000 32.00000000 34.12908936
v 44.00000000 32.00000000 45.97137070
v 44.00000000 32.89170456 34.00000000
v 44.00000000 33.00000000 33.98768616
v 44.00000000 32.69754028 46.00000000
v 44.00000000 33.00000000 46.01063156
v 44.00000000 34.00000000 33.72492599
v 44.00000000 34.00000000 46.03241730
v 44.00000000 35.00000000 33.63114548
v 44.00000000 35.00000000 46.03913116
v 44.00000000 36.00000000 33.68824768
v 44.00000000 36.00000000 46.01812744
v 44.00000000 37.00000000 33.84106827
v 44.00000000 37.00000000 45.92175674
v 44.00000000 36.24572754 46.00000000
v 44.00000000 37.79196548 34.00000000
v 44.00000000 38.00000000 34.06652069
v 44.00000000 38.00000000 45.72698593
v 44.00000000 39.00000000 34.58651733
v 44.00000000 39.00000000 45.50217438
v 44.00000000 39.54718018 35.00000000
v 44.00000000 40.00000000 35.23833466
v 44.00000000 40.00000000 45.22319794
v 44.00000000 41.00000000 35.83580399
v 44.00000000 41.00000000 43.78533936
v 44.00000000 40.88708115 44.00000000
v 44.00000000 40.26951599 45.00000000
v 44.00000000 41.14847183 36.00000000
v 44.00000000 41.73195648 37.00000000
v 44.00000000 41.91865158 38.00000000
v 44.00000000 41.92012405 39.00000000
v 44.00000000 41.84088898 40.00000000
v 44.00000000 41.71044540 41.00000000
v 44.00000000 41.54523849 42.00000000
v 44.00000000 41.29492569 43.00000000
v 45.00000000 20.88155365 18.00000000
v 45.00000000 21.00000000 17.79264069
v 45.00000000 20.66015625 19.00000000
v 45.00000000 20.61686134 20.00000000
v 45.00000000 20.60160065 21.00000000
v 45.00000000 20.59474373 22.00000000
v 45.00000000 20.60962868 23.00000000
v 45.00000000 20.63262939 24.00000000
v 45.00000000 20.65864754 25.00000000
v 45.00000000 20.68003464 26.00000000
v 45.00000000 20.70220375 27.00000000
v 45.00000000 20.72278786 28.00000000
v 45.00000000 20.73969460 29.00000000
v 45.00000000 20.75593567 30.00000000
v 45.00000000 20.77417755 31.00000000
v 45.00000000 20.79294205 32.00000000
v 45.00000000 20.80569458 33.00000000
v 45.00000000 20.81364059 34.00000000
v 45.00000000 20.81245995 35.00000000
v 45.00000000 20.80380630 36.00000000
v 45.00000000 20.79035187 37.00000000
v 45.00000000 20.77788734 38.00000000
v 45.00000000 20.76198387 39.00000000
v 45.00000000 20.74963188 40.00000000
v 45.00000000 20.73513031 41.00000000
v 45.00000000 20.72629929 42.00000000
v 45.00000000 20.71562958 43.00000000
v 45.00000000 20.72620392 44.00000000
v 45.00000000 20.90321159 45.00000000
v 45.00000000 21.00000000 45.16312027
v 45.00000000 22.00000000 17.15951729
v 45.00000000 22.00000000 45.63087463
v 45.00000000 23.00000000 17.09426308
v 45.00000000 23.00000000 45.62215805
v 45.00000000 24.00000000 17.09931183
v 45.00000000 24.00000000 45.58899307
v 45.00000000 25.00000000 17.09578133
v 45.00000000 25.00000000 45.56150818
v 45.00000000 26.00000000 17.06772804
v 45.00000000 26.00000000 45.57243729
v 45.00000000 27.00000000 17.05231857
v 45.00000000 27.00000000 45.63080597
v 45.00000000 28.00000000 17.01501274
v 45.00000000 28.00000000 45.71747589
v 45.00000000 28.12189865 17.00000000
v 45.00000000 29.00000000 16.88917351
v 45.00000000 29.00000000 45.80150604
v 45.00000000 30.00000000 16.80484390
v 45.00000000 30.00000000 45.85766983
v 45.00000000 30.43108177 17.00000000
v 45.00000000 31.00000000 17.90791512
v 45.00000000 31.00000000 21.22781181
v 45.00000000 30.96193886 22.00000000
v 45.00000000 30.90897369 23.00000000
v 45.00000000 30.87317657 24.00000000
v 45.00000000 30.85959244 25.00000000
v 45.00000000 30.85251999 26.00000000
v 45.00000000 30.83920288 27.00000000
v 45.00000000 30.82107925 28.00000000
v 45.00000000 30.80213547 29.00000000
v 45.00000000 30.79289055 30.00000000
v 45.00000000 30.79286385 31.00000000
v 45.00000000 30.88691711 32.00000000
v 45.00000000 31.00000000 32.85082626
v 45.00000000 31.00000000 45.91459274
v 45.00000000 31.01738548 18.00000000
v 45.00000000 31.06040573 19.00000000
v 45.00000000 31.04761887 20.00000000
v 45.00000000 31.01176643 21.00000000
v 45.00000000 31.06908417 33.00000000
v 45.00000000 31.86196518 34.00000000
v 45.00000000 32.00000000 34.10678101
v 45.00000000 32.00000000 45.96659851
v 45.00000000 32.71072769 34.00000000
v 45.00000000 33.00000000 33.96432495
v 45.00000000 32.84053421 46.00000000
v 45.00000000 33.00000000 46.00542068
v 45.00000000 34.00000000 33.68194962
v 45.00000000 34.00000000 46.02779007
v 45.00000000 35.00000000 33.60253906
v 45.00000000 35.00000000 46.03517532
v 45.00000000 36.00000000 33.67231750
v 45.00000000 36.00000000 46.01371384
v 45.00000000 37.00000000 33.82963181
v 45.00000000 37.00000000 45.91770935
v 45.00000000 36.19050980 46.00000000
v 45.00000000 37.81109238 34.00000000
v 45.00000000 38.00000000 34.06147385
v 45.00000000 38.00000000 45.72740936
v 45.00000000 39.00000000 34.59474564
v 45.00000000 39.00000000 45.50344467
v 45.00000000 39.52617264 35.00000000
v 45.00000000 40.00000000 35.25464249
v 45.00000000 40.00000000 45.22247696
v 45.00000000 41.00000000 35.85500336
v 45.00000000 41.00000000 43.76840591
v 45.00000000 40.88018036 44.00000000
v 45.00000000 40.26743317 45.00000000
v 45.00000000 41.13063431 36.00000000
v 45.00000000 41.71713257 37.00000000
v 45.00000000 41.90245819 38.00000000
v 45.00000000 41.90569305 39.00000000
v 45.00000000 41.82811737 40.00000000
v 45.00000000 41.70254898 41.00000000
v 45.00000000 41.53962326 42.00000000
v 45.00000000 41.28615952 43.00000000
v 46.00000000 20.87589645 18.00000000
v 46.00000000 21.00000000 17.77804375
v 46.00000000 20.66309357 19.00000000
v 46.00000000 20.62369919 20.00000000
v 46.00000000 20.61237335 21.00000000
v 46.00000000 20.60578537 22.00000000
v 46.00000000 20.62233353 23.00000000
v 46.00000000 20.64474678 24.00000000
v 46.00000000 20.66807747 25.00000000
v 46.00000000 20.69005013 26.00000000
v 46.00000000 20.71232033 27.00000000
v 46.00000000 20.73410988 28.00000000
v 46.00000000 20.75194931 29.00000000
v 46.00000000 20.76736259 30.00000000
v 46.00000000 20.78446579 31.00000000
v 46.00000000 20.80284500 32.00000000
v 46.00000000 20.81774139 33.00000000
v 46.00000000 20.82496834 34.00000000
v 46.00000000 20.82502174 35.00000000
v 46.00000000 20.81316757 36.00000000
v 46.00000000 20.79611206 37.00000000
v 46.00000000 20.78032684 38.00000000
v 46.00000000 20.76347542 39.00000000
v 46.00000000 20.75186920 40.00000000
v 46.00000000 20.73707581 41.00000000
v 46.00000000 20.72474289 42.00000000
v 46.00000000 20.71485329 43.00000000
v 46.00000000 20.72890282 44.00000000
v 46.00000000 20.91202164 45.00000000
v 46.00000000 21.00000000 45.14706039
v 46.00000000 22.00000000 17.13741875
v 46.00000000 22.00000000 45.62674332
v 46.00000000 23.00000000 17.07327080
v 46.00000000 23.00000000 45.62337112
v 46.00000000 24.00000000 17.08213806
v 46.00000000 24.00000000 45.58940125
v 46.00000000 25.00000000 17.07447624
v 46.00000000 25.00000000 45.56443024
v 46.00000000 26.00000000 17.04951668
v 46.00000000 26.00000000 45.57221985
v 46.00000000 27.00000000 17.03841782
v 46.00000000 27.00000000 45.62059021
v 46.00000000 28.00000000 17.01356125
v 46.00000000 28.00000000 45.70404053
v 46.00000000 28.11799431 17.00000000
v 46.00000000 29.00000000 16.89492798
v 46.00000000 29.00000000 45.79223633
v 46.00000000 30.00000000 16.81074905
v 46.00000000 30.00000000 45.84967041
v 46.00000000 30.42092514 17.00000000
v 46.00000000 31.00000000 17.90304756
v 46.00000000 31.00000000 21.13533974
v 46.00000000 30.95907784 22.00000000
v 46.00000000 30.90668869 23.00000000
v 46.00000000 30.87163353 24.00000000
v 46.00000000 30.85892677 25.00000000
v 46.00000000 30.85363960 26.00000000
v 46.00000000 30.84255409 27.00000000
v 46.00000000 30.82574463 28.00000000
v 46.00000000 30.80497932 29.00000000
v 46.00000000 30.79615593 30.00000000
v 46.00000000 30.79180336 31.00000000
v 46.00000000 30.88632393 32.00000000
v 46.00000000 31.00000000 32.86225891
v 46.00000000 31.00000000 45.90589905
v 46.00000000 31.01866341 18.00000000
v 46.00000000 31.05727959 19.00000000
v 46.00000000 31.04320335 20.00000000
v 46.00000000 31.00674820 21.00000000
v 46.00000000 31.07050896 33.00000000
v 46.00000000 31.92053986 34.00000000
v 46.00000000 32.00000000 34.06092072
v 46.00000000 32.00000000 45.96194839
v 46.00000000 32.38840485 34.00000000
v 46.00000000 33.00000000 33.91598129
v 46.00000000 32.95500565 46.00000000
v 46.00000000 33.00000000 46.00152969
v 46.00000000 34.00000000 33.62532425
v 46.00000000 34.00000000 46.02391815
v 46.00000000 35.00000000 33.58187866
v 46.00000000 35.00000000 46.03188705
v 46.00000000 36.00000000 33.65814590
v 46.00000000 36.00000000 46.00881958
v 46.00000000 37.00000000 33.81693649
v 46.00000000 37.00000000 45.91231918
v 46.00000000 36.12445450 46.00000000
v 46.00000000 37.83116913 34.00000000
v 46.00000000 38.00000000 34.05622101
v 46.00000000 38.00000000 45.72808456
v 46.00000000 39.00000000 34.61336136
v 46.00000000 39.00000000 45.50163269
v 46.00000000 39.50085831 35.00000000
v 46.00000000 40.00000000 35.26989365
v 46.00000000 40.00000000 45.21669006
v 46.00000000 41.00000000 35.88039398
v 46.00000000 41.00000000 43.74538422
v 46.00000000 40.86896896 44.00000000
v 46.00000000 40.26035690 45.00000000
v 46.00000000 41.10706329 36.00000000
v 46.00000000 41.69841003 37.00000000
v 46.00000000 41.88105011 38.00000000
v 46.00000000 41.88831711 39.00000000
v 46.00000000 41.81394196 40.00000000
v 46.00000000 41.69225311 41.00000000
v 46.00000000 41.53110504 42.00000000
v 46.00000000 41.27603149 43.00000000
v 47.00000000 20.86755371 18.00000000
v 47.00000000 21.00000000 17.75786400
v 47.00000000 20.66669273 19.00000000
v 47.00000000 20.62988663 20.00000000
v 47.00000000 20.62055969 21.00000000
v 47.00000000 20.61510849 22.00000000
v 47.00000000 20.63341713 23.00000000
v 47.00000000 20.65757179 24.00000000
v 47.00000000 20.67961693 25.00000000
v 47.00000000 20.70290756 26.00000000
v 47.00000000 20.72516823 27.00000000
v 47.00000000 20.74618340 28.00000000
v 47.00000000 20.76390839 29.00000000
v 47.00000000 20.77835083 30.00000000
v 47.00000000 20.79476357 31.00000000
v 47.00000000 20.81194115 32.00000000
v 47.00000000 20.82772827 33.00000000
v 47.00000000 20.83680534 34.00000000
v 47.00000000 20.83600807 35.00000000
v 47.00000000 20.82254028 36.00000000
v 47.00000000 20.80260849 37.00000000
v 47.00000000 20.78370094 38.00000000
v 47.00000000 20.76664162 39.00000000
v 47.00000000 20.75524902 40.00000000
v 47.00000000 20.73951530 41.00000000
v 47.00000000 20.72541046 42.00000000
v 47.00000000 20.71692085 43.00000000
v 47.00000000 20.73356438 44.00000000
v 47.00000000 20.92288589 45.00000000
v 47.00000000 21.00000000 45.12875748
v 47.00000000 22.00000000 17.11101532
v 47.00000000 22.00000000 45.61972046
v 47.00000000 23.00000000 17.05379677
v 47.00000000 23.00000000 45.62121201
v 47.00000000 24.00000000 17.06636047
v 47.00000000 24.00000000 45.59032822
v 47.00000000 25.00000000 17.05741692
v 47.00000000 25.00000000 45.56612396
v 47.00000000 26.00000000 17.03058815
v 47.00000000 26.00000000 45.57310486
v 47.00000000 27.00000000 17.02221489
v 47.00000000 27.00000000 45.61374283
v 47.00000000 28.00000000 17.00621414
v 47.00000000 28.00000000 45.69180679
v 47.00000000 28.06142426 17.00000000
v 47.00000000 29.00000000 16.89770699
v 47.00000000 29.00000000 45.78376007
v 47.00000000 30.00000000 16.81847763
v 47.00000000 30.00000000 45.83843613
v 47.00000000 30.40842056 17.00000000
v 47.00000000 31.00000000 17.87306786
v 47.00000000 31.00000000 21.11590385
v 47.00000000 30.95889282 22.00000000
v 47.00000000 30.90961266 23.00000000
v 47.00000000 30.87723541 24.00000000
v 47.00000000 30.86345863 25.00000000
v 47.00000000 30.85884666 26.00000000
v 47.00000000 30.84874344 27.00000000
v 47.00000000 30.83270836 28.00000000
v 47.00000000 30.80995560 29.00000000
v 47.00000000 30.80062103 30.00000000
v 47.00000000 30.79563522 31.00000000
v 47.00000000 30.88686943 32.00000000
v 47.00000000 31.00000000 32.86953354
v 47.00000000 31.00000000 45.89676666
v 47.00000000 31.02611351 18.00000000
v 47.00000000 31.06022263 19.00000000
v 47.00000000 31.04627991 20.00000000
v 47.00000000 31.00573540 21.00000000
v 47.00000000 31.07406235 33.00000000
v 47.00000000 31.99918175 34.00000000
v 47.00000000 32.00000000 34.00062943
v 47.00000000 32.00000000 45.95726395
v 47.00000000 32.00407410 34.00000000
v 47.00000000 33.00000000 33.85360718
v 46.31196213 33.00000000 46.00000000
v 47.00000000 33.00000000 45.99598312
v 47.00000000 34.00000000 33.57202911
v 47.00000000 33.14768982 46.00000000
v 47.00000000 34.00000000 46.01896286
v 47.00000000 35.00000000 33.56067276
v 47.00000000 35.00000000 46.02702332
v 47.00000000 36.00000000 33.64416504
v 47.00000000 36.00000000 46.00277710
v 47.00000000 37.00000000 33.80295181
v 47.00000000 37.00000000 45.90506744
v 47.00000000 36.03968811 46.00000000
v 47.00000000 37.82798004 34.00000000
v 47.00000000 38.00000000 34.05950546
v 47.00000000 38.00000000 45.72856903
v 47.00000000 39.00000000 34.63900375
v 47.00000000 39.00000000 45.49785614
v 47.00000000 39.45994949 35.00000000
v 47.00000000 40.00000000 35.29481125
v 47.00000000 40.00000000 45.21047211
v 47.00000000 41.00000000 35.91192627
v 47.00000000 41.00000000 43.72515488
v 47.00000000 40.85947037 44.00000000
v 47.00000000 40.25336456 45.00000000
v 47.00000000 41.07840347 36.00000000
v 47.00000000 41.67675781 37.00000000
v 47.00000000 41.86340332 38.00000000
v 47.00000000 41.86954498 39.00000000
v 47.00000000 41.80065155 40.00000000
v 47.00000000 41.68110275 41.00000000
v 47.00000000 41.52174759 42.00000000
v 47.00000000 41.26561356 43.00000000
v 48.00000000 20.85781288 18.00000000
v 48.00000000 21.00000000 17.73568726
v 48.00000000 20.67027855 19.00000000
v 48.00000000 20.63726234 20.00000000
v 48.00000000 20.62866020 21.00000000
v 48.00000000 20.62575531 22.00000000
v 48.00000000 20.64362526 23.00000000
v 48.00000000 20.66596794 24.00000000
v 48.00000000 20.68897820 25.00000000
v 48.00000000 20.71307945 26.00000000
v 48.00000000 20.73648262 27.00000000
v 48.00000000 20.75915146 28.00000000
v 48.00000000 20.77734375 29.00000000
v 48.00000000 20.79203415 30.00000000
v 48.00000000 20.80486298 31.00000000
v 48.00000000 20.82101631 32.00000000
v 48.00000000 20.83662987 33.00000000
v 48.00000000 20.84734917 34.00000000
v 48.00000000 20.84547424 35.00000000
v 48.00000000 20.83107567 36.00000000
v 48.00000000 20.80887032 37.00000000
v 48.00000000 20.78814125 38.00000000
v 48.00000000 20.77208138 39.00000000
v 48.00000000 20.75915337 40.00000000
v 48.00000000 20.74111557 41.00000000
v 48.00000000 20.72663116 42.00000000
v 48.00000000 20.71928024 43.00000000
v 48.00000000 20.73768616 44.00000000
v 48.00000000 20.93534660 45.00000000
v 48.00000000 21.00000000 45.10818481
v 48.00000000 22.00000000 17.08181190
v 48.00000000 22.00000000 45.61671829
v 48.00000000 23.00000000 17.03611565
v 48.00000000 23.00000000 45.61672592
v 48.00000000 24.00000000 17.05392075
v 48.00000000 24.00000000 45.58619690
v 48.00000000 25.00000000 17.04336166
v 48.00000000 25.00000000 45.56529236
v 48.00000000 26.00000000 17.01729012
v 48.00000000 26.00000000 45.57344055
v 48.00000000 27.00000000 17.00848198
v 48.00000000 27.00000000 45.61241531
v 47.96290207 28.00000000 17.00000000
v 48.00000000 27.97302818 17.00000000
v 48.00000000 28.00000000 16.99975014
v 48.00000000 28.00000000 45.68442154
v 48.00000000 29.00000000 16.89565277
v 48.00000000 29.00000000 45.77509308
v 48.00000000 30.00000000 16.82028770
v 48.00000000 30.00000000 45.82779312
v 48.00000000 30.41655731 17.00000000
v 48.00000000 31.00000000 17.83301353
v 48.00000000 31.00000000 21.55959892
v 48.00000000 30.97912216 22.00000000
v 48.00000000 30.93154144 23.00000000
v 48.00000000 30.89647675 24.00000000
v 48.00000000 30.87924957 25.00000000
v 48.00000000 30.87262344 26.00000000
v 48.00000000 30.86123657 27.00000000
v 48.00000000 30.84571648 28.00000000
v 48.00000000 30.82211304 29.00000000
v 48.00000000 30.80908775 30.00000000
v 48.00000000 30.80487633 31.00000000
v 48.00000000 30.88950920 32.00000000
v 48.00000000 31.00000000 32.85298157
v 48.00000000 31.00000000 45.88581467
v 48.00000000 31.03596878 18.00000000
v 48.00000000 31.07979584 19.00000000
v 48.00000000 31.06126022 20.00000000
v 48.00000000 31.02872849 21.00000000
v 48.00000000 31.09490967 33.00000000
v 47.01169586 32.00000000 34.00000000
v 48.00000000 32.00000000 33.94920349
v 48.00000000 32.00000000 45.95129776
v 48.00000000 33.00000000 33.78105545
v 48.00000000 33.00000000 45.98847198
v 48.00000000 34.00000000 33.51573181
v 48.00000000 33.42411804 46.00000000
v 48.00000000 34.00000000 46.01278305
v 48.00000000 35.00000000 33.53947830
v 48.00000000 35.00000000 46.01742554
v 48.00000000 36.00000000 33.62685394
v 47.21884155 36.00000000 46.00000000
v 48.00000000 36.00000000 45.98657608
v 48.00000000 35.64783859 46.00000000
v 48.00000000 37.00000000 33.79073715
v 48.00000000 37.00000000 45.89405060
v 48.00000000 37.79777527 34.00000000
v 48.00000000 38.00000000 34.07609940
v 48.00000000 38.00000000 45.72602081
v 48.00000000 39.00000000 34.67975235
v 48.00000000 39.00000000 45.49476624
v 48.00000000 39.40858078 35.00000000
v 48.00000000 40.00000000 35.32221603
v 48.00000000 40.00000000 45.20262527
v 48.00000000 41.00000000 35.94858551
v 48.00000000 41.00000000 43.70937729
v 48.00000000 40.85150146 44.00000000
v 48.00000000 40.24604797 45.00000000
v 48.00000000 41.04540253 36.00000000
v 48.00000000 41.65241623 37.00000000
v 48.00000000 41.84565353 38.00000000
v 48.00000000 41.84826660 39.00000000
v 48.00000000 41.78366852 40.00000000
v 48.00000000 41.66803741 41.00000000
v 48.00000000 41.51056671 42.00000000
v 48.00000000 41.25712204 43.00000000
v 49.00000000 20.84757996 18.00000000
v 49.00000000 21.00000000 17.71183205
v 49.00000000 20.67243004 19.00000000
v 49.00000000 20.64504623 20.00000000
v 49.00000000 20.63854408 21.00000000
v 49.00000000 20.63903618 22.00000000
v 49.00000000 20.65614700 23.00000000
v 49.00000000 20.67668915 24.00000000
v 49.00000000 20.69924736 25.00000000
v 49.00000000 20.72368240 26.00000000
v 49.00000000 20.74646759 27.00000000
v 49.00000000 20.76943207 28.00000000
v 49.00000000 20.78718376 29.00000000
v 49.00000000 20.80230522 30.00000000
v 49.00000000 20.81641960 31.00000000
v 49.00000000 20.83256531 32.00000000
v 49.00000000 20.84654617 33.00000000
v 49.00000000 20.85902977 34.00000000
v 49.00000000 20.85384941 35.00000000
v 49.00000000 20.83860588 36.00000000
v 49.00000000 20.81605911 37.00000000
v 49.00000000 20.79533195 38.00000000
v 49.00000000 20.77894783 39.00000000
v 49.00000000 20.76152420 40.00000000
v 49.00000000 20.74318314 41.00000000
v 49.00000000 20.72773933 42.00000000
v 49.00000000 20.72116470 43.00000000
v 49.00000000 20.74223518 44.00000000
v 49.00000000 20.94626808 45.00000000
v 49.00000000 21.00000000 45.08984756
v 49.00000000 22.00000000 17.05272865
v 49.00000000 22.00000000 45.61614990
v 49.00000000 23.00000000 17.01667213
v 49.00000000 23.00000000 45.61313629
v 49.00000000 24.00000000 17.04277992
v 49.00000000 24.00000000 45.58328247
v 49.00000000 25.00000000 17.03072739
v 49.00000000 25.00000000 45.56190872
v 49.00000000 26.00000000 17.00835228
v 49.00000000 26.00000000 45.57113647
v 48.68191910 27.00000000 17.00000000
v 49.00000000 26.67247963 17.00000000
v 49.00000000 27.00000000 16.99598694
v 49.00000000 27.00000000 45.61183929
v 49.00000000 28.00000000 16.98819733
v 49.00000000 28.00000000 45.68144989
v 49.00000000 29.00000000 16.88866806
v 49.00000000 29.00000000 45.76516342
v 49.00000000 30.00000000 16.83030510
v 49.00000000 30.00000000 45.81740570
v 49.00000000 30.40454674 17.00000000
v 49.00000000 31.00000000 17.80146790
v 48.73308563 31.00000000 22.00000000
v 49.00000000 31.00000000 22.15603256
v 49.00000000 30.95937920 23.00000000
v 49.00000000 30.93264008 24.00000000
v 49.00000000 30.92101860 25.00000000
v 49.00000000 30.90481377 26.00000000
v 49.00000000 30.88382912 27.00000000
v 49.00000000 30.86783028 28.00000000
v 49.00000000 30.84431648 29.00000000
v 49.00000000 30.82943344 30.00000000
v 49.00000000 30.82514763 31.00000000
v 49.00000000 30.89440155 32.00000000
v 49.00000000 31.00000000 32.78000259
v 49.00000000 31.00000000 45.87918854
v 49.00000000 31.04517555 18.00000000
v 49.00000000 31.09358788 19.00000000
v 49.00000000 31.08319283 20.00000000
v 49.00000000 31.04915428 21.00000000
v 49.00000000 31.00865746 22.00000000
v 49.00000000 31.17094994 33.00000000
v 49.00000000 32.00000000 33.87162781
v 49.00000000 32.00000000 45.94135284
v 49.00000000 33.00000000 33.67670441
v 49.00000000 33.00000000 45.97912979
v 49.00000000 34.00000000 33.45409012
v 49.00000000 33.83248520 46.00000000
v 49.00000000 34.00000000 46.00342178
v 49.00000000 35.00000000 33.48850250
v 49.00000000 35.00000000 46.00524902
v 49.00000000 36.00000000 33.60148239
v 49.00000000 36.00000000 45.97209930
v 49.00000000 35.20858765 46.00000000
v 49.00000000 37.00000000 33.77972031
v 49.00000000 37.00000000 45.88416290
v 49.00000000 37.77588272 34.00000000
v 49.00000000 38.00000000 34.08858109
v 49.00000000 38.00000000 45.71941376
v 49.00000000 39.00000000 34.69977570
v 49.00000000 39.00000000 45.48860550
v 49.00000000 39.37812424 35.00000000
v 49.00000000 40.00000000 35.33784103
v 49.00000000 40.00000000 45.18897247
v 49.00000000 41.00000000 35.97298431
v 49.00000000 41.00000000 43.68319702
v 49.00000000 40.84204865 44.00000000
v 49.00000000 40.23077393 45.00000000
v 49.00000000 41.02349472 36.00000000
v 49.00000000 41.62406921 37.00000000
v 49.00000000 41.82187653 38.00000000
v 49.00000000 41.82381439 39.00000000
v 49.00000000 41.76389694 40.00000000
v 49.00000000 41.64851761 41.00000000
v 49.00000000 41.49503708 42.00000000
v 49.00000000 41.23958588 43.00000000
v 50.00000000 20.82840157 18.00000000
v 50.00000000 21.00000000 17.67204475
v 50.00000000 20.66830826 19.00000000
v 50.00000000 20.64871407 20.00000000
v 50.00000000 20.64562035 21.00000000
v 50.00000000 20.64888573 22.00000000
v 50.00000000 20.66857338 23.00000000
v 50.00000000 20.68975830 24.00000000
v 50.00000000 20.71120453 25.00000000
v 50.00000000 20.73554611 26.00000000
v 50.00000000 20.75983429 27.00000000
v 50.00000000 20.78221130 28.00000000
v 50.00000000 20.79884148 29.00000000
v 50.00000000 20.81352425 30.00000000
v 50.00000000 20.82886505 31.00000000
v 50.00000000 20.84239769 32.00000000
v 50.00000000 20.85689163 33.00000000
v 50.00000000 20.86725807 34.00000000
v 50.00000000 20.86286736 35.00000000
v 50.00000000 20.85017395 36.00000000
v 50.00000000 20.82642555 37.00000000
v 50.00000000 20.80510902 38.00000000
v 50.00000000 20.78483009 39.00000000
v 50.00000000 20.76462364 40.00000000
v 50.00000000 20.74646378 41.00000000
v 50.00000000 20.72904778 42.00000000
v 50.00000000 20.72413826 43.00000000
v 50.00000000 20.74724960 44.00000000
v 50.00000000 20.95466042 45.00000000
v 50.00000000 21.00000000 45.07562637
v 50.00000000 22.00000000 17.02582169
v 50.00000000 22.00000000 45.61681747
v 49.82419586 23.00000000 17.00000000
v 50.00000000 22.84786606 17.00000000
v 50.00000000 23.00000000 16.99618149
v 50.00000000 23.00000000 45.61121750
v 50.00000000 23.10358047 17.00000000
v 50.00000000 24.00000000 17.03200722
v 50.00000000 24.00000000 45.58031082
v 50.00000000 25.00000000 17.02277565
v 50.00000000 25.00000000 45.55912781
v 50.00000000 26.00000000 17.00243568
v 50.00000000 26.00000000 45.56573486
v 50.00000000 26.17304420 17.00000000
v 50.00000000 27.00000000 16.98812866
v 50.00000000 27.00000000 45.60633087
v 50.00000000 28.00000000 16.97741890
v 50.00000000 28.00000000 45.68389893
v 50.00000000 29.00000000 16.88514900
v 50.00000000 29.00000000 45.75842667
v 50.00000000 30.00000000 16.84958267
v 50.00000000 30.00000000 45.80706787
v 50.00000000 30.35722733 17.00000000
v 50.00000000 31.00000000 17.82185173
v 50.00000000 31.00000000 22.61973953
v 50.00000000 30.98540306 23.00000000
v 50.00000000 30.96022224 24.00000000
v 50.00000000 30.95509720 25.00000000
v 50.00000000 30.94449043 26.00000000
v 50.00000000 30.92583656 27.00000000
v 50.00000000 30.91057014 28.00000000
v 50.00000000 30.88540459 29.00000000
v 50.00000000 30.86542702 30.00000000
v 50.00000000 30.85514069 31.00000000
v 50.00000000 30.90891266 32.00000000
v 50.00000000 31.00000000 32.63871384
v 50.00000000 31.00000000 45.87053680
v 50.00000000 31.04971123 18.00000000
v 50.00000000 31.11890602 19.00000000
v 50.00000000 31.12109375 20.00000000
v 50.00000000 31.08083534 21.00000000
v 50.00000000 31.02967262 22.00000000
v 50.00000000 31.34133720 33.00000000
v 50.00000000 32.00000000 33.69562531
v 50.00000000 32.00000000 45.92931366
v 50.00000000 33.00000000 33.52557373
v 50.00000000 33.00000000 45.96534729
v 50.00000000 34.00000000 33.31195831
v 49.34164810 34.00000000 46.00000000
v 50.00000000 34.00000000 45.99151993
v 50.00000000 35.00000000 33.37873077
v 49.35784149 35.00000000 46.00000000
v 50.00000000 35.00000000 45.98717117
v 50.00000000 36.00000000 33.50615311
v 50.00000000 36.00000000 45.95325089
v 50.00000000 37.00000000 33.68994904
v 50.00000000 37.00000000 45.86780167
v 49.74762726 38.00000000 34.00000000
v 50.00000000 38.00000000 33.97587967
v 50.00000000 38.00000000 45.70682526
v 50.00000000 38.04550171 34.00000000
v 50.00000000 39.00000000 34.63565445
v 50.00000000 39.00000000 45.47593307
v 50.00000000 39.42699814 35.00000000
v 50.00000000 40.00000000 35.31275558
v 50.00000000 40.00000000 45.16815948
v 50.00000000 41.00000000 35.97475433
v 50.00000000 41.00000000 43.62242889
v 50.00000000 40.81822968 44.00000000
v 50.00000000 40.20545959 45.00000000
v 50.00000000 41.02098465 36.00000000
v 50.00000000 41.58872604 37.00000000
v 50.00000000 41.77956390 38.00000000
v 50.00000000 41.78563690 39.00000000
v 50.00000000 41.72931290 40.00000000
v 50.00000000 41.61487579 41.00000000
v 50.00000000 41.46535873 42.00000000
v 50.00000000 41.21086121 43.00000000
v 51.00000000 20.80718994 18.00000000
v 51.00000000 21.00000000 17.62981606
v 51.00000000 20.65963745 19.00000000
v 51.00000000 20.64480782 20.00000000
v 51.00000000 20.64402962 21.00000000
v 51.00000000 20.64945221 22.00000000
v 51.00000000 20.67166901 23.00000000
v 51.00000000 20.69634438 24.00000000
v 51.00000000 20.71910858 25.00000000
v 51.00000000 20.74464417 26.00000000
v 51.00000000 20.77360725 27.00000000
v 51.00000000 20.79732513 28.00000000
v 51.00000000 20.81509399 29.00000000
v 51.00000000 20.82688141 30.00000000
v 51.00000000 20.84048843 31.00000000
v 51.00000000 20.85290337 32.00000000
v 51.00000000 20.86484909 33.00000000
v 51.00000000 20.87529755 34.00000000
v 51.00000000 20.87379837 35.00000000
v 51.00000000 20.85921097 36.00000000
v 51.00000000 20.83476067 37.00000000
v 51.00000000 20.81370544 38.00000000
v 51.00000000 20.79320717 39.00000000
v 51.00000000 20.77135849 40.00000000
v 51.00000000 20.75152588 41.00000000
v 51.00000000 20.73324585 42.00000000
v 51.00000000 20.72902489 43.00000000
v 51.00000000 20.75428009 44.00000000
v 51.00000000 20.96316528 45.00000000
v 51.00000000 21.00000000 45.06172562
v 51.00000000 22.00000000 17.00189209
v 51.00000000 22.00000000 45.62351608
v 51.00000000 22.06546021 17.00000000
v 51.00000000 23.00000000 16.97769737
v 51.00000000 23.00000000 45.61498642
v 51.00000000 23.51125908 17.00000000
v 51.00000000 24.00000000 17.02040100
v 51.00000000 24.00000000 45.58113861
v 51.00000000 25.00000000 17.01701927
v 51.00000000 25.00000000 45.55804062
v 50.84935760 26.00000000 17.00000000
v 51.00000000 25.97548866 17.00000000
v 51.00000000 26.00000000 16.99956131
v 51.00000000 26.00000000 45.56565094
v 51.00000000 27.00000000 16.98371506
v 51.00000000 27.00000000 45.60526657
v 51.00000000 28.00000000 16.96935654
v 51.00000000 28.00000000 45.68498230
v 51.00000000 29.00000000 16.89207268
v 51.00000000 29.00000000 45.75565338
v 51.00000000 30.00000000 16.86117935
v 51.00000000 30.00000000 45.80154419
v 51.00000000 30.32238388 17.00000000
v 51.00000000 31.00000000 17.78803062
v 50.55924988 31.00000000 23.00000000
v 51.00000000 31.00000000 23.86763954
v 51.00000000 30.99818993 24.00000000
v 51.00000000 30.99992561 25.00000000
v 51.00000000 30.99471664 26.00000000
v 51.00000000 30.97572899 27.00000000
v 51.00000000 30.95861053 28.00000000
v 51.00000000 30.93334007 29.00000000
v 51.00000000 30.91754150 30.00000000
v 51.00000000 30.90810013 31.00000000
v 51.00000000 30.98365593 32.00000000
v 51.00000000 31.00000000 32.15678024
v 51.00000000 31.00000000 45.86544800
v 51.00000000 31.10359955 18.00000000
v 51.00000000 31.21764374 19.00000000
v 51.00000000 31.18965149 20.00000000
v 51.00000000 31.13493347 21.00000000
v 51.00000000 31.08470154 22.00000000
v 51.00000000 31.02235603 23.00000000
v 51.00000000 31.70176888 33.00000000
v 51.00000000 32.00000000 33.34756088
v 51.00000000 32.00000000 45.91755295
v 50.99966431 33.00000000 33.00000000
v 51.00000000 32.99929810 33.00000000
v 51.00000000 33.00000000 32.99980545
v 51.00000000 33.00000000 45.94823837
v 50.74694061 34.00000000 33.00000000
v 51.00000000 34.00000000 32.88838196
v 51.00000000 34.00000000 45.97219849
v 51.00000000 34.66308975 33.00000000
v 51.00000000 35.00000000 33.05812073
v 51.00000000 35.00000000 45.96309280
v 51.00000000 36.00000000 33.29932785
v 51.00000000 36.00000000 45.93822861
v 51.00000000 37.00000000 33.53332901
v 51.00000000 37.00000000 45.84255981
v 51.00000000 38.00000000 33.86640930
v 51.00000000 38.00000000 45.68658066
v 51.00000000 38.20587158 34.00000000
v 51.00000000 39.00000000 34.57472992
v 51.00000000 39.00000000 45.45129013
v 51.00000000 39.46973038 35.00000000
v 51.00000000 40.00000000 35.28903198
v 51.00000000 40.00000000 45.12901306
v 51.00000000 41.00000000 35.98614883
v 51.00000000 41.00000000 43.49972534
v 51.00000000 40.77412796 44.00000000
v 51.00000000 40.15792465 45.00000000
v 51.00000000 41.01084900 36.00000000
v 51.00000000 41.54355621 37.00000000
v 51.00000000 41.72545242 38.00000000
v 51.00000000 41.74031448 39.00000000
v 51.00000000 41.67683029 40.00000000
v 51.00000000 41.56333160 41.00000000
v 51.00000000 41.41841125 42.00000000
v 51.00000000 41.15926743 43.00000000
v 52.00000000 20.78507614 18.00000000
v 52.00000000 21.00000000 17.58820343
v 52.00000000 20.65013123 19.00000000
v 52.00000000 20.63604546 20.00000000
v 52.00000000 20.63966560 21.00000000
v 52.00000000 20.64681625 22.00000000
v 52.00000000 20.66979980 23.00000000
v 52.00000000 20.69514084 24.00000000
v 52.00000000 20.71957397 25.00000000
v 52.00000000 20.74495888 26.00000000
v 52.00000000 20.77223587 27.00000000
v 52.00000000 20.79778099 28.00000000
v 52.00000000 20.81493378 29.00000000
v 52.00000000 20.82708931 30.00000000
v 52.00000000 20.84272194 31.00000000
v 52.00000000 20.85721016 32.00000000
v 52.00000000 20.86950493 33.00000000
v 52.00000000 20.88066673 34.00000000
v 52.00000000 20.88116455 35.00000000
v 52.00000000 20.86567879 36.00000000
v 52.00000000 20.83843803 37.00000000
v 52.00000000 20.81582069 38.00000000
v 52.00000000 20.79453659 39.00000000
v 52.00000000 20.77162170 40.00000000
v 52.00000000 20.74840736 41.00000000
v 52.00000000 20.73405075 42.00000000
v 52.00000000 20.73023796 43.00000000
v 52.00000000 20.75565910 44.00000000
v 52.00000000 20.96365356 45.00000000
v 52.00000000 21.00000000 45.06095886
v 51.08636093 22.00000000 17.00000000
v 52.00000000 21.94125748 17.00000000
v 52.00000000 22.00000000 16.98273849
v 52.00000000 22.00000000 45.62788010
v 52.00000000 23.00000000 16.95844078
v 52.00000000 23.00000000 45.61431885
v 52.00000000 23.89000320 17.00000000
v 52.00000000 24.00000000 17.00485992
v 52.00000000 24.00000000 45.57774734
v 52.00000000 25.00000000 17.00664902
v 52.00000000 25.00000000 45.55164719
v 52.00000000 25.42622757 17.00000000
v 52.00000000 26.00000000 16.99062157
v 52.00000000 26.00000000 45.56090164
v 52.00000000 27.00000000 16.97173119
v 52.00000000 27.00000000 45.59738541
v 52.00000000 28.00000000 16.95198822
v 52.00000000 28.00000000 45.67673874
v 52.00000000 29.00000000 16.89159012
v 52.00000000 29.00000000 45.74204636
v 52.00000000 30.00000000 16.86218071
v 52.00000000 30.00000000 45.78270721
v 52.00000000 30.36968040 17.00000000
v 52.00000000 31.00000000 17.58290100
v 51.03711319 31.00000000 24.00000000
v 51.00167465 31.00000000 25.00000000
v 51.11113739 31.00000000 26.00000000
v 51.32819748 31.00000000 27.00000000
v 51.46413040 31.00000000 28.00000000
v 51.68638229 31.00000000 29.00000000
v 51.80270004 31.00000000 30.00000000
v 51.79859161 31.00000000 31.00000000
v 51.17350388 31.00000000 32.00000000
v 52.00000000 31.00000000 45.84860992
v 52.00000000 31.44304657 18.00000000
v 52.00000000 31.73327827 19.00000000
v 52.00000000 31.73574638 20.00000000
v 52.00000000 31.62412071 21.00000000
v 52.00000000 31.45797348 22.00000000
v 52.00000000 31.30633926 23.00000000
v 52.00000000 31.26689148 24.00000000
v 52.00000000 31.21324921 25.00000000
v 52.00000000 31.18923378 26.00000000
v 52.00000000 31.20551109 27.00000000
v 52.00000000 31.20541382 28.00000000
v 52.00000000 31.16136932 29.00000000
v 52.00000000 31.13698578 30.00000000
v 52.00000000 31.22712898 31.00000000
v 52.00000000 31.85088921 32.00000000
v 51.45652390 32.00000000 33.00000000
v 52.00000000 32.00000000 32.23476410
v 52.00000000 32.00000000 45.89615250
v 51.80118179 33.00000000 32.00000000
v 52.00000000 32.28921127 32.00000000
v 52.00000000 33.00000000 31.62468147
v 52.00000000 33.00000000 45.91670990
v 51.73589325 34.00000000 32.00000000
v 52.00000000 34.00000000 31.52604103
v 52.00000000 34.00000000 45.94180298
v 51.91414261 35.00000000 32.00000000
v 52.00000000 35.00000000 31.84501266
v 51.08039474 35.00000000 33.00000000
v 52.00000000 35.00000000 45.92108154
v 52.00000000 35.32939911 32.00000000
v 52.00000000 36.00000000 32.32461548
v 51.44681549 36.00000000 33.00000000
v 52.00000000 36.00000000 45.90227127
v 51.84372330 37.00000000 33.00000000
v 52.00000000 37.00000000 32.79559326
v 52.00000000 37.00000000 45.80205536
v 52.00000000 37.32455826 33.00000000
v 52.00000000 38.00000000 33.38803101
v 52.00000000 38.00000000 45.65489960
v 52.00000000 38.62343597 34.00000000
v 52.00000000 39.00000000 34.30646515
v 52.00000000 39.00000000 45.41691208
v 52.00000000 39.65172577 35.00000000
v 52.00000000 40.00000000 35.17891693
v 52.00000000 40.00000000 45.08187485
v 52.00000000 41.00000000 35.93598557
v 52.00000000 41.00000000 43.33614731
v 52.00000000 40.71038055 44.00000000
v 52.00000000 40.10013580 45.00000000
v 52.00000000 41.04391861 36.00000000
v 52.00000000 41.49464798 37.00000000
v 52.00000000 41.65540314 38.00000000
v 52.00000000 41.67723846 39.00000000
v 52.00000000 41.60579681 40.00000000
v 52.00000000 41.49272919 41.00000000
v 52.00000000 41.35564804 42.00000000
v 52.00000000 41.10297775 43.00000000
v 53.00000000 20.76524353 18.00000000
v 53.00000000 21.00000000 17.55019951
v 53.00000000 20.64138603 19.00000000
v 53.00000000 20.62984276 20.00000000
v 53.00000000 20.63213921 21.00000000
v 53.00000000 20.64296532 22.00000000
v 53.00000000 20.66588402 23.00000000
v 53.00000000 20.69198990 24.00000000
v 53.00000000 20.71657372 25.00000000
v 53.00000000 20.74387550 26.00000000
v 53.00000000 20.76925087 27.00000000
v 53.00000000 20.79388809 28.00000000
v 53.00000000 20.81031799 29.00000000
v 53.00000000 20.82104492 30.00000000
v 53.00000000 20.83597565 31.00000000
v 53.00000000 20.84850883 32.00000000
v 53.00000000 20.86104965 33.00000000
v 53.00000000 20.87225342 34.00000000
v 53.00000000 20.87364578 35.00000000
v 53.00000000 20.85652733 36.00000000
v 53.00000000 20.82895660 37.00000000
v 53.00000000 20.80835724 38.00000000
v 53.00000000 20.78741837 39.00000000
v 53.00000000 20.76592636 40.00000000
v 53.00000000 20.74487114 41.00000000
v 53.00000000 20.73103333 42.00000000
v 53.00000000 20.72625732 43.00000000
v 53.00000000 20.75115395 44.00000000
v 53.00000000 20.95558929 45.00000000
v 53.00000000 21.00000000 45.07442093
v 53.00000000 21.87185669 17.00000000
v 53.00000000 22.00000000 16.96234894
v 53.00000000 22.00000000 45.64260864
v 53.00000000 23.00000000 16.94374275
v 53.00000000 23.00000000 45.62231827
v 52.34167099 24.00000000 17.00000000
v 53.00000000 24.00000000 16.98989105
v 53.00000000 24.00000000 45.57737350
v 52.53105164 25.00000000 17.00000000
v 53.00000000 25.00000000 16.99388123
v 53.00000000 25.00000000 45.54449844
v 53.00000000 26.00000000 16.97887802
v 53.00000000 26.00000000 45.54904938
v 53.00000000 27.00000000 16.95755386
v 53.00000000 27.00000000 45.57439423
v 53.00000000 28.00000000 16.93702316
v 53.00000000 28.00000000 45.65378571
v 53.00000000 29.00000000 16.87979507
v 53.00000000 29.00000000 45.71652603
v 53.00000000 30.00000000 16.85399055
v 53.00000000 30.00000000 45.76110458
v 53.00000000 30.46031380 17.00000000
v 53.00000000 31.00000000 17.34254074
v 53.00000000 31.00000000 45.81731033
v 52.56871414 32.00000000 18.00000000
v 53.00000000 32.00000000 17.64029694
v 52.19232941 32.00000000 19.00000000
v 52.16202927 32.00000000 20.00000000
v 52.20790863 32.00000000 21.00000000
v 52.26972198 32.00000000 22.00000000
v 52.36973190 32.00000000 23.00000000
v 52.46380615 32.00000000 24.00000000
v 52.54546356 32.00000000 25.00000000
v 52.60896301 32.00000000 26.00000000
v 52.67736816 32.00000000 27.00000000
v 52.70919418 32.00000000 28.00000000
v 52.69508743 32.00000000 29.00000000
v 52.63978195 32.00000000 30.00000000
v 52.50439072 32.00000000 31.00000000
v 52.11613083 32.00000000 32.00000000
v 53.00000000 32.00000000 45.85864258
v 52.44924164 33.00000000 18.00000000
v 53.00000000 33.00000000 17.16859245
v 52.29409027 33.00000000 19.00000000
v 52.30550766 33.00000000 20.00000000
v 52.35713577 33.00000000 21.00000000
v 52.41866302 33.00000000 22.00000000
v 52.48495102 33.00000000 23.00000000
v 52.54421234 33.00000000 24.00000000
v 52.60464096 33.00000000 25.00000000
v 52.65161896 33.00000000 26.00000000
v 52.68464279 33.00000000 27.00000000
v 52.69614410 33.00000000 28.00000000
v 52.65976715 33.00000000 29.00000000
v 52.54286575 33.00000000 30.00000000
v 52.27481842 33.00000000 31.00000000
v 53.00000000 33.00000000 45.88286972
v 52.56028748 34.00000000 18.00000000
v 53.00000000 34.00000000 17.10780907
v 52.42586899 34.00000000 19.00000000
v 52.40663528 34.00000000 20.00000000
v 52.39469910 34.00000000 21.00000000
v 52.41086578 34.00000000 22.00000000
v 52.43576050 34.00000000 23.00000000
v 52.47525024 34.00000000 24.00000000
v 52.52241898 34.00000000 25.00000000
v 52.57596207 34.00000000 26.00000000
v 52.61748886 34.00000000 27.00000000
v 52.64419174 34.00000000 28.00000000
v 52.62626648 34.00000000 29.00000000
v 52.53898621 34.00000000 30.00000000
v 52.24339294 34.00000000 31.00000000
v 53.00000000 34.00000000 45.90128326
v 52.70658493 35.00000000 18.00000000
v 53.00000000 35.00000000 17.35478783
v 52.56592560 35.00000000 19.00000000
v 52.52398682 35.00000000 20.00000000
v 52.49617767 35.00000000 21.00000000
v 52.46685791 35.00000000 22.00000000
v 52.46249390 35.00000000 23.00000000
v 52.48508453 35.00000000 24.00000000
v 52.54543304 35.00000000 25.00000000
v 52.59107971 35.00000000 26.00000000
v 52.62519836 35.00000000 27.00000000
v 52.65640640 35.00000000 28.00000000
v 52.65444946 35.00000000 29.00000000
v 52.60828018 35.00000000 30.00000000
v 52.36882401 35.00000000 31.00000000
v 53.00000000 35.00000000 45.87181091
v 52.94017410 36.00000000 18.00000000
v 53.00000000 36.00000000 17.86021042
v 52.78949356 36.00000000 19.00000000
v 52.69504547 36.00000000 20.00000000
v 52.64223862 36.00000000 21.00000000
v 52.59932709 36.00000000 22.00000000
v 52.59397125 36.00000000 23.00000000
v 52.61436081 36.00000000 24.00000000
v 52.65208054 36.00000000 25.00000000
v 52.69567490 36.00000000 26.00000000
v 52.70925522 36.00000000 27.00000000
v 52.71076965 36.00000000 28.00000000
v 52.71693039 36.00000000 29.00000000
v 52.63365173 36.00000000 30.00000000
v 52.46810150 36.00000000 31.00000000
v 52.16641617 36.00000000 32.00000000
v 53.00000000 36.00000000 45.84118271
v 53.00000000 36.24430466 18.00000000
v 53.00000000 36.84098434 19.00000000
v 53.00000000 37.00000000 19.48989487
v 52.95906067 37.00000000 20.00000000
v 52.90742493 37.00000000 21.00000000
v 52.85865402 37.00000000 22.00000000
v 52.84366989 37.00000000 23.00000000
v 52.83013153 37.00000000 24.00000000
v 52.83823395 37.00000000 25.00000000
v 52.88011932 37.00000000 26.00000000
v 52.88281250 37.00000000 27.00000000
v 52.86650085 37.00000000 28.00000000
v 52.85310364 37.00000000 29.00000000
v 52.71173477 37.00000000 30.00000000
v 52.56951141 37.00000000 31.00000000
v 52.36685181 37.00000000 32.00000000
v 53.00000000 37.00000000 45.74453735
v 53.00000000 37.14171600 20.00000000
v 53.00000000 37.33210373 21.00000000
v 53.00000000 37.51626205 22.00000000
v 53.00000000 37.59442520 23.00000000
v 53.00000000 37.64109039 24.00000000
v 53.00000000 37.61773300 25.00000000
v 53.00000000 37.53926849 26.00000000
v 53.00000000 37.55297089 27.00000000
v 53.00000000 37.57805634 28.00000000
v 53.00000000 37.65923309 29.00000000
v 53.00000000 38.00000000 29.55704498
v 52.92618561 38.00000000 30.00000000
v 52.76799011 38.00000000 31.00000000
v 52.56109238 38.00000000 32.00000000
v 52.26225281 38.00000000 33.00000000
v 53.00000000 38.00000000 45.60257339
v 53.00000000 38.17928696 30.00000000
v 53.00000000 38.48730850 31.00000000
v 53.00000000 38.79252243 32.00000000
v 53.00000000 39.00000000 32.56961823
v 52.88368607 39.00000000 33.00000000
v 52.43476868 39.00000000 34.00000000
v 53.00000000 39.00000000 45.36157990
v 53.00000000 39.10706329 33.00000000
v 53.00000000 39.30871582 34.00000000
v 52.79584885 40.00000000 35.00000000
v 53.00000000 40.00000000 34.90370178
v 53.00000000 40.00000000 45.00402069
v 53.00000000 40.05408859 35.00000000
v 53.00000000 41.00000000 35.81282043
v 53.00000000 41.00000000 43.09283447
v 53.00000000 40.61079788 44.00000000
v 53.00000000 40.00487518 45.00000000
v 53.00000000 41.11143875 36.00000000
v 53.00000000 41.43808365 37.00000000
v 53.00000000 41.55930710 38.00000000
v 53.00000000 41.58420563 39.00000000
v 53.00000000 41.49659348 40.00000000
v 53.00000000 41.38862228 41.00000000
v 53.00000000 41.24747467 42.00000000
v 53.00000000 41.02773285 43.00000000
v 54.00000000 20.72971153 18.00000000
v 54.00000000 21.00000000 17.48704529
v 54.00000000 20.62105560 19.00000000
v 54.00000000 20.61399460 20.00000000
v 54.00000000 20.61571121 21.00000000
v 54.00000000 20.62331772 22.00000000
v 54.00000000 20.64844322 23.00000000
v 54.00000000 20.67741013 24.00000000
v 54.00000000 20.70478058 25.00000000
v 54.00000000 20.73144531 26.00000000
v 54.00000000 20.76007271 27.00000000
v 54.00000000 20.78465652 28.00000000
v 54.00000000 20.80070305 29.00000000
v 54.00000000 20.81155205 30.00000000
v 54.00000000 20.82304192 31.00000000
v 54.00000000 20.83487701 32.00000000
v 54.00000000 20.84971619 33.00000000
v 54.00000000 20.86152267 34.00000000
v 54.00000000 20.86213875 35.00000000
v 54.00000000 20.84335709 36.00000000
v 54.00000000 20.81685448 37.00000000
v 54.00000000 20.79733086 38.00000000
v 54.00000000 20.77606010 39.00000000
v 54.00000000 20.75364494 40.00000000
v 54.00000000 20.73393822 41.00000000
v 54.00000000 20.71795082 42.00000000
v 54.00000000 20.71500778 43.00000000
v 54.00000000 20.73954773 44.00000000
v 54.00000000 20.93708801 45.00000000
v 54.00000000 21.00000000 45.10605240
v 54.00000000 21.77508736 17.00000000
v 54.00000000 22.00000000 16.93531609
v 54.00000000 22.00000000 45.67133713
v 54.00000000 23.00000000 16.92930222
v 54.00000000 23.00000000 45.64523697
v 54.00000000 24.00000000 16.97607422
v 54.00000000 24.00000000 45.59246445
v 54.00000000 25.00000000 16.97404099
v 54.00000000 25.00000000 45.55486679
v 54.00000000 26.00000000 16.96386337
v 54.00000000 26.00000000 45.55525589
v 54.00000000 27.00000000 16.94126129
v 54.00000000 27.00000000 45.56997681
v 54.00000000 28.00000000 16.93310547
v 54.00000000 28.00000000 45.64210129
v 54.00000000 29.00000000 16.87615585
v 54.00000000 29.00000000 45.69523621
v 54.00000000 30.00000000 16.85064125
v 54.00000000 30.00000000 45.73559570
v 54.00000000 30.67609787 17.00000000
v 54.00000000 31.00000000 17.10971832
v 54.00000000 31.00000000 45.77756500
v 54.00000000 32.00000000 17.05824089
v 54.00000000 32.00000000 45.81615829
v 53.18151474 33.00000000 17.00000000
v 54.00000000 32.13291168 17.00000000
v 54.00000000 33.00000000 16.75617981
v 54.00000000 33.00000000 45.83806610
v 53.09702682 34.00000000 17.00000000
v 54.00000000 34.00000000 16.67840958
v 54.00000000 34.00000000 45.84495926
v 53.28882599 35.00000000 17.00000000
v 54.00000000 35.00000000 16.73215294
v 54.00000000 35.00000000 45.81555176
v 53.68761826 36.00000000 17.00000000
v 54.00000000 36.00000000 16.88561058
v 54.00000000 36.00000000 45.77824783
v 54.00000000 36.52882767 17.00000000
v 53.31036377 37.00000000 18.00000000
v 54.00000000 37.00000000 17.26598930
v 53.05759048 37.00000000 19.00000000
v 54.00000000 37.00000000 45.67865372
v 54.00000000 37.86639786 18.00000000
v 54.00000000 38.00000000 18.30266571
v 53.71401978 38.00000000 19.00000000
v 53.44107056 38.00000000 20.00000000
v 53.28700638 38.00000000 21.00000000
v 53.18576050 38.00000000 22.00000000
v 53.13964844 38.00000000 23.00000000
v 53.12062454 38.00000000 24.00000000
v 53.12417984 38.00000000 25.00000000
v 53.12616730 38.00000000 26.00000000
v 53.11345291 38.00000000 27.00000000
v 53.11100388 38.00000000 28.00000000
v 53.08707428 38.00000000 29.00000000
v 54.00000000 38.00000000 45.52990341
v 54.00000000 38.25682068 19.00000000
v 54.00000000 38.54485703 20.00000000
v 54.00000000 38.74872971 21.00000000
v 54.00000000 38.89336014 22.00000000
v 54.00000000 38.98500061 23.00000000
v 54.00000000 39.00000000 23.19787216
v 53.92300415 39.00000000 24.00000000
v 53.83390427 39.00000000 25.00000000
v 53.73352814 39.00000000 26.00000000
v 53.63402939 39.00000000 27.00000000
v 53.58591461 39.00000000 28.00000000
v 53.51945877 39.00000000 29.00000000
v 53.40273285 39.00000000 30.00000000
v 53.29906082 39.00000000 31.00000000
v 53.14699936 39.00000000 32.00000000
v 54.00000000 39.00000000 45.28168106
v 54.00000000 39.05897141 24.00000000
v 54.00000000 39.13401413 25.00000000
v 54.00000000 39.22784424 26.00000000
v 54.00000000 39.33000946 27.00000000
v 54.00000000 39.40830231 28.00000000
v 54.00000000 39.52143860 29.00000000
v 54.00000000 39.64809799 30.00000000
v 54.00000000 39.75822449 31.00000000
v 54.00000000 39.81778717 32.00000000
v 54.00000000 39.87513351 33.00000000
v 53.94459534 40.00000000 34.00000000
v 54.00000000 40.00000000 33.77231979
v 53.03504944 40.00000000 45.00000000
v 54.00000000 40.00000000 44.78417206
v 54.00000000 39.74556351 45.00000000
v 54.00000000 40.02246094 34.00000000
v 54.00000000 40.34748077 35.00000000
v 54.00000000 41.00000000 35.84173965
v 53.28055191 41.00000000 43.00000000
v 54.00000000 41.00000000 42.60937500
v 54.00000000 40.89655685 43.00000000
v 54.00000000 40.46004105 44.00000000
v 54.00000000 41.06508255 36.00000000
v 54.00000000 41.33638763 37.00000000
v 54.00000000 41.42844009 38.00000000
v 54.00000000 41.43669128 39.00000000
v 54.00000000 41.34403992 40.00000000
v 54.00000000 41.24876022 41.00000000
v 54.00000000 41.11608124 42.00000000
v 55.00000000 20.69500351 18.00000000
v 55.00000000 21.00000000 17.43875504
v 55.00000000 20.59448051 19.00000000
v 55.00000000 20.58447075 20.00000000
v 55.00000000 20.59016037 21.00000000
v 55.00000000 20.59298515 22.00000000
v 55.00000000 20.61288452 23.00000000
v 55.00000000 20.64028740 24.00000000
v 55.00000000 20.66747475 25.00000000
v 55.00000000 20.69576073 26.00000000
v 55.00000000 20.72269821 27.00000000
v 55.00000000 20.74926758 28.00000000
v 55.00000000 20.76558304 29.00000000
v 55.00000000 20.77680588 30.00000000
v 55.00000000 20.78858185 31.00000000
v 55.00000000 20.80246353 32.00000000
v 55.00000000 20.81970215 33.00000000
v 55.00000000 20.83300018 34.00000000
v 55.00000000 20.83130455 35.00000000
v 55.00000000 20.81536674 36.00000000
v 55.00000000 20.79140282 37.00000000
v 55.00000000 20.77330399 38.00000000
v 55.00000000 20.74864006 39.00000000
v 55.00000000 20.72644997 40.00000000
v 55.00000000 20.70502281 41.00000000
v 55.00000000 20.68792343 42.00000000
v 55.00000000 20.68761635 43.00000000
v 55.00000000 20.70858002 44.00000000
v 55.00000000 20.89469147 45.00000000
v 55.00000000 21.00000000 45.17556000
v 55.00000000 21.71439743 17.00000000
v 55.00000000 22.00000000 16.92160416
v 55.00000000 22.00000000 45.69140625
v 55.00000000 23.00000000 16.92633247
v 55.00000000 23.00000000 45.66743088
v 55.00000000 24.00000000 16.96678925
v 55.00000000 24.00000000 45.60332489
v 55.00000000 25.00000000 16.96445084
v 55.00000000 25.00000000 45.56575012
v 55.00000000 26.00000000 16.95342064
v 55.00000000 26.00000000 45.56502914
v 55.00000000 27.00000000 16.94028473
v 55.00000000 27.00000000 45.57129288
v 55.00000000 28.00000000 16.92728615
v 55.00000000 28.00000000 45.62775803
v 55.00000000 29.00000000 16.87126160
v 55.00000000 29.00000000 45.67196274
v 55.00000000 30.00000000 16.84075737
v 55.00000000 30.00000000 45.70554733
v 54.62409973 31.00000000 17.00000000
v 55.00000000 31.00000000 16.95166397
v 55.00000000 31.00000000 45.75007248
v 54.16289902 32.00000000 17.00000000
v 55.00000000 32.00000000 16.82994652
v 55.00000000 32.00000000 45.77864838
v 55.00000000 33.00000000 16.57334328
v 55.00000000 33.00000000 45.79674530
v 55.00000000 34.00000000 16.47868538
v 55.00000000 34.00000000 45.77712250
v 55.00000000 35.00000000 16.52076721
v 55.00000000 35.00000000 45.74202347
v 55.00000000 36.00000000 16.64314651
v 55.00000000 36.00000000 45.67449188
v 54.55662537 37.00000000 17.00000000
v 55.00000000 37.00000000 16.91391754
v 55.00000000 37.00000000 45.56871033
v 55.00000000 37.28963089 17.00000000
v 54.20750427 38.00000000 18.00000000
v 55.00000000 38.00000000 17.54588890
v 55.00000000 38.00000000 45.41188812
v 55.00000000 38.40771484 18.00000000
v 55.00000000 38.81526947 19.00000000
v 54.83835983 39.00000000 20.00000000
v 55.00000000 39.00000000 19.69638634
v 54.45844650 39.00000000 21.00000000
v 54.19372559 39.00000000 22.00000000
v 54.02521896 39.00000000 23.00000000
v 55.00000000 39.00000000 45.11567307
v 55.00000000 39.06835938 20.00000000
v 55.00000000 39.24615860 21.00000000
v 55.00000000 39.37877655 22.00000000
v 55.00000000 39.48326874 23.00000000
v 55.00000000 39.56923676 24.00000000
v 55.00000000 39.65097046 25.00000000
v 55.00000000 39.75197983 26.00000000
v 55.00000000 39.86257172 27.00000000
v 55.00000000 39.97755814 28.00000000
v 54.82210922 40.00000000 29.00000000
v 55.00000000 40.00000000 28.21730042
v 54.67039490 40.00000000 30.00000000
v 54.48366165 40.00000000 31.00000000
v 54.35987854 40.00000000 32.00000000
v 54.25201035 40.00000000 33.00000000
v 55.00000000 40.00000000 44.39118958
v 55.00000000 39.29300690 45.00000000
v 55.00000000 40.06087494 29.00000000
v 55.00000000 40.10489655 30.00000000
v 55.00000000 40.14418411 31.00000000
v 55.00000000 40.17119980 32.00000000
v 55.00000000 40.19823456 33.00000000
v 55.00000000 40.23727036 34.00000000
v 55.00000000 40.39827347 35.00000000
v 55.00000000 40.82966995 36.00000000
v 54.41003799 41.00000000 36.00000000
v 55.00000000 41.00000000 36.45030594
v 54.75493622 41.00000000 42.00000000
v 55.00000000 41.00000000 41.67600250
v 55.00000000 40.94641113 42.00000000
v 55.00000000 40.66638947 43.00000000
v 55.00000000 40.22725296 44.00000000
v 55.00000000 41.13053894 37.00000000
v 55.00000000 41.22537231 38.00000000
v 55.00000000 41.23642731 39.00000000
v 55.00000000 41.15496445 40.00000000
v 55.00000000 41.08171082 41.00000000
v 56.00000000 20.69114113 18.00000000
v 56.00000000 21.00000000 17.44697380
v 56.00000000 20.60809326 19.00000000
v 56.00000000 20.60570908 20.00000000
v 56.00000000 20.61722183 21.00000000
v 56.00000000 20.62012863 22.00000000
v 56.00000000 20.63644600 23.00000000
v 56.00000000 20.65837097 24.00000000
v 56.00000000 20.68226814 25.00000000
v 56.00000000 20.71311951 26.00000000
v 56.00000000 20.74087715 27.00000000
v 56.00000000 20.76566315 28.00000000
v 56.00000000 20.78292847 29.00000000
v 56.00000000 20.79432106 30.00000000
v 56.00000000 20.80821419 31.00000000
v 56.00000000 20.82299042 32.00000000
v 56.00000000 20.83929443 33.00000000
v 56.00000000 20.85026932 34.00000000
v 56.00000000 20.84773445 35.00000000
v 56.00000000 20.83372688 36.00000000
v 56.00000000 20.80390930 37.00000000
v 56.00000000 20.77320290 38.00000000
v 56.00000000 20.74448013 39.00000000
v 56.00000000 20.71723938 40.00000000
v 56.00000000 20.69189453 41.00000000
v 56.00000000 20.67683601 42.00000000
v 56.00000000 20.66928291 43.00000000
v 56.00000000 20.68261719 44.00000000
v 56.00000000 20.86969757 45.00000000
v 56.00000000 21.00000000 45.20092010
v 56.00000000 21.78364754 17.00000000
v 56.00000000 22.00000000 16.94741249
v 56.00000000 22.00000000 45.63376999
v 56.00000000 23.00000000 16.95185852
v 56.00000000 23.00000000 45.62017822
v 56.00000000 24.00000000 16.99093628
v 56.00000000 24.00000000 45.55676270
v 56.00000000 25.00000000 16.98196793
v 56.00000000 25.00000000 45.51337814
v 56.00000000 26.00000000 16.98435211
v 56.00000000 26.00000000 45.49858475
v 56.00000000 27.00000000 16.97289276
v 56.00000000 27.00000000 45.49629593
v 56.00000000 28.00000000 16.94580460
v 56.00000000 28.00000000 45.52925491
v 56.00000000 29.00000000 16.86614609
v 56.00000000 29.00000000 45.56736755
v 56.00000000 30.00000000 16.83920479
v 56.00000000 30.00000000 45.59410095
v 56.00000000 31.00000000 16.89162254
v 56.00000000 31.00000000 45.64489746
v 56.00000000 32.00000000 16.72314262
v 56.00000000 32.00000000 45.66916656
v 56.00000000 33.00000000 16.48595428
v 56.00000000 33.00000000 45.65826035
v 56.00000000 34.00000000 16.40267181
v 56.00000000 34.00000000 45.62414169
v 56.00000000 35.00000000 16.43898201
v 56.00000000 35.00000000 45.56843567
v 56.00000000 36.00000000 16.59830666
v 56.00000000 36.00000000 45.48023605
v 56.00000000 37.00000000 16.88604736
v 56.00000000 37.00000000 45.37491989
v 56.00000000 37.38339996 17.00000000
v 56.00000000 38.00000000 17.47212791
v 56.00000000 38.00000000 45.19217300
v 56.00000000 38.48292542 18.00000000
v 56.00000000 38.88069153 19.00000000
v 56.00000000 39.00000000 19.41241455
v 55.50124359 39.00000000 45.00000000
v 56.00000000 39.00000000 44.75396729
v 56.00000000 38.64023209 45.00000000
v 56.00000000 39.14583969 20.00000000
v 56.00000000 39.32128143 21.00000000
v 56.00000000 39.45671463 22.00000000
v 56.00000000 39.56415176 23.00000000
v 56.00000000 39.64800262 24.00000000
v 56.00000000 39.72658539 25.00000000
v 56.00000000 39.81200409 26.00000000
v 56.00000000 39.92015839 27.00000000
v 55.33880615 40.00000000 28.00000000
v 56.00000000 40.00000000 27.67207146
v 55.69912338 40.00000000 44.00000000
v 56.00000000 40.00000000 43.72720718
v 56.00000000 39.82046509 44.00000000
v 56.00000000 40.03329468 28.00000000
v 56.00000000 40.11066818 29.00000000
v 56.00000000 40.14029694 30.00000000
v 56.00000000 40.14099884 31.00000000
v 56.00000000 40.15298462 32.00000000
v 56.00000000 40.11963654 33.00000000
v 56.00000000 40.09127045 34.00000000
v 56.00000000 40.12070847 35.00000000
v 56.00000000 40.42067337 36.00000000
v 56.00000000 40.66894531 37.00000000
v 55.37237930 41.00000000 37.00000000
v 56.00000000 40.75640869 38.00000000
v 55.58088303 41.00000000 38.00000000
v 56.00000000 40.79653931 39.00000000
v 55.63003540 41.00000000 39.00000000
v 56.00000000 40.80751419 40.00000000
v 55.52898788 41.00000000 40.00000000
v 56.00000000 40.72368240 41.00000000
v 55.29085159 41.00000000 41.00000000
v 56.00000000 40.55780792 42.00000000
v 56.00000000 40.28177643 43.00000000
v 57.00000000 20.97807121 18.00000000
v 57.00000000 21.00000000 17.96380234
v 57.00000000 20.81360817 19.00000000
v 57.00000000 20.79411888 20.00000000
v 57.00000000 20.79977036 21.00000000
v 57.00000000 20.79942322 22.00000000
v 57.00000000 20.80994797 23.00000000
v 57.00000000 20.82727242 24.00000000
v 57.00000000 20.84582710 25.00000000
v 57.00000000 20.87368965 26.00000000
v 57.00000000 20.89910889 27.00000000
v 57.00000000 20.92762756 28.00000000
v 57.00000000 20.95070457 29.00000000
v 57.00000000 20.96353531 30.00000000
v 57.00000000 20.98038292 31.00000000
v 57.00000000 20.99888802 32.00000000
v 56.90038681 21.00000000 33.00000000
v 57.00000000 21.00000000 32.05381393
v 56.82796478 21.00000000 34.00000000
v 56.80825424 21.00000000 35.00000000
v 56.84948730 21.00000000 36.00000000
v 56.97698975 21.00000000 37.00000000
v 57.00000000 21.00000000 37.19149399
v 57.00000000 20.97755241 38.00000000
v 57.00000000 20.94845963 39.00000000
v 57.00000000 20.91968155 40.00000000
v 57.00000000 20.88743019 41.00000000
v 57.00000000 20.87023163 42.00000000
v 57.00000000 20.86201859 43.00000000
v 57.00000000 20.89719391 44.00000000
v 56.41883850 21.00000000 45.00000000
v 57.00000000 21.00000000 44.37508392
v 56.17853928 22.00000000 17.00000000
v 57.00000000 22.00000000 17.39563370
v 57.00000000 21.02509880 33.00000000
v 57.00000000 21.04319382 34.00000000
v 57.00000000 21.05021477 35.00000000
v 57.00000000 21.04127312 36.00000000
v 57.00000000 21.00658989 37.00000000
v 57.00000000 21.46561623 45.00000000
v 57.00000000 22.00000000 45.24665833
v 56.17074966 23.00000000 17.00000000
v 57.00000000 23.00000000 17.38629913
v 57.00000000 23.00000000 45.23606491
v 56.03587723 24.00000000 17.00000000
v 57.00000000 24.00000000 17.39696503
v 57.00000000 24.00000000 45.20924377
v 56.07406235 25.00000000 17.00000000
v 57.00000000 25.00000000 17.36646461
v 57.00000000 25.00000000 45.18187714
v 56.06581116 26.00000000 17.00000000
v 57.00000000 26.00000000 17.34135056
v 57.00000000 26.00000000 45.15982056
v 56.12861252 27.00000000 17.00000000
v 57.00000000 27.00000000 17.27834129
v 57.00000000 27.00000000 45.16063309
v 56.29778290 28.00000000 17.00000000
v 57.00000000 28.00000000 17.19383049
v 57.00000000 28.00000000 45.18191910
v 56.72014999 29.00000000 17.00000000
v 57.00000000 29.00000000 17.08106613
v 57.00000000 29.00000000 45.21562195
v 56.81089783 30.00000000 17.00000000
v 57.00000000 30.00000000 17.05578995
v 57.00000000 30.00000000 45.25037384
v 56.85543060 31.00000000 17.00000000
v 57.00000000 31.00000000 17.02397728
v 57.00000000 31.00000000 45.31916046
v 57.00000000 31.07277107 17.00000000
v 57.00000000 32.00000000 16.79972267
v 57.00000000 32.00000000 45.36235046
v 57.00000000 33.00000000 16.57323647
v 57.00000000 33.00000000 45.35336304
v 57.00000000 34.00000000 16.51185608
v 57.00000000 34.00000000 45.31944656
v 57.00000000 35.00000000 16.58591652
v 57.00000000 35.00000000 45.24306488
v 57.00000000 36.00000000 16.76236916
v 57.00000000 36.00000000 45.16108704
v 57.00000000 36.89685059 17.00000000
v 56.78633499 37.00000000 17.00000000
v 57.00000000 37.00000000 17.06168556
v 57.00000000 37.00000000 45.03409195
v 57.00000000 38.00000000 17.80031967
v 56.53888702 38.00000000 45.00000000
v 57.00000000 38.00000000 44.62773132
v 57.00000000 37.16963959 45.00000000
v 57.00000000 38.16943359 18.00000000
v 57.00000000 38.60742950 19.00000000
v 57.00000000 38.85964203 20.00000000
v 56.53994370 39.00000000 20.00000000
v 57.00000000 39.00000000 20.75699043
v 56.93720627 39.00000000 44.00000000
v 57.00000000 39.00000000 43.91489410
v 57.00000000 38.92595673 44.00000000
v 57.00000000 39.03798294 21.00000000
v 57.00000000 39.15887833 22.00000000
v 57.00000000 39.27464676 23.00000000
v 57.00000000 39.37486267 24.00000000
v 57.00000000 39.45612717 25.00000000
v 57.00000000 39.51939774 26.00000000
v 57.00000000 39.58802032 27.00000000
v 57.00000000 39.65876389 28.00000000
v 56.11287308 40.00000000 28.00000000
v 57.00000000 39.69902420 29.00000000
v 56.34217834 40.00000000 29.00000000
v 57.00000000 39.66979599 30.00000000
v 56.37108231 40.00000000 30.00000000
v 57.00000000 39.60036850 31.00000000
v 56.34033203 40.00000000 31.00000000
v 57.00000000 39.52955627 32.00000000
v 56.34339142 40.00000000 32.00000000
v 57.00000000 39.37648392 33.00000000
v 56.23181152 40.00000000 33.00000000
v 57.00000000 39.24819565 34.00000000
v 56.17309189 40.00000000 34.00000000
v 57.00000000 39.17943954 35.00000000
v 56.19951630 40.00000000 35.00000000
v 57.00000000 39.48059464 36.00000000
v 56.60966110 40.00000000 36.00000000
v 57.00000000 39.73727036 37.00000000
v 56.83569336 40.00000000 37.00000000
v 57.00000000 39.80144501 38.00000000
v 56.88138580 40.00000000 38.00000000
v 57.00000000 39.78908157 39.00000000
v 56.87120056 40.00000000 39.00000000
v 57.00000000 39.78169632 40.00000000
v 56.86434937 40.00000000 40.00000000
v 57.00000000 39.80447388 41.00000000
v 56.86208344 40.00000000 41.00000000
v 57.00000000 39.75857544 42.00000000
v 56.79004669 40.00000000 42.00000000
v 57.00000000 39.53487778 43.00000000
v 56.48221970 40.00000000 43.00000000
v 57.02142715 21.00000000 18.00000000
v 57.19918442 21.00000000 19.00000000
v 57.23007202 21.00000000 20.00000000
v 57.23900223 21.00000000 21.00000000
v 57.25232697 21.00000000 22.00000000
v 57.24766541 21.00000000 23.00000000
v 57.23311996 21.00000000 24.00000000
v 57.21368790 21.00000000 25.00000000
v 57.17739105 21.00000000 26.00000000
v 57.14392853 21.00000000 27.00000000
v 57.10469818 21.00000000 28.00000000
v 57.07242584 21.00000000 29.00000000
v 57.05452347 21.00000000 30.00000000
v 57.02957153 21.00000000 31.00000000
v 57.00168228 21.00000000 32.00000000
v 57.02884293 21.00000000 38.00000000
v 57.06427765 21.00000000 39.00000000
v 57.09593964 21.00000000 40.00000000
v 57.12892914 21.00000000 41.00000000
v 57.14408493 21.00000000 42.00000000
v 57.14947891 21.00000000 43.00000000
v 57.10869217 21.00000000 44.00000000
v 57.45182419 22.00000000 18.00000000
v 57.67822647 22.00000000 19.00000000
v 57.72843170 22.00000000 20.00000000
v 57.74710464 22.00000000 21.00000000
v 57.75651932 22.00000000 22.00000000
v 57.76456451 22.00000000 23.00000000
v 57.77460861 22.00000000 24.00000000
v 57.78182983 22.00000000 25.00000000
v 57.78186417 22.00000000 26.00000000
v 57.76743698 22.00000000 27.00000000
v 57.75067520 22.00000000 28.00000000
v 57.74707031 22.00000000 29.00000000
v 57.74679184 22.00000000 30.00000000
v 57.74577332 22.00000000 31.00000000
v 57.74589157 22.00000000 32.00000000
v 57.74016571 22.00000000 33.00000000
v 57.72438049 22.00000000 34.00000000
v 57.70545578 22.00000000 35.00000000
v 57.69709778 22.00000000 36.00000000
v 57.69470978 22.00000000 37.00000000
v 57.69310760 22.00000000 38.00000000
v 57.69396591 22.00000000 39.00000000
v 57.68572998 22.00000000 40.00000000
v 57.67211533 22.00000000 41.00000000
v 57.65378189 22.00000000 42.00000000
v 57.62834167 22.00000000 43.00000000
v 57.51856995 22.00000000 44.00000000
v 57.20896149 22.00000000 45.00000000
v 57.47989273 23.00000000 18.00000000
v 57.72378540 23.00000000 19.00000000
v 57.77759171 23.00000000 20.00000000
v 57.78499985 23.00000000 21.00000000
v 57.78173447 23.00000000 22.00000000
v 57.78316879 23.00000000 23.00000000
v 57.78022766 23.00000000 24.00000000
v 57.78071594 23.00000000 25.00000000
v 57.77849960 23.00000000 26.00000000
v 57.77052307 23.00000000 27.00000000
v 57.75693512 23.00000000 28.00000000
v 57.74862671 23.00000000 29.00000000
v 57.74741364 23.00000000 30.00000000
v 57.75167084 23.00000000 31.00000000
v 57.75374603 23.00000000 32.00000000
v 57.75115967 23.00000000 33.00000000
v 57.74979401 23.00000000 34.00000000
v 57.74869919 23.00000000 35.00000000
v 57.75606537 23.00000000 36.00000000
v 57.75990677 23.00000000 37.00000000
v 57.76135254 23.00000000 38.00000000
v 57.76285172 23.00000000 39.00000000
v 57.75959396 23.00000000 40.00000000
v 57.75102615 23.00000000 41.00000000
v 57.74270630 23.00000000 42.00000000
v 57.71659851 23.00000000 43.00000000
v 57.61077499 23.00000000 44.00000000
v 57.21763611 23.00000000 45.00000000
v 57.48198318 24.00000000 18.00000000
v 57.73009109 24.00000000 19.00000000
v 57.77278137 24.00000000 20.00000000
v 57.76926041 24.00000000 21.00000000
v 57.76536942 24.00000000 22.00000000
v 57.75612640 24.00000000 23.00000000
v 57.74592590 24.00000000 24.00000000
v 57.72949982 24.00000000 25.00000000
v 57.71649551 24.00000000 26.00000000
v 57.70870590 24.00000000 27.00000000
v 57.70394516 24.00000000 28.00000000
v 57.70215225 24.00000000 29.00000000
v 57.70039368 24.00000000 30.00000000
v 57.70658112 24.00000000 31.00000000
v 57.71467972 24.00000000 32.00000000
v 57.72095871 24.00000000 33.00000000
v 57.72486496 24.00000000 34.00000000
v 57.73011017 24.00000000 35.00000000
v 57.74011612 24.00000000 36.00000000
v 57.75253296 24.00000000 37.00000000
v 57.75707626 24.00000000 38.00000000
v 57.75651169 24.00000000 39.00000000
v 57.75482178 24.00000000 40.00000000
v 57.74534225 24.00000000 41.00000000
v 57.73709869 24.00000000 42.00000000
v 57.72793579 24.00000000 43.00000000
v 57.61507416 24.00000000 44.00000000
v 57.20980072 24.00000000 45.00000000
v 57.51128006 25.00000000 18.00000000
v 57.73039627 25.00000000 19.00000000
v 57.76583862 25.00000000 20.00000000
v 57.75597000 25.00000000 21.00000000
v 57.74797821 25.00000000 22.00000000
v 57.73046875 25.00000000 23.00000000
v 57.70903778 25.00000000 24.00000000
v 57.68879700 25.00000000 25.00000000
v 57.67636871 25.00000000 26.00000000
v 57.67253494 25.00000000 27.00000000
v 57.67578125 25.00000000 28.00000000
v 57.68269348 25.00000000 29.00000000
v 57.68707657 25.00000000 30.00000000
v 57.68461227 25.00000000 31.00000000
v 57.68217468 25.00000000 32.00000000
v 57.68900299 25.00000000 33.00000000
v 57.69555664 25.00000000 34.00000000
v 57.70264053 25.00000000 35.00000000
v 57.71326065 25.00000000 36.00000000
v 57.72022247 25.00000000 37.00000000
v 57.72284698 25.00000000 38.00000000
v 57.72256088 25.00000000 39.00000000
v 57.72243500 25.00000000 40.00000000
v 57.72856522 25.00000000 41.00000000
v 57.73881912 25.00000000 42.00000000
v 57.73461151 25.00000000 43.00000000
v 57.60103607 25.00000000 44.00000000
v 57.18500900 25.00000000 45.00000000
v 57.54762268 26.00000000 18.00000000
v 57.72476196 26.00000000 19.00000000
v 57.73250961 26.00000000 20.00000000
v 57.72323990 26.00000000 21.00000000
v 57.71937561 26.00000000 22.00000000
v 57.70714569 26.00000000 23.00000000
v 57.69354248 26.00000000 24.00000000
v 57.68030167 26.00000000 25.00000000
v 57.67160797 26.00000000 26.00000000
v 57.66977310 26.00000000 27.00000000
v 57.66716766 26.00000000 28.00000000
v 57.66584778 26.00000000 29.00000000
v 57.66899872 26.00000000 30.00000000
v 57.66782761 26.00000000 31.00000000
v 57.66020966 26.00000000 32.00000000
v 57.65587997 26.00000000 33.00000000
v 57.66149139 26.00000000 34.00000000
v 57.67255402 26.00000000 35.00000000
v 57.68022919 26.00000000 36.00000000
v 57.68041229 26.00000000 37.00000000
v 57.68354797 26.00000000 38.00000000
v 57.69511414 26.00000000 39.00000000
v 57.71044159 26.00000000 40.00000000
v 57.72638702 26.00000000 41.00000000
v 57.74833298 26.00000000 42.00000000
v 57.73641968 26.00000000 43.00000000
v 57.60236740 26.00000000 44.00000000
v 57.16440201 26.00000000 45.00000000
v 57.57511902 27.00000000 18.00000000
v 57.72268677 27.00000000 19.00000000
v 57.72255707 27.00000000 20.00000000
v 57.69866562 27.00000000 21.00000000
v 57.69104385 27.00000000 22.00000000
v 57.69181061 27.00000000 23.00000000
v 57.68998337 27.00000000 24.00000000
v 57.68145370 27.00000000 25.00000000
v 57.67450714 27.00000000 26.00000000
v 57.66908264 27.00000000 27.00000000
v 57.66835403 27.00000000 28.00000000
v 57.67502975 27.00000000 29.00000000
v 57.67523193 27.00000000 30.00000000
v 57.66433716 27.00000000 31.00000000
v 57.65676880 27.00000000 32.00000000
v 57.64123154 27.00000000 33.00000000
v 57.63605881 27.00000000 34.00000000
v 57.64895248 27.00000000 35.00000000
v 57.65957642 27.00000000 36.00000000
v 57.66459656 27.00000000 37.00000000
v 57.67146301 27.00000000 38.00000000
v 57.68132782 27.00000000 39.00000000
v 57.69993210 27.00000000 40.00000000
v 57.72338104 27.00000000 41.00000000
v 57.75100708 27.00000000 42.00000000
v 57.74081421 27.00000000 43.00000000
v 57.60801315 27.00000000 44.00000000
v 57.16925812 27.00000000 45.00000000
v 57.60536957 28.00000000 18.00000000
v 57.72666168 28.00000000 19.00000000
v 57.72146225 28.00000000 20.00000000
v 57.70360565 28.00000000 21.00000000
v 57.68603897 28.00000000 22.00000000
v 57.68172455 28.00000000 23.00000000
v 57.68213654 28.00000000 24.00000000
v 57.68011093 28.00000000 25.00000000
v 57.67779160 28.00000000 26.00000000
v 57.68075943 28.00000000 27.00000000
v 57.68552017 28.00000000 28.00000000
v 57.68564224 28.00000000 29.00000000
v 57.67907333 28.00000000 30.00000000
v 57.66859055 28.00000000 31.00000000
v 57.65191269 28.00000000 32.00000000
v 57.63900375 28.00000000 33.00000000
v 57.64754105 28.00000000 34.00000000
v 57.65418243 28.00000000 35.00000000
v 57.65615845 28.00000000 36.00000000
v 57.66296005 28.00000000 37.00000000
v 57.66669083 28.00000000 38.00000000
v 57.67900085 28.00000000 39.00000000
v 57.70263290 28.00000000 40.00000000
v 57.72250748 28.00000000 41.00000000
v 57.74460220 28.00000000 42.00000000
v 57.73391342 28.00000000 43.00000000
v 57.61152267 28.00000000 44.00000000
v 57.19158936 28.00000000 45.00000000
v 57.63759232 29.00000000 18.00000000
v 57.74963379 29.00000000 19.00000000
v 57.74599838 29.00000000 20.00000000
v 57.72647095 29.00000000 21.00000000
v 57.70678711 29.00000000 22.00000000
v 57.69019699 29.00000000 23.00000000
v 57.68096924 29.00000000 24.00000000
v 57.68426132 29.00000000 25.00000000
v 57.69115829 29.00000000 26.00000000
v 57.69617844 29.00000000 27.00000000
v 57.69884109 29.00000000 28.00000000
v 57.69375229 29.00000000 29.00000000
v 57.68931198 29.00000000 30.00000000
v 57.68077850 29.00000000 31.00000000
v 57.67594528 29.00000000 32.00000000
v 57.67456436 29.00000000 33.00000000
v 57.67443085 29.00000000 34.00000000
v 57.66905975 29.00000000 35.00000000
v 57.66015625 29.00000000 36.00000000
v 57.65356827 29.00000000 37.00000000
v 57.65816498 29.00000000 38.00000000
v 57.67832184 29.00000000 39.00000000
v 57.69124985 29.00000000 40.00000000
v 57.70725632 29.00000000 41.00000000
v 57.73016357 29.00000000 42.00000000
v 57.71767807 29.00000000 43.00000000
v 57.61571884 29.00000000 44.00000000
v 57.22232437 29.00000000 45.00000000
v 57.63499069 30.00000000 18.00000000
v 57.76721573 30.00000000 19.00000000
v 57.76982498 30.00000000 20.00000000
v 57.75532532 30.00000000 21.00000000
v 57.74173737 30.00000000 22.00000000
v 57.73274231 30.00000000 23.00000000
v 57.72788239 30.00000000 24.00000000
v 57.72061920 30.00000000 25.00000000
v 57.71859360 30.00000000 26.00000000
v 57.71768951 30.00000000 27.00000000
v 57.72267532 30.00000000 28.00000000
v 57.72660828 30.00000000 29.00000000
v 57.72356796 30.00000000 30.00000000
v 57.71816635 30.00000000 31.00000000
v 57.71023941 30.00000000 32.00000000
v 57.69985199 30.00000000 33.00000000
v 57.69029236 30.00000000 34.00000000
v 57.68054581 30.00000000 35.00000000
v 57.67065048 30.00000000 36.00000000
v 57.65911484 30.00000000 37.00000000
v 57.65642548 30.00000000 38.00000000
v 57.66796112 30.00000000 39.00000000
v 57.68158340 30.00000000 40.00000000
v 57.70423126 30.00000000 41.00000000
v 57.73294830 30.00000000 42.00000000
v 57.72544098 30.00000000 43.00000000
v 57.64113617 30.00000000 44.00000000
v 57.25428772 30.00000000 45.00000000
v 57.68454742 31.00000000 18.00000000
v 57.84627914 31.00000000 19.00000000
v 57.87371826 31.00000000 20.00000000
v 57.89519501 31.00000000 21.00000000
v 57.91067505 31.00000000 22.00000000
v 57.91959000 31.00000000 23.00000000
v 57.91622925 31.00000000 24.00000000
v 57.91316605 31.00000000 25.00000000
v 57.90848541 31.00000000 26.00000000
v 57.90219879 31.00000000 27.00000000
v 57.89654541 31.00000000 28.00000000
v 57.88960648 31.00000000 29.00000000
v 57.88247681 31.00000000 30.00000000
v 57.86603928 31.00000000 31.00000000
v 57.83111572 31.00000000 32.00000000
v 57.78521729 31.00000000 33.00000000
v 57.75021744 31.00000000 34.00000000
v 57.72205353 31.00000000 35.00000000
v 57.69480515 31.00000000 36.00000000
v 57.68498993 31.00000000 37.00000000
v 57.68148422 31.00000000 38.00000000
v 57.68483353 31.00000000 39.00000000
v 57.69546890 31.00000000 40.00000000
v 57.71686172 31.00000000 41.00000000
v 57.74985123 31.00000000 42.00000000
v 57.74910355 31.00000000 43.00000000
v 57.67114639 31.00000000 44.00000000
v 57.30661774 31.00000000 45.00000000
v 57.30996323 32.00000000 17.00000000
v 57.92941284 32.00000000 18.00000000
v 58.00000000 32.00000000 18.37705040
v 58.00000000 31.62754631 19.00000000
v 58.00000000 31.47323608 20.00000000
v 58.00000000 31.40689659 21.00000000
v 58.00000000 31.36902428 22.00000000
v 58.00000000 31.35918999 23.00000000
v 58.00000000 31.38260651 24.00000000
v 58.00000000 31.41412354 25.00000000
v 58.00000000 31.46852493 26.00000000
v 58.00000000 31.55845642 27.00000000
v 58.00000000 31.74646950 28.00000000
v 57.99404144 32.00000000 29.00000000
v 58.00000000 32.00000000 28.85988426
v 57.95743179 32.00000000 30.00000000
v 57.91805649 32.00000000 31.00000000
v 57.87343216 32.00000000 32.00000000
v 57.83875275 32.00000000 33.00000000
v 57.78750992 32.00000000 34.00000000
v 57.74096680 32.00000000 35.00000000
v 57.71258926 32.00000000 36.00000000
v 57.69955063 32.00000000 37.00000000
v 57.70290756 32.00000000 38.00000000
v 57.70891190 32.00000000 39.00000000
v 57.71411133 32.00000000 40.00000000
v 57.72753143 32.00000000 41.00000000
v 57.75523758 32.00000000 42.00000000
v 57.75217438 32.00000000 43.00000000
v 57.68360519 32.00000000 44.00000000
v 57.34808731 32.00000000 45.00000000
v 57.69186020 33.00000000 17.00000000
v 58.00000000 33.00000000 17.54872894
v 58.00000000 32.31081772 18.00000000
v 58.00000000 32.11468887 29.00000000
v 57.99995804 33.00000000 30.00000000
v 58.00000000 33.00000000 29.99915123
v 57.95763779 33.00000000 31.00000000
v 57.90735245 33.00000000 32.00000000
v 57.85564041 33.00000000 33.00000000
v 57.81145096 33.00000000 34.00000000
v 57.76862717 33.00000000 35.00000000
v 57.73843384 33.00000000 36.00000000
v 57.73041153 33.00000000 37.00000000
v 57.72776031 33.00000000 38.00000000
v 57.73228455 33.00000000 39.00000000
v 57.73627472 33.00000000 40.00000000
v 57.73900604 33.00000000 41.00000000
v 57.74982834 33.00000000 42.00000000
v 57.74040985 33.00000000 43.00000000
v 57.67167664 33.00000000 44.00000000
v 57.34678268 33.00000000 45.00000000
v 57.80199814 34.00000000 17.00000000
v 58.00000000 34.00000000 17.36643982
v 58.00000000 33.00112534 30.00000000
v 57.98653412 34.00000000 31.00000000
v 58.00000000 34.00000000 30.74550819
v 57.92458725 34.00000000 32.00000000
v 57.86864090 34.00000000 33.00000000
v 57.81971741 34.00000000 34.00000000
v 57.77926636 34.00000000 35.00000000
v 57.75851059 34.00000000 36.00000000
v 57.76082993 34.00000000 37.00000000
v 57.76782227 34.00000000 38.00000000
v 57.76065445 34.00000000 39.00000000
v 57.76477051 34.00000000 40.00000000
v 57.77230453 34.00000000 41.00000000
v 57.77260208 34.00000000 42.00000000
v 57.74824905 34.00000000 43.00000000
v 57.65135574 34.00000000 44.00000000
v 57.31904602 34.00000000 45.00000000
v 57.73487854 35.00000000 17.00000000
v 58.00000000 35.00000000 17.43719482
v 57.98191452 35.00000000 31.00000000
v 58.00000000 35.00000000 30.66087914
v 57.91286087 35.00000000 32.00000000
v 57.84154892 35.00000000 33.00000000
v 57.78073883 35.00000000 34.00000000
v 57.74589920 35.00000000 35.00000000
v 57.73202896 35.00000000 36.00000000
v 57.75568008 35.00000000 37.00000000
v 57.76843643 35.00000000 38.00000000
v 57.77328873 35.00000000 39.00000000
v 57.77415848 35.00000000 40.00000000
v 57.78930664 35.00000000 41.00000000
v 57.79465866 35.00000000 42.00000000
v 57.76122284 35.00000000 43.00000000
v 57.64557266 35.00000000 44.00000000
v 57.25828552 35.00000000 45.00000000
v 57.52581406 36.00000000 17.00000000
v 58.00000000 36.00000000 17.69625854
v 57.97812271 36.00000000 30.00000000
v 58.00000000 36.00000000 29.65015221
v 58.00000000 35.63739777 30.00000000
v 57.92075729 36.00000000 31.00000000
v 57.85405350 36.00000000 32.00000000
v 57.78141785 36.00000000 33.00000000
v 57.72035980 36.00000000 34.00000000
v 57.68264008 36.00000000 35.00000000
v 57.66909790 36.00000000 36.00000000
v 57.68558884 36.00000000 37.00000000
v 57.72821808 36.00000000 38.00000000
v 57.74858475 36.00000000 39.00000000
v 57.76111221 36.00000000 40.00000000
v 57.76542282 36.00000000 41.00000000
v 57.76511765 36.00000000 42.00000000
v 57.72615051 36.00000000 43.00000000
v 57.60679626 36.00000000 44.00000000
v 57.18613434 36.00000000 45.00000000
v 58.00000000 36.55397034 18.00000000
v 57.84669876 37.00000000 18.00000000
v 58.00000000 37.00000000 18.56063271
v 57.98945618 37.00000000 28.00000000
v 58.00000000 37.00000000 27.81973267
v 58.00000000 36.91505051 28.00000000
v 58.00000000 36.40562820 29.00000000
v 57.93414688 37.00000000 29.00000000
v 57.86217499 37.00000000 30.00000000
v 57.79822540 37.00000000 31.00000000
v 57.73067856 37.00000000 32.00000000
v 57.65558243 37.00000000 33.00000000
v 57.59106827 37.00000000 34.00000000
v 57.54319382 37.00000000 35.00000000
v 57.55368805 37.00000000 36.00000000
v 57.57728195 37.00000000 37.00000000
v 57.61771393 37.00000000 38.00000000
v 57.66996002 37.00000000 39.00000000
v 57.69893265 37.00000000 40.00000000
v 57.69714355 37.00000000 41.00000000
v 57.69065857 37.00000000 42.00000000
v 57.64693832 37.00000000 43.00000000
v 57.50614166 37.00000000 44.00000000
v 57.04122162 37.00000000 45.00000000
v 57.19489288 38.00000000 18.00000000
v 58.00000000 37.27956009 19.00000000
v 57.60876465 38.00000000 19.00000000
v 58.00000000 37.59008026 20.00000000
v 57.80342102 38.00000000 20.00000000
v 58.00000000 37.80452728 21.00000000
v 57.91233063 38.00000000 21.00000000
v 58.00000000 37.93331146 22.00000000
v 57.97346497 38.00000000 22.00000000
v 58.00000000 37.94755554 23.00000000
v 57.98136520 38.00000000 23.00000000
v 58.00000000 37.89524078 24.00000000
v 57.96604538 38.00000000 24.00000000
v 58.00000000 37.80467224 25.00000000
v 57.94675064 38.00000000 25.00000000
v 58.00000000 37.60591888 26.00000000
v 57.90986633 38.00000000 26.00000000
v 58.00000000 37.32499313 27.00000000
v 57.87002945 38.00000000 27.00000000
v 57.82751083 38.00000000 28.00000000
v 57.77697372 38.00000000 29.00000000
v 57.69693756 38.00000000 30.00000000
v 57.62830353 38.00000000 31.00000000
v 57.56896591 38.00000000 32.00000000
v 57.49492645 38.00000000 33.00000000
v 57.41102982 38.00000000 34.00000000
v 57.36446381 38.00000000 35.00000000
v 57.39314270 38.00000000 36.00000000
v 57.44139862 38.00000000 37.00000000
v 57.47770309 38.00000000 38.00000000
v 57.53822327 38.00000000 39.00000000
v 57.56618118 38.00000000 40.00000000
v 57.57528305 38.00000000 41.00000000
v 57.57060242 38.00000000 42.00000000
v 57.52177048 38.00000000 43.00000000
v 57.31695938 38.00000000 44.00000000
v 57.05498123 39.00000000 21.00000000
v 57.20477295 39.00000000 22.00000000
v 57.32097626 39.00000000 23.00000000
v 57.40196228 39.00000000 24.00000000
v 57.45065308 39.00000000 25.00000000
v 57.46799088 39.00000000 26.00000000
v 57.47290802 39.00000000 27.00000000
v 57.47579193 39.00000000 28.00000000
v 57.46400070 39.00000000 29.00000000
v 57.41782379 39.00000000 30.00000000
v 57.34837723 39.00000000 31.00000000
v 57.28353882 39.00000000 32.00000000
v 57.20495987 39.00000000 33.00000000
v 57.12092972 39.00000000 34.00000000
v 57.07702255 39.00000000 35.00000000
v 57.17672729 39.00000000 36.00000000
v 57.25493240 39.00000000 37.00000000
v 57.28722382 39.00000000 38.00000000
v 57.31834412 39.00000000 39.00000000
v 57.33202362 39.00000000 40.00000000
v 57.34590530 39.00000000 41.00000000
v 57.33154297 39.00000000 42.00000000
v 57.26247787 39.00000000 43.00000000
v 58.10869217 32.00000000 19.00000000
v 58.17518616 32.00000000 20.00000000
v 58.19235229 32.00000000 21.00000000
v 58.18762207 32.00000000 22.00000000
v 58.17271805 32.00000000 23.00000000
v 58.16067123 32.00000000 24.00000000
v 58.14364624 32.00000000 25.00000000
v 58.11989975 32.00000000 26.00000000
v 58.08716965 32.00000000 27.00000000
v 58.03944016 32.00000000 28.00000000
v 58.16983032 33.00000000 18.00000000
v 58.28951263 33.00000000 19.00000000
v 58.32464218 33.00000000 20.00000000
v 58.32918549 33.00000000 21.00000000
v 58.32027435 33.00000000 22.00000000
v 58.29653168 33.00000000 23.00000000
v 58.27781296 33.00000000 24.00000000
v 58.25814438 33.00000000 25.00000000
v 58.22171783 33.00000000 26.00000000
v 58.16931534 33.00000000 27.00000000
v 58.11075592 33.00000000 28.00000000
v 58.05191422 33.00000000 29.00000000
v 58.21030045 34.00000000 18.00000000
v 58.33114243 34.00000000 19.00000000
v 58.37081909 34.00000000 20.00000000
v 58.37826920 34.00000000 21.00000000
v 58.37821198 34.00000000 22.00000000
v 58.36085510 34.00000000 23.00000000
v 58.33095169 34.00000000 24.00000000
v 58.29123306 34.00000000 25.00000000
v 58.24662018 34.00000000 26.00000000
v 58.19615173 34.00000000 27.00000000
v 58.14638138 34.00000000 28.00000000
v 58.09917068 34.00000000 29.00000000
v 58.04142761 34.00000000 30.00000000
v 58.19060516 35.00000000 18.00000000
v 58.31126785 35.00000000 19.00000000
v 58.36510849 35.00000000 20.00000000
v 58.38124466 35.00000000 21.00000000
v 58.37825012 35.00000000 22.00000000
v 58.36365509 35.00000000 23.00000000
v 58.33076096 35.00000000 24.00000000
v 58.29353714 35.00000000 25.00000000
v 58.24932098 35.00000000 26.00000000
v 58.20230865 35.00000000 27.00000000
v 58.15089798 35.00000000 28.00000000
v 58.09158325 35.00000000 29.00000000
v 58.03570557 35.00000000 30.00000000
v 58.09107590 36.00000000 18.00000000
v 58.24194717 36.00000000 19.00000000
v 58.30522156 36.00000000 20.00000000
v 58.33147812 36.00000000 21.00000000
v 58.34565353 36.00000000 22.00000000
v 58.32880783 36.00000000 23.00000000
v 58.29062653 36.00000000 24.00000000
v 58.24756241 36.00000000 25.00000000
v 58.21312714 36.00000000 26.00000000
v 58.16381073 36.00000000 27.00000000
v 58.10791779 36.00000000 28.00000000
v 58.04182816 36.00000000 29.00000000
v 58.06077194 37.00000000 19.00000000
v 58.14095688 37.00000000 20.00000000
v 58.19272232 37.00000000 21.00000000
v 58.21088791 37.00000000 22.00000000
v 58.20706177 37.00000000 23.00000000
v 58.18965149 37.00000000 24.00000000
v 58.15193558 37.00000000 25.00000000
v 58.10245895 37.00000000 26.00000000
v 58.04841232 37.00000000 27.00000000
f 3 2 1
f 5 4 1
f 5 1 2
f 7 6 4
f 7 4 5
f 9 8 6
f 9 6 7
f 11 10 8
f 11 8 9
f 12 10 11
f 3 1 13
f 3 13 14
f 15 1 4
f 13 1 15
f 16 4 6
f 15 4 16
f 17 6 8
f 16 6 17
f 18 8 10
f 17 8 18
f 10 12 19
f 20 10 19
f 18 10 20
f 21 20 19
f 24 23 22
f 26 25 22
f 26 22 23
f 27 25 26
f 30 29 28
f 28 29 14
f 13 28 14
f 31 28 13
f 32 13 15
f 31 13 32
f 33 15 16
f 32 15 33
f 34 16 17
f 33 16 34
f 35 17 18
f 34 17 35
f 36 18 20
f 35 18 36
f 20 21 37
f 38 20 37
f 36 20 38
f 40 39 38
f 40 38 37
f 42 41 39
f 42 39 40
f 43 41 42
f 44 24 22
f 44 22 25
f 44 25 45
f 45 25 27
f 30 28 46
f 30 46 47
f 48 28 31
f 46 28 48
f 49 31 32
f 48 31 49
f 50 32 33
f 49 32 50
f 51 33 34
f 50 33 51
f 52 34 35
f 51 34 52
f 53 35 36
f 52 35 53
f 54 36 38
f 53 36 54
f 55 38 39
f 54 38 55
f 56 39 41
f 55 39 56
f 41 43 57
f 58 41 57
f 56 41 58
f 60 59 58
f 60 58 57
f 62 61 59
f 62 59 60
f 63 61 62
f 47 46 64
f 47 64 65
f 66 46 48
f 64 46 66
f 67 48 49
f 66 48 67
f 68 49 50
f 67 49 68
f 69 50 51
f 68 50 69
f 70 51 52
f 69 51 70
f 71 52 53
f 70 52 71
f 72 53 54
f 71 53 72
f 73 54 55
f 72 54 73
f 74 55 56
f 73 55 74
f 75 56 58
f 74 56 75
f 76 58 59
f 75 58 76
f 77 59 61
f 76 59 77
f 61 63 78
f 79 61 78
f 77 61 79
f 81 80 79
f 81 79 78
f 82 80 81
f 65 64 83
f 65 83 84
f 85 64 66
f 83 64 85
f 86 66 67
f 85 66 86
f 87 67 68
f 86 67 87
f 88 68 69
f 87 68 88
f 89 69 70
f 88 69 89
f 90 70 71
f 89 70 90
f 91 71 72
f 90 71 91
f 92 72 73
f 91 72 92
f 93 73 74
f 92 73 93
f 94 74 75
f 93 74 94
f 95 75 76
f 94 75 95
f 96 76 77
f 95 76 96
f 97 77 79
f 96 77 97
f 98 79 80
f 97 79 98
f 80 82 99
f 100 80 99
f 98 80 100
f 101 100 99
f 84 83 102
f 84 102 103
f 104 83 85
f 102 83 104
f 105 85 86
f 104 85 105
f 106 86 87
f 105 86 106
f 107 87 88
f 106 87 107
f 108 88 89
f 107 88 108
f 109 89 90
f 108 89 109
f 110 90 91
f 109 90 110
f 111 91 92
f 110 91 111
f 112 92 93
f 111 92 112
f 113 93 94
f 112 93 113
f 114 94 95
f 113 94 114
f 115 95 96
f 114 95 115
f 116 96 97
f 115 96 116
f 117 97 98
f 116 97 117
f 118 98 100
f 117 98 118
f 100 101 119
f 120 100 119
f 118 100 120
f 121 120 119
f 122 103 102
f 122 102 104
f 122 104 123
f 123 104 105
f 123 105 124
f 124 105 106
f 124 106 125
f 127 126 125
f 106 127 125
f 107 127 106
f 128 107 108
f 127 107 128
f 129 108 109
f 128 108 129
f 130 109 110
f 129 109 130
f 131 110 111
f 130 110 131
f 132 111 112
f 131 111 132
f 133 112 113
f 132 112 133
f 134 113 114
f 133 113 134
f 135 114 115
f 134 114 135
f 136 115 116
f 135 115 136
f 137 116 117
f 136 116 137
f 138 117 118
f 137 117 138
f 120 140 139
f 138 120 139
f 118 120 138
f 140 120 121
f 143 142 141
f 145 144 141
f 145 141 142
f 147 146 144
f 147 144 145
f 146 147 126
f 127 146 126
f 148 146 127
f 149 127 128
f 148 127 149
f 150 128 129
f 149 128 150
f 151 129 130
f 150 129 151
f 152 130 131
f 151 130 152
f 153 131 132
f 152 131 153
f 154 132 133
f 153 132 154
f 155 133 134
f 154 133 155
f 156 134 135
f 155 134 156
f 157 135 136
f 156 135 157
f 158 136 137
f 157 136 158
f 159 137 138
f 158 137 159
f 138 139 160
f 161 138 160
f 159 138 161
f 163 162 161
f 163 161 160
f 164 162 163
f 167 166 165
f 169 168 165
f 169 165 166
f 168 169 143
f 141 168 143
f 170 168 141
f 171 141 144
f 170 141 171
f 172 144 146
f 171 144 172
f 173 146 148
f 172 146 173
f 174 148 149
f 173 148 174
f 175 149 150
f 174 149 175
f 176 150 151
f 175 150 176
f 177 151 152
f 176 151 177
f 178 152 153
f 177 152 178
f 179 153 154
f 178 153 179
f 180 154 155
f 179 154 180
f 181 155 156
f 180 155 181
f 182 156 157
f 181 156 182
f 183 157 158
f 182 157 183
f 184 158 159
f 183 158 184
f 185 159 161
f 184 159 185
f 186 161 162
f 185 161 186
f 162 164 187
f 188 162 187
f 186 162 188
f 189 188 187
f 192 191 190
f 190 191 167
f 165 190 167
f 193 190 165
f 194 165 168
f 193 165 194
f 195 168 170
f 194 168 195
f 196 170 171
f 195 170 196
f 197 171 172
f 196 171 197
f 198 172 173
f 197 172 198
f 199 173 174
f 198 173 199
f 200 174 175
f 199 174 200
f 201 175 176
f 200 175 201
f 202 176 177
f 201 176 202
f 203 177 178
f 202 177 203
f 204 178 179
f 203 178 204
f 205 179 180
f 204 179 205
f 206 180 181
f 205 180 206
f 207 181 182
f 206 181 207
f 208 182 183
f 207 182 208
f 209 183 184
f 208 183 209
f 210 184 185
f 209 184 210
f 211 185 186
f 210 185 211
f 212 186 188
f 211 186 212
f 188 189 213
f 214 188 213
f 212 188 214
f 215 214 213
f 192 190 216
f 192 216 217
f 218 190 193
f 216 190 218
f 219 193 194
f 218 193 219
f 220 194 195
f 219 194 220
f 221 195 196
f 220 195 221
f 222 196 197
f 221 196 222
f 223 197 198
f 222 197 223
f 224 198 199
f 223 198 224
f 225 199 200
f 224 199 225
f 226 200 201
f 225 200 226
f 227 201 202
f 226 201 227
f 228 202 203
f 227 202 228
f 229 203 204
f 228 203 229
f 230 204 205
f 229 204 230
f 231 205 206
f 230 205 231
f 232 206 207
f 231 206 232
f 233 207 208
f 232 207 233
f 234 208 209
f 233 208 234
f 235 209 210
f 234 209 235
f 236 210 211
f 235 210 236
f 237 211 212
f 236 211 237
f 238 212 214
f 237 212 238
f 214 215 239
f 240 214 239
f 238 214 240
f 241 240 239
f 217 216 242
f 217 242 243
f 244 216 218
f 242 216 244
f 245 218 219
f 244 218 245
f 246 219 220
f 245 219 246
f 247 220 221
f 246 220 247
f 248 221 222
f 247 221 248
f 249 222 223
f 248 222 249
f 250 223 224
f 249 223 250
f 251 224 225
f 250 224 251
f 252 225 226
f 251 225 252
f 253 226 227
f 252 226 253
f 254 227 228
f 253 227 254
f 255 228 229
f 254 228 255
f 256 229 230
f 255 229 256
f 257 230 231
f 256 230 257
f 258 231 232
f 257 231 258
f 259 232 233
f 258 232 259
f 260 233 234
f 259 233 260
f 261 234 235
f 260 234 261
f 262 235 236
f 261 235 262
f 263 236 237
f 262 236 263
f 264 237 238
f 263 237 264
f 265 238 240
f 264 238 265
f 240 241 266
f 267 240 266
f 265 240 267
f 268 267 266
f 269 243 242
f 271 270 269
f 242 271 269
f 244 271 242
f 272 244 245
f 271 244 272
f 273 245 246
f 272 245 273
f 274 246 247
f 273 246 274
f 275 247 248
f 274 247 275
f 276 248 249
f 275 248 276
f 277 249 250
f 276 249 277
f 278 250 251
f 277 250 278
f 279 251 252
f 278 251 279
f 280 252 253
f 279 252 280
f 281 253 254
f 280 253 281
f 282 254 255
f 281 254 282
f 283 255 256
f 282 255 283
f 284 256 257
f 283 256 284
f 285 257 258
f 284 257 285
f 286 258 259
f 285 258 286
f 260 288 287
f 286 260 287
f 259 260 286
f 288 260 261
f 288 261 289
f 289 261 262
f 289 262 290
f 292 291 290
f 262 292 290
f 263 292 262
f 293 263 264
f 292 263 293
f 294 264 265
f 293 264 294
f 295 265 267
f 294 265 295
f 267 268 296
f 267 296 295
f 297 270 271
f 299 298 297
f 271 299 297
f 272 299 271
f 300 272 273
f 299 272 300
f 301 273 274
f 300 273 301
f 302 274 275
f 301 274 302
f 303 275 276
f 302 275 303
f 304 276 277
f 303 276 304
f 305 277 278
f 304 277 305
f 306 278 279
f 305 278 306
f 307 279 280
f 306 279 307
f 308 280 281
f 307 280 308
f 309 281 282
f 308 281 309
f 310 282 283
f 309 282 310
f 284 312 311
f 310 284 311
f 283 284 310
f 312 284 285
f 312 285 313
f 313 285 286
f 313 286 314
f 314 286 287
f 315 291 292
f 315 292 293
f 315 293 316
f 316 293 294
f 316 294 317
f 317 294 295
f 317 295 318
f 318 295 296
f 319 298 299
f 319 299 300
f 319 300 320
f 320 300 301
f 320 301 321
f 321 301 302
f 321 302 322
f 322 302 303
f 322 303 323
f 323 303 304
f 323 304 324
f 326 325 324
f 304 326 324
f 305 326 304
f 327 305 306
f 326 305 327
f 328 306 307
f 327 306 328
f 308 330 329
f 328 308 329
f 307 308 328
f 330 308 309
f 330 309 331
f 331 309 310
f 331 310 332
f 332 310 311
f 333 325 326
f 333 326 327
f 333 327 334
f 334 327 328
f 334 328 335
f 335 328 329
f 338 337 336
f 340 339 336
f 340 336 337
f 342 341 339
f 342 339 340
f 344 343 341
f 344 341 342
f 346 345 343
f 346 343 344
f 348 347 345
f 348 345 346
f 350 349 347
f 350 347 348
f 352 351 349
f 352 349 350
f 354 353 351
f 354 351 352
f 356 355 353
f 356 353 354
f 358 357 355
f 358 355 356
f 360 359 357
f 360 357 358
f 362 361 359
f 362 359 360
f 364 363 361
f 364 361 362
f 366 365 363
f 366 363 364
f 368 367 365
f 368 365 366
f 370 369 367
f 370 367 368
f 372 371 369
f 372 369 370
f 374 373 371
f 374 371 372
f 376 375 373
f 376 373 374
f 378 377 375
f 378 375 376
f 380 379 377
f 380 377 378
f 382 381 379
f 382 379 380
f 384 383 381
f 384 381 382
f 386 385 383
f 386 383 384
f 388 387 385
f 388 385 386
f 389 387 388
f 392 391 390
f 390 391 338
f 336 390 338
f 393 390 336
f 394 336 339
f 393 336 394
f 395 339 341
f 394 339 395
f 396 341 343
f 395 341 396
f 397 343 345
f 396 343 397
f 398 345 347
f 397 345 398
f 399 347 349
f 398 347 399
f 400 349 351
f 399 349 400
f 401 351 353
f 400 351 401
f 402 353 355
f 401 353 402
f 403 355 357
f 402 355 403
f 404 357 359
f 403 357 404
f 405 359 361
f 404 359 405
f 406 361 363
f 405 361 406
f 407 363 365
f 406 363 407
f 408 365 367
f 407 365 408
f 409 367 369
f 408 367 409
f 410 369 371
f 409 369 410
f 411 371 373
f 410 371 411
f 412 373 375
f 411 373 412
f 413 375 377
f 412 375 413
f 414 377 379
f 413 377 414
f 415 379 381
f 414 379 415
f 416 381 383
f 415 381 416
f 417 383 385
f 416 383 417
f 418 385 387
f 417 385 418
f 387 389 419
f 420 387 419
f 418 387 420
f 421 420 419
f 392 390 422
f 392 422 423
f 424 390 393
f 422 390 424
f 425 393 394
f 424 393 425
f 3 425 2
f 425 395 2
f 425 394 395
f 2 395 5
f 5 395 396
f 5 396 7
f 7 396 397
f 7 397 9
f 9 397 398
f 9 398 11
f 11 398 399
f 11 399 12
f 399 426 12
f 399 400 426
f 427 400 401
f 426 400 427
f 428 401 402
f 427 401 428
f 429 402 403
f 428 402 429
f 430 403 404
f 429 403 430
f 431 404 405
f 430 404 431
f 432 405 406
f 431 405 432
f 433 406 407
f 432 406 433
f 434 407 408
f 433 407 434
f 435 408 409
f 434 408 435
f 436 409 410
f 435 409 436
f 437 410 411
f 436 410 437
f 438 411 412
f 437 411 438
f 439 412 413
f 438 412 439
f 440 413 414
f 439 413 440
f 441 414 415
f 440 414 441
f 442 415 416
f 441 415 442
f 443 416 417
f 442 416 443
f 444 417 418
f 443 417 444
f 445 418 420
f 444 418 445
f 420 421 446
f 420 446 445
f 423 422 447
f 423 447 448
f 449 422 424
f 447 422 449
f 450 424 425
f 449 424 450
f 14 450 3
f 3 450 425
f 426 19 12
f 19 426 21
f 426 451 21
f 426 427 451
f 452 427 428
f 451 427 452
f 453 428 429
f 452 428 453
f 454 429 430
f 453 429 454
f 455 430 431
f 454 430 455
f 456 431 432
f 455 431 456
f 457 432 433
f 456 432 457
f 458 433 434
f 457 433 458
f 24 458 23
f 458 435 23
f 458 434 435
f 23 435 26
f 26 435 436
f 26 436 27
f 436 459 27
f 436 437 459
f 460 437 438
f 459 437 460
f 461 438 439
f 460 438 461
f 462 439 440
f 461 439 462
f 463 440 441
f 462 440 463
f 464 441 442
f 463 441 464
f 465 442 443
f 464 442 465
f 466 443 444
f 465 443 466
f 467 444 445
f 466 444 467
f 445 446 468
f 445 468 467
f 448 447 469
f 448 469 470
f 471 447 449
f 469 447 471
f 30 471 29
f 471 450 29
f 471 449 450
f 29 450 14
f 451 37 21
f 37 451 40
f 40 451 452
f 40 452 42
f 42 452 453
f 42 453 43
f 453 472 43
f 453 454 472
f 473 454 455
f 472 454 473
f 474 455 456
f 473 455 474
f 475 456 457
f 474 456 475
f 476 457 458
f 475 457 476
f 44 477 24
f 477 458 24
f 477 476 458
f 45 478 44
f 44 478 477
f 27 459 45
f 459 478 45
f 459 479 478
f 480 459 460
f 479 459 480
f 481 460 461
f 480 460 481
f 482 461 462
f 481 461 482
f 483 462 463
f 482 462 483
f 484 463 464
f 483 463 484
f 485 464 465
f 484 464 485
f 486 465 466
f 485 465 486
f 487 466 467
f 486 466 487
f 467 468 488
f 467 488 487
f 470 469 489
f 470 489 490
f 491 469 471
f 489 469 491
f 47 491 30
f 30 491 471
f 472 57 43
f 57 472 60
f 60 472 473
f 60 473 62
f 62 473 474
f 62 474 63
f 474 492 63
f 474 475 492
f 493 475 476
f 492 475 493
f 494 476 477
f 493 476 494
f 495 477 478
f 494 477 495
f 496 478 479
f 495 478 496
f 497 479 480
f 496 479 497
f 498 480 481
f 497 480 498
f 499 481 482
f 498 481 499
f 500 482 483
f 499 482 500
f 501 483 484
f 500 483 501
f 502 484 485
f 501 484 502
f 503 485 486
f 502 485 503
f 504 486 487
f 503 486 504
f 487 488 505
f 487 505 504
f 490 489 506
f 490 506 507
f 508 489 491
f 506 489 508
f 65 508 47
f 47 508 491
f 492 78 63
f 78 492 81
f 81 492 493
f 81 493 82
f 493 509 82
f 493 494 509
f 510 494 495
f 509 494 510
f 511 495 496
f 510 495 511
f 512 496 497
f 511 496 512
f 513 497 498
f 512 497 513
f 514 498 499
f 513 498 514
f 515 499 500
f 514 499 515
f 516 500 501
f 515 500 516
f 517 501 502
f 516 501 517
f 518 502 503
f 517 502 518
f 519 503 504
f 518 503 519
f 504 505 520
f 504 520 519
f 507 506 521
f 507 521 522
f 523 506 508
f 521 506 523
f 84 523 65
f 65 523 508
f 509 99 82
f 99 509 101
f 509 524 101
f 509 510 524
f 525 510 511
f 524 510 525
f 526 511 512
f 525 511 526
f 527 512 513
f 526 512 527
f 528 513 514
f 527 513 528
f 529 514 515
f 528 514 529
f 530 515 516
f 529 515 530
f 531 516 517
f 530 516 531
f 532 517 518
f 531 517 532
f 533 518 519
f 532 518 533
f 519 520 534
f 519 534 533
f 522 521 535
f 522 535 536
f 537 521 523
f 535 521 537
f 103 537 84
f 84 537 523
f 524 119 101
f 119 524 121
f 524 538 121
f 524 525 538
f 539 525 526
f 538 525 539
f 540 526 527
f 539 526 540
f 541 527 528
f 540 527 541
f 542 528 529
f 541 528 542
f 543 529 530
f 542 529 543
f 544 530 531
f 543 530 544
f 545 531 532
f 544 531 545
f 546 532 533
f 545 532 546
f 533 534 547
f 533 547 546
f 536 535 548
f 536 548 549
f 550 535 537
f 548 535 550
f 122 551 103
f 551 537 103
f 551 550 537
f 123 552 122
f 122 552 551
f 124 553 123
f 123 553 552
f 125 554 124
f 124 554 553
f 126 554 125
f 555 139 140
f 121 538 140
f 538 555 140
f 538 556 555
f 557 538 539
f 556 538 557
f 558 539 540
f 557 539 558
f 559 540 541
f 558 540 559
f 560 541 542
f 559 541 560
f 561 542 543
f 560 542 561
f 562 543 544
f 561 543 562
f 563 544 545
f 562 544 563
f 564 545 546
f 563 545 564
f 546 547 565
f 546 565 564
f 549 548 566
f 549 566 567
f 568 548 550
f 566 548 568
f 569 550 551
f 568 550 569
f 143 569 142
f 569 552 142
f 569 551 552
f 142 552 145
f 145 552 553
f 145 553 147
f 147 553 554
f 147 554 126
f 555 160 139
f 160 555 163
f 163 555 556
f 163 556 164
f 556 570 164
f 556 557 570
f 571 557 558
f 570 557 571
f 572 558 559
f 571 558 572
f 573 559 560
f 572 559 573
f 574 560 561
f 573 560 574
f 575 561 562
f 574 561 575
f 576 562 563
f 575 562 576
f 577 563 564
f 576 563 577
f 564 565 578
f 564 578 577
f 567 566 579
f 567 579 580
f 167 579 166
f 579 568 166
f 579 566 568
f 166 568 169
f 169 568 569
f 169 569 143
f 570 187 164
f 187 570 189
f 570 581 189
f 570 571 581
f 582 571 572
f 581 571 582
f 583 572 573
f 582 572 583
f 584 573 574
f 583 573 584
f 585 574 575
f 584 574 585
f 586 575 576
f 585 575 586
f 587 576 577
f 586 576 587
f 577 578 588
f 577 588 587
f 591 590 589
f 589 590 580
f 589 580 579
f 192 589 579
f 191 192 579
f 191 579 167
f 581 213 189
f 213 581 215
f 581 592 215
f 581 582 592
f 593 582 583
f 592 582 593
f 594 583 584
f 593 583 594
f 595 584 585
f 594 584 595
f 596 585 586
f 595 585 596
f 597 586 587
f 596 586 597
f 587 588 598
f 587 598 597
f 591 589 599
f 591 599 600
f 217 599 192
f 192 599 589
f 592 239 215
f 239 592 241
f 592 601 241
f 592 593 601
f 602 593 594
f 601 593 602
f 603 594 595
f 602 594 603
f 604 595 596
f 603 595 604
f 605 596 597
f 604 596 605
f 597 598 606
f 597 606 605
f 600 599 607
f 600 607 608
f 243 607 217
f 217 607 599
f 601 266 241
f 266 601 268
f 601 609 268
f 601 602 609
f 610 602 603
f 609 602 610
f 611 603 604
f 610 603 611
f 612 604 605
f 611 604 612
f 605 606 613
f 605 613 612
f 608 607 614
f 608 614 615
f 269 616 243
f 616 607 243
f 616 614 607
f 270 616 269
f 617 287 288
f 289 618 288
f 288 618 617
f 290 619 289
f 289 619 618
f 291 619 290
f 620 296 609
f 609 296 268
f 621 609 610
f 620 609 621
f 622 610 611
f 621 610 622
f 623 611 612
f 622 611 623
f 612 613 624
f 612 624 623
f 625 615 614
f 627 626 625
f 614 627 625
f 616 627 614
f 297 628 270
f 628 616 270
f 628 627 616
f 298 628 297
f 629 311 312
f 313 630 312
f 312 630 629
f 314 631 313
f 313 631 630
f 287 617 314
f 617 631 314
f 617 632 631
f 633 617 618
f 632 617 633
f 634 618 619
f 633 618 634
f 315 635 291
f 635 619 291
f 635 634 619
f 316 636 315
f 315 636 635
f 317 637 316
f 316 637 636
f 318 638 317
f 317 638 637
f 296 620 318
f 620 638 318
f 620 639 638
f 640 620 621
f 639 620 640
f 641 621 622
f 640 621 641
f 642 622 623
f 641 622 642
f 623 624 643
f 623 643 642
f 644 626 627
f 646 645 644
f 627 646 644
f 628 646 627
f 319 647 298
f 647 628 298
f 647 646 628
f 320 648 319
f 319 648 647
f 321 649 320
f 320 649 648
f 322 650 321
f 321 650 649
f 323 651 322
f 322 651 650
f 324 652 323
f 323 652 651
f 325 652 324
f 653 329 330
f 331 654 330
f 330 654 653
f 332 655 331
f 331 655 654
f 311 629 332
f 629 655 332
f 629 656 655
f 657 629 630
f 656 629 657
f 658 630 631
f 657 630 658
f 659 631 632
f 658 631 659
f 660 632 633
f 659 632 660
f 661 633 634
f 660 633 661
f 662 634 635
f 661 634 662
f 663 635 636
f 662 635 663
f 664 636 637
f 663 636 664
f 665 637 638
f 664 637 665
f 666 638 639
f 665 638 666
f 667 639 640
f 666 639 667
f 668 640 641
f 667 640 668
f 669 641 642
f 668 641 669
f 642 643 670
f 642 670 669
f 671 645 646
f 671 646 647
f 671 647 672
f 674 673 672
f 647 674 672
f 648 674 647
f 675 648 649
f 674 648 675
f 676 649 650
f 675 649 676
f 677 650 651
f 676 650 677
f 678 651 652
f 677 651 678
f 333 679 325
f 679 652 325
f 679 678 652
f 334 680 333
f 333 680 679
f 335 681 334
f 334 681 680
f 329 653 335
f 653 681 335
f 653 682 681
f 683 653 654
f 682 653 683
f 684 654 655
f 683 654 684
f 685 655 656
f 684 655 685
f 686 656 657
f 685 656 686
f 687 657 658
f 686 657 687
f 688 658 659
f 687 658 688
f 689 659 660
f 688 659 689
f 690 660 661
f 689 660 690
f 691 661 662
f 690 661 691
f 692 662 663
f 691 662 692
f 693 663 664
f 692 663 693
f 694 664 665
f 693 664 694
f 695 665 666
f 694 665 695
f 696 666 667
f 695 666 696
f 697 667 668
f 696 667 697
f 669 699 698
f 697 669 698
f 668 669 697
f 699 669 670
f 700 673 674
f 700 674 675
f 700 675 701
f 701 675 676
f 701 676 702
f 702 676 677
f 702 677 703
f 703 677 678
f 703 678 704
f 704 678 679
f 704 679 705
f 705 679 680
f 705 680 706
f 706 680 681
f 706 681 707
f 707 681 682
f 707 682 708
f 708 682 683
f 708 683 709
f 709 683 684
f 709 684 710
f 710 684 685
f 710 685 711
f 711 685 686
f 711 686 712
f 712 686 687
f 712 687 713
f 713 687 688
f 713 688 714
f 714 688 689
f 714 689 715
f 715 689 690
f 715 690 716
f 718 717 716
f 690 718 716
f 691 718 690
f 719 691 692
f 718 691 719
f 720 692 693
f 719 692 720
f 721 693 694
f 720 693 721
f 722 694 695
f 721 694 722
f 723 695 696
f 722 695 723
f 697 725 724
f 723 697 724
f 696 697 723
f 725 697 698
f 726 717 718
f 726 718 719
f 726 719 727
f 727 719 720
f 727 720 728
f 728 720 721
f 728 721 729
f 729 721 722
f 729 722 730
f 730 722 723
f 730 723 731
f 731 723 724
f 734 733 732
f 337 338 732
f 733 337 732
f 735 337 733
f 337 736 340
f 735 736 337
f 340 737 342
f 736 737 340
f 342 738 344
f 737 738 342
f 344 739 346
f 738 739 344
f 346 740 348
f 739 740 346
f 348 741 350
f 740 741 348
f 350 742 352
f 741 742 350
f 352 743 354
f 742 743 352
f 354 744 356
f 743 744 354
f 356 745 358
f 744 745 356
f 358 746 360
f 745 746 358
f 360 747 362
f 746 747 360
f 362 748 364
f 747 748 362
f 364 749 366
f 748 749 364
f 366 750 368
f 749 750 366
f 368 751 370
f 750 751 368
f 370 752 372
f 751 752 370
f 372 753 374
f 752 753 372
f 374 754 376
f 753 754 374
f 376 755 378
f 754 755 376
f 378 756 380
f 755 756 378
f 380 757 382
f 756 757 380
f 382 758 384
f 757 758 382
f 384 759 386
f 758 759 384
f 386 760 388
f 759 760 386
f 762 761 389
f 388 762 389
f 760 762 388
f 763 761 762
f 734 732 391
f 392 734 391
f 764 734 392
f 391 732 338
f 761 419 389
f 421 419 761
f 763 421 761
f 765 421 763
f 423 764 392
f 423 766 764
f 765 446 421
f 767 446 765
f 448 766 423
f 448 768 766
f 767 468 446
f 769 468 767
f 470 768 448
f 470 770 768
f 769 488 468
f 771 488 769
f 490 770 470
f 490 772 770
f 771 505 488
f 773 505 771
f 507 772 490
f 507 774 772
f 773 520 505
f 775 520 773
f 522 774 507
f 522 776 774
f 775 534 520
f 777 534 775
f 536 776 522
f 536 778 776
f 777 547 534
f 779 547 777
f 782 781 780
f 781 778 780
f 778 549 780
f 778 536 549
f 779 565 547
f 783 565 779
f 782 780 784
f 782 784 785
f 567 784 549
f 549 784 780
f 783 578 565
f 786 578 783
f 785 784 787
f 785 787 788
f 580 787 567
f 567 787 784
f 786 588 578
f 789 588 786
f 788 787 590
f 591 788 590
f 790 788 591
f 590 787 580
f 789 598 588
f 791 598 789
f 600 790 591
f 600 792 790
f 791 606 598
f 793 606 791
f 608 792 600
f 608 794 792
f 793 613 606
f 795 613 793
f 615 794 608
f 615 796 794
f 795 624 613
f 797 624 795
f 615 625 798
f 799 615 798
f 796 615 799
f 626 798 625
f 797 643 624
f 800 643 797
f 801 799 798
f 803 801 802
f 802 801 644
f 801 798 644
f 798 626 644
f 645 802 644
f 800 670 643
f 804 670 800
f 805 803 802
f 805 802 645
f 671 805 645
f 806 805 671
f 808 806 807
f 806 672 807
f 806 671 672
f 673 807 672
f 809 698 699
f 810 809 699
f 670 810 699
f 804 810 670
f 811 808 807
f 811 807 673
f 700 811 673
f 812 811 700
f 813 700 701
f 813 812 700
f 814 701 702
f 814 813 701
f 815 702 703
f 815 814 702
f 817 815 816
f 815 704 816
f 815 703 704
f 705 818 704
f 704 818 816
f 706 819 705
f 705 819 818
f 707 820 706
f 706 820 819
f 708 821 707
f 707 821 820
f 709 822 708
f 708 822 821
f 710 823 709
f 709 823 822
f 711 824 710
f 710 824 823
f 712 825 711
f 711 825 824
f 713 826 712
f 712 826 825
f 714 827 713
f 713 827 826
f 715 828 714
f 714 828 827
f 716 829 715
f 715 829 828
f 717 829 716
f 830 724 725
f 831 830 725
f 831 725 698
f 832 831 698
f 809 832 698
f 832 809 810
f 833 817 816
f 833 816 818
f 833 818 834
f 834 818 819
f 834 819 835
f 835 819 820
f 835 820 836
f 836 820 821
f 836 821 837
f 837 821 822
f 837 822 838
f 838 822 823
f 838 823 839
f 839 823 824
f 839 824 840
f 840 824 825
f 840 825 841
f 841 825 826
f 841 826 842
f 842 826 827
f 842 827 843
f 843 827 828
f 843 828 844
f 844 828 829
f 844 829 845
f 845 829 717
f 726 845 717
f 846 845 726
f 847 726 727
f 847 846 726
f 848 727 728
f 848 847 727
f 850 848 849
f 848 729 849
f 848 728 729
f 849 729 851
f 729 852 851
f 729 730 852
f 853 730 731
f 853 852 730
f 731 724 830
f 854 731 830
f 853 731 854
f 854 830 831
f 855 850 849
f 855 849 851
f 857 856 733
f 857 733 734
f 733 858 735
f 856 858 733
f 735 859 736
f 858 859 735
f 736 860 737
f 859 860 736
f 737 861 738
f 860 861 737
f 738 862 739
f 861 862 738
f 739 863 740
f 862 863 739
f 740 864 741
f 863 864 740
f 741 865 742
f 864 865 741
f 742 866 743
f 865 866 742
f 743 867 744
f 866 867 743
f 744 868 745
f 867 868 744
f 745 869 746
f 868 869 745
f 746 870 747
f 869 870 746
f 747 871 748
f 870 871 747
f 748 872 749
f 871 872 748
f 749 873 750
f 872 873 749
f 750 874 751
f 873 874 750
f 751 875 752
f 874 875 751
f 752 876 753
f 875 876 752
f 753 877 754
f 876 877 753
f 754 878 755
f 877 878 754
f 755 879 756
f 878 879 755
f 756 880 757
f 879 880 756
f 757 881 758
f 880 881 757
f 758 882 759
f 881 882 758
f 759 883 760
f 882 883 759
f 760 884 762
f 883 884 760
f 763 762 884
f 763 884 885
f 764 857 734
f 764 886 857
f 885 765 763
f 887 765 885
f 766 886 764
f 766 888 886
f 887 767 765
f 889 767 887
f 768 888 766
f 768 890 888
f 889 769 767
f 891 769 889
f 770 890 768
f 770 892 890
f 891 771 769
f 893 771 891
f 772 892 770
f 772 894 892
f 893 773 771
f 895 773 893
f 774 894 772
f 774 896 894
f 895 775 773
f 897 775 895
f 776 896 774
f 776 898 896
f 897 777 775
f 899 777 897
f 902 901 900
f 901 898 900
f 898 778 900
f 898 776 778
f 899 779 777
f 903 779 899
f 902 900 781
f 782 902 781
f 904 902 782
f 781 900 778
f 903 783 779
f 905 783 903
f 785 904 782
f 785 906 904
f 905 786 783
f 907 786 905
f 788 906 785
f 788 908 906
f 907 789 786
f 909 789 907
f 790 908 788
f 790 910 908
f 909 791 789
f 911 791 909
f 792 910 790
f 792 912 910
f 911 793 791
f 913 793 911
f 794 912 792
f 794 914 912
f 916 795 915
f 795 913 915
f 795 793 913
f 917 916 915
f 796 914 794
f 796 918 914
f 919 797 916
f 916 797 795
f 916 917 920
f 916 920 919
f 799 918 796
f 799 921 918
f 923 922 919
f 922 797 919
f 922 800 797
f 923 919 920
f 924 921 799
f 924 799 801
f 801 803 924
f 924 803 925
f 922 804 800
f 926 804 922
f 927 925 803
f 927 803 805
f 929 927 928
f 927 806 928
f 927 805 806
f 808 928 806
f 926 810 804
f 930 810 926
f 931 929 928
f 931 928 808
f 811 931 808
f 932 931 811
f 933 811 812
f 933 932 811
f 934 812 813
f 934 933 812
f 935 813 814
f 935 934 813
f 937 935 936
f 935 815 936
f 935 814 815
f 817 936 815
f 939 938 832
f 832 938 831
f 832 810 930
f 832 930 939
f 940 937 936
f 940 936 817
f 833 940 817
f 941 940 833
f 942 833 834
f 942 941 833
f 943 834 835
f 943 942 834
f 944 835 836
f 944 943 835
f 945 836 837
f 945 944 836
f 946 837 838
f 946 945 837
f 947 838 839
f 947 946 838
f 948 839 840
f 948 947 839
f 949 840 841
f 949 948 840
f 950 841 842
f 950 949 841
f 951 842 843
f 951 950 842
f 952 843 844
f 952 951 843
f 954 952 953
f 952 845 953
f 952 844 845
f 846 955 845
f 845 955 953
f 847 956 846
f 846 956 955
f 848 957 847
f 847 957 956
f 850 957 848
f 958 851 852
f 958 852 959
f 852 960 959
f 852 853 960
f 961 853 854
f 961 960 853
f 854 831 938
f 854 938 961
f 962 954 953
f 962 953 955
f 962 955 963
f 963 955 956
f 963 956 964
f 964 956 957
f 964 957 965
f 965 957 850
f 855 965 850
f 966 965 855
f 855 851 958
f 967 855 958
f 966 855 967
f 967 958 959
f 969 968 856
f 969 856 857
f 856 970 858
f 968 970 856
f 858 971 859
f 970 971 858
f 859 972 860
f 971 972 859
f 860 973 861
f 972 973 860
f 861 974 862
f 973 974 861
f 862 975 863
f 974 975 862
f 863 976 864
f 975 976 863
f 864 977 865
f 976 977 864
f 865 978 866
f 977 978 865
f 866 979 867
f 978 979 866
f 867 980 868
f 979 980 867
f 868 981 869
f 980 981 868
f 869 982 870
f 981 982 869
f 870 983 871
f 982 983 870
f 871 984 872
f 983 984 871
f 872 985 873
f 984 985 872
f 873 986 874
f 985 986 873
f 874 987 875
f 986 987 874
f 875 988 876
f 987 988 875
f 876 989 877
f 988 989 876
f 877 990 878
f 989 990 877
f 878 991 879
f 990 991 878
f 879 992 880
f 991 992 879
f 880 993 881
f 992 993 880
f 881 994 882
f 993 994 881
f 882 995 883
f 994 995 882
f 883 996 884
f 995 996 883
f 885 884 996
f 885 996 997
f 886 969 857
f 886 998 969
f 997 887 885
f 999 887 997
f 888 998 886
f 888 1000 998
f 999 889 887
f 1001 889 999
f 890 1000 888
f 890 1002 1000
f 1001 891 889
f 1003 891 1001
f 892 1002 890
f 892 1004 1002
f 1003 893 891
f 1005 893 1003
f 894 1004 892
f 894 1006 1004
f 1005 895 893
f 1007 895 1005
f 896 1006 894
f 896 1008 1006
f 1007 897 895
f 1009 897 1007
f 898 1008 896
f 898 1010 1008
f 1009 899 897
f 1011 899 1009
f 902 1012 901
f 1012 1013 901
f 1013 898 901
f 1013 1010 898
f 1011 903 899
f 1014 903 1011
f 1016 1015 1012
f 902 1016 1012
f 904 1016 902
f 1012 1015 1013
f 1014 905 903
f 1017 905 1014
f 906 1019 1018
f 1016 906 1018
f 904 906 1016
f 1019 1020 1018
f 1017 907 905
f 1021 907 1017
f 1023 1022 1019
f 906 1023 1019
f 908 1023 906
f 1019 1022 1020
f 1021 909 907
f 1024 909 1021
f 910 1023 908
f 910 1025 1023
f 1024 911 909
f 1026 911 1024
f 912 1025 910
f 912 1027 1025
f 1029 913 1028
f 913 1026 1028
f 913 911 1026
f 1030 1029 1028
f 914 1027 912
f 914 1031 1027
f 1029 915 913
f 917 915 1029
f 1030 917 1029
f 1032 917 1030
f 918 1031 914
f 918 1033 1031
f 1032 920 917
f 1034 920 1032
f 921 1033 918
f 921 1035 1033
f 1036 922 923
f 1037 1036 923
f 920 1037 923
f 1034 1037 920
f 1038 1035 921
f 1038 921 924
f 924 925 1038
f 1038 925 1039
f 1041 1040 1036
f 1040 922 1036
f 1040 926 922
f 1041 1036 1037
f 1042 1039 925
f 1042 925 927
f 1044 1043 929
f 1043 927 929
f 1043 1042 927
f 1044 1045 1043
f 1040 930 926
f 1046 930 1040
f 931 1044 929
f 1047 1045 1044
f 931 1047 1044
f 932 1047 931
f 1048 932 933
f 1048 1047 932
f 1049 933 934
f 1049 1048 933
f 1050 934 935
f 1050 1049 934
f 1052 1051 937
f 1051 935 937
f 1051 1050 935
f 1052 1053 1051
f 1054 938 939
f 1055 1054 939
f 930 1055 939
f 1046 1055 930
f 940 1052 937
f 1056 1053 1052
f 940 1056 1052
f 941 1056 940
f 1057 941 942
f 1057 1056 941
f 1058 942 943
f 1058 1057 942
f 1059 943 944
f 1059 1058 943
f 1060 944 945
f 1060 1059 944
f 1061 945 946
f 1061 1060 945
f 1062 946 947
f 1062 1061 946
f 1063 947 948
f 1063 1062 947
f 1064 948 949
f 1064 1063 948
f 1065 949 950
f 1065 1064 949
f 1066 950 951
f 1066 1065 950
f 1067 951 952
f 1067 1066 951
f 952 954 1067
f 1067 954 1068
f 1069 959 960
f 1069 960 1070
f 960 1071 1070
f 960 961 1071
f 961 938 1054
f 1072 961 1054
f 1071 961 1072
f 1072 1054 1055
f 1073 1068 954
f 1073 954 962
f 1074 962 963
f 1074 1073 962
f 1075 963 964
f 1075 1074 963
f 1076 964 965
f 1076 1075 964
f 1077 965 966
f 1077 1076 965
f 1078 966 967
f 1078 1077 966
f 967 959 1069
f 1079 967 1069
f 1078 967 1079
f 1079 1069 1070
f 1081 1080 968
f 1081 968 969
f 968 1082 970
f 1080 1082 968
f 970 1083 971
f 1082 1083 970
f 971 1084 972
f 1083 1084 971
f 972 1085 973
f 1084 1085 972
f 973 1086 974
f 1085 1086 973
f 974 1087 975
f 1086 1087 974
f 975 1088 976
f 1087 1088 975
f 976 1089 977
f 1088 1089 976
f 977 1090 978
f 1089 1090 977
f 978 1091 979
f 1090 1091 978
f 979 1092 980
f 1091 1092 979
f 980 1093 981
f 1092 1093 980
f 981 1094 982
f 1093 1094 981
f 982 1095 983
f 1094 1095 982
f 983 1096 984
f 1095 1096 983
f 984 1097 985
f 1096 1097 984
f 985 1098 986
f 1097 1098 985
f 986 1099 987
f 1098 1099 986
f 987 1100 988
f 1099 1100 987
f 988 1101 989
f 1100 1101 988
f 989 1102 990
f 1101 1102 989
f 990 1103 991
f 1102 1103 990
f 991 1104 992
f 1103 1104 991
f 992 1105 993
f 1104 1105 992
f 993 1106 994
f 1105 1106 993
f 994 1107 995
f 1106 1107 994
f 995 1108 996
f 1107 1108 995
f 997 996 1108
f 997 1108 1109
f 998 1081 969
f 998 1110 1081
f 1109 999 997
f 1111 999 1109
f 1000 1110 998
f 1000 1112 1110
f 1111 1001 999
f 1113 1001 1111
f 1002 1112 1000
f 1002 1114 1112
f 1113 1003 1001
f 1115 1003 1113
f 1004 1114 1002
f 1004 1116 1114
f 1115 1005 1003
f 1117 1005 1115
f 1006 1116 1004
f 1006 1118 1116
f 1117 1007 1005
f 1119 1007 1117
f 1008 1118 1006
f 1008 1120 1118
f 1119 1009 1007
f 1121 1009 1119
f 1010 1120 1008
f 1010 1122 1120
f 1121 1011 1009
f 1123 1011 1121
f 1013 1122 1010
f 1013 1124 1122
f 1123 1014 1011
f 1125 1014 1123
f 1127 1126 1015
f 1127 1015 1016
f 1013 1015 1124
f 1124 1015 1126
f 1125 1017 1014
f 1128 1017 1125
f 1129 1127 1016
f 1129 1016 1018
f 1018 1020 1129
f 1129 1020 1130
f 1128 1021 1017
f 1131 1021 1128
f 1023 1132 1022
f 1132 1133 1022
f 1133 1020 1022
f 1133 1130 1020
f 1131 1024 1021
f 1134 1024 1131
f 1136 1135 1132
f 1023 1136 1132
f 1025 1136 1023
f 1132 1135 1133
f 1134 1026 1024
f 1137 1026 1134
f 1027 1136 1025
f 1027 1138 1136
f 1137 1139 1026
f 1026 1139 1028
f 1030 1028 1139
f 1030 1139 1140
f 1031 1138 1027
f 1031 1141 1138
f 1140 1032 1030
f 1142 1032 1140
f 1033 1141 1031
f 1033 1143 1141
f 1142 1034 1032
f 1144 1034 1142
f 1035 1146 1145
f 1143 1035 1145
f 1033 1035 1143
f 1146 1147 1145
f 1144 1037 1034
f 1148 1037 1144
f 1038 1146 1035
f 1038 1039 1146
f 1039 1147 1146
f 1039 1149 1147
f 1151 1150 1041
f 1041 1150 1040
f 1041 1037 1148
f 1041 1148 1151
f 1152 1149 1039
f 1152 1039 1042
f 1153 1042 1043
f 1153 1152 1042
f 1155 1154 1045
f 1154 1043 1045
f 1154 1153 1043
f 1157 1156 1155
f 1155 1156 1154
f 1157 1158 1156
f 1150 1046 1040
f 1159 1046 1150
f 1047 1155 1045
f 1155 1047 1048
f 1155 1048 1157
f 1160 1158 1157
f 1048 1160 1157
f 1049 1160 1048
f 1161 1049 1050
f 1161 1160 1049
f 1162 1050 1051
f 1162 1161 1050
f 1164 1163 1053
f 1163 1051 1053
f 1163 1162 1051
f 1166 1165 1164
f 1164 1165 1163
f 1168 1167 1166
f 1166 1167 1165
f 1170 1169 1168
f 1168 1169 1167
f 1172 1171 1170
f 1170 1171 1169
f 1174 1173 1172
f 1172 1173 1171
f 1176 1175 1174
f 1174 1175 1173
f 1176 1177 1175
f 1180 1179 1178
f 1182 1181 1178
f 1178 1181 1180
f 1182 1183 1181
f 1159 1055 1046
f 1184 1055 1159
f 1056 1164 1053
f 1164 1056 1057
f 1164 1057 1166
f 1166 1057 1058
f 1166 1058 1168
f 1168 1058 1059
f 1168 1059 1170
f 1170 1059 1060
f 1170 1060 1172
f 1172 1060 1061
f 1172 1061 1174
f 1174 1061 1062
f 1174 1062 1176
f 1185 1177 1176
f 1062 1185 1176
f 1063 1185 1062
f 1064 1178 1179
f 1185 1064 1179
f 1063 1064 1185
f 1178 1064 1065
f 1178 1065 1182
f 1186 1183 1182
f 1065 1186 1182
f 1066 1186 1065
f 1188 1186 1187
f 1186 1067 1187
f 1186 1066 1067
f 1068 1187 1067
f 1190 1189 1071
f 1071 1189 1070
f 1191 1071 1072
f 1191 1190 1071
f 1072 1055 1184
f 1072 1184 1191
f 1192 1188 1187
f 1192 1187 1068
f 1073 1192 1068
f 1193 1192 1073
f 1194 1073 1074
f 1194 1193 1073
f 1195 1074 1075
f 1195 1194 1074
f 1196 1075 1076
f 1196 1195 1075
f 1197 1076 1077
f 1197 1196 1076
f 1198 1077 1078
f 1198 1197 1077
f 1199 1078 1079
f 1199 1198 1078
f 1079 1070 1189
f 1079 1189 1199
f 1201 1200 1080
f 1201 1080 1081
f 1080 1202 1082
f 1200 1202 1080
f 1082 1203 1083
f 1202 1203 1082
f 1083 1204 1084
f 1203 1204 1083
f 1084 1205 1085
f 1204 1205 1084
f 1085 1206 1086
f 1205 1206 1085
f 1086 1207 1087
f 1206 1207 1086
f 1087 1208 1088
f 1207 1208 1087
f 1088 1209 1089
f 1208 1209 1088
f 1089 1210 1090
f 1209 1210 1089
f 1090 1211 1091
f 1210 1211 1090
f 1091 1212 1092
f 1211 1212 1091
f 1092 1213 1093
f 1212 1213 1092
f 1093 1214 1094
f 1213 1214 1093
f 1094 1215 1095
f 1214 1215 1094
f 1095 1216 1096
f 1215 1216 1095
f 1096 1217 1097
f 1216 1217 1096
f 1097 1218 1098
f 1217 1218 1097
f 1098 1219 1099
f 1218 1219 1098
f 1099 1220 1100
f 1219 1220 1099
f 1100 1221 1101
f 1220 1221 1100
f 1101 1222 1102
f 1221 1222 1101
f 1102 1223 1103
f 1222 1223 1102
f 1103 1224 1104
f 1223 1224 1103
f 1104 1225 1105
f 1224 1225 1104
f 1105 1226 1106
f 1225 1226 1105
f 1106 1227 1107
f 1226 1227 1106
f 1107 1228 1108
f 1227 1228 1107
f 1109 1108 1228
f 1109 1228 1229
f 1110 1201 1081
f 1110 1230 1201
f 1229 1111 1109
f 1231 1111 1229
f 1112 1230 1110
f 1112 1232 1230
f 1231 1113 1111
f 1233 1113 1231
f 1114 1232 1112
f 1114 1234 1232
f 1233 1115 1113
f 1235 1115 1233
f 1116 1234 1114
f 1116 1236 1234
f 1235 1117 1115
f 1237 1117 1235
f 1118 1236 1116
f 1118 1238 1236
f 1237 1119 1117
f 1239 1119 1237
f 1120 1238 1118
f 1120 1240 1238
f 1239 1121 1119
f 1241 1121 1239
f 1122 1240 1120
f 1122 1242 1240
f 1241 1123 1121
f 1243 1123 1241
f 1124 1242 1122
f 1124 1244 1242
f 1243 1125 1123
f 1245 1125 1243
f 1247 1246 1126
f 1247 1126 1127
f 1124 1126 1244
f 1244 1126 1246
f 1245 1128 1125
f 1248 1128 1245
f 1249 1247 1127
f 1249 1127 1129
f 1129 1130 1249
f 1249 1130 1250
f 1248 1131 1128
f 1251 1131 1248
f 1133 1250 1130
f 1133 1252 1250
f 1251 1134 1131
f 1253 1134 1251
f 1136 1254 1135
f 1254 1255 1135
f 1255 1133 1135
f 1255 1252 1133
f 1253 1137 1134
f 1256 1137 1253
f 1138 1257 1254
f 1138 1254 1136
f 1255 1254 1258
f 1258 1254 1257
f 1256 1259 1137
f 1137 1259 1139
f 1140 1139 1259
f 1140 1259 1260
f 1141 1261 1257
f 1141 1257 1138
f 1258 1257 1262
f 1262 1257 1261
f 1260 1142 1140
f 1263 1142 1260
f 1143 1264 1261
f 1143 1261 1141
f 1262 1261 1265
f 1265 1261 1264
f 1263 1144 1142
f 1266 1144 1263
f 1145 1264 1143
f 1268 1267 1147
f 1147 1267 1145
f 1267 1265 1145
f 1265 1264 1145
f 1268 1269 1267
f 1266 1148 1144
f 1270 1148 1266
f 1149 1271 1268
f 1149 1268 1147
f 1269 1268 1272
f 1268 1273 1272
f 1268 1271 1273
f 1275 1274 1273
f 1273 1274 1272
f 1277 1276 1275
f 1275 1276 1274
f 1277 1278 1276
f 1280 1279 1151
f 1151 1279 1150
f 1151 1148 1270
f 1151 1270 1280
f 1152 1271 1149
f 1271 1152 1153
f 1271 1153 1273
f 1273 1153 1154
f 1273 1154 1275
f 1275 1154 1156
f 1275 1156 1277
f 1282 1281 1158
f 1158 1281 1156
f 1281 1278 1156
f 1278 1277 1156
f 1284 1283 1282
f 1282 1283 1281
f 1286 1285 1284
f 1284 1285 1283
f 1288 1287 1286
f 1286 1287 1285
f 1290 1289 1288
f 1288 1289 1287
f 1292 1291 1290
f 1290 1291 1289
f 1294 1293 1292
f 1292 1293 1291
f 1296 1295 1294
f 1294 1295 1293
f 1298 1297 1296
f 1296 1297 1295
f 1300 1299 1298
f 1298 1299 1297
f 1302 1301 1300
f 1300 1301 1299
f 1302 1303 1301
f 1279 1159 1150
f 1304 1159 1279
f 1160 1282 1158
f 1282 1160 1161
f 1282 1161 1284
f 1284 1161 1162
f 1284 1162 1286
f 1286 1162 1163
f 1286 1163 1288
f 1288 1163 1165
f 1288 1165 1290
f 1290 1165 1167
f 1290 1167 1292
f 1292 1167 1169
f 1292 1169 1294
f 1294 1169 1171
f 1294 1171 1296
f 1296 1171 1173
f 1296 1173 1298
f 1298 1173 1175
f 1298 1175 1300
f 1300 1175 1177
f 1305 1300 1177
f 1302 1300 1305
f 1180 1306 1179
f 1306 1302 1179
f 1302 1305 1179
f 1302 1306 1303
f 1307 1180 1181
f 1307 1306 1180
f 1309 1308 1183
f 1308 1181 1183
f 1308 1307 1181
f 1309 1310 1308
f 1304 1184 1159
f 1311 1184 1304
f 1185 1305 1177
f 1305 1185 1179
f 1186 1309 1183
f 1186 1188 1309
f 1188 1310 1309
f 1188 1312 1310
f 1314 1313 1190
f 1190 1313 1189
f 1315 1190 1191
f 1315 1314 1190
f 1191 1184 1311
f 1191 1311 1315
f 1316 1312 1188
f 1316 1188 1192
f 1317 1192 1193
f 1317 1316 1192
f 1318 1193 1194
f 1318 1317 1193
f 1319 1194 1195
f 1319 1318 1194
f 1320 1195 1196
f 1320 1319 1195
f 1321 1196 1197
f 1321 1320 1196
f 1322 1197 1198
f 1322 1321 1197
f 1323 1198 1199
f 1323 1322 1198
f 1199 1189 1313
f 1199 1313 1323
f 1325 1324 1200
f 1325 1200 1201
f 1200 1326 1202
f 1324 1326 1200
f 1202 1327 1203
f 1326 1327 1202
f 1203 1328 1204
f 1327 1328 1203
f 1204 1329 1205
f 1328 1329 1204
f 1205 1330 1206
f 1329 1330 1205
f 1206 1331 1207
f 1330 1331 1206
f 1207 1332 1208
f 1331 1332 1207
f 1208 1333 1209
f 1332 1333 1208
f 1209 1334 1210
f 1333 1334 1209
f 1210 1335 1211
f 1334 1335 1210
f 1211 1336 1212
f 1335 1336 1211
f 1212 1337 1213
f 1336 1337 1212
f 1213 1338 1214
f 1337 1338 1213
f 1214 1339 1215
f 1338 1339 1214
f 1215 1340 1216
f 1339 1340 1215
f 1216 1341 1217
f 1340 1341 1216
f 1217 1342 1218
f 1341 1342 1217
f 1218 1343 1219
f 1342 1343 1218
f 1219 1344 1220
f 1343 1344 1219
f 1220 1345 1221
f 1344 1345 1220
f 1221 1346 1222
f 1345 1346 1221
f 1222 1347 1223
f 1346 1347 1222
f 1223 1348 1224
f 1347 1348 1223
f 1224 1349 1225
f 1348 1349 1224
f 1225 1350 1226
f 1349 1350 1225
f 1226 1351 1227
f 1350 1351 1226
f 1227 1352 1228
f 1351 1352 1227
f 1229 1228 1352
f 1229 1352 1353
f 1230 1325 1201
f 1230 1354 1325
f 1353 1231 1229
f 1355 1231 1353
f 1232 1354 1230
f 1232 1356 1354
f 1355 1233 1231
f 1357 1233 1355
f 1234 1356 1232
f 1234 1358 1356
f 1357 1235 1233
f 1359 1235 1357
f 1236 1358 1234
f 1236 1360 1358
f 1359 1237 1235
f 1361 1237 1359
f 1238 1360 1236
f 1238 1362 1360
f 1361 1239 1237
f 1363 1239 1361
f 1240 1362 1238
f 1240 1364 1362
f 1363 1241 1239
f 1365 1241 1363
f 1242 1364 1240
f 1242 1366 1364
f 1365 1243 1241
f 1367 1243 1365
f 1244 1366 1242
f 1244 1368 1366
f 1367 1245 1243
f 1369 1245 1367
f 1371 1370 1246
f 1371 1246 1247
f 1244 1246 1368
f 1368 1246 1370
f 1369 1248 1245
f 1372 1248 1369
f 1373 1371 1247
f 1373 1247 1249
f 1249 1250 1373
f 1373 1250 1374
f 1372 1251 1248
f 1375 1251 1372
f 1252 1377 1376
f 1374 1252 1376
f 1250 1252 1374
f 1377 1378 1376
f 1381 1380 1379
f 1383 1382 1379
f 1379 1382 1381
f 1385 1384 1383
f 1383 1384 1382
f 1387 1386 1385
f 1385 1386 1384
f 1389 1388 1387
f 1387 1388 1386
f 1391 1390 1389
f 1389 1390 1388
f 1393 1392 1391
f 1391 1392 1390
f 1393 1394 1392
f 1375 1253 1251
f 1395 1253 1375
f 1255 1396 1377
f 1255 1377 1252
f 1378 1377 1397
f 1397 1377 1396
f 1400 1399 1398
f 1400 1398 1380
f 1398 1379 1380
f 1398 1401 1379
f 1379 1402 1383
f 1379 1401 1402
f 1383 1403 1385
f 1383 1402 1403
f 1385 1404 1387
f 1385 1403 1404
f 1387 1405 1389
f 1387 1404 1405
f 1389 1406 1391
f 1389 1405 1406
f 1391 1407 1393
f 1391 1406 1407
f 1394 1393 1408
f 1408 1393 1407
f 1395 1256 1253
f 1409 1256 1395
f 1258 1410 1396
f 1258 1396 1255
f 1397 1396 1411
f 1396 1412 1411
f 1396 1410 1412
f 1414 1413 1412
f 1412 1413 1411
f 1416 1415 1414
f 1414 1415 1413
f 1418 1417 1416
f 1416 1417 1415
f 1418 1419 1417
f 1399 1420 1398
f 1398 1420 1401
f 1401 1420 1421
f 1423 1422 1421
f 1422 1401 1421
f 1422 1402 1401
f 1402 1424 1403
f 1402 1422 1424
f 1403 1425 1404
f 1403 1424 1425
f 1404 1426 1405
f 1404 1425 1426
f 1405 1427 1406
f 1405 1426 1427
f 1406 1428 1407
f 1406 1427 1428
f 1408 1407 1429
f 1429 1407 1428
f 1409 1430 1256
f 1256 1430 1259
f 1260 1259 1430
f 1260 1430 1431
f 1262 1432 1410
f 1262 1410 1258
f 1410 1433 1412
f 1410 1432 1433
f 1412 1434 1414
f 1412 1433 1434
f 1414 1435 1416
f 1414 1434 1435
f 1416 1436 1418
f 1416 1435 1436
f 1419 1418 1437
f 1418 1438 1437
f 1418 1436 1438
f 1440 1439 1438
f 1438 1439 1437
f 1442 1441 1440
f 1440 1441 1439
f 1441 1442 1423
f 1442 1422 1423
f 1442 1443 1422
f 1422 1444 1424
f 1422 1443 1444
f 1424 1445 1425
f 1424 1444 1445
f 1425 1446 1426
f 1425 1445 1446
f 1426 1447 1427
f 1426 1446 1447
f 1427 1448 1428
f 1427 1447 1448
f 1429 1428 1449
f 1449 1428 1448
f 1431 1263 1260
f 1450 1263 1431
f 1265 1451 1432
f 1265 1432 1262
f 1432 1452 1433
f 1432 1451 1452
f 1433 1453 1434
f 1433 1452 1453
f 1434 1454 1435
f 1434 1453 1454
f 1435 1455 1436
f 1435 1454 1455
f 1436 1456 1438
f 1436 1455 1456
f 1438 1457 1440
f 1438 1456 1457
f 1440 1458 1442
f 1440 1457 1458
f 1442 1459 1443
f 1442 1458 1459
f 1443 1460 1444
f 1443 1459 1460
f 1444 1461 1445
f 1444 1460 1461
f 1445 1462 1446
f 1445 1461 1462
f 1446 1463 1447
f 1446 1462 1463
f 1447 1464 1448
f 1447 1463 1464
f 1449 1448 1465
f 1448 1466 1465
f 1448 1464 1466
f 1466 1467 1465
f 1450 1266 1263
f 1468 1266 1450
f 1267 1451 1265
f 1451 1267 1269
f 1469 1451 1269
f 1452 1451 1469
f 1452 1470 1453
f 1452 1469 1470
f 1453 1471 1454
f 1453 1470 1471
f 1454 1472 1455
f 1454 1471 1472
f 1455 1473 1456
f 1455 1472 1473
f 1456 1474 1457
f 1456 1473 1474
f 1457 1475 1458
f 1457 1474 1475
f 1458 1476 1459
f 1458 1475 1476
f 1459 1477 1460
f 1459 1476 1477
f 1460 1478 1461
f 1460 1477 1478
f 1461 1479 1462
f 1461 1478 1479
f 1462 1480 1463
f 1462 1479 1480
f 1463 1481 1464
f 1463 1480 1481
f 1464 1482 1466
f 1464 1481 1482
f 1467 1466 1483
f 1483 1466 1482
f 1468 1270 1266
f 1484 1270 1468
f 1272 1469 1269
f 1469 1272 1274
f 1469 1274 1470
f 1470 1274 1276
f 1470 1276 1471
f 1471 1276 1278
f 1485 1471 1278
f 1472 1471 1485
f 1472 1486 1473
f 1472 1485 1486
f 1473 1487 1474
f 1473 1486 1487
f 1474 1488 1475
f 1474 1487 1488
f 1475 1489 1476
f 1475 1488 1489
f 1476 1490 1477
f 1476 1489 1490
f 1477 1491 1478
f 1477 1490 1491
f 1478 1492 1479
f 1478 1491 1492
f 1479 1493 1480
f 1479 1492 1493
f 1480 1494 1481
f 1480 1493 1494
f 1481 1495 1482
f 1481 1494 1495
f 1483 1482 1496
f 1482 1497 1496
f 1482 1495 1497
f 1497 1498 1496
f 1500 1499 1280
f 1280 1499 1279
f 1280 1270 1484
f 1280 1484 1500
f 1281 1485 1278
f 1485 1281 1283
f 1485 1283 1486
f 1486 1283 1285
f 1486 1285 1487
f 1487 1285 1287
f 1487 1287 1488
f 1488 1287 1289
f 1488 1289 1489
f 1489 1289 1291
f 1489 1291 1490
f 1490 1291 1293
f 1490 1293 1491
f 1491 1293 1295
f 1491 1295 1492
f 1492 1295 1297
f 1492 1297 1493
f 1493 1297 1299
f 1493 1299 1494
f 1494 1299 1301
f 1494 1301 1495
f 1495 1301 1303
f 1501 1495 1303
f 1497 1495 1501
f 1498 1497 1502
f 1497 1503 1502
f 1497 1501 1503
f 1503 1504 1502
f 1499 1304 1279
f 1505 1304 1499
f 1306 1501 1303
f 1501 1306 1307
f 1501 1307 1503
f 1506 1504 1503
f 1307 1506 1503
f 1308 1506 1307
f 1308 1310 1506
f 1506 1310 1507
f 1505 1311 1304
f 1508 1311 1505
f 1312 1510 1509
f 1507 1312 1509
f 1310 1312 1507
f 1510 1511 1509
f 1513 1512 1314
f 1314 1512 1313
f 1514 1314 1315
f 1514 1513 1314
f 1315 1311 1508
f 1315 1508 1514
f 1316 1510 1312
f 1515 1511 1510
f 1316 1515 1510
f 1317 1515 1316
f 1516 1317 1318
f 1516 1515 1317
f 1517 1318 1319
f 1517 1516 1318
f 1518 1319 1320
f 1518 1517 1319
f 1519 1320 1321
f 1519 1518 1320
f 1520 1321 1322
f 1520 1519 1321
f 1521 1322 1323
f 1521 1520 1322
f 1323 1313 1512
f 1323 1512 1521
f 1523 1522 1324
f 1523 1324 1325
f 1324 1524 1326
f 1522 1524 1324
f 1326 1525 1327
f 1524 1525 1326
f 1327 1526 1328
f 1525 1526 1327
f 1328 1527 1329
f 1526 1527 1328
f 1329 1528 1330
f 1527 1528 1329
f 1330 1529 1331
f 1528 1529 1330
f 1331 1530 1332
f 1529 1530 1331
f 1332 1531 1333
f 1530 1531 1332
f 1333 1532 1334
f 1531 1532 1333
f 1334 1533 1335
f 1532 1533 1334
f 1335 1534 1336
f 1533 1534 1335
f 1336 1535 1337
f 1534 1535 1336
f 1337 1536 1338
f 1535 1536 1337
f 1338 1537 1339
f 1536 1537 1338
f 1339 1538 1340
f 1537 1538 1339
f 1340 1539 1341
f 1538 1539 1340
f 1341 1540 1342
f 1539 1540 1341
f 1342 1541 1343
f 1540 1541 1342
f 1343 1542 1344
f 1541 1542 1343
f 1344 1543 1345
f 1542 1543 1344
f 1345 1544 1346
f 1543 1544 1345
f 1346 1545 1347
f 1544 1545 1346
f 1347 1546 1348
f 1545 1546 1347
f 1348 1547 1349
f 1546 1547 1348
f 1349 1548 1350
f 1547 1548 1349
f 1350 1549 1351
f 1548 1549 1350
f 1351 1550 1352
f 1549 1550 1351
f 1353 1352 1550
f 1353 1550 1551
f 1354 1523 1325
f 1354 1552 1523
f 1551 1355 1353
f 1553 1355 1551
f 1356 1552 1354
f 1356 1554 1552
f 1553 1357 1355
f 1555 1357 1553
f 1358 1554 1356
f 1358 1556 1554
f 1555 1359 1357
f 1557 1359 1555
f 1360 1556 1358
f 1360 1558 1556
f 1557 1361 1359
f 1559 1361 1557
f 1362 1558 1360
f 1362 1560 1558
f 1559 1363 1361
f 1561 1363 1559
f 1364 1560 1362
f 1364 1562 1560
f 1561 1365 1363
f 1563 1365 1561
f 1366 1562 1364
f 1366 1564 1562
f 1563 1367 1365
f 1565 1367 1563
f 1568 1567 1566
f 1567 1564 1566
f 1564 1368 1566
f 1564 1366 1368
f 1565 1369 1367
f 1569 1369 1565
f 1568 1566 1370
f 1371 1568 1370
f 1570 1568 1371
f 1370 1566 1368
f 1569 1372 1369
f 1571 1372 1569
f 1572 1570 1371
f 1572 1371 1373
f 1373 1374 1572
f 1572 1374 1573
f 1576 1575 1574
f 1574 1577 1576
f 1571 1375 1372
f 1578 1375 1571
f 1579 1573 1374
f 1579 1374 1376
f 1581 1580 1378
f 1580 1376 1378
f 1580 1579 1376
f 1583 1582 1581
f 1581 1582 1580
f 1585 1584 1583
f 1583 1584 1582
f 1587 1586 1585
f 1585 1586 1584
f 1589 1588 1587
f 1587 1588 1586
f 1591 1590 1589
f 1589 1590 1588
f 1380 1381 1591
f 1381 1590 1591
f 1381 1592 1590
f 1593 1381 1382
f 1593 1592 1381
f 1594 1382 1384
f 1594 1593 1382
f 1595 1384 1386
f 1595 1594 1384
f 1596 1386 1388
f 1596 1595 1386
f 1390 1574 1575
f 1596 1390 1575
f 1388 1390 1596
f 1597 1577 1574
f 1390 1597 1574
f 1392 1597 1390
f 1599 1598 1394
f 1598 1392 1394
f 1598 1597 1392
f 1601 1600 1599
f 1599 1600 1598
f 1601 1602 1600
f 1578 1395 1375
f 1603 1395 1578
f 1397 1604 1581
f 1397 1581 1378
f 1581 1605 1583
f 1581 1604 1605
f 1583 1606 1585
f 1583 1605 1606
f 1585 1607 1587
f 1585 1606 1607
f 1587 1608 1589
f 1587 1607 1608
f 1608 1399 1400
f 1591 1608 1400
f 1589 1608 1591
f 1591 1400 1380
f 1408 1609 1599
f 1408 1599 1394
f 1599 1610 1601
f 1599 1609 1610
f 1602 1601 1611
f 1611 1601 1610
f 1603 1409 1395
f 1612 1409 1603
f 1411 1604 1397
f 1604 1411 1413
f 1604 1413 1605
f 1605 1413 1415
f 1605 1415 1606
f 1606 1415 1417
f 1606 1417 1607
f 1607 1417 1419
f 1613 1607 1419
f 1608 1607 1613
f 1614 1420 1399
f 1608 1614 1399
f 1613 1614 1608
f 1615 1421 1420
f 1615 1420 1614
f 1615 1423 1421
f 1429 1616 1609
f 1429 1609 1408
f 1609 1617 1610
f 1609 1616 1617
f 1611 1610 1618
f 1618 1610 1617
f 1612 1619 1409
f 1409 1619 1430
f 1431 1430 1619
f 1431 1619 1620
f 1437 1613 1419
f 1613 1437 1439
f 1613 1439 1614
f 1614 1439 1441
f 1614 1441 1615
f 1615 1441 1423
f 1449 1621 1616
f 1449 1616 1429
f 1616 1622 1617
f 1616 1621 1622
f 1618 1617 1623
f 1623 1617 1622
f 1620 1450 1431
f 1624 1450 1620
f 1465 1621 1449
f 1621 1465 1467
f 1625 1621 1467
f 1622 1621 1625
f 1623 1622 1626
f 1626 1622 1625
f 1624 1468 1450
f 1627 1468 1624
f 1483 1628 1625
f 1483 1625 1467
f 1626 1625 1629
f 1629 1625 1628
f 1627 1484 1468
f 1630 1484 1627
f 1496 1628 1483
f 1496 1498 1628
f 1498 1629 1628
f 1498 1631 1629
f 1633 1632 1500
f 1500 1632 1499
f 1500 1484 1630
f 1500 1630 1633
f 1634 1631 1498
f 1634 1498 1502
f 1502 1504 1634
f 1634 1504 1635
f 1632 1505 1499
f 1636 1505 1632
f 1637 1635 1504
f 1637 1504 1506
f 1506 1507 1637
f 1637 1507 1638
f 1636 1508 1505
f 1639 1508 1636
f 1640 1638 1507
f 1640 1507 1509
f 1509 1511 1640
f 1640 1511 1641
f 1642 1512 1513
f 1642 1513 1643
f 1513 1644 1643
f 1513 1514 1644
f 1514 1508 1639
f 1514 1639 1644
f 1645 1641 1511
f 1645 1511 1515
f 1646 1515 1516
f 1646 1645 1515
f 1647 1516 1517
f 1647 1646 1516
f 1648 1517 1518
f 1648 1647 1517
f 1649 1518 1519
f 1649 1648 1518
f 1650 1519 1520
f 1650 1649 1519
f 1651 1520 1521
f 1651 1650 1520
f 1521 1512 1642
f 1652 1521 1642
f 1651 1521 1652
f 1652 1642 1643
f 1654 1653 1522
f 1654 1522 1523
f 1522 1655 1524
f 1653 1655 1522
f 1524 1656 1525
f 1655 1656 1524
f 1525 1657 1526
f 1656 1657 1525
f 1526 1658 1527
f 1657 1658 1526
f 1527 1659 1528
f 1658 1659 1527
f 1528 1660 1529
f 1659 1660 1528
f 1529 1661 1530
f 1660 1661 1529
f 1530 1662 1531
f 1661 1662 1530
f 1531 1663 1532
f 1662 1663 1531
f 1532 1664 1533
f 1663 1664 1532
f 1533 1665 1534
f 1664 1665 1533
f 1534 1666 1535
f 1665 1666 1534
f 1535 1667 1536
f 1666 1667 1535
f 1536 1668 1537
f 1667 1668 1536
f 1537 1669 1538
f 1668 1669 1537
f 1538 1670 1539
f 1669 1670 1538
f 1539 1671 1540
f 1670 1671 1539
f 1540 1672 1541
f 1671 1672 1540
f 1541 1673 1542
f 1672 1673 1541
f 1542 1674 1543
f 1673 1674 1542
f 1543 1675 1544
f 1674 1675 1543
f 1544 1676 1545
f 1675 1676 1544
f 1545 1677 1546
f 1676 1677 1545
f 1546 1678 1547
f 1677 1678 1546
f 1547 1679 1548
f 1678 1679 1547
f 1548 1680 1549
f 1679 1680 1548
f 1549 1681 1550
f 1680 1681 1549
f 1551 1550 1681
f 1551 1681 1682
f 1552 1654 1523
f 1552 1683 1654
f 1682 1553 1551
f 1684 1553 1682
f 1554 1683 1552
f 1554 1685 1683
f 1684 1555 1553
f 1686 1555 1684
f 1556 1685 1554
f 1556 1687 1685
f 1686 1557 1555
f 1688 1557 1686
f 1558 1687 1556
f 1558 1689 1687
f 1688 1559 1557
f 1690 1559 1688
f 1560 1689 1558
f 1560 1691 1689
f 1690 1561 1559
f 1692 1561 1690
f 1562 1691 1560
f 1562 1693 1691
f 1692 1563 1561
f 1694 1563 1692
f 1564 1693 1562
f 1564 1695 1693
f 1694 1565 1563
f 1696 1565 1694
f 1698 1697 1567
f 1698 1567 1568
f 1564 1567 1695
f 1695 1567 1697
f 1696 1569 1565
f 1699 1569 1696
f 1570 1698 1568
f 1570 1700 1698
f 1699 1571 1569
f 1701 1571 1699
f 1702 1700 1570
f 1702 1570 1572
f 1572 1573 1702
f 1702 1573 1703
f 1706 1705 1704
f 1708 1707 1704
f 1704 1707 1706
f 1575 1576 1708
f 1576 1707 1708
f 1576 1709 1707
f 1711 1710 1577
f 1710 1576 1577
f 1710 1709 1576
f 1711 1712 1710
f 1701 1578 1571
f 1713 1578 1701
f 1714 1703 1573
f 1714 1573 1579
f 1715 1579 1580
f 1715 1714 1579
f 1716 1580 1582
f 1716 1715 1580
f 1717 1582 1584
f 1717 1716 1582
f 1718 1584 1586
f 1718 1717 1584
f 1719 1586 1588
f 1719 1718 1586
f 1720 1588 1590
f 1720 1719 1588
f 1721 1590 1592
f 1721 1720 1590
f 1722 1592 1593
f 1722 1721 1592
f 1723 1593 1594
f 1723 1722 1593
f 1595 1704 1705
f 1723 1595 1705
f 1594 1595 1723
f 1704 1595 1596
f 1704 1596 1708
f 1708 1596 1575
f 1597 1711 1577
f 1724 1712 1711
f 1597 1724 1711
f 1598 1724 1597
f 1725 1598 1600
f 1725 1724 1598
f 1727 1726 1602
f 1726 1600 1602
f 1726 1725 1600
f 1727 1728 1726
f 1713 1603 1578
f 1729 1603 1713
f 1731 1730 1727
f 1602 1731 1727
f 1611 1731 1602
f 1727 1730 1728
f 1729 1612 1603
f 1732 1612 1729
f 1618 1731 1611
f 1618 1733 1731
f 1732 1734 1612
f 1612 1734 1619
f 1620 1619 1734
f 1620 1734 1735
f 1623 1733 1618
f 1623 1736 1733
f 1735 1624 1620
f 1737 1624 1735
f 1626 1736 1623
f 1626 1738 1736
f 1737 1627 1624
f 1739 1627 1737
f 1629 1738 1626
f 1629 1740 1738
f 1739 1630 1627
f 1741 1630 1739
f 1631 1743 1742
f 1740 1631 1742
f 1629 1631 1740
f 1743 1744 1742
f 1746 1745 1633
f 1633 1745 1632
f 1633 1630 1741
f 1633 1741 1746
f 1634 1743 1631
f 1634 1635 1743
f 1635 1744 1743
f 1635 1747 1744
f 1745 1636 1632
f 1748 1636 1745
f 1749 1747 1635
f 1749 1635 1637
f 1637 1638 1749
f 1749 1638 1750
f 1748 1639 1636
f 1751 1639 1748
f 1752 1750 1638
f 1752 1638 1640
f 1640 1641 1752
f 1752 1641 1753
f 1755 1754 1644
f 1644 1754 1643
f 1644 1639 1751
f 1644 1751 1755
f 1756 1753 1641
f 1756 1641 1645
f 1757 1645 1646
f 1757 1756 1645
f 1758 1646 1647
f 1758 1757 1646
f 1759 1647 1648
f 1759 1758 1647
f 1760 1648 1649
f 1760 1759 1648
f 1761 1649 1650
f 1761 1760 1649
f 1762 1650 1651
f 1762 1761 1650
f 1763 1651 1652
f 1763 1762 1651
f 1652 1643 1754
f 1652 1754 1763
f 1765 1764 1653
f 1765 1653 1654
f 1653 1766 1655
f 1764 1766 1653
f 1655 1767 1656
f 1766 1767 1655
f 1656 1768 1657
f 1767 1768 1656
f 1657 1769 1658
f 1768 1769 1657
f 1658 1770 1659
f 1769 1770 1658
f 1659 1771 1660
f 1770 1771 1659
f 1660 1772 1661
f 1771 1772 1660
f 1661 1773 1662
f 1772 1773 1661
f 1662 1774 1663
f 1773 1774 1662
f 1663 1775 1664
f 1774 1775 1663
f 1664 1776 1665
f 1775 1776 1664
f 1665 1777 1666
f 1776 1777 1665
f 1666 1778 1667
f 1777 1778 1666
f 1667 1779 1668
f 1778 1779 1667
f 1668 1780 1669
f 1779 1780 1668
f 1669 1781 1670
f 1780 1781 1669
f 1670 1782 1671
f 1781 1782 1670
f 1671 1783 1672
f 1782 1783 1671
f 1672 1784 1673
f 1783 1784 1672
f 1673 1785 1674
f 1784 1785 1673
f 1674 1786 1675
f 1785 1786 1674
f 1675 1787 1676
f 1786 1787 1675
f 1676 1788 1677
f 1787 1788 1676
f 1677 1789 1678
f 1788 1789 1677
f 1678 1790 1679
f 1789 1790 1678
f 1679 1791 1680
f 1790 1791 1679
f 1680 1792 1681
f 1791 1792 1680
f 1682 1681 1792
f 1682 1792 1793
f 1683 1765 1654
f 1683 1794 1765
f 1793 1684 1682
f 1795 1684 1793
f 1685 1794 1683
f 1685 1796 1794
f 1795 1686 1684
f 1797 1686 1795
f 1687 1796 1685
f 1687 1798 1796
f 1797 1688 1686
f 1799 1688 1797
f 1689 1798 1687
f 1689 1800 1798
f 1799 1690 1688
f 1801 1690 1799
f 1691 1800 1689
f 1691 1802 1800
f 1801 1692 1690
f 1803 1692 1801
f 1693 1802 1691
f 1693 1804 1802
f 1803 1694 1692
f 1805 1694 1803
f 1695 1804 1693
f 1695 1806 1804
f 1805 1696 1694
f 1807 1696 1805
f 1809 1808 1697
f 1809 1697 1698
f 1695 1697 1806
f 1806 1697 1808
f 1807 1699 1696
f 1810 1699 1807
f 1700 1809 1698
f 1700 1811 1809
f 1810 1701 1699
f 1812 1701 1810
f 1813 1811 1700
f 1813 1700 1702
f 1702 1703 1813
f 1813 1703 1814
f 1817 1816 1815
f 1705 1706 1815
f 1706 1817 1815
f 1706 1818 1817
f 1819 1706 1707
f 1819 1818 1706
f 1820 1707 1709
f 1820 1819 1707
f 1821 1709 1710
f 1821 1820 1709
f 1823 1822 1712
f 1822 1710 1712
f 1822 1821 1710
f 1823 1824 1822
f 1812 1713 1701
f 1825 1713 1812
f 1826 1814 1703
f 1826 1703 1714
f 1827 1714 1715
f 1827 1826 1714
f 1828 1715 1716
f 1828 1827 1715
f 1829 1716 1717
f 1829 1828 1716
f 1830 1717 1718
f 1830 1829 1717
f 1831 1718 1719
f 1831 1830 1718
f 1832 1719 1720
f 1832 1831 1719
f 1833 1720 1721
f 1833 1832 1720
f 1834 1721 1722
f 1834 1833 1721
f 1723 1815 1816
f 1834 1723 1816
f 1722 1723 1834
f 1815 1723 1705
f 1724 1823 1712
f 1835 1824 1823
f 1724 1835 1823
f 1725 1835 1724
f 1836 1725 1726
f 1836 1835 1725
f 1726 1728 1836
f 1836 1728 1837
f 1825 1729 1713
f 1838 1729 1825
f 1840 1839 1730
f 1840 1730 1731
f 1728 1730 1837
f 1837 1730 1839
f 1838 1732 1729
f 1841 1732 1838
f 1733 1840 1731
f 1733 1842 1840
f 1841 1843 1732
f 1732 1843 1734
f 1735 1734 1843
f 1735 1843 1844
f 1736 1842 1733
f 1736 1845 1842
f 1844 1737 1735
f 1846 1737 1844
f 1738 1845 1736
f 1738 1847 1845
f 1846 1739 1737
f 1848 1739 1846
f 1740 1847 1738
f 1740 1849 1847
f 1848 1741 1739
f 1850 1741 1848
f 1851 1849 1740
f 1851 1740 1742
f 1742 1744 1851
f 1851 1744 1852
f 1854 1853 1746
f 1746 1853 1745
f 1746 1741 1850
f 1746 1850 1854
f 1747 1852 1744
f 1747 1855 1852
f 1853 1748 1745
f 1856 1748 1853
f 1857 1855 1747
f 1857 1747 1749
f 1749 1750 1857
f 1857 1750 1858
f 1856 1751 1748
f 1859 1751 1856
f 1860 1858 1750
f 1860 1750 1752
f 1752 1753 1860
f 1860 1753 1861
f 1863 1862 1755
f 1755 1862 1754
f 1755 1751 1859
f 1755 1859 1863
f 1864 1861 1753
f 1864 1753 1756
f 1865 1756 1757
f 1865 1864 1756
f 1866 1757 1758
f 1866 1865 1757
f 1867 1758 1759
f 1867 1866 1758
f 1868 1759 1760
f 1868 1867 1759
f 1869 1760 1761
f 1869 1868 1760
f 1870 1761 1762
f 1870 1869 1761
f 1871 1762 1763
f 1871 1870 1762
f 1763 1754 1862
f 1763 1862 1871
f 1873 1872 1764
f 1873 1764 1765
f 1764 1874 1766
f 1872 1874 1764
f 1766 1875 1767
f 1874 1875 1766
f 1767 1876 1768
f 1875 1876 1767
f 1768 1877 1769
f 1876 1877 1768
f 1769 1878 1770
f 1877 1878 1769
f 1770 1879 1771
f 1878 1879 1770
f 1771 1880 1772
f 1879 1880 1771
f 1772 1881 1773
f 1880 1881 1772
f 1773 1882 1774
f 1881 1882 1773
f 1774 1883 1775
f 1882 1883 1774
f 1775 1884 1776
f 1883 1884 1775
f 1776 1885 1777
f 1884 1885 1776
f 1777 1886 1778
f 1885 1886 1777
f 1778 1887 1779
f 1886 1887 1778
f 1779 1888 1780
f 1887 1888 1779
f 1780 1889 1781
f 1888 1889 1780
f 1781 1890 1782
f 1889 1890 1781
f 1782 1891 1783
f 1890 1891 1782
f 1783 1892 1784
f 1891 1892 1783
f 1784 1893 1785
f 1892 1893 1784
f 1785 1894 1786
f 1893 1894 1785
f 1786 1895 1787
f 1894 1895 1786
f 1787 1896 1788
f 1895 1896 1787
f 1788 1897 1789
f 1896 1897 1788
f 1789 1898 1790
f 1897 1898 1789
f 1790 1899 1791
f 1898 1899 1790
f 1791 1900 1792
f 1899 1900 1791
f 1793 1792 1900
f 1793 1900 1901
f 1794 1873 1765
f 1794 1902 1873
f 1901 1795 1793
f 1903 1795 1901
f 1796 1902 1794
f 1796 1904 1902
f 1903 1797 1795
f 1905 1797 1903
f 1798 1904 1796
f 1798 1906 1904
f 1905 1799 1797
f 1907 1799 1905
f 1800 1906 1798
f 1800 1908 1906
f 1907 1801 1799
f 1909 1801 1907
f 1802 1908 1800
f 1802 1910 1908
f 1909 1803 1801
f 1911 1803 1909
f 1804 1910 1802
f 1804 1912 1910
f 1911 1805 1803
f 1913 1805 1911
f 1806 1912 1804
f 1806 1914 1912
f 1913 1807 1805
f 1915 1807 1913
f 1917 1916 1808
f 1917 1808 1809
f 1806 1808 1914
f 1914 1808 1916
f 1915 1810 1807
f 1918 1810 1915
f 1811 1917 1809
f 1811 1919 1917
f 1918 1812 1810
f 1920 1812 1918
f 1921 1919 1811
f 1921 1811 1813
f 1813 1814 1921
f 1921 1814 1922
f 1925 1924 1923
f 1816 1817 1923
f 1817 1925 1923
f 1817 1926 1925
f 1927 1817 1818
f 1927 1926 1817
f 1928 1818 1819
f 1928 1927 1818
f 1929 1819 1820
f 1929 1928 1819
f 1930 1820 1821
f 1930 1929 1820
f 1931 1821 1822
f 1931 1930 1821
f 1822 1824 1931
f 1931 1824 1932
f 1920 1825 1812
f 1933 1825 1920
f 1934 1922 1814
f 1934 1814 1826
f 1935 1826 1827
f 1935 1934 1826
f 1936 1827 1828
f 1936 1935 1827
f 1937 1828 1829
f 1937 1936 1828
f 1938 1829 1830
f 1938 1937 1829
f 1939 1830 1831
f 1939 1938 1830
f 1940 1831 1832
f 1940 1939 1831
f 1941 1832 1833
f 1941 1940 1832
f 1834 1923 1924
f 1941 1834 1924
f 1833 1834 1941
f 1923 1834 1816
f 1942 1932 1824
f 1942 1824 1835
f 1943 1835 1836
f 1943 1942 1835
f 1836 1837 1943
f 1943 1837 1944
f 1933 1838 1825
f 1945 1838 1933
f 1947 1946 1839
f 1947 1839 1840
f 1837 1839 1944
f 1944 1839 1946
f 1945 1841 1838
f 1948 1841 1945
f 1842 1947 1840
f 1842 1949 1947
f 1948 1950 1841
f 1841 1950 1843
f 1844 1843 1950
f 1844 1950 1951
f 1845 1949 1842
f 1845 1952 1949
f 1951 1846 1844
f 1953 1846 1951
f 1847 1952 1845
f 1847 1954 1952
f 1953 1848 1846
f 1955 1848 1953
f 1849 1954 1847
f 1849 1956 1954
f 1955 1850 1848
f 1957 1850 1955
f 1958 1956 1849
f 1958 1849 1851
f 1851 1852 1958
f 1958 1852 1959
f 1961 1960 1854
f 1854 1960 1853
f 1854 1850 1957
f 1854 1957 1961
f 1855 1959 1852
f 1855 1962 1959
f 1960 1856 1853
f 1963 1856 1960
f 1964 1962 1855
f 1964 1855 1857
f 1857 1858 1964
f 1964 1858 1965
f 1963 1859 1856
f 1966 1859 1963
f 1967 1965 1858
f 1967 1858 1860
f 1860 1861 1967
f 1967 1861 1968
f 1970 1969 1863
f 1863 1969 1862
f 1863 1859 1966
f 1863 1966 1970
f 1971 1968 1861
f 1971 1861 1864
f 1972 1864 1865
f 1972 1971 1864
f 1973 1865 1866
f 1973 1972 1865
f 1974 1866 1867
f 1974 1973 1866
f 1975 1867 1868
f 1975 1974 1867
f 1976 1868 1869
f 1976 1975 1868
f 1977 1869 1870
f 1977 1976 1869
f 1978 1870 1871
f 1978 1977 1870
f 1871 1862 1969
f 1871 1969 1978
f 1980 1979 1872
f 1980 1872 1873
f 1872 1981 1874
f 1979 1981 1872
f 1874 1982 1875
f 1981 1982 1874
f 1875 1983 1876
f 1982 1983 1875
f 1876 1984 1877
f 1983 1984 1876
f 1877 1985 1878
f 1984 1985 1877
f 1878 1986 1879
f 1985 1986 1878
f 1879 1987 1880
f 1986 1987 1879
f 1880 1988 1881
f 1987 1988 1880
f 1881 1989 1882
f 1988 1989 1881
f 1882 1990 1883
f 1989 1990 1882
f 1883 1991 1884
f 1990 1991 1883
f 1884 1992 1885
f 1991 1992 1884
f 1885 1993 1886
f 1992 1993 1885
f 1886 1994 1887
f 1993 1994 1886
f 1887 1995 1888
f 1994 1995 1887
f 1888 1996 1889
f 1995 1996 1888
f 1889 1997 1890
f 1996 1997 1889
f 1890 1998 1891
f 1997 1998 1890
f 1891 1999 1892
f 1998 1999 1891
f 1892 2000 1893
f 1999 2000 1892
f 1893 2001 1894
f 2000 2001 1893
f 1894 2002 1895
f 2001 2002 1894
f 1895 2003 1896
f 2002 2003 1895
f 1896 2004 1897
f 2003 2004 1896
f 1897 2005 1898
f 2004 2005 1897
f 1898 2006 1899
f 2005 2006 1898
f 1899 2007 1900
f 2006 2007 1899
f 1901 1900 2007
f 1901 2007 2008
f 1902 1980 1873
f 1902 2009 1980
f 2008 1903 1901
f 2010 1903 2008
f 1904 2009 1902
f 1904 2011 2009
f 2010 1905 1903
f 2012 1905 2010
f 1906 2011 1904
f 1906 2013 2011
f 2012 1907 1905
f 2014 1907 2012
f 1908 2013 1906
f 1908 2015 2013
f 2014 1909 1907
f 2016 1909 2014
f 1910 2015 1908
f 1910 2017 2015
f 2016 1911 1909
f 2018 1911 2016
f 1912 2017 1910
f 1912 2019 2017
f 2018 1913 1911
f 2020 1913 2018
f 1914 2019 1912
f 1914 2021 2019
f 2020 1915 1913
f 2022 1915 2020
f 2024 2023 1916
f 2024 1916 1917
f 1914 1916 2021
f 2021 1916 2023
f 2022 1918 1915
f 2025 1918 2022
f 1919 2024 1917
f 1919 2026 2024
f 2025 1920 1918
f 2027 1920 2025
f 2028 2026 1919
f 2028 1919 1921
f 1921 1922 2028
f 2028 1922 2029
f 2032 2031 2030
f 1924 1925 2030
f 1925 2032 2030
f 1925 2033 2032
f 2034 1925 1926
f 2034 2033 1925
f 2035 1926 1927
f 2035 2034 1926
f 2036 1927 1928
f 2036 2035 1927
f 2037 1928 1929
f 2037 2036 1928
f 2038 1929 1930
f 2038 2037 1929
f 2039 1930 1931
f 2039 2038 1930
f 1931 1932 2039
f 2039 1932 2040
f 2027 1933 1920
f 2041 1933 2027
f 2042 2029 1922
f 2042 1922 1934
f 2043 1934 1935
f 2043 2042 1934
f 2044 1935 1936
f 2044 2043 1935
f 2045 1936 1937
f 2045 2044 1936
f 2046 1937 1938
f 2046 2045 1937
f 2047 1938 1939
f 2047 2046 1938
f 2048 1939 1940
f 2048 2047 1939
f 1941 2030 2031
f 2048 1941 2031
f 1940 1941 2048
f 2030 1941 1924
f 2049 2040 1932
f 2049 1932 1942
f 2050 1942 1943
f 2050 2049 1942
f 1943 1944 2050
f 2050 1944 2051
f 2041 1945 1933
f 2052 1945 2041
f 2054 2053 1946
f 2054 1946 1947
f 1944 1946 2051
f 2051 1946 2053
f 2052 1948 1945
f 2055 1948 2052
f 1949 2054 1947
f 1949 2056 2054
f 2055 2057 1948
f 1948 2057 1950
f 1951 1950 2057
f 1951 2057 2058
f 1952 2056 1949
f 1952 2059 2056
f 2058 1953 1951
f 2060 1953 2058
f 1954 2059 1952
f 1954 2061 2059
f 2060 1955 1953
f 2062 1955 2060
f 1956 2061 1954
f 1956 2063 2061
f 2062 1957 1955
f 2064 1957 2062
f 2065 2063 1956
f 2065 1956 1958
f 1958 1959 2065
f 2065 1959 2066
f 2068 2067 1961
f 1961 2067 1960
f 1961 1957 2064
f 1961 2064 2068
f 1962 2066 1959
f 1962 2069 2066
f 2067 1963 1960
f 2070 1963 2067
f 2071 2069 1962
f 2071 1962 1964
f 1964 1965 2071
f 2071 1965 2072
f 2070 1966 1963
f 2073 1966 2070
f 2074 2072 1965
f 2074 1965 1967
f 1967 1968 2074
f 2074 1968 2075
f 2077 2076 1970
f 1970 2076 1969
f 1970 1966 2073
f 1970 2073 2077
f 2078 2075 1968
f 2078 1968 1971
f 2079 1971 1972
f 2079 2078 1971
f 2080 1972 1973
f 2080 2079 1972
f 2081 1973 1974
f 2081 2080 1973
f 2082 1974 1975
f 2082 2081 1974
f 2083 1975 1976
f 2083 2082 1975
f 2084 1976 1977
f 2084 2083 1976
f 2085 1977 1978
f 2085 2084 1977
f 1978 1969 2076
f 1978 2076 2085
f 2087 2086 1979
f 2087 1979 1980
f 1979 2088 1981
f 2086 2088 1979
f 1981 2089 1982
f 2088 2089 1981
f 1982 2090 1983
f 2089 2090 1982
f 1983 2091 1984
f 2090 2091 1983
f 1984 2092 1985
f 2091 2092 1984
f 1985 2093 1986
f 2092 2093 1985
f 1986 2094 1987
f 2093 2094 1986
f 1987 2095 1988
f 2094 2095 1987
f 1988 2096 1989
f 2095 2096 1988
f 1989 2097 1990
f 2096 2097 1989
f 1990 2098 1991
f 2097 2098 1990
f 1991 2099 1992
f 2098 2099 1991
f 1992 2100 1993
f 2099 2100 1992
f 1993 2101 1994
f 2100 2101 1993
f 1994 2102 1995
f 2101 2102 1994
f 1995 2103 1996
f 2102 2103 1995
f 1996 2104 1997
f 2103 2104 1996
f 1997 2105 1998
f 2104 2105 1997
f 1998 2106 1999
f 2105 2106 1998
f 1999 2107 2000
f 2106 2107 1999
f 2000 2108 2001
f 2107 2108 2000
f 2001 2109 2002
f 2108 2109 2001
f 2002 2110 2003
f 2109 2110 2002
f 2003 2111 2004
f 2110 2111 2003
f 2004 2112 2005
f 2111 2112 2004
f 2005 2113 2006
f 2112 2113 2005
f 2006 2114 2007
f 2113 2114 2006
f 2008 2007 2114
f 2008 2114 2115
f 2009 2087 1980
f 2009 2116 2087
f 2115 2010 2008
f 2117 2010 2115
f 2011 2116 2009
f 2011 2118 2116
f 2117 2012 2010
f 2119 2012 2117
f 2013 2118 2011
f 2013 2120 2118
f 2119 2014 2012
f 2121 2014 2119
f 2015 2120 2013
f 2015 2122 2120
f 2121 2016 2014
f 2123 2016 2121
f 2017 2122 2015
f 2017 2124 2122
f 2123 2018 2016
f 2125 2018 2123
f 2019 2124 2017
f 2019 2126 2124
f 2125 2020 2018
f 2127 2020 2125
f 2021 2126 2019
f 2021 2128 2126
f 2127 2022 2020
f 2129 2022 2127
f 2131 2130 2023
f 2131 2023 2024
f 2021 2023 2128
f 2128 2023 2130
f 2129 2025 2022
f 2132 2025 2129
f 2026 2131 2024
f 2026 2133 2131
f 2132 2027 2025
f 2134 2027 2132
f 2135 2133 2026
f 2135 2026 2028
f 2028 2029 2135
f 2135 2029 2136
f 2138 2137 2032
f 2032 2137 2031
f 2139 2032 2033
f 2139 2138 2032
f 2140 2033 2034
f 2140 2139 2033
f 2141 2034 2035
f 2141 2140 2034
f 2142 2035 2036
f 2142 2141 2035
f 2143 2036 2037
f 2143 2142 2036
f 2144 2037 2038
f 2144 2143 2037
f 2145 2038 2039
f 2145 2144 2038
f 2039 2040 2145
f 2145 2040 2146
f 2134 2041 2027
f 2147 2041 2134
f 2148 2136 2029
f 2148 2029 2042
f 2149 2042 2043
f 2149 2148 2042
f 2150 2043 2044
f 2150 2149 2043
f 2151 2044 2045
f 2151 2150 2044
f 2152 2045 2046
f 2152 2151 2045
f 2153 2046 2047
f 2153 2152 2046
f 2154 2047 2048
f 2154 2153 2047
f 2048 2031 2137
f 2048 2137 2154
f 2155 2146 2040
f 2155 2040 2049
f 2156 2049 2050
f 2156 2155 2049
f 2050 2051 2156
f 2156 2051 2157
f 2147 2052 2041
f 2158 2052 2147
f 2160 2159 2053
f 2160 2053 2054
f 2051 2053 2157
f 2157 2053 2159
f 2158 2055 2052
f 2161 2055 2158
f 2056 2160 2054
f 2056 2162 2160
f 2161 2163 2055
f 2055 2163 2057
f 2058 2057 2163
f 2058 2163 2164
f 2059 2162 2056
f 2059 2165 2162
f 2164 2060 2058
f 2166 2060 2164
f 2061 2165 2059
f 2061 2167 2165
f 2166 2062 2060
f 2168 2062 2166
f 2063 2167 2061
f 2063 2169 2167
f 2168 2064 2062
f 2170 2064 2168
f 2171 2169 2063
f 2171 2063 2065
f 2065 2066 2171
f 2171 2066 2172
f 2174 2173 2068
f 2068 2173 2067
f 2068 2064 2170
f 2068 2170 2174
f 2069 2172 2066
f 2069 2175 2172
f 2173 2070 2067
f 2176 2070 2173
f 2177 2175 2069
f 2177 2069 2071
f 2071 2072 2177
f 2177 2072 2178
f 2176 2073 2070
f 2179 2073 2176
f 2180 2178 2072
f 2180 2072 2074
f 2074 2075 2180
f 2180 2075 2181
f 2183 2182 2077
f 2077 2182 2076
f 2077 2073 2179
f 2077 2179 2183
f 2184 2181 2075
f 2184 2075 2078
f 2185 2078 2079
f 2185 2184 2078
f 2186 2079 2080
f 2186 2185 2079
f 2187 2080 2081
f 2187 2186 2080
f 2188 2081 2082
f 2188 2187 2081
f 2189 2082 2083
f 2189 2188 2082
f 2190 2083 2084
f 2190 2189 2083
f 2191 2084 2085
f 2191 2190 2084
f 2085 2076 2182
f 2085 2182 2191
f 2193 2192 2086
f 2193 2086 2087
f 2086 2194 2088
f 2192 2194 2086
f 2088 2195 2089
f 2194 2195 2088
f 2089 2196 2090
f 2195 2196 2089
f 2090 2197 2091
f 2196 2197 2090
f 2091 2198 2092
f 2197 2198 2091
f 2092 2199 2093
f 2198 2199 2092
f 2093 2200 2094
f 2199 2200 2093
f 2094 2201 2095
f 2200 2201 2094
f 2095 2202 2096
f 2201 2202 2095
f 2096 2203 2097
f 2202 2203 2096
f 2097 2204 2098
f 2203 2204 2097
f 2098 2205 2099
f 2204 2205 2098
f 2099 2206 2100
f 2205 2206 2099
f 2100 2207 2101
f 2206 2207 2100
f 2101 2208 2102
f 2207 2208 2101
f 2102 2209 2103
f 2208 2209 2102
f 2103 2210 2104
f 2209 2210 2103
f 2104 2211 2105
f 2210 2211 2104
f 2105 2212 2106
f 2211 2212 2105
f 2106 2213 2107
f 2212 2213 2106
f 2107 2214 2108
f 2213 2214 2107
f 2108 2215 2109
f 2214 2215 2108
f 2109 2216 2110
f 2215 2216 2109
f 2110 2217 2111
f 2216 2217 2110
f 2111 2218 2112
f 2217 2218 2111
f 2112 2219 2113
f 2218 2219 2112
f 2113 2220 2114
f 2219 2220 2113
f 2115 2114 2220
f 2115 2220 2221
f 2116 2193 2087
f 2116 2222 2193
f 2221 2117 2115
f 2223 2117 2221
f 2118 2222 2116
f 2118 2224 2222
f 2223 2119 2117
f 2225 2119 2223
f 2120 2224 2118
f 2120 2226 2224
f 2225 2121 2119
f 2227 2121 2225
f 2122 2226 2120
f 2122 2228 2226
f 2227 2123 2121
f 2229 2123 2227
f 2124 2228 2122
f 2124 2230 2228
f 2229 2125 2123
f 2231 2125 2229
f 2126 2230 2124
f 2126 2232 2230
f 2231 2127 2125
f 2233 2127 2231
f 2128 2232 2126
f 2128 2234 2232
f 2233 2129 2127
f 2235 2129 2233
f 2237 2236 2130
f 2237 2130 2131
f 2128 2130 2234
f 2234 2130 2236
f 2235 2132 2129
f 2238 2132 2235
f 2133 2237 2131
f 2133 2239 2237
f 2238 2134 2132
f 2240 2134 2238
f 2241 2239 2133
f 2241 2133 2135
f 2135 2136 2241
f 2241 2136 2242
f 2245 2244 2243
f 2137 2138 2243
f 2138 2245 2243
f 2138 2246 2245
f 2247 2138 2139
f 2247 2246 2138
f 2248 2139 2140
f 2248 2247 2139
f 2249 2140 2141
f 2249 2248 2140
f 2250 2141 2142
f 2250 2249 2141
f 2251 2142 2143
f 2251 2250 2142
f 2252 2143 2144
f 2252 2251 2143
f 2253 2144 2145
f 2253 2252 2144
f 2145 2146 2253
f 2253 2146 2254
f 2240 2147 2134
f 2255 2147 2240
f 2256 2242 2136
f 2256 2136 2148
f 2257 2148 2149
f 2257 2256 2148
f 2258 2149 2150
f 2258 2257 2149
f 2259 2150 2151
f 2259 2258 2150
f 2260 2151 2152
f 2260 2259 2151
f 2261 2152 2153
f 2261 2260 2152
f 2154 2243 2244
f 2261 2154 2244
f 2153 2154 2261
f 2243 2154 2137
f 2262 2254 2146
f 2262 2146 2155
f 2263 2155 2156
f 2263 2262 2155
f 2156 2157 2263
f 2263 2157 2264
f 2255 2158 2147
f 2265 2158 2255
f 2267 2266 2159
f 2267 2159 2160
f 2157 2159 2264
f 2264 2159 2266
f 2269 2161 2268
f 2161 2265 2268
f 2161 2158 2265
f 2270 2269 2268
f 2162 2267 2160
f 2162 2271 2267
f 2269 2163 2161
f 2164 2163 2269
f 2270 2164 2269
f 2272 2164 2270
f 2165 2271 2162
f 2165 2273 2271
f 2272 2166 2164
f 2274 2166 2272
f 2167 2273 2165
f 2167 2275 2273
f 2274 2168 2166
f 2276 2168 2274
f 2169 2275 2167
f 2169 2277 2275
f 2276 2170 2168
f 2278 2170 2276
f 2279 2277 2169
f 2279 2169 2171
f 2171 2172 2279
f 2279 2172 2280
f 2282 2281 2174
f 2174 2281 2173
f 2174 2170 2278
f 2174 2278 2282
f 2175 2280 2172
f 2175 2283 2280
f 2281 2176 2173
f 2284 2176 2281
f 2285 2283 2175
f 2285 2175 2177
f 2177 2178 2285
f 2285 2178 2286
f 2284 2179 2176
f 2287 2179 2284
f 2178 2180 2288
f 2289 2178 2288
f 2286 2178 2289
f 2181 2288 2180
f 2291 2290 2183
f 2183 2290 2182
f 2183 2179 2287
f 2183 2287 2291
f 2292 2289 2288
f 2292 2288 2181
f 2184 2292 2181
f 2293 2292 2184
f 2294 2184 2185
f 2294 2293 2184
f 2295 2185 2186
f 2295 2294 2185
f 2296 2186 2187
f 2296 2295 2186
f 2297 2187 2188
f 2297 2296 2187
f 2298 2188 2189
f 2298 2297 2188
f 2299 2189 2190
f 2299 2298 2189
f 2300 2190 2191
f 2300 2299 2190
f 2191 2182 2290
f 2191 2290 2300
f 2302 2301 2192
f 2302 2192 2193
f 2192 2303 2194
f 2301 2303 2192
f 2194 2304 2195
f 2303 2304 2194
f 2195 2305 2196
f 2304 2305 2195
f 2196 2306 2197
f 2305 2306 2196
f 2197 2307 2198
f 2306 2307 2197
f 2198 2308 2199
f 2307 2308 2198
f 2199 2309 2200
f 2308 2309 2199
f 2200 2310 2201
f 2309 2310 2200
f 2201 2311 2202
f 2310 2311 2201
f 2202 2312 2203
f 2311 2312 2202
f 2203 2313 2204
f 2312 2313 2203
f 2204 2314 2205
f 2313 2314 2204
f 2205 2315 2206
f 2314 2315 2205
f 2206 2316 2207
f 2315 2316 2206
f 2207 2317 2208
f 2316 2317 2207
f 2208 2318 2209
f 2317 2318 2208
f 2209 2319 2210
f 2318 2319 2209
f 2210 2320 2211
f 2319 2320 2210
f 2211 2321 2212
f 2320 2321 2211
f 2212 2322 2213
f 2321 2322 2212
f 2213 2323 2214
f 2322 2323 2213
f 2214 2324 2215
f 2323 2324 2214
f 2215 2325 2216
f 2324 2325 2215
f 2216 2326 2217
f 2325 2326 2216
f 2217 2327 2218
f 2326 2327 2217
f 2218 2328 2219
f 2327 2328 2218
f 2219 2329 2220
f 2328 2329 2219
f 2221 2220 2329
f 2221 2329 2330
f 2222 2302 2193
f 2222 2331 2302
f 2330 2223 2221
f 2332 2223 2330
f 2224 2331 2222
f 2224 2333 2331
f 2332 2225 2223
f 2334 2225 2332
f 2226 2333 2224
f 2226 2335 2333
f 2334 2227 2225
f 2336 2227 2334
f 2228 2335 2226
f 2228 2337 2335
f 2336 2229 2227
f 2338 2229 2336
f 2230 2337 2228
f 2230 2339 2337
f 2338 2231 2229
f 2340 2231 2338
f 2232 2339 2230
f 2232 2341 2339
f 2340 2233 2231
f 2342 2233 2340
f 2234 2341 2232
f 2234 2343 2341
f 2342 2235 2233
f 2344 2235 2342
f 2346 2345 2236
f 2346 2236 2237
f 2234 2236 2343
f 2343 2236 2345
f 2344 2238 2235
f 2347 2238 2344
f 2239 2346 2237
f 2239 2348 2346
f 2347 2240 2238
f 2349 2240 2347
f 2350 2348 2239
f 2350 2239 2241
f 2241 2242 2350
f 2350 2242 2351
f 2353 2352 2245
f 2245 2352 2244
f 2354 2245 2246
f 2354 2353 2245
f 2355 2246 2247
f 2355 2354 2246
f 2356 2247 2248
f 2356 2355 2247
f 2357 2248 2249
f 2357 2356 2248
f 2358 2249 2250
f 2358 2357 2249
f 2359 2250 2251
f 2359 2358 2250
f 2360 2251 2252
f 2360 2359 2251
f 2361 2252 2253
f 2361 2360 2252
f 2253 2254 2361
f 2361 2254 2362
f 2349 2255 2240
f 2363 2255 2349
f 2364 2351 2242
f 2364 2242 2256
f 2365 2256 2257
f 2365 2364 2256
f 2366 2257 2258
f 2366 2365 2257
f 2367 2258 2259
f 2367 2366 2258
f 2368 2259 2260
f 2368 2367 2259
f 2369 2260 2261
f 2369 2368 2260
f 2261 2244 2352
f 2261 2352 2369
f 2370 2362 2254
f 2370 2254 2262
f 2371 2262 2263
f 2371 2370 2262
f 2263 2264 2371
f 2371 2264 2372
f 2363 2265 2255
f 2373 2265 2363
f 2375 2374 2266
f 2375 2266 2267
f 2264 2266 2372
f 2372 2266 2374
f 2373 2376 2265
f 2265 2376 2268
f 2270 2268 2376
f 2270 2376 2377
f 2271 2375 2267
f 2271 2378 2375
f 2377 2272 2270
f 2379 2272 2377
f 2273 2378 2271
f 2273 2380 2378
f 2379 2274 2272
f 2381 2274 2379
f 2275 2380 2273
f 2275 2382 2380
f 2381 2276 2274
f 2383 2276 2381
f 2277 2382 2275
f 2277 2384 2382
f 2383 2278 2276
f 2385 2278 2383
f 2386 2384 2277
f 2386 2277 2279
f 2279 2280 2386
f 2386 2280 2387
f 2389 2388 2282
f 2282 2388 2281
f 2282 2278 2385
f 2282 2385 2389
f 2283 2387 2280
f 2283 2390 2387
f 2388 2284 2281
f 2391 2284 2388
f 2392 2390 2283
f 2392 2283 2285
f 2285 2286 2392
f 2392 2286 2393
f 2391 2287 2284
f 2394 2287 2391
f 2289 2393 2286
f 2289 2395 2393
f 2397 2396 2291
f 2291 2396 2290
f 2291 2287 2394
f 2291 2394 2397
f 2398 2395 2289
f 2398 2289 2292
f 2399 2292 2293
f 2399 2398 2292
f 2400 2293 2294
f 2400 2399 2293
f 2401 2294 2295
f 2401 2400 2294
f 2402 2295 2296
f 2402 2401 2295
f 2403 2296 2297
f 2403 2402 2296
f 2404 2297 2298
f 2404 2403 2297
f 2405 2298 2299
f 2405 2404 2298
f 2406 2299 2300
f 2406 2405 2299
f 2300 2290 2396
f 2300 2396 2406
f 2408 2407 2301
f 2408 2301 2302
f 2301 2409 2303
f 2407 2409 2301
f 2303 2410 2304
f 2409 2410 2303
f 2304 2411 2305
f 2410 2411 2304
f 2305 2412 2306
f 2411 2412 2305
f 2306 2413 2307
f 2412 2413 2306
f 2307 2414 2308
f 2413 2414 2307
f 2308 2415 2309
f 2414 2415 2308
f 2309 2416 2310
f 2415 2416 2309
f 2310 2417 2311
f 2416 2417 2310
f 2311 2418 2312
f 2417 2418 2311
f 2312 2419 2313
f 2418 2419 2312
f 2313 2420 2314
f 2419 2420 2313
f 2314 2421 2315
f 2420 2421 2314
f 2315 2422 2316
f 2421 2422 2315
f 2316 2423 2317
f 2422 2423 2316
f 2317 2424 2318
f 2423 2424 2317
f 2318 2425 2319
f 2424 2425 2318
f 2319 2426 2320
f 2425 2426 2319
f 2320 2427 2321
f 2426 2427 2320
f 2321 2428 2322
f 2427 2428 2321
f 2322 2429 2323
f 2428 2429 2322
f 2323 2430 2324
f 2429 2430 2323
f 2324 2431 2325
f 2430 2431 2324
f 2325 2432 2326
f 2431 2432 2325
f 2326 2433 2327
f 2432 2433 2326
f 2327 2434 2328
f 2433 2434 2327
f 2328 2435 2329
f 2434 2435 2328
f 2330 2329 2435
f 2330 2435 2436
f 2331 2408 2302
f 2331 2437 2408
f 2436 2332 2330
f 2438 2332 2436
f 2333 2437 2331
f 2333 2439 2437
f 2438 2334 2332
f 2440 2334 2438
f 2335 2439 2333
f 2335 2441 2439
f 2440 2336 2334
f 2442 2336 2440
f 2337 2441 2335
f 2337 2443 2441
f 2442 2338 2336
f 2444 2338 2442
f 2339 2443 2337
f 2339 2445 2443
f 2444 2340 2338
f 2446 2340 2444
f 2341 2445 2339
f 2341 2447 2445
f 2446 2342 2340
f 2448 2342 2446
f 2343 2447 2341
f 2343 2449 2447
f 2448 2344 2342
f 2450 2344 2448
f 2452 2451 2345
f 2452 2345 2346
f 2343 2345 2449
f 2449 2345 2451
f 2450 2347 2344
f 2453 2347 2450
f 2348 2452 2346
f 2348 2454 2452
f 2453 2349 2347
f 2455 2349 2453
f 2456 2454 2348
f 2456 2348 2350
f 2350 2351 2456
f 2456 2351 2457
f 2459 2458 2353
f 2353 2458 2352
f 2460 2353 2354
f 2460 2459 2353
f 2461 2354 2355
f 2461 2460 2354
f 2462 2355 2356
f 2462 2461 2355
f 2463 2356 2357
f 2463 2462 2356
f 2464 2357 2358
f 2464 2463 2357
f 2465 2358 2359
f 2465 2464 2358
f 2466 2359 2360
f 2466 2465 2359
f 2467 2360 2361
f 2467 2466 2360
f 2361 2362 2467
f 2467 2362 2468
f 2455 2363 2349
f 2469 2363 2455
f 2470 2457 2351
f 2470 2351 2364
f 2471 2364 2365
f 2471 2470 2364
f 2472 2365 2366
f 2472 2471 2365
f 2473 2366 2367
f 2473 2472 2366
f 2474 2367 2368
f 2474 2473 2367
f 2475 2368 2369
f 2475 2474 2368
f 2369 2352 2458
f 2369 2458 2475
f 2476 2468 2362
f 2476 2362 2370
f 2477 2370 2371
f 2477 2476 2370
f 2371 2372 2477
f 2477 2372 2478
f 2469 2373 2363
f 2479 2373 2469
f 2481 2480 2374
f 2481 2374 2375
f 2372 2374 2478
f 2478 2374 2480
f 2479 2482 2373
f 2373 2482 2376
f 2377 2376 2482
f 2377 2482 2483
f 2378 2481 2375
f 2378 2484 2481
f 2483 2379 2377
f 2485 2379 2483
f 2380 2484 2378
f 2380 2486 2484
f 2485 2381 2379
f 2487 2381 2485
f 2382 2486 2380
f 2382 2488 2486
f 2487 2383 2381
f 2489 2383 2487
f 2384 2488 2382
f 2384 2490 2488
f 2489 2385 2383
f 2491 2385 2489
f 2492 2490 2384
f 2492 2384 2386
f 2386 2387 2492
f 2492 2387 2493
f 2495 2494 2389
f 2389 2494 2388
f 2389 2385 2491
f 2389 2491 2495
f 2390 2493 2387
f 2390 2496 2493
f 2494 2391 2388
f 2497 2391 2494
f 2498 2496 2390
f 2498 2390 2392
f 2392 2393 2498
f 2498 2393 2499
f 2497 2394 2391
f 2500 2394 2497
f 2395 2499 2393
f 2395 2501 2499
f 2503 2502 2397
f 2397 2502 2396
f 2397 2394 2500
f 2397 2500 2503
f 2504 2501 2395
f 2504 2395 2398
f 2505 2398 2399
f 2505 2504 2398
f 2506 2399 2400
f 2506 2505 2399
f 2507 2400 2401
f 2507 2506 2400
f 2508 2401 2402
f 2508 2507 2401
f 2509 2402 2403
f 2509 2508 2402
f 2510 2403 2404
f 2510 2509 2403
f 2511 2404 2405
f 2511 2510 2404
f 2512 2405 2406
f 2512 2511 2405
f 2406 2396 2502
f 2406 2502 2512
f 2514 2513 2407
f 2514 2407 2408
f 2407 2515 2409
f 2513 2515 2407
f 2409 2516 2410
f 2515 2516 2409
f 2410 2517 2411
f 2516 2517 2410
f 2411 2518 2412
f 2517 2518 2411
f 2412 2519 2413
f 2518 2519 2412
f 2413 2520 2414
f 2519 2520 2413
f 2414 2521 2415
f 2520 2521 2414
f 2415 2522 2416
f 2521 2522 2415
f 2416 2523 2417
f 2522 2523 2416
f 2417 2524 2418
f 2523 2524 2417
f 2418 2525 2419
f 2524 2525 2418
f 2419 2526 2420
f 2525 2526 2419
f 2420 2527 2421
f 2526 2527 2420
f 2421 2528 2422
f 2527 2528 2421
f 2422 2529 2423
f 2528 2529 2422
f 2423 2530 2424
f 2529 2530 2423
f 2424 2531 2425
f 2530 2531 2424
f 2425 2532 2426
f 2531 2532 2425
f 2426 2533 2427
f 2532 2533 2426
f 2427 2534 2428
f 2533 2534 2427
f 2428 2535 2429
f 2534 2535 2428
f 2429 2536 2430
f 2535 2536 2429
f 2430 2537 2431
f 2536 2537 2430
f 2431 2538 2432
f 2537 2538 2431
f 2432 2539 2433
f 2538 2539 2432
f 2433 2540 2434
f 2539 2540 2433
f 2434 2541 2435
f 2540 2541 2434
f 2436 2435 2541
f 2436 2541 2542
f 2437 2514 2408
f 2437 2543 2514
f 2542 2438 2436
f 2544 2438 2542
f 2439 2543 2437
f 2439 2545 2543
f 2544 2440 2438
f 2546 2440 2544
f 2441 2545 2439
f 2441 2547 2545
f 2546 2442 2440
f 2548 2442 2546
f 2443 2547 2441
f 2443 2549 2547
f 2548 2444 2442
f 2550 2444 2548
f 2445 2549 2443
f 2445 2551 2549
f 2550 2446 2444
f 2552 2446 2550
f 2447 2551 2445
f 2447 2553 2551
f 2552 2448 2446
f 2554 2448 2552
f 2449 2553 2447
f 2449 2555 2553
f 2554 2450 2448
f 2556 2450 2554
f 2558 2557 2451
f 2558 2451 2452
f 2449 2451 2555
f 2555 2451 2557
f 2556 2453 2450
f 2559 2453 2556
f 2454 2558 2452
f 2454 2560 2558
f 2559 2455 2453
f 2561 2455 2559
f 2562 2560 2454
f 2562 2454 2456
f 2456 2457 2562
f 2562 2457 2563
f 2565 2564 2459
f 2459 2564 2458
f 2566 2459 2460
f 2566 2565 2459
f 2567 2460 2461
f 2567 2566 2460
f 2568 2461 2462
f 2568 2567 2461
f 2569 2462 2463
f 2569 2568 2462
f 2570 2463 2464
f 2570 2569 2463
f 2571 2464 2465
f 2571 2570 2464
f 2572 2465 2466
f 2572 2571 2465
f 2573 2466 2467
f 2573 2572 2466
f 2467 2468 2573
f 2573 2468 2574
f 2561 2469 2455
f 2575 2469 2561
f 2576 2563 2457
f 2576 2457 2470
f 2577 2470 2471
f 2577 2576 2470
f 2578 2471 2472
f 2578 2577 2471
f 2579 2472 2473
f 2579 2578 2472
f 2580 2473 2474
f 2580 2579 2473
f 2581 2474 2475
f 2581 2580 2474
f 2475 2458 2564
f 2475 2564 2581
f 2582 2574 2468
f 2582 2468 2476
f 2583 2476 2477
f 2583 2582 2476
f 2477 2478 2583
f 2583 2478 2584
f 2575 2479 2469
f 2585 2479 2575
f 2587 2586 2480
f 2587 2480 2481
f 2478 2480 2584
f 2584 2480 2586
f 2585 2588 2479
f 2479 2588 2482
f 2483 2482 2588
f 2483 2588 2589
f 2484 2587 2481
f 2484 2590 2587
f 2589 2485 2483
f 2591 2485 2589
f 2486 2590 2484
f 2486 2592 2590
f 2591 2487 2485
f 2593 2487 2591
f 2488 2592 2486
f 2488 2594 2592
f 2593 2489 2487
f 2595 2489 2593
f 2490 2594 2488
f 2490 2596 2594
f 2595 2491 2489
f 2597 2491 2595
f 2598 2596 2490
f 2598 2490 2492
f 2492 2493 2598
f 2598 2493 2599
f 2601 2600 2495
f 2495 2600 2494
f 2495 2491 2597
f 2495 2597 2601
f 2496 2599 2493
f 2496 2602 2599
f 2600 2497 2494
f 2603 2497 2600
f 2604 2602 2496
f 2604 2496 2498
f 2498 2499 2604
f 2604 2499 2605
f 2603 2500 2497
f 2606 2500 2603
f 2501 2605 2499
f 2501 2607 2605
f 2609 2608 2503
f 2503 2608 2502
f 2503 2500 2606
f 2503 2606 2609
f 2610 2607 2501
f 2610 2501 2504
f 2611 2504 2505
f 2611 2610 2504
f 2612 2505 2506
f 2612 2611 2505
f 2613 2506 2507
f 2613 2612 2506
f 2614 2507 2508
f 2614 2613 2507
f 2615 2508 2509
f 2615 2614 2508
f 2616 2509 2510
f 2616 2615 2509
f 2617 2510 2511
f 2617 2616 2510
f 2618 2511 2512
f 2618 2617 2511
f 2512 2502 2608
f 2512 2608 2618
f 2620 2619 2513
f 2620 2513 2514
f 2513 2621 2515
f 2619 2621 2513
f 2515 2622 2516
f 2621 2622 2515
f 2516 2623 2517
f 2622 2623 2516
f 2517 2624 2518
f 2623 2624 2517
f 2518 2625 2519
f 2624 2625 2518
f 2519 2626 2520
f 2625 2626 2519
f 2520 2627 2521
f 2626 2627 2520
f 2521 2628 2522
f 2627 2628 2521
f 2522 2629 2523
f 2628 2629 2522
f 2523 2630 2524
f 2629 2630 2523
f 2524 2631 2525
f 2630 2631 2524
f 2525 2632 2526
f 2631 2632 2525
f 2526 2633 2527
f 2632 2633 2526
f 2527 2634 2528
f 2633 2634 2527
f 2528 2635 2529
f 2634 2635 2528
f 2529 2636 2530
f 2635 2636 2529
f 2530 2637 2531
f 2636 2637 2530
f 2531 2638 2532
f 2637 2638 2531
f 2532 2639 2533
f 2638 2639 2532
f 2533 2640 2534
f 2639 2640 2533
f 2534 2641 2535
f 2640 2641 2534
f 2535 2642 2536
f 2641 2642 2535
f 2536 2643 2537
f 2642 2643 2536
f 2537 2644 2538
f 2643 2644 2537
f 2538 2645 2539
f 2644 2645 2538
f 2539 2646 2540
f 2645 2646 2539
f 2540 2647 2541
f 2646 2647 2540
f 2542 2541 2647
f 2542 2647 2648
f 2543 2620 2514
f 2543 2649 2620
f 2648 2544 2542
f 2650 2544 2648
f 2545 2649 2543
f 2545 2651 2649
f 2650 2546 2544
f 2652 2546 2650
f 2547 2651 2545
f 2547 2653 2651
f 2652 2548 2546
f 2654 2548 2652
f 2549 2653 2547
f 2549 2655 2653
f 2654 2550 2548
f 2656 2550 2654
f 2551 2655 2549
f 2551 2657 2655
f 2656 2552 2550
f 2658 2552 2656
f 2553 2657 2551
f 2553 2659 2657
f 2658 2554 2552
f 2660 2554 2658
f 2555 2659 2553
f 2555 2661 2659
f 2660 2556 2554
f 2662 2556 2660
f 2664 2663 2557
f 2664 2557 2558
f 2555 2557 2661
f 2661 2557 2663
f 2662 2559 2556
f 2665 2559 2662
f 2560 2664 2558
f 2560 2666 2664
f 2665 2561 2559
f 2667 2561 2665
f 2668 2666 2560
f 2668 2560 2562
f 2562 2563 2668
f 2668 2563 2669
f 2672 2671 2670
f 2564 2565 2670
f 2565 2672 2670
f 2565 2673 2672
f 2674 2565 2566
f 2674 2673 2565
f 2675 2566 2567
f 2675 2674 2566
f 2676 2567 2568
f 2676 2675 2567
f 2677 2568 2569
f 2677 2676 2568
f 2678 2569 2570
f 2678 2677 2569
f 2679 2570 2571
f 2679 2678 2570
f 2680 2571 2572
f 2680 2679 2571
f 2681 2572 2573
f 2681 2680 2572
f 2573 2574 2681
f 2681 2574 2682
f 2667 2575 2561
f 2683 2575 2667
f 2684 2669 2563
f 2684 2563 2576
f 2685 2576 2577
f 2685 2684 2576
f 2686 2577 2578
f 2686 2685 2577
f 2687 2578 2579
f 2687 2686 2578
f 2688 2579 2580
f 2688 2687 2579
f 2581 2670 2671
f 2688 2581 2671
f 2580 2581 2688
f 2670 2581 2564
f 2689 2682 2574
f 2689 2574 2582
f 2690 2582 2583
f 2690 2689 2582
f 2583 2584 2690
f 2690 2584 2691
f 2683 2585 2575
f 2692 2585 2683
f 2694 2693 2586
f 2694 2586 2587
f 2584 2586 2691
f 2691 2586 2693
f 2692 2695 2585
f 2585 2695 2588
f 2589 2588 2695
f 2589 2695 2696
f 2590 2694 2587
f 2590 2697 2694
f 2696 2591 2589
f 2698 2591 2696
f 2592 2697 2590
f 2592 2699 2697
f 2698 2593 2591
f 2700 2593 2698
f 2594 2699 2592
f 2594 2701 2699
f 2700 2595 2593
f 2702 2595 2700
f 2596 2701 2594
f 2596 2703 2701
f 2702 2597 2595
f 2704 2597 2702
f 2705 2703 2596
f 2705 2596 2598
f 2598 2599 2705
f 2705 2599 2706
f 2708 2707 2601
f 2601 2707 2600
f 2601 2597 2704
f 2601 2704 2708
f 2602 2706 2599
f 2602 2709 2706
f 2707 2603 2600
f 2710 2603 2707
f 2711 2709 2602
f 2711 2602 2604
f 2604 2605 2711
f 2711 2605 2712
f 2710 2606 2603
f 2713 2606 2710
f 2607 2712 2605
f 2607 2714 2712
f 2716 2715 2609
f 2609 2715 2608
f 2609 2606 2713
f 2609 2713 2716
f 2717 2714 2607
f 2717 2607 2610
f 2718 2610 2611
f 2718 2717 2610
f 2719 2611 2612
f 2719 2718 2611
f 2720 2612 2613
f 2720 2719 2612
f 2721 2613 2614
f 2721 2720 2613
f 2722 2614 2615
f 2722 2721 2614
f 2723 2615 2616
f 2723 2722 2615
f 2724 2616 2617
f 2724 2723 2616
f 2725 2617 2618
f 2725 2724 2617
f 2618 2608 2715
f 2618 2715 2725
f 2727 2726 2619
f 2727 2619 2620
f 2619 2728 2621
f 2726 2728 2619
f 2621 2729 2622
f 2728 2729 2621
f 2622 2730 2623
f 2729 2730 2622
f 2623 2731 2624
f 2730 2731 2623
f 2624 2732 2625
f 2731 2732 2624
f 2625 2733 2626
f 2732 2733 2625
f 2626 2734 2627
f 2733 2734 2626
f 2627 2735 2628
f 2734 2735 2627
f 2628 2736 2629
f 2735 2736 2628
f 2629 2737 2630
f 2736 2737 2629
f 2630 2738 2631
f 2737 2738 2630
f 2631 2739 2632
f 2738 2739 2631
f 2632 2740 2633
f 2739 2740 2632
f 2633 2741 2634
f 2740 2741 2633
f 2634 2742 2635
f 2741 2742 2634
f 2635 2743 2636
f 2742 2743 2635
f 2636 2744 2637
f 2743 2744 2636
f 2637 2745 2638
f 2744 2745 2637
f 2638 2746 2639
f 2745 2746 2638
f 2639 2747 2640
f 2746 2747 2639
f 2640 2748 2641
f 2747 2748 2640
f 2641 2749 2642
f 2748 2749 2641
f 2642 2750 2643
f 2749 2750 2642
f 2643 2751 2644
f 2750 2751 2643
f 2644 2752 2645
f 2751 2752 2644
f 2645 2753 2646
f 2752 2753 2645
f 2646 2754 2647
f 2753 2754 2646
f 2648 2647 2754
f 2648 2754 2755
f 2649 2727 2620
f 2649 2756 2727
f 2755 2650 2648
f 2757 2650 2755
f 2651 2756 2649
f 2651 2758 2756
f 2757 2652 2650
f 2759 2652 2757
f 2653 2758 2651
f 2653 2760 2758
f 2759 2654 2652
f 2761 2654 2759
f 2655 2760 2653
f 2655 2762 2760
f 2761 2656 2654
f 2763 2656 2761
f 2657 2762 2655
f 2657 2764 2762
f 2763 2658 2656
f 2765 2658 2763
f 2659 2764 2657
f 2659 2766 2764
f 2765 2660 2658
f 2767 2660 2765
f 2661 2766 2659
f 2661 2768 2766
f 2767 2662 2660
f 2769 2662 2767
f 2771 2770 2663
f 2771 2663 2664
f 2661 2663 2768
f 2768 2663 2770
f 2769 2665 2662
f 2772 2665 2769
f 2666 2771 2664
f 2666 2773 2771
f 2772 2667 2665
f 2774 2667 2772
f 2775 2773 2666
f 2775 2666 2668
f 2668 2669 2775
f 2775 2669 2776
f 2778 2777 2672
f 2672 2777 2671
f 2779 2672 2673
f 2779 2778 2672
f 2780 2673 2674
f 2780 2779 2673
f 2781 2674 2675
f 2781 2780 2674
f 2782 2675 2676
f 2782 2781 2675
f 2783 2676 2677
f 2783 2782 2676
f 2784 2677 2678
f 2784 2783 2677
f 2785 2678 2679
f 2785 2784 2678
f 2786 2679 2680
f 2786 2785 2679
f 2787 2680 2681
f 2787 2786 2680
f 2681 2682 2787
f 2787 2682 2788
f 2774 2683 2667
f 2789 2683 2774
f 2790 2776 2669
f 2790 2669 2684
f 2791 2684 2685
f 2791 2790 2684
f 2792 2685 2686
f 2792 2791 2685
f 2793 2686 2687
f 2793 2792 2686
f 2794 2687 2688
f 2794 2793 2687
f 2688 2671 2777
f 2688 2777 2794
f 2795 2788 2682
f 2795 2682 2689
f 2796 2689 2690
f 2796 2795 2689
f 2690 2691 2796
f 2796 2691 2797
f 2789 2692 2683
f 2798 2692 2789
f 2800 2799 2693
f 2800 2693 2694
f 2691 2693 2797
f 2797 2693 2799
f 2798 2801 2692
f 2692 2801 2695
f 2696 2695 2801
f 2696 2801 2802
f 2697 2800 2694
f 2697 2803 2800
f 2802 2698 2696
f 2804 2698 2802
f 2699 2803 2697
f 2699 2805 2803
f 2804 2700 2698
f 2806 2700 2804
f 2701 2805 2699
f 2701 2807 2805
f 2806 2702 2700
f 2808 2702 2806
f 2703 2807 2701
f 2703 2809 2807
f 2812 2811 2810
f 2808 2812 2810
f 2704 2808 2810
f 2702 2808 2704
f 2813 2809 2703
f 2813 2703 2705
f 2705 2706 2813
f 2813 2706 2814
f 2810 2811 2708
f 2811 2707 2708
f 2811 2815 2707
f 2810 2708 2704
f 2709 2814 2706
f 2709 2816 2814
f 2815 2710 2707
f 2817 2710 2815
f 2818 2816 2709
f 2818 2709 2711
f 2711 2712 2818
f 2818 2712 2819
f 2817 2713 2710
f 2820 2713 2817
f 2714 2819 2712
f 2714 2821 2819
f 2823 2822 2716
f 2716 2822 2715
f 2716 2713 2820
f 2716 2820 2823
f 2824 2821 2714
f 2824 2714 2717
f 2825 2717 2718
f 2825 2824 2717
f 2826 2718 2719
f 2826 2825 2718
f 2827 2719 2720
f 2827 2826 2719
f 2828 2720 2721
f 2828 2827 2720
f 2829 2721 2722
f 2829 2828 2721
f 2830 2722 2723
f 2830 2829 2722
f 2831 2723 2724
f 2831 2830 2723
f 2832 2724 2725
f 2832 2831 2724
f 2725 2715 2822
f 2725 2822 2832
f 2834 2833 2726
f 2834 2726 2727
f 2726 2835 2728
f 2833 2835 2726
f 2728 2836 2729
f 2835 2836 2728
f 2729 2837 2730
f 2836 2837 2729
f 2730 2838 2731
f 2837 2838 2730
f 2731 2839 2732
f 2838 2839 2731
f 2732 2840 2733
f 2839 2840 2732
f 2733 2841 2734
f 2840 2841 2733
f 2734 2842 2735
f 2841 2842 2734
f 2735 2843 2736
f 2842 2843 2735
f 2736 2844 2737
f 2843 2844 2736
f 2737 2845 2738
f 2844 2845 2737
f 2738 2846 2739
f 2845 2846 2738
f 2739 2847 2740
f 2846 2847 2739
f 2740 2848 2741
f 2847 2848 2740
f 2741 2849 2742
f 2848 2849 2741
f 2742 2850 2743
f 2849 2850 2742
f 2743 2851 2744
f 2850 2851 2743
f 2744 2852 2745
f 2851 2852 2744
f 2745 2853 2746
f 2852 2853 2745
f 2746 2854 2747
f 2853 2854 2746
f 2747 2855 2748
f 2854 2855 2747
f 2748 2856 2749
f 2855 2856 2748
f 2749 2857 2750
f 2856 2857 2749
f 2750 2858 2751
f 2857 2858 2750
f 2751 2859 2752
f 2858 2859 2751
f 2752 2860 2753
f 2859 2860 2752
f 2753 2861 2754
f 2860 2861 2753
f 2755 2754 2861
f 2755 2861 2862
f 2756 2834 2727
f 2756 2863 2834
f 2862 2757 2755
f 2864 2757 2862
f 2758 2863 2756
f 2758 2865 2863
f 2864 2759 2757
f 2866 2759 2864
f 2760 2865 2758
f 2760 2867 2865
f 2866 2761 2759
f 2868 2761 2866
f 2762 2867 2760
f 2762 2869 2867
f 2868 2763 2761
f 2870 2763 2868
f 2764 2869 2762
f 2764 2871 2869
f 2870 2765 2763
f 2872 2765 2870
f 2766 2871 2764
f 2766 2873 2871
f 2872 2767 2765
f 2874 2767 2872
f 2768 2873 2766
f 2768 2875 2873
f 2874 2769 2767
f 2876 2769 2874
f 2878 2877 2770
f 2878 2770 2771
f 2768 2770 2875
f 2875 2770 2877
f 2876 2772 2769
f 2879 2772 2876
f 2773 2878 2771
f 2773 2880 2878
f 2879 2774 2772
f 2881 2774 2879
f 2882 2880 2773
f 2882 2773 2775
f 2775 2776 2882
f 2882 2776 2883
f 2885 2884 2778
f 2778 2884 2777
f 2886 2778 2779
f 2886 2885 2778
f 2887 2779 2780
f 2887 2886 2779
f 2888 2780 2781
f 2888 2887 2780
f 2889 2781 2782
f 2889 2888 2781
f 2890 2782 2783
f 2890 2889 2782
f 2891 2783 2784
f 2891 2890 2783
f 2892 2784 2785
f 2892 2891 2784
f 2893 2785 2786
f 2893 2892 2785
f 2894 2786 2787
f 2894 2893 2786
f 2787 2788 2894
f 2894 2788 2895
f 2881 2789 2774
f 2896 2789 2881
f 2897 2883 2776
f 2897 2776 2790
f 2898 2790 2791
f 2898 2897 2790
f 2899 2791 2792
f 2899 2898 2791
f 2900 2792 2793
f 2900 2899 2792
f 2901 2793 2794
f 2901 2900 2793
f 2794 2777 2884
f 2794 2884 2901
f 2902 2895 2788
f 2902 2788 2795
f 2903 2795 2796
f 2903 2902 2795
f 2796 2797 2903
f 2903 2797 2904
f 2906 2798 2905
f 2798 2896 2905
f 2798 2789 2896
f 2907 2906 2905
f 2909 2908 2799
f 2909 2799 2800
f 2797 2799 2904
f 2904 2799 2908
f 2906 2801 2798
f 2802 2801 2906
f 2907 2802 2906
f 2910 2802 2907
f 2803 2909 2800
f 2803 2911 2909
f 2910 2804 2802
f 2912 2804 2910
f 2805 2911 2803
f 2805 2913 2911
f 2912 2806 2804
f 2914 2806 2912
f 2807 2913 2805
f 2807 2915 2913
f 2914 2808 2806
f 2916 2808 2914
f 2809 2915 2807
f 2809 2917 2915
f 2919 2918 2812
f 2812 2918 2811
f 2812 2808 2916
f 2812 2916 2919
f 2920 2917 2809
f 2920 2809 2813
f 2813 2814 2920
f 2920 2814 2921
f 2918 2815 2811
f 2922 2815 2918
f 2816 2921 2814
f 2816 2923 2921
f 2922 2817 2815
f 2924 2817 2922
f 2925 2923 2816
f 2925 2816 2818
f 2818 2819 2925
f 2925 2819 2926
f 2924 2820 2817
f 2927 2820 2924
f 2821 2926 2819
f 2821 2928 2926
f 2931 2930 2929
f 2822 2823 2929
f 2823 2931 2929
f 2823 2932 2931
f 2823 2820 2927
f 2823 2927 2932
f 2933 2928 2821
f 2933 2821 2824
f 2934 2824 2825
f 2934 2933 2824
f 2935 2825 2826
f 2935 2934 2825
f 2936 2826 2827
f 2936 2935 2826
f 2937 2827 2828
f 2937 2936 2827
f 2938 2828 2829
f 2938 2937 2828
f 2939 2829 2830
f 2939 2938 2829
f 2940 2830 2831
f 2940 2939 2830
f 2832 2929 2930
f 2940 2832 2930
f 2831 2832 2940
f 2929 2832 2822
f 2942 2941 2833
f 2942 2833 2834
f 2833 2943 2835
f 2941 2943 2833
f 2835 2944 2836
f 2943 2944 2835
f 2836 2945 2837
f 2944 2945 2836
f 2837 2946 2838
f 2945 2946 2837
f 2838 2947 2839
f 2946 2947 2838
f 2839 2948 2840
f 2947 2948 2839
f 2840 2949 2841
f 2948 2949 2840
f 2841 2950 2842
f 2949 2950 2841
f 2842 2951 2843
f 2950 2951 2842
f 2843 2952 2844
f 2951 2952 2843
f 2844 2953 2845
f 2952 2953 2844
f 2845 2954 2846
f 2953 2954 2845
f 2846 2955 2847
f 2954 2955 2846
f 2847 2956 2848
f 2955 2956 2847
f 2848 2957 2849
f 2956 2957 2848
f 2849 2958 2850
f 2957 2958 2849
f 2850 2959 2851
f 2958 2959 2850
f 2851 2960 2852
f 2959 2960 2851
f 2852 2961 2853
f 2960 2961 2852
f 2853 2962 2854
f 2961 2962 2853
f 2854 2963 2855
f 2962 2963 2854
f 2855 2964 2856
f 2963 2964 2855
f 2856 2965 2857
f 2964 2965 2856
f 2857 2966 2858
f 2965 2966 2857
f 2858 2967 2859
f 2966 2967 2858
f 2859 2968 2860
f 2967 2968 2859
f 2860 2969 2861
f 2968 2969 2860
f 2862 2861 2969
f 2862 2969 2970
f 2863 2942 2834
f 2863 2971 2942
f 2970 2864 2862
f 2972 2864 2970
f 2865 2971 2863
f 2865 2973 2971
f 2972 2866 2864
f 2974 2866 2972
f 2867 2973 2865
f 2867 2975 2973
f 2974 2868 2866
f 2976 2868 2974
f 2869 2975 2867
f 2869 2977 2975
f 2976 2870 2868
f 2978 2870 2976
f 2871 2977 2869
f 2871 2979 2977
f 2978 2872 2870
f 2980 2872 2978
f 2873 2979 2871
f 2873 2981 2979
f 2980 2874 2872
f 2982 2874 2980
f 2875 2981 2873
f 2875 2983 2981
f 2982 2876 2874
f 2984 2876 2982
f 2986 2985 2877
f 2986 2877 2878
f 2875 2877 2983
f 2983 2877 2985
f 2984 2879 2876
f 2987 2879 2984
f 2880 2986 2878
f 2880 2988 2986
f 2987 2881 2879
f 2989 2881 2987
f 2990 2988 2880
f 2990 2880 2882
f 2882 2883 2990
f 2990 2883 2991
f 2993 2992 2885
f 2885 2992 2884
f 2994 2885 2886
f 2994 2993 2885
f 2995 2886 2887
f 2995 2994 2886
f 2996 2887 2888
f 2996 2995 2887
f 2997 2888 2889
f 2997 2996 2888
f 2998 2889 2890
f 2998 2997 2889
f 2999 2890 2891
f 2999 2998 2890
f 3000 2891 2892
f 3000 2999 2891
f 3001 2892 2893
f 3001 3000 2892
f 3002 2893 2894
f 3002 3001 2893
f 2894 2895 3002
f 3002 2895 3003
f 2989 2896 2881
f 3004 2896 2989
f 3005 2991 2883
f 3005 2883 2897
f 3006 2897 2898
f 3006 3005 2897
f 3007 2898 2899
f 3007 3006 2898
f 3008 2899 2900
f 3008 3007 2899
f 3009 2900 2901
f 3009 3008 2900
f 2901 2884 2992
f 2901 2992 3009
f 3010 3003 2895
f 3010 2895 2902
f 3011 2902 2903
f 3011 3010 2902
f 2903 2904 3011
f 3011 2904 3012
f 3004 3013 2896
f 2896 3013 2905
f 2907 2905 3013
f 2907 3013 3014
f 3016 3015 2908
f 3016 2908 2909
f 2904 2908 3012
f 3012 2908 3015
f 3014 2910 2907
f 3017 2910 3014
f 2911 3016 2909
f 2911 3018 3016
f 3017 2912 2910
f 3019 2912 3017
f 2913 3018 2911
f 2913 3020 3018
f 3019 2914 2912
f 3021 2914 3019
f 2915 3020 2913
f 2915 3022 3020
f 3021 2916 2914
f 3023 2916 3021
f 2917 3022 2915
f 2917 3024 3022
f 3026 3025 2919
f 2919 3025 2918
f 2919 2916 3023
f 2919 3023 3026
f 3027 3024 2917
f 3027 2917 2920
f 2920 2921 3027
f 3027 2921 3028
f 3025 2922 2918
f 3029 2922 3025
f 2923 3028 2921
f 2923 3030 3028
f 3029 2924 2922
f 3031 2924 3029
f 3032 3030 2923
f 3032 2923 2925
f 2925 2926 3032
f 3032 2926 3033
f 3031 2927 2924
f 3034 2927 3031
f 2928 3033 2926
f 2928 3035 3033
f 3037 3036 2931
f 2931 3036 2930
f 3038 2931 2932
f 3038 3037 2931
f 2932 2927 3034
f 2932 3034 3038
f 3039 3035 2928
f 3039 2928 2933
f 3040 2933 2934
f 3040 3039 2933
f 3041 2934 2935
f 3041 3040 2934
f 3042 2935 2936
f 3042 3041 2935
f 3043 2936 2937
f 3043 3042 2936
f 3044 2937 2938
f 3044 3043 2937
f 3045 2938 2939
f 3045 3044 2938
f 3046 2939 2940
f 3046 3045 2939
f 2940 2930 3036
f 2940 3036 3046
f 3048 3047 2941
f 3048 2941 2942
f 2941 3049 2943
f 3047 3049 2941
f 2943 3050 2944
f 3049 3050 2943
f 2944 3051 2945
f 3050 3051 2944
f 2945 3052 2946
f 3051 3052 2945
f 2946 3053 2947
f 3052 3053 2946
f 2947 3054 2948
f 3053 3054 2947
f 2948 3055 2949
f 3054 3055 2948
f 2949 3056 2950
f 3055 3056 2949
f 2950 3057 2951
f 3056 3057 2950
f 2951 3058 2952
f 3057 3058 2951
f 2952 3059 2953
f 3058 3059 2952
f 2953 3060 2954
f 3059 3060 2953
f 2954 3061 2955
f 3060 3061 2954
f 2955 3062 2956
f 3061 3062 2955
f 2956 3063 2957
f 3062 3063 2956
f 2957 3064 2958
f 3063 3064 2957
f 2958 3065 2959
f 3064 3065 2958
f 2959 3066 2960
f 3065 3066 2959
f 2960 3067 2961
f 3066 3067 2960
f 2961 3068 2962
f 3067 3068 2961
f 2962 3069 2963
f 3068 3069 2962
f 2963 3070 2964
f 3069 3070 2963
f 2964 3071 2965
f 3070 3071 2964
f 2965 3072 2966
f 3071 3072 2965
f 2966 3073 2967
f 3072 3073 2966
f 2967 3074 2968
f 3073 3074 2967
f 2968 3075 2969
f 3074 3075 2968
f 2970 2969 3075
f 2970 3075 3076
f 2971 3048 2942
f 2971 3077 3048
f 3076 2972 2970
f 3078 2972 3076
f 2973 3077 2971
f 2973 3079 3077
f 3078 2974 2972
f 3080 2974 3078
f 2975 3079 2973
f 2975 3081 3079
f 3080 2976 2974
f 3082 2976 3080
f 2977 3081 2975
f 2977 3083 3081
f 3082 2978 2976
f 3084 2978 3082
f 2979 3083 2977
f 2979 3085 3083
f 3084 2980 2978
f 3086 2980 3084
f 2981 3085 2979
f 2981 3087 3085
f 3086 2982 2980
f 3088 2982 3086
f 2983 3087 2981
f 2983 3089 3087
f 3088 2984 2982
f 3090 2984 3088
f 3092 3091 2985
f 3092 2985 2986
f 2983 2985 3089
f 3089 2985 3091
f 3090 2987 2984
f 3093 2987 3090
f 2988 3092 2986
f 2988 3094 3092
f 3093 2989 2987
f 3095 2989 3093
f 3096 3094 2988
f 3096 2988 2990
f 2990 2991 3096
f 3096 2991 3097
f 3099 3098 2993
f 2993 3098 2992
f 3100 2993 2994
f 3100 3099 2993
f 3101 2994 2995
f 3101 3100 2994
f 3102 2995 2996
f 3102 3101 2995
f 3103 2996 2997
f 3103 3102 2996
f 3104 2997 2998
f 3104 3103 2997
f 3105 2998 2999
f 3105 3104 2998
f 3106 2999 3000
f 3106 3105 2999
f 3107 3000 3001
f 3107 3106 3000
f 3108 3001 3002
f 3108 3107 3001
f 3002 3003 3108
f 3108 3003 3109
f 3095 3004 2989
f 3110 3004 3095
f 3111 3097 2991
f 3111 2991 3005
f 3112 3005 3006
f 3112 3111 3005
f 3113 3006 3007
f 3113 3112 3006
f 3114 3007 3008
f 3114 3113 3007
f 3115 3008 3009
f 3115 3114 3008
f 3009 2992 3098
f 3009 3098 3115
f 3116 3109 3003
f 3116 3003 3010
f 3117 3010 3011
f 3117 3116 3010
f 3011 3012 3117
f 3117 3012 3118
f 3110 3119 3004
f 3004 3119 3013
f 3014 3013 3119
f 3014 3119 3120
f 3122 3121 3015
f 3122 3015 3016
f 3012 3015 3118
f 3118 3015 3121
f 3120 3017 3014
f 3123 3017 3120
f 3018 3122 3016
f 3018 3124 3122
f 3123 3019 3017
f 3125 3019 3123
f 3020 3124 3018
f 3020 3126 3124
f 3125 3021 3019
f 3127 3021 3125
f 3022 3126 3020
f 3022 3128 3126
f 3127 3023 3021
f 3129 3023 3127
f 3024 3128 3022
f 3024 3130 3128
f 3132 3131 3026
f 3026 3131 3025
f 3026 3023 3129
f 3026 3129 3132
f 3133 3130 3024
f 3133 3024 3027
f 3027 3028 3133
f 3133 3028 3134
f 3131 3029 3025
f 3135 3029 3131
f 3030 3134 3028
f 3030 3136 3134
f 3135 3031 3029
f 3137 3031 3135
f 3138 3136 3030
f 3138 3030 3032
f 3032 3033 3138
f 3138 3033 3139
f 3137 3034 3031
f 3140 3034 3137
f 3035 3139 3033
f 3035 3141 3139
f 3143 3142 3037
f 3037 3142 3036
f 3144 3037 3038
f 3144 3143 3037
f 3038 3034 3140
f 3038 3140 3144
f 3145 3141 3035
f 3145 3035 3039
f 3146 3039 3040
f 3146 3145 3039
f 3147 3040 3041
f 3147 3146 3040
f 3148 3041 3042
f 3148 3147 3041
f 3149 3042 3043
f 3149 3148 3042
f 3150 3043 3044
f 3150 3149 3043
f 3151 3044 3045
f 3151 3150 3044
f 3152 3045 3046
f 3152 3151 3045
f 3046 3036 3142
f 3046 3142 3152
f 3154 3153 3047
f 3154 3047 3048
f 3047 3155 3049
f 3153 3155 3047
f 3049 3156 3050
f 3155 3156 3049
f 3050 3157 3051
f 3156 3157 3050
f 3051 3158 3052
f 3157 3158 3051
f 3052 3159 3053
f 3158 3159 3052
f 3053 3160 3054
f 3159 3160 3053
f 3054 3161 3055
f 3160 3161 3054
f 3055 3162 3056
f 3161 3162 3055
f 3056 3163 3057
f 3162 3163 3056
f 3057 3164 3058
f 3163 3164 3057
f 3058 3165 3059
f 3164 3165 3058
f 3059 3166 3060
f 3165 3166 3059
f 3060 3167 3061
f 3166 3167 3060
f 3061 3168 3062
f 3167 3168 3061
f 3062 3169 3063
f 3168 3169 3062
f 3063 3170 3064
f 3169 3170 3063
f 3064 3171 3065
f 3170 3171 3064
f 3065 3172 3066
f 3171 3172 3065
f 3066 3173 3067
f 3172 3173 3066
f 3067 3174 3068
f 3173 3174 3067
f 3068 3175 3069
f 3174 3175 3068
f 3069 3176 3070
f 3175 3176 3069
f 3070 3177 3071
f 3176 3177 3070
f 3071 3178 3072
f 3177 3178 3071
f 3072 3179 3073
f 3178 3179 3072
f 3073 3180 3074
f 3179 3180 3073
f 3074 3181 3075
f 3180 3181 3074
f 3076 3075 3181
f 3076 3181 3182
f 3077 3154 3048
f 3077 3183 3154
f 3182 3078 3076
f 3184 3078 3182
f 3079 3183 3077
f 3079 3185 3183
f 3184 3080 3078
f 3186 3080 3184
f 3081 3185 3079
f 3081 3187 3185
f 3186 3082 3080
f 3188 3082 3186
f 3083 3187 3081
f 3083 3189 3187
f 3188 3084 3082
f 3190 3084 3188
f 3085 3189 3083
f 3085 3191 3189
f 3190 3086 3084
f 3192 3086 3190
f 3087 3191 3085
f 3087 3193 3191
f 3192 3088 3086
f 3194 3088 3192
f 3197 3196 3195
f 3196 3193 3195
f 3193 3089 3195
f 3193 3087 3089
f 3194 3090 3088
f 3198 3090 3194
f 3197 3195 3091
f 3092 3197 3091
f 3199 3197 3092
f 3091 3195 3089
f 3198 3093 3090
f 3200 3093 3198
f 3094 3199 3092
f 3094 3201 3199
f 3200 3095 3093
f 3202 3095 3200
f 3203 3201 3094
f 3203 3094 3096
f 3096 3097 3203
f 3203 3097 3204
f 3206 3205 3099
f 3099 3205 3098
f 3207 3099 3100
f 3207 3206 3099
f 3208 3100 3101
f 3208 3207 3100
f 3209 3101 3102
f 3209 3208 3101
f 3210 3102 3103
f 3210 3209 3102
f 3211 3103 3104
f 3211 3210 3103
f 3212 3104 3105
f 3212 3211 3104
f 3213 3105 3106
f 3213 3212 3105
f 3214 3106 3107
f 3214 3213 3106
f 3215 3107 3108
f 3215 3214 3107
f 3108 3109 3215
f 3215 3109 3216
f 3202 3110 3095
f 3217 3110 3202
f 3218 3204 3097
f 3218 3097 3111
f 3219 3111 3112
f 3219 3218 3111
f 3220 3112 3113
f 3220 3219 3112
f 3221 3113 3114
f 3221 3220 3113
f 3222 3114 3115
f 3222 3221 3114
f 3115 3098 3205
f 3115 3205 3222
f 3223 3216 3109
f 3223 3109 3116
f 3224 3116 3117
f 3224 3223 3116
f 3117 3118 3224
f 3224 3118 3225
f 3217 3226 3110
f 3110 3226 3119
f 3120 3119 3226
f 3120 3226 3227
f 3229 3228 3121
f 3229 3121 3122
f 3118 3121 3225
f 3225 3121 3228
f 3227 3123 3120
f 3230 3123 3227
f 3124 3229 3122
f 3124 3231 3229
f 3230 3125 3123
f 3232 3125 3230
f 3126 3231 3124
f 3126 3233 3231
f 3232 3127 3125
f 3234 3127 3232
f 3128 3233 3126
f 3128 3235 3233
f 3234 3129 3127
f 3236 3129 3234
f 3130 3235 3128
f 3130 3237 3235
f 3239 3238 3132
f 3132 3238 3131
f 3132 3129 3236
f 3132 3236 3239
f 3240 3237 3130
f 3240 3130 3133
f 3133 3134 3240
f 3240 3134 3241
f 3238 3135 3131
f 3242 3135 3238
f 3136 3241 3134
f 3136 3243 3241
f 3242 3137 3135
f 3244 3137 3242
f 3245 3243 3136
f 3245 3136 3138
f 3138 3139 3245
f 3245 3139 3246
f 3244 3140 3137
f 3247 3140 3244
f 3141 3246 3139
f 3141 3248 3246
f 3250 3249 3143
f 3143 3249 3142
f 3251 3143 3144
f 3251 3250 3143
f 3144 3140 3247
f 3144 3247 3251
f 3252 3248 3141
f 3252 3141 3145
f 3253 3145 3146
f 3253 3252 3145
f 3254 3146 3147
f 3254 3253 3146
f 3255 3147 3148
f 3255 3254 3147
f 3256 3148 3149
f 3256 3255 3148
f 3257 3149 3150
f 3257 3256 3149
f 3258 3150 3151
f 3258 3257 3150
f 3259 3151 3152
f 3259 3258 3151
f 3152 3142 3249
f 3152 3249 3259
f 3261 3260 3153
f 3261 3153 3154
f 3153 3262 3155
f 3260 3262 3153
f 3155 3263 3156
f 3262 3263 3155
f 3156 3264 3157
f 3263 3264 3156
f 3157 3265 3158
f 3264 3265 3157
f 3158 3266 3159
f 3265 3266 3158
f 3159 3267 3160
f 3266 3267 3159
f 3160 3268 3161
f 3267 3268 3160
f 3161 3269 3162
f 3268 3269 3161
f 3162 3270 3163
f 3269 3270 3162
f 3163 3271 3164
f 3270 3271 3163
f 3164 3272 3165
f 3271 3272 3164
f 3165 3273 3166
f 3272 3273 3165
f 3166 3274 3167
f 3273 3274 3166
f 3167 3275 3168
f 3274 3275 3167
f 3168 3276 3169
f 3275 3276 3168
f 3169 3277 3170
f 3276 3277 3169
f 3170 3278 3171
f 3277 3278 3170
f 3171 3279 3172
f 3278 3279 3171
f 3172 3280 3173
f 3279 3280 3172
f 3173 3281 3174
f 3280 3281 3173
f 3174 3282 3175
f 3281 3282 3174
f 3175 3283 3176
f 3282 3283 3175
f 3176 3284 3177
f 3283 3284 3176
f 3177 3285 3178
f 3284 3285 3177
f 3178 3286 3179
f 3285 3286 3178
f 3179 3287 3180
f 3286 3287 3179
f 3180 3288 3181
f 3287 3288 3180
f 3182 3181 3288
f 3182 3288 3289
f 3183 3261 3154
f 3183 3290 3261
f 3289 3184 3182
f 3291 3184 3289
f 3185 3290 3183
f 3185 3292 3290
f 3291 3186 3184
f 3293 3186 3291
f 3187 3292 3185
f 3187 3294 3292
f 3293 3188 3186
f 3295 3188 3293
f 3189 3294 3187
f 3189 3296 3294
f 3295 3190 3188
f 3297 3190 3295
f 3191 3296 3189
f 3191 3298 3296
f 3297 3192 3190
f 3299 3192 3297
f 3193 3298 3191
f 3193 3300 3298
f 3299 3194 3192
f 3301 3194 3299
f 3303 3302 3196
f 3303 3196 3197
f 3193 3196 3300
f 3300 3196 3302
f 3301 3198 3194
f 3304 3198 3301
f 3199 3303 3197
f 3199 3305 3303
f 3304 3200 3198
f 3306 3200 3304
f 3201 3305 3199
f 3201 3307 3305
f 3306 3202 3200
f 3308 3202 3306
f 3309 3307 3201
f 3309 3201 3203
f 3203 3204 3309
f 3309 3204 3310
f 3312 3311 3206
f 3206 3311 3205
f 3313 3206 3207
f 3313 3312 3206
f 3314 3207 3208
f 3314 3313 3207
f 3315 3208 3209
f 3315 3314 3208
f 3316 3209 3210
f 3316 3315 3209
f 3317 3210 3211
f 3317 3316 3210
f 3318 3211 3212
f 3318 3317 3211
f 3319 3212 3213
f 3319 3318 3212
f 3320 3213 3214
f 3320 3319 3213
f 3321 3214 3215
f 3321 3320 3214
f 3215 3216 3321
f 3321 3216 3322
f 3308 3217 3202
f 3323 3217 3308
f 3324 3310 3204
f 3324 3204 3218
f 3325 3218 3219
f 3325 3324 3218
f 3326 3219 3220
f 3326 3325 3219
f 3327 3220 3221
f 3327 3326 3220
f 3328 3221 3222
f 3328 3327 3221
f 3222 3205 3311
f 3222 3311 3328
f 3329 3322 3216
f 3329 3216 3223
f 3330 3223 3224
f 3330 3329 3223
f 3224 3225 3330
f 3330 3225 3331
f 3323 3332 3217
f 3217 3332 3226
f 3227 3226 3332
f 3227 3332 3333
f 3335 3334 3228
f 3335 3228 3229
f 3225 3228 3331
f 3331 3228 3334
f 3333 3230 3227
f 3336 3230 3333
f 3231 3335 3229
f 3231 3337 3335
f 3336 3232 3230
f 3338 3232 3336
f 3233 3337 3231
f 3233 3339 3337
f 3338 3234 3232
f 3340 3234 3338
f 3235 3339 3233
f 3235 3341 3339
f 3340 3236 3234
f 3342 3236 3340
f 3237 3341 3235
f 3237 3343 3341
f 3345 3344 3239
f 3239 3344 3238
f 3239 3236 3342
f 3239 3342 3345
f 3346 3343 3237
f 3346 3237 3240
f 3240 3241 3346
f 3346 3241 3347
f 3344 3242 3238
f 3348 3242 3344
f 3243 3347 3241
f 3243 3349 3347
f 3348 3244 3242
f 3350 3244 3348
f 3351 3349 3243
f 3351 3243 3245
f 3245 3246 3351
f 3351 3246 3352
f 3350 3247 3244
f 3353 3247 3350
f 3248 3352 3246
f 3248 3354 3352
f 3356 3355 3250
f 3250 3355 3249
f 3357 3250 3251
f 3357 3356 3250
f 3251 3247 3353
f 3251 3353 3357
f 3358 3354 3248
f 3358 3248 3252
f 3359 3252 3253
f 3359 3358 3252
f 3360 3253 3254
f 3360 3359 3253
f 3361 3254 3255
f 3361 3360 3254
f 3362 3255 3256
f 3362 3361 3255
f 3363 3256 3257
f 3363 3362 3256
f 3364 3257 3258
f 3364 3363 3257
f 3365 3258 3259
f 3365 3364 3258
f 3259 3249 3355
f 3259 3355 3365
f 3367 3366 3260
f 3367 3260 3261
f 3260 3368 3262
f 3366 3368 3260
f 3262 3369 3263
f 3368 3369 3262
f 3263 3370 3264
f 3369 3370 3263
f 3264 3371 3265
f 3370 3371 3264
f 3265 3372 3266
f 3371 3372 3265
f 3266 3373 3267
f 3372 3373 3266
f 3267 3374 3268
f 3373 3374 3267
f 3268 3375 3269
f 3374 3375 3268
f 3269 3376 3270
f 3375 3376 3269
f 3270 3377 3271
f 3376 3377 3270
f 3271 3378 3272
f 3377 3378 3271
f 3272 3379 3273
f 3378 3379 3272
f 3273 3380 3274
f 3379 3380 3273
f 3274 3381 3275
f 3380 3381 3274
f 3275 3382 3276
f 3381 3382 3275
f 3276 3383 3277
f 3382 3383 3276
f 3277 3384 3278
f 3383 3384 3277
f 3278 3385 3279
f 3384 3385 3278
f 3279 3386 3280
f 3385 3386 3279
f 3280 3387 3281
f 3386 3387 3280
f 3281 3388 3282
f 3387 3388 3281
f 3282 3389 3283
f 3388 3389 3282
f 3283 3390 3284
f 3389 3390 3283
f 3284 3391 3285
f 3390 3391 3284
f 3285 3392 3286
f 3391 3392 3285
f 3286 3393 3287
f 3392 3393 3286
f 3287 3394 3288
f 3393 3394 3287
f 3289 3288 3394
f 3289 3394 3395
f 3290 3367 3261
f 3290 3396 3367
f 3395 3291 3289
f 3397 3291 3395
f 3292 3396 3290
f 3292 3398 3396
f 3397 3293 3291
f 3399 3293 3397
f 3294 3398 3292
f 3294 3400 3398
f 3399 3295 3293
f 3401 3295 3399
f 3296 3400 3294
f 3296 3402 3400
f 3401 3297 3295
f 3403 3297 3401
f 3298 3402 3296
f 3298 3404 3402
f 3403 3299 3297
f 3405 3299 3403
f 3300 3404 3298
f 3300 3406 3404
f 3405 3301 3299
f 3407 3301 3405
f 3409 3408 3302
f 3409 3302 3303
f 3300 3302 3406
f 3406 3302 3408
f 3407 3304 3301
f 3410 3304 3407
f 3305 3409 3303
f 3305 3411 3409
f 3410 3306 3304
f 3412 3306 3410
f 3307 3411 3305
f 3307 3413 3411
f 3412 3308 3306
f 3414 3308 3412
f 3415 3413 3307
f 3415 3307 3309
f 3309 3310 3415
f 3415 3310 3416
f 3418 3417 3312
f 3312 3417 3311
f 3419 3312 3313
f 3419 3418 3312
f 3420 3313 3314
f 3420 3419 3313
f 3421 3314 3315
f 3421 3420 3314
f 3422 3315 3316
f 3422 3421 3315
f 3423 3316 3317
f 3423 3422 3316
f 3424 3317 3318
f 3424 3423 3317
f 3425 3318 3319
f 3425 3424 3318
f 3426 3319 3320
f 3426 3425 3319
f 3427 3320 3321
f 3427 3426 3320
f 3321 3322 3427
f 3427 3322 3428
f 3414 3323 3308
f 3429 3323 3414
f 3430 3416 3310
f 3430 3310 3324
f 3431 3324 3325
f 3431 3430 3324
f 3432 3325 3326
f 3432 3431 3325
f 3433 3326 3327
f 3433 3432 3326
f 3434 3327 3328
f 3434 3433 3327
f 3328 3311 3417
f 3328 3417 3434
f 3435 3428 3322
f 3435 3322 3329
f 3436 3329 3330
f 3436 3435 3329
f 3330 3331 3436
f 3436 3331 3437
f 3429 3438 3323
f 3323 3438 3332
f 3333 3332 3438
f 3333 3438 3439
f 3441 3440 3334
f 3441 3334 3335
f 3331 3334 3437
f 3437 3334 3440
f 3439 3336 3333
f 3442 3336 3439
f 3337 3441 3335
f 3337 3443 3441
f 3442 3338 3336
f 3444 3338 3442
f 3339 3443 3337
f 3339 3445 3443
f 3444 3340 3338
f 3446 3340 3444
f 3341 3445 3339
f 3341 3447 3445
f 3446 3342 3340
f 3448 3342 3446
f 3343 3447 3341
f 3343 3449 3447
f 3451 3450 3345
f 3345 3450 3344
f 3345 3342 3448
f 3345 3448 3451
f 3452 3449 3343
f 3452 3343 3346
f 3346 3347 3452
f 3452 3347 3453
f 3450 3348 3344
f 3454 3348 3450
f 3349 3453 3347
f 3349 3455 3453
f 3454 3350 3348
f 3456 3350 3454
f 3457 3455 3349
f 3457 3349 3351
f 3351 3352 3457
f 3457 3352 3458
f 3456 3353 3350
f 3459 3353 3456
f 3354 3458 3352
f 3354 3460 3458
f 3462 3461 3356
f 3356 3461 3355
f 3463 3356 3357
f 3463 3462 3356
f 3357 3353 3459
f 3357 3459 3463
f 3464 3460 3354
f 3464 3354 3358
f 3465 3358 3359
f 3465 3464 3358
f 3466 3359 3360
f 3466 3465 3359
f 3467 3360 3361
f 3467 3466 3360
f 3468 3361 3362
f 3468 3467 3361
f 3469 3362 3363
f 3469 3468 3362
f 3470 3363 3364
f 3470 3469 3363
f 3471 3364 3365
f 3471 3470 3364
f 3365 3355 3461
f 3365 3461 3471
f 3473 3472 3366
f 3473 3366 3367
f 3366 3474 3368
f 3472 3474 3366
f 3368 3475 3369
f 3474 3475 3368
f 3369 3476 3370
f 3475 3476 3369
f 3370 3477 3371
f 3476 3477 3370
f 3371 3478 3372
f 3477 3478 3371
f 3372 3479 3373
f 3478 3479 3372
f 3373 3480 3374
f 3479 3480 3373
f 3374 3481 3375
f 3480 3481 3374
f 3375 3482 3376
f 3481 3482 3375
f 3376 3483 3377
f 3482 3483 3376
f 3377 3484 3378
f 3483 3484 3377
f 3378 3485 3379
f 3484 3485 3378
f 3379 3486 3380
f 3485 3486 3379
f 3380 3487 3381
f 3486 3487 3380
f 3381 3488 3382
f 3487 3488 3381
f 3382 3489 3383
f 3488 3489 3382
f 3383 3490 3384
f 3489 3490 3383
f 3384 3491 3385
f 3490 3491 3384
f 3385 3492 3386
f 3491 3492 3385
f 3386 3493 3387
f 3492 3493 3386
f 3387 3494 3388
f 3493 3494 3387
f 3388 3495 3389
f 3494 3495 3388
f 3389 3496 3390
f 3495 3496 3389
f 3390 3497 3391
f 3496 3497 3390
f 3391 3498 3392
f 3497 3498 3391
f 3392 3499 3393
f 3498 3499 3392
f 3393 3500 3394
f 3499 3500 3393
f 3395 3394 3500
f 3395 3500 3501
f 3396 3473 3367
f 3396 3502 3473
f 3501 3397 3395
f 3503 3397 3501
f 3398 3502 3396
f 3398 3504 3502
f 3503 3399 3397
f 3505 3399 3503
f 3400 3504 3398
f 3400 3506 3504
f 3505 3401 3399
f 3507 3401 3505
f 3402 3506 3400
f 3402 3508 3506
f 3507 3403 3401
f 3509 3403 3507
f 3404 3508 3402
f 3404 3510 3508
f 3509 3405 3403
f 3511 3405 3509
f 3406 3510 3404
f 3406 3512 3510
f 3511 3407 3405
f 3513 3407 3511
f 3515 3514 3408
f 3515 3408 3409
f 3406 3408 3512
f 3512 3408 3514
f 3513 3410 3407
f 3516 3410 3513
f 3411 3515 3409
f 3411 3517 3515
f 3516 3412 3410
f 3518 3412 3516
f 3413 3517 3411
f 3413 3519 3517
f 3518 3414 3412
f 3520 3414 3518
f 3521 3519 3413
f 3521 3413 3415
f 3415 3416 3521
f 3521 3416 3522
f 3524 3523 3418
f 3418 3523 3417
f 3525 3418 3419
f 3525 3524 3418
f 3526 3419 3420
f 3526 3525 3419
f 3527 3420 3421
f 3527 3526 3420
f 3528 3421 3422
f 3528 3527 3421
f 3529 3422 3423
f 3529 3528 3422
f 3530 3423 3424
f 3530 3529 3423
f 3531 3424 3425
f 3531 3530 3424
f 3532 3425 3426
f 3532 3531 3425
f 3533 3426 3427
f 3533 3532 3426
f 3427 3428 3533
f 3533 3428 3534
f 3520 3429 3414
f 3535 3429 3520
f 3536 3522 3416
f 3536 3416 3430
f 3537 3430 3431
f 3537 3536 3430
f 3538 3431 3432
f 3538 3537 3431
f 3539 3432 3433
f 3539 3538 3432
f 3540 3433 3434
f 3540 3539 3433
f 3434 3417 3523
f 3434 3523 3540
f 3541 3534 3428
f 3541 3428 3435
f 3542 3435 3436
f 3542 3541 3435
f 3436 3437 3542
f 3542 3437 3543
f 3535 3544 3429
f 3429 3544 3438
f 3439 3438 3544
f 3439 3544 3545
f 3441 3546 3440
f 3546 3547 3440
f 3547 3437 3440
f 3547 3543 3437
f 3545 3442 3439
f 3548 3442 3545
f 3550 3549 3546
f 3441 3550 3546
f 3443 3550 3441
f 3546 3549 3547
f 3548 3444 3442
f 3551 3444 3548
f 3445 3550 3443
f 3445 3552 3550
f 3551 3446 3444
f 3553 3446 3551
f 3447 3552 3445
f 3447 3554 3552
f 3553 3448 3446
f 3555 3448 3553
f 3449 3554 3447
f 3449 3556 3554
f 3558 3557 3451
f 3451 3557 3450
f 3451 3448 3555
f 3451 3555 3558
f 3559 3556 3449
f 3559 3449 3452
f 3452 3453 3559
f 3559 3453 3560
f 3557 3454 3450
f 3561 3454 3557
f 3455 3560 3453
f 3455 3562 3560
f 3561 3456 3454
f 3563 3456 3561
f 3564 3562 3455
f 3564 3455 3457
f 3457 3458 3564
f 3564 3458 3565
f 3563 3459 3456
f 3566 3459 3563
f 3460 3565 3458
f 3460 3567 3565
f 3569 3568 3462
f 3462 3568 3461
f 3570 3462 3463
f 3570 3569 3462
f 3463 3459 3566
f 3463 3566 3570
f 3571 3567 3460
f 3571 3460 3464
f 3572 3464 3465
f 3572 3571 3464
f 3573 3465 3466
f 3573 3572 3465
f 3574 3466 3467
f 3574 3573 3466
f 3575 3467 3468
f 3575 3574 3467
f 3576 3468 3469
f 3576 3575 3468
f 3577 3469 3470
f 3577 3576 3469
f 3578 3470 3471
f 3578 3577 3470
f 3471 3461 3568
f 3471 3568 3578
f 3580 3579 3472
f 3580 3472 3473
f 3472 3581 3474
f 3579 3581 3472
f 3474 3582 3475
f 3581 3582 3474
f 3475 3583 3476
f 3582 3583 3475
f 3476 3584 3477
f 3583 3584 3476
f 3477 3585 3478
f 3584 3585 3477
f 3478 3586 3479
f 3585 3586 3478
f 3479 3587 3480
f 3586 3587 3479
f 3480 3588 3481
f 3587 3588 3480
f 3481 3589 3482
f 3588 3589 3481
f 3482 3590 3483
f 3589 3590 3482
f 3483 3591 3484
f 3590 3591 3483
f 3484 3592 3485
f 3591 3592 3484
f 3485 3593 3486
f 3592 3593 3485
f 3486 3594 3487
f 3593 3594 3486
f 3487 3595 3488
f 3594 3595 3487
f 3488 3596 3489
f 3595 3596 3488
f 3489 3597 3490
f 3596 3597 3489
f 3490 3598 3491
f 3597 3598 3490
f 3491 3599 3492
f 3598 3599 3491
f 3492 3600 3493
f 3599 3600 3492
f 3493 3601 3494
f 3600 3601 3493
f 3494 3602 3495
f 3601 3602 3494
f 3495 3603 3496
f 3602 3603 3495
f 3496 3604 3497
f 3603 3604 3496
f 3497 3605 3498
f 3604 3605 3497
f 3498 3606 3499
f 3605 3606 3498
f 3499 3607 3500
f 3606 3607 3499
f 3501 3500 3607
f 3501 3607 3608
f 3502 3580 3473
f 3502 3609 3580
f 3608 3503 3501
f 3610 3503 3608
f 3504 3609 3502
f 3504 3611 3609
f 3610 3505 3503
f 3612 3505 3610
f 3506 3611 3504
f 3506 3613 3611
f 3612 3507 3505
f 3614 3507 3612
f 3508 3613 3506
f 3508 3615 3613
f 3614 3509 3507
f 3616 3509 3614
f 3510 3615 3508
f 3510 3617 3615
f 3616 3511 3509
f 3618 3511 3616
f 3512 3617 3510
f 3512 3619 3617
f 3618 3513 3511
f 3620 3513 3618
f 3622 3621 3514
f 3622 3514 3515
f 3512 3514 3619
f 3619 3514 3621
f 3620 3516 3513
f 3623 3516 3620
f 3517 3622 3515
f 3517 3624 3622
f 3623 3518 3516
f 3625 3518 3623
f 3519 3624 3517
f 3519 3626 3624
f 3625 3520 3518
f 3627 3520 3625
f 3628 3626 3519
f 3628 3519 3521
f 3521 3522 3628
f 3628 3522 3629
f 3631 3630 3524
f 3524 3630 3523
f 3632 3524 3525
f 3632 3631 3524
f 3633 3525 3526
f 3633 3632 3525
f 3634 3526 3527
f 3634 3633 3526
f 3635 3527 3528
f 3635 3634 3527
f 3636 3528 3529
f 3636 3635 3528
f 3637 3529 3530
f 3637 3636 3529
f 3638 3530 3531
f 3638 3637 3530
f 3639 3531 3532
f 3639 3638 3531
f 3640 3532 3533
f 3640 3639 3532
f 3533 3534 3640
f 3640 3534 3641
f 3627 3535 3520
f 3642 3535 3627
f 3643 3629 3522
f 3643 3522 3536
f 3644 3536 3537
f 3644 3643 3536
f 3645 3537 3538
f 3645 3644 3537
f 3646 3538 3539
f 3646 3645 3538
f 3647 3539 3540
f 3647 3646 3539
f 3540 3523 3630
f 3540 3630 3647
f 3648 3641 3534
f 3648 3534 3541
f 3649 3541 3542
f 3649 3648 3541
f 3542 3543 3649
f 3649 3543 3650
f 3642 3651 3535
f 3535 3651 3544
f 3545 3544 3651
f 3545 3651 3652
f 3547 3650 3543
f 3547 3653 3650
f 3652 3548 3545
f 3654 3548 3652
f 3656 3655 3549
f 3656 3549 3550
f 3547 3549 3653
f 3653 3549 3655
f 3654 3551 3548
f 3657 3551 3654
f 3552 3656 3550
f 3552 3658 3656
f 3657 3553 3551
f 3659 3553 3657
f 3554 3658 3552
f 3554 3660 3658
f 3659 3555 3553
f 3661 3555 3659
f 3556 3660 3554
f 3556 3662 3660
f 3664 3663 3558
f 3558 3663 3557
f 3558 3555 3661
f 3558 3661 3664
f 3665 3662 3556
f 3665 3556 3559
f 3559 3560 3665
f 3665 3560 3666
f 3663 3561 3557
f 3667 3561 3663
f 3562 3666 3560
f 3562 3668 3666
f 3667 3563 3561
f 3669 3563 3667
f 3670 3668 3562
f 3670 3562 3564
f 3564 3565 3670
f 3670 3565 3671
f 3669 3566 3563
f 3672 3566 3669
f 3567 3671 3565
f 3567 3673 3671
f 3675 3674 3569
f 3569 3674 3568
f 3676 3569 3570
f 3676 3675 3569
f 3570 3566 3672
f 3570 3672 3676
f 3677 3673 3567
f 3677 3567 3571
f 3678 3571 3572
f 3678 3677 3571
f 3679 3572 3573
f 3679 3678 3572
f 3680 3573 3574
f 3680 3679 3573
f 3681 3574 3575
f 3681 3680 3574
f 3682 3575 3576
f 3682 3681 3575
f 3683 3576 3577
f 3683 3682 3576
f 3684 3577 3578
f 3684 3683 3577
f 3578 3568 3674
f 3578 3674 3684
f 3686 3685 3579
f 3686 3579 3580
f 3579 3687 3581
f 3685 3687 3579
f 3581 3688 3582
f 3687 3688 3581
f 3582 3689 3583
f 3688 3689 3582
f 3583 3690 3584
f 3689 3690 3583
f 3584 3691 3585
f 3690 3691 3584
f 3585 3692 3586
f 3691 3692 3585
f 3586 3693 3587
f 3692 3693 3586
f 3587 3694 3588
f 3693 3694 3587
f 3588 3695 3589
f 3694 3695 3588
f 3589 3696 3590
f 3695 3696 3589
f 3590 3697 3591
f 3696 3697 3590
f 3591 3698 3592
f 3697 3698 3591
f 3592 3699 3593
f 3698 3699 3592
f 3593 3700 3594
f 3699 3700 3593
f 3594 3701 3595
f 3700 3701 3594
f 3595 3702 3596
f 3701 3702 3595
f 3596 3703 3597
f 3702 3703 3596
f 3597 3704 3598
f 3703 3704 3597
f 3598 3705 3599
f 3704 3705 3598
f 3599 3706 3600
f 3705 3706 3599
f 3600 3707 3601
f 3706 3707 3600
f 3601 3708 3602
f 3707 3708 3601
f 3602 3709 3603
f 3708 3709 3602
f 3603 3710 3604
f 3709 3710 3603
f 3604 3711 3605
f 3710 3711 3604
f 3605 3712 3606
f 3711 3712 3605
f 3606 3713 3607
f 3712 3713 3606
f 3608 3607 3713
f 3608 3713 3714
f 3609 3686 3580
f 3609 3715 3686
f 3714 3610 3608
f 3716 3610 3714
f 3611 3715 3609
f 3611 3717 3715
f 3716 3612 3610
f 3718 3612 3716
f 3613 3717 3611
f 3613 3719 3717
f 3718 3614 3612
f 3720 3614 3718
f 3615 3719 3613
f 3615 3721 3719
f 3720 3616 3614
f 3722 3616 3720
f 3617 3721 3615
f 3617 3723 3721
f 3722 3618 3616
f 3724 3618 3722
f 3619 3723 3617
f 3619 3725 3723
f 3724 3620 3618
f 3726 3620 3724
f 3728 3727 3621
f 3728 3621 3622
f 3619 3621 3725
f 3725 3621 3727
f 3726 3623 3620
f 3729 3623 3726
f 3624 3728 3622
f 3624 3730 3728
f 3729 3625 3623
f 3731 3625 3729
f 3626 3730 3624
f 3626 3732 3730
f 3731 3627 3625
f 3733 3627 3731
f 3734 3732 3626
f 3734 3626 3628
f 3628 3629 3734
f 3734 3629 3735
f 3737 3736 3631
f 3631 3736 3630
f 3738 3631 3632
f 3738 3737 3631
f 3739 3632 3633
f 3739 3738 3632
f 3740 3633 3634
f 3740 3739 3633
f 3741 3634 3635
f 3741 3740 3634
f 3742 3635 3636
f 3742 3741 3635
f 3743 3636 3637
f 3743 3742 3636
f 3744 3637 3638
f 3744 3743 3637
f 3745 3638 3639
f 3745 3744 3638
f 3746 3639 3640
f 3746 3745 3639
f 3640 3641 3746
f 3746 3641 3747
f 3733 3642 3627
f 3748 3642 3733
f 3749 3735 3629
f 3749 3629 3643
f 3750 3643 3644
f 3750 3749 3643
f 3751 3644 3645
f 3751 3750 3644
f 3752 3645 3646
f 3752 3751 3645
f 3753 3646 3647
f 3753 3752 3646
f 3647 3630 3736
f 3647 3736 3753
f 3754 3747 3641
f 3754 3641 3648
f 3755 3648 3649
f 3755 3754 3648
f 3649 3650 3755
f 3755 3650 3756
f 3748 3757 3642
f 3642 3757 3651
f 3652 3651 3757
f 3652 3757 3758
f 3653 3756 3650
f 3653 3759 3756
f 3758 3654 3652
f 3760 3654 3758
f 3762 3761 3655
f 3762 3655 3656
f 3653 3655 3759
f 3759 3655 3761
f 3760 3657 3654
f 3763 3657 3760
f 3658 3762 3656
f 3658 3764 3762
f 3763 3659 3657
f 3765 3659 3763
f 3660 3764 3658
f 3660 3766 3764
f 3765 3661 3659
f 3767 3661 3765
f 3662 3766 3660
f 3662 3768 3766
f 3770 3769 3664
f 3664 3769 3663
f 3664 3661 3767
f 3664 3767 3770
f 3771 3768 3662
f 3771 3662 3665
f 3665 3666 3771
f 3771 3666 3772
f 3769 3667 3663
f 3773 3667 3769
f 3668 3772 3666
f 3668 3774 3772
f 3773 3669 3667
f 3775 3669 3773
f 3776 3774 3668
f 3776 3668 3670
f 3670 3671 3776
f 3776 3671 3777
f 3775 3672 3669
f 3778 3672 3775
f 3673 3777 3671
f 3673 3779 3777
f 3781 3780 3675
f 3675 3780 3674
f 3782 3675 3676
f 3782 3781 3675
f 3676 3672 3778
f 3676 3778 3782
f 3783 3779 3673
f 3783 3673 3677
f 3784 3677 3678
f 3784 3783 3677
f 3785 3678 3679
f 3785 3784 3678
f 3786 3679 3680
f 3786 3785 3679
f 3787 3680 3681
f 3787 3786 3680
f 3788 3681 3682
f 3788 3787 3681
f 3789 3682 3683
f 3789 3788 3682
f 3790 3683 3684
f 3790 3789 3683
f 3684 3674 3780
f 3684 3780 3790
f 3792 3791 3685
f 3792 3685 3686
f 3685 3793 3687
f 3791 3793 3685
f 3687 3794 3688
f 3793 3794 3687
f 3688 3795 3689
f 3794 3795 3688
f 3689 3796 3690
f 3795 3796 3689
f 3690 3797 3691
f 3796 3797 3690
f 3691 3798 3692
f 3797 3798 3691
f 3692 3799 3693
f 3798 3799 3692
f 3693 3800 3694
f 3799 3800 3693
f 3694 3801 3695
f 3800 3801 3694
f 3695 3802 3696
f 3801 3802 3695
f 3696 3803 3697
f 3802 3803 3696
f 3697 3804 3698
f 3803 3804 3697
f 3698 3805 3699
f 3804 3805 3698
f 3699 3806 3700
f 3805 3806 3699
f 3700 3807 3701
f 3806 3807 3700
f 3701 3808 3702
f 3807 3808 3701
f 3702 3809 3703
f 3808 3809 3702
f 3703 3810 3704
f 3809 3810 3703
f 3704 3811 3705
f 3810 3811 3704
f 3705 3812 3706
f 3811 3812 3705
f 3706 3813 3707
f 3812 3813 3706
f 3707 3814 3708
f 3813 3814 3707
f 3708 3815 3709
f 3814 3815 3708
f 3709 3816 3710
f 3815 3816 3709
f 3710 3817 3711
f 3816 3817 3710
f 3711 3818 3712
f 3817 3818 3711
f 3712 3819 3713
f 3818 3819 3712
f 3714 3713 3819
f 3714 3819 3820
f 3715 3792 3686
f 3715 3821 3792
f 3820 3716 3714
f 3822 3716 3820
f 3717 3821 3715
f 3717 3823 3821
f 3822 3718 3716
f 3824 3718 3822
f 3719 3823 3717
f 3719 3825 3823
f 3824 3720 3718
f 3826 3720 3824
f 3721 3825 3719
f 3721 3827 3825
f 3826 3722 3720
f 3828 3722 3826
f 3723 3827 3721
f 3723 3829 3827
f 3828 3724 3722
f 3830 3724 3828
f 3725 3829 3723
f 3725 3831 3829
f 3830 3726 3724
f 3832 3726 3830
f 3834 3833 3727
f 3834 3727 3728
f 3725 3727 3831
f 3831 3727 3833
f 3832 3729 3726
f 3835 3729 3832
f 3730 3834 3728
f 3730 3836 3834
f 3835 3731 3729
f 3837 3731 3835
f 3732 3836 3730
f 3732 3838 3836
f 3837 3733 3731
f 3839 3733 3837
f 3840 3838 3732
f 3840 3732 3734
f 3734 3735 3840
f 3840 3735 3841
f 3843 3842 3737
f 3737 3842 3736
f 3844 3737 3738
f 3844 3843 3737
f 3845 3738 3739
f 3845 3844 3738
f 3846 3739 3740
f 3846 3845 3739
f 3847 3740 3741
f 3847 3846 3740
f 3848 3741 3742
f 3848 3847 3741
f 3849 3742 3743
f 3849 3848 3742
f 3850 3743 3744
f 3850 3849 3743
f 3851 3744 3745
f 3851 3850 3744
f 3852 3745 3746
f 3852 3851 3745
f 3746 3747 3852
f 3852 3747 3853
f 3839 3748 3733
f 3854 3748 3839
f 3855 3841 3735
f 3855 3735 3749
f 3856 3749 3750
f 3856 3855 3749
f 3857 3750 3751
f 3857 3856 3750
f 3858 3751 3752
f 3858 3857 3751
f 3859 3752 3753
f 3859 3858 3752
f 3753 3736 3842
f 3753 3842 3859
f 3860 3853 3747
f 3860 3747 3754
f 3861 3754 3755
f 3861 3860 3754
f 3755 3756 3861
f 3861 3756 3862
f 3854 3863 3748
f 3748 3863 3757
f 3758 3757 3863
f 3758 3863 3864
f 3759 3862 3756
f 3759 3865 3862
f 3864 3760 3758
f 3866 3760 3864
f 3868 3867 3761
f 3868 3761 3762
f 3759 3761 3865
f 3865 3761 3867
f 3866 3763 3760
f 3869 3763 3866
f 3764 3868 3762
f 3764 3870 3868
f 3869 3765 3763
f 3871 3765 3869
f 3766 3870 3764
f 3766 3872 3870
f 3871 3767 3765
f 3873 3767 3871
f 3768 3872 3766
f 3768 3874 3872
f 3876 3875 3770
f 3770 3875 3769
f 3770 3767 3873
f 3770 3873 3876
f 3877 3874 3768
f 3877 3768 3771
f 3771 3772 3877
f 3877 3772 3878
f 3875 3773 3769
f 3879 3773 3875
f 3774 3878 3772
f 3774 3880 3878
f 3879 3775 3773
f 3881 3775 3879
f 3882 3880 3774
f 3882 3774 3776
f 3776 3777 3882
f 3882 3777 3883
f 3881 3778 3775
f 3884 3778 3881
f 3779 3883 3777
f 3779 3885 3883
f 3887 3886 3781
f 3781 3886 3780
f 3888 3781 3782
f 3888 3887 3781
f 3782 3778 3884
f 3782 3884 3888
f 3889 3885 3779
f 3889 3779 3783
f 3890 3783 3784
f 3890 3889 3783
f 3892 3890 3891
f 3890 3785 3891
f 3890 3784 3785
f 3891 3785 3893
f 3785 3894 3893
f 3785 3786 3894
f 3895 3786 3787
f 3895 3894 3786
f 3896 3787 3788
f 3896 3895 3787
f 3897 3788 3789
f 3897 3896 3788
f 3898 3789 3790
f 3898 3897 3789
f 3790 3780 3886
f 3790 3886 3898
f 3899 3892 3891
f 3899 3891 3893
f 3901 3900 3791
f 3901 3791 3792
f 3791 3902 3793
f 3900 3902 3791
f 3793 3903 3794
f 3902 3903 3793
f 3794 3904 3795
f 3903 3904 3794
f 3795 3905 3796
f 3904 3905 3795
f 3796 3906 3797
f 3905 3906 3796
f 3797 3907 3798
f 3906 3907 3797
f 3798 3908 3799
f 3907 3908 3798
f 3799 3909 3800
f 3908 3909 3799
f 3800 3910 3801
f 3909 3910 3800
f 3801 3911 3802
f 3910 3911 3801
f 3802 3912 3803
f 3911 3912 3802
f 3803 3913 3804
f 3912 3913 3803
f 3804 3914 3805
f 3913 3914 3804
f 3805 3915 3806
f 3914 3915 3805
f 3806 3916 3807
f 3915 3916 3806
f 3807 3917 3808
f 3916 3917 3807
f 3808 3918 3809
f 3917 3918 3808
f 3809 3919 3810
f 3918 3919 3809
f 3810 3920 3811
f 3919 3920 3810
f 3811 3921 3812
f 3920 3921 3811
f 3812 3922 3813
f 3921 3922 3812
f 3813 3923 3814
f 3922 3923 3813
f 3814 3924 3815
f 3923 3924 3814
f 3815 3925 3816
f 3924 3925 3815
f 3816 3926 3817
f 3925 3926 3816
f 3817 3927 3818
f 3926 3927 3817
f 3818 3928 3819
f 3927 3928 3818
f 3820 3819 3928
f 3820 3928 3929
f 3821 3901 3792
f 3821 3930 3901
f 3929 3822 3820
f 3931 3822 3929
f 3823 3930 3821
f 3823 3932 3930
f 3931 3824 3822
f 3933 3824 3931
f 3825 3932 3823
f 3825 3934 3932
f 3933 3826 3824
f 3935 3826 3933
f 3827 3934 3825
f 3827 3936 3934
f 3935 3828 3826
f 3937 3828 3935
f 3829 3936 3827
f 3829 3938 3936
f 3937 3830 3828
f 3939 3830 3937
f 3831 3938 3829
f 3831 3940 3938
f 3939 3832 3830
f 3941 3832 3939
f 3943 3942 3833
f 3943 3833 3834
f 3831 3833 3940
f 3940 3833 3942
f 3941 3835 3832
f 3944 3835 3941
f 3836 3943 3834
f 3836 3945 3943
f 3944 3837 3835
f 3946 3837 3944
f 3838 3945 3836
f 3838 3947 3945
f 3946 3839 3837
f 3948 3839 3946
f 3949 3947 3838
f 3949 3838 3840
f 3840 3841 3949
f 3949 3841 3950
f 3953 3952 3951
f 3842 3843 3951
f 3843 3953 3951
f 3843 3954 3953
f 3955 3843 3844
f 3955 3954 3843
f 3956 3844 3845
f 3956 3955 3844
f 3957 3845 3846
f 3957 3956 3845
f 3958 3846 3847
f 3958 3957 3846
f 3959 3847 3848
f 3959 3958 3847
f 3960 3848 3849
f 3960 3959 3848
f 3961 3849 3850
f 3961 3960 3849
f 3962 3850 3851
f 3962 3961 3850
f 3963 3851 3852
f 3963 3962 3851
f 3852 3853 3963
f 3963 3853 3964
f 3948 3854 3839
f 3965 3854 3948
f 3966 3950 3841
f 3966 3841 3855
f 3967 3855 3856
f 3967 3966 3855
f 3968 3856 3857
f 3968 3967 3856
f 3969 3857 3858
f 3969 3968 3857
f 3859 3951 3952
f 3969 3859 3952
f 3858 3859 3969
f 3951 3859 3842
f 3970 3964 3853
f 3970 3853 3860
f 3971 3860 3861
f 3971 3970 3860
f 3861 3862 3971
f 3971 3862 3972
f 3965 3973 3854
f 3854 3973 3863
f 3864 3863 3973
f 3864 3973 3974
f 3865 3972 3862
f 3865 3975 3972
f 3974 3866 3864
f 3976 3866 3974
f 3978 3977 3867
f 3978 3867 3868
f 3865 3867 3975
f 3975 3867 3977
f 3976 3869 3866
f 3979 3869 3976
f 3870 3978 3868
f 3870 3980 3978
f 3979 3871 3869
f 3981 3871 3979
f 3872 3980 3870
f 3872 3982 3980
f 3981 3873 3871
f 3983 3873 3981
f 3874 3982 3872
f 3874 3984 3982
f 3986 3985 3876
f 3876 3985 3875
f 3876 3873 3983
f 3876 3983 3986
f 3987 3984 3874
f 3987 3874 3877
f 3877 3878 3987
f 3987 3878 3988
f 3985 3879 3875
f 3989 3879 3985
f 3880 3988 3878
f 3880 3990 3988
f 3989 3881 3879
f 3991 3881 3989
f 3992 3990 3880
f 3992 3880 3882
f 3882 3883 3992
f 3992 3883 3993
f 3991 3884 3881
f 3994 3884 3991
f 3885 3993 3883
f 3885 3995 3993
f 3997 3996 3887
f 3887 3996 3886
f 3998 3887 3888
f 3998 3997 3887
f 3888 3884 3994
f 3888 3994 3998
f 3999 3995 3885
f 3999 3885 3889
f 4000 3889 3890
f 4000 3999 3889
f 3890 3892 4000
f 4000 3892 4001
f 4003 4002 3894
f 3894 4002 3893
f 4004 3894 3895
f 4004 4003 3894
f 4005 3895 3896
f 4005 4004 3895
f 4006 3896 3897
f 4006 4005 3896
f 4007 3897 3898
f 4007 4006 3897
f 3898 3886 3996
f 3898 3996 4007
f 4008 4001 3892
f 4008 3892 3899
f 3899 3893 4002
f 3899 4002 4008
f 4010 4009 3900
f 4010 3900 3901
f 3900 4011 3902
f 4009 4011 3900
f 3902 4012 3903
f 4011 4012 3902
f 3903 4013 3904
f 4012 4013 3903
f 3904 4014 3905
f 4013 4014 3904
f 3905 4015 3906
f 4014 4015 3905
f 3906 4016 3907
f 4015 4016 3906
f 3907 4017 3908
f 4016 4017 3907
f 3908 4018 3909
f 4017 4018 3908
f 3909 4019 3910
f 4018 4019 3909
f 3910 4020 3911
f 4019 4020 3910
f 3911 4021 3912
f 4020 4021 3911
f 3912 4022 3913
f 4021 4022 3912
f 3913 4023 3914
f 4022 4023 3913
f 3914 4024 3915
f 4023 4024 3914
f 3915 4025 3916
f 4024 4025 3915
f 3916 4026 3917
f 4025 4026 3916
f 3917 4027 3918
f 4026 4027 3917
f 3918 4028 3919
f 4027 4028 3918
f 3919 4029 3920
f 4028 4029 3919
f 3920 4030 3921
f 4029 4030 3920
f 3921 4031 3922
f 4030 4031 3921
f 3922 4032 3923
f 4031 4032 3922
f 3923 4033 3924
f 4032 4033 3923
f 3924 4034 3925
f 4033 4034 3924
f 3925 4035 3926
f 4034 4035 3925
f 3926 4036 3927
f 4035 4036 3926
f 3927 4037 3928
f 4036 4037 3927
f 3929 3928 4037
f 3929 4037 4038
f 3930 4010 3901
f 3930 4039 4010
f 4038 3931 3929
f 4040 3931 4038
f 3932 4039 3930
f 3932 4041 4039
f 4040 3933 3931
f 4042 3933 4040
f 3934 4041 3932
f 3934 4043 4041
f 4042 3935 3933
f 4044 3935 4042
f 3936 4043 3934
f 3936 4045 4043
f 4044 3937 3935
f 4046 3937 4044
f 3938 4045 3936
f 3938 4047 4045
f 4046 3939 3937
f 4048 3939 4046
f 3940 4047 3938
f 3940 4049 4047
f 4048 3941 3939
f 4050 3941 4048
f 4052 4051 3942
f 4052 3942 3943
f 3940 3942 4049
f 4049 3942 4051
f 4050 3944 3941
f 4053 3944 4050
f 3945 4052 3943
f 3945 4054 4052
f 4053 3946 3944
f 4055 3946 4053
f 3947 4054 3945
f 3947 4056 4054
f 4055 3948 3946
f 4057 3948 4055
f 4058 4056 3947
f 4058 3947 3949
f 3949 3950 4058
f 4058 3950 4059
f 4061 4060 3953
f 3953 4060 3952
f 4062 3953 3954
f 4062 4061 3953
f 4063 3954 3955
f 4063 4062 3954
f 4064 3955 3956
f 4064 4063 3955
f 4065 3956 3957
f 4065 4064 3956
f 4066 3957 3958
f 4066 4065 3957
f 4067 3958 3959
f 4067 4066 3958
f 4068 3959 3960
f 4068 4067 3959
f 4069 3960 3961
f 4069 4068 3960
f 4070 3961 3962
f 4070 4069 3961
f 4071 3962 3963
f 4071 4070 3962
f 3963 3964 4071
f 4071 3964 4072
f 4057 3965 3948
f 4073 3965 4057
f 4074 4059 3950
f 4074 3950 3966
f 4075 3966 3967
f 4075 4074 3966
f 4076 3967 3968
f 4076 4075 3967
f 4077 3968 3969
f 4077 4076 3968
f 3969 3952 4060
f 3969 4060 4077
f 4078 4072 3964
f 4078 3964 3970
f 4079 3970 3971
f 4079 4078 3970
f 3971 3972 4079
f 4079 3972 4080
f 4073 4081 3965
f 3965 4081 3973
f 3974 3973 4081
f 3974 4081 4082
f 3975 4080 3972
f 3975 4083 4080
f 4082 3976 3974
f 4084 3976 4082
f 4086 4085 3977
f 4086 3977 3978
f 3975 3977 4083
f 4083 3977 4085
f 4084 3979 3976
f 4087 3979 4084
f 3980 4086 3978
f 3980 4088 4086
f 4087 3981 3979
f 4089 3981 4087
f 3982 4088 3980
f 3982 4090 4088
f 4089 3983 3981
f 4091 3983 4089
f 3984 4090 3982
f 3984 4092 4090
f 4094 4093 3986
f 3986 4093 3985
f 3986 3983 4091
f 3986 4091 4094
f 4095 4092 3984
f 4095 3984 3987
f 3987 3988 4095
f 4095 3988 4096
f 4093 3989 3985
f 4097 3989 4093
f 3990 4096 3988
f 3990 4098 4096
f 4097 3991 3989
f 4099 3991 4097
f 4100 4098 3990
f 4100 3990 3992
f 3992 3993 4100
f 4100 3993 4101
f 4099 3994 3991
f 4102 3994 4099
f 3995 4101 3993
f 3995 4103 4101
f 4105 4104 3997
f 3997 4104 3996
f 4106 3997 3998
f 4106 4105 3997
f 3998 3994 4102
f 3998 4102 4106
f 4107 4103 3995
f 4107 3995 3999
f 4108 3999 4000
f 4108 4107 3999
f 4000 4001 4108
f 4108 4001 4109
f 4111 4110 4003
f 4003 4110 4002
f 4112 4003 4004
f 4112 4111 4003
f 4113 4004 4005
f 4113 4112 4004
f 4114 4005 4006
f 4114 4113 4005
f 4115 4006 4007
f 4115 4114 4006
f 4007 3996 4104
f 4007 4104 4115
f 4116 4109 4001
f 4116 4001 4008
f 4008 4002 4110
f 4008 4110 4116
f 4118 4117 4009
f 4118 4009 4010
f 4009 4119 4011
f 4117 4119 4009
f 4011 4120 4012
f 4119 4120 4011
f 4012 4121 4013
f 4120 4121 4012
f 4013 4122 4014
f 4121 4122 4013
f 4014 4123 4015
f 4122 4123 4014
f 4015 4124 4016
f 4123 4124 4015
f 4016 4125 4017
f 4124 4125 4016
f 4017 4126 4018
f 4125 4126 4017
f 4018 4127 4019
f 4126 4127 4018
f 4019 4128 4020
f 4127 4128 4019
f 4020 4129 4021
f 4128 4129 4020
f 4021 4130 4022
f 4129 4130 4021
f 4022 4131 4023
f 4130 4131 4022
f 4023 4132 4024
f 4131 4132 4023
f 4024 4133 4025
f 4132 4133 4024
f 4025 4134 4026
f 4133 4134 4025
f 4026 4135 4027
f 4134 4135 4026
f 4027 4136 4028
f 4135 4136 4027
f 4028 4137 4029
f 4136 4137 4028
f 4029 4138 4030
f 4137 4138 4029
f 4030 4139 4031
f 4138 4139 4030
f 4031 4140 4032
f 4139 4140 4031
f 4032 4141 4033
f 4140 4141 4032
f 4033 4142 4034
f 4141 4142 4033
f 4034 4143 4035
f 4142 4143 4034
f 4035 4144 4036
f 4143 4144 4035
f 4036 4145 4037
f 4144 4145 4036
f 4038 4037 4145
f 4038 4145 4146
f 4039 4118 4010
f 4039 4147 4118
f 4146 4040 4038
f 4148 4040 4146
f 4041 4147 4039
f 4041 4149 4147
f 4148 4042 4040
f 4150 4042 4148
f 4043 4149 4041
f 4043 4151 4149
f 4150 4044 4042
f 4152 4044 4150
f 4045 4151 4043
f 4045 4153 4151
f 4152 4046 4044
f 4154 4046 4152
f 4047 4153 4045
f 4047 4155 4153
f 4154 4048 4046
f 4156 4048 4154
f 4049 4155 4047
f 4049 4157 4155
f 4156 4050 4048
f 4158 4050 4156
f 4160 4159 4051
f 4160 4051 4052
f 4049 4051 4157
f 4157 4051 4159
f 4158 4053 4050
f 4161 4053 4158
f 4054 4160 4052
f 4054 4162 4160
f 4161 4055 4053
f 4163 4055 4161
f 4056 4162 4054
f 4056 4164 4162
f 4163 4057 4055
f 4165 4057 4163
f 4166 4164 4056
f 4166 4056 4058
f 4058 4059 4166
f 4166 4059 4167
f 4169 4168 4061
f 4061 4168 4060
f 4170 4061 4062
f 4170 4169 4061
f 4171 4062 4063
f 4171 4170 4062
f 4172 4063 4064
f 4172 4171 4063
f 4173 4064 4065
f 4173 4172 4064
f 4174 4065 4066
f 4174 4173 4065
f 4175 4066 4067
f 4175 4174 4066
f 4176 4067 4068
f 4176 4175 4067
f 4177 4068 4069
f 4177 4176 4068
f 4178 4069 4070
f 4178 4177 4069
f 4179 4070 4071
f 4179 4178 4070
f 4071 4072 4179
f 4179 4072 4180
f 4165 4073 4057
f 4181 4073 4165
f 4182 4167 4059
f 4182 4059 4074
f 4183 4074 4075
f 4183 4182 4074
f 4184 4075 4076
f 4184 4183 4075
f 4185 4076 4077
f 4185 4184 4076
f 4077 4060 4168
f 4077 4168 4185
f 4186 4180 4072
f 4186 4072 4078
f 4187 4078 4079
f 4187 4186 4078
f 4079 4080 4187
f 4187 4080 4188
f 4181 4189 4073
f 4073 4189 4081
f 4082 4081 4189
f 4082 4189 4190
f 4083 4188 4080
f 4083 4191 4188
f 4190 4084 4082
f 4192 4084 4190
f 4194 4193 4085
f 4194 4085 4086
f 4083 4085 4191
f 4191 4085 4193
f 4192 4087 4084
f 4195 4087 4192
f 4088 4194 4086
f 4088 4196 4194
f 4195 4089 4087
f 4197 4089 4195
f 4090 4196 4088
f 4090 4198 4196
f 4197 4091 4089
f 4199 4091 4197
f 4092 4198 4090
f 4092 4200 4198
f 4202 4201 4094
f 4094 4201 4093
f 4094 4091 4199
f 4094 4199 4202
f 4203 4200 4092
f 4203 4092 4095
f 4095 4096 4203
f 4203 4096 4204
f 4201 4097 4093
f 4205 4097 4201
f 4098 4204 4096
f 4098 4206 4204
f 4205 4099 4097
f 4207 4099 4205
f 4208 4206 4098
f 4208 4098 4100
f 4100 4101 4208
f 4208 4101 4209
f 4207 4102 4099
f 4210 4102 4207
f 4103 4209 4101
f 4103 4211 4209
f 4213 4212 4105
f 4105 4212 4104
f 4214 4105 4106
f 4214 4213 4105
f 4106 4102 4210
f 4106 4210 4214
f 4215 4211 4103
f 4215 4103 4107
f 4216 4107 4108
f 4216 4215 4107
f 4108 4109 4216
f 4216 4109 4217
f 4219 4218 4111
f 4111 4218 4110
f 4220 4111 4112
f 4220 4219 4111
f 4221 4112 4113
f 4221 4220 4112
f 4222 4113 4114
f 4222 4221 4113
f 4223 4114 4115
f 4223 4222 4114
f 4115 4104 4212
f 4115 4212 4223
f 4224 4217 4109
f 4224 4109 4116
f 4116 4110 4218
f 4116 4218 4224
f 4226 4225 4117
f 4226 4117 4118
f 4117 4227 4119
f 4225 4227 4117
f 4119 4228 4120
f 4227 4228 4119
f 4120 4229 4121
f 4228 4229 4120
f 4121 4230 4122
f 4229 4230 4121
f 4122 4231 4123
f 4230 4231 4122
f 4123 4232 4124
f 4231 4232 4123
f 4124 4233 4125
f 4232 4233 4124
f 4125 4234 4126
f 4233 4234 4125
f 4126 4235 4127
f 4234 4235 4126
f 4127 4236 4128
f 4235 4236 4127
f 4128 4237 4129
f 4236 4237 4128
f 4129 4238 4130
f 4237 4238 4129
f 4130 4239 4131
f 4238 4239 4130
f 4131 4240 4132
f 4239 4240 4131
f 4132 4241 4133
f 4240 4241 4132
f 4133 4242 4134
f 4241 4242 4133
f 4134 4243 4135
f 4242 4243 4134
f 4135 4244 4136
f 4243 4244 4135
f 4136 4245 4137
f 4244 4245 4136
f 4137 4246 4138
f 4245 4246 4137
f 4138 4247 4139
f 4246 4247 4138
f 4139 4248 4140
f 4247 4248 4139
f 4140 4249 4141
f 4248 4249 4140
f 4141 4250 4142
f 4249 4250 4141
f 4142 4251 4143
f 4250 4251 4142
f 4143 4252 4144
f 4251 4252 4143
f 4144 4253 4145
f 4252 4253 4144
f 4146 4145 4253
f 4146 4253 4254
f 4147 4226 4118
f 4147 4255 4226
f 4254 4148 4146
f 4256 4148 4254
f 4149 4255 4147
f 4149 4257 4255
f 4256 4150 4148
f 4258 4150 4256
f 4151 4257 4149
f 4151 4259 4257
f 4258 4152 4150
f 4260 4152 4258
f 4153 4259 4151
f 4153 4261 4259
f 4260 4154 4152
f 4262 4154 4260
f 4155 4261 4153
f 4155 4263 4261
f 4262 4156 4154
f 4264 4156 4262
f 4157 4263 4155
f 4157 4265 4263
f 4264 4158 4156
f 4266 4158 4264
f 4268 4267 4159
f 4268 4159 4160
f 4157 4159 4265
f 4265 4159 4267
f 4266 4161 4158
f 4269 4161 4266
f 4162 4268 4160
f 4162 4270 4268
f 4269 4163 4161
f 4271 4163 4269
f 4164 4270 4162
f 4164 4272 4270
f 4271 4165 4163
f 4273 4165 4271
f 4274 4272 4164
f 4274 4164 4166
f 4166 4167 4274
f 4274 4167 4275
f 4277 4276 4169
f 4169 4276 4168
f 4278 4169 4170
f 4278 4277 4169
f 4279 4170 4171
f 4279 4278 4170
f 4280 4171 4172
f 4280 4279 4171
f 4281 4172 4173
f 4281 4280 4172
f 4282 4173 4174
f 4282 4281 4173
f 4283 4174 4175
f 4283 4282 4174
f 4284 4175 4176
f 4284 4283 4175
f 4285 4176 4177
f 4285 4284 4176
f 4286 4177 4178
f 4286 4285 4177
f 4287 4178 4179
f 4287 4286 4178
f 4179 4180 4287
f 4287 4180 4288
f 4273 4181 4165
f 4289 4181 4273
f 4290 4275 4167
f 4290 4167 4182
f 4291 4182 4183
f 4291 4290 4182
f 4292 4183 4184
f 4292 4291 4183
f 4293 4184 4185
f 4293 4292 4184
f 4185 4168 4276
f 4185 4276 4293
f 4294 4288 4180
f 4294 4180 4186
f 4295 4186 4187
f 4295 4294 4186
f 4187 4188 4295
f 4295 4188 4296
f 4289 4297 4181
f 4181 4297 4189
f 4190 4189 4297
f 4190 4297 4298
f 4191 4296 4188
f 4191 4299 4296
f 4298 4192 4190
f 4300 4192 4298
f 4302 4301 4193
f 4302 4193 4194
f 4191 4193 4299
f 4299 4193 4301
f 4300 4195 4192
f 4303 4195 4300
f 4196 4302 4194
f 4196 4304 4302
f 4303 4197 4195
f 4305 4197 4303
f 4198 4304 4196
f 4198 4306 4304
f 4305 4199 4197
f 4307 4199 4305
f 4200 4306 4198
f 4200 4308 4306
f 4310 4309 4202
f 4202 4309 4201
f 4202 4199 4307
f 4202 4307 4310
f 4311 4308 4200
f 4311 4200 4203
f 4203 4204 4311
f 4311 4204 4312
f 4309 4205 4201
f 4313 4205 4309
f 4206 4312 4204
f 4206 4314 4312
f 4313 4207 4205
f 4315 4207 4313
f 4316 4314 4206
f 4316 4206 4208
f 4208 4209 4316
f 4316 4209 4317
f 4315 4210 4207
f 4318 4210 4315
f 4211 4317 4209
f 4211 4319 4317
f 4321 4320 4213
f 4213 4320 4212
f 4322 4213 4214
f 4322 4321 4213
f 4214 4210 4318
f 4214 4318 4322
f 4323 4319 4211
f 4323 4211 4215
f 4324 4215 4216
f 4324 4323 4215
f 4326 4325 4217
f 4325 4216 4217
f 4325 4324 4216
f 4218 4219 4326
f 4219 4325 4326
f 4219 4327 4325
f 4328 4219 4220
f 4328 4327 4219
f 4329 4220 4221
f 4329 4328 4220
f 4330 4221 4222
f 4330 4329 4221
f 4331 4222 4223
f 4331 4330 4222
f 4223 4212 4320
f 4223 4320 4331
f 4224 4326 4217
f 4326 4224 4218
f 4333 4332 4225
f 4333 4225 4226
f 4225 4334 4227
f 4332 4334 4225
f 4227 4335 4228
f 4334 4335 4227
f 4228 4336 4229
f 4335 4336 4228
f 4229 4337 4230
f 4336 4337 4229
f 4230 4338 4231
f 4337 4338 4230
f 4231 4339 4232
f 4338 4339 4231
f 4232 4340 4233
f 4339 4340 4232
f 4233 4341 4234
f 4340 4341 4233
f 4234 4342 4235
f 4341 4342 4234
f 4235 4343 4236
f 4342 4343 4235
f 4236 4344 4237
f 4343 4344 4236
f 4237 4345 4238
f 4344 4345 4237
f 4238 4346 4239
f 4345 4346 4238
f 4239 4347 4240
f 4346 4347 4239
f 4240 4348 4241
f 4347 4348 4240
f 4241 4349 4242
f 4348 4349 4241
f 4242 4350 4243
f 4349 4350 4242
f 4243 4351 4244
f 4350 4351 4243
f 4244 4352 4245
f 4351 4352 4244
f 4245 4353 4246
f 4352 4353 4245
f 4246 4354 4247
f 4353 4354 4246
f 4247 4355 4248
f 4354 4355 4247
f 4248 4356 4249
f 4355 4356 4248
f 4249 4357 4250
f 4356 4357 4249
f 4250 4358 4251
f 4357 4358 4250
f 4251 4359 4252
f 4358 4359 4251
f 4252 4360 4253
f 4359 4360 4252
f 4254 4253 4360
f 4254 4360 4361
f 4255 4333 4226
f 4255 4362 4333
f 4361 4256 4254
f 4363 4256 4361
f 4257 4362 4255
f 4257 4364 4362
f 4363 4258 4256
f 4365 4258 4363
f 4259 4364 4257
f 4259 4366 4364
f 4365 4260 4258
f 4367 4260 4365
f 4261 4366 4259
f 4261 4368 4366
f 4367 4262 4260
f 4369 4262 4367
f 4263 4368 4261
f 4263 4370 4368
f 4369 4264 4262
f 4371 4264 4369
f 4265 4370 4263
f 4265 4372 4370
f 4371 4266 4264
f 4373 4266 4371
f 4375 4374 4267
f 4375 4267 4268
f 4265 4267 4372
f 4372 4267 4374
f 4373 4269 4266
f 4376 4269 4373
f 4270 4375 4268
f 4270 4377 4375
f 4376 4271 4269
f 4378 4271 4376
f 4272 4377 4270
f 4272 4379 4377
f 4378 4273 4271
f 4380 4273 4378
f 4381 4379 4272
f 4381 4272 4274
f 4274 4275 4381
f 4381 4275 4382
f 4384 4383 4277
f 4277 4383 4276
f 4385 4277 4278
f 4385 4384 4277
f 4386 4278 4279
f 4386 4385 4278
f 4387 4279 4280
f 4387 4386 4279
f 4388 4280 4281
f 4388 4387 4280
f 4389 4281 4282
f 4389 4388 4281
f 4390 4282 4283
f 4390 4389 4282
f 4391 4283 4284
f 4391 4390 4283
f 4392 4284 4285
f 4392 4391 4284
f 4393 4285 4286
f 4393 4392 4285
f 4394 4286 4287
f 4394 4393 4286
f 4287 4288 4394
f 4394 4288 4395
f 4380 4289 4273
f 4396 4289 4380
f 4397 4382 4275
f 4397 4275 4290
f 4398 4290 4291
f 4398 4397 4290
f 4399 4291 4292
f 4399 4398 4291
f 4400 4292 4293
f 4400 4399 4292
f 4293 4276 4383
f 4293 4383 4400
f 4401 4395 4288
f 4401 4288 4294
f 4402 4294 4295
f 4402 4401 4294
f 4295 4296 4402
f 4402 4296 4403
f 4396 4404 4289
f 4289 4404 4297
f 4298 4297 4404
f 4298 4404 4405
f 4299 4403 4296
f 4299 4406 4403
f 4405 4300 4298
f 4407 4300 4405
f 4409 4408 4301
f 4409 4301 4302
f 4299 4301 4406
f 4406 4301 4408
f 4407 4303 4300
f 4410 4303 4407
f 4304 4409 4302
f 4304 4411 4409
f 4410 4305 4303
f 4412 4305 4410
f 4306 4411 4304
f 4306 4413 4411
f 4412 4307 4305
f 4414 4307 4412
f 4308 4413 4306
f 4308 4415 4413
f 4417 4416 4310
f 4310 4416 4309
f 4310 4307 4414
f 4310 4414 4417
f 4418 4415 4308
f 4418 4308 4311
f 4311 4312 4418
f 4418 4312 4419
f 4416 4313 4309
f 4420 4313 4416
f 4314 4419 4312
f 4314 4421 4419
f 4420 4315 4313
f 4422 4315 4420
f 4423 4421 4314
f 4423 4314 4316
f 4316 4317 4423
f 4423 4317 4424
f 4422 4318 4315
f 4425 4318 4422
f 4319 4424 4317
f 4319 4426 4424
f 4428 4427 4321
f 4321 4427 4320
f 4429 4321 4322
f 4429 4428 4321
f 4322 4318 4425
f 4322 4425 4429
f 4430 4426 4319
f 4430 4319 4323
f 4431 4323 4324
f 4431 4430 4323
f 4432 4324 4325
f 4432 4431 4324
f 4433 4325 4327
f 4433 4432 4325
f 4434 4327 4328
f 4434 4433 4327
f 4435 4328 4329
f 4435 4434 4328
f 4436 4329 4330
f 4436 4435 4329
f 4437 4330 4331
f 4437 4436 4330
f 4331 4320 4427
f 4331 4427 4437
f 4439 4438 4332
f 4439 4332 4333
f 4332 4440 4334
f 4438 4440 4332
f 4334 4441 4335
f 4440 4441 4334
f 4335 4442 4336
f 4441 4442 4335
f 4336 4443 4337
f 4442 4443 4336
f 4337 4444 4338
f 4443 4444 4337
f 4338 4445 4339
f 4444 4445 4338
f 4339 4446 4340
f 4445 4446 4339
f 4340 4447 4341
f 4446 4447 4340
f 4341 4448 4342
f 4447 4448 4341
f 4342 4449 4343
f 4448 4449 4342
f 4343 4450 4344
f 4449 4450 4343
f 4344 4451 4345
f 4450 4451 4344
f 4345 4452 4346
f 4451 4452 4345
f 4346 4453 4347
f 4452 4453 4346
f 4347 4454 4348
f 4453 4454 4347
f 4348 4455 4349
f 4454 4455 4348
f 4349 4456 4350
f 4455 4456 4349
f 4350 4457 4351
f 4456 4457 4350
f 4351 4458 4352
f 4457 4458 4351
f 4352 4459 4353
f 4458 4459 4352
f 4353 4460 4354
f 4459 4460 4353
f 4354 4461 4355
f 4460 4461 4354
f 4355 4462 4356
f 4461 4462 4355
f 4356 4463 4357
f 4462 4463 4356
f 4357 4464 4358
f 4463 4464 4357
f 4358 4465 4359
f 4464 4465 4358
f 4359 4466 4360
f 4465 4466 4359
f 4361 4360 4466
f 4361 4466 4467
f 4362 4439 4333
f 4362 4468 4439
f 4467 4363 4361
f 4469 4363 4467
f 4364 4468 4362
f 4364 4470 4468
f 4469 4365 4363
f 4471 4365 4469
f 4366 4470 4364
f 4366 4472 4470
f 4471 4367 4365
f 4473 4367 4471
f 4368 4472 4366
f 4368 4474 4472
f 4473 4369 4367
f 4475 4369 4473
f 4370 4474 4368
f 4370 4476 4474
f 4475 4371 4369
f 4477 4371 4475
f 4372 4476 4370
f 4372 4478 4476
f 4477 4373 4371
f 4479 4373 4477
f 4481 4480 4374
f 4481 4374 4375
f 4372 4374 4478
f 4478 4374 4480
f 4479 4376 4373
f 4482 4376 4479
f 4377 4481 4375
f 4377 4483 4481
f 4482 4378 4376
f 4484 4378 4482
f 4379 4483 4377
f 4379 4485 4483
f 4484 4380 4378
f 4486 4380 4484
f 4487 4485 4379
f 4487 4379 4381
f 4381 4382 4487
f 4487 4382 4488
f 4490 4489 4384
f 4384 4489 4383
f 4491 4384 4385
f 4491 4490 4384
f 4492 4385 4386
f 4492 4491 4385
f 4493 4386 4387
f 4493 4492 4386
f 4494 4387 4388
f 4494 4493 4387
f 4495 4388 4389
f 4495 4494 4388
f 4496 4389 4390
f 4496 4495 4389
f 4497 4390 4391
f 4497 4496 4390
f 4498 4391 4392
f 4498 4497 4391
f 4499 4392 4393
f 4499 4498 4392
f 4500 4393 4394
f 4500 4499 4393
f 4394 4395 4500
f 4500 4395 4501
f 4486 4396 4380
f 4502 4396 4486
f 4503 4488 4382
f 4503 4382 4397
f 4504 4397 4398
f 4504 4503 4397
f 4505 4398 4399
f 4505 4504 4398
f 4506 4399 4400
f 4506 4505 4399
f 4400 4383 4489
f 4400 4489 4506
f 4507 4501 4395
f 4507 4395 4401
f 4508 4401 4402
f 4508 4507 4401
f 4402 4403 4508
f 4508 4403 4509
f 4502 4510 4396
f 4396 4510 4404
f 4405 4404 4510
f 4405 4510 4511
f 4406 4509 4403
f 4406 4512 4509
f 4511 4407 4405
f 4513 4407 4511
f 4515 4514 4408
f 4515 4408 4409
f 4406 4408 4512
f 4512 4408 4514
f 4513 4410 4407
f 4516 4410 4513
f 4411 4515 4409
f 4411 4517 4515
f 4516 4412 4410
f 4518 4412 4516
f 4413 4517 4411
f 4413 4519 4517
f 4518 4414 4412
f 4520 4414 4518
f 4415 4519 4413
f 4415 4521 4519
f 4523 4522 4417
f 4417 4522 4416
f 4417 4414 4520
f 4417 4520 4523
f 4524 4521 4415
f 4524 4415 4418
f 4418 4419 4524
f 4524 4419 4525
f 4522 4420 4416
f 4526 4420 4522
f 4421 4525 4419
f 4421 4527 4525
f 4526 4422 4420
f 4528 4422 4526
f 4529 4527 4421
f 4529 4421 4423
f 4423 4424 4529
f 4529 4424 4530
f 4528 4425 4422
f 4531 4425 4528
f 4426 4530 4424
f 4426 4532 4530
f 4534 4533 4428
f 4428 4533 4427
f 4535 4428 4429
f 4535 4534 4428
f 4429 4425 4531
f 4429 4531 4535
f 4536 4532 4426
f 4536 4426 4430
f 4537 4430 4431
f 4537 4536 4430
f 4538 4431 4432
f 4538 4537 4431
f 4539 4432 4433
f 4539 4538 4432
f 4540 4433 4434
f 4540 4539 4433
f 4541 4434 4435
f 4541 4540 4434
f 4542 4435 4436
f 4542 4541 4435
f 4543 4436 4437
f 4543 4542 4436
f 4437 4427 4533
f 4437 4533 4543
f 4545 4544 4438
f 4545 4438 4439
f 4438 4546 4440
f 4544 4546 4438
f 4440 4547 4441
f 4546 4547 4440
f 4441 4548 4442
f 4547 4548 4441
f 4442 4549 4443
f 4548 4549 4442
f 4443 4550 4444
f 4549 4550 4443
f 4444 4551 4445
f 4550 4551 4444
f 4445 4552 4446
f 4551 4552 4445
f 4446 4553 4447
f 4552 4553 4446
f 4447 4554 4448
f 4553 4554 4447
f 4448 4555 4449
f 4554 4555 4448
f 4449 4556 4450
f 4555 4556 4449
f 4450 4557 4451
f 4556 4557 4450
f 4451 4558 4452
f 4557 4558 4451
f 4452 4559 4453
f 4558 4559 4452
f 4453 4560 4454
f 4559 4560 4453
f 4454 4561 4455
f 4560 4561 4454
f 4455 4562 4456
f 4561 4562 4455
f 4456 4563 4457
f 4562 4563 4456
f 4457 4564 4458
f 4563 4564 4457
f 4458 4565 4459
f 4564 4565 4458
f 4459 4566 4460
f 4565 4566 4459
f 4460 4567 4461
f 4566 4567 4460
f 4461 4568 4462
f 4567 4568 4461
f 4462 4569 4463
f 4568 4569 4462
f 4463 4570 4464
f 4569 4570 4463
f 4464 4571 4465
f 4570 4571 4464
f 4465 4572 4466
f 4571 4572 4465
f 4467 4466 4572
f 4467 4572 4573
f 4468 4545 4439
f 4468 4574 4545
f 4573 4469 4467
f 4575 4469 4573
f 4470 4574 4468
f 4470 4576 4574
f 4575 4471 4469
f 4577 4471 4575
f 4472 4576 4470
f 4472 4578 4576
f 4577 4473 4471
f 4579 4473 4577
f 4474 4578 4472
f 4474 4580 4578
f 4579 4475 4473
f 4581 4475 4579
f 4476 4580 4474
f 4476 4582 4580
f 4581 4477 4475
f 4583 4477 4581
f 4478 4582 4476
f 4478 4584 4582
f 4583 4479 4477
f 4585 4479 4583
f 4481 4586 4480
f 4586 4587 4480
f 4587 4478 4480
f 4587 4584 4478
f 4585 4482 4479
f 4588 4482 4585
f 4590 4589 4586
f 4481 4590 4586
f 4483 4590 4481
f 4586 4589 4587
f 4588 4484 4482
f 4591 4484 4588
f 4485 4590 4483
f 4485 4592 4590
f 4591 4486 4484
f 4593 4486 4591
f 4594 4592 4485
f 4594 4485 4487
f 4487 4488 4594
f 4594 4488 4595
f 4597 4596 4490
f 4490 4596 4489
f 4598 4490 4491
f 4598 4597 4490
f 4599 4491 4492
f 4599 4598 4491
f 4600 4492 4493
f 4600 4599 4492
f 4601 4493 4494
f 4601 4600 4493
f 4602 4494 4495
f 4602 4601 4494
f 4603 4495 4496
f 4603 4602 4495
f 4604 4496 4497
f 4604 4603 4496
f 4605 4497 4498
f 4605 4604 4497
f 4606 4498 4499
f 4606 4605 4498
f 4607 4499 4500
f 4607 4606 4499
f 4500 4501 4607
f 4607 4501 4608
f 4593 4502 4486
f 4609 4502 4593
f 4610 4595 4488
f 4610 4488 4503
f 4611 4503 4504
f 4611 4610 4503
f 4612 4504 4505
f 4612 4611 4504
f 4613 4505 4506
f 4613 4612 4505
f 4506 4489 4596
f 4506 4596 4613
f 4614 4608 4501
f 4614 4501 4507
f 4615 4507 4508
f 4615 4614 4507
f 4508 4509 4615
f 4615 4509 4616
f 4609 4617 4502
f 4502 4617 4510
f 4511 4510 4617
f 4511 4617 4618
f 4512 4616 4509
f 4512 4619 4616
f 4618 4513 4511
f 4620 4513 4618
f 4622 4621 4514
f 4622 4514 4515
f 4512 4514 4619
f 4619 4514 4621
f 4620 4516 4513
f 4623 4516 4620
f 4517 4622 4515
f 4517 4624 4622
f 4623 4518 4516
f 4625 4518 4623
f 4519 4624 4517
f 4519 4626 4624
f 4625 4520 4518
f 4627 4520 4625
f 4521 4626 4519
f 4521 4628 4626
f 4630 4629 4523
f 4523 4629 4522
f 4523 4520 4627
f 4523 4627 4630
f 4631 4628 4521
f 4631 4521 4524
f 4524 4525 4631
f 4631 4525 4632
f 4629 4526 4522
f 4633 4526 4629
f 4527 4632 4525
f 4527 4634 4632
f 4633 4528 4526
f 4635 4528 4633
f 4636 4634 4527
f 4636 4527 4529
f 4529 4530 4636
f 4636 4530 4637
f 4635 4531 4528
f 4638 4531 4635
f 4532 4637 4530
f 4532 4639 4637
f 4641 4640 4534
f 4534 4640 4533
f 4642 4534 4535
f 4642 4641 4534
f 4535 4531 4638
f 4535 4638 4642
f 4643 4639 4532
f 4643 4532 4536
f 4644 4536 4537
f 4644 4643 4536
f 4645 4537 4538
f 4645 4644 4537
f 4646 4538 4539
f 4646 4645 4538
f 4647 4539 4540
f 4647 4646 4539
f 4648 4540 4541
f 4648 4647 4540
f 4649 4541 4542
f 4649 4648 4541
f 4650 4542 4543
f 4650 4649 4542
f 4543 4533 4640
f 4543 4640 4650
f 4652 4651 4544
f 4652 4544 4545
f 4544 4653 4546
f 4651 4653 4544
f 4546 4654 4547
f 4653 4654 4546
f 4547 4655 4548
f 4654 4655 4547
f 4548 4656 4549
f 4655 4656 4548
f 4549 4657 4550
f 4656 4657 4549
f 4550 4658 4551
f 4657 4658 4550
f 4551 4659 4552
f 4658 4659 4551
f 4552 4660 4553
f 4659 4660 4552
f 4553 4661 4554
f 4660 4661 4553
f 4554 4662 4555
f 4661 4662 4554
f 4555 4663 4556
f 4662 4663 4555
f 4556 4664 4557
f 4663 4664 4556
f 4557 4665 4558
f 4664 4665 4557
f 4558 4666 4559
f 4665 4666 4558
f 4559 4667 4560
f 4666 4667 4559
f 4560 4668 4561
f 4667 4668 4560
f 4561 4669 4562
f 4668 4669 4561
f 4562 4670 4563
f 4669 4670 4562
f 4563 4671 4564
f 4670 4671 4563
f 4564 4672 4565
f 4671 4672 4564
f 4565 4673 4566
f 4672 4673 4565
f 4566 4674 4567
f 4673 4674 4566
f 4567 4675 4568
f 4674 4675 4567
f 4568 4676 4569
f 4675 4676 4568
f 4569 4677 4570
f 4676 4677 4569
f 4570 4678 4571
f 4677 4678 4570
f 4571 4679 4572
f 4678 4679 4571
f 4573 4572 4679
f 4573 4679 4680
f 4574 4652 4545
f 4574 4681 4652
f 4680 4575 4573
f 4682 4575 4680
f 4576 4681 4574
f 4576 4683 4681
f 4682 4577 4575
f 4684 4577 4682
f 4578 4683 4576
f 4578 4685 4683
f 4684 4579 4577
f 4686 4579 4684
f 4580 4685 4578
f 4580 4687 4685
f 4686 4581 4579
f 4688 4581 4686
f 4582 4687 4580
f 4582 4689 4687
f 4688 4583 4581
f 4690 4583 4688
f 4584 4689 4582
f 4584 4691 4689
f 4690 4585 4583
f 4692 4585 4690
f 4587 4691 4584
f 4587 4693 4691
f 4692 4588 4585
f 4694 4588 4692
f 4696 4695 4589
f 4696 4589 4590
f 4587 4589 4693
f 4693 4589 4695
f 4694 4591 4588
f 4697 4591 4694
f 4592 4696 4590
f 4592 4698 4696
f 4697 4593 4591
f 4699 4593 4697
f 4700 4698 4592
f 4700 4592 4594
f 4594 4595 4700
f 4700 4595 4701
f 4703 4702 4597
f 4597 4702 4596
f 4704 4597 4598
f 4704 4703 4597
f 4705 4598 4599
f 4705 4704 4598
f 4706 4599 4600
f 4706 4705 4599
f 4707 4600 4601
f 4707 4706 4600
f 4708 4601 4602
f 4708 4707 4601
f 4709 4602 4603
f 4709 4708 4602
f 4710 4603 4604
f 4710 4709 4603
f 4711 4604 4605
f 4711 4710 4604
f 4712 4605 4606
f 4712 4711 4605
f 4713 4606 4607
f 4713 4712 4606
f 4607 4608 4713
f 4713 4608 4714
f 4699 4609 4593
f 4715 4609 4699
f 4716 4701 4595
f 4716 4595 4610
f 4717 4610 4611
f 4717 4716 4610
f 4718 4611 4612
f 4718 4717 4611
f 4719 4612 4613
f 4719 4718 4612
f 4613 4596 4702
f 4613 4702 4719
f 4720 4714 4608
f 4720 4608 4614
f 4721 4614 4615
f 4721 4720 4614
f 4615 4616 4721
f 4721 4616 4722
f 4617 4609 4723
f 4609 4724 4723
f 4609 4715 4724
f 4723 4618 4617
f 4619 4722 4616
f 4619 4725 4722
f 4724 4726 4723
f 4618 4723 4726
f 4727 4618 4726
f 4620 4618 4727
f 4729 4728 4621
f 4729 4621 4622
f 4619 4621 4725
f 4725 4621 4728
f 4727 4623 4620
f 4730 4623 4727
f 4624 4729 4622
f 4624 4731 4729
f 4730 4625 4623
f 4732 4625 4730
f 4626 4731 4624
f 4626 4733 4731
f 4732 4627 4625
f 4734 4627 4732
f 4628 4733 4626
f 4628 4735 4733
f 4737 4736 4630
f 4630 4736 4629
f 4630 4627 4734
f 4630 4734 4737
f 4738 4735 4628
f 4738 4628 4631
f 4631 4632 4738
f 4738 4632 4739
f 4736 4633 4629
f 4740 4633 4736
f 4634 4739 4632
f 4634 4741 4739
f 4740 4635 4633
f 4742 4635 4740
f 4743 4741 4634
f 4743 4634 4636
f 4636 4637 4743
f 4743 4637 4744
f 4742 4638 4635
f 4745 4638 4742
f 4639 4744 4637
f 4639 4746 4744
f 4748 4747 4641
f 4641 4747 4640
f 4749 4641 4642
f 4749 4748 4641
f 4642 4638 4745
f 4642 4745 4749
f 4750 4746 4639
f 4750 4639 4643
f 4751 4643 4644
f 4751 4750 4643
f 4752 4644 4645
f 4752 4751 4644
f 4753 4645 4646
f 4753 4752 4645
f 4754 4646 4647
f 4754 4753 4646
f 4755 4647 4648
f 4755 4754 4647
f 4756 4648 4649
f 4756 4755 4648
f 4757 4649 4650
f 4757 4756 4649
f 4650 4640 4747
f 4650 4747 4757
f 4759 4758 4651
f 4759 4651 4652
f 4651 4760 4653
f 4758 4760 4651
f 4653 4761 4654
f 4760 4761 4653
f 4654 4762 4655
f 4761 4762 4654
f 4655 4763 4656
f 4762 4763 4655
f 4656 4764 4657
f 4763 4764 4656
f 4657 4765 4658
f 4764 4765 4657
f 4658 4766 4659
f 4765 4766 4658
f 4659 4767 4660
f 4766 4767 4659
f 4660 4768 4661
f 4767 4768 4660
f 4661 4769 4662
f 4768 4769 4661
f 4662 4770 4663
f 4769 4770 4662
f 4663 4771 4664
f 4770 4771 4663
f 4664 4772 4665
f 4771 4772 4664
f 4665 4773 4666
f 4772 4773 4665
f 4666 4774 4667
f 4773 4774 4666
f 4667 4775 4668
f 4774 4775 4667
f 4668 4776 4669
f 4775 4776 4668
f 4669 4777 4670
f 4776 4777 4669
f 4670 4778 4671
f 4777 4778 4670
f 4671 4779 4672
f 4778 4779 4671
f 4672 4780 4673
f 4779 4780 4672
f 4673 4781 4674
f 4780 4781 4673
f 4674 4782 4675
f 4781 4782 4674
f 4675 4783 4676
f 4782 4783 4675
f 4676 4784 4677
f 4783 4784 4676
f 4677 4785 4678
f 4784 4785 4677
f 4678 4786 4679
f 4785 4786 4678
f 4680 4679 4786
f 4680 4786 4787
f 4681 4759 4652
f 4681 4788 4759
f 4787 4682 4680
f 4789 4682 4787
f 4683 4788 4681
f 4683 4790 4788
f 4789 4684 4682
f 4791 4684 4789
f 4685 4790 4683
f 4685 4792 4790
f 4791 4686 4684
f 4793 4686 4791
f 4687 4792 4685
f 4687 4794 4792
f 4793 4688 4686
f 4795 4688 4793
f 4689 4794 4687
f 4689 4796 4794
f 4795 4690 4688
f 4797 4690 4795
f 4691 4796 4689
f 4691 4798 4796
f 4797 4692 4690
f 4799 4692 4797
f 4693 4798 4691
f 4693 4800 4798
f 4799 4694 4692
f 4801 4694 4799
f 4803 4802 4695
f 4803 4695 4696
f 4693 4695 4800
f 4800 4695 4802
f 4801 4697 4694
f 4804 4697 4801
f 4698 4803 4696
f 4698 4805 4803
f 4804 4699 4697
f 4806 4699 4804
f 4807 4805 4698
f 4807 4698 4700
f 4700 4701 4807
f 4807 4701 4808
f 4810 4809 4703
f 4703 4809 4702
f 4811 4703 4704
f 4811 4810 4703
f 4812 4704 4705
f 4812 4811 4704
f 4813 4705 4706
f 4813 4812 4705
f 4814 4706 4707
f 4814 4813 4706
f 4815 4707 4708
f 4815 4814 4707
f 4816 4708 4709
f 4816 4815 4708
f 4817 4709 4710
f 4817 4816 4709
f 4818 4710 4711
f 4818 4817 4710
f 4819 4711 4712
f 4819 4818 4711
f 4820 4712 4713
f 4820 4819 4712
f 4713 4714 4820
f 4820 4714 4821
f 4806 4715 4699
f 4822 4715 4806
f 4823 4808 4701
f 4823 4701 4716
f 4824 4716 4717
f 4824 4823 4716
f 4825 4717 4718
f 4825 4824 4717
f 4826 4718 4719
f 4826 4825 4718
f 4719 4702 4809
f 4719 4809 4826
f 4827 4821 4714
f 4827 4714 4720
f 4828 4720 4721
f 4828 4827 4720
f 4721 4722 4828
f 4828 4722 4829
f 4822 4724 4715
f 4830 4724 4822
f 4833 4832 4831
f 4832 4829 4831
f 4829 4725 4831
f 4829 4722 4725
f 4830 4834 4724
f 4724 4834 4726
f 4727 4726 4834
f 4727 4834 4835
f 4833 4831 4728
f 4729 4833 4728
f 4836 4833 4729
f 4728 4831 4725
f 4835 4730 4727
f 4837 4730 4835
f 4731 4836 4729
f 4731 4838 4836
f 4837 4732 4730
f 4839 4732 4837
f 4733 4838 4731
f 4733 4840 4838
f 4839 4734 4732
f 4841 4734 4839
f 4735 4840 4733
f 4735 4842 4840
f 4844 4843 4737
f 4737 4843 4736
f 4737 4734 4841
f 4737 4841 4844
f 4845 4842 4735
f 4845 4735 4738
f 4738 4739 4845
f 4845 4739 4846
f 4843 4740 4736
f 4847 4740 4843
f 4741 4846 4739
f 4741 4848 4846
f 4847 4742 4740
f 4849 4742 4847
f 4850 4848 4741
f 4850 4741 4743
f 4743 4744 4850
f 4850 4744 4851
f 4849 4745 4742
f 4852 4745 4849
f 4746 4851 4744
f 4746 4853 4851
f 4855 4854 4748
f 4748 4854 4747
f 4856 4748 4749
f 4856 4855 4748
f 4749 4745 4852
f 4749 4852 4856
f 4857 4853 4746
f 4857 4746 4750
f 4858 4750 4751
f 4858 4857 4750
f 4859 4751 4752
f 4859 4858 4751
f 4860 4752 4753
f 4860 4859 4752
f 4861 4753 4754
f 4861 4860 4753
f 4862 4754 4755
f 4862 4861 4754
f 4863 4755 4756
f 4863 4862 4755
f 4864 4756 4757
f 4864 4863 4756
f 4757 4747 4854
f 4757 4854 4864
f 4866 4865 4758
f 4866 4758 4759
f 4758 4867 4760
f 4865 4867 4758
f 4760 4868 4761
f 4867 4868 4760
f 4761 4869 4762
f 4868 4869 4761
f 4762 4870 4763
f 4869 4870 4762
f 4763 4871 4764
f 4870 4871 4763
f 4764 4872 4765
f 4871 4872 4764
f 4765 4873 4766
f 4872 4873 4765
f 4766 4874 4767
f 4873 4874 4766
f 4767 4875 4768
f 4874 4875 4767
f 4768 4876 4769
f 4875 4876 4768
f 4769 4877 4770
f 4876 4877 4769
f 4770 4878 4771
f 4877 4878 4770
f 4771 4879 4772
f 4878 4879 4771
f 4772 4880 4773
f 4879 4880 4772
f 4773 4881 4774
f 4880 4881 4773
f 4774 4882 4775
f 4881 4882 4774
f 4775 4883 4776
f 4882 4883 4775
f 4776 4884 4777
f 4883 4884 4776
f 4777 4885 4778
f 4884 4885 4777
f 4778 4886 4779
f 4885 4886 4778
f 4779 4887 4780
f 4886 4887 4779
f 4780 4888 4781
f 4887 4888 4780
f 4781 4889 4782
f 4888 4889 4781
f 4782 4890 4783
f 4889 4890 4782
f 4783 4891 4784
f 4890 4891 4783
f 4784 4892 4785
f 4891 4892 4784
f 4785 4893 4786
f 4892 4893 4785
f 4787 4786 4893
f 4787 4893 4894
f 4788 4866 4759
f 4788 4895 4866
f 4894 4789 4787
f 4896 4789 4894
f 4790 4895 4788
f 4790 4897 4895
f 4896 4791 4789
f 4898 4791 4896
f 4792 4897 4790
f 4792 4899 4897
f 4898 4793 4791
f 4900 4793 4898
f 4794 4899 4792
f 4794 4901 4899
f 4900 4795 4793
f 4902 4795 4900
f 4796 4901 4794
f 4796 4903 4901
f 4902 4797 4795
f 4904 4797 4902
f 4798 4903 4796
f 4798 4905 4903
f 4904 4799 4797
f 4906 4799 4904
f 4800 4905 4798
f 4800 4907 4905
f 4906 4801 4799
f 4908 4801 4906
f 4910 4909 4802
f 4910 4802 4803
f 4800 4802 4907
f 4907 4802 4909
f 4908 4804 4801
f 4911 4804 4908
f 4805 4910 4803
f 4805 4912 4910
f 4911 4806 4804
f 4913 4806 4911
f 4914 4912 4805
f 4914 4805 4807
f 4807 4808 4914
f 4914 4808 4915
f 4917 4916 4810
f 4810 4916 4809
f 4918 4810 4811
f 4918 4917 4810
f 4919 4811 4812
f 4919 4918 4811
f 4920 4812 4813
f 4920 4919 4812
f 4921 4813 4814
f 4921 4920 4813
f 4922 4814 4815
f 4922 4921 4814
f 4923 4815 4816
f 4923 4922 4815
f 4924 4816 4817
f 4924 4923 4816
f 4925 4817 4818
f 4925 4924 4817
f 4926 4818 4819
f 4926 4925 4818
f 4927 4819 4820
f 4927 4926 4819
f 4820 4821 4927
f 4927 4821 4928
f 4913 4822 4806
f 4929 4822 4913
f 4930 4915 4808
f 4930 4808 4823
f 4931 4823 4824
f 4931 4930 4823
f 4932 4824 4825
f 4932 4931 4824
f 4933 4825 4826
f 4933 4932 4825
f 4826 4809 4916
f 4826 4916 4933
f 4934 4928 4821
f 4934 4821 4827
f 4935 4827 4828
f 4935 4934 4827
f 4828 4829 4935
f 4935 4829 4936
f 4929 4830 4822
f 4937 4830 4929
f 4939 4938 4832
f 4939 4832 4833
f 4829 4832 4936
f 4936 4832 4938
f 4937 4940 4830
f 4830 4940 4834
f 4835 4834 4940
f 4835 4940 4941
f 4836 4939 4833
f 4836 4942 4939
f 4941 4837 4835
f 4943 4837 4941
f 4838 4942 4836
f 4838 4944 4942
f 4943 4839 4837
f 4945 4839 4943
f 4840 4944 4838
f 4840 4946 4944
f 4945 4841 4839
f 4947 4841 4945
f 4842 4946 4840
f 4842 4948 4946
f 4950 4949 4844
f 4844 4949 4843
f 4844 4841 4947
f 4844 4947 4950
f 4951 4948 4842
f 4951 4842 4845
f 4845 4846 4951
f 4951 4846 4952
f 4949 4847 4843
f 4953 4847 4949
f 4848 4952 4846
f 4848 4954 4952
f 4953 4849 4847
f 4955 4849 4953
f 4956 4954 4848
f 4956 4848 4850
f 4850 4851 4956
f 4956 4851 4957
f 4955 4852 4849
f 4958 4852 4955
f 4853 4957 4851
f 4853 4959 4957
f 4961 4960 4855
f 4855 4960 4854
f 4962 4855 4856
f 4962 4961 4855
f 4856 4852 4958
f 4856 4958 4962
f 4963 4959 4853
f 4963 4853 4857
f 4964 4857 4858
f 4964 4963 4857
f 4965 4858 4859
f 4965 4964 4858
f 4966 4859 4860
f 4966 4965 4859
f 4967 4860 4861
f 4967 4966 4860
f 4968 4861 4862
f 4968 4967 4861
f 4969 4862 4863
f 4969 4968 4862
f 4970 4863 4864
f 4970 4969 4863
f 4864 4854 4960
f 4864 4960 4970
f 4972 4971 4865
f 4972 4865 4866
f 4865 4973 4867
f 4971 4973 4865
f 4867 4974 4868
f 4973 4974 4867
f 4868 4975 4869
f 4974 4975 4868
f 4869 4976 4870
f 4975 4976 4869
f 4870 4977 4871
f 4976 4977 4870
f 4871 4978 4872
f 4977 4978 4871
f 4872 4979 4873
f 4978 4979 4872
f 4873 4980 4874
f 4979 4980 4873
f 4874 4981 4875
f 4980 4981 4874
f 4875 4982 4876
f 4981 4982 4875
f 4876 4983 4877
f 4982 4983 4876
f 4877 4984 4878
f 4983 4984 4877
f 4878 4985 4879
f 4984 4985 4878
f 4879 4986 4880
f 4985 4986 4879
f 4880 4987 4881
f 4986 4987 4880
f 4881 4988 4882
f 4987 4988 4881
f 4882 4989 4883
f 4988 4989 4882
f 4883 4990 4884
f 4989 4990 4883
f 4884 4991 4885
f 4990 4991 4884
f 4885 4992 4886
f 4991 4992 4885
f 4886 4993 4887
f 4992 4993 4886
f 4887 4994 4888
f 4993 4994 4887
f 4888 4995 4889
f 4994 4995 4888
f 4889 4996 4890
f 4995 4996 4889
f 4890 4997 4891
f 4996 4997 4890
f 4891 4998 4892
f 4997 4998 4891
f 4892 4999 4893
f 4998 4999 4892
f 4894 4893 4999
f 4894 4999 5000
f 4895 4972 4866
f 4895 5001 4972
f 5000 4896 4894
f 5002 4896 5000
f 4897 5001 4895
f 4897 5003 5001
f 5002 4898 4896
f 5004 4898 5002
f 4899 5003 4897
f 4899 5005 5003
f 5004 4900 4898
f 5006 4900 5004
f 4901 5005 4899
f 4901 5007 5005
f 5006 4902 4900
f 5008 4902 5006
f 4903 5007 4901
f 4903 5009 5007
f 5008 4904 4902
f 5010 4904 5008
f 4905 5009 4903
f 4905 5011 5009
f 5010 4906 4904
f 5012 4906 5010
f 4907 5011 4905
f 4907 5013 5011
f 5012 4908 4906
f 5014 4908 5012
f 5016 5015 4909
f 5016 4909 4910
f 4907 4909 5013
f 5013 4909 5015
f 5014 4911 4908
f 5017 4911 5014
f 4912 5016 4910
f 4912 5018 5016
f 5017 4913 4911
f 5019 4913 5017
f 5020 5018 4912
f 5020 4912 4914
f 4914 4915 5020
f 5020 4915 5021
f 5023 5022 4917
f 4917 5022 4916
f 5024 4917 4918
f 5024 5023 4917
f 5025 4918 4919
f 5025 5024 4918
f 5026 4919 4920
f 5026 5025 4919
f 5027 4920 4921
f 5027 5026 4920
f 5028 4921 4922
f 5028 5027 4921
f 5029 4922 4923
f 5029 5028 4922
f 5030 4923 4924
f 5030 5029 4923
f 5031 4924 4925
f 5031 5030 4924
f 5032 4925 4926
f 5032 5031 4925
f 5033 4926 4927
f 5033 5032 4926
f 4927 4928 5033
f 5033 4928 5034
f 5019 4929 4913
f 5035 4929 5019
f 5036 5021 4915
f 5036 4915 4930
f 5037 4930 4931
f 5037 5036 4930
f 5038 4931 4932
f 5038 5037 4931
f 5039 4932 4933
f 5039 5038 4932
f 4933 4916 5022
f 4933 5022 5039
f 5040 5034 4928
f 5040 4928 4934
f 5041 4934 4935
f 5041 5040 4934
f 4935 4936 5041
f 5041 4936 5042
f 5035 4937 4929
f 5043 4937 5035
f 5045 5044 4938
f 5045 4938 4939
f 4936 4938 5042
f 5042 4938 5044
f 5043 5046 4937
f 4937 5046 4940
f 4941 4940 5046
f 4941 5046 5047
f 4942 5045 4939
f 4942 5048 5045
f 5047 4943 4941
f 5049 4943 5047
f 4944 5048 4942
f 4944 5050 5048
f 5049 4945 4943
f 5051 4945 5049
f 4946 5050 4944
f 4946 5052 5050
f 5051 4947 4945
f 5053 4947 5051
f 4948 5052 4946
f 4948 5054 5052
f 5056 5055 4950
f 4950 5055 4949
f 4950 4947 5053
f 4950 5053 5056
f 5057 5054 4948
f 5057 4948 4951
f 4951 4952 5057
f 5057 4952 5058
f 5055 4953 4949
f 5059 4953 5055
f 4954 5058 4952
f 4954 5060 5058
f 5059 4955 4953
f 5061 4955 5059
f 5062 5060 4954
f 5062 4954 4956
f 4956 4957 5062
f 5062 4957 5063
f 5061 4958 4955
f 5064 4958 5061
f 4959 5063 4957
f 4959 5065 5063
f 5067 5066 4961
f 4961 5066 4960
f 5068 4961 4962
f 5068 5067 4961
f 4962 4958 5064
f 4962 5064 5068
f 5069 5065 4959
f 5069 4959 4963
f 5070 4963 4964
f 5070 5069 4963
f 5071 4964 4965
f 5071 5070 4964
f 5072 4965 4966
f 5072 5071 4965
f 5073 4966 4967
f 5073 5072 4966
f 5074 4967 4968
f 5074 5073 4967
f 5075 4968 4969
f 5075 5074 4968
f 5076 4969 4970
f 5076 5075 4969
f 4970 4960 5066
f 4970 5066 5076
f 5078 5077 4971
f 5078 4971 4972
f 4971 5079 4973
f 5077 5079 4971
f 4973 5080 4974
f 5079 5080 4973
f 4974 5081 4975
f 5080 5081 4974
f 4975 5082 4976
f 5081 5082 4975
f 4976 5083 4977
f 5082 5083 4976
f 4977 5084 4978
f 5083 5084 4977
f 4978 5085 4979
f 5084 5085 4978
f 4979 5086 4980
f 5085 5086 4979
f 4980 5087 4981
f 5086 5087 4980
f 4981 5088 4982
f 5087 5088 4981
f 4982 5089 4983
f 5088 5089 4982
f 4983 5090 4984
f 5089 5090 4983
f 4984 5091 4985
f 5090 5091 4984
f 4985 5092 4986
f 5091 5092 4985
f 4986 5093 4987
f 5092 5093 4986
f 4987 5094 4988
f 5093 5094 4987
f 4988 5095 4989
f 5094 5095 4988
f 4989 5096 4990
f 5095 5096 4989
f 4990 5097 4991
f 5096 5097 4990
f 4991 5098 4992
f 5097 5098 4991
f 4992 5099 4993
f 5098 5099 4992
f 4993 5100 4994
f 5099 5100 4993
f 4994 5101 4995
f 5100 5101 4994
f 4995 5102 4996
f 5101 5102 4995
f 4996 5103 4997
f 5102 5103 4996
f 4997 5104 4998
f 5103 5104 4997
f 4998 5105 4999
f 5104 5105 4998
f 5000 4999 5105
f 5000 5105 5106
f 5001 5078 4972
f 5001 5107 5078
f 5106 5002 5000
f 5108 5002 5106
f 5003 5107 5001
f 5003 5109 5107
f 5108 5004 5002
f 5110 5004 5108
f 5005 5109 5003
f 5005 5111 5109
f 5110 5006 5004
f 5112 5006 5110
f 5007 5111 5005
f 5007 5113 5111
f 5112 5008 5006
f 5114 5008 5112
f 5009 5113 5007
f 5009 5115 5113
f 5114 5010 5008
f 5116 5010 5114
f 5011 5115 5009
f 5011 5117 5115
f 5116 5012 5010
f 5118 5012 5116
f 5013 5117 5011
f 5013 5119 5117
f 5118 5014 5012
f 5120 5014 5118
f 5122 5121 5015
f 5122 5015 5016
f 5013 5015 5119
f 5119 5015 5121
f 5120 5017 5014
f 5123 5017 5120
f 5018 5122 5016
f 5018 5124 5122
f 5123 5019 5017
f 5125 5019 5123
f 5126 5124 5018
f 5126 5018 5020
f 5020 5021 5126
f 5126 5021 5127
f 5129 5128 5023
f 5023 5128 5022
f 5130 5023 5024
f 5130 5129 5023
f 5131 5024 5025
f 5131 5130 5024
f 5132 5025 5026
f 5132 5131 5025
f 5133 5026 5027
f 5133 5132 5026
f 5134 5027 5028
f 5134 5133 5027
f 5135 5028 5029
f 5135 5134 5028
f 5136 5029 5030
f 5136 5135 5029
f 5137 5030 5031
f 5137 5136 5030
f 5138 5031 5032
f 5138 5137 5031
f 5139 5032 5033
f 5139 5138 5032
f 5033 5034 5139
f 5139 5034 5140
f 5125 5035 5019
f 5141 5035 5125
f 5142 5127 5021
f 5142 5021 5036
f 5143 5036 5037
f 5143 5142 5036
f 5144 5037 5038
f 5144 5143 5037
f 5145 5038 5039
f 5145 5144 5038
f 5039 5022 5128
f 5039 5128 5145
f 5146 5140 5034
f 5146 5034 5040
f 5147 5040 5041
f 5147 5146 5040
f 5041 5042 5147
f 5147 5042 5148
f 5141 5043 5035
f 5149 5043 5141
f 5151 5150 5044
f 5151 5044 5045
f 5042 5044 5148
f 5148 5044 5150
f 5149 5152 5043
f 5043 5152 5046
f 5047 5046 5152
f 5047 5152 5153
f 5048 5151 5045
f 5048 5154 5151
f 5153 5049 5047
f 5155 5049 5153
f 5050 5154 5048
f 5050 5156 5154
f 5155 5051 5049
f 5157 5051 5155
f 5052 5156 5050
f 5052 5158 5156
f 5157 5053 5051
f 5159 5053 5157
f 5054 5158 5052
f 5054 5160 5158
f 5162 5161 5056
f 5056 5161 5055
f 5056 5053 5159
f 5056 5159 5162
f 5163 5160 5054
f 5163 5054 5057
f 5057 5058 5163
f 5163 5058 5164
f 5161 5059 5055
f 5165 5059 5161
f 5060 5164 5058
f 5060 5166 5164
f 5165 5061 5059
f 5167 5061 5165
f 5168 5166 5060
f 5168 5060 5062
f 5062 5063 5168
f 5168 5063 5169
f 5167 5064 5061
f 5170 5064 5167
f 5065 5169 5063
f 5065 5171 5169
f 5173 5172 5067
f 5067 5172 5066
f 5174 5067 5068
f 5174 5173 5067
f 5068 5064 5170
f 5068 5170 5174
f 5175 5171 5065
f 5175 5065 5069
f 5176 5069 5070
f 5176 5175 5069
f 5177 5070 5071
f 5177 5176 5070
f 5178 5071 5072
f 5178 5177 5071
f 5179 5072 5073
f 5179 5178 5072
f 5180 5073 5074
f 5180 5179 5073
f 5181 5074 5075
f 5181 5180 5074
f 5182 5075 5076
f 5182 5181 5075
f 5076 5066 5172
f 5076 5172 5182
f 5184 5183 5077
f 5184 5077 5078
f 5077 5185 5079
f 5183 5185 5077
f 5079 5186 5080
f 5185 5186 5079
f 5080 5187 5081
f 5186 5187 5080
f 5081 5188 5082
f 5187 5188 5081
f 5082 5189 5083
f 5188 5189 5082
f 5083 5190 5084
f 5189 5190 5083
f 5084 5191 5085
f 5190 5191 5084
f 5085 5192 5086
f 5191 5192 5085
f 5086 5193 5087
f 5192 5193 5086
f 5087 5194 5088
f 5193 5194 5087
f 5088 5195 5089
f 5194 5195 5088
f 5089 5196 5090
f 5195 5196 5089
f 5090 5197 5091
f 5196 5197 5090
f 5091 5198 5092
f 5197 5198 5091
f 5092 5199 5093
f 5198 5199 5092
f 5093 5200 5094
f 5199 5200 5093
f 5094 5201 5095
f 5200 5201 5094
f 5095 5202 5096
f 5201 5202 5095
f 5096 5203 5097
f 5202 5203 5096
f 5097 5204 5098
f 5203 5204 5097
f 5098 5205 5099
f 5204 5205 5098
f 5099 5206 5100
f 5205 5206 5099
f 5100 5207 5101
f 5206 5207 5100
f 5101 5208 5102
f 5207 5208 5101
f 5102 5209 5103
f 5208 5209 5102
f 5103 5210 5104
f 5209 5210 5103
f 5104 5211 5105
f 5210 5211 5104
f 5106 5105 5211
f 5106 5211 5212
f 5107 5184 5078
f 5107 5213 5184
f 5212 5108 5106
f 5214 5108 5212
f 5109 5213 5107
f 5109 5215 5213
f 5214 5110 5108
f 5216 5110 5214
f 5111 5215 5109
f 5111 5217 5215
f 5216 5112 5110
f 5218 5112 5216
f 5113 5217 5111
f 5113 5219 5217
f 5218 5114 5112
f 5220 5114 5218
f 5115 5219 5113
f 5115 5221 5219
f 5220 5116 5114
f 5222 5116 5220
f 5117 5221 5115
f 5117 5223 5221
f 5222 5118 5116
f 5224 5118 5222
f 5119 5223 5117
f 5119 5225 5223
f 5224 5120 5118
f 5226 5120 5224
f 5228 5227 5121
f 5228 5121 5122
f 5119 5121 5225
f 5225 5121 5227
f 5226 5123 5120
f 5229 5123 5226
f 5124 5228 5122
f 5124 5230 5228
f 5229 5125 5123
f 5231 5125 5229
f 5232 5230 5124
f 5232 5124 5126
f 5126 5127 5232
f 5232 5127 5233
f 5235 5234 5129
f 5129 5234 5128
f 5236 5129 5130
f 5236 5235 5129
f 5237 5130 5131
f 5237 5236 5130
f 5238 5131 5132
f 5238 5237 5131
f 5239 5132 5133
f 5239 5238 5132
f 5240 5133 5134
f 5240 5239 5133
f 5241 5134 5135
f 5241 5240 5134
f 5242 5135 5136
f 5242 5241 5135
f 5243 5136 5137
f 5243 5242 5136
f 5244 5137 5138
f 5244 5243 5137
f 5245 5138 5139
f 5245 5244 5138
f 5139 5140 5245
f 5245 5140 5246
f 5231 5141 5125
f 5247 5141 5231
f 5248 5233 5127
f 5248 5127 5142
f 5249 5142 5143
f 5249 5248 5142
f 5250 5143 5144
f 5250 5249 5143
f 5251 5144 5145
f 5251 5250 5144
f 5145 5128 5234
f 5145 5234 5251
f 5252 5246 5140
f 5252 5140 5146
f 5253 5146 5147
f 5253 5252 5146
f 5147 5148 5253
f 5253 5148 5254
f 5247 5149 5141
f 5255 5149 5247
f 5257 5256 5150
f 5257 5150 5151
f 5148 5150 5254
f 5254 5150 5256
f 5152 5149 5258
f 5149 5259 5258
f 5149 5255 5259
f 5258 5153 5152
f 5154 5257 5151
f 5154 5260 5257
f 5259 5261 5258
f 5153 5258 5261
f 5262 5153 5261
f 5155 5153 5262
f 5156 5260 5154
f 5156 5263 5260
f 5262 5157 5155
f 5264 5157 5262
f 5158 5263 5156
f 5158 5265 5263
f 5264 5159 5157
f 5266 5159 5264
f 5160 5265 5158
f 5160 5267 5265
f 5269 5268 5162
f 5162 5268 5161
f 5162 5159 5266
f 5162 5266 5269
f 5270 5267 5160
f 5270 5160 5163
f 5163 5164 5270
f 5270 5164 5271
f 5268 5165 5161
f 5272 5165 5268
f 5166 5271 5164
f 5166 5273 5271
f 5272 5167 5165
f 5274 5167 5272
f 5275 5273 5166
f 5275 5166 5168
f 5168 5169 5275
f 5275 5169 5276
f 5274 5170 5167
f 5277 5170 5274
f 5171 5276 5169
f 5171 5278 5276
f 5280 5279 5173
f 5173 5279 5172
f 5281 5173 5174
f 5281 5280 5173
f 5174 5170 5277
f 5174 5277 5281
f 5282 5278 5171
f 5282 5171 5175
f 5283 5175 5176
f 5283 5282 5175
f 5284 5176 5177
f 5284 5283 5176
f 5285 5177 5178
f 5285 5284 5177
f 5286 5178 5179
f 5286 5285 5178
f 5287 5179 5180
f 5287 5286 5179
f 5288 5180 5181
f 5288 5287 5180
f 5289 5181 5182
f 5289 5288 5181
f 5182 5172 5279
f 5182 5279 5289
f 5291 5290 5183
f 5291 5183 5184
f 5183 5292 5185
f 5290 5292 5183
f 5185 5293 5186
f 5292 5293 5185
f 5186 5294 5187
f 5293 5294 5186
f 5187 5295 5188
f 5294 5295 5187
f 5188 5296 5189
f 5295 5296 5188
f 5189 5297 5190
f 5296 5297 5189
f 5190 5298 5191
f 5297 5298 5190
f 5191 5299 5192
f 5298 5299 5191
f 5192 5300 5193
f 5299 5300 5192
f 5193 5301 5194
f 5300 5301 5193
f 5194 5302 5195
f 5301 5302 5194
f 5195 5303 5196
f 5302 5303 5195
f 5196 5304 5197
f 5303 5304 5196
f 5197 5305 5198
f 5304 5305 5197
f 5198 5306 5199
f 5305 5306 5198
f 5199 5307 5200
f 5306 5307 5199
f 5200 5308 5201
f 5307 5308 5200
f 5201 5309 5202
f 5308 5309 5201
f 5202 5310 5203
f 5309 5310 5202
f 5203 5311 5204
f 5310 5311 5203
f 5204 5312 5205
f 5311 5312 5204
f 5205 5313 5206
f 5312 5313 5205
f 5206 5314 5207
f 5313 5314 5206
f 5207 5315 5208
f 5314 5315 5207
f 5208 5316 5209
f 5315 5316 5208
f 5209 5317 5210
f 5316 5317 5209
f 5210 5318 5211
f 5317 5318 5210
f 5212 5211 5318
f 5212 5318 5319
f 5213 5291 5184
f 5213 5320 5291
f 5319 5214 5212
f 5321 5214 5319
f 5215 5320 5213
f 5215 5322 5320
f 5321 5216 5214
f 5323 5216 5321
f 5217 5322 5215
f 5217 5324 5322
f 5323 5218 5216
f 5325 5218 5323
f 5219 5324 5217
f 5219 5326 5324
f 5325 5220 5218
f 5327 5220 5325
f 5221 5326 5219
f 5221 5328 5326
f 5327 5222 5220
f 5329 5222 5327
f 5223 5328 5221
f 5223 5330 5328
f 5329 5224 5222
f 5331 5224 5329
f 5334 5333 5332
f 5333 5330 5332
f 5330 5225 5332
f 5330 5223 5225
f 5331 5226 5224
f 5335 5226 5331
f 5334 5332 5227
f 5228 5334 5227
f 5336 5334 5228
f 5227 5332 5225
f 5335 5229 5226
f 5337 5229 5335
f 5230 5336 5228
f 5230 5338 5336
f 5337 5231 5229
f 5339 5231 5337
f 5340 5338 5230
f 5340 5230 5232
f 5232 5233 5340
f 5340 5233 5341
f 5343 5342 5235
f 5235 5342 5234
f 5344 5235 5236
f 5344 5343 5235
f 5345 5236 5237
f 5345 5344 5236
f 5346 5237 5238
f 5346 5345 5237
f 5347 5238 5239
f 5347 5346 5238
f 5348 5239 5240
f 5348 5347 5239
f 5349 5240 5241
f 5349 5348 5240
f 5350 5241 5242
f 5350 5349 5241
f 5351 5242 5243
f 5351 5350 5242
f 5352 5243 5244
f 5352 5351 5243
f 5353 5244 5245
f 5353 5352 5244
f 5245 5246 5353
f 5353 5246 5354
f 5339 5247 5231
f 5355 5247 5339
f 5356 5341 5233
f 5356 5233 5248
f 5357 5248 5249
f 5357 5356 5248
f 5358 5249 5250
f 5358 5357 5249
f 5359 5250 5251
f 5359 5358 5250
f 5251 5234 5342
f 5251 5342 5359
f 5360 5354 5246
f 5360 5246 5252
f 5362 5360 5361
f 5360 5253 5361
f 5360 5252 5253
f 5254 5361 5253
f 5355 5255 5247
f 5363 5255 5355
f 5362 5361 5256
f 5257 5362 5256
f 5364 5362 5257
f 5256 5361 5254
f 5363 5259 5255
f 5365 5259 5363
f 5260 5364 5257
f 5260 5366 5364
f 5365 5367 5259
f 5259 5367 5261
f 5262 5261 5367
f 5262 5367 5368
f 5263 5366 5260
f 5263 5369 5366
f 5368 5264 5262
f 5370 5264 5368
f 5265 5369 5263
f 5265 5371 5369
f 5374 5373 5372
f 5370 5374 5372
f 5266 5370 5372
f 5264 5370 5266
f 5267 5371 5265
f 5267 5375 5371
f 5372 5373 5269
f 5373 5268 5269
f 5373 5376 5268
f 5372 5269 5266
f 5377 5375 5267
f 5377 5267 5270
f 5270 5271 5377
f 5377 5271 5378
f 5376 5272 5268
f 5379 5272 5376
f 5273 5378 5271
f 5273 5380 5378
f 5379 5274 5272
f 5381 5274 5379
f 5382 5380 5273
f 5382 5273 5275
f 5275 5276 5382
f 5382 5276 5383
f 5381 5277 5274
f 5384 5277 5381
f 5278 5383 5276
f 5278 5385 5383
f 5387 5386 5280
f 5280 5386 5279
f 5388 5280 5281
f 5388 5387 5280
f 5281 5277 5384
f 5281 5384 5388
f 5389 5385 5278
f 5389 5278 5282
f 5390 5282 5283
f 5390 5389 5282
f 5391 5283 5284
f 5391 5390 5283
f 5392 5284 5285
f 5392 5391 5284
f 5393 5285 5286
f 5393 5392 5285
f 5394 5286 5287
f 5394 5393 5286
f 5395 5287 5288
f 5395 5394 5287
f 5396 5288 5289
f 5396 5395 5288
f 5289 5279 5386
f 5289 5386 5396
f 5398 5397 5290
f 5398 5290 5291
f 5290 5399 5292
f 5397 5399 5290
f 5292 5400 5293
f 5399 5400 5292
f 5293 5401 5294
f 5400 5401 5293
f 5294 5402 5295
f 5401 5402 5294
f 5295 5403 5296
f 5402 5403 5295
f 5296 5404 5297
f 5403 5404 5296
f 5297 5405 5298
f 5404 5405 5297
f 5298 5406 5299
f 5405 5406 5298
f 5299 5407 5300
f 5406 5407 5299
f 5300 5408 5301
f 5407 5408 5300
f 5301 5409 5302
f 5408 5409 5301
f 5302 5410 5303
f 5409 5410 5302
f 5303 5411 5304
f 5410 5411 5303
f 5304 5412 5305
f 5411 5412 5304
f 5305 5413 5306
f 5412 5413 5305
f 5306 5414 5307
f 5413 5414 5306
f 5307 5415 5308
f 5414 5415 5307
f 5308 5416 5309
f 5415 5416 5308
f 5309 5417 5310
f 5416 5417 5309
f 5310 5418 5311
f 5417 5418 5310
f 5311 5419 5312
f 5418 5419 5311
f 5312 5420 5313
f 5419 5420 5312
f 5313 5421 5314
f 5420 5421 5313
f 5314 5422 5315
f 5421 5422 5314
f 5315 5423 5316
f 5422 5423 5315
f 5316 5424 5317
f 5423 5424 5316
f 5317 5425 5318
f 5424 5425 5317
f 5319 5318 5425
f 5319 5425 5426
f 5320 5398 5291
f 5320 5427 5398
f 5426 5321 5319
f 5428 5321 5426
f 5322 5427 5320
f 5322 5429 5427
f 5428 5323 5321
f 5430 5323 5428
f 5324 5429 5322
f 5324 5431 5429
f 5430 5325 5323
f 5432 5325 5430
f 5326 5431 5324
f 5326 5433 5431
f 5432 5327 5325
f 5434 5327 5432
f 5328 5433 5326
f 5328 5435 5433
f 5434 5329 5327
f 5436 5329 5434
f 5439 5438 5437
f 5438 5435 5437
f 5435 5330 5437
f 5435 5328 5330
f 5436 5331 5329
f 5440 5331 5436
f 5439 5437 5333
f 5334 5439 5333
f 5441 5439 5334
f 5333 5437 5330
f 5440 5335 5331
f 5442 5335 5440
f 5336 5441 5334
f 5336 5443 5441
f 5442 5337 5335
f 5444 5337 5442
f 5338 5443 5336
f 5338 5445 5443
f 5444 5339 5337
f 5446 5339 5444
f 5447 5445 5338
f 5447 5338 5340
f 5340 5341 5447
f 5447 5341 5448
f 5449 5342 5343
f 5449 5343 5450
f 5343 5451 5450
f 5343 5344 5451
f 5452 5344 5345
f 5452 5451 5344
f 5453 5345 5346
f 5453 5452 5345
f 5454 5346 5347
f 5454 5453 5346
f 5455 5347 5348
f 5455 5454 5347
f 5456 5348 5349
f 5456 5455 5348
f 5457 5349 5350
f 5457 5456 5349
f 5458 5350 5351
f 5458 5457 5350
f 5459 5351 5352
f 5459 5458 5351
f 5460 5352 5353
f 5460 5459 5352
f 5353 5354 5460
f 5460 5354 5461
f 5446 5355 5339
f 5462 5355 5446
f 5463 5448 5341
f 5463 5341 5356
f 5464 5356 5357
f 5464 5463 5356
f 5465 5357 5358
f 5465 5464 5357
f 5466 5358 5359
f 5466 5465 5358
f 5359 5342 5449
f 5467 5359 5449
f 5466 5359 5467
f 5467 5449 5450
f 5468 5461 5354
f 5468 5354 5360
f 5360 5362 5468
f 5468 5362 5469
f 5462 5363 5355
f 5470 5363 5462
f 5364 5469 5362
f 5364 5471 5469
f 5470 5365 5363
f 5472 5365 5470
f 5366 5471 5364
f 5366 5473 5471
f 5472 5474 5365
f 5365 5474 5367
f 5368 5367 5474
f 5368 5474 5475
f 5369 5473 5366
f 5369 5476 5473
f 5475 5370 5368
f 5477 5370 5475
f 5371 5476 5369
f 5371 5478 5476
f 5480 5479 5374
f 5374 5479 5373
f 5374 5370 5477
f 5374 5477 5480
f 5375 5478 5371
f 5375 5481 5478
f 5479 5376 5373
f 5482 5376 5479
f 5483 5481 5375
f 5483 5375 5377
f 5377 5378 5483
f 5483 5378 5484
f 5482 5379 5376
f 5485 5379 5482
f 5380 5484 5378
f 5380 5486 5484
f 5485 5381 5379
f 5487 5381 5485
f 5488 5486 5380
f 5488 5380 5382
f 5382 5383 5488
f 5488 5383 5489
f 5487 5384 5381
f 5490 5384 5487
f 5385 5489 5383
f 5385 5491 5489
f 5493 5492 5387
f 5387 5492 5386
f 5494 5387 5388
f 5494 5493 5387
f 5388 5384 5490
f 5388 5490 5494
f 5495 5491 5385
f 5495 5385 5389
f 5496 5389 5390
f 5496 5495 5389
f 5497 5390 5391
f 5497 5496 5390
f 5498 5391 5392
f 5498 5497 5391
f 5499 5392 5393
f 5499 5498 5392
f 5500 5393 5394
f 5500 5499 5393
f 5501 5394 5395
f 5501 5500 5394
f 5502 5395 5396
f 5502 5501 5395
f 5396 5386 5492
f 5396 5492 5502
f 5504 5503 5397
f 5504 5397 5398
f 5397 5505 5399
f 5503 5505 5397
f 5399 5506 5400
f 5505 5506 5399
f 5400 5507 5401
f 5506 5507 5400
f 5401 5508 5402
f 5507 5508 5401
f 5402 5509 5403
f 5508 5509 5402
f 5403 5510 5404
f 5509 5510 5403
f 5404 5511 5405
f 5510 5511 5404
f 5405 5512 5406
f 5511 5512 5405
f 5406 5513 5407
f 5512 5513 5406
f 5407 5514 5408
f 5513 5514 5407
f 5408 5515 5409
f 5514 5515 5408
f 5409 5516 5410
f 5515 5516 5409
f 5410 5517 5411
f 5516 5517 5410
f 5411 5518 5412
f 5517 5518 5411
f 5412 5519 5413
f 5518 5519 5412
f 5413 5520 5414
f 5519 5520 5413
f 5414 5521 5415
f 5520 5521 5414
f 5415 5522 5416
f 5521 5522 5415
f 5416 5523 5417
f 5522 5523 5416
f 5417 5524 5418
f 5523 5524 5417
f 5418 5525 5419
f 5524 5525 5418
f 5419 5526 5420
f 5525 5526 5419
f 5420 5527 5421
f 5526 5527 5420
f 5421 5528 5422
f 5527 5528 5421
f 5422 5529 5423
f 5528 5529 5422
f 5423 5530 5424
f 5529 5530 5423
f 5424 5531 5425
f 5530 5531 5424
f 5426 5425 5531
f 5426 5531 5532
f 5427 5504 5398
f 5427 5533 5504
f 5532 5428 5426
f 5534 5428 5532
f 5537 5536 5535
f 5536 5533 5535
f 5533 5429 5535
f 5533 5427 5429
f 5534 5430 5428
f 5538 5430 5534
f 5539 5537 5535
f 5535 5429 5539
f 5429 5540 5539
f 5429 5431 5540
f 5538 5432 5430
f 5541 5432 5538
f 5433 5540 5431
f 5433 5542 5540
f 5541 5434 5432
f 5543 5434 5541
f 5435 5542 5433
f 5435 5544 5542
f 5543 5436 5434
f 5545 5436 5543
f 5547 5546 5438
f 5547 5438 5439
f 5435 5438 5544
f 5544 5438 5546
f 5545 5440 5436
f 5548 5440 5545
f 5441 5547 5439
f 5441 5549 5547
f 5548 5442 5440
f 5550 5442 5548
f 5443 5549 5441
f 5443 5551 5549
f 5550 5444 5442
f 5552 5444 5550
f 5445 5551 5443
f 5445 5553 5551
f 5552 5446 5444
f 5554 5446 5552
f 5555 5553 5445
f 5555 5445 5447
f 5447 5448 5555
f 5555 5448 5556
f 5558 5557 5451
f 5451 5557 5450
f 5559 5451 5452
f 5559 5558 5451
f 5560 5452 5453
f 5560 5559 5452
f 5561 5453 5454
f 5561 5560 5453
f 5562 5454 5455
f 5562 5561 5454
f 5563 5455 5456
f 5563 5562 5455
f 5564 5456 5457
f 5564 5563 5456
f 5565 5457 5458
f 5565 5564 5457
f 5566 5458 5459
f 5566 5565 5458
f 5567 5459 5460
f 5567 5566 5459
f 5460 5461 5567
f 5567 5461 5568
f 5554 5462 5446
f 5569 5462 5554
f 5570 5556 5448
f 5570 5448 5463
f 5571 5463 5464
f 5571 5570 5463
f 5572 5464 5465
f 5572 5571 5464
f 5573 5465 5466
f 5573 5572 5465
f 5574 5466 5467
f 5574 5573 5466
f 5467 5450 5557
f 5467 5557 5574
f 5575 5568 5461
f 5575 5461 5468
f 5468 5469 5575
f 5575 5469 5576
f 5569 5470 5462
f 5577 5470 5569
f 5471 5576 5469
f 5471 5578 5576
f 5577 5472 5470
f 5579 5472 5577
f 5473 5578 5471
f 5473 5580 5578
f 5474 5472 5581
f 5472 5582 5581
f 5472 5579 5582
f 5581 5475 5474
f 5476 5580 5473
f 5476 5583 5580
f 5581 5582 5584
f 5584 5582 5585
f 5584 5477 5475
f 5584 5475 5581
f 5478 5583 5476
f 5478 5586 5583
f 5584 5585 5480
f 5585 5479 5480
f 5585 5587 5479
f 5584 5480 5477
f 5481 5586 5478
f 5481 5588 5586
f 5587 5482 5479
f 5589 5482 5587
f 5481 5483 5590
f 5591 5481 5590
f 5588 5481 5591
f 5484 5590 5483
f 5589 5485 5482
f 5592 5485 5589
f 5593 5591 5590
f 5590 5484 5593
f 5484 5594 5593
f 5484 5486 5594
f 5592 5487 5485
f 5595 5487 5592
f 5596 5594 5486
f 5596 5486 5488
f 5488 5489 5596
f 5596 5489 5597
f 5595 5490 5487
f 5598 5490 5595
f 5491 5597 5489
f 5491 5599 5597
f 5601 5600 5493
f 5493 5600 5492
f 5602 5493 5494
f 5602 5601 5493
f 5494 5490 5598
f 5494 5598 5602
f 5603 5599 5491
f 5603 5491 5495
f 5604 5495 5496
f 5604 5603 5495
f 5605 5496 5497
f 5605 5604 5496
f 5606 5497 5498
f 5606 5605 5497
f 5607 5498 5499
f 5607 5606 5498
f 5608 5499 5500
f 5608 5607 5499
f 5609 5500 5501
f 5609 5608 5500
f 5610 5501 5502
f 5610 5609 5501
f 5502 5492 5600
f 5502 5600 5610
f 5612 5611 5503
f 5612 5503 5504
f 5503 5613 5505
f 5611 5613 5503
f 5505 5614 5506
f 5613 5614 5505
f 5506 5615 5507
f 5614 5615 5506
f 5507 5616 5508
f 5615 5616 5507
f 5508 5617 5509
f 5616 5617 5508
f 5509 5618 5510
f 5617 5618 5509
f 5510 5619 5511
f 5618 5619 5510
f 5511 5620 5512
f 5619 5620 5511
f 5512 5621 5513
f 5620 5621 5512
f 5513 5622 5514
f 5621 5622 5513
f 5514 5623 5515
f 5622 5623 5514
f 5515 5624 5516
f 5623 5624 5515
f 5516 5625 5517
f 5624 5625 5516
f 5517 5626 5518
f 5625 5626 5517
f 5518 5627 5519
f 5626 5627 5518
f 5519 5628 5520
f 5627 5628 5519
f 5520 5629 5521
f 5628 5629 5520
f 5521 5630 5522
f 5629 5630 5521
f 5522 5631 5523
f 5630 5631 5522
f 5523 5632 5524
f 5631 5632 5523
f 5524 5633 5525
f 5632 5633 5524
f 5525 5634 5526
f 5633 5634 5525
f 5526 5635 5527
f 5634 5635 5526
f 5527 5636 5528
f 5635 5636 5527
f 5528 5637 5529
f 5636 5637 5528
f 5529 5638 5530
f 5637 5638 5529
f 5530 5639 5531
f 5638 5639 5530
f 5532 5531 5639
f 5532 5639 5640
f 5533 5612 5504
f 5533 5641 5612
f 5640 5534 5532
f 5642 5534 5640
f 5644 5643 5536
f 5644 5536 5537
f 5533 5536 5641
f 5641 5536 5643
f 5642 5538 5534
f 5645 5538 5642
f 5646 5644 5537
f 5646 5537 5539
f 5539 5540 5646
f 5646 5540 5647
f 5645 5541 5538
f 5648 5541 5645
f 5542 5647 5540
f 5542 5649 5647
f 5648 5543 5541
f 5650 5543 5648
f 5653 5652 5651
f 5652 5649 5651
f 5649 5544 5651
f 5649 5542 5544
f 5650 5545 5543
f 5654 5545 5650
f 5653 5651 5546
f 5547 5653 5546
f 5655 5653 5547
f 5546 5651 5544
f 5654 5548 5545
f 5656 5548 5654
f 5549 5655 5547
f 5549 5657 5655
f 5656 5550 5548
f 5658 5550 5656
f 5551 5657 5549
f 5551 5659 5657
f 5658 5552 5550
f 5660 5552 5658
f 5553 5659 5551
f 5553 5661 5659
f 5660 5554 5552
f 5662 5554 5660
f 5663 5661 5553
f 5663 5553 5555
f 5555 5556 5663
f 5663 5556 5664
f 5665 5557 5558
f 5665 5558 5666
f 5558 5667 5666
f 5558 5559 5667
f 5668 5559 5560
f 5668 5667 5559
f 5669 5560 5561
f 5669 5668 5560
f 5670 5561 5562
f 5670 5669 5561
f 5671 5562 5563
f 5671 5670 5562
f 5672 5563 5564
f 5672 5671 5563
f 5673 5564 5565
f 5673 5672 5564
f 5674 5565 5566
f 5674 5673 5565
f 5675 5566 5567
f 5675 5674 5566
f 5567 5568 5675
f 5675 5568 5676
f 5662 5569 5554
f 5677 5569 5662
f 5678 5664 5556
f 5678 5556 5570
f 5679 5570 5571
f 5679 5678 5570
f 5680 5571 5572
f 5680 5679 5571
f 5681 5572 5573
f 5681 5680 5572
f 5682 5573 5574
f 5682 5681 5573
f 5574 5557 5665
f 5683 5574 5665
f 5682 5574 5683
f 5683 5665 5666
f 5684 5676 5568
f 5684 5568 5575
f 5575 5576 5684
f 5684 5576 5685
f 5677 5577 5569
f 5686 5577 5677
f 5689 5688 5687
f 5688 5685 5687
f 5685 5578 5687
f 5685 5576 5578
f 5686 5579 5577
f 5690 5579 5686
f 5689 5687 5691
f 5689 5691 5692
f 5580 5691 5578
f 5578 5691 5687
f 5690 5582 5579
f 5693 5582 5690
f 5694 5692 5691
f 5691 5580 5694
f 5580 5695 5694
f 5580 5583 5695
f 5693 5585 5582
f 5696 5585 5693
f 5586 5695 5583
f 5586 5697 5695
f 5696 5587 5585
f 5698 5587 5696
f 5588 5697 5586
f 5588 5699 5697
f 5698 5589 5587
f 5700 5589 5698
f 5591 5699 5588
f 5591 5701 5699
f 5700 5592 5589
f 5702 5592 5700
f 5703 5701 5591
f 5703 5591 5593
f 5593 5594 5703
f 5703 5594 5704
f 5702 5595 5592
f 5705 5595 5702
f 5706 5704 5594
f 5706 5594 5596
f 5596 5597 5706
f 5706 5597 5707
f 5705 5598 5595
f 5708 5598 5705
f 5599 5707 5597
f 5599 5709 5707
f 5711 5710 5601
f 5601 5710 5600
f 5712 5601 5602
f 5712 5711 5601
f 5602 5598 5708
f 5602 5708 5712
f 5713 5709 5599
f 5713 5599 5603
f 5714 5603 5604
f 5714 5713 5603
f 5715 5604 5605
f 5715 5714 5604
f 5716 5605 5606
f 5716 5715 5605
f 5717 5606 5607
f 5717 5716 5606
f 5718 5607 5608
f 5718 5717 5607
f 5719 5608 5609
f 5719 5718 5608
f 5720 5609 5610
f 5720 5719 5609
f 5610 5600 5710
f 5610 5710 5720
f 5722 5721 5611
f 5722 5611 5612
f 5611 5723 5613
f 5721 5723 5611
f 5613 5724 5614
f 5723 5724 5613
f 5614 5725 5615
f 5724 5725 5614
f 5615 5726 5616
f 5725 5726 5615
f 5616 5727 5617
f 5726 5727 5616
f 5617 5728 5618
f 5727 5728 5617
f 5618 5729 5619
f 5728 5729 5618
f 5619 5730 5620
f 5729 5730 5619
f 5620 5731 5621
f 5730 5731 5620
f 5621 5732 5622
f 5731 5732 5621
f 5622 5733 5623
f 5732 5733 5622
f 5623 5734 5624
f 5733 5734 5623
f 5624 5735 5625
f 5734 5735 5624
f 5625 5736 5626
f 5735 5736 5625
f 5626 5737 5627
f 5736 5737 5626
f 5627 5738 5628
f 5737 5738 5627
f 5628 5739 5629
f 5738 5739 5628
f 5629 5740 5630
f 5739 5740 5629
f 5630 5741 5631
f 5740 5741 5630
f 5631 5742 5632
f 5741 5742 5631
f 5632 5743 5633
f 5742 5743 5632
f 5633 5744 5634
f 5743 5744 5633
f 5634 5745 5635
f 5744 5745 5634
f 5635 5746 5636
f 5745 5746 5635
f 5636 5747 5637
f 5746 5747 5636
f 5637 5748 5638
f 5747 5748 5637
f 5638 5749 5639
f 5748 5749 5638
f 5640 5639 5749
f 5640 5749 5750
f 5753 5752 5751
f 5752 5722 5751
f 5722 5641 5751
f 5722 5612 5641
f 5750 5642 5640
f 5754 5642 5750
f 5753 5751 5643
f 5644 5753 5643
f 5755 5753 5644
f 5643 5751 5641
f 5754 5645 5642
f 5756 5645 5754
f 5757 5755 5644
f 5757 5644 5646
f 5646 5647 5757
f 5757 5647 5758
f 5756 5648 5645
f 5759 5648 5756
f 5649 5758 5647
f 5649 5760 5758
f 5759 5650 5648
f 5761 5650 5759
f 5763 5762 5652
f 5763 5652 5653
f 5649 5652 5760
f 5760 5652 5762
f 5761 5654 5650
f 5764 5654 5761
f 5655 5763 5653
f 5655 5765 5763
f 5764 5656 5654
f 5766 5656 5764
f 5657 5765 5655
f 5657 5767 5765
f 5766 5658 5656
f 5768 5658 5766
f 5659 5767 5657
f 5659 5769 5767
f 5768 5660 5658
f 5770 5660 5768
f 5661 5769 5659
f 5661 5771 5769
f 5770 5662 5660
f 5772 5662 5770
f 5773 5771 5661
f 5773 5661 5663
f 5663 5664 5773
f 5773 5664 5774
f 5775 5666 5667
f 5668 5776 5667
f 5667 5776 5775
f 5669 5777 5668
f 5668 5777 5776
f 5670 5778 5669
f 5669 5778 5777
f 5671 5779 5670
f 5670 5779 5778
f 5672 5780 5671
f 5671 5780 5779
f 5673 5781 5672
f 5672 5781 5780
f 5674 5782 5673
f 5673 5782 5781
f 5675 5783 5674
f 5674 5783 5782
f 5676 5783 5675
f 5772 5677 5662
f 5784 5677 5772
f 5785 5774 5664
f 5785 5664 5678
f 5786 5678 5679
f 5786 5785 5678
f 5787 5679 5680
f 5787 5786 5679
f 5788 5680 5681
f 5788 5787 5680
f 5789 5681 5682
f 5789 5788 5681
f 5790 5682 5683
f 5790 5789 5682
f 5683 5666 5775
f 5791 5683 5775
f 5790 5683 5791
f 5791 5775 5776
f 5791 5776 5792
f 5792 5776 5777
f 5792 5777 5793
f 5793 5777 5778
f 5793 5778 5794
f 5794 5778 5779
f 5794 5779 5795
f 5795 5779 5780
f 5795 5780 5796
f 5796 5780 5781
f 5796 5781 5797
f 5797 5781 5782
f 5797 5782 5798
f 5798 5782 5783
f 5798 5783 5799
f 5801 5799 5800
f 5800 5799 5684
f 5799 5783 5684
f 5783 5676 5684
f 5685 5800 5684
f 5784 5686 5677
f 5802 5686 5784
f 5805 5804 5803
f 5803 5804 5801
f 5803 5801 5800
f 5689 5803 5800
f 5688 5689 5800
f 5688 5800 5685
f 5802 5690 5686
f 5806 5690 5802
f 5805 5803 5807
f 5805 5807 5808
f 5692 5807 5689
f 5689 5807 5803
f 5806 5693 5690
f 5809 5693 5806
f 5808 5807 5810
f 5808 5810 5811
f 5694 5812 5692
f 5812 5807 5692
f 5812 5810 5807
f 5695 5812 5694
f 5809 5696 5693
f 5813 5696 5809
f 5814 5811 5810
f 5816 5815 5814
f 5810 5816 5814
f 5812 5816 5810
f 5697 5816 5695
f 5695 5816 5812
f 5813 5698 5696
f 5817 5698 5813
f 5815 5816 5818
f 5815 5818 5819
f 5699 5818 5697
f 5697 5818 5816
f 5817 5700 5698
f 5820 5700 5817
f 5821 5819 5818
f 5818 5699 5821
f 5699 5822 5821
f 5699 5701 5822
f 5820 5702 5700
f 5823 5702 5820
f 5824 5822 5701
f 5824 5701 5703
f 5703 5704 5824
f 5824 5704 5825
f 5823 5705 5702
f 5826 5705 5823
f 5827 5825 5704
f 5827 5704 5706
f 5706 5707 5827
f 5827 5707 5828
f 5826 5708 5705
f 5829 5708 5826
f 5709 5828 5707
f 5709 5830 5828
f 5832 5831 5711
f 5711 5831 5710
f 5833 5711 5712
f 5833 5832 5711
f 5712 5708 5829
f 5712 5829 5833
f 5834 5830 5709
f 5834 5709 5713
f 5835 5713 5714
f 5835 5834 5713
f 5836 5714 5715
f 5836 5835 5714
f 5837 5715 5716
f 5837 5836 5715
f 5838 5716 5717
f 5838 5837 5716
f 5839 5717 5718
f 5839 5838 5717
f 5840 5718 5719
f 5840 5839 5718
f 5841 5719 5720
f 5841 5840 5719
f 5720 5710 5831
f 5720 5831 5841
f 5843 5842 5721
f 5843 5721 5722
f 5721 5844 5723
f 5842 5844 5721
f 5723 5845 5724
f 5844 5845 5723
f 5724 5846 5725
f 5845 5846 5724
f 5725 5847 5726
f 5846 5847 5725
f 5726 5848 5727
f 5847 5848 5726
f 5727 5849 5728
f 5848 5849 5727
f 5728 5850 5729
f 5849 5850 5728
f 5729 5851 5730
f 5850 5851 5729
f 5730 5852 5731
f 5851 5852 5730
f 5731 5853 5732
f 5852 5853 5731
f 5732 5854 5733
f 5853 5854 5732
f 5733 5855 5734
f 5854 5855 5733
f 5734 5856 5735
f 5855 5856 5734
f 5735 5857 5736
f 5856 5857 5735
f 5736 5858 5737
f 5857 5858 5736
f 5737 5859 5738
f 5858 5859 5737
f 5738 5860 5739
f 5859 5860 5738
f 5739 5861 5740
f 5860 5861 5739
f 5740 5862 5741
f 5861 5862 5740
f 5741 5863 5742
f 5862 5863 5741
f 5742 5864 5743
f 5863 5864 5742
f 5743 5865 5744
f 5864 5865 5743
f 5744 5866 5745
f 5865 5866 5744
f 5745 5867 5746
f 5866 5867 5745
f 5746 5868 5747
f 5867 5868 5746
f 5747 5869 5748
f 5868 5869 5747
f 5748 5870 5749
f 5869 5870 5748
f 5750 5749 5870
f 5750 5870 5871
f 5873 5872 5752
f 5873 5752 5753
f 5722 5752 5843
f 5843 5752 5872
f 5871 5754 5750
f 5874 5754 5871
f 5755 5873 5753
f 5755 5875 5873
f 5874 5756 5754
f 5876 5756 5874
f 5755 5757 5877
f 5878 5755 5877
f 5875 5755 5878
f 5758 5877 5757
f 5876 5759 5756
f 5879 5759 5876
f 5878 5877 5880
f 5878 5880 5881
f 5760 5880 5758
f 5758 5880 5877
f 5879 5761 5759
f 5882 5761 5879
f 5881 5880 5762
f 5763 5881 5762
f 5883 5881 5763
f 5762 5880 5760
f 5882 5764 5761
f 5884 5764 5882
f 5765 5883 5763
f 5765 5885 5883
f 5884 5766 5764
f 5886 5766 5884
f 5767 5885 5765
f 5767 5887 5885
f 5886 5768 5766
f 5888 5768 5886
f 5769 5887 5767
f 5769 5889 5887
f 5888 5770 5768
f 5890 5770 5888
f 5771 5889 5769
f 5771 5891 5889
f 5890 5772 5770
f 5892 5772 5890
f 5893 5891 5771
f 5893 5771 5773
f 5773 5774 5893
f 5893 5774 5894
f 5892 5784 5772
f 5895 5784 5892
f 5774 5785 5896
f 5897 5774 5896
f 5894 5774 5897
f 5786 5898 5785
f 5785 5898 5896
f 5787 5899 5786
f 5786 5899 5898
f 5788 5900 5787
f 5787 5900 5899
f 5789 5901 5788
f 5788 5901 5900
f 5790 5902 5789
f 5789 5902 5901
f 5791 5903 5790
f 5790 5903 5902
f 5792 5904 5791
f 5791 5904 5903
f 5793 5905 5792
f 5792 5905 5904
f 5794 5906 5793
f 5793 5906 5905
f 5795 5907 5794
f 5794 5907 5906
f 5796 5908 5795
f 5795 5908 5907
f 5797 5909 5796
f 5796 5909 5908
f 5798 5910 5797
f 5797 5910 5909
f 5799 5911 5798
f 5798 5911 5910
f 5801 5911 5799
f 5895 5802 5784
f 5912 5802 5895
f 5897 5896 5913
f 5897 5913 5914
f 5915 5896 5898
f 5913 5896 5915
f 5916 5898 5899
f 5915 5898 5916
f 5917 5899 5900
f 5916 5899 5917
f 5918 5900 5901
f 5917 5900 5918
f 5919 5901 5902
f 5918 5901 5919
f 5920 5902 5903
f 5919 5902 5920
f 5921 5903 5904
f 5920 5903 5921
f 5922 5904 5905
f 5921 5904 5922
f 5923 5905 5906
f 5922 5905 5923
f 5924 5906 5907
f 5923 5906 5924
f 5925 5907 5908
f 5924 5907 5925
f 5926 5908 5909
f 5925 5908 5926
f 5927 5909 5910
f 5926 5909 5927
f 5805 5927 5804
f 5927 5911 5804
f 5927 5910 5911
f 5804 5911 5801
f 5912 5806 5802
f 5928 5806 5912
f 5914 5913 5929
f 5914 5929 5930
f 5931 5913 5915
f 5929 5913 5931
f 5932 5915 5916
f 5931 5915 5932
f 5933 5916 5917
f 5932 5916 5933
f 5934 5917 5918
f 5933 5917 5934
f 5935 5918 5919
f 5934 5918 5935
f 5936 5919 5920
f 5935 5919 5936
f 5937 5920 5921
f 5936 5920 5937
f 5938 5921 5922
f 5937 5921 5938
f 5939 5922 5923
f 5938 5922 5939
f 5940 5923 5924
f 5939 5923 5940
f 5941 5924 5925
f 5940 5924 5941
f 5942 5925 5926
f 5941 5925 5942
f 5943 5926 5927
f 5942 5926 5943
f 5808 5943 5805
f 5805 5943 5927
f 5928 5809 5806
f 5944 5809 5928
f 5930 5929 5945
f 5930 5945 5946
f 5947 5929 5931
f 5945 5929 5947
f 5948 5931 5932
f 5947 5931 5948
f 5949 5932 5933
f 5948 5932 5949
f 5950 5933 5934
f 5949 5933 5950
f 5951 5934 5935
f 5950 5934 5951
f 5952 5935 5936
f 5951 5935 5952
f 5953 5936 5937
f 5952 5936 5953
f 5954 5937 5938
f 5953 5937 5954
f 5955 5938 5939
f 5954 5938 5955
f 5956 5939 5940
f 5955 5939 5956
f 5957 5940 5941
f 5956 5940 5957
f 5958 5941 5942
f 5957 5941 5958
f 5959 5942 5943
f 5958 5942 5959
f 5811 5959 5808
f 5808 5959 5943
f 5944 5813 5809
f 5960 5813 5944
f 5946 5945 5961
f 5946 5961 5962
f 5963 5945 5947
f 5961 5945 5963
f 5964 5947 5948
f 5963 5947 5964
f 5965 5948 5949
f 5964 5948 5965
f 5966 5949 5950
f 5965 5949 5966
f 5967 5950 5951
f 5966 5950 5967
f 5968 5951 5952
f 5967 5951 5968
f 5969 5952 5953
f 5968 5952 5969
f 5970 5953 5954
f 5969 5953 5970
f 5971 5954 5955
f 5970 5954 5971
f 5972 5955 5956
f 5971 5955 5972
f 5973 5956 5957
f 5972 5956 5973
f 5974 5957 5958
f 5973 5957 5974
f 5975 5958 5959
f 5974 5958 5975
f 5814 5976 5811
f 5976 5959 5811
f 5976 5975 5959
f 5815 5976 5814
f 5960 5817 5813
f 5977 5817 5960
f 5978 5962 5961
f 5978 5961 5963
f 5978 5963 5979
f 5981 5980 5979
f 5963 5981 5979
f 5964 5981 5963
f 5982 5964 5965
f 5981 5964 5982
f 5983 5965 5966
f 5982 5965 5983
f 5984 5966 5967
f 5983 5966 5984
f 5985 5967 5968
f 5984 5967 5985
f 5986 5968 5969
f 5985 5968 5986
f 5987 5969 5970
f 5986 5969 5987
f 5988 5970 5971
f 5987 5970 5988
f 5989 5971 5972
f 5988 5971 5989
f 5990 5972 5973
f 5989 5972 5990
f 5991 5973 5974
f 5990 5973 5991
f 5992 5974 5975
f 5991 5974 5992
f 5993 5975 5976
f 5992 5975 5993
f 5819 5993 5815
f 5815 5993 5976
f 5977 5820 5817
f 5994 5820 5977
f 5995 5980 5981
f 5995 5981 5982
f 5995 5982 5996
f 5996 5982 5983
f 5996 5983 5997
f 5997 5983 5984
f 5997 5984 5998
f 5998 5984 5985
f 5998 5985 5999
f 5999 5985 5986
f 5999 5986 6000
f 6000 5986 5987
f 6000 5987 6001
f 6001 5987 5988
f 6001 5988 6002
f 6002 5988 5989
f 6002 5989 6003
f 6003 5989 5990
f 6003 5990 6004
f 6006 6005 6004
f 5990 6006 6004
f 5991 6006 5990
f 6007 5991 5992
f 6006 5991 6007
f 6008 5992 5993
f 6007 5992 6008
f 5821 6009 5819
f 6009 5993 5819
f 6009 6008 5993
f 5822 6009 5821
f 5994 5823 5820
f 6010 5823 5994
f 6011 6005 6006
f 6011 6006 6007
f 6011 6007 6012
f 6012 6007 6008
f 6012 6008 6013
f 6015 6014 6013
f 6008 6015 6013
f 6009 6015 6008
f 5824 6016 5822
f 6016 6009 5822
f 6016 6015 6009
f 5825 6016 5824
f 6010 5826 5823
f 6017 5826 6010
f 6018 6014 6015
f 6018 6015 6016
f 6018 6016 6019
f 6021 6019 6020
f 6020 6019 5827
f 6019 6016 5827
f 6016 5825 5827
f 5828 6020 5827
f 6017 5829 5826
f 6022 5829 6017
f 6023 6021 6020
f 6020 5828 6023
f 5828 6024 6023
f 5828 5830 6024
f 6026 6025 5832
f 5832 6025 5831
f 6027 5832 5833
f 6027 6026 5832
f 5833 5829 6022
f 5833 6022 6027
f 6028 6024 5830
f 6028 5830 5834
f 6029 5834 5835
f 6029 6028 5834
f 6030 5835 5836
f 6030 6029 5835
f 6031 5836 5837
f 6031 6030 5836
f 6032 5837 5838
f 6032 6031 5837
f 6033 5838 5839
f 6033 6032 5838
f 6034 5839 5840
f 6034 6033 5839
f 6035 5840 5841
f 6035 6034 5840
f 5841 5831 6025
f 5841 6025 6035
f 6037 6036 5842
f 6037 5842 5843
f 5842 6038 5844
f 6036 6038 5842
f 5844 6039 5845
f 6038 6039 5844
f 5845 6040 5846
f 6039 6040 5845
f 5846 6041 5847
f 6040 6041 5846
f 5847 6042 5848
f 6041 6042 5847
f 5848 6043 5849
f 6042 6043 5848
f 5849 6044 5850
f 6043 6044 5849
f 5850 6045 5851
f 6044 6045 5850
f 5851 6046 5852
f 6045 6046 5851
f 5852 6047 5853
f 6046 6047 5852
f 5853 6048 5854
f 6047 6048 5853
f 5854 6049 5855
f 6048 6049 5854
f 5855 6050 5856
f 6049 6050 5855
f 5856 6051 5857
f 6050 6051 5856
f 5857 6052 5858
f 6051 6052 5857
f 5858 6053 5859
f 6052 6053 5858
f 5859 6054 5860
f 6053 6054 5859
f 5860 6055 5861
f 6054 6055 5860
f 5861 6056 5862
f 6055 6056 5861
f 5862 6057 5863
f 6056 6057 5862
f 5863 6058 5864
f 6057 6058 5863
f 5864 6059 5865
f 6058 6059 5864
f 5865 6060 5866
f 6059 6060 5865
f 5866 6061 5867
f 6060 6061 5866
f 5867 6062 5868
f 6061 6062 5867
f 5868 6063 5869
f 6062 6063 5868
f 5869 6064 5870
f 6063 6064 5869
f 5871 5870 6064
f 5871 6064 6065
f 6067 6066 5872
f 6067 5872 5873
f 5843 5872 6037
f 6037 5872 6066
f 6065 5874 5871
f 6068 5874 6065
f 5875 6067 5873
f 5875 6069 6067
f 6068 5876 5874
f 6070 5876 6068
f 5878 6069 5875
f 5878 6071 6069
f 6070 5879 5876
f 6072 5879 6070
f 5881 6071 5878
f 5881 6073 6071
f 6072 5882 5879
f 6074 5882 6072
f 5883 6073 5881
f 5883 6075 6073
f 6074 5884 5882
f 6076 5884 6074
f 5885 6075 5883
f 5885 6077 6075
f 6076 5886 5884
f 6078 5886 6076
f 5887 6077 5885
f 5887 6079 6077
f 6078 5888 5886
f 6080 5888 6078
f 5889 6079 5887
f 5889 6081 6079
f 6080 5890 5888
f 6082 5890 6080
f 5891 6081 5889
f 5891 6083 6081
f 6082 5892 5890
f 6084 5892 6082
f 6085 6083 5891
f 6085 5891 5893
f 5893 5894 6085
f 6085 5894 6086
f 6084 5895 5892
f 6087 5895 6084
f 5897 6086 5894
f 5897 6088 6086
f 6087 5912 5895
f 6089 5912 6087
f 6092 6091 6090
f 6091 6088 6090
f 6088 5914 6090
f 6088 5897 5914
f 6089 5928 5912
f 6093 5928 6089
f 6092 6090 6094
f 6092 6094 6095
f 5930 6094 5914
f 5914 6094 6090
f 6093 5944 5928
f 6096 5944 6093
f 6095 6094 6097
f 6095 6097 6098
f 5946 6097 5930
f 5930 6097 6094
f 6096 5960 5944
f 6099 5960 6096
f 6098 6097 6100
f 6098 6100 6101
f 5962 6100 5946
f 5946 6100 6097
f 6099 5977 5960
f 6102 5977 6099
f 6103 6101 6100
f 6105 6103 6104
f 6104 6103 5978
f 6103 6100 5978
f 6100 5962 5978
f 5979 6106 5978
f 5978 6106 6104
f 5980 6106 5979
f 6102 5994 5977
f 6107 5994 6102
f 6108 6105 6104
f 6110 6109 6108
f 6104 6110 6108
f 6106 6110 6104
f 5995 6111 5980
f 6111 6106 5980
f 6111 6110 6106
f 5996 6112 5995
f 5995 6112 6111
f 5997 6113 5996
f 5996 6113 6112
f 5998 6114 5997
f 5997 6114 6113
f 5999 6115 5998
f 5998 6115 6114
f 6000 6116 5999
f 5999 6116 6115
f 6001 6117 6000
f 6000 6117 6116
f 6002 6118 6001
f 6001 6118 6117
f 6003 6119 6002
f 6002 6119 6118
f 6004 6120 6003
f 6003 6120 6119
f 6005 6120 6004
f 6107 6010 5994
f 6121 6010 6107
f 6122 6109 6110
f 6122 6110 6111
f 6122 6111 6123
f 6123 6111 6112
f 6123 6112 6124
f 6124 6112 6113
f 6124 6113 6125
f 6125 6113 6114
f 6125 6114 6126
f 6128 6127 6126
f 6114 6128 6126
f 6115 6128 6114
f 6129 6115 6116
f 6128 6115 6129
f 6130 6116 6117
f 6129 6116 6130
f 6131 6117 6118
f 6130 6117 6131
f 6132 6118 6119
f 6131 6118 6132
f 6133 6119 6120
f 6132 6119 6133
f 6011 6134 6005
f 6134 6120 6005
f 6134 6133 6120
f 6012 6135 6011
f 6011 6135 6134
f 6013 6136 6012
f 6012 6136 6135
f 6014 6136 6013
f 6121 6017 6010
f 6137 6017 6121
f 6138 6127 6128
f 6138 6128 6129
f 6138 6129 6139
f 6139 6129 6130
f 6139 6130 6140
f 6140 6130 6131
f 6140 6131 6141
f 6141 6131 6132
f 6141 6132 6142
f 6142 6132 6133
f 6142 6133 6143
f 6143 6133 6134
f 6143 6134 6144
f 6144 6134 6135
f 6144 6135 6145
f 6145 6135 6136
f 6145 6136 6146
f 6146 6136 6014
f 6018 6146 6014
f 6147 6146 6018
f 6149 6147 6148
f 6147 6019 6148
f 6147 6018 6019
f 6021 6148 6019
f 6152 6151 6150
f 6137 6152 6150
f 6022 6137 6150
f 6017 6137 6022
f 6153 6149 6148
f 6153 6148 6021
f 6023 6153 6021
f 6154 6153 6023
f 6023 6024 6154
f 6154 6024 6155
f 6158 6157 6156
f 6025 6026 6156
f 6026 6158 6156
f 6026 6159 6158
f 6027 6150 6151
f 6159 6027 6151
f 6026 6027 6159
f 6150 6027 6022
f 6160 6155 6024
f 6160 6024 6028
f 6161 6028 6029
f 6161 6160 6028
f 6162 6029 6030
f 6162 6161 6029
f 6163 6030 6031
f 6163 6162 6030
f 6164 6031 6032
f 6164 6163 6031
f 6165 6032 6033
f 6165 6164 6032
f 6166 6033 6034
f 6166 6165 6033
f 6035 6156 6157
f 6166 6035 6157
f 6034 6035 6166
f 6156 6035 6025
f 6168 6167 6036
f 6168 6036 6037
f 6036 6169 6038
f 6167 6169 6036
f 6038 6170 6039
f 6169 6170 6038
f 6039 6171 6040
f 6170 6171 6039
f 6040 6172 6041
f 6171 6172 6040
f 6041 6173 6042
f 6172 6173 6041
f 6042 6174 6043
f 6173 6174 6042
f 6043 6175 6044
f 6174 6175 6043
f 6044 6176 6045
f 6175 6176 6044
f 6045 6177 6046
f 6176 6177 6045
f 6046 6178 6047
f 6177 6178 6046
f 6047 6179 6048
f 6178 6179 6047
f 6048 6180 6049
f 6179 6180 6048
f 6049 6181 6050
f 6180 6181 6049
f 6050 6182 6051
f 6181 6182 6050
f 6051 6183 6052
f 6182 6183 6051
f 6052 6184 6053
f 6183 6184 6052
f 6053 6185 6054
f 6184 6185 6053
f 6054 6186 6055
f 6185 6186 6054
f 6055 6187 6056
f 6186 6187 6055
f 6056 6188 6057
f 6187 6188 6056
f 6057 6189 6058
f 6188 6189 6057
f 6058 6190 6059
f 6189 6190 6058
f 6059 6191 6060
f 6190 6191 6059
f 6060 6192 6061
f 6191 6192 6060
f 6061 6193 6062
f 6192 6193 6061
f 6062 6194 6063
f 6193 6194 6062
f 6063 6195 6064
f 6194 6195 6063
f 6065 6064 6195
f 6065 6195 6196
f 6198 6197 6066
f 6198 6066 6067
f 6037 6066 6168
f 6168 6066 6197
f 6196 6068 6065
f 6199 6068 6196
f 6069 6198 6067
f 6069 6200 6198
f 6199 6070 6068
f 6201 6070 6199
f 6071 6200 6069
f 6071 6202 6200
f 6201 6072 6070
f 6203 6072 6201
f 6073 6202 6071
f 6073 6204 6202
f 6203 6074 6072
f 6205 6074 6203
f 6075 6204 6073
f 6075 6206 6204
f 6205 6076 6074
f 6207 6076 6205
f 6077 6206 6075
f 6077 6208 6206
f 6207 6078 6076
f 6209 6078 6207
f 6079 6208 6077
f 6079 6210 6208
f 6209 6080 6078
f 6211 6080 6209
f 6081 6210 6079
f 6081 6212 6210
f 6211 6082 6080
f 6213 6082 6211
f 6083 6212 6081
f 6083 6214 6212
f 6213 6084 6082
f 6215 6084 6213
f 6083 6085 6216
f 6217 6083 6216
f 6214 6083 6217
f 6086 6216 6085
f 6215 6087 6084
f 6218 6087 6215
f 6217 6216 6219
f 6217 6219 6220
f 6088 6219 6086
f 6086 6219 6216
f 6218 6089 6087
f 6221 6089 6218
f 6220 6219 6091
f 6092 6220 6091
f 6222 6220 6092
f 6091 6219 6088
f 6221 6093 6089
f 6223 6093 6221
f 6095 6222 6092
f 6095 6224 6222
f 6223 6096 6093
f 6225 6096 6223
f 6098 6224 6095
f 6098 6226 6224
f 6225 6099 6096
f 6227 6099 6225
f 6101 6226 6098
f 6101 6228 6226
f 6227 6102 6099
f 6229 6102 6227
f 6101 6103 6230
f 6231 6101 6230
f 6228 6101 6231
f 6105 6230 6103
f 6229 6107 6102
f 6232 6107 6229
f 6233 6231 6230
f 6235 6233 6234
f 6234 6233 6108
f 6233 6230 6108
f 6230 6105 6108
f 6109 6234 6108
f 6232 6121 6107
f 6236 6121 6232
f 6237 6235 6234
f 6237 6234 6109
f 6122 6237 6109
f 6238 6237 6122
f 6240 6238 6239
f 6238 6123 6239
f 6238 6122 6123
f 6124 6241 6123
f 6123 6241 6239
f 6125 6242 6124
f 6124 6242 6241
f 6126 6243 6125
f 6125 6243 6242
f 6127 6243 6126
f 6236 6137 6121
f 6244 6137 6236
f 6245 6240 6239
f 6245 6239 6241
f 6245 6241 6246
f 6246 6241 6242
f 6246 6242 6247
f 6247 6242 6243
f 6247 6243 6248
f 6248 6243 6127
f 6138 6248 6127
f 6249 6248 6138
f 6250 6138 6139
f 6250 6249 6138
f 6251 6139 6140
f 6251 6250 6139
f 6252 6140 6141
f 6252 6251 6140
f 6253 6141 6142
f 6253 6252 6141
f 6255 6253 6254
f 6253 6143 6254
f 6253 6142 6143
f 6144 6256 6143
f 6143 6256 6254
f 6145 6257 6144
f 6144 6257 6256
f 6146 6258 6145
f 6145 6258 6257
f 6147 6259 6146
f 6146 6259 6258
f 6149 6259 6147
f 6261 6260 6152
f 6152 6260 6151
f 6152 6137 6244
f 6152 6244 6261
f 6262 6255 6254
f 6262 6254 6256
f 6262 6256 6263
f 6263 6256 6257
f 6263 6257 6264
f 6264 6257 6258
f 6264 6258 6265
f 6265 6258 6259
f 6265 6259 6266
f 6266 6259 6149
f 6153 6266 6149
f 6267 6266 6153
f 6268 6153 6154
f 6268 6267 6153
f 6270 6269 6155
f 6269 6154 6155
f 6269 6268 6154
f 6270 6271 6269
f 6274 6273 6272
f 6157 6158 6272
f 6158 6274 6272
f 6158 6275 6274
f 6276 6158 6159
f 6276 6275 6158
f 6159 6151 6260
f 6159 6260 6276
f 6160 6270 6155
f 6277 6271 6270
f 6160 6277 6270
f 6161 6277 6160
f 6278 6161 6162
f 6278 6277 6161
f 6279 6162 6163
f 6279 6278 6162
f 6280 6163 6164
f 6280 6279 6163
f 6281 6164 6165
f 6281 6280 6164
f 6166 6272 6273
f 6281 6166 6273
f 6165 6166 6281
f 6272 6166 6157
f 6283 6282 6167
f 6283 6167 6168
f 6167 6284 6169
f 6282 6284 6167
f 6169 6285 6170
f 6284 6285 6169
f 6170 6286 6171
f 6285 6286 6170
f 6171 6287 6172
f 6286 6287 6171
f 6172 6288 6173
f 6287 6288 6172
f 6173 6289 6174
f 6288 6289 6173
f 6174 6290 6175
f 6289 6290 6174
f 6175 6291 6176
f 6290 6291 6175
f 6176 6292 6177
f 6291 6292 6176
f 6177 6293 6178
f 6292 6293 6177
f 6178 6294 6179
f 6293 6294 6178
f 6179 6295 6180
f 6294 6295 6179
f 6180 6296 6181
f 6295 6296 6180
f 6181 6297 6182
f 6296 6297 6181
f 6182 6298 6183
f 6297 6298 6182
f 6183 6299 6184
f 6298 6299 6183
f 6184 6300 6185
f 6299 6300 6184
f 6185 6301 6186
f 6300 6301 6185
f 6186 6302 6187
f 6301 6302 6186
f 6187 6303 6188
f 6302 6303 6187
f 6188 6304 6189
f 6303 6304 6188
f 6189 6305 6190
f 6304 6305 6189
f 6190 6306 6191
f 6305 6306 6190
f 6191 6307 6192
f 6306 6307 6191
f 6192 6308 6193
f 6307 6308 6192
f 6193 6309 6194
f 6308 6309 6193
f 6194 6310 6195
f 6309 6310 6194
f 6196 6195 6310
f 6196 6310 6311
f 6313 6312 6197
f 6313 6197 6198
f 6168 6197 6283
f 6283 6197 6312
f 6311 6199 6196
f 6314 6199 6311
f 6200 6313 6198
f 6200 6315 6313
f 6314 6201 6199
f 6316 6201 6314
f 6202 6315 6200
f 6202 6317 6315
f 6316 6203 6201
f 6318 6203 6316
f 6204 6317 6202
f 6204 6319 6317
f 6318 6205 6203
f 6320 6205 6318
f 6206 6319 6204
f 6206 6321 6319
f 6320 6207 6205
f 6322 6207 6320
f 6208 6321 6206
f 6208 6323 6321
f 6322 6209 6207
f 6324 6209 6322
f 6210 6323 6208
f 6210 6325 6323
f 6324 6211 6209
f 6326 6211 6324
f 6212 6325 6210
f 6212 6327 6325
f 6326 6213 6211
f 6328 6213 6326
f 6214 6327 6212
f 6214 6329 6327
f 6328 6215 6213
f 6330 6215 6328
f 6217 6329 6214
f 6217 6331 6329
f 6330 6218 6215
f 6332 6218 6330
f 6220 6331 6217
f 6220 6333 6331
f 6332 6221 6218
f 6334 6221 6332
f 6222 6333 6220
f 6222 6335 6333
f 6334 6223 6221
f 6336 6223 6334
f 6224 6335 6222
f 6224 6337 6335
f 6336 6225 6223
f 6338 6225 6336
f 6226 6337 6224
f 6226 6339 6337
f 6338 6227 6225
f 6340 6227 6338
f 6228 6339 6226
f 6228 6341 6339
f 6340 6229 6227
f 6342 6229 6340
f 6231 6341 6228
f 6231 6343 6341
f 6342 6232 6229
f 6344 6232 6342
f 6345 6343 6231
f 6345 6231 6233
f 6233 6235 6345
f 6345 6235 6346
f 6344 6236 6232
f 6347 6236 6344
f 6348 6346 6235
f 6348 6235 6237
f 6349 6237 6238
f 6349 6348 6237
f 6238 6240 6349
f 6349 6240 6350
f 6353 6352 6351
f 6347 6353 6351
f 6244 6347 6351
f 6236 6347 6244
f 6354 6350 6240
f 6354 6240 6245
f 6355 6245 6246
f 6355 6354 6245
f 6356 6246 6247
f 6356 6355 6246
f 6357 6247 6248
f 6357 6356 6247
f 6358 6248 6249
f 6358 6357 6248
f 6359 6249 6250
f 6359 6358 6249
f 6360 6250 6251
f 6360 6359 6250
f 6361 6251 6252
f 6361 6360 6251
f 6363 6361 6362
f 6361 6253 6362
f 6361 6252 6253
f 6255 6362 6253
f 6366 6365 6364
f 6366 6364 6352
f 6352 6364 6351
f 6364 6260 6351
f 6260 6261 6351
f 6351 6261 6244
f 6367 6363 6362
f 6367 6362 6255
f 6262 6367 6255
f 6368 6367 6262
f 6369 6262 6263
f 6369 6368 6262
f 6370 6263 6264
f 6370 6369 6263
f 6371 6264 6265
f 6371 6370 6264
f 6372 6265 6266
f 6372 6371 6265
f 6373 6266 6267
f 6373 6372 6266
f 6374 6267 6268
f 6374 6373 6267
f 6375 6268 6269
f 6375 6374 6268
f 6377 6376 6271
f 6376 6269 6271
f 6376 6375 6269
f 6379 6378 6377
f 6377 6378 6376
f 6381 6380 6379
f 6379 6380 6378
f 6383 6382 6381
f 6381 6382 6380
f 6385 6384 6383
f 6383 6384 6382
f 6273 6274 6385
f 6274 6384 6385
f 6274 6386 6384
f 6387 6274 6275
f 6387 6386 6274
f 6276 6364 6365
f 6387 6276 6365
f 6275 6276 6387
f 6364 6276 6260
f 6277 6377 6271
f 6377 6277 6278
f 6377 6278 6379
f 6379 6278 6279
f 6379 6279 6381
f 6381 6279 6280
f 6381 6280 6383
f 6383 6280 6281
f 6383 6281 6385
f 6385 6281 6273
f 6389 6388 6282
f 6389 6282 6283
f 6282 6390 6284
f 6388 6390 6282
f 6284 6391 6285
f 6390 6391 6284
f 6285 6392 6286
f 6391 6392 6285
f 6286 6393 6287
f 6392 6393 6286
f 6287 6394 6288
f 6393 6394 6287
f 6288 6395 6289
f 6394 6395 6288
f 6289 6396 6290
f 6395 6396 6289
f 6290 6397 6291
f 6396 6397 6290
f 6291 6398 6292
f 6397 6398 6291
f 6292 6399 6293
f 6398 6399 6292
f 6293 6400 6294
f 6399 6400 6293
f 6294 6401 6295
f 6400 6401 6294
f 6295 6402 6296
f 6401 6402 6295
f 6296 6403 6297
f 6402 6403 6296
f 6403 6405 6404
f 6298 6403 6404
f 6297 6403 6298
f 6406 6299 6298
f 6406 6298 6404
f 6407 6300 6299
f 6407 6299 6406
f 6408 6301 6300
f 6408 6300 6407
f 6409 6302 6301
f 6409 6301 6408
f 6302 6409 6410
f 6411 6302 6410
f 6303 6302 6411
f 6303 6412 6304
f 6411 6412 6303
f 6304 6413 6305
f 6412 6413 6304
f 6305 6414 6306
f 6413 6414 6305
f 6306 6415 6307
f 6414 6415 6306
f 6307 6416 6308
f 6415 6416 6307
f 6308 6417 6309
f 6416 6417 6308
f 6417 6419 6418
f 6310 6417 6418
f 6309 6417 6310
f 6418 6311 6310
f 6313 6420 6312
f 6420 6421 6312
f 6421 6283 6312
f 6421 6389 6283
f 6405 6422 6404
f 6404 6422 6406
f 6406 6422 6423
f 6406 6423 6407
f 6407 6423 6424
f 6407 6424 6408
f 6408 6424 6425
f 6408 6425 6409
f 6409 6425 6426
f 6409 6426 6410
f 6419 6427 6418
f 6311 6418 6427
f 6428 6311 6427
f 6314 6311 6428
f 6315 6429 6420
f 6315 6420 6313
f 6421 6420 6430
f 6430 6420 6429
f 6428 6316 6314
f 6431 6316 6428
f 6317 6432 6429
f 6317 6429 6315
f 6430 6429 6433
f 6433 6429 6432
f 6431 6318 6316
f 6434 6318 6431
f 6319 6435 6432
f 6319 6432 6317
f 6433 6432 6436
f 6436 6432 6435
f 6434 6320 6318
f 6437 6320 6434
f 6321 6438 6435
f 6321 6435 6319
f 6436 6435 6439
f 6439 6435 6438
f 6437 6322 6320
f 6440 6322 6437
f 6323 6441 6438
f 6323 6438 6321
f 6439 6438 6442
f 6442 6438 6441
f 6440 6324 6322
f 6443 6324 6440
f 6325 6444 6441
f 6325 6441 6323
f 6442 6441 6445
f 6445 6441 6444
f 6443 6326 6324
f 6446 6326 6443
f 6327 6447 6444
f 6327 6444 6325
f 6445 6444 6448
f 6448 6444 6447
f 6446 6328 6326
f 6449 6328 6446
f 6329 6450 6447
f 6329 6447 6327
f 6448 6447 6451
f 6451 6447 6450
f 6449 6330 6328
f 6452 6330 6449
f 6331 6453 6450
f 6331 6450 6329
f 6451 6450 6454
f 6454 6450 6453
f 6452 6332 6330
f 6455 6332 6452
f 6457 6456 6453
f 6331 6457 6453
f 6333 6457 6331
f 6453 6456 6454
f 6455 6334 6332
f 6458 6334 6455
f 6335 6457 6333
f 6335 6459 6457
f 6458 6336 6334
f 6460 6336 6458
f 6337 6459 6335
f 6337 6461 6459
f 6460 6338 6336
f 6462 6338 6460
f 6339 6461 6337
f 6339 6463 6461
f 6462 6340 6338
f 6464 6340 6462
f 6341 6463 6339
f 6341 6465 6463
f 6464 6342 6340
f 6466 6342 6464
f 6343 6468 6467
f 6465 6343 6467
f 6341 6343 6465
f 6468 6469 6467
f 6466 6344 6342
f 6470 6344 6466
f 6345 6468 6343
f 6345 6346 6468
f 6346 6469 6468
f 6346 6471 6469
f 6474 6473 6472
f 6470 6474 6472
f 6347 6470 6472
f 6344 6470 6347
f 6475 6471 6346
f 6475 6346 6348
f 6476 6348 6349
f 6476 6475 6348
f 6478 6477 6350
f 6477 6349 6350
f 6477 6476 6349
f 6478 6479 6477
f 6482 6481 6480
f 6482 6480 6473
f 6473 6480 6472
f 6480 6352 6472
f 6352 6353 6472
f 6472 6353 6347
f 6354 6478 6350
f 6483 6479 6478
f 6354 6483 6478
f 6355 6483 6354
f 6484 6355 6356
f 6484 6483 6355
f 6485 6356 6357
f 6485 6484 6356
f 6486 6357 6358
f 6486 6485 6357
f 6487 6358 6359
f 6487 6486 6358
f 6488 6359 6360
f 6488 6487 6359
f 6489 6360 6361
f 6489 6488 6360
f 6491 6490 6363
f 6490 6361 6363
f 6490 6489 6361
f 6493 6492 6491
f 6491 6492 6490
f 6495 6494 6493
f 6493 6494 6492
f 6497 6496 6495
f 6495 6496 6494
f 6499 6498 6497
f 6497 6498 6496
f 6501 6500 6499
f 6499 6500 6498
f 6503 6502 6501
f 6501 6502 6500
f 6505 6504 6503
f 6503 6504 6502
f 6507 6506 6505
f 6505 6506 6504
f 6509 6508 6507
f 6507 6508 6506
f 6511 6510 6509
f 6509 6510 6508
f 6513 6512 6511
f 6511 6512 6510
f 6515 6514 6513
f 6513 6514 6512
f 6517 6516 6515
f 6515 6516 6514
f 6519 6518 6517
f 6517 6518 6516
f 6521 6520 6519
f 6519 6520 6518
f 6520 6521 6481
f 6481 6521 6480
f 6521 6365 6480
f 6365 6366 6480
f 6480 6366 6352
f 6367 6491 6363
f 6491 6367 6368
f 6491 6368 6493
f 6493 6368 6369
f 6493 6369 6495
f 6495 6369 6370
f 6495 6370 6497
f 6497 6370 6371
f 6497 6371 6499
f 6499 6371 6372
f 6499 6372 6501
f 6501 6372 6373
f 6501 6373 6503
f 6503 6373 6374
f 6503 6374 6505
f 6505 6374 6375
f 6505 6375 6507
f 6507 6375 6376
f 6507 6376 6509
f 6509 6376 6378
f 6509 6378 6511
f 6511 6378 6380
f 6511 6380 6513
f 6513 6380 6382
f 6513 6382 6515
f 6515 6382 6384
f 6515 6384 6517
f 6517 6384 6386
f 6517 6386 6519
f 6519 6386 6387
f 6519 6387 6521
f 6521 6387 6365
f 6389 6522 6388
f 6523 6390 6388
f 6523 6388 6522
f 6524 6391 6390
f 6524 6390 6523
f 6525 6392 6391
f 6525 6391 6524
f 6526 6393 6392
f 6526 6392 6525
f 6527 6394 6393
f 6527 6393 6526
f 6528 6395 6394
f 6528 6394 6527
f 6529 6396 6395
f 6529 6395 6528
f 6530 6397 6396
f 6530 6396 6529
f 6531 6398 6397
f 6531 6397 6530
f 6532 6399 6398
f 6532 6398 6531
f 6533 6400 6399
f 6533 6399 6532
f 6534 6401 6400
f 6534 6400 6533
f 6535 6402 6401
f 6535 6401 6534
f 6536 6403 6402
f 6536 6402 6535
f 6536 6405 6403
f 6410 6537 6411
f 6538 6412 6411
f 6538 6411 6537
f 6539 6413 6412
f 6539 6412 6538
f 6540 6414 6413
f 6540 6413 6539
f 6541 6415 6414
f 6541 6414 6540
f 6542 6416 6415
f 6542 6415 6541
f 6543 6417 6416
f 6543 6416 6542
f 6543 6419 6417
f 6421 6544 6522
f 6421 6522 6389
f 6522 6545 6523
f 6522 6544 6545
f 6523 6546 6524
f 6523 6545 6546
f 6524 6547 6525
f 6524 6546 6547
f 6525 6548 6526
f 6525 6547 6548
f 6526 6549 6527
f 6526 6548 6549
f 6527 6550 6528
f 6527 6549 6550
f 6528 6551 6529
f 6528 6550 6551
f 6529 6552 6530
f 6529 6551 6552
f 6530 6553 6531
f 6530 6552 6553
f 6531 6554 6532
f 6531 6553 6554
f 6532 6555 6533
f 6532 6554 6555
f 6533 6556 6534
f 6533 6555 6556
f 6534 6557 6535
f 6534 6556 6557
f 6535 6558 6536
f 6535 6557 6558
f 6559 6422 6405
f 6536 6559 6405
f 6558 6559 6536
f 6560 6423 6422
f 6560 6422 6559
f 6561 6424 6423
f 6561 6423 6560
f 6562 6425 6424
f 6562 6424 6561
f 6563 6426 6425
f 6563 6425 6562
f 6537 6410 6426
f 6563 6537 6426
f 6564 6537 6563
f 6537 6565 6538
f 6537 6564 6565
f 6538 6566 6539
f 6538 6565 6566
f 6539 6567 6540
f 6539 6566 6567
f 6540 6568 6541
f 6540 6567 6568
f 6541 6569 6542
f 6541 6568 6569
f 6542 6570 6543
f 6542 6569 6570
f 6571 6427 6419
f 6543 6571 6419
f 6570 6571 6543
f 6571 6428 6427
f 6430 6572 6544
f 6430 6544 6421
f 6544 6573 6545
f 6544 6572 6573
f 6545 6574 6546
f 6545 6573 6574
f 6546 6575 6547
f 6546 6574 6575
f 6547 6576 6548
f 6547 6575 6576
f 6548 6577 6549
f 6548 6576 6577
f 6549 6578 6550
f 6549 6577 6578
f 6550 6579 6551
f 6550 6578 6579
f 6551 6580 6552
f 6551 6579 6580
f 6552 6581 6553
f 6552 6580 6581
f 6553 6582 6554
f 6553 6581 6582
f 6554 6583 6555
f 6554 6582 6583
f 6555 6584 6556
f 6555 6583 6584
f 6556 6585 6557
f 6556 6584 6585
f 6557 6586 6558
f 6557 6585 6586
f 6558 6587 6559
f 6558 6586 6587
f 6559 6588 6560
f 6559 6587 6588
f 6560 6589 6561
f 6560 6588 6589
f 6561 6590 6562
f 6561 6589 6590
f 6562 6591 6563
f 6562 6590 6591
f 6563 6592 6564
f 6563 6591 6592
f 6564 6593 6565
f 6564 6592 6593
f 6565 6594 6566
f 6565 6593 6594
f 6566 6595 6567
f 6566 6594 6595
f 6567 6596 6568
f 6567 6595 6596
f 6568 6597 6569
f 6568 6596 6597
f 6569 6598 6570
f 6569 6597 6598
f 6570 6599 6571
f 6570 6598 6599
f 6599 6431 6428
f 6599 6428 6571
f 6433 6600 6572
f 6433 6572 6430
f 6572 6601 6573
f 6572 6600 6601
f 6573 6602 6574
f 6573 6601 6602
f 6574 6603 6575
f 6574 6602 6603
f 6575 6604 6576
f 6575 6603 6604
f 6576 6605 6577
f 6576 6604 6605
f 6577 6606 6578
f 6577 6605 6606
f 6578 6607 6579
f 6578 6606 6607
f 6579 6608 6580
f 6579 6607 6608
f 6580 6609 6581
f 6580 6608 6609
f 6581 6610 6582
f 6581 6609 6610
f 6582 6611 6583
f 6582 6610 6611
f 6583 6612 6584
f 6583 6611 6612
f 6584 6613 6585
f 6584 6612 6613
f 6585 6614 6586
f 6585 6613 6614
f 6586 6615 6587
f 6586 6614 6615
f 6587 6616 6588
f 6587 6615 6616
f 6588 6617 6589
f 6588 6616 6617
f 6589 6618 6590
f 6589 6617 6618
f 6590 6619 6591
f 6590 6618 6619
f 6591 6620 6592
f 6591 6619 6620
f 6592 6621 6593
f 6592 6620 6621
f 6593 6622 6594
f 6593 6621 6622
f 6594 6623 6595
f 6594 6622 6623
f 6595 6624 6596
f 6595 6623 6624
f 6596 6625 6597
f 6596 6624 6625
f 6597 6626 6598
f 6597 6625 6626
f 6598 6627 6599
f 6598 6626 6627
f 6627 6434 6431
f 6627 6431 6599
f 6436 6628 6600
f 6436 6600 6433
f 6600 6629 6601
f 6600 6628 6629
f 6601 6630 6602
f 6601 6629 6630
f 6602 6631 6603
f 6602 6630 6631
f 6603 6632 6604
f 6603 6631 6632
f 6604 6633 6605
f 6604 6632 6633
f 6605 6634 6606
f 6605 6633 6634
f 6606 6635 6607
f 6606 6634 6635
f 6607 6636 6608
f 6607 6635 6636
f 6608 6637 6609
f 6608 6636 6637
f 6609 6638 6610
f 6609 6637 6638
f 6610 6639 6611
f 6610 6638 6639
f 6611 6640 6612
f 6611 6639 6640
f 6612 6641 6613
f 6612 6640 6641
f 6613 6642 6614
f 6613 6641 6642
f 6614 6643 6615
f 6614 6642 6643
f 6615 6644 6616
f 6615 6643 6644
f 6616 6645 6617
f 6616 6644 6645
f 6617 6646 6618
f 6617 6645 6646
f 6618 6647 6619
f 6618 6646 6647
f 6619 6648 6620
f 6619 6647 6648
f 6620 6649 6621
f 6620 6648 6649
f 6621 6650 6622
f 6621 6649 6650
f 6622 6651 6623
f 6622 6650 6651
f 6623 6652 6624
f 6623 6651 6652
f 6624 6653 6625
f 6624 6652 6653
f 6625 6654 6626
f 6625 6653 6654
f 6626 6655 6627
f 6626 6654 6655
f 6655 6437 6434
f 6655 6434 6627
f 6439 6656 6628
f 6439 6628 6436
f 6628 6657 6629
f 6628 6656 6657
f 6629 6658 6630
f 6629 6657 6658
f 6630 6659 6631
f 6630 6658 6659
f 6631 6660 6632
f 6631 6659 6660
f 6632 6661 6633
f 6632 6660 6661
f 6633 6662 6634
f 6633 6661 6662
f 6634 6663 6635
f 6634 6662 6663
f 6635 6664 6636
f 6635 6663 6664
f 6636 6665 6637
f 6636 6664 6665
f 6637 6666 6638
f 6637 6665 6666
f 6638 6667 6639
f 6638 6666 6667
f 6639 6668 6640
f 6639 6667 6668
f 6640 6669 6641
f 6640 6668 6669
f 6641 6670 6642
f 6641 6669 6670
f 6642 6671 6643
f 6642 6670 6671
f 6643 6672 6644
f 6643 6671 6672
f 6644 6673 6645
f 6644 6672 6673
f 6645 6674 6646
f 6645 6673 6674
f 6646 6675 6647
f 6646 6674 6675
f 6647 6676 6648
f 6647 6675 6676
f 6648 6677 6649
f 6648 6676 6677
f 6649 6678 6650
f 6649 6677 6678
f 6650 6679 6651
f 6650 6678 6679
f 6651 6680 6652
f 6651 6679 6680
f 6652 6681 6653
f 6652 6680 6681
f 6653 6682 6654
f 6653 6681 6682
f 6654 6683 6655
f 6654 6682 6683
f 6683 6440 6437
f 6683 6437 6655
f 6442 6684 6656
f 6442 6656 6439
f 6656 6685 6657
f 6656 6684 6685
f 6657 6686 6658
f 6657 6685 6686
f 6658 6687 6659
f 6658 6686 6687
f 6659 6688 6660
f 6659 6687 6688
f 6660 6689 6661
f 6660 6688 6689
f 6661 6690 6662
f 6661 6689 6690
f 6662 6691 6663
f 6662 6690 6691
f 6663 6692 6664
f 6663 6691 6692
f 6664 6693 6665
f 6664 6692 6693
f 6665 6694 6666
f 6665 6693 6694
f 6666 6695 6667
f 6666 6694 6695
f 6667 6696 6668
f 6667 6695 6696
f 6668 6697 6669
f 6668 6696 6697
f 6669 6698 6670
f 6669 6697 6698
f 6670 6699 6671
f 6670 6698 6699
f 6671 6700 6672
f 6671 6699 6700
f 6672 6701 6673
f 6672 6700 6701
f 6673 6702 6674
f 6673 6701 6702
f 6674 6703 6675
f 6674 6702 6703
f 6675 6704 6676
f 6675 6703 6704
f 6676 6705 6677
f 6676 6704 6705
f 6677 6706 6678
f 6677 6705 6706
f 6678 6707 6679
f 6678 6706 6707
f 6679 6708 6680
f 6679 6707 6708
f 6680 6709 6681
f 6680 6708 6709
f 6681 6710 6682
f 6681 6709 6710
f 6682 6711 6683
f 6682 6710 6711
f 6711 6443 6440
f 6711 6440 6683
f 6445 6712 6684
f 6445 6684 6442
f 6684 6713 6685
f 6684 6712 6713
f 6685 6714 6686
f 6685 6713 6714
f 6686 6715 6687
f 6686 6714 6715
f 6687 6716 6688
f 6687 6715 6716
f 6688 6717 6689
f 6688 6716 6717
f 6689 6718 6690
f 6689 6717 6718
f 6690 6719 6691
f 6690 6718 6719
f 6691 6720 6692
f 6691 6719 6720
f 6692 6721 6693
f 6692 6720 6721
f 6693 6722 6694
f 6693 6721 6722
f 6694 6723 6695
f 6694 6722 6723
f 6695 6724 6696
f 6695 6723 6724
f 6696 6725 6697
f 6696 6724 6725
f 6697 6726 6698
f 6697 6725 6726
f 6698 6727 6699
f 6698 6726 6727
f 6699 6728 6700
f 6699 6727 6728
f 6700 6729 6701
f 6700 6728 6729
f 6701 6730 6702
f 6701 6729 6730
f 6702 6731 6703
f 6702 6730 6731
f 6703 6732 6704
f 6703 6731 6732
f 6704 6733 6705
f 6704 6732 6733
f 6705 6734 6706
f 6705 6733 6734
f 6706 6735 6707
f 6706 6734 6735
f 6707 6736 6708
f 6707 6735 6736
f 6708 6737 6709
f 6708 6736 6737
f 6709 6738 6710
f 6709 6737 6738
f 6710 6739 6711
f 6710 6738 6739
f 6739 6446 6443
f 6739 6443 6711
f 6448 6740 6712
f 6448 6712 6445
f 6712 6741 6713
f 6712 6740 6741
f 6713 6742 6714
f 6713 6741 6742
f 6714 6743 6715
f 6714 6742 6743
f 6715 6744 6716
f 6715 6743 6744
f 6716 6745 6717
f 6716 6744 6745
f 6717 6746 6718
f 6717 6745 6746
f 6718 6747 6719
f 6718 6746 6747
f 6719 6748 6720
f 6719 6747 6748
f 6720 6749 6721
f 6720 6748 6749
f 6721 6750 6722
f 6721 6749 6750
f 6722 6751 6723
f 6722 6750 6751
f 6723 6752 6724
f 6723 6751 6752
f 6724 6753 6725
f 6724 6752 6753
f 6725 6754 6726
f 6725 6753 6754
f 6726 6755 6727
f 6726 6754 6755
f 6727 6756 6728
f 6727 6755 6756
f 6728 6757 6729
f 6728 6756 6757
f 6729 6758 6730
f 6729 6757 6758
f 6730 6759 6731
f 6730 6758 6759
f 6731 6760 6732
f 6731 6759 6760
f 6732 6761 6733
f 6732 6760 6761
f 6733 6762 6734
f 6733 6761 6762
f 6734 6763 6735
f 6734 6762 6763
f 6735 6764 6736
f 6735 6763 6764
f 6736 6765 6737
f 6736 6764 6765
f 6737 6766 6738
f 6737 6765 6766
f 6738 6767 6739
f 6738 6766 6767
f 6767 6449 6446
f 6767 6446 6739
f 6451 6768 6740
f 6451 6740 6448
f 6740 6769 6741
f 6740 6768 6769
f 6741 6770 6742
f 6741 6769 6770
f 6742 6771 6743
f 6742 6770 6771
f 6743 6772 6744
f 6743 6771 6772
f 6744 6773 6745
f 6744 6772 6773
f 6745 6774 6746
f 6745 6773 6774
f 6746 6775 6747
f 6746 6774 6775
f 6747 6776 6748
f 6747 6775 6776
f 6748 6777 6749
f 6748 6776 6777
f 6749 6778 6750
f 6749 6777 6778
f 6750 6779 6751
f 6750 6778 6779
f 6751 6780 6752
f 6751 6779 6780
f 6752 6781 6753
f 6752 6780 6781
f 6753 6782 6754
f 6753 6781 6782
f 6754 6783 6755
f 6754 6782 6783
f 6755 6784 6756
f 6755 6783 6784
f 6756 6785 6757
f 6756 6784 6785
f 6757 6786 6758
f 6757 6785 6786
f 6758 6787 6759
f 6758 6786 6787
f 6759 6788 6760
f 6759 6787 6788
f 6760 6789 6761
f 6760 6788 6789
f 6761 6790 6762
f 6761 6789 6790
f 6762 6791 6763
f 6762 6790 6791
f 6763 6792 6764
f 6763 6791 6792
f 6764 6793 6765
f 6764 6792 6793
f 6765 6794 6766
f 6765 6793 6794
f 6766 6795 6767
f 6766 6794 6795
f 6795 6452 6449
f 6795 6449 6767
f 6454 6796 6768
f 6454 6768 6451
f 6768 6797 6769
f 6768 6796 6797
f 6769 6798 6770
f 6769 6797 6798
f 6770 6799 6771
f 6770 6798 6799
f 6771 6800 6772
f 6771 6799 6800
f 6772 6801 6773
f 6772 6800 6801
f 6773 6802 6774
f 6773 6801 6802
f 6774 6803 6775
f 6774 6802 6803
f 6775 6804 6776
f 6775 6803 6804
f 6776 6805 6777
f 6776 6804 6805
f 6777 6806 6778
f 6777 6805 6806
f 6778 6807 6779
f 6778 6806 6807
f 6779 6808 6780
f 6779 6807 6808
f 6780 6809 6781
f 6780 6808 6809
f 6781 6810 6782
f 6781 6809 6810
f 6782 6811 6783
f 6782 6810 6811
f 6783 6812 6784
f 6783 6811 6812
f 6784 6813 6785
f 6784 6812 6813
f 6785 6814 6786
f 6785 6813 6814
f 6786 6815 6787
f 6786 6814 6815
f 6787 6816 6788
f 6787 6815 6816
f 6788 6817 6789
f 6788 6816 6817
f 6789 6818 6790
f 6789 6817 6818
f 6790 6819 6791
f 6790 6818 6819
f 6791 6820 6792
f 6791 6819 6820
f 6792 6821 6793
f 6792 6820 6821
f 6793 6822 6794
f 6793 6821 6822
f 6794 6823 6795
f 6794 6822 6823
f 6823 6455 6452
f 6823 6452 6795
f 6457 6824 6456
f 6796 6454 6456
f 6824 6796 6456
f 6825 6796 6824
f 6827 6797 6826
f 6797 6825 6826
f 6797 6796 6825
f 6797 6827 6798
f 6798 6827 6828
f 6798 6828 6799
f 6799 6828 6829
f 6799 6829 6800
f 6800 6829 6830
f 6800 6830 6801
f 6801 6830 6831
f 6801 6831 6802
f 6802 6831 6832
f 6802 6832 6803
f 6803 6832 6833
f 6803 6833 6804
f 6804 6833 6834
f 6804 6834 6805
f 6805 6834 6835
f 6805 6835 6806
f 6806 6835 6836
f 6838 6837 6836
f 6837 6806 6836
f 6837 6807 6806
f 6807 6839 6808
f 6807 6837 6839
f 6808 6840 6809
f 6808 6839 6840
f 6809 6841 6810
f 6809 6840 6841
f 6810 6842 6811
f 6810 6841 6842
f 6811 6843 6812
f 6811 6842 6843
f 6812 6844 6813
f 6812 6843 6844
f 6813 6845 6814
f 6813 6844 6845
f 6814 6846 6815
f 6814 6845 6846
f 6815 6847 6816
f 6815 6846 6847
f 6816 6848 6817
f 6816 6847 6848
f 6817 6849 6818
f 6817 6848 6849
f 6818 6850 6819
f 6818 6849 6850
f 6819 6851 6820
f 6819 6850 6851
f 6820 6852 6821
f 6820 6851 6852
f 6821 6853 6822
f 6821 6852 6853
f 6822 6854 6823
f 6822 6853 6854
f 6854 6458 6455
f 6854 6455 6823
f 6459 6855 6824
f 6459 6824 6457
f 6857 6825 6856
f 6825 6855 6856
f 6825 6824 6855
f 6825 6857 6826
f 6838 6858 6837
f 6860 6859 6858
f 6859 6837 6858
f 6859 6839 6837
f 6839 6861 6840
f 6839 6859 6861
f 6840 6862 6841
f 6840 6861 6862
f 6841 6863 6842
f 6841 6862 6863
f 6842 6864 6843
f 6842 6863 6864
f 6843 6865 6844
f 6843 6864 6865
f 6844 6866 6845
f 6844 6865 6866
f 6845 6867 6846
f 6845 6866 6867
f 6846 6868 6847
f 6846 6867 6868
f 6847 6869 6848
f 6847 6868 6869
f 6848 6870 6849
f 6848 6869 6870
f 6849 6871 6850
f 6849 6870 6871
f 6850 6872 6851
f 6850 6871 6872
f 6851 6873 6852
f 6851 6872 6873
f 6852 6874 6853
f 6852 6873 6874
f 6853 6875 6854
f 6853 6874 6875
f 6875 6460 6458
f 6875 6458 6854
f 6461 6876 6855
f 6461 6855 6459
f 6856 6855 6877
f 6877 6855 6876
f 6860 6878 6859
f 6880 6879 6878
f 6879 6859 6878
f 6879 6861 6859
f 6861 6881 6862
f 6861 6879 6881
f 6862 6882 6863
f 6862 6881 6882
f 6863 6883 6864
f 6863 6882 6883
f 6864 6884 6865
f 6864 6883 6884
f 6865 6885 6866
f 6865 6884 6885
f 6866 6886 6867
f 6866 6885 6886
f 6867 6887 6868
f 6867 6886 6887
f 6868 6888 6869
f 6868 6887 6888
f 6869 6889 6870
f 6869 6888 6889
f 6870 6890 6871
f 6870 6889 6890
f 6871 6891 6872
f 6871 6890 6891
f 6872 6892 6873
f 6872 6891 6892
f 6873 6893 6874
f 6873 6892 6893
f 6874 6894 6875
f 6874 6893 6894
f 6894 6462 6460
f 6894 6460 6875
f 6463 6895 6876
f 6463 6876 6461
f 6877 6876 6896
f 6896 6876 6895
f 6879 6880 6897
f 6897 6880 6898
f 6879 6899 6881
f 6879 6897 6899
f 6881 6900 6882
f 6881 6899 6900
f 6882 6901 6883
f 6882 6900 6901
f 6883 6902 6884
f 6883 6901 6902
f 6884 6903 6885
f 6884 6902 6903
f 6885 6904 6886
f 6885 6903 6904
f 6886 6905 6887
f 6886 6904 6905
f 6887 6906 6888
f 6887 6905 6906
f 6888 6907 6889
f 6888 6906 6907
f 6889 6908 6890
f 6889 6907 6908
f 6890 6909 6891
f 6890 6908 6909
f 6891 6910 6892
f 6891 6909 6910
f 6892 6911 6893
f 6892 6910 6911
f 6893 6912 6894
f 6893 6911 6912
f 6912 6464 6462
f 6912 6462 6894
f 6465 6913 6895
f 6465 6895 6463
f 6896 6895 6914
f 6914 6895 6913
f 6917 6916 6915
f 6917 6915 6898
f 6915 6897 6898
f 6915 6918 6897
f 6897 6919 6899
f 6897 6918 6919
f 6899 6920 6900
f 6899 6919 6920
f 6900 6921 6901
f 6900 6920 6921
f 6901 6922 6902
f 6901 6921 6922
f 6902 6923 6903
f 6902 6922 6923
f 6903 6924 6904
f 6903 6923 6924
f 6904 6925 6905
f 6904 6924 6925
f 6905 6926 6906
f 6905 6925 6926
f 6906 6927 6907
f 6906 6926 6927
f 6907 6928 6908
f 6907 6927 6928
f 6908 6929 6909
f 6908 6928 6929
f 6909 6930 6910
f 6909 6929 6930
f 6910 6931 6911
f 6910 6930 6931
f 6911 6932 6912
f 6911 6931 6932
f 6932 6466 6464
f 6932 6464 6912
f 6467 6913 6465
f 6934 6933 6469
f 6469 6933 6467
f 6933 6914 6467
f 6914 6913 6467
f 6934 6935 6933
f 6938 6937 6936
f 6940 6939 6936
f 6936 6939 6938
f 6939 6940 6916
f 6940 6915 6916
f 6940 6941 6915
f 6915 6942 6918
f 6915 6941 6942
f 6918 6943 6919
f 6918 6942 6943
f 6919 6944 6920
f 6919 6943 6944
f 6920 6945 6921
f 6920 6944 6945
f 6921 6946 6922
f 6921 6945 6946
f 6922 6947 6923
f 6922 6946 6947
f 6923 6948 6924
f 6923 6947 6948
f 6924 6949 6925
f 6924 6948 6949
f 6925 6950 6926
f 6925 6949 6950
f 6926 6951 6927
f 6926 6950 6951
f 6927 6952 6928
f 6927 6951 6952
f 6928 6953 6929
f 6928 6952 6953
f 6929 6954 6930
f 6929 6953 6954
f 6930 6955 6931
f 6930 6954 6955
f 6931 6956 6932
f 6931 6955 6956
f 6956 6470 6466
f 6956 6466 6932
f 6471 6957 6934
f 6471 6934 6469
f 6935 6934 6958
f 6934 6959 6958
f 6934 6957 6959
f 6961 6960 6959
f 6959 6960 6958
f 6963 6962 6961
f 6961 6962 6960
f 6965 6964 6963
f 6963 6964 6962
f 6967 6966 6965
f 6965 6966 6964
f 6969 6968 6967
f 6967 6968 6966
f 6971 6970 6969
f 6969 6970 6968
f 6973 6972 6971
f 6971 6972 6970
f 6975 6974 6973
f 6973 6974 6972
f 6974 6975 6937
f 6975 6936 6937
f 6975 6976 6936
f 6936 6977 6940
f 6936 6976 6977
f 6940 6978 6941
f 6940 6977 6978
f 6941 6979 6942
f 6941 6978 6979
f 6942 6980 6943
f 6942 6979 6980
f 6943 6981 6944
f 6943 6980 6981
f 6944 6982 6945
f 6944 6981 6982
f 6945 6983 6946
f 6945 6982 6983
f 6946 6984 6947
f 6946 6983 6984
f 6947 6985 6948
f 6947 6984 6985
f 6948 6986 6949
f 6948 6985 6986
f 6949 6987 6950
f 6949 6986 6987
f 6950 6988 6951
f 6950 6987 6988
f 6951 6989 6952
f 6951 6988 6989
f 6952 6990 6953
f 6952 6989 6990
f 6953 6991 6954
f 6953 6990 6991
f 6954 6992 6955
f 6954 6991 6992
f 6992 6473 6474
f 6956 6992 6474
f 6955 6992 6956
f 6956 6474 6470
f 6475 6957 6471
f 6957 6475 6476
f 6957 6476 6959
f 6959 6476 6477
f 6959 6477 6961
f 6961 6477 6479
f 6993 6961 6479
f 6963 6961 6993
f 6963 6994 6965
f 6963 6993 6994
f 6965 6995 6967
f 6965 6994 6995
f 6967 6996 6969
f 6967 6995 6996
f 6969 6997 6971
f 6969 6996 6997
f 6971 6998 6973
f 6971 6997 6998
f 6973 6999 6975
f 6973 6998 6999
f 6975 7000 6976
f 6975 6999 7000
f 6976 7001 6977
f 6976 7000 7001
f 6977 7002 6978
f 6977 7001 7002
f 6978 7003 6979
f 6978 7002 7003
f 6979 7004 6980
f 6979 7003 7004
f 6980 7005 6981
f 6980 7004 7005
f 6981 7006 6982
f 6981 7005 7006
f 6982 7007 6983
f 6982 7006 7007
f 6983 7008 6984
f 6983 7007 7008
f 6984 7009 6985
f 6984 7008 7009
f 6985 7010 6986
f 6985 7009 7010
f 6986 7011 6987
f 6986 7010 7011
f 6987 7012 6988
f 6987 7011 7012
f 6988 7013 6989
f 6988 7012 7013
f 6989 7014 6990
f 6989 7013 7014
f 6990 7015 6991
f 6990 7014 7015
f 7015 6481 6482
f 6992 7015 6482
f 6991 7015 6992
f 6992 6482 6473
f 6483 6993 6479
f 6993 6483 6484
f 6993 6484 6994
f 6994 6484 6485
f 6994 6485 6995
f 6995 6485 6486
f 6995 6486 6996
f 6996 6486 6487
f 6996 6487 6997
f 6997 6487 6488
f 6997 6488 6998
f 6998 6488 6489
f 6998 6489 6999
f 6999 6489 6490
f 6999 6490 7000
f 7000 6490 6492
f 7000 6492 7001
f 7001 6492 6494
f 7001 6494 7002
f 7002 6494 6496
f 7002 6496 7003
f 7003 6496 6498
f 7003 6498 7004
f 7004 6498 6500
f 7004 6500 7005
f 7005 6500 6502
f 7005 6502 7006
f 7006 6502 6504
f 7006 6504 7007
f 7007 6504 6506
f 7007 6506 7008
f 7008 6506 6508
f 7008 6508 7009
f 7009 6508 6510
f 7009 6510 7010
f 7010 6510 6512
f 7010 6512 7011
f 7011 6512 6514
f 7011 6514 7012
f 7012 6514 6516
f 7012 6516 7013
f 7013 6516 6518
f 7013 6518 7014
f 7014 6518 6520
f 7014 6520 7015
f 7015 6520 6481
f 6826 7016 6827
f 7017 6828 6827
f 7017 6827 7016
f 7018 6829 6828
f 7018 6828 7017
f 7019 6830 6829
f 7019 6829 7018
f 7020 6831 6830
f 7020 6830 7019
f 7021 6832 6831
f 7021 6831 7020
f 7022 6833 6832
f 7022 6832 7021
f 7023 6834 6833
f 7023 6833 7022
f 7024 6835 6834
f 7024 6834 7023
f 7025 6836 6835
f 7025 6835 7024
f 7025 6838 6836
f 6856 7026 6857
f 7016 6826 6857
f 7026 7016 6857
f 7027 7016 7026
f 7016 7028 7017
f 7016 7027 7028
f 7017 7029 7018
f 7017 7028 7029
f 7018 7030 7019
f 7018 7029 7030
f 7019 7031 7020
f 7019 7030 7031
f 7020 7032 7021
f 7020 7031 7032
f 7021 7033 7022
f 7021 7032 7033
f 7022 7034 7023
f 7022 7033 7034
f 7023 7035 7024
f 7023 7034 7035
f 7024 7036 7025
f 7024 7035 7036
f 7037 6858 6838
f 7025 7037 6838
f 7036 7037 7025
f 7037 6860 6858
f 6877 7038 7026
f 6877 7026 6856
f 7026 7039 7027
f 7026 7038 7039
f 7027 7040 7028
f 7027 7039 7040
f 7028 7041 7029
f 7028 7040 7041
f 7029 7042 7030
f 7029 7041 7042
f 7030 7043 7031
f 7030 7042 7043
f 7031 7044 7032
f 7031 7043 7044
f 7032 7045 7033
f 7032 7044 7045
f 7033 7046 7034
f 7033 7045 7046
f 7034 7047 7035
f 7034 7046 7047
f 7035 7048 7036
f 7035 7047 7048
f 7036 7049 7037
f 7036 7048 7049
f 7050 6878 6860
f 7037 7050 6860
f 7049 7050 7037
f 7050 6880 6878
f 6896 7051 7038
f 6896 7038 6877
f 7038 7052 7039
f 7038 7051 7052
f 7039 7053 7040
f 7039 7052 7053
f 7040 7054 7041
f 7040 7053 7054
f 7041 7055 7042
f 7041 7054 7055
f 7042 7056 7043
f 7042 7055 7056
f 7043 7057 7044
f 7043 7056 7057
f 7044 7058 7045
f 7044 7057 7058
f 7045 7059 7046
f 7045 7058 7059
f 7046 7060 7047
f 7046 7059 7060
f 7047 7061 7048
f 7047 7060 7061
f 7048 7062 7049
f 7048 7061 7062
f 7049 7063 7050
f 7049 7062 7063
f 7063 6898 6880
f 7063 6880 7050
f 6914 7064 7051
f 6914 7051 6896
f 7051 7065 7052
f 7051 7064 7065
f 7052 7066 7053
f 7052 7065 7066
f 7053 7067 7054
f 7053 7066 7067
f 7054 7068 7055
f 7054 7067 7068
f 7055 7069 7056
f 7055 7068 7069
f 7056 7070 7057
f 7056 7069 7070
f 7057 7071 7058
f 7057 7070 7071
f 7058 7072 7059
f 7058 7071 7072
f 7059 7073 7060
f 7059 7072 7073
f 7060 7074 7061
f 7060 7073 7074
f 7061 7075 7062
f 7061 7074 7075
f 7075 6916 6917
f 7063 7075 6917
f 7062 7075 7063
f 7063 6917 6898
f 6933 7064 6914
f 7064 6933 6935
f 7076 7064 6935
f 7065 7064 7076
f 7065 7077 7066
f 7065 7076 7077
f 7066 7078 7067
f 7066 7077 7078
f 7067 7079 7068
f 7067 7078 7079
f 7068 7080 7069
f 7068 7079 7080
f 7069 7081 7070
f 7069 7080 7081
f 7070 7082 7071
f 7070 7081 7082
f 7071 7083 7072
f 7071 7082 7083
f 7072 7084 7073
f 7072 7083 7084
f 7084 6937 6938
f 7074 7084 6938
f 7073 7084 7074
f 7074 6938 6939
f 7074 6939 7075
f 7075 6939 6916
f 6958 7076 6935
f 7076 6958 6960
f 7076 6960 7077
f 7077 6960 6962
f 7077 6962 7078
f 7078 6962 6964
f 7078 6964 7079
f 7079 6964 6966
f 7079 6966 7080
f 7080 6966 6968
f 7080 6968 7081
f 7081 6968 6970
f 7081 6970 7082
f 7082 6970 6972
f 7082 6972 7083
f 7083 6972 6974
f 7083 6974 7084
f 7084 6974 6937

