# https://github.com/mikedh/trimesh
v 5.94673824 21.00000000 19.00000000
v 6.00000000 20.93284225 19.00000000
v 6.00000000 21.00000000 18.83775902
v 5.85365534 21.00000000 20.00000000
v 6.00000000 20.82387924 20.00000000
v 5.83773756 21.00000000 21.00000000
v 6.00000000 20.80946732 21.00000000
v 5.83927107 21.00000000 22.00000000
v 6.00000000 20.81861305 22.00000000
v 5.85689211 21.00000000 23.00000000
v 6.00000000 20.84262276 23.00000000
v 5.89207029 21.00000000 24.00000000
v 6.00000000 20.88436699 24.00000000
v 5.91893959 21.00000000 25.00000000
v 6.00000000 20.91515350 25.00000000
v 5.93397236 21.00000000 26.00000000
v 6.00000000 20.93192291 26.00000000
v 5.94849491 21.00000000 27.00000000
v 6.00000000 20.94723129 27.00000000
v 5.95463991 21.00000000 28.00000000
v 6.00000000 20.95387840 28.00000000
v 5.95837069 21.00000000 29.00000000
v 6.00000000 20.95886421 29.00000000
v 5.95882273 21.00000000 30.00000000
v 6.00000000 20.96024513 30.00000000
v 5.96257019 21.00000000 31.00000000
v 6.00000000 20.96452141 31.00000000
v 5.96851301 21.00000000 32.00000000
v 6.00000000 20.97063446 32.00000000
v 5.97714376 21.00000000 33.00000000
v 6.00000000 20.97887421 33.00000000
v 5.98566008 21.00000000 34.00000000
v 6.00000000 20.98685837 34.00000000
v 5.98455763 21.00000000 35.00000000
v 6.00000000 20.98599815 35.00000000
v 5.97903204 21.00000000 36.00000000
v 6.00000000 20.98085403 36.00000000
v 5.96987009 21.00000000 37.00000000
v 6.00000000 20.97181892 37.00000000
v 5.95453119 21.00000000 38.00000000
v 6.00000000 20.95604324 38.00000000
v 5.94436741 21.00000000 39.00000000
v 6.00000000 20.94408989 39.00000000
v 5.94199038 21.00000000 40.00000000
v 6.00000000 20.93838692 40.00000000
v 5.94328070 21.00000000 41.00000000
v 6.00000000 20.93645477 41.00000000
v 5.95101881 21.00000000 42.00000000
v 6.00000000 20.94153023 42.00000000
v 5.96388912 21.00000000 43.00000000
v 6.00000000 20.95394135 43.00000000
v 6.00000000 21.00000000 43.95785904
v 5.71915770 22.00000000 19.00000000
v 6.00000000 22.00000000 18.25148392
v 5.61218882 22.00000000 20.00000000
v 5.60115194 22.00000000 21.00000000
v 5.59283924 22.00000000 22.00000000
v 5.60352612 22.00000000 23.00000000
v 5.63446379 22.00000000 24.00000000
v 5.66223574 22.00000000 25.00000000
v 5.68412495 22.00000000 26.00000000
v 5.69606495 22.00000000 27.00000000
v 5.70804119 22.00000000 28.00000000
v 5.70984936 22.00000000 29.00000000
v 5.69987583 22.00000000 30.00000000
v 5.68766356 22.00000000 31.00000000
v 5.68073893 22.00000000 32.00000000
v 5.67936182 22.00000000 33.00000000
v 5.67692947 22.00000000 34.00000000
v 5.66740990 22.00000000 35.00000000
v 5.65615273 22.00000000 36.00000000
v 5.64686918 22.00000000 37.00000000
v 5.64042282 22.00000000 38.00000000
v 5.64776182 22.00000000 39.00000000
v 5.67219067 22.00000000 40.00000000
v 5.69855928 22.00000000 41.00000000
v 5.72216558 22.00000000 42.00000000
v 5.74765873 22.00000000 43.00000000
v 6.00000000 21.00684547 44.00000000
v 5.80468798 22.00000000 44.00000000
v 6.00000000 22.00000000 44.92977524
v 5.73397207 23.00000000 19.00000000
v 6.00000000 23.00000000 18.30423927
v 5.61433935 23.00000000 20.00000000
v 5.59056664 23.00000000 21.00000000
v 5.58406019 23.00000000 22.00000000
v 5.57985401 23.00000000 23.00000000
v 5.59402800 23.00000000 24.00000000
v 5.61830235 23.00000000 25.00000000
v 5.63936853 23.00000000 26.00000000
v 5.65951157 23.00000000 27.00000000
v 5.67657042 23.00000000 28.00000000
v 5.68274784 23.00000000 29.00000000
v 5.68243122 23.00000000 30.00000000
v 5.66927052 23.00000000 31.00000000
v 5.65523195 23.00000000 32.00000000
v 5.64072037 23.00000000 33.00000000
v 5.62079096 23.00000000 34.00000000
v 5.60240746 23.00000000 35.00000000
v 5.59091234 23.00000000 36.00000000
v 5.58220530 23.00000000 37.00000000
v 5.58683920 23.00000000 38.00000000
v 5.59942389 23.00000000 39.00000000
v 5.63161373 23.00000000 40.00000000
v 5.67258072 23.00000000 41.00000000
v 5.70223379 23.00000000 42.00000000
v 5.72431087 23.00000000 43.00000000
v 5.78757191 23.00000000 44.00000000
v 6.00000000 23.00000000 44.86855316
v 5.76854515 24.00000000 19.00000000
v 6.00000000 24.00000000 18.35560799
v 5.65560722 24.00000000 20.00000000
v 5.60958147 24.00000000 21.00000000
v 5.58821821 24.00000000 22.00000000
v 5.57877684 24.00000000 23.00000000
v 5.58153534 24.00000000 24.00000000
v 5.59027672 24.00000000 25.00000000
v 5.60952282 24.00000000 26.00000000
v 5.63349867 24.00000000 27.00000000
v 5.65546227 24.00000000 28.00000000
v 5.67433882 24.00000000 29.00000000
v 5.68361092 24.00000000 30.00000000
v 5.67800570 24.00000000 31.00000000
v 5.66351604 24.00000000 32.00000000
v 5.64611435 24.00000000 33.00000000
v 5.62289047 24.00000000 34.00000000
v 5.60102558 24.00000000 35.00000000
v 5.58169794 24.00000000 36.00000000
v 5.56955338 24.00000000 37.00000000
v 5.57717276 24.00000000 38.00000000
v 5.60140085 24.00000000 39.00000000
v 5.63882399 24.00000000 40.00000000
v 5.67923546 24.00000000 41.00000000
v 5.70788050 24.00000000 42.00000000
v 5.72485971 24.00000000 43.00000000
v 5.78425646 24.00000000 44.00000000
v 6.00000000 24.00000000 44.81192017
v 5.77479219 25.00000000 19.00000000
v 6.00000000 25.00000000 18.25327301
v 5.64791679 25.00000000 20.00000000
v 5.60679483 25.00000000 21.00000000
v 5.57642221 25.00000000 22.00000000
v 5.56310177 25.00000000 23.00000000
v 5.56182575 25.00000000 24.00000000
v 5.57193518 25.00000000 25.00000000
v 5.58566523 25.00000000 26.00000000
v 5.60654545 25.00000000 27.00000000
v 5.62444592 25.00000000 28.00000000
v 5.63944435 25.00000000 29.00000000
v 5.65531683 25.00000000 30.00000000
v 5.66822624 25.00000000 31.00000000
v 5.66941595 25.00000000 32.00000000
v 5.66635227 25.00000000 33.00000000
v 5.65460825 25.00000000 34.00000000
v 5.63506413 25.00000000 35.00000000
v 5.61938238 25.00000000 36.00000000
v 5.60897923 25.00000000 37.00000000
v 5.61324120 25.00000000 38.00000000
v 5.62477827 25.00000000 39.00000000
v 5.66062117 25.00000000 40.00000000
v 5.70043325 25.00000000 41.00000000
v 5.70482731 25.00000000 42.00000000
v 5.70471096 25.00000000 43.00000000
v 5.78673744 25.00000000 44.00000000
v 6.00000000 25.00000000 44.80568314
v 5.76162243 26.00000000 19.00000000
v 6.00000000 26.00000000 18.11951447
v 5.65092993 26.00000000 20.00000000
v 5.59828758 26.00000000 21.00000000
v 5.57289696 26.00000000 22.00000000
v 5.55470276 26.00000000 23.00000000
v 5.55668879 26.00000000 24.00000000
v 5.56799650 26.00000000 25.00000000
v 5.58276367 26.00000000 26.00000000
v 5.59099579 26.00000000 27.00000000
v 5.59962797 26.00000000 28.00000000
v 5.61778259 26.00000000 29.00000000
v 5.63605833 26.00000000 30.00000000
v 5.65242434 26.00000000 31.00000000
v 5.66894865 26.00000000 32.00000000
v 5.67713499 26.00000000 33.00000000
v 5.67859697 26.00000000 34.00000000
v 5.67236900 26.00000000 35.00000000
v 5.65412664 26.00000000 36.00000000
v 5.64131641 26.00000000 37.00000000
v 5.64385557 26.00000000 38.00000000
v 5.65690994 26.00000000 39.00000000
v 5.68363428 26.00000000 40.00000000
v 5.70528126 26.00000000 41.00000000
v 5.70841694 26.00000000 42.00000000
v 5.70776606 26.00000000 43.00000000
v 5.82092047 26.00000000 44.00000000
v 6.00000000 26.00000000 44.76390839
v 5.98372459 27.00000000 18.00000000
v 6.00000000 26.68695831 18.00000000
v 6.00000000 27.00000000 17.97513390
v 5.74171209 27.00000000 19.00000000
v 5.64713812 27.00000000 20.00000000
v 5.60974407 27.00000000 21.00000000
v 5.58302736 27.00000000 22.00000000
v 5.56623650 27.00000000 23.00000000
v 5.56410122 27.00000000 24.00000000
v 5.56729794 27.00000000 25.00000000
v 5.57958651 27.00000000 26.00000000
v 5.59160042 27.00000000 27.00000000
v 5.59824467 27.00000000 28.00000000
v 5.60689354 27.00000000 29.00000000
v 5.61928082 27.00000000 30.00000000
v 5.63215303 27.00000000 31.00000000
v 5.65299559 27.00000000 32.00000000
v 5.67084932 27.00000000 33.00000000
v 5.67995453 27.00000000 34.00000000
v 5.68263149 27.00000000 35.00000000
v 5.68535566 27.00000000 36.00000000
v 5.68207932 27.00000000 37.00000000
v 5.68320799 27.00000000 38.00000000
v 5.68854332 27.00000000 39.00000000
v 5.69723272 27.00000000 40.00000000
v 5.71057844 27.00000000 41.00000000
v 5.71501017 27.00000000 42.00000000
v 5.73360062 27.00000000 43.00000000
v 5.85090923 27.00000000 44.00000000
v 6.00000000 27.00000000 44.67848206
v 5.94990683 28.00000000 18.00000000
v 6.00000000 28.00000000 17.91936493
v 5.72754240 28.00000000 19.00000000
v 5.64290524 28.00000000 20.00000000
v 5.61807919 28.00000000 21.00000000
v 5.60106230 28.00000000 22.00000000
v 5.58741045 28.00000000 23.00000000
v 5.58425379 28.00000000 24.00000000
v 5.57982445 28.00000000 25.00000000
v 5.57269573 28.00000000 26.00000000
v 5.57877016 28.00000000 27.00000000
v 5.58766460 28.00000000 28.00000000
v 5.59398127 28.00000000 29.00000000
v 5.60311604 28.00000000 30.00000000
v 5.60922909 28.00000000 31.00000000
v 5.61795473 28.00000000 32.00000000
v 5.63564301 28.00000000 33.00000000
v 5.65325689 28.00000000 34.00000000
v 5.65937805 28.00000000 35.00000000
v 5.66969538 28.00000000 36.00000000
v 5.68403101 28.00000000 37.00000000
v 5.69088888 28.00000000 38.00000000
v 5.69172096 28.00000000 39.00000000
v 5.69188452 28.00000000 40.00000000
v 5.70098066 28.00000000 41.00000000
v 5.72028875 28.00000000 42.00000000
v 5.74732065 28.00000000 43.00000000
v 5.86148500 28.00000000 44.00000000
v 6.00000000 28.00000000 44.61954117
v 5.91711330 29.00000000 18.00000000
v 6.00000000 29.00000000 17.86211014
v 5.69434166 29.00000000 19.00000000
v 5.63514185 29.00000000 20.00000000
v 5.62378359 29.00000000 21.00000000
v 5.61413574 29.00000000 22.00000000
v 5.59804630 29.00000000 23.00000000
v 5.58816671 29.00000000 24.00000000
v 5.57665539 29.00000000 25.00000000
v 5.56800032 29.00000000 26.00000000
v 5.55857754 29.00000000 27.00000000
v 5.55678034 29.00000000 28.00000000
v 5.55699730 29.00000000 29.00000000
v 5.56284332 29.00000000 30.00000000
v 5.56588745 29.00000000 31.00000000
v 5.57523584 29.00000000 32.00000000
v 5.59087706 29.00000000 33.00000000
v 5.60144234 29.00000000 34.00000000
v 5.61513567 29.00000000 35.00000000
v 5.62892294 29.00000000 36.00000000
v 5.65441132 29.00000000 37.00000000
v 5.67566729 29.00000000 38.00000000
v 5.68981552 29.00000000 39.00000000
v 5.69783068 29.00000000 40.00000000
v 5.70178175 29.00000000 41.00000000
v 5.71325874 29.00000000 42.00000000
v 5.73996973 29.00000000 43.00000000
v 5.85402298 29.00000000 44.00000000
v 6.00000000 29.00000000 44.63920593
v 5.93733025 30.00000000 18.00000000
v 6.00000000 30.00000000 17.89330482
v 5.72835255 30.00000000 19.00000000
v 5.67001534 30.00000000 20.00000000
v 5.66514826 30.00000000 21.00000000
v 5.65360403 30.00000000 22.00000000
v 5.64272356 30.00000000 23.00000000
v 5.62239981 30.00000000 24.00000000
v 5.60446501 30.00000000 25.00000000
v 5.58875084 30.00000000 26.00000000
v 5.57711840 30.00000000 27.00000000
v 5.56604528 30.00000000 28.00000000
v 5.55517387 30.00000000 29.00000000
v 5.55496550 30.00000000 30.00000000
v 5.56128216 30.00000000 31.00000000
v 5.56714487 30.00000000 32.00000000
v 5.57364702 30.00000000 33.00000000
v 5.58584356 30.00000000 34.00000000
v 5.60403156 30.00000000 35.00000000
v 5.62598228 30.00000000 36.00000000
v 5.65415764 30.00000000 37.00000000
v 5.68207550 30.00000000 38.00000000
v 5.70944309 30.00000000 39.00000000
v 5.71915579 30.00000000 40.00000000
v 5.71749496 30.00000000 41.00000000
v 5.71998596 30.00000000 42.00000000
v 5.73414278 30.00000000 43.00000000
v 5.84406662 30.00000000 44.00000000
v 6.00000000 30.00000000 44.66449356
v 6.00000000 30.96001816 18.00000000
v 6.00000000 31.00000000 18.00731277
v 5.71298885 31.00000000 19.00000000
v 5.63119364 31.00000000 20.00000000
v 5.61059713 31.00000000 21.00000000
v 5.59814215 31.00000000 22.00000000
v 5.57727289 31.00000000 23.00000000
v 5.55310440 31.00000000 24.00000000
v 5.51663828 31.00000000 25.00000000
v 5.48712301 31.00000000 26.00000000
v 5.46705580 31.00000000 27.00000000
v 5.45476007 31.00000000 28.00000000
v 5.44344568 31.00000000 29.00000000
v 5.43276596 31.00000000 30.00000000
v 5.43062496 31.00000000 31.00000000
v 5.44524384 31.00000000 32.00000000
v 5.46399260 31.00000000 33.00000000
v 5.49188566 31.00000000 34.00000000
v 5.53629923 31.00000000 35.00000000
v 5.59661961 31.00000000 36.00000000
v 5.62346220 31.00000000 37.00000000
v 5.65337658 31.00000000 38.00000000
v 5.68561554 31.00000000 39.00000000
v 5.72312355 31.00000000 40.00000000
v 5.74406433 31.00000000 41.00000000
v 5.74007225 31.00000000 42.00000000
v 5.74698973 31.00000000 43.00000000
v 5.83021402 31.00000000 44.00000000
v 6.00000000 31.00000000 44.74281693
v 5.80253887 32.00000000 18.00000000
v 6.00000000 31.01191902 18.00000000
v 6.00000000 32.00000000 17.72058487
v 5.48755693 32.00000000 19.00000000
v 5.38899660 32.00000000 20.00000000
v 5.33775902 32.00000000 21.00000000
v 5.31083250 32.00000000 22.00000000
v 5.30270004 32.00000000 23.00000000
v 5.29456043 32.00000000 24.00000000
v 5.29329777 32.00000000 25.00000000
v 5.29139757 32.00000000 26.00000000
v 5.28662014 32.00000000 27.00000000
v 5.28136587 32.00000000 28.00000000
v 5.28854799 32.00000000 29.00000000
v 5.30451822 32.00000000 30.00000000
v 5.31339455 32.00000000 31.00000000
v 5.32904243 32.00000000 32.00000000
v 5.37115335 32.00000000 33.00000000
v 5.42720413 32.00000000 34.00000000
v 5.47846889 32.00000000 35.00000000
v 5.55721474 32.00000000 36.00000000
v 5.59771681 32.00000000 37.00000000
v 5.61365175 32.00000000 38.00000000
v 5.64933634 32.00000000 39.00000000
v 5.69083118 32.00000000 40.00000000
v 5.72057867 32.00000000 41.00000000
v 5.74932766 32.00000000 42.00000000
v 5.76402760 32.00000000 43.00000000
v 5.81288958 32.00000000 44.00000000
v 6.00000000 32.00000000 44.79745865
v 5.43051291 33.00000000 18.00000000
v 6.00000000 33.00000000 17.12341690
v 5.23386335 33.00000000 19.00000000
v 5.18492317 33.00000000 20.00000000
v 5.16331100 33.00000000 21.00000000
v 5.15112352 33.00000000 22.00000000
v 5.15333843 33.00000000 23.00000000
v 5.17211723 33.00000000 24.00000000
v 5.18586922 33.00000000 25.00000000
v 5.20688057 33.00000000 26.00000000
v 5.22225475 33.00000000 27.00000000
v 5.24531889 33.00000000 28.00000000
v 5.26266098 33.00000000 29.00000000
v 5.28348780 33.00000000 30.00000000
v 5.29929590 33.00000000 31.00000000
v 5.32121611 33.00000000 32.00000000
v 5.35489321 33.00000000 33.00000000
v 5.40672636 33.00000000 34.00000000
v 5.46462202 33.00000000 35.00000000
v 5.52745342 33.00000000 36.00000000
v 5.57101202 33.00000000 37.00000000
v 5.58500195 33.00000000 38.00000000
v 5.60625029 33.00000000 39.00000000
v 5.64496899 33.00000000 40.00000000
v 5.68354464 33.00000000 41.00000000
v 5.72392607 33.00000000 42.00000000
v 5.76615763 33.00000000 43.00000000
v 5.81282377 33.00000000 44.00000000
v 6.00000000 33.00000000 44.84825897
v 5.86980295 34.00000000 17.00000000
v 6.00000000 33.46997452 17.00000000
v 6.00000000 34.00000000 16.90552330
v 5.34810495 34.00000000 18.00000000
v 5.20079041 34.00000000 19.00000000
v 5.15833092 34.00000000 20.00000000
v 5.14188147 34.00000000 21.00000000
v 5.13656712 34.00000000 22.00000000
v 5.13730907 34.00000000 23.00000000
v 5.14741850 34.00000000 24.00000000
v 5.16866112 34.00000000 25.00000000
v 5.18961477 34.00000000 26.00000000
v 5.21734095 34.00000000 27.00000000
v 5.24176264 34.00000000 28.00000000
v 5.26812124 34.00000000 29.00000000
v 5.28612423 34.00000000 30.00000000
v 5.30529642 34.00000000 31.00000000
v 5.33139944 34.00000000 32.00000000
v 5.37462378 34.00000000 33.00000000
v 5.41510725 34.00000000 34.00000000
v 5.46827507 34.00000000 35.00000000
v 5.52517939 34.00000000 36.00000000
v 5.56136513 34.00000000 37.00000000
v 5.56942940 34.00000000 38.00000000
v 5.58355808 34.00000000 39.00000000
v 5.61033440 34.00000000 40.00000000
v 5.64489794 34.00000000 41.00000000
v 5.68841743 34.00000000 42.00000000
v 5.72568083 34.00000000 43.00000000
v 5.79696131 34.00000000 44.00000000
v 6.00000000 34.00000000 44.90003967
v 5.93546152 35.00000000 17.00000000
v 6.00000000 35.00000000 16.95393181
v 5.37112951 35.00000000 18.00000000
v 5.24393129 35.00000000 19.00000000
v 5.19413853 35.00000000 20.00000000
v 5.16467714 35.00000000 21.00000000
v 5.15621614 35.00000000 22.00000000
v 5.14931440 35.00000000 23.00000000
v 5.15215969 35.00000000 24.00000000
v 5.16692877 35.00000000 25.00000000
v 5.19783974 35.00000000 26.00000000
v 5.22701025 35.00000000 27.00000000
v 5.25562716 35.00000000 28.00000000
v 5.28130627 35.00000000 29.00000000
v 5.30623341 35.00000000 30.00000000
v 5.32506180 35.00000000 31.00000000
v 5.35699368 35.00000000 32.00000000
v 5.40108252 35.00000000 33.00000000
v 5.44822073 35.00000000 34.00000000
v 5.49679518 35.00000000 35.00000000
v 5.54097700 35.00000000 36.00000000
v 5.57491350 35.00000000 37.00000000
v 5.58152676 35.00000000 38.00000000
v 5.58437920 35.00000000 39.00000000
v 5.59383869 35.00000000 40.00000000
v 5.61449385 35.00000000 41.00000000
v 5.63218069 35.00000000 42.00000000
v 5.68257141 35.00000000 43.00000000
v 5.76365662 35.00000000 44.00000000
v 6.00000000 35.00000000 44.99791718
v 6.00000000 35.41319656 17.00000000
v 6.00000000 36.00000000 17.16266632
v 5.50541687 36.00000000 18.00000000
v 5.33397818 36.00000000 19.00000000
v 5.25961399 36.00000000 20.00000000
v 5.22550058 36.00000000 21.00000000
v 5.20374727 36.00000000 22.00000000
v 5.19479799 36.00000000 23.00000000
v 5.20266247 36.00000000 24.00000000
v 5.21301746 36.00000000 25.00000000
v 5.22384596 36.00000000 26.00000000
v 5.25332212 36.00000000 27.00000000
v 5.28521633 36.00000000 28.00000000
v 5.31553221 36.00000000 29.00000000
v 5.34508419 36.00000000 30.00000000
v 5.37648964 36.00000000 31.00000000
v 5.41287088 36.00000000 32.00000000
v 5.45530033 36.00000000 33.00000000
v 5.50436974 36.00000000 34.00000000
v 5.56084061 36.00000000 35.00000000
v 5.60724401 36.00000000 36.00000000
v 5.62401152 36.00000000 37.00000000
v 5.61483622 36.00000000 38.00000000
v 5.61689615 36.00000000 39.00000000
v 5.60775709 36.00000000 40.00000000
v 5.60194397 36.00000000 41.00000000
v 5.61231232 36.00000000 42.00000000
v 5.65309000 36.00000000 43.00000000
v 5.74434566 36.00000000 44.00000000
v 6.00000000 35.02705002 45.00000000
v 5.97874117 36.00000000 45.00000000
v 6.00000000 36.00000000 45.03853607
v 5.82134151 37.00000000 18.00000000
v 6.00000000 37.00000000 17.64999008
v 5.53261375 37.00000000 19.00000000
v 5.41427088 37.00000000 20.00000000
v 5.35645199 37.00000000 21.00000000
v 5.32654810 37.00000000 22.00000000
v 5.31121540 37.00000000 23.00000000
v 5.30026340 37.00000000 24.00000000
v 5.29543495 37.00000000 25.00000000
v 5.30344963 37.00000000 26.00000000
v 5.32100391 37.00000000 27.00000000
v 5.35594988 37.00000000 28.00000000
v 5.39798927 37.00000000 29.00000000
v 5.44010067 37.00000000 30.00000000
v 5.49456644 37.00000000 31.00000000
v 5.54263639 37.00000000 32.00000000
v 5.58223057 37.00000000 33.00000000
v 5.63307190 37.00000000 34.00000000
v 5.68212032 37.00000000 35.00000000
v 5.73406982 37.00000000 36.00000000
v 5.72762728 37.00000000 37.00000000
v 5.69747353 37.00000000 38.00000000
v 5.67439508 37.00000000 39.00000000
v 5.64518499 37.00000000 40.00000000
v 5.61999798 37.00000000 41.00000000
v 5.63266802 37.00000000 42.00000000
v 5.67104864 37.00000000 43.00000000
v 5.75391197 37.00000000 44.00000000
v 5.97105789 37.00000000 45.00000000
v 6.00000000 37.00000000 45.05297852
v 6.00000000 37.46293259 18.00000000
v 6.00000000 37.99908066 19.00000000
v 6.00000000 38.00000000 19.00318527
v 5.85379934 38.00000000 20.00000000
v 5.72500610 38.00000000 21.00000000
v 5.64838409 38.00000000 22.00000000
v 5.58710575 38.00000000 23.00000000
v 5.54530859 38.00000000 24.00000000
v 5.51916361 38.00000000 25.00000000
v 5.50861502 38.00000000 26.00000000
v 5.50849915 38.00000000 27.00000000
v 5.52337790 38.00000000 28.00000000
v 5.54996729 38.00000000 29.00000000
v 5.59276867 38.00000000 30.00000000
v 5.64424610 38.00000000 31.00000000
v 5.70682812 38.00000000 32.00000000
v 5.76378679 38.00000000 33.00000000
v 5.83283615 38.00000000 34.00000000
v 5.86971998 38.00000000 35.00000000
v 5.91282940 38.00000000 36.00000000
v 5.87557840 38.00000000 37.00000000
v 5.82535505 38.00000000 38.00000000
v 5.77083158 38.00000000 39.00000000
v 5.71154785 38.00000000 40.00000000
v 5.67893839 38.00000000 41.00000000
v 5.68841219 38.00000000 42.00000000
v 5.73618317 38.00000000 43.00000000
v 5.83665323 38.00000000 44.00000000
v 6.00000000 38.00000000 44.78495789
v 6.00000000 37.38134384 45.00000000
v 6.00000000 38.30008698 20.00000000
v 6.00000000 38.53232956 21.00000000
v 6.00000000 38.67421341 22.00000000
v 6.00000000 38.81879807 23.00000000
v 6.00000000 38.93130875 24.00000000
v 6.00000000 39.00000000 24.66697693
v 5.98201036 39.00000000 25.00000000
v 5.93771648 39.00000000 26.00000000
v 5.91023159 39.00000000 27.00000000
v 5.88360596 39.00000000 28.00000000
v 5.87285423 39.00000000 29.00000000
v 5.90310764 39.00000000 30.00000000
v 5.95944166 39.00000000 31.00000000
v 6.00000000 39.00000000 31.71599770
v 6.00000000 38.95509720 32.00000000
v 6.00000000 38.79685211 33.00000000
v 6.00000000 38.57004547 34.00000000
v 6.00000000 38.41615677 35.00000000
v 6.00000000 38.32567215 36.00000000
v 6.00000000 38.53009033 37.00000000
v 6.00000000 38.83256531 38.00000000
v 6.00000000 39.00000000 38.49197006
v 5.96025038 39.00000000 39.00000000
v 5.87458324 39.00000000 40.00000000
v 5.81774426 39.00000000 41.00000000
v 5.81566286 39.00000000 42.00000000
v 5.86098385 39.00000000 43.00000000
v 5.97363853 39.00000000 44.00000000
v 6.00000000 39.00000000 44.12133026
v 6.00000000 39.03983307 25.00000000
v 6.00000000 39.14134216 26.00000000
v 6.00000000 39.21214676 27.00000000
v 6.00000000 39.27608490 28.00000000
v 6.00000000 39.31042480 29.00000000
v 6.00000000 39.25874329 30.00000000
v 6.00000000 39.11938477 31.00000000
v 6.00000000 39.15267944 39.00000000
v 6.00000000 39.47481918 40.00000000
v 6.00000000 39.70481873 41.00000000
v 6.00000000 39.74530411 42.00000000
v 6.00000000 39.59006500 43.00000000
v 6.00000000 39.09973145 44.00000000
v 6.60707903 21.00000000 18.00000000
v 7.00000000 20.77775192 18.00000000
v 7.00000000 21.00000000 17.79671097
v 7.00000000 20.48137474 19.00000000
v 7.00000000 20.42547607 20.00000000
v 7.00000000 20.42329597 21.00000000
v 7.00000000 20.42555046 22.00000000
v 7.00000000 20.43678665 23.00000000
v 7.00000000 20.45663261 24.00000000
v 7.00000000 20.47972870 25.00000000
v 7.00000000 20.49480247 26.00000000
v 7.00000000 20.50183296 27.00000000
v 7.00000000 20.51269531 28.00000000
v 7.00000000 20.52612305 29.00000000
v 7.00000000 20.53682327 30.00000000
v 7.00000000 20.54831314 31.00000000
v 7.00000000 20.55844498 32.00000000
v 7.00000000 20.56696320 33.00000000
v 7.00000000 20.57224274 34.00000000
v 7.00000000 20.57689857 35.00000000
v 7.00000000 20.57500839 36.00000000
v 7.00000000 20.56295395 37.00000000
v 7.00000000 20.54680634 38.00000000
v 7.00000000 20.53031158 39.00000000
v 7.00000000 20.50564957 40.00000000
v 7.00000000 20.48297310 41.00000000
v 7.00000000 20.46641922 42.00000000
v 7.00000000 20.44543266 43.00000000
v 6.00278187 21.00000000 44.00000000
v 7.00000000 20.43808937 44.00000000
v 6.38484478 21.00000000 45.00000000
v 7.00000000 20.55588722 45.00000000
v 7.00000000 21.00000000 45.58240891
v 6.17638397 22.00000000 18.00000000
v 7.00000000 22.00000000 17.51889610
v 6.02784538 22.00000000 45.00000000
v 7.00000000 22.00000000 45.81788635
v 6.21081543 23.00000000 18.00000000
v 7.00000000 23.00000000 17.51509666
v 6.05902290 23.00000000 45.00000000
v 7.00000000 23.00000000 45.80426407
v 6.24197626 24.00000000 18.00000000
v 7.00000000 24.00000000 17.50510216
v 6.08664846 24.00000000 45.00000000
v 7.00000000 24.00000000 45.76648712
v 6.14603901 25.00000000 18.00000000
v 7.00000000 25.00000000 17.42543030
v 6.08354473 25.00000000 45.00000000
v 7.00000000 25.00000000 45.75989151
v 6.05871391 26.00000000 18.00000000
v 7.00000000 26.00000000 17.33547020
v 6.08625364 26.00000000 45.00000000
v 7.00000000 26.00000000 45.76651764
v 7.00000000 27.00000000 17.23457527
v 6.10715771 27.00000000 45.00000000
v 7.00000000 27.00000000 45.77544785
v 7.00000000 28.00000000 17.13149452
v 6.12561989 28.00000000 45.00000000
v 7.00000000 28.00000000 45.76496124
v 7.00000000 29.00000000 17.04753876
v 6.11747646 29.00000000 45.00000000
v 7.00000000 29.00000000 45.79594421
v 6.94107103 30.00000000 17.00000000
v 7.00000000 29.56917191 17.00000000
v 7.00000000 30.00000000 16.97358322
v 6.11532402 30.00000000 45.00000000
v 7.00000000 30.00000000 45.81597900
v 7.00000000 30.78814316 17.00000000
v 6.00282049 31.00000000 18.00000000
v 7.00000000 31.00000000 17.00948143
v 6.08708334 31.00000000 45.00000000
v 7.00000000 31.00000000 45.85488892
v 6.88013172 32.00000000 17.00000000
v 7.00000000 31.10411644 17.00000000
v 7.00000000 32.00000000 16.94016266
v 6.07043552 32.00000000 45.00000000
v 7.00000000 32.00000000 45.90900040
v 6.12417746 33.00000000 17.00000000
v 7.00000000 33.00000000 16.59923172
v 6.04781771 33.00000000 45.00000000
v 7.00000000 33.00000000 45.96199417
v 7.00000000 34.00000000 16.46161270
v 6.03161049 34.00000000 45.00000000
v 7.00000000 33.87469864 46.00000000
v 6.99223375 34.00000000 46.00000000
v 7.00000000 34.00000000 46.00371933
v 7.00000000 35.00000000 16.50746727
v 6.00070095 35.00000000 45.00000000
v 6.92377234 35.00000000 46.00000000
v 7.00000000 35.00000000 46.03623199
v 6.16732645 36.00000000 17.00000000
v 7.00000000 36.00000000 16.65538788
v 6.91029930 36.00000000 46.00000000
v 7.00000000 36.00000000 46.04116821
v 6.67283249 37.00000000 17.00000000
v 7.00000000 37.00000000 16.89203262
v 6.92026901 37.00000000 46.00000000
v 7.00000000 37.00000000 46.03458405
v 7.00000000 37.42152405 17.00000000
v 6.41582775 38.00000000 18.00000000
v 7.00000000 38.00000000 17.43193054
v 6.00075150 38.00000000 19.00000000
v 6.07005644 38.00000000 45.00000000
v 7.00000000 38.00000000 45.92882919
v 7.00000000 37.48414230 46.00000000
v 7.00000000 38.51350784 18.00000000
v 7.00000000 38.91554642 19.00000000
v 6.71353388 39.00000000 20.00000000
v 7.00000000 39.00000000 19.29500580
v 6.46725464 39.00000000 21.00000000
v 6.30798054 39.00000000 22.00000000
v 6.16387367 39.00000000 23.00000000
v 6.06135559 39.00000000 24.00000000
v 6.02155685 39.00000000 32.00000000
v 6.09620094 39.00000000 33.00000000
v 6.19184637 39.00000000 34.00000000
v 6.25936699 39.00000000 35.00000000
v 6.25657558 39.00000000 36.00000000
v 6.15224552 39.00000000 37.00000000
v 6.04693842 39.00000000 38.00000000
v 6.30679369 39.00000000 45.00000000
v 7.00000000 39.00000000 45.70746231
v 7.00000000 39.20289230 20.00000000
v 7.00000000 39.43347168 21.00000000
v 7.00000000 39.61278915 22.00000000
v 7.00000000 39.76744080 23.00000000
v 7.00000000 39.91577530 24.00000000
v 6.89765263 40.00000000 25.00000000
v 7.00000000 40.00000000 24.50625610
v 6.75721502 40.00000000 26.00000000
v 6.64071512 40.00000000 27.00000000
v 6.54926729 40.00000000 28.00000000
v 6.48853540 40.00000000 29.00000000
v 6.47181702 40.00000000 30.00000000
v 6.49473953 40.00000000 31.00000000
v 6.55556488 40.00000000 32.00000000
v 6.65761757 40.00000000 33.00000000
v 6.76176786 40.00000000 34.00000000
v 6.82021046 40.00000000 35.00000000
v 6.77644205 40.00000000 36.00000000
v 6.58405638 40.00000000 37.00000000
v 6.44145250 40.00000000 38.00000000
v 6.32766771 40.00000000 39.00000000
v 6.20711756 40.00000000 40.00000000
v 6.11656141 40.00000000 41.00000000
v 6.09625053 40.00000000 42.00000000
v 6.14366579 40.00000000 43.00000000
v 6.35101461 40.00000000 44.00000000
v 6.82709169 40.00000000 45.00000000
v 7.00000000 40.00000000 45.19393158
v 7.00000000 40.07250977 25.00000000
v 7.00000000 40.19495392 26.00000000
v 7.00000000 40.31762314 27.00000000
v 7.00000000 40.44129181 28.00000000
v 7.00000000 40.54041290 29.00000000
v 7.00000000 40.57500839 30.00000000
v 7.00000000 40.55289841 31.00000000
v 7.00000000 40.50539398 32.00000000
v 7.00000000 40.40345383 33.00000000
v 7.00000000 40.28886795 34.00000000
v 7.00000000 40.21946335 35.00000000
v 7.00000000 40.31021118 36.00000000
v 7.00000000 40.66099548 37.00000000
v 7.00000000 40.92246628 38.00000000
v 7.00000000 41.00000000 38.37480164
v 6.90646029 41.00000000 39.00000000
v 6.80289888 41.00000000 40.00000000
v 6.67495346 41.00000000 41.00000000
v 6.65900326 41.00000000 42.00000000
v 6.71400738 41.00000000 43.00000000
v 6.99604750 41.00000000 44.00000000
v 7.00000000 41.00000000 44.00723267
v 7.00000000 40.23119736 45.00000000
v 7.00000000 41.09096146 39.00000000
v 7.00000000 41.18676758 40.00000000
v 7.00000000 41.29370880 41.00000000
v 7.00000000 41.29993057 42.00000000
v 7.00000000 41.24460220 43.00000000
v 7.00000000 41.00314331 44.00000000
v 8.00000000 20.69952583 18.00000000
v 8.00000000 21.00000000 17.69746399
v 8.00000000 20.43435860 19.00000000
v 8.00000000 20.38562012 20.00000000
v 8.00000000 20.38182259 21.00000000
v 8.00000000 20.38267136 22.00000000
v 8.00000000 20.39257812 23.00000000
v 8.00000000 20.40164185 24.00000000
v 8.00000000 20.41153908 25.00000000
v 8.00000000 20.42056656 26.00000000
v 8.00000000 20.42437363 27.00000000
v 8.00000000 20.42832756 28.00000000
v 8.00000000 20.43714142 29.00000000
v 8.00000000 20.44297409 30.00000000
v 8.00000000 20.45106697 31.00000000
v 8.00000000 20.45873642 32.00000000
v 8.00000000 20.47099686 33.00000000
v 8.00000000 20.48079491 34.00000000
v 8.00000000 20.48736382 35.00000000
v 8.00000000 20.48461342 36.00000000
v 8.00000000 20.47023582 37.00000000
v 8.00000000 20.45303345 38.00000000
v 8.00000000 20.43328857 39.00000000
v 8.00000000 20.41307831 40.00000000
v 8.00000000 20.40169716 41.00000000
v 8.00000000 20.38555717 42.00000000
v 8.00000000 20.36879730 43.00000000
v 8.00000000 20.36174393 44.00000000
v 8.00000000 20.45294571 45.00000000
v 8.00000000 21.00000000 45.88208771
v 8.00000000 22.00000000 17.38422012
v 8.00000000 21.43963051 46.00000000
v 7.60119915 22.00000000 46.00000000
v 8.00000000 22.00000000 46.06715775
v 8.00000000 23.00000000 17.37124634
v 7.70142174 23.00000000 46.00000000
v 8.00000000 23.00000000 46.04635620
v 8.00000000 24.00000000 17.34891701
v 7.98484612 24.00000000 46.00000000
v 8.00000000 24.00000000 46.00217056
v 8.00000000 25.00000000 17.26167488
v 8.00000000 25.00000000 45.98143387
v 8.00000000 24.13223457 46.00000000
v 8.00000000 26.00000000 17.18216515
v 8.00000000 26.00000000 45.98272324
v 8.00000000 27.00000000 17.09755898
v 8.00000000 27.00000000 45.99641418
v 8.00000000 28.00000000 17.00255775
v 8.00000000 28.00000000 45.99108887
v 7.42987585 29.00000000 17.00000000
v 8.00000000 28.04168320 17.00000000
v 8.00000000 29.00000000 16.95156670
v 8.00000000 28.39011383 46.00000000
v 7.92508745 29.00000000 46.00000000
v 8.00000000 29.00000000 46.01180267
v 8.00000000 30.00000000 16.86935234
v 7.76994419 30.00000000 46.00000000
v 8.00000000 30.00000000 46.03696060
v 7.05318403 31.00000000 17.00000000
v 8.00000000 31.00000000 16.87336159
v 7.55023384 31.00000000 46.00000000
v 8.00000000 31.00000000 46.07719803
v 8.00000000 32.00000000 16.80379486
v 7.34387827 32.00000000 46.00000000
v 8.00000000 32.00000000 46.11030579
v 8.00000000 33.00000000 16.51568604
v 7.13669634 33.00000000 46.00000000
v 8.00000000 33.00000000 46.14720535
v 8.00000000 34.00000000 16.38596535
v 8.00000000 34.00000000 46.18010330
v 8.00000000 35.00000000 16.40060616
v 8.00000000 35.00000000 46.21831512
v 8.00000000 36.00000000 16.52777100
v 8.00000000 36.00000000 46.22612000
v 8.00000000 37.00000000 16.76054764
v 8.00000000 37.00000000 46.21271515
v 8.00000000 37.84188080 17.00000000
v 8.00000000 38.00000000 17.11725616
v 7.20966101 38.00000000 46.00000000
v 8.00000000 38.00000000 46.14053345
v 8.00000000 38.77260971 18.00000000
v 7.33298683 39.00000000 19.00000000
v 8.00000000 39.00000000 18.54722595
v 7.98393250 39.00000000 46.00000000
v 8.00000000 39.00000000 46.00236130
v 8.00000000 39.17240906 19.00000000
v 8.00000000 39.44831085 20.00000000
v 8.00000000 39.66471481 21.00000000
v 8.00000000 39.82550049 22.00000000
v 8.00000000 39.98954010 23.00000000
v 7.36356831 40.00000000 24.00000000
v 8.00000000 40.00000000 23.07179451
v 8.00000000 40.00000000 45.61405563
v 8.00000000 39.01310349 46.00000000
v 8.00000000 40.13083649 24.00000000
v 8.00000000 40.28290558 25.00000000
v 8.00000000 40.43173218 26.00000000
v 8.00000000 40.54821777 27.00000000
v 8.00000000 40.64541626 28.00000000
v 8.00000000 40.75254059 29.00000000
v 8.00000000 40.80470276 30.00000000
v 8.00000000 40.80464935 31.00000000
v 8.00000000 40.74771118 32.00000000
v 8.00000000 40.67332458 33.00000000
v 8.00000000 40.58438492 34.00000000
v 8.00000000 40.55698013 35.00000000
v 8.00000000 40.73665237 36.00000000
v 7.52277613 41.00000000 37.00000000
v 8.00000000 41.00000000 36.48620987
v 7.10129547 41.00000000 38.00000000
v 8.00000000 41.00000000 44.73728943
v 8.00000000 40.80270767 45.00000000
v 8.00000000 41.19835281 37.00000000
v 8.00000000 41.45009232 38.00000000
v 8.00000000 41.57862854 39.00000000
v 8.00000000 41.63692474 40.00000000
v 8.00000000 41.70796585 41.00000000
v 8.00000000 41.67726135 42.00000000
v 8.00000000 41.57796478 43.00000000
v 8.00000000 41.30305481 44.00000000
v 9.00000000 20.71657372 18.00000000
v 9.00000000 21.00000000 17.68557167
v 9.00000000 20.45127869 19.00000000
v 9.00000000 20.40702629 20.00000000
v 9.00000000 20.39991379 21.00000000
v 9.00000000 20.39305115 22.00000000
v 9.00000000 20.39267159 23.00000000
v 9.00000000 20.40309715 24.00000000
v 9.00000000 20.41749001 25.00000000
v 9.00000000 20.43002129 26.00000000
v 9.00000000 20.43520737 27.00000000
v 9.00000000 20.44363594 28.00000000
v 9.00000000 20.45313835 29.00000000
v 9.00000000 20.46167564 30.00000000
v 9.00000000 20.47312355 31.00000000
v 9.00000000 20.48426628 32.00000000
v 9.00000000 20.49822235 33.00000000
v 9.00000000 20.51017189 34.00000000
v 9.00000000 20.51540756 35.00000000
v 9.00000000 20.51057625 36.00000000
v 9.00000000 20.49641609 37.00000000
v 9.00000000 20.47735023 38.00000000
v 9.00000000 20.45610237 39.00000000
v 9.00000000 20.43442154 40.00000000
v 9.00000000 20.41914940 41.00000000
v 9.00000000 20.41060257 42.00000000
v 9.00000000 20.39406204 43.00000000
v 9.00000000 20.39887238 44.00000000
v 9.00000000 20.49885559 45.00000000
v 9.00000000 21.00000000 45.95854568
v 9.00000000 22.00000000 17.33504486
v 9.00000000 21.13742828 46.00000000
v 9.00000000 22.00000000 46.10291290
v 9.00000000 23.00000000 17.32825851
v 9.00000000 23.00000000 46.06264114
v 9.00000000 24.00000000 17.30812454
v 9.00000000 24.00000000 46.00663376
v 9.00000000 25.00000000 17.22079277
v 9.00000000 25.00000000 45.99558640
v 9.00000000 24.66097450 46.00000000
v 9.00000000 26.00000000 17.13248825
v 9.00000000 25.41986084 46.00000000
v 8.73554516 26.00000000 46.00000000
v 9.00000000 26.00000000 46.00473022
v 9.00000000 27.00000000 17.05599785
v 8.15290260 27.00000000 46.00000000
v 9.00000000 27.00000000 46.01536942
v 8.08823967 28.00000000 17.00000000
v 9.00000000 27.66796494 17.00000000
v 9.00000000 28.00000000 16.97834015
v 8.37093067 28.00000000 46.00000000
v 9.00000000 28.00000000 46.01224518
v 9.00000000 29.00000000 16.91844368
v 9.00000000 29.00000000 46.03873825
v 9.00000000 30.00000000 16.85924530
v 9.00000000 30.00000000 46.06499100
v 9.00000000 31.00000000 16.90262222
v 9.00000000 31.00000000 46.11147308
v 9.00000000 32.00000000 16.92682457
v 9.00000000 32.00000000 46.15923309
v 9.00000000 33.00000000 16.60135841
v 9.00000000 33.00000000 46.20999527
v 9.00000000 34.00000000 16.45185852
v 9.00000000 34.00000000 46.25595856
v 9.00000000 35.00000000 16.44628716
v 9.00000000 35.00000000 46.29668045
v 9.00000000 36.00000000 16.52100372
v 9.00000000 36.00000000 46.31429291
v 9.00000000 37.00000000 16.74988747
v 9.00000000 37.00000000 46.31284332
v 9.00000000 37.89157486 17.00000000
v 9.00000000 38.00000000 17.07952118
v 9.00000000 38.00000000 46.23767090
v 9.00000000 38.82458115 18.00000000
v 9.00000000 39.00000000 18.43276787
v 9.00000000 39.00000000 46.10080338
v 9.00000000 39.20250702 19.00000000
v 9.00000000 39.45614624 20.00000000
v 9.00000000 39.65960312 21.00000000
v 9.00000000 39.81932831 22.00000000
v 9.00000000 39.95774460 23.00000000
v 9.00000000 40.00000000 23.37141800
v 9.00000000 40.00000000 45.81566238
v 9.00000000 39.53238678 46.00000000
v 9.00000000 40.06800842 24.00000000
v 9.00000000 40.17754745 25.00000000
v 9.00000000 40.29969406 26.00000000
v 9.00000000 40.42033005 27.00000000
v 9.00000000 40.52856827 28.00000000
v 9.00000000 40.61408997 29.00000000
v 9.00000000 40.68579483 30.00000000
v 9.00000000 40.73367310 31.00000000
v 9.00000000 40.71010590 32.00000000
v 9.00000000 40.63391113 33.00000000
v 9.00000000 40.54330826 34.00000000
v 9.00000000 40.53256989 35.00000000
v 9.00000000 40.88549042 36.00000000
v 9.00000000 41.00000000 36.15650940
v 8.71389008 41.00000000 45.00000000
v 9.00000000 41.00000000 45.07416534
v 9.00000000 41.40100861 37.00000000
v 9.00000000 41.77984619 38.00000000
v 9.00000000 41.88740921 39.00000000
v 9.00000000 41.92943573 40.00000000
v 9.00000000 41.92547607 41.00000000
v 9.00000000 41.86651611 42.00000000
v 9.00000000 41.74853134 43.00000000
v 9.00000000 41.48826599 44.00000000
v 9.00000000 41.04598999 45.00000000
v 10.00000000 20.74252129 18.00000000
v 10.00000000 21.00000000 17.69247437
v 10.00000000 20.47326851 19.00000000
v 10.00000000 20.43272591 20.00000000
v 10.00000000 20.41961861 21.00000000
v 10.00000000 20.41248512 22.00000000
v 10.00000000 20.41755486 23.00000000
v 10.00000000 20.43177032 24.00000000
v 10.00000000 20.44571686 25.00000000
v 10.00000000 20.45955658 26.00000000
v 10.00000000 20.46432877 27.00000000
v 10.00000000 20.47010040 28.00000000
v 10.00000000 20.47970200 29.00000000
v 10.00000000 20.49192238 30.00000000
v 10.00000000 20.50605202 31.00000000
v 10.00000000 20.51878738 32.00000000
v 10.00000000 20.53292084 33.00000000
v 10.00000000 20.54484749 34.00000000
v 10.00000000 20.55039215 35.00000000
v 10.00000000 20.54288673 36.00000000
v 10.00000000 20.52697754 37.00000000
v 10.00000000 20.51091385 38.00000000
v 10.00000000 20.49070168 39.00000000
v 10.00000000 20.47235298 40.00000000
v 10.00000000 20.45600891 41.00000000
v 10.00000000 20.44231606 42.00000000
v 10.00000000 20.42942238 43.00000000
v 10.00000000 20.44090843 44.00000000
v 10.00000000 20.55319214 45.00000000
v 10.00000000 21.00000000 45.93014908
v 10.00000000 22.00000000 17.31192017
v 10.00000000 21.23766518 46.00000000
v 10.00000000 22.00000000 46.08658981
v 10.00000000 23.00000000 17.32411385
v 10.00000000 23.00000000 46.03433228
v 10.00000000 24.00000000 17.32124519
v 9.25156593 24.00000000 46.00000000
v 10.00000000 24.00000000 45.97378159
v 10.00000000 23.63806725 46.00000000
v 10.00000000 25.00000000 17.23999023
v 10.00000000 25.00000000 45.97200775
v 10.00000000 26.00000000 17.14014435
v 9.30516815 26.00000000 46.00000000
v 10.00000000 26.00000000 45.98604965
v 10.00000000 27.00000000 17.06044960
v 10.00000000 26.75359154 46.00000000
v 10.00000000 27.00000000 46.00353622
v 10.00000000 27.78080750 17.00000000
v 10.00000000 28.00000000 16.98660851
v 10.00000000 28.00000000 46.00374985
v 10.00000000 29.00000000 16.91860771
v 10.00000000 29.00000000 46.03750229
v 10.00000000 30.00000000 16.87544632
v 10.00000000 30.00000000 46.06916809
v 10.00000000 31.00000000 16.97457886
v 10.00000000 31.00000000 46.11541367
v 10.00000000 31.14124870 17.00000000
v 9.32887650 32.00000000 17.00000000
v 10.00000000 32.00000000 17.17481804
v 10.00000000 32.00000000 46.17120743
v 10.00000000 32.35906219 17.00000000
v 10.00000000 33.00000000 16.77711105
v 10.00000000 33.00000000 46.22455597
v 10.00000000 34.00000000 16.62855148
v 10.00000000 34.00000000 46.28192139
v 10.00000000 35.00000000 16.60430908
v 10.00000000 35.00000000 46.32514191
v 10.00000000 36.00000000 16.68523026
v 10.00000000 36.00000000 46.34406662
v 10.00000000 37.00000000 16.88012505
v 10.00000000 37.00000000 46.34565735
v 10.00000000 37.50315857 17.00000000
v 10.00000000 38.00000000 17.34400558
v 10.00000000 38.00000000 46.27820587
v 10.00000000 38.56401443 18.00000000
v 10.00000000 38.89616776 19.00000000
v 9.68159389 39.00000000 19.00000000
v 10.00000000 39.00000000 19.45937347
v 10.00000000 39.00000000 46.15584946
v 10.00000000 39.11210251 20.00000000
v 10.00000000 39.30081940 21.00000000
v 10.00000000 39.46221542 22.00000000
v 10.00000000 39.60248184 23.00000000
v 10.00000000 39.72616959 24.00000000
v 9.23377609 40.00000000 24.00000000
v 10.00000000 39.83657074 25.00000000
v 9.55641556 40.00000000 25.00000000
v 10.00000000 39.93379974 26.00000000
v 9.83665180 40.00000000 26.00000000
v 10.00000000 40.00000000 26.81907272
v 10.00000000 40.00000000 45.94858551
v 10.00000000 39.86315536 46.00000000
v 10.00000000 40.01486206 27.00000000
v 10.00000000 40.08930588 28.00000000
v 10.00000000 40.14654541 29.00000000
v 10.00000000 40.18967819 30.00000000
v 10.00000000 40.23455048 31.00000000
v 10.00000000 40.23817444 32.00000000
v 10.00000000 40.18072128 33.00000000
v 10.00000000 40.16416168 34.00000000
v 10.00000000 40.13437653 35.00000000
v 10.00000000 40.55094910 36.00000000
v 10.00000000 41.00000000 36.32973480
v 10.00000000 41.00000000 45.27036285
v 10.00000000 41.48302078 37.00000000
v 10.00000000 41.98855972 38.00000000
v 9.46650314 42.00000000 39.00000000
v 10.00000000 42.00000000 38.07771301
v 9.36641598 42.00000000 40.00000000
v 9.50541973 42.00000000 41.00000000
v 9.96541977 42.00000000 42.00000000
v 10.00000000 42.00000000 42.03477478
v 10.00000000 41.86905289 43.00000000
v 10.00000000 41.60956192 44.00000000
v 10.00000000 41.17410660 45.00000000
v 10.00000000 42.09262085 39.00000000
v 10.00000000 42.09183121 40.00000000
v 10.00000000 42.05422592 41.00000000
v 10.00000000 42.00349808 42.00000000
v 11.00000000 20.76423264 18.00000000
v 11.00000000 21.00000000 17.71007919
v 11.00000000 20.49589348 19.00000000
v 11.00000000 20.44455147 20.00000000
v 11.00000000 20.42549706 21.00000000
v 11.00000000 20.41834641 22.00000000
v 11.00000000 20.43042564 23.00000000
v 11.00000000 20.44830322 24.00000000
v 11.00000000 20.46448517 25.00000000
v 11.00000000 20.47676659 26.00000000
v 11.00000000 20.48043442 27.00000000
v 11.00000000 20.48437691 28.00000000
v 11.00000000 20.49526024 29.00000000
v 11.00000000 20.51010513 30.00000000
v 11.00000000 20.52671623 31.00000000
v 11.00000000 20.54014587 32.00000000
v 11.00000000 20.55309868 33.00000000
v 11.00000000 20.56181717 34.00000000
v 11.00000000 20.56563568 35.00000000
v 11.00000000 20.55771828 36.00000000
v 11.00000000 20.54256821 37.00000000
v 11.00000000 20.52826118 38.00000000
v 11.00000000 20.51137924 39.00000000
v 11.00000000 20.49633789 40.00000000
v 11.00000000 20.48084259 41.00000000
v 11.00000000 20.46823883 42.00000000
v 11.00000000 20.45699883 43.00000000
v 11.00000000 20.46739578 44.00000000
v 11.00000000 20.59118843 45.00000000
v 11.00000000 21.00000000 45.85750580
v 11.00000000 22.00000000 17.31916428
v 11.00000000 21.49198151 46.00000000
v 11.00000000 22.00000000 46.05935287
v 11.00000000 23.00000000 17.33494759
v 11.00000000 23.00000000 46.00586700
v 11.00000000 24.00000000 17.33801460
v 11.00000000 24.00000000 45.93589401
v 11.00000000 23.10650063 46.00000000
v 11.00000000 25.00000000 17.26478577
v 11.00000000 25.00000000 45.93862152
v 11.00000000 26.00000000 17.14906120
v 11.00000000 26.00000000 45.94897461
v 11.00000000 27.00000000 17.07265854
v 10.14738655 27.00000000 46.00000000
v 11.00000000 27.00000000 45.97257233
v 11.00000000 27.91030693 17.00000000
v 11.00000000 28.00000000 16.99405861
v 10.13756657 28.00000000 46.00000000
v 11.00000000 28.00000000 45.96995926
v 11.00000000 29.00000000 16.90933418
v 11.00000000 28.63350296 46.00000000
v 11.00000000 29.00000000 46.01357269
v 11.00000000 30.00000000 16.85445213
v 11.00000000 30.00000000 46.05330276
v 11.00000000 30.80051422 17.00000000
v 10.39734745 31.00000000 17.00000000
v 11.00000000 31.00000000 17.05187225
v 11.00000000 31.00000000 46.11120987
v 11.00000000 32.00000000 17.61312675
v 11.00000000 32.00000000 46.17259979
v 10.98674679 33.00000000 17.00000000
v 11.00000000 33.00000000 17.00915909
v 11.00000000 33.00000000 46.23471069
v 11.00000000 33.04089355 17.00000000
v 11.00000000 34.00000000 16.89884186
v 11.00000000 34.00000000 46.29253006
v 11.00000000 35.00000000 16.93504333
v 11.00000000 35.00000000 46.33336639
v 11.00000000 35.69387054 17.00000000
v 10.91675854 36.00000000 17.00000000
v 11.00000000 36.00000000 17.08827400
v 11.00000000 36.00000000 46.36037445
v 10.38863468 37.00000000 17.00000000
v 11.00000000 37.00000000 17.67712402
v 11.00000000 37.00000000 46.35725021
v 11.00000000 37.41856003 18.00000000
v 10.64375305 38.00000000 18.00000000
v 11.00000000 37.86556244 19.00000000
v 10.91897964 38.00000000 19.00000000
v 11.00000000 38.00000000 19.51943398
v 11.00000000 38.00000000 46.29923630
v 11.00000000 38.10726929 20.00000000
v 10.16727161 39.00000000 20.00000000
v 11.00000000 38.31826782 21.00000000
v 10.41662121 39.00000000 21.00000000
v 11.00000000 38.47161484 22.00000000
v 10.58435631 39.00000000 22.00000000
v 11.00000000 38.61861038 23.00000000
v 10.71749306 39.00000000 23.00000000
v 11.00000000 38.73375320 24.00000000
v 10.81547928 39.00000000 24.00000000
v 11.00000000 38.83437729 25.00000000
v 10.89117146 39.00000000 25.00000000
v 11.00000000 38.93475723 26.00000000
v 10.95968056 39.00000000 26.00000000
v 11.00000000 38.98749542 27.00000000
v 10.99229240 39.00000000 27.00000000
v 11.00000000 39.00000000 27.51424599
v 10.99356556 39.00000000 29.00000000
v 11.00000000 39.00000000 28.50417709
v 11.00000000 38.98728180 29.00000000
v 11.00000000 38.89576340 30.00000000
v 10.95654297 39.00000000 30.00000000
v 11.00000000 38.79088211 31.00000000
v 10.92439461 39.00000000 31.00000000
v 11.00000000 38.69214630 32.00000000
v 10.87677956 39.00000000 32.00000000
v 11.00000000 38.86035156 33.00000000
v 10.93654251 39.00000000 33.00000000
v 11.00000000 39.00000000 33.40694046
v 11.00000000 39.00000000 46.18305969
v 10.02073193 40.00000000 27.00000000
v 11.00000000 39.01099396 28.00000000
v 10.11700344 40.00000000 28.00000000
v 10.17964268 40.00000000 29.00000000
v 10.22098827 40.00000000 30.00000000
v 10.26239109 40.00000000 31.00000000
v 10.26398277 40.00000000 32.00000000
v 10.19825935 40.00000000 33.00000000
v 11.00000000 39.12351227 34.00000000
v 10.20660210 40.00000000 34.00000000
v 11.00000000 39.32280350 35.00000000
v 10.19726467 40.00000000 35.00000000
v 11.00000000 40.00000000 35.93866730
v 10.71390438 40.00000000 46.00000000
v 11.00000000 40.00000000 46.01036835
v 11.00000000 40.04641724 36.00000000
v 11.00000000 41.00000000 36.53990173
v 11.00000000 41.00000000 45.38771057
v 11.00000000 40.03701019 46.00000000
v 11.00000000 41.43463516 37.00000000
v 10.08483219 42.00000000 38.00000000
v 11.00000000 42.00000000 37.81217575
v 11.00000000 42.00000000 42.78089142
v 11.00000000 41.96100998 43.00000000
v 11.00000000 41.68301773 44.00000000
v 11.00000000 41.25817490 45.00000000
v 11.00000000 42.08140564 38.00000000
v 11.00000000 42.18278122 39.00000000
v 11.00000000 42.19810867 40.00000000
v 11.00000000 42.17036819 41.00000000
v 11.00000000 42.10116959 42.00000000
v 12.00000000 20.77582359 18.00000000
v 12.00000000 21.00000000 17.72215271
v 12.00000000 20.50969505 19.00000000
v 12.00000000 20.44992065 20.00000000
v 12.00000000 20.43236923 21.00000000
v 12.00000000 20.42826080 22.00000000
v 12.00000000 20.44253159 23.00000000
v 12.00000000 20.46039200 24.00000000
v 12.00000000 20.47821808 25.00000000
v 12.00000000 20.48778915 26.00000000
v 12.00000000 20.48885345 27.00000000
v 12.00000000 20.49074745 28.00000000
v 12.00000000 20.50005722 29.00000000
v 12.00000000 20.51303673 30.00000000
v 12.00000000 20.53083801 31.00000000
v 12.00000000 20.54855919 32.00000000
v 12.00000000 20.56159210 33.00000000
v 12.00000000 20.57031631 34.00000000
v 12.00000000 20.57116699 35.00000000
v 12.00000000 20.56175995 36.00000000
v 12.00000000 20.54897690 37.00000000
v 12.00000000 20.53479004 38.00000000
v 12.00000000 20.51931000 39.00000000
v 12.00000000 20.50653839 40.00000000
v 12.00000000 20.49442101 41.00000000
v 12.00000000 20.48262024 42.00000000
v 12.00000000 20.47422409 43.00000000
v 12.00000000 20.48526382 44.00000000
v 12.00000000 20.61853027 45.00000000
v 12.00000000 21.00000000 45.76686096
v 12.00000000 22.00000000 17.32696152
v 12.00000000 21.79716110 46.00000000
v 12.00000000 22.00000000 46.02545547
v 12.00000000 23.00000000 17.34095001
v 11.20238781 23.00000000 46.00000000
v 12.00000000 23.00000000 45.96865845
v 12.00000000 22.53211594 46.00000000
v 12.00000000 24.00000000 17.34141541
v 12.00000000 24.00000000 45.89843750
v 12.00000000 25.00000000 17.27482796
v 12.00000000 25.00000000 45.90988922
v 12.00000000 26.00000000 17.15513420
v 12.00000000 26.00000000 45.92382050
v 12.00000000 27.00000000 17.08327103
v 12.00000000 27.00000000 45.95365143
v 11.89160156 28.00000000 17.00000000
v 12.00000000 28.00000000 17.00082016
v 12.00000000 28.00000000 45.95336151
v 12.00000000 28.00762558 17.00000000
v 12.00000000 29.00000000 16.90454674
v 11.98340511 29.00000000 46.00000000
v 12.00000000 29.00000000 45.99972153
v 12.00000000 30.00000000 16.83073807
v 12.00000000 29.00473213 46.00000000
v 12.00000000 30.00000000 46.04885101
v 12.00000000 30.80528831 17.00000000
v 12.00000000 31.00000000 17.07283592
v 12.00000000 31.00000000 46.11119461
v 12.00000000 31.67338753 18.00000000
v 11.45041752 32.00000000 18.00000000
v 12.00000000 31.99062538 19.00000000
v 11.98640156 32.00000000 19.00000000
v 12.00000000 32.00000000 19.05176353
v 11.99879742 32.00000000 25.00000000
v 12.00000000 32.00000000 24.97967339
v 12.00000000 31.99896622 25.00000000
v 12.00000000 31.93868828 26.00000000
v 11.92847729 32.00000000 26.00000000
v 12.00000000 31.88120842 27.00000000
v 11.86088085 32.00000000 27.00000000
v 12.00000000 31.83138466 28.00000000
v 11.79264927 32.00000000 28.00000000
v 12.00000000 31.78319931 29.00000000
v 11.72381306 32.00000000 29.00000000
v 12.00000000 31.76413536 30.00000000
v 11.70253754 32.00000000 30.00000000
v 12.00000000 31.80002594 31.00000000
v 11.76045418 32.00000000 31.00000000
v 12.00000000 31.90247536 32.00000000
v 11.87651253 32.00000000 32.00000000
v 12.00000000 32.00000000 32.71495438
v 12.00000000 32.00000000 46.17359924
v 11.82555294 33.00000000 18.00000000
v 12.00000000 33.00000000 18.61917496
v 12.00000000 32.12371063 19.00000000
v 11.96466351 33.00000000 24.00000000
v 12.00000000 33.00000000 23.48524857
v 12.00000000 32.60989380 24.00000000
v 11.89184856 33.00000000 25.00000000
v 11.83666611 33.00000000 26.00000000
v 11.78261662 33.00000000 27.00000000
v 11.72693157 33.00000000 28.00000000
v 11.67367077 33.00000000 29.00000000
v 11.64260960 33.00000000 30.00000000
v 11.68586922 33.00000000 31.00000000
v 11.86936092 33.00000000 32.00000000
v 12.00000000 33.00000000 32.79068756
v 12.00000000 33.00000000 46.24224472
v 11.21285248 34.00000000 17.00000000
v 11.81099224 34.00000000 18.00000000
v 12.00000000 34.00000000 18.81163788
v 12.00000000 33.34723282 24.00000000
v 12.00000000 33.94382095 25.00000000
v 11.91094780 34.00000000 26.00000000
v 12.00000000 34.00000000 25.07217789
v 11.83139992 34.00000000 27.00000000
v 11.77033806 34.00000000 28.00000000
v 11.71471024 34.00000000 29.00000000
v 11.67632675 34.00000000 30.00000000
v 11.70253372 34.00000000 31.00000000
v 11.82460403 34.00000000 32.00000000
v 12.00000000 34.00000000 32.71444702
v 12.00000000 34.00000000 46.29742050
v 11.13473511 35.00000000 17.00000000
v 11.73242092 35.00000000 18.00000000
v 12.00000000 34.45429993 19.00000000
v 11.94359398 35.00000000 19.00000000
v 12.00000000 35.00000000 19.96313286
v 11.99421501 35.00000000 26.00000000
v 12.00000000 35.00000000 25.91759109
v 11.90071106 35.00000000 27.00000000
v 11.79634571 35.00000000 28.00000000
v 11.70659256 35.00000000 29.00000000
v 11.63271618 35.00000000 30.00000000
v 11.62614250 35.00000000 31.00000000
v 11.71566963 35.00000000 32.00000000
v 12.00000000 34.40105057 33.00000000
v 11.88142967 35.00000000 33.00000000
v 12.00000000 35.00000000 33.34605408
v 12.00000000 35.00000000 46.34105301
v 11.52227402 36.00000000 18.00000000
v 11.71481991 36.00000000 19.00000000
v 12.00000000 35.01015091 20.00000000
v 11.78989983 36.00000000 20.00000000
v 12.00000000 35.14311600 21.00000000
v 11.84688187 36.00000000 21.00000000
v 12.00000000 35.27690887 22.00000000
v 11.88909626 36.00000000 22.00000000
v 12.00000000 35.46160507 23.00000000
v 11.90977573 36.00000000 23.00000000
v 12.00000000 35.59196854 24.00000000
v 11.92563438 36.00000000 24.00000000
v 12.00000000 35.48593521 25.00000000
v 11.93065357 36.00000000 25.00000000
v 11.88280678 36.00000000 26.00000000
v 11.80341339 36.00000000 27.00000000
v 11.71799374 36.00000000 28.00000000
v 11.63249969 36.00000000 29.00000000
v 11.54317474 36.00000000 30.00000000
v 11.52922916 36.00000000 31.00000000
v 11.59925556 36.00000000 32.00000000
v 11.72657299 36.00000000 33.00000000
v 12.00000000 36.00000000 33.82396317
v 12.00000000 36.00000000 46.36774826
v 11.17327499 37.00000000 18.00000000
v 11.39791965 37.00000000 19.00000000
v 11.50766182 37.00000000 20.00000000
v 11.58282185 37.00000000 21.00000000
v 11.62557411 37.00000000 22.00000000
v 11.66722012 37.00000000 23.00000000
v 11.69861698 37.00000000 24.00000000
v 11.71192932 37.00000000 25.00000000
v 11.70801353 37.00000000 26.00000000
v 11.67994308 37.00000000 27.00000000
v 11.62580013 37.00000000 28.00000000
v 11.52088547 37.00000000 29.00000000
v 11.43152905 37.00000000 30.00000000
v 11.41067314 37.00000000 31.00000000
v 11.49692535 37.00000000 32.00000000
v 11.59002018 37.00000000 33.00000000
v 12.00000000 36.44618988 34.00000000
v 11.90722466 37.00000000 34.00000000
v 12.00000000 37.00000000 34.12588882
v 12.00000000 37.00000000 46.36252594
v 11.06205273 38.00000000 20.00000000
v 11.17453575 38.00000000 21.00000000
v 11.25255871 38.00000000 22.00000000
v 11.32139778 38.00000000 23.00000000
v 11.37467766 38.00000000 24.00000000
v 11.41501999 38.00000000 25.00000000
v 11.44749355 38.00000000 26.00000000
v 11.47393608 38.00000000 27.00000000
v 11.44780922 38.00000000 28.00000000
v 11.39579487 38.00000000 29.00000000
v 11.30735397 38.00000000 30.00000000
v 11.24614334 38.00000000 31.00000000
v 11.25722408 38.00000000 32.00000000
v 11.38249493 38.00000000 33.00000000
v 11.60949707 38.00000000 34.00000000
v 12.00000000 38.00000000 34.63879013
v 12.00000000 38.00000000 46.31163788
v 11.00646496 39.00000000 28.00000000
v 11.10635090 39.00000000 34.00000000
v 12.00000000 38.38449478 35.00000000
v 11.45325184 39.00000000 35.00000000
v 12.00000000 39.00000000 35.38542557
v 12.00000000 39.00000000 46.19780731
v 12.00000000 39.73575592 36.00000000
v 11.16556835 40.00000000 36.00000000
v 12.00000000 40.00000000 36.12081528
v 12.00000000 40.00000000 46.03156662
v 12.00000000 41.00000000 36.65322876
v 12.00000000 41.00000000 45.47172928
v 12.00000000 40.11492538 46.00000000
v 12.00000000 41.39836884 37.00000000
v 12.00000000 42.00000000 37.71082306
v 11.43395519 42.00000000 43.00000000
v 12.00000000 42.00000000 43.16628647
v 12.00000000 41.74009323 44.00000000
v 12.00000000 41.32109070 45.00000000
v 12.00000000 42.14416122 38.00000000
v 12.00000000 42.26464844 39.00000000
v 12.00000000 42.28588486 40.00000000
v 12.00000000 42.26345825 41.00000000
v 12.00000000 42.18534851 42.00000000
v 12.00000000 42.03785324 43.00000000
v 13.00000000 20.78705978 18.00000000
v 13.00000000 21.00000000 17.73262405
v 13.00000000 20.51466942 19.00000000
v 13.00000000 20.45144844 20.00000000
v 13.00000000 20.43633461 21.00000000
v 13.00000000 20.43331146 22.00000000
v 13.00000000 20.44818306 23.00000000
v 13.00000000 20.47085953 24.00000000
v 13.00000000 20.48811913 25.00000000
v 13.00000000 20.49584198 26.00000000
v 13.00000000 20.49990654 27.00000000
v 13.00000000 20.50155449 28.00000000
v 13.00000000 20.50898743 29.00000000
v 13.00000000 20.52030945 30.00000000
v 13.00000000 20.53885460 31.00000000
v 13.00000000 20.55842590 32.00000000
v 13.00000000 20.57111740 33.00000000
v 13.00000000 20.57794571 34.00000000
v 13.00000000 20.57899094 35.00000000
v 13.00000000 20.56793594 36.00000000
v 13.00000000 20.55544853 37.00000000
v 13.00000000 20.54100990 38.00000000
v 13.00000000 20.52579880 39.00000000
v 13.00000000 20.51354980 40.00000000
v 13.00000000 20.50433350 41.00000000
v 13.00000000 20.49022484 42.00000000
v 13.00000000 20.48304939 43.00000000
v 13.00000000 20.49419212 44.00000000
v 13.00000000 20.63281250 45.00000000
v 13.00000000 21.00000000 45.70926285
v 13.00000000 22.00000000 17.32918549
v 12.95760345 22.00000000 46.00000000
v 13.00000000 22.00000000 45.99824142
v 13.00000000 23.00000000 17.34508514
v 13.00000000 23.00000000 45.94597244
v 13.00000000 24.00000000 17.34158707
v 13.00000000 24.00000000 45.87935638
v 13.00000000 25.00000000 17.27590179
v 13.00000000 25.00000000 45.88668060
v 13.00000000 26.00000000 17.15556717
v 13.00000000 26.00000000 45.89953995
v 13.00000000 27.00000000 17.07805824
v 13.00000000 27.00000000 45.94167709
v 13.00000000 28.00000000 17.00042343
v 13.00000000 28.00000000 45.95123291
v 13.00000000 28.00375748 17.00000000
v 13.00000000 29.00000000 16.89530563
v 13.00000000 29.00000000 45.99137878
v 13.00000000 30.00000000 16.79450417
v 13.00000000 29.13138008 46.00000000
v 13.00000000 30.00000000 46.04767990
v 13.00000000 30.94280434 17.00000000
v 13.00000000 31.00000000 17.02428055
v 13.00000000 31.00000000 46.11360931
v 13.00000000 31.46787453 18.00000000
v 13.00000000 31.59062004 19.00000000
v 13.00000000 31.67601776 20.00000000
v 12.26749420 32.00000000 20.00000000
v 13.00000000 31.65581894 21.00000000
v 12.27064228 32.00000000 21.00000000
v 13.00000000 31.60578156 22.00000000
v 12.22164726 32.00000000 22.00000000
v 13.00000000 31.54582787 23.00000000
v 12.14558315 32.00000000 23.00000000
v 13.00000000 31.49447250 24.00000000
v 12.05045033 32.00000000 24.00000000
v 13.00000000 31.46270561 25.00000000
v 13.00000000 31.43979073 26.00000000
v 13.00000000 31.41861534 27.00000000
v 13.00000000 31.38837624 28.00000000
v 13.00000000 31.35796738 29.00000000
v 13.00000000 31.33334732 30.00000000
v 13.00000000 31.31786728 31.00000000
v 13.00000000 31.32954788 32.00000000
v 13.00000000 31.46816063 33.00000000
v 12.04979897 32.00000000 33.00000000
v 13.00000000 31.68057823 34.00000000
v 12.29308224 32.00000000 34.00000000
v 13.00000000 31.91667747 35.00000000
v 12.76470852 32.00000000 35.00000000
v 13.00000000 32.00000000 35.14603806
v 13.00000000 32.00000000 46.18119431
v 12.07830811 33.00000000 19.00000000
v 12.12423325 33.00000000 20.00000000
v 12.09050274 33.00000000 21.00000000
v 12.06237602 33.00000000 22.00000000
v 12.02289200 33.00000000 23.00000000
v 12.03037071 33.00000000 33.00000000
v 12.25918674 33.00000000 34.00000000
v 12.91305923 33.00000000 35.00000000
v 13.00000000 33.00000000 35.04964066
v 13.00000000 33.00000000 46.25084686
v 12.02838421 34.00000000 19.00000000
v 12.07549000 34.00000000 20.00000000
v 12.08501244 34.00000000 21.00000000
v 12.08080769 34.00000000 22.00000000
v 12.07847500 34.00000000 23.00000000
v 12.04190826 34.00000000 24.00000000
v 12.00381184 34.00000000 25.00000000
v 12.06072235 34.00000000 33.00000000
v 12.36901760 34.00000000 34.00000000
v 13.00000000 34.00000000 34.58444977
v 13.00000000 33.11139297 35.00000000
v 13.00000000 34.00000000 46.30312729
v 12.00128555 35.00000000 20.00000000
v 12.01488590 35.00000000 21.00000000
v 12.02421570 35.00000000 22.00000000
v 12.04376125 35.00000000 23.00000000
v 12.05895805 35.00000000 24.00000000
v 12.03519917 35.00000000 25.00000000
v 12.32504272 35.00000000 34.00000000
v 13.00000000 35.00000000 34.45098495
v 13.00000000 35.00000000 46.35081482
v 12.08847523 36.00000000 34.00000000
v 13.00000000 36.00000000 34.59694290
v 13.00000000 36.00000000 46.37689209
v 13.00000000 37.00000000 34.80518341
v 13.00000000 37.00000000 46.37068176
v 13.00000000 37.56845474 35.00000000
v 12.58665085 38.00000000 35.00000000
v 13.00000000 38.00000000 35.14553070
v 13.00000000 38.00000000 46.32050705
v 13.00000000 39.00000000 35.66196442
v 13.00000000 39.00000000 46.20505905
v 13.00000000 39.47513962 36.00000000
v 13.00000000 40.00000000 36.21911240
v 13.00000000 40.00000000 46.04682922
v 13.00000000 41.00000000 36.71453476
v 13.00000000 41.00000000 45.53232574
v 13.00000000 40.17298508 46.00000000
v 13.00000000 41.35622787 37.00000000
v 13.00000000 42.00000000 37.65981674
v 13.00000000 42.00000000 43.40360641
v 13.00000000 41.79739380 44.00000000
v 13.00000000 41.36920547 45.00000000
v 13.00000000 42.18824768 38.00000000
v 13.00000000 42.33991623 39.00000000
v 13.00000000 42.35921860 40.00000000
v 13.00000000 42.33421326 41.00000000
v 13.00000000 42.26070404 42.00000000
v 13.00000000 42.09915543 43.00000000
v 14.00000000 20.78386879 18.00000000
v 14.00000000 21.00000000 17.72242737
v 14.00000000 20.51322937 19.00000000
v 14.00000000 20.45148849 20.00000000
v 14.00000000 20.44035149 21.00000000
v 14.00000000 20.43758774 22.00000000
v 14.00000000 20.45147705 23.00000000
v 14.00000000 20.47537231 24.00000000
v 14.00000000 20.48967361 25.00000000
v 14.00000000 20.49667931 26.00000000
v 14.00000000 20.50074005 27.00000000
v 14.00000000 20.50372314 28.00000000
v 14.00000000 20.51010513 29.00000000
v 14.00000000 20.52071381 30.00000000
v 14.00000000 20.54004860 31.00000000
v 14.00000000 20.55956841 32.00000000
v 14.00000000 20.57398605 33.00000000
v 14.00000000 20.57795525 34.00000000
v 14.00000000 20.57828331 35.00000000
v 14.00000000 20.56701469 36.00000000
v 14.00000000 20.55485535 37.00000000
v 14.00000000 20.54021072 38.00000000
v 14.00000000 20.52660561 39.00000000
v 14.00000000 20.51387978 40.00000000
v 14.00000000 20.50707245 41.00000000
v 14.00000000 20.49374199 42.00000000
v 14.00000000 20.48852158 43.00000000
v 14.00000000 20.50128746 44.00000000
v 14.00000000 20.64142227 45.00000000
v 14.00000000 21.00000000 45.68069839
v 14.00000000 22.00000000 17.32075310
v 14.00000000 22.00000000 45.97797012
v 14.00000000 23.00000000 17.33710289
v 14.00000000 23.00000000 45.92982101
v 14.00000000 24.00000000 17.33011627
v 14.00000000 24.00000000 45.86722183
v 14.00000000 25.00000000 17.26456261
v 14.00000000 25.00000000 45.86967468
v 14.00000000 26.00000000 17.14706802
v 14.00000000 26.00000000 45.88592148
v 14.00000000 27.00000000 17.06398201
v 14.00000000 27.00000000 45.93887711
v 13.02659035 28.00000000 17.00000000
v 14.00000000 27.80381584 17.00000000
v 14.00000000 28.00000000 16.98565865
v 14.00000000 28.00000000 45.95549774
v 14.00000000 29.00000000 16.86741447
v 14.00000000 29.00000000 45.98834229
v 14.00000000 30.00000000 16.74515533
v 14.00000000 29.17429352 46.00000000
v 14.00000000 30.00000000 46.04593277
v 13.46678925 31.00000000 17.00000000
v 14.00000000 31.00000000 16.98402977
v 14.00000000 31.00000000 46.11567307
v 14.00000000 31.01587486 17.00000000
v 14.00000000 31.41308403 18.00000000
v 14.00000000 31.49390602 19.00000000
v 14.00000000 31.51663399 20.00000000
v 14.00000000 31.49898529 21.00000000
v 14.00000000 31.45658493 22.00000000
v 14.00000000 31.40750313 23.00000000
v 14.00000000 31.38521957 24.00000000
v 14.00000000 31.36900330 25.00000000
v 14.00000000 31.35087967 26.00000000
v 14.00000000 31.32777214 27.00000000
v 14.00000000 31.29947853 28.00000000
v 14.00000000 31.25207329 29.00000000
v 14.00000000 31.21191216 30.00000000
v 14.00000000 31.17230797 31.00000000
v 14.00000000 31.14845657 32.00000000
v 14.00000000 31.22785568 33.00000000
v 14.00000000 31.45792389 34.00000000
v 14.00000000 31.81485748 35.00000000
v 14.00000000 32.00000000 35.31136703
v 14.00000000 32.00000000 46.19023895
v 14.00000000 33.00000000 35.25198746
v 14.00000000 33.00000000 46.26024628
v 14.00000000 33.59721375 35.00000000
v 14.00000000 34.00000000 34.85356522
v 14.00000000 34.00000000 46.31042099
v 14.00000000 35.00000000 34.70362473
v 14.00000000 35.00000000 46.35668182
v 14.00000000 36.00000000 34.80660629
v 14.00000000 36.00000000 46.38625336
v 14.00000000 36.96510696 35.00000000
v 13.95369244 37.00000000 35.00000000
v 14.00000000 37.00000000 35.00813293
v 14.00000000 37.00000000 46.38240433
v 14.00000000 38.00000000 35.38799286
v 14.00000000 38.00000000 46.32817841
v 14.00000000 39.00000000 35.88782501
v 14.00000000 39.00000000 46.21063614
v 14.00000000 39.17736053 36.00000000
v 14.00000000 40.00000000 36.32891083
v 14.00000000 40.00000000 46.05862427
v 14.00000000 41.00000000 36.78121185
v 14.00000000 41.00000000 45.57324982
v 14.00000000 40.22056580 46.00000000
v 14.00000000 41.28799057 37.00000000
v 14.00000000 42.00000000 37.65699768
v 14.00000000 42.00000000 43.57877350
v 14.00000000 41.84429550 44.00000000
v 14.00000000 41.40011597 45.00000000
v 14.00000000 42.21105576 38.00000000
v 14.00000000 42.40345383 39.00000000
v 14.00000000 42.42126846 40.00000000
v 14.00000000 42.39349365 41.00000000
v 14.00000000 42.31738663 42.00000000
v 14.00000000 42.15228271 43.00000000
v 15.00000000 20.78324318 18.00000000
v 15.00000000 21.00000000 17.71826935
v 15.00000000 20.51060867 19.00000000
v 15.00000000 20.44942856 20.00000000
v 15.00000000 20.43664932 21.00000000
v 15.00000000 20.43615913 22.00000000
v 15.00000000 20.45054436 23.00000000
v 15.00000000 20.47262192 24.00000000
v 15.00000000 20.48594856 25.00000000
v 15.00000000 20.49651527 26.00000000
v 15.00000000 20.49979401 27.00000000
v 15.00000000 20.50420380 28.00000000
v 15.00000000 20.51252937 29.00000000
v 15.00000000 20.52460861 30.00000000
v 15.00000000 20.54559898 31.00000000
v 15.00000000 20.56333733 32.00000000
v 15.00000000 20.57322121 33.00000000
v 15.00000000 20.57673454 34.00000000
v 15.00000000 20.57469749 35.00000000
v 15.00000000 20.56362152 36.00000000
v 15.00000000 20.55427551 37.00000000
v 15.00000000 20.54236984 38.00000000
v 15.00000000 20.52878189 39.00000000
v 15.00000000 20.51873970 40.00000000
v 15.00000000 20.51326561 41.00000000
v 15.00000000 20.49910927 42.00000000
v 15.00000000 20.49368286 43.00000000
v 15.00000000 20.50668716 44.00000000
v 15.00000000 20.64568520 45.00000000
v 15.00000000 21.00000000 45.66929245
v 15.00000000 22.00000000 17.31425667
v 15.00000000 22.00000000 45.96575165
v 15.00000000 23.00000000 17.32872009
v 15.00000000 23.00000000 45.91607666
v 15.00000000 24.00000000 17.31901360
v 15.00000000 24.00000000 45.85653687
v 15.00000000 25.00000000 17.25273514
v 15.00000000 25.00000000 45.86012268
v 15.00000000 26.00000000 17.13500404
v 15.00000000 26.00000000 45.87612915
v 15.00000000 27.00000000 17.04782104
v 15.00000000 27.00000000 45.93707657
v 15.00000000 27.54782295 17.00000000
v 15.00000000 28.00000000 16.96306610
v 15.00000000 28.00000000 45.95970535
v 15.00000000 29.00000000 16.83659744
v 15.00000000 29.00000000 45.98981094
v 15.00000000 30.00000000 16.69412041
v 15.00000000 29.16639328 46.00000000
v 15.00000000 30.00000000 46.04213715
v 15.00000000 31.00000000 16.94728851
v 15.00000000 31.00000000 46.11342239
v 15.00000000 31.04793358 17.00000000
v 15.00000000 31.40637970 18.00000000
v 15.00000000 31.49084473 19.00000000
v 15.00000000 31.50212479 20.00000000
v 15.00000000 31.46574211 21.00000000
v 15.00000000 31.41494560 22.00000000
v 15.00000000 31.36479759 23.00000000
v 15.00000000 31.33697128 24.00000000
v 15.00000000 31.30878067 25.00000000
v 15.00000000 31.28396988 26.00000000
v 15.00000000 31.24828339 27.00000000
v 15.00000000 31.19405556 28.00000000
v 15.00000000 31.15851974 29.00000000
v 15.00000000 31.13484955 30.00000000
v 15.00000000 31.10869789 31.00000000
v 15.00000000 31.09420204 32.00000000
v 15.00000000 31.17439461 33.00000000
v 15.00000000 31.39416885 34.00000000
v 15.00000000 31.79967880 35.00000000
v 15.00000000 32.00000000 35.32483292
v 15.00000000 32.00000000 46.19372940
v 15.00000000 33.00000000 35.25995255
v 15.00000000 33.00000000 46.26198959
v 15.00000000 33.62382889 35.00000000
v 15.00000000 34.00000000 34.88411331
v 15.00000000 34.00000000 46.31111908
v 15.00000000 35.00000000 34.74727631
v 15.00000000 35.00000000 46.35591888
v 15.00000000 36.00000000 34.84204102
v 15.00000000 36.00000000 46.38639450
v 15.00000000 36.81415176 35.00000000
v 15.00000000 37.00000000 35.04931641
v 15.00000000 37.00000000 46.38916779
v 15.00000000 38.00000000 35.44299316
v 15.00000000 38.00000000 46.33432770
v 15.00000000 39.00000000 35.90443039
v 15.00000000 39.00000000 46.21416092
v 15.00000000 39.16648865 36.00000000
v 15.00000000 40.00000000 36.33581924
v 15.00000000 40.00000000 46.06997299
v 15.00000000 41.00000000 36.77328873
v 15.00000000 41.00000000 45.60160065
v 15.00000000 40.26482773 46.00000000
v 15.00000000 41.31370926 37.00000000
v 15.00000000 42.00000000 37.62484741
v 15.00000000 42.00000000 43.66688156
v 15.00000000 41.87227249 44.00000000
v 15.00000000 41.41971207 45.00000000
v 15.00000000 42.23735046 38.00000000
v 15.00000000 42.45316696 39.00000000
v 15.00000000 42.46533966 40.00000000
v 15.00000000 42.42706680 41.00000000
v 15.00000000 42.34721756 42.00000000
v 15.00000000 42.18204498 43.00000000
v 16.00000000 20.78075409 18.00000000
v 16.00000000 21.00000000 17.71153831
v 16.00000000 20.50760651 19.00000000
v 16.00000000 20.44709969 20.00000000
v 16.00000000 20.43467140 21.00000000
v 16.00000000 20.43740273 22.00000000
v 16.00000000 20.45091248 23.00000000
v 16.00000000 20.47174644 24.00000000
v 16.00000000 20.48513985 25.00000000
v 16.00000000 20.49901009 26.00000000
v 16.00000000 20.50237465 27.00000000
v 16.00000000 20.50572968 28.00000000
v 16.00000000 20.51418877 29.00000000
v 16.00000000 20.52525139 30.00000000
v 16.00000000 20.54641151 31.00000000
v 16.00000000 20.56556702 32.00000000
v 16.00000000 20.57254791 33.00000000
v 16.00000000 20.57572746 34.00000000
v 16.00000000 20.57431793 35.00000000
v 16.00000000 20.56480980 36.00000000
v 16.00000000 20.55381584 37.00000000
v 16.00000000 20.54351616 38.00000000
v 16.00000000 20.53064537 39.00000000
v 16.00000000 20.52095604 40.00000000
v 16.00000000 20.51663208 41.00000000
v 16.00000000 20.50365448 42.00000000
v 16.00000000 20.49739075 43.00000000
v 16.00000000 20.51027298 44.00000000
v 16.00000000 20.64844894 45.00000000
v 16.00000000 21.00000000 45.66240311
v 16.00000000 22.00000000 17.30795288
v 16.00000000 22.00000000 45.96002579
v 16.00000000 23.00000000 17.31731987
v 16.00000000 23.00000000 45.91058350
v 16.00000000 24.00000000 17.30148506
v 16.00000000 24.00000000 45.85808182
v 16.00000000 25.00000000 17.23233223
v 16.00000000 25.00000000 45.85593414
v 16.00000000 26.00000000 17.12005997
v 16.00000000 26.00000000 45.87290573
v 16.00000000 27.00000000 17.03439713
v 16.00000000 27.00000000 45.93622208
v 16.00000000 27.35810471 17.00000000
v 16.00000000 28.00000000 16.94123077
v 16.00000000 28.00000000 45.96377182
v 16.00000000 29.00000000 16.80350876
v 16.00000000 29.00000000 45.99564362
v 16.00000000 30.00000000 16.64896965
v 16.00000000 29.08863258 46.00000000
v 16.00000000 30.00000000 46.03667068
v 16.00000000 31.00000000 16.92502403
v 16.00000000 31.00000000 46.11021042
v 16.00000000 31.06731224 17.00000000
v 16.00000000 31.38873291 18.00000000
v 16.00000000 31.46485901 19.00000000
v 16.00000000 31.46510124 20.00000000
v 16.00000000 31.42871094 21.00000000
v 16.00000000 31.37453651 22.00000000
v 16.00000000 31.31640053 23.00000000
v 16.00000000 31.29126930 24.00000000
v 16.00000000 31.25668335 25.00000000
v 16.00000000 31.22671700 26.00000000
v 16.00000000 31.18906784 27.00000000
v 16.00000000 31.15189743 28.00000000
v 16.00000000 31.12005234 29.00000000
v 16.00000000 31.10318947 30.00000000
v 16.00000000 31.08671188 31.00000000
v 16.00000000 31.07983780 32.00000000
v 16.00000000 31.15504456 33.00000000
v 16.00000000 31.36485863 34.00000000
v 16.00000000 31.78389931 35.00000000
v 16.00000000 32.00000000 35.33424759
v 16.00000000 32.00000000 46.19762421
v 16.00000000 33.00000000 35.24033356
v 16.00000000 33.00000000 46.26596832
v 16.00000000 33.61012650 35.00000000
v 16.00000000 34.00000000 34.89616394
v 16.00000000 34.00000000 46.31323624
v 16.00000000 35.00000000 34.79445267
v 16.00000000 35.00000000 46.35546875
v 16.00000000 36.00000000 34.87579727
v 16.00000000 36.00000000 46.38344574
v 16.00000000 36.70164490 35.00000000
v 16.00000000 37.00000000 35.07691574
v 16.00000000 37.00000000 46.38753891
v 16.00000000 38.00000000 35.46727753
v 16.00000000 38.00000000 46.33744812
v 16.00000000 39.00000000 35.90546036
v 16.00000000 39.00000000 46.21556854
v 16.00000000 39.18558121 36.00000000
v 16.00000000 40.00000000 36.32250595
v 16.00000000 40.00000000 46.07635117
v 16.00000000 41.00000000 36.75242996
v 16.00000000 41.00000000 45.61618423
v 16.00000000 40.29043198 46.00000000
v 16.00000000 41.35906601 37.00000000
v 16.00000000 42.00000000 37.57734299
v 16.00000000 42.00000000 43.72787857
v 16.00000000 41.89320374 44.00000000
v 16.00000000 41.43066406 45.00000000
v 16.00000000 42.26694870 38.00000000
v 16.00000000 42.49002838 39.00000000
v 16.00000000 42.49722290 40.00000000
v 16.00000000 42.45333862 41.00000000
v 16.00000000 42.37105560 42.00000000
v 16.00000000 42.20310974 43.00000000
v 17.00000000 20.77859688 18.00000000
v 17.00000000 21.00000000 17.70421791
v 17.00000000 20.50752068 19.00000000
v 17.00000000 20.44848633 20.00000000
v 17.00000000 20.43715858 21.00000000
v 17.00000000 20.44244385 22.00000000
v 17.00000000 20.45128441 23.00000000
v 17.00000000 20.46850395 24.00000000
v 17.00000000 20.48220634 25.00000000
v 17.00000000 20.49529076 26.00000000
v 17.00000000 20.50074577 27.00000000
v 17.00000000 20.50298309 28.00000000
v 17.00000000 20.51134872 29.00000000
v 17.00000000 20.52283478 30.00000000
v 17.00000000 20.54450607 31.00000000
v 17.00000000 20.56201363 32.00000000
v 17.00000000 20.57160950 33.00000000
v 17.00000000 20.57637978 34.00000000
v 17.00000000 20.57440186 35.00000000
v 17.00000000 20.56571960 36.00000000
v 17.00000000 20.55350494 37.00000000
v 17.00000000 20.54321289 38.00000000
v 17.00000000 20.53241730 39.00000000
v 17.00000000 20.52319527 40.00000000
v 17.00000000 20.51983070 41.00000000
v 17.00000000 20.50825882 42.00000000
v 17.00000000 20.50200653 43.00000000
v 17.00000000 20.51491165 44.00000000
v 17.00000000 20.65181541 45.00000000
v 17.00000000 21.00000000 45.65669250
v 17.00000000 22.00000000 17.29731178
v 17.00000000 22.00000000 45.95854950
v 17.00000000 23.00000000 17.29973030
v 17.00000000 23.00000000 45.90713882
v 17.00000000 24.00000000 17.28295517
v 17.00000000 24.00000000 45.86008072
v 17.00000000 25.00000000 17.20971298
v 17.00000000 25.00000000 45.86040115
v 17.00000000 26.00000000 17.10328674
v 17.00000000 26.00000000 45.87933350
v 17.00000000 27.00000000 17.02398109
v 17.00000000 27.00000000 45.94569016
v 17.00000000 27.23269653 17.00000000
v 17.00000000 28.00000000 16.92278862
v 17.00000000 28.00000000 45.97360611
v 17.00000000 29.00000000 16.77551651
v 17.00000000 28.79203987 46.00000000
v 16.39583397 29.00000000 46.00000000
v 17.00000000 29.00000000 46.00548172
v 17.00000000 30.00000000 16.60805511
v 17.00000000 30.00000000 46.03437424
v 17.00000000 31.00000000 16.91151619
v 17.00000000 31.00000000 46.11069107
v 17.00000000 31.07464027 17.00000000
v 17.00000000 31.36510468 18.00000000
v 17.00000000 31.43152428 19.00000000
v 17.00000000 31.42999840 20.00000000
v 17.00000000 31.38817596 21.00000000
v 17.00000000 31.32986450 22.00000000
v 17.00000000 31.28119469 23.00000000
v 17.00000000 31.26182175 24.00000000
v 17.00000000 31.23228455 25.00000000
v 17.00000000 31.20219421 26.00000000
v 17.00000000 31.16495323 27.00000000
v 17.00000000 31.13014412 28.00000000
v 17.00000000 31.10043144 29.00000000
v 17.00000000 31.08636856 30.00000000
v 17.00000000 31.07339096 31.00000000
v 17.00000000 31.06374359 32.00000000
v 17.00000000 31.13516808 33.00000000
v 17.00000000 31.34280968 34.00000000
v 17.00000000 31.75359154 35.00000000
v 17.00000000 32.00000000 35.35978699
v 17.00000000 32.00000000 46.20201492
v 17.00000000 33.00000000 35.26208115
v 17.00000000 33.00000000 46.26958847
v 17.00000000 33.70846176 35.00000000
v 17.00000000 34.00000000 34.93134308
v 17.00000000 34.00000000 46.31739426
v 17.00000000 35.00000000 34.83391571
v 17.00000000 35.00000000 46.35690689
v 17.00000000 36.00000000 34.90393066
v 17.00000000 36.00000000 46.38026047
v 17.00000000 36.52759171 35.00000000
v 17.00000000 37.00000000 35.12731552
v 17.00000000 37.00000000 46.38428497
v 17.00000000 38.00000000 35.49603653
v 17.00000000 38.00000000 46.33605194
v 17.00000000 39.00000000 35.90480804
v 17.00000000 39.00000000 46.21190643
v 17.00000000 39.20709229 36.00000000
v 17.00000000 40.00000000 36.30268478
v 17.00000000 40.00000000 46.07526779
v 17.00000000 41.00000000 36.72054291
v 17.00000000 41.00000000 45.62105560
v 17.00000000 40.28957748 46.00000000
v 17.00000000 41.41741562 37.00000000
v 17.00000000 42.00000000 37.52556229
v 17.00000000 42.00000000 43.77332306
v 17.00000000 41.90995026 44.00000000
v 17.00000000 41.43621445 45.00000000
v 17.00000000 42.29909134 38.00000000
v 17.00000000 42.52307510 39.00000000
v 17.00000000 42.52539062 40.00000000
v 17.00000000 42.47483444 41.00000000
v 17.00000000 42.39198303 42.00000000
v 17.00000000 42.21849060 43.00000000
v 18.00000000 20.77664375 18.00000000
v 18.00000000 21.00000000 17.69570541
v 18.00000000 20.50981140 19.00000000
v 18.00000000 20.44984818 20.00000000
v 18.00000000 20.43829536 21.00000000
v 18.00000000 20.43947029 22.00000000
v 18.00000000 20.44636154 23.00000000
v 18.00000000 20.46066666 24.00000000
v 18.00000000 20.47543144 25.00000000
v 18.00000000 20.49025154 26.00000000
v 18.00000000 20.49870872 27.00000000
v 18.00000000 20.50296402 28.00000000
v 18.00000000 20.50986671 29.00000000
v 18.00000000 20.51965523 30.00000000
v 18.00000000 20.54164696 31.00000000
v 18.00000000 20.55822754 32.00000000
v 18.00000000 20.56986046 33.00000000
v 18.00000000 20.57748604 34.00000000
v 18.00000000 20.57447815 35.00000000
v 18.00000000 20.56618500 36.00000000
v 18.00000000 20.55423927 37.00000000
v 18.00000000 20.54274940 38.00000000
v 18.00000000 20.53317833 39.00000000
v 18.00000000 20.52589989 40.00000000
v 18.00000000 20.52322769 41.00000000
v 18.00000000 20.51268005 42.00000000
v 18.00000000 20.50755310 43.00000000
v 18.00000000 20.52077675 44.00000000
v 18.00000000 20.65641403 45.00000000
v 18.00000000 21.00000000 45.65416718
v 18.00000000 22.00000000 17.28551483
v 18.00000000 22.00000000 45.95516205
v 18.00000000 23.00000000 17.28392029
v 18.00000000 23.00000000 45.90738678
v 18.00000000 24.00000000 17.26180267
v 18.00000000 24.00000000 45.86564636
v 18.00000000 25.00000000 17.18416977
v 18.00000000 25.00000000 45.86811066
v 18.00000000 26.00000000 17.08869553
v 18.00000000 26.00000000 45.89297485
v 18.00000000 27.00000000 17.01571465
v 18.00000000 27.00000000 45.96199036
v 18.00000000 27.14525604 17.00000000
v 18.00000000 28.00000000 16.90641212
v 18.00000000 28.00000000 45.99399567
v 18.00000000 29.00000000 16.74467087
v 18.00000000 28.19598389 46.00000000
v 18.00000000 29.00000000 46.01953125
v 18.00000000 30.00000000 16.57042503
v 18.00000000 30.00000000 46.03869629
v 18.00000000 31.00000000 16.91067886
v 18.00000000 31.00000000 46.11678696
v 18.00000000 31.07011032 17.00000000
v 18.00000000 31.33263397 18.00000000
v 18.00000000 31.38935089 19.00000000
v 18.00000000 31.39472389 20.00000000
v 18.00000000 31.36346817 21.00000000
v 18.00000000 31.31562233 22.00000000
v 18.00000000 31.26844978 23.00000000
v 18.00000000 31.24495125 24.00000000
v 18.00000000 31.21317101 25.00000000
v 18.00000000 31.18191338 26.00000000
v 18.00000000 31.14671516 27.00000000
v 18.00000000 31.11668777 28.00000000
v 18.00000000 31.08590698 29.00000000
v 18.00000000 31.07080460 30.00000000
v 18.00000000 31.06065178 31.00000000
v 18.00000000 31.04906464 32.00000000
v 18.00000000 31.11433792 33.00000000
v 18.00000000 31.32800865 34.00000000
v 18.00000000 31.71798706 35.00000000
v 18.00000000 32.00000000 35.38858414
v 18.00000000 32.00000000 46.20949173
v 18.00000000 33.00000000 35.31200790
v 18.00000000 33.00000000 46.27527237
v 18.00000000 33.87006760 35.00000000
v 18.00000000 34.00000000 34.97134399
v 18.00000000 34.00000000 46.32463074
v 18.00000000 35.00000000 34.86747742
v 18.00000000 35.00000000 46.35916519
v 18.00000000 36.00000000 34.92289352
v 18.00000000 36.00000000 46.37672806
v 18.00000000 36.44705200 35.00000000
v 18.00000000 37.00000000 35.14672852
v 18.00000000 37.00000000 46.38049316
v 18.00000000 38.00000000 35.49893570
v 18.00000000 38.00000000 46.33283615
v 18.00000000 39.00000000 35.89035797
v 18.00000000 39.00000000 46.20758438
v 18.00000000 39.25365829 36.00000000
v 18.00000000 40.00000000 36.28320312
v 18.00000000 40.00000000 46.07183456
v 18.00000000 41.00000000 36.69339371
v 18.00000000 41.00000000 45.61735535
v 18.00000000 40.27612305 46.00000000
v 18.00000000 41.46933746 37.00000000
v 18.00000000 42.00000000 37.47509384
v 18.00000000 42.00000000 43.80519104
v 18.00000000 41.92143250 44.00000000
v 18.00000000 41.43758392 45.00000000
v 18.00000000 42.33050919 38.00000000
v 18.00000000 42.54983521 39.00000000
v 18.00000000 42.54661179 40.00000000
v 18.00000000 42.49060440 41.00000000
v 18.00000000 42.40811157 42.00000000
v 18.00000000 42.23128891 43.00000000
v 19.00000000 20.77221680 18.00000000
v 19.00000000 21.00000000 17.68614388
v 19.00000000 20.51023102 19.00000000
v 19.00000000 20.44795990 20.00000000
v 19.00000000 20.43526649 21.00000000
v 19.00000000 20.43474007 22.00000000
v 19.00000000 20.44253349 23.00000000
v 19.00000000 20.45560837 24.00000000
v 19.00000000 20.47025681 25.00000000
v 19.00000000 20.48590088 26.00000000
v 19.00000000 20.49678421 27.00000000
v 19.00000000 20.50285149 28.00000000
v 19.00000000 20.50776863 29.00000000
v 19.00000000 20.51742554 30.00000000
v 19.00000000 20.53930855 31.00000000
v 19.00000000 20.55486488 32.00000000
v 19.00000000 20.56737709 33.00000000
v 19.00000000 20.57607269 34.00000000
v 19.00000000 20.57442474 35.00000000
v 19.00000000 20.56545830 36.00000000
v 19.00000000 20.55497360 37.00000000
v 19.00000000 20.54326248 38.00000000
v 19.00000000 20.53370667 39.00000000
v 19.00000000 20.52803421 40.00000000
v 19.00000000 20.52666283 41.00000000
v 19.00000000 20.51833725 42.00000000
v 19.00000000 20.51516342 43.00000000
v 19.00000000 20.52892113 44.00000000
v 19.00000000 20.66058731 45.00000000
v 19.00000000 21.00000000 45.65784073
v 19.00000000 22.00000000 17.27304077
v 19.00000000 22.00000000 45.95819855
v 19.00000000 23.00000000 17.26967621
v 19.00000000 23.00000000 45.91313171
v 19.00000000 24.00000000 17.24081230
v 19.00000000 24.00000000 45.87472916
v 19.00000000 25.00000000 17.16173363
v 19.00000000 25.00000000 45.87897110
v 19.00000000 26.00000000 17.08031082
v 19.00000000 26.00000000 45.91013718
v 19.00000000 27.00000000 17.01026344
v 19.00000000 27.00000000 45.97946167
v 19.00000000 27.09292221 17.00000000
v 19.00000000 28.00000000 16.89652252
v 19.00000000 27.55767250 46.00000000
v 18.27287483 28.00000000 46.00000000
v 19.00000000 28.00000000 46.01254654
v 19.00000000 29.00000000 16.71931458
v 19.00000000 29.00000000 46.03371811
v 19.00000000 30.00000000 16.54384232
v 19.00000000 30.00000000 46.05175400
v 19.00000000 31.00000000 16.91395378
v 19.00000000 31.00000000 46.12596130
v 19.00000000 31.06336784 17.00000000
v 19.00000000 31.32332993 18.00000000
v 19.00000000 31.37780762 19.00000000
v 19.00000000 31.38372803 20.00000000
v 19.00000000 31.35471916 21.00000000
v 19.00000000 31.30738640 22.00000000
v 19.00000000 31.25825500 23.00000000
v 19.00000000 31.23297501 24.00000000
v 19.00000000 31.19791222 25.00000000
v 19.00000000 31.16772461 26.00000000
v 19.00000000 31.13552856 27.00000000
v 19.00000000 31.10521126 28.00000000
v 19.00000000 31.07264328 29.00000000
v 19.00000000 31.05740547 30.00000000
v 19.00000000 31.05200386 31.00000000
v 19.00000000 31.04002762 32.00000000
v 19.00000000 31.10279465 33.00000000
v 19.00000000 31.32593536 34.00000000
v 19.00000000 31.70504189 35.00000000
v 19.00000000 32.00000000 35.39306641
v 19.00000000 32.00000000 46.21851730
v 19.00000000 33.00000000 35.33367920
v 19.00000000 33.00000000 46.28275681
v 19.00000000 33.92068100 35.00000000
v 19.00000000 34.00000000 34.98208618
v 19.00000000 34.00000000 46.33250427
v 19.00000000 35.00000000 34.88561249
v 19.00000000 35.00000000 46.36103439
v 19.00000000 36.00000000 34.93744278
v 19.00000000 36.00000000 46.37533569
v 19.00000000 36.39947128 35.00000000
v 19.00000000 37.00000000 35.14961624
v 19.00000000 37.00000000 46.37810135
v 19.00000000 38.00000000 35.49502563
v 19.00000000 38.00000000 46.32991791
v 19.00000000 39.00000000 35.87745667
v 19.00000000 39.00000000 46.20649719
v 19.00000000 39.30131531 36.00000000
v 19.00000000 40.00000000 36.26190567
v 19.00000000 40.00000000 46.06792831
v 19.00000000 41.00000000 36.67301559
v 19.00000000 41.00000000 45.60021210
v 19.00000000 40.25514603 46.00000000
v 19.00000000 41.51073074 37.00000000
v 19.00000000 42.00000000 37.43610001
v 19.00000000 42.00000000 43.81856155
v 19.00000000 41.92476654 44.00000000
v 19.00000000 41.43167496 45.00000000
v 19.00000000 42.35598373 38.00000000
v 19.00000000 42.57228470 39.00000000
v 19.00000000 42.56546402 40.00000000
v 19.00000000 42.50518417 41.00000000
v 19.00000000 42.41887665 42.00000000
v 19.00000000 42.24176788 43.00000000
v 20.00000000 20.77145004 18.00000000
v 20.00000000 21.00000000 17.68549156
v 20.00000000 20.50903130 19.00000000
v 20.00000000 20.44658089 20.00000000
v 20.00000000 20.43249512 21.00000000
v 20.00000000 20.43075562 22.00000000
v 20.00000000 20.43767548 23.00000000
v 20.00000000 20.45128632 24.00000000
v 20.00000000 20.46526527 25.00000000
v 20.00000000 20.48184776 26.00000000
v 20.00000000 20.49461937 27.00000000
v 20.00000000 20.50039673 28.00000000
v 20.00000000 20.50521469 29.00000000
v 20.00000000 20.51559258 30.00000000
v 20.00000000 20.53696251 31.00000000
v 20.00000000 20.55248833 32.00000000
v 20.00000000 20.56562614 33.00000000
v 20.00000000 20.57514763 34.00000000
v 20.00000000 20.57350731 35.00000000
v 20.00000000 20.56372070 36.00000000
v 20.00000000 20.55455208 37.00000000
v 20.00000000 20.54428864 38.00000000
v 20.00000000 20.53509521 39.00000000
v 20.00000000 20.53064537 40.00000000
v 20.00000000 20.53100204 41.00000000
v 20.00000000 20.52373314 42.00000000
v 20.00000000 20.52105331 43.00000000
v 20.00000000 20.53484344 44.00000000
v 20.00000000 20.66279602 45.00000000
v 20.00000000 21.00000000 45.66350937
v 20.00000000 22.00000000 17.27007866
v 20.00000000 22.00000000 45.96246719
v 20.00000000 23.00000000 17.26712799
v 20.00000000 23.00000000 45.92031479
v 20.00000000 24.00000000 17.23411179
v 20.00000000 24.00000000 45.88295364
v 20.00000000 25.00000000 17.15589333
v 20.00000000 25.00000000 45.88911057
v 20.00000000 26.00000000 17.08077240
v 20.00000000 26.00000000 45.92762756
v 20.00000000 27.00000000 17.01101112
v 20.00000000 27.00000000 45.99672318
v 20.00000000 27.09825897 17.00000000
v 20.00000000 28.00000000 16.89489937
v 20.00000000 27.07573891 46.00000000
v 20.00000000 28.00000000 46.03085709
v 20.00000000 29.00000000 16.70713425
v 20.00000000 29.00000000 46.04796219
v 20.00000000 30.00000000 16.53219986
v 20.00000000 30.00000000 46.06618500
v 20.00000000 31.00000000 16.91104317
v 20.00000000 31.00000000 46.13843918
v 20.00000000 31.06360817 17.00000000
v 20.00000000 31.31854057 18.00000000
v 20.00000000 31.36788559 19.00000000
v 20.00000000 31.37407112 20.00000000
v 20.00000000 31.34835243 21.00000000
v 20.00000000 31.30358696 22.00000000
v 20.00000000 31.25181770 23.00000000
v 20.00000000 31.22358131 24.00000000
v 20.00000000 31.18541908 25.00000000
v 20.00000000 31.15485764 26.00000000
v 20.00000000 31.12396431 27.00000000
v 20.00000000 31.09248924 28.00000000
v 20.00000000 31.06226349 29.00000000
v 20.00000000 31.04943848 30.00000000
v 20.00000000 31.04817390 31.00000000
v 20.00000000 31.03802681 32.00000000
v 20.00000000 31.10072708 33.00000000
v 20.00000000 31.33026886 34.00000000
v 20.00000000 31.70301819 35.00000000
v 20.00000000 32.00000000 35.39257050
v 20.00000000 32.00000000 46.22914886
v 20.00000000 33.00000000 35.34984589
v 20.00000000 33.00000000 46.29275131
v 19.80520058 34.00000000 35.00000000
v 20.00000000 34.00000000 35.00694275
v 20.00000000 34.00000000 46.33864212
v 20.00000000 34.04006577 35.00000000
v 20.00000000 35.00000000 34.90089417
v 20.00000000 35.00000000 46.36447144
v 20.00000000 36.00000000 34.94507599
v 20.00000000 36.00000000 46.37469101
v 20.00000000 36.35053253 35.00000000
v 20.00000000 37.00000000 35.16139984
v 20.00000000 37.00000000 46.37326813
v 20.00000000 38.00000000 35.48920822
v 20.00000000 38.00000000 46.32802200
v 20.00000000 39.00000000 35.85843658
v 20.00000000 39.00000000 46.20862961
v 20.00000000 39.35899353 36.00000000
v 20.00000000 40.00000000 36.24136734
v 20.00000000 40.00000000 46.06639481
v 20.00000000 41.00000000 36.65397644
v 20.00000000 41.00000000 45.58313751
v 20.00000000 40.24115753 46.00000000
v 20.00000000 41.54460144 37.00000000
v 20.00000000 42.00000000 37.41014481
v 20.00000000 42.00000000 43.80914688
v 20.00000000 41.92070389 44.00000000
v 20.00000000 41.42190552 45.00000000
v 20.00000000 42.37283707 38.00000000
v 20.00000000 42.58726120 39.00000000
v 20.00000000 42.57802582 40.00000000
v 20.00000000 42.51549149 41.00000000
v 20.00000000 42.42307663 42.00000000
v 20.00000000 42.24326324 43.00000000
v 21.00000000 20.76874733 18.00000000
v 21.00000000 21.00000000 17.68164062
v 21.00000000 20.50765228 19.00000000
v 21.00000000 20.44558525 20.00000000
v 21.00000000 20.42930794 21.00000000
v 21.00000000 20.42563057 22.00000000
v 21.00000000 20.43219948 23.00000000
v 21.00000000 20.44631767 24.00000000
v 21.00000000 20.46190834 25.00000000
v 21.00000000 20.47855568 26.00000000
v 21.00000000 20.49094391 27.00000000
v 21.00000000 20.49749565 28.00000000
v 21.00000000 20.50271797 29.00000000
v 21.00000000 20.51340675 30.00000000
v 21.00000000 20.53482246 31.00000000
v 21.00000000 20.55219078 32.00000000
v 21.00000000 20.56492233 33.00000000
v 21.00000000 20.57282448 34.00000000
v 21.00000000 20.57076454 35.00000000
v 21.00000000 20.56030083 36.00000000
v 21.00000000 20.55168343 37.00000000
v 21.00000000 20.54384995 38.00000000
v 21.00000000 20.53516388 39.00000000
v 21.00000000 20.53171158 40.00000000
v 21.00000000 20.53531456 41.00000000
v 21.00000000 20.52822876 42.00000000
v 21.00000000 20.52638817 43.00000000
v 21.00000000 20.54147911 44.00000000
v 21.00000000 20.66559219 45.00000000
v 21.00000000 21.00000000 45.66849899
v 21.00000000 22.00000000 17.26493835
v 21.00000000 22.00000000 45.96629333
v 21.00000000 23.00000000 17.25802803
v 21.00000000 23.00000000 45.92714691
v 21.00000000 24.00000000 17.22445869
v 21.00000000 24.00000000 45.89360046
v 21.00000000 25.00000000 17.15253448
v 21.00000000 25.00000000 45.89783478
v 21.00000000 26.00000000 17.08095360
v 21.00000000 26.00000000 45.94504166
v 21.00000000 27.00000000 17.00937271
v 21.00000000 26.77196503 46.00000000
v 20.16586876 27.00000000 46.00000000
v 21.00000000 27.00000000 46.01278305
v 21.00000000 27.08239555 17.00000000
v 21.00000000 28.00000000 16.89106750
v 21.00000000 28.00000000 46.04753876
v 21.00000000 29.00000000 16.69481277
v 21.00000000 29.00000000 46.06202316
v 21.00000000 30.00000000 16.52050400
v 21.00000000 30.00000000 46.08201981
v 21.00000000 31.00000000 16.90970421
v 21.00000000 31.00000000 46.15295410
v 21.00000000 31.06280327 17.00000000
v 21.00000000 31.31384087 18.00000000
v 21.00000000 31.36248970 19.00000000
v 21.00000000 31.36821747 20.00000000
v 21.00000000 31.34627533 21.00000000
v 21.00000000 31.29924393 22.00000000
v 21.00000000 31.24484253 23.00000000
v 21.00000000 31.21358871 24.00000000
v 21.00000000 31.17265129 25.00000000
v 21.00000000 31.14229393 26.00000000
v 21.00000000 31.11294365 27.00000000
v 21.00000000 31.08725548 28.00000000
v 21.00000000 31.05661964 29.00000000
v 21.00000000 31.04547501 30.00000000
v 21.00000000 31.04731941 31.00000000
v 21.00000000 31.03648186 32.00000000
v 21.00000000 31.09836578 33.00000000
v 21.00000000 31.33208466 34.00000000
v 21.00000000 31.70239067 35.00000000
v 21.00000000 32.00000000 35.38905716
v 21.00000000 32.00000000 46.23908234
v 21.00000000 33.00000000 35.36657715
v 21.00000000 33.00000000 46.30282593
v 21.00000000 34.00000000 35.04060364
v 21.00000000 34.00000000 46.34688950
v 21.00000000 34.22565079 35.00000000
v 21.00000000 35.00000000 34.91612244
v 21.00000000 35.00000000 46.36997986
v 21.00000000 36.00000000 34.95880508
v 21.00000000 36.00000000 46.37446213
v 21.00000000 36.28854370 35.00000000
v 21.00000000 37.00000000 35.16149139
v 21.00000000 37.00000000 46.36831665
v 21.00000000 38.00000000 35.48775864
v 21.00000000 38.00000000 46.32107544
v 21.00000000 39.00000000 35.83976746
v 21.00000000 39.00000000 46.20594025
v 21.00000000 39.41618347 36.00000000
v 21.00000000 40.00000000 36.22042084
v 21.00000000 40.00000000 46.06442261
v 21.00000000 41.00000000 36.63395309
v 21.00000000 41.00000000 45.56797028
v 21.00000000 40.22726822 46.00000000
v 21.00000000 41.57631683 37.00000000
v 21.00000000 42.00000000 37.38824081
v 21.00000000 42.00000000 43.79543686
v 21.00000000 41.91485977 44.00000000
v 21.00000000 41.41426468 45.00000000
v 21.00000000 42.38672638 38.00000000
v 21.00000000 42.60046005 39.00000000
v 21.00000000 42.58718872 40.00000000
v 21.00000000 42.52350998 41.00000000
v 21.00000000 42.42518616 42.00000000
v 21.00000000 42.24293137 43.00000000
v 22.00000000 20.76548386 18.00000000
v 22.00000000 21.00000000 17.67553139
v 22.00000000 20.50646591 19.00000000
v 22.00000000 20.44440269 20.00000000
v 22.00000000 20.42625999 21.00000000
v 22.00000000 20.42073059 22.00000000
v 22.00000000 20.42657471 23.00000000
v 22.00000000 20.44156265 24.00000000
v 22.00000000 20.45883942 25.00000000
v 22.00000000 20.47510147 26.00000000
v 22.00000000 20.48836517 27.00000000
v 22.00000000 20.49451828 28.00000000
v 22.00000000 20.49880409 29.00000000
v 22.00000000 20.51059341 30.00000000
v 22.00000000 20.53158379 31.00000000
v 22.00000000 20.54974747 32.00000000
v 22.00000000 20.56318665 33.00000000
v 22.00000000 20.57076836 34.00000000
v 22.00000000 20.56856728 35.00000000
v 22.00000000 20.55814743 36.00000000
v 22.00000000 20.54990578 37.00000000
v 22.00000000 20.54201317 38.00000000
v 22.00000000 20.53409958 39.00000000
v 22.00000000 20.53360367 40.00000000
v 22.00000000 20.53878403 41.00000000
v 22.00000000 20.53468132 42.00000000
v 22.00000000 20.53316116 43.00000000
v 22.00000000 20.54916573 44.00000000
v 22.00000000 20.66962242 45.00000000
v 22.00000000 21.00000000 45.67314911
v 22.00000000 22.00000000 17.25756073
v 22.00000000 22.00000000 45.97078323
v 22.00000000 23.00000000 17.24810028
v 22.00000000 23.00000000 45.93437195
v 22.00000000 24.00000000 17.21269417
v 22.00000000 24.00000000 45.90480042
v 22.00000000 25.00000000 17.14921761
v 22.00000000 25.00000000 45.90739441
v 22.00000000 26.00000000 17.08130264
v 22.00000000 26.00000000 45.96161270
v 22.00000000 27.00000000 17.00778770
v 22.00000000 26.51559830 46.00000000
v 22.00000000 27.00000000 46.02838516
v 22.00000000 27.06601334 17.00000000
v 22.00000000 28.00000000 16.88472748
v 22.00000000 28.00000000 46.06322479
v 22.00000000 29.00000000 16.68243408
v 22.00000000 29.00000000 46.07596207
v 22.00000000 30.00000000 16.50964546
v 22.00000000 30.00000000 46.09741974
v 22.00000000 31.00000000 16.90656853
v 22.00000000 31.00000000 46.17127991
v 22.00000000 31.06378365 17.00000000
v 22.00000000 31.31208038 18.00000000
v 22.00000000 31.35979843 19.00000000
v 22.00000000 31.36336517 20.00000000
v 22.00000000 31.34142113 21.00000000
v 22.00000000 31.29404640 22.00000000
v 22.00000000 31.24085426 23.00000000
v 22.00000000 31.20744514 24.00000000
v 22.00000000 31.16366196 25.00000000
v 22.00000000 31.13251686 26.00000000
v 22.00000000 31.10375977 27.00000000
v 22.00000000 31.08264923 28.00000000
v 22.00000000 31.05574036 29.00000000
v 22.00000000 31.04220009 30.00000000
v 22.00000000 31.04391861 31.00000000
v 22.00000000 31.03381729 32.00000000
v 22.00000000 31.09478378 33.00000000
v 22.00000000 31.33093262 34.00000000
v 22.00000000 31.70371246 35.00000000
v 22.00000000 32.00000000 35.38463974
v 22.00000000 32.00000000 46.24914169
v 22.00000000 33.00000000 35.38789368
v 22.00000000 33.00000000 46.31095505
v 22.00000000 34.00000000 35.07058334
v 22.00000000 34.00000000 46.35540390
v 22.00000000 34.39472961 35.00000000
v 22.00000000 35.00000000 34.93443680
v 22.00000000 35.00000000 46.37577820
v 22.00000000 36.00000000 34.96781158
v 22.00000000 36.00000000 46.37557983
v 22.00000000 36.24072647 35.00000000
v 22.00000000 37.00000000 35.16110229
v 22.00000000 37.00000000 46.36499786
v 22.00000000 38.00000000 35.47625732
v 22.00000000 38.00000000 46.31299210
v 22.00000000 39.00000000 35.82349777
v 22.00000000 39.00000000 46.20203781
v 22.00000000 39.45825958 36.00000000
v 22.00000000 40.00000000 36.20686340
v 22.00000000 40.00000000 46.05880356
v 22.00000000 41.00000000 36.61414337
v 22.00000000 41.00000000 45.55166626
v 22.00000000 40.20277023 46.00000000
v 22.00000000 41.60984421 37.00000000
v 22.00000000 42.00000000 37.36309814
v 22.00000000 42.00000000 43.78205490
v 22.00000000 41.90886688 44.00000000
v 22.00000000 41.40733719 45.00000000
v 22.00000000 42.39898300 38.00000000
v 22.00000000 42.61141586 39.00000000
v 22.00000000 42.59422684 40.00000000
v 22.00000000 42.53127289 41.00000000
v 22.00000000 42.42792130 42.00000000
v 22.00000000 42.24214935 43.00000000
v 23.00000000 20.76228333 18.00000000
v 23.00000000 21.00000000 17.66879845
v 23.00000000 20.50463295 19.00000000
v 23.00000000 20.44186211 20.00000000
v 23.00000000 20.42271042 21.00000000
v 23.00000000 20.41611862 22.00000000
v 23.00000000 20.42203903 23.00000000
v 23.00000000 20.43732071 24.00000000
v 23.00000000 20.45542526 25.00000000
v 23.00000000 20.47168922 26.00000000
v 23.00000000 20.48308182 27.00000000
v 23.00000000 20.49053383 28.00000000
v 23.00000000 20.49330330 29.00000000
v 23.00000000 20.50546074 30.00000000
v 23.00000000 20.52951622 31.00000000
v 23.00000000 20.55018616 32.00000000
v 23.00000000 20.56373405 33.00000000
v 23.00000000 20.57086563 34.00000000
v 23.00000000 20.56811905 35.00000000
v 23.00000000 20.55821991 36.00000000
v 23.00000000 20.55006027 37.00000000
v 23.00000000 20.54121208 38.00000000
v 23.00000000 20.53262711 39.00000000
v 23.00000000 20.53430939 40.00000000
v 23.00000000 20.54213905 41.00000000
v 23.00000000 20.54322815 42.00000000
v 23.00000000 20.54084396 43.00000000
v 23.00000000 20.55742264 44.00000000
v 23.00000000 20.67408943 45.00000000
v 23.00000000 21.00000000 45.67800140
v 23.00000000 22.00000000 17.25012589
v 23.00000000 22.00000000 45.97658920
v 23.00000000 23.00000000 17.23575401
v 23.00000000 23.00000000 45.94336700
v 23.00000000 24.00000000 17.20148659
v 23.00000000 24.00000000 45.91579437
v 23.00000000 25.00000000 17.14355087
v 23.00000000 25.00000000 45.91551208
v 23.00000000 26.00000000 17.08102989
v 23.00000000 26.00000000 45.97618866
v 23.00000000 27.00000000 17.00644112
v 23.00000000 26.30005074 46.00000000
v 23.00000000 27.00000000 46.04380798
v 23.00000000 27.05218124 17.00000000
v 23.00000000 28.00000000 16.87760735
v 23.00000000 28.00000000 46.07711029
v 23.00000000 29.00000000 16.67045593
v 23.00000000 29.00000000 46.09004593
v 23.00000000 30.00000000 16.50359535
v 23.00000000 30.00000000 46.11375809
v 23.00000000 31.00000000 16.90312386
v 23.00000000 31.00000000 46.19058609
v 23.00000000 31.06517601 17.00000000
v 23.00000000 31.31064415 18.00000000
v 23.00000000 31.35873032 19.00000000
v 23.00000000 31.36175346 20.00000000
v 23.00000000 31.33920479 21.00000000
v 23.00000000 31.29242134 22.00000000
v 23.00000000 31.23898888 23.00000000
v 23.00000000 31.19846725 24.00000000
v 23.00000000 31.15291023 25.00000000
v 23.00000000 31.12211800 26.00000000
v 23.00000000 31.09498596 27.00000000
v 23.00000000 31.07783890 28.00000000
v 23.00000000 31.05386543 29.00000000
v 23.00000000 31.03912354 30.00000000
v 23.00000000 31.04077530 31.00000000
v 23.00000000 31.03159714 32.00000000
v 23.00000000 31.09150696 33.00000000
v 23.00000000 31.32876015 34.00000000
v 23.00000000 31.70440865 35.00000000
v 23.00000000 32.00000000 35.37883377
v 23.00000000 32.00000000 46.25852203
v 23.00000000 33.00000000 35.40536880
v 23.00000000 33.00000000 46.31765366
v 23.00000000 34.00000000 35.10031891
v 23.00000000 34.00000000 46.36184311
v 23.00000000 34.56457520 35.00000000
v 23.00000000 35.00000000 34.95315170
v 23.00000000 35.00000000 46.37953949
v 23.00000000 36.00000000 34.97580719
v 23.00000000 36.00000000 46.37702179
v 23.00000000 36.18709946 35.00000000
v 23.00000000 37.00000000 35.16529465
v 23.00000000 37.00000000 46.36220932
v 23.00000000 38.00000000 35.46735382
v 23.00000000 38.00000000 46.30754471
v 23.00000000 39.00000000 35.79418945
v 23.00000000 39.00000000 46.19789505
v 23.00000000 39.52423859 36.00000000
v 23.00000000 40.00000000 36.18487167
v 23.00000000 40.00000000 46.05161285
v 23.00000000 41.00000000 36.60021210
v 23.00000000 41.00000000 45.53302765
v 23.00000000 40.17396927 46.00000000
v 23.00000000 41.63631439 37.00000000
v 23.00000000 42.00000000 37.34140015
v 23.00000000 42.00000000 43.75212097
v 23.00000000 41.89626694 44.00000000
v 23.00000000 41.39757919 45.00000000
v 23.00000000 42.41166687 38.00000000
v 23.00000000 42.62110901 39.00000000
v 23.00000000 42.59852219 40.00000000
v 23.00000000 42.53547668 41.00000000
v 23.00000000 42.42787933 42.00000000
v 23.00000000 42.23726273 43.00000000
v 24.00000000 20.75823212 18.00000000
v 24.00000000 21.00000000 17.65840149
v 24.00000000 20.50205231 19.00000000
v 24.00000000 20.43874550 20.00000000
v 24.00000000 20.41969681 21.00000000
v 24.00000000 20.41225243 22.00000000
v 24.00000000 20.41678047 23.00000000
v 24.00000000 20.43282890 24.00000000
v 24.00000000 20.45020866 25.00000000
v 24.00000000 20.46728516 26.00000000
v 24.00000000 20.47970390 27.00000000
v 24.00000000 20.48827744 28.00000000
v 24.00000000 20.49053574 29.00000000
v 24.00000000 20.50473976 30.00000000
v 24.00000000 20.53098869 31.00000000
v 24.00000000 20.55394554 32.00000000
v 24.00000000 20.56757927 33.00000000
v 24.00000000 20.57320023 34.00000000
v 24.00000000 20.56836510 35.00000000
v 24.00000000 20.55903435 36.00000000
v 24.00000000 20.55181885 37.00000000
v 24.00000000 20.54136848 38.00000000
v 24.00000000 20.53159332 39.00000000
v 24.00000000 20.53372383 40.00000000
v 24.00000000 20.54284859 41.00000000
v 24.00000000 20.54954910 42.00000000
v 24.00000000 20.54906845 43.00000000
v 24.00000000 20.56502151 44.00000000
v 24.00000000 20.67769814 45.00000000
v 24.00000000 21.00000000 45.68194580
v 24.00000000 22.00000000 17.24162102
v 24.00000000 22.00000000 45.98627472
v 24.00000000 23.00000000 17.22425079
v 24.00000000 23.00000000 45.95310593
v 24.00000000 24.00000000 17.19186592
v 24.00000000 24.00000000 45.92462540
v 24.00000000 25.00000000 17.13773346
v 24.00000000 25.00000000 45.92515182
v 24.00000000 26.00000000 17.08064270
v 24.00000000 26.00000000 45.99058533
v 24.00000000 27.00000000 17.00566864
v 24.00000000 26.11226654 46.00000000
v 24.00000000 27.00000000 46.05875397
v 24.00000000 27.04437065 17.00000000
v 24.00000000 28.00000000 16.87232399
v 24.00000000 28.00000000 46.09040833
v 24.00000000 29.00000000 16.66168785
v 24.00000000 29.00000000 46.10427856
v 24.00000000 30.00000000 16.49723816
v 24.00000000 30.00000000 46.12997055
v 24.00000000 31.00000000 16.89511299
v 24.00000000 31.00000000 46.20541382
v 24.00000000 31.07013893 17.00000000
v 24.00000000 31.31430435 18.00000000
v 24.00000000 31.36222649 19.00000000
v 24.00000000 31.36286545 20.00000000
v 24.00000000 31.33868980 21.00000000
v 24.00000000 31.28870201 22.00000000
v 24.00000000 31.23447800 23.00000000
v 24.00000000 31.18903923 24.00000000
v 24.00000000 31.14258385 25.00000000
v 24.00000000 31.11207581 26.00000000
v 24.00000000 31.08719635 27.00000000
v 24.00000000 31.07509041 28.00000000
v 24.00000000 31.05152130 29.00000000
v 24.00000000 31.03555679 30.00000000
v 24.00000000 31.03892136 31.00000000
v 24.00000000 31.03061295 32.00000000
v 24.00000000 31.08824158 33.00000000
v 24.00000000 31.32541084 34.00000000
v 24.00000000 31.70547676 35.00000000
v 24.00000000 32.00000000 35.37151337
v 24.00000000 32.00000000 46.26815033
v 24.00000000 33.00000000 35.42137909
v 24.00000000 33.00000000 46.32213593
v 24.00000000 34.00000000 35.12946701
v 24.00000000 34.00000000 46.36669540
v 24.00000000 34.74008560 35.00000000
v 24.00000000 35.00000000 34.97262192
v 24.00000000 35.00000000 46.38299561
v 24.00000000 36.00000000 34.98561096
v 24.00000000 36.00000000 46.37894058
v 24.00000000 36.11750412 35.00000000
v 24.00000000 37.00000000 35.17021179
v 24.00000000 37.00000000 46.36241913
v 24.00000000 38.00000000 35.46009445
v 24.00000000 38.00000000 46.30377197
v 24.00000000 39.00000000 35.77800751
v 24.00000000 39.00000000 46.19258118
v 24.00000000 39.58287048 36.00000000
v 24.00000000 40.00000000 36.15679169
v 24.00000000 40.00000000 46.04269791
v 24.00000000 41.00000000 36.57575226
v 24.00000000 41.00000000 45.51475525
v 24.00000000 40.14210892 46.00000000
v 24.00000000 41.66588974 37.00000000
v 24.00000000 42.00000000 37.31953430
v 24.00000000 42.00000000 43.72538376
v 24.00000000 41.88336182 44.00000000
v 24.00000000 41.38634491 45.00000000
v 24.00000000 42.42196274 38.00000000
v 24.00000000 42.62817764 39.00000000
v 24.00000000 42.60274887 40.00000000
v 24.00000000 42.53908920 41.00000000
v 24.00000000 42.42679977 42.00000000
v 24.00000000 42.23384094 43.00000000
v 25.00000000 20.75380135 18.00000000
v 25.00000000 21.00000000 17.64755440
v 25.00000000 20.49853516 19.00000000
v 25.00000000 20.43445396 20.00000000
v 25.00000000 20.41598129 21.00000000
v 25.00000000 20.40745163 22.00000000
v 25.00000000 20.41233253 23.00000000
v 25.00000000 20.43052483 24.00000000
v 25.00000000 20.44722557 25.00000000
v 25.00000000 20.46520996 26.00000000
v 25.00000000 20.47828293 27.00000000
v 25.00000000 20.48855782 28.00000000
v 25.00000000 20.49143982 29.00000000
v 25.00000000 20.50732040 30.00000000
v 25.00000000 20.53379822 31.00000000
v 25.00000000 20.55814552 32.00000000
v 25.00000000 20.57131386 33.00000000
v 25.00000000 20.57497787 34.00000000
v 25.00000000 20.57049942 35.00000000
v 25.00000000 20.56136322 36.00000000
v 25.00000000 20.55415916 37.00000000
v 25.00000000 20.54293060 38.00000000
v 25.00000000 20.53231239 39.00000000
v 25.00000000 20.53358269 40.00000000
v 25.00000000 20.54325294 41.00000000
v 25.00000000 20.55152321 42.00000000
v 25.00000000 20.55546761 43.00000000
v 25.00000000 20.57037354 44.00000000
v 25.00000000 20.68101311 45.00000000
v 25.00000000 21.00000000 45.68598175
v 25.00000000 22.00000000 17.23246765
v 25.00000000 22.00000000 45.99723816
v 25.00000000 23.00000000 17.21372795
v 25.00000000 23.00000000 45.96297455
v 25.00000000 24.00000000 17.18158150
v 25.00000000 24.00000000 45.93370438
v 25.00000000 25.00000000 17.13257599
v 25.00000000 25.00000000 45.93508911
v 25.00000000 26.00000000 17.07865715
v 25.00000000 25.91970062 46.00000000
v 24.62274361 26.00000000 46.00000000
v 25.00000000 26.00000000 46.00453186
v 25.00000000 27.00000000 17.00575447
v 25.00000000 27.00000000 46.07190323
v 25.00000000 27.04349136 17.00000000
v 25.00000000 28.00000000 16.86800957
v 25.00000000 28.00000000 46.10117722
v 25.00000000 29.00000000 16.65237236
v 25.00000000 29.00000000 46.11726379
v 25.00000000 30.00000000 16.48891640
v 25.00000000 30.00000000 46.14476776
v 25.00000000 31.00000000 16.88187599
v 25.00000000 31.00000000 46.21761703
v 25.00000000 31.07871437 17.00000000
v 25.00000000 31.32006645 18.00000000
v 25.00000000 31.36415291 19.00000000
v 25.00000000 31.36311913 20.00000000
v 25.00000000 31.33576012 21.00000000
v 25.00000000 31.28323174 22.00000000
v 25.00000000 31.22740936 23.00000000
v 25.00000000 31.17962456 24.00000000
v 25.00000000 31.13210106 25.00000000
v 25.00000000 31.10343742 26.00000000
v 25.00000000 31.08111572 27.00000000
v 25.00000000 31.07180977 28.00000000
v 25.00000000 31.04844666 29.00000000
v 25.00000000 31.03199768 30.00000000
v 25.00000000 31.03674316 31.00000000
v 25.00000000 31.02968979 32.00000000
v 25.00000000 31.08583069 33.00000000
v 25.00000000 31.31985283 34.00000000
v 25.00000000 31.70624161 35.00000000
v 25.00000000 32.00000000 35.36495209
v 25.00000000 32.00000000 46.27778625
v 25.00000000 33.00000000 35.43774033
v 25.00000000 33.00000000 46.32769012
v 25.00000000 34.00000000 35.15745926
v 25.00000000 34.00000000 46.37060928
v 25.00000000 34.94213104 35.00000000
v 25.00000000 35.00000000 34.99413300
v 25.00000000 35.00000000 46.38694763
v 25.00000000 36.00000000 34.99659348
v 25.00000000 36.00000000 46.38056946
v 25.00000000 36.03060532 35.00000000
v 25.00000000 37.00000000 35.17120743
v 25.00000000 37.00000000 46.36231995
v 25.00000000 38.00000000 35.45416641
v 25.00000000 38.00000000 46.30119324
v 25.00000000 39.00000000 35.76681519
v 25.00000000 39.00000000 46.18501663
v 25.00000000 39.61681747 36.00000000
v 25.00000000 40.00000000 36.14216614
v 25.00000000 40.00000000 46.03351974
v 25.00000000 41.00000000 36.55163574
v 25.00000000 41.00000000 45.49654770
v 25.00000000 40.11074829 46.00000000
v 25.00000000 41.69768906 37.00000000
v 25.00000000 42.00000000 37.29215622
v 25.00000000 42.00000000 43.69098282
v 25.00000000 41.86750031 44.00000000
v 25.00000000 41.37376404 45.00000000
v 25.00000000 42.43116760 38.00000000
v 25.00000000 42.63088226 39.00000000
v 25.00000000 42.60499573 40.00000000
v 25.00000000 42.54004288 41.00000000
v 25.00000000 42.42633820 42.00000000
v 25.00000000 42.22741318 43.00000000
v 26.00000000 20.74732399 18.00000000
v 26.00000000 21.00000000 17.63364220
v 26.00000000 20.49431419 19.00000000
v 26.00000000 20.42970848 20.00000000
v 26.00000000 20.41231537 21.00000000
v 26.00000000 20.40476608 22.00000000
v 26.00000000 20.41065788 23.00000000
v 26.00000000 20.42946434 24.00000000
v 26.00000000 20.44654274 25.00000000
v 26.00000000 20.46503067 26.00000000
v 26.00000000 20.47733116 27.00000000
v 26.00000000 20.48814392 28.00000000
v 26.00000000 20.49403954 29.00000000
v 26.00000000 20.50981522 30.00000000
v 26.00000000 20.53677750 31.00000000
v 26.00000000 20.56102943 32.00000000
v 26.00000000 20.57541275 33.00000000
v 26.00000000 20.57719994 34.00000000
v 26.00000000 20.57291031 35.00000000
v 26.00000000 20.56418037 36.00000000
v 26.00000000 20.55655289 37.00000000
v 26.00000000 20.54446030 38.00000000
v 26.00000000 20.53425407 39.00000000
v 26.00000000 20.53507233 40.00000000
v 26.00000000 20.54421997 41.00000000
v 26.00000000 20.55237770 42.00000000
v 26.00000000 20.55820084 43.00000000
v 26.00000000 20.57400131 44.00000000
v 26.00000000 20.68420792 45.00000000
v 26.00000000 21.00000000 45.69074631
v 26.00000000 22.00000000 17.22067451
v 26.00000000 21.95724678 46.00000000
v 25.23731613 22.00000000 46.00000000
v 26.00000000 22.00000000 46.00596237
v 26.00000000 23.00000000 17.20169640
v 26.00000000 23.00000000 45.97359848
v 26.00000000 22.22898102 46.00000000
v 26.00000000 24.00000000 17.17011261
v 26.00000000 24.00000000 45.94160080
v 26.00000000 25.00000000 17.12903976
v 26.00000000 25.00000000 45.94328308
v 26.00000000 26.00000000 17.07629585
v 26.00000000 25.74594116 46.00000000
v 26.00000000 26.00000000 46.01537704
v 26.00000000 27.00000000 17.00383186
v 26.00000000 27.00000000 46.08196259
v 26.00000000 27.02845001 17.00000000
v 26.00000000 28.00000000 16.86422539
v 26.00000000 28.00000000 46.11097717
v 26.00000000 29.00000000 16.64594841
v 26.00000000 29.00000000 46.12934875
v 26.00000000 30.00000000 16.47870255
v 26.00000000 30.00000000 46.15770340
v 26.00000000 31.00000000 16.86927414
v 26.00000000 31.00000000 46.22705460
v 26.00000000 31.08660889 17.00000000
v 26.00000000 31.32458305 18.00000000
v 26.00000000 31.36654091 19.00000000
v 26.00000000 31.36124420 20.00000000
v 26.00000000 31.33095741 21.00000000
v 26.00000000 31.27781677 22.00000000
v 26.00000000 31.21968651 23.00000000
v 26.00000000 31.16983414 24.00000000
v 26.00000000 31.12261391 25.00000000
v 26.00000000 31.09516907 26.00000000
v 26.00000000 31.07854462 27.00000000
v 26.00000000 31.06827545 28.00000000
v 26.00000000 31.04512978 29.00000000
v 26.00000000 31.02903557 30.00000000
v 26.00000000 31.03244209 31.00000000
v 26.00000000 31.02861595 32.00000000
v 26.00000000 31.08368301 33.00000000
v 26.00000000 31.31429482 34.00000000
v 26.00000000 31.70798683 35.00000000
v 26.00000000 32.00000000 35.35736084
v 26.00000000 32.00000000 46.28792953
v 26.00000000 33.00000000 35.45167542
v 26.00000000 33.00000000 46.33386993
v 26.00000000 34.00000000 35.18619156
v 26.00000000 34.00000000 46.37350082
v 25.26868248 35.00000000 35.00000000
v 26.00000000 35.00000000 35.02655411
v 26.00000000 35.00000000 46.38953018
v 25.34108162 36.00000000 35.00000000
v 26.00000000 36.00000000 35.01125336
v 26.00000000 36.00000000 46.38259506
v 26.00000000 37.00000000 35.17303848
v 26.00000000 37.00000000 46.36230087
v 26.00000000 38.00000000 35.45265198
v 26.00000000 38.00000000 46.29869461
v 26.00000000 39.00000000 35.76080704
v 26.00000000 39.00000000 46.17736053
v 26.00000000 39.66362000 36.00000000
v 26.00000000 40.00000000 36.12026978
v 26.00000000 40.00000000 46.02481079
v 26.00000000 41.00000000 36.53245163
v 26.00000000 41.00000000 45.47973251
v 26.00000000 40.08145523 46.00000000
v 26.00000000 41.72511673 37.00000000
v 26.00000000 42.00000000 37.26831436
v 26.00000000 42.00000000 43.66992188
v 26.00000000 41.85842896 44.00000000
v 26.00000000 41.36232376 45.00000000
v 26.00000000 42.43825912 38.00000000
v 26.00000000 42.63115692 39.00000000
v 26.00000000 42.60562515 40.00000000
v 26.00000000 42.53882217 41.00000000
v 26.00000000 42.42421722 42.00000000
v 26.00000000 42.22122574 43.00000000
v 27.00000000 20.74041367 18.00000000
v 27.00000000 21.00000000 17.61932373
v 27.00000000 20.48861504 19.00000000
v 27.00000000 20.42567253 20.00000000
v 27.00000000 20.40970230 21.00000000
v 27.00000000 20.40504837 22.00000000
v 27.00000000 20.41127205 23.00000000
v 27.00000000 20.43013382 24.00000000
v 27.00000000 20.44610214 25.00000000
v 27.00000000 20.46319008 26.00000000
v 27.00000000 20.47651482 27.00000000
v 27.00000000 20.48772240 28.00000000
v 27.00000000 20.49636269 29.00000000
v 27.00000000 20.51203918 30.00000000
v 27.00000000 20.54027557 31.00000000
v 27.00000000 20.56408691 32.00000000
v 27.00000000 20.57816887 33.00000000
v 27.00000000 20.58041191 34.00000000
v 27.00000000 20.57532692 35.00000000
v 27.00000000 20.56739616 36.00000000
v 27.00000000 20.55961037 37.00000000
v 27.00000000 20.54664993 38.00000000
v 27.00000000 20.53791618 39.00000000
v 27.00000000 20.53802299 40.00000000
v 27.00000000 20.54634666 41.00000000
v 27.00000000 20.55261421 42.00000000
v 27.00000000 20.55833435 43.00000000
v 27.00000000 20.57775497 44.00000000
v 27.00000000 20.68672562 45.00000000
v 27.00000000 21.00000000 45.69420242
v 27.00000000 22.00000000 17.20812988
v 27.00000000 21.91984940 46.00000000
v 27.00000000 22.00000000 46.01143265
v 27.00000000 23.00000000 17.19163704
v 27.00000000 23.00000000 45.98260498
v 27.00000000 22.46325111 46.00000000
v 27.00000000 24.00000000 17.16514397
v 27.00000000 24.00000000 45.94723129
v 27.00000000 25.00000000 17.12604713
v 27.00000000 25.00000000 45.95105743
v 27.00000000 26.00000000 17.07281303
v 27.00000000 25.61215591 46.00000000
v 27.00000000 26.00000000 46.02459717
v 26.82000542 27.00000000 17.00000000
v 27.00000000 26.98763275 17.00000000
v 27.00000000 27.00000000 16.99915314
v 27.00000000 27.00000000 46.09019470
v 27.00000000 28.00000000 16.86057663
v 27.00000000 28.00000000 46.11964798
v 27.00000000 29.00000000 16.64261818
v 27.00000000 29.00000000 46.13888550
v 27.00000000 30.00000000 16.47091103
v 27.00000000 30.00000000 46.16761017
v 27.00000000 31.00000000 16.85904121
v 27.00000000 31.00000000 46.23419952
v 27.00000000 31.09242058 17.00000000
v 27.00000000 31.32651520 18.00000000
v 27.00000000 31.36727715 19.00000000
v 27.00000000 31.35884666 20.00000000
v 27.00000000 31.32611275 21.00000000
v 27.00000000 31.27193451 22.00000000
v 27.00000000 31.21280098 23.00000000
v 27.00000000 31.16069031 24.00000000
v 27.00000000 31.11425209 25.00000000
v 27.00000000 31.08831024 26.00000000
v 27.00000000 31.07628441 27.00000000
v 27.00000000 31.06532669 28.00000000
v 27.00000000 31.04213905 29.00000000
v 27.00000000 31.02706337 30.00000000
v 27.00000000 31.02820587 31.00000000
v 27.00000000 31.02539253 32.00000000
v 27.00000000 31.08051300 33.00000000
v 27.00000000 31.30684471 34.00000000
v 27.00000000 31.71066475 35.00000000
v 27.00000000 32.00000000 35.35069275
v 27.00000000 32.00000000 46.29590607
v 27.00000000 33.00000000 35.46377182
v 27.00000000 33.00000000 46.33950043
v 27.00000000 34.00000000 35.21769333
v 27.00000000 34.00000000 46.37424850
v 27.00000000 35.00000000 35.05486679
v 27.00000000 35.00000000 46.39035416
v 27.00000000 36.00000000 35.02525711
v 27.00000000 36.00000000 46.38489914
v 27.00000000 37.00000000 35.17256165
v 27.00000000 37.00000000 46.35986328
v 27.00000000 38.00000000 35.45420074
v 27.00000000 38.00000000 46.29406738
v 27.00000000 39.00000000 35.75311279
v 27.00000000 39.00000000 46.16838837
v 27.00000000 39.70349503 36.00000000
v 27.00000000 40.00000000 36.10397339
v 27.00000000 40.00000000 46.01446152
v 27.00000000 41.00000000 36.51521301
v 27.00000000 41.00000000 45.46785736
v 27.00000000 40.04772949 46.00000000
v 27.00000000 41.74476624 37.00000000
v 27.00000000 42.00000000 37.25179672
v 27.00000000 42.00000000 43.65573883
v 27.00000000 41.85163116 44.00000000
v 27.00000000 41.35481262 45.00000000
v 27.00000000 42.44313812 38.00000000
v 27.00000000 42.63100815 39.00000000
v 27.00000000 42.60584641 40.00000000
v 27.00000000 42.53713226 41.00000000
v 27.00000000 42.42214584 42.00000000
v 27.00000000 42.21700668 43.00000000
v 28.00000000 20.73462868 18.00000000
v 28.00000000 21.00000000 17.60660744
v 28.00000000 20.48469353 19.00000000
v 28.00000000 20.42241669 20.00000000
v 28.00000000 20.40903091 21.00000000
v 28.00000000 20.40570831 22.00000000
v 28.00000000 20.41304207 23.00000000
v 28.00000000 20.42882729 24.00000000
v 28.00000000 20.44499969 25.00000000
v 28.00000000 20.46113777 26.00000000
v 28.00000000 20.47570038 27.00000000
v 28.00000000 20.48759079 28.00000000
v 28.00000000 20.49871445 29.00000000
v 28.00000000 20.51498985 30.00000000
v 28.00000000 20.54223824 31.00000000
v 28.00000000 20.56609726 32.00000000
v 28.00000000 20.58007812 33.00000000
v 28.00000000 20.58430672 34.00000000
v 28.00000000 20.57865715 35.00000000
v 28.00000000 20.57032204 36.00000000
v 28.00000000 20.56215668 37.00000000
v 28.00000000 20.55111504 38.00000000
v 28.00000000 20.54175568 39.00000000
v 28.00000000 20.54184532 40.00000000
v 28.00000000 20.54798126 41.00000000
v 28.00000000 20.55240250 42.00000000
v 28.00000000 20.55736160 43.00000000
v 28.00000000 20.57936478 44.00000000
v 28.00000000 20.68916321 45.00000000
v 28.00000000 21.00000000 45.69535065
v 28.00000000 22.00000000 17.19884682
v 28.00000000 21.89097404 46.00000000
v 28.00000000 22.00000000 46.01590729
v 28.00000000 23.00000000 17.18224907
v 28.00000000 23.00000000 45.98987579
v 28.00000000 22.67386627 46.00000000
v 28.00000000 24.00000000 17.16136360
v 28.00000000 24.00000000 45.95204926
v 28.00000000 25.00000000 17.12103081
v 28.00000000 25.00000000 45.96139908
v 28.00000000 26.00000000 17.06921768
v 28.00000000 25.48421097 46.00000000
v 28.00000000 26.00000000 46.03247452
v 28.00000000 26.91972733 17.00000000
v 28.00000000 27.00000000 16.99437523
v 28.00000000 27.00000000 46.09690475
v 28.00000000 28.00000000 16.85649109
v 28.00000000 28.00000000 46.12618637
v 28.00000000 29.00000000 16.63907814
v 28.00000000 29.00000000 46.14838409
v 28.00000000 30.00000000 16.46566200
v 28.00000000 30.00000000 46.17526245
v 28.00000000 31.00000000 16.85612106
v 28.00000000 31.00000000 46.24032974
v 28.00000000 31.09327316 17.00000000
v 28.00000000 31.32644081 18.00000000
v 28.00000000 31.36526299 19.00000000
v 28.00000000 31.35596657 20.00000000
v 28.00000000 31.32137489 21.00000000
v 28.00000000 31.26612282 22.00000000
v 28.00000000 31.20694733 23.00000000
v 28.00000000 31.15152168 24.00000000
v 28.00000000 31.10634232 25.00000000
v 28.00000000 31.08574867 26.00000000
v 28.00000000 31.07377243 27.00000000
v 28.00000000 31.06285477 28.00000000
v 28.00000000 31.03924561 29.00000000
v 28.00000000 31.02666283 30.00000000
v 28.00000000 31.02359390 31.00000000
v 28.00000000 31.02115822 32.00000000
v 28.00000000 31.07326889 33.00000000
v 28.00000000 31.29862022 34.00000000
v 28.00000000 31.71463013 35.00000000
v 28.00000000 32.00000000 35.34427261
v 28.00000000 32.00000000 46.30270004
v 28.00000000 33.00000000 35.47720718
v 28.00000000 33.00000000 46.34587479
v 28.00000000 34.00000000 35.25506973
v 28.00000000 34.00000000 46.37414169
v 28.00000000 35.00000000 35.07429123
v 28.00000000 35.00000000 46.39123917
v 28.00000000 36.00000000 35.03897476
v 28.00000000 36.00000000 46.38483047
v 28.00000000 37.00000000 35.17322922
v 28.00000000 37.00000000 46.35544586
v 28.00000000 38.00000000 35.46021652
v 28.00000000 38.00000000 46.28954697
v 28.00000000 39.00000000 35.74618912
v 28.00000000 39.00000000 46.16048431
v 28.00000000 39.73872375 36.00000000
v 28.00000000 40.00000000 36.09020996
v 28.00000000 40.00000000 46.00370026
v 28.00000000 41.00000000 36.49963379
v 28.00000000 41.00000000 45.45713425
v 28.00000000 40.01235580 46.00000000
v 28.00000000 41.76234436 37.00000000
v 28.00000000 42.00000000 37.23572922
v 28.00000000 42.00000000 43.64232635
v 28.00000000 41.84486389 44.00000000
v 28.00000000 41.34853745 45.00000000
v 28.00000000 42.44669724 38.00000000
v 28.00000000 42.63017273 39.00000000
v 28.00000000 42.60446930 40.00000000
v 28.00000000 42.53485870 41.00000000
v 28.00000000 42.42039871 42.00000000
v 28.00000000 42.21346664 43.00000000
v 29.00000000 20.73180580 18.00000000
v 29.00000000 21.00000000 17.60119629
v 29.00000000 20.48218155 19.00000000
v 29.00000000 20.42067337 20.00000000
v 29.00000000 20.40777588 21.00000000
v 29.00000000 20.40614319 22.00000000
v 29.00000000 20.41487885 23.00000000
v 29.00000000 20.42815590 24.00000000
v 29.00000000 20.44212914 25.00000000
v 29.00000000 20.45897102 26.00000000
v 29.00000000 20.47462273 27.00000000
v 29.00000000 20.48719406 28.00000000
v 29.00000000 20.50064468 29.00000000
v 29.00000000 20.51775169 30.00000000
v 29.00000000 20.54422188 31.00000000
v 29.00000000 20.56777382 32.00000000
v 29.00000000 20.58206558 33.00000000
v 29.00000000 20.58657074 34.00000000
v 29.00000000 20.58232880 35.00000000
v 29.00000000 20.57289886 36.00000000
v 29.00000000 20.56472588 37.00000000
v 29.00000000 20.55530739 38.00000000
v 29.00000000 20.54599953 39.00000000
v 29.00000000 20.54609680 40.00000000
v 29.00000000 20.54887581 41.00000000
v 29.00000000 20.55202103 42.00000000
v 29.00000000 20.55633354 43.00000000
v 29.00000000 20.57831573 44.00000000
v 29.00000000 20.69041634 45.00000000
v 29.00000000 21.00000000 45.69675446
v 29.00000000 22.00000000 17.19090080
v 29.00000000 21.86037064 46.00000000
v 29.00000000 22.00000000 46.02088165
v 29.00000000 23.00000000 17.17383957
v 29.00000000 23.00000000 45.99739075
v 29.00000000 22.91344833 46.00000000
v 29.00000000 24.00000000 17.15804291
v 29.00000000 24.00000000 45.95752335
v 29.00000000 25.00000000 17.11565208
v 29.00000000 25.00000000 45.97180939
v 29.00000000 26.00000000 17.06356430
v 29.00000000 25.35983276 46.00000000
v 29.00000000 26.00000000 46.03953171
v 29.00000000 26.84142494 17.00000000
v 29.00000000 27.00000000 16.98888779
v 29.00000000 27.00000000 46.10254669
v 29.00000000 28.00000000 16.85261726
v 29.00000000 28.00000000 46.13023758
v 29.00000000 29.00000000 16.63843918
v 29.00000000 29.00000000 46.15613174
v 29.00000000 30.00000000 16.46341324
v 29.00000000 30.00000000 46.18239212
v 29.00000000 31.00000000 16.85608101
v 29.00000000 31.00000000 46.24751663
v 29.00000000 31.09280777 17.00000000
v 29.00000000 31.32378960 18.00000000
v 29.00000000 31.36222076 19.00000000
v 29.00000000 31.35183334 20.00000000
v 29.00000000 31.31806946 21.00000000
v 29.00000000 31.26093292 22.00000000
v 29.00000000 31.20103645 23.00000000
v 29.00000000 31.14539719 24.00000000
v 29.00000000 31.09804726 25.00000000
v 29.00000000 31.08374023 26.00000000
v 29.00000000 31.07098579 27.00000000
v 29.00000000 31.06124878 28.00000000
v 29.00000000 31.03798485 29.00000000
v 29.00000000 31.02618790 30.00000000
v 29.00000000 31.02015495 31.00000000
v 29.00000000 31.01515961 32.00000000
v 29.00000000 31.06442833 33.00000000
v 29.00000000 31.28909302 34.00000000
v 29.00000000 31.71612549 35.00000000
v 29.00000000 32.00000000 35.34053421
v 29.00000000 32.00000000 46.30858612
v 29.00000000 33.00000000 35.49391937
v 29.00000000 33.00000000 46.35142899
v 29.00000000 34.00000000 35.28924942
v 29.00000000 34.00000000 46.37472153
v 29.00000000 35.00000000 35.09416580
v 29.00000000 35.00000000 46.38972855
v 29.00000000 36.00000000 35.04860687
v 29.00000000 36.00000000 46.38236618
v 29.00000000 37.00000000 35.17683792
v 29.00000000 37.00000000 46.35161972
v 29.00000000 38.00000000 35.45896530
v 29.00000000 38.00000000 46.28432846
v 29.00000000 39.00000000 35.73601532
v 29.00000000 39.00000000 46.15324020
v 29.00000000 39.76353073 36.00000000
v 29.00000000 40.00000000 36.08105850
v 28.33503723 40.00000000 46.00000000
v 29.00000000 40.00000000 45.98835754
v 29.00000000 39.95613480 46.00000000
v 29.00000000 41.00000000 36.48707199
v 29.00000000 41.00000000 45.44646835
v 29.00000000 41.77592468 37.00000000
v 29.00000000 42.00000000 37.22222137
v 29.00000000 42.00000000 43.63232803
v 29.00000000 41.84054947 44.00000000
v 29.00000000 41.34405518 45.00000000
v 29.00000000 42.44969940 38.00000000
v 29.00000000 42.63137436 39.00000000
v 29.00000000 42.60260391 40.00000000
v 29.00000000 42.53236008 41.00000000
v 29.00000000 42.41880035 42.00000000
v 29.00000000 42.20972824 43.00000000
v 30.00000000 20.73003387 18.00000000
v 30.00000000 21.00000000 17.59742355
v 30.00000000 20.48089981 19.00000000
v 30.00000000 20.41943932 20.00000000
v 30.00000000 20.40673256 21.00000000
v 30.00000000 20.40525436 22.00000000
v 30.00000000 20.41415215 23.00000000
v 30.00000000 20.42822266 24.00000000
v 30.00000000 20.43974876 25.00000000
v 30.00000000 20.45684052 26.00000000
v 30.00000000 20.47364616 27.00000000
v 30.00000000 20.48681068 28.00000000
v 30.00000000 20.50174141 29.00000000
v 30.00000000 20.51989555 30.00000000
v 30.00000000 20.54499245 31.00000000
v 30.00000000 20.56767464 32.00000000
v 30.00000000 20.58313370 33.00000000
v 30.00000000 20.58811378 34.00000000
v 30.00000000 20.58549690 35.00000000
v 30.00000000 20.57631493 36.00000000
v 30.00000000 20.56783295 37.00000000
v 30.00000000 20.56031418 38.00000000
v 30.00000000 20.55080032 39.00000000
v 30.00000000 20.55049896 40.00000000
v 30.00000000 20.55050659 41.00000000
v 30.00000000 20.55141258 42.00000000
v 30.00000000 20.55556488 43.00000000
v 30.00000000 20.57742119 44.00000000
v 30.00000000 20.69027138 45.00000000
v 30.00000000 21.00000000 45.70066452
v 30.00000000 22.00000000 17.18491936
v 30.00000000 21.82810402 46.00000000
v 30.00000000 22.00000000 46.02618790
v 30.00000000 23.00000000 17.16531944
v 29.37337112 23.00000000 46.00000000
v 30.00000000 23.00000000 46.00340652
v 30.00000000 24.00000000 17.15725327
v 30.00000000 24.00000000 45.96590042
v 30.00000000 23.11253929 46.00000000
v 30.00000000 25.00000000 17.11264801
v 30.00000000 25.00000000 45.98170853
v 30.00000000 26.00000000 17.05735016
v 30.00000000 25.23907852 46.00000000
v 30.00000000 26.00000000 46.04578781
v 30.00000000 26.76699448 17.00000000
v 30.00000000 27.00000000 16.98388672
v 30.00000000 27.00000000 46.10604095
v 30.00000000 28.00000000 16.84687805
v 30.00000000 28.00000000 46.13185501
v 30.00000000 29.00000000 16.63949203
v 30.00000000 29.00000000 46.16257858
v 30.00000000 30.00000000 16.46674919
v 30.00000000 30.00000000 46.19021606
v 30.00000000 31.00000000 16.85742760
v 30.00000000 31.00000000 46.25402451
v 30.00000000 31.09182167 17.00000000
v 30.00000000 31.32105064 18.00000000
v 30.00000000 31.35769653 19.00000000
v 30.00000000 31.34723473 20.00000000
v 30.00000000 31.31434822 21.00000000
v 30.00000000 31.25581169 22.00000000
v 30.00000000 31.19467354 23.00000000
v 30.00000000 31.13997078 24.00000000
v 30.00000000 31.09655952 25.00000000
v 30.00000000 31.08177567 26.00000000
v 30.00000000 31.06784248 27.00000000
v 30.00000000 31.05983543 28.00000000
v 30.00000000 31.03711510 29.00000000
v 30.00000000 31.02672195 30.00000000
v 30.00000000 31.01689529 31.00000000
v 30.00000000 31.00762749 32.00000000
v 30.00000000 31.05425644 33.00000000
v 30.00000000 31.27754593 34.00000000
v 30.00000000 31.70934677 35.00000000
v 30.00000000 32.00000000 35.34170914
v 30.00000000 32.00000000 46.31359100
v 30.00000000 33.00000000 35.51253128
v 30.00000000 33.00000000 46.35736084
v 30.00000000 34.00000000 35.31374741
v 30.00000000 34.00000000 46.37447357
v 30.00000000 35.00000000 35.11079407
v 30.00000000 35.00000000 46.38616562
v 30.00000000 36.00000000 35.05555344
v 30.00000000 36.00000000 46.37853241
v 30.00000000 37.00000000 35.18068314
v 30.00000000 37.00000000 46.34854889
v 30.00000000 38.00000000 35.45017242
v 30.00000000 38.00000000 46.27950668
v 30.00000000 39.00000000 35.72756195
v 30.00000000 39.00000000 46.14564133
v 30.00000000 39.77896881 36.00000000
v 30.00000000 40.00000000 36.07585144
v 30.00000000 40.00000000 45.97512817
v 30.00000000 39.90619278 46.00000000
v 30.00000000 41.00000000 36.48092651
v 30.00000000 41.00000000 45.43569183
v 30.00000000 41.78792953 37.00000000
v 30.00000000 42.00000000 37.21007919
v 30.00000000 42.00000000 43.62954712
v 30.00000000 41.84059143 44.00000000
v 30.00000000 41.33937836 45.00000000
v 30.00000000 42.45097351 38.00000000
v 30.00000000 42.63129807 39.00000000
v 30.00000000 42.60081482 40.00000000
v 30.00000000 42.52970123 41.00000000
v 30.00000000 42.41729355 42.00000000
v 30.00000000 42.20640182 43.00000000
v 31.00000000 20.73089218 18.00000000
v 31.00000000 21.00000000 17.59804916
v 31.00000000 20.48050308 19.00000000
v 31.00000000 20.41983223 20.00000000
v 31.00000000 20.40503502 21.00000000
v 31.00000000 20.40311432 22.00000000
v 31.00000000 20.41366577 23.00000000
v 31.00000000 20.42740631 24.00000000
v 31.00000000 20.43772697 25.00000000
v 31.00000000 20.45412827 26.00000000
v 31.00000000 20.47309303 27.00000000
v 31.00000000 20.48694611 28.00000000
v 31.00000000 20.50225258 29.00000000
v 31.00000000 20.52154732 30.00000000
v 31.00000000 20.54521370 31.00000000
v 31.00000000 20.56685829 32.00000000
v 31.00000000 20.58364868 33.00000000
v 31.00000000 20.58952141 34.00000000
v 31.00000000 20.58741570 35.00000000
v 31.00000000 20.58012772 36.00000000
v 31.00000000 20.57238960 37.00000000
v 31.00000000 20.56475830 38.00000000
v 31.00000000 20.55630302 39.00000000
v 31.00000000 20.55452728 40.00000000
v 31.00000000 20.55195236 41.00000000
v 31.00000000 20.55114174 42.00000000
v 31.00000000 20.55503082 43.00000000
v 31.00000000 20.57659340 44.00000000
v 31.00000000 20.68888092 45.00000000
v 31.00000000 21.00000000 45.70499039
v 31.00000000 22.00000000 17.18018150
v 31.00000000 21.80133438 46.00000000
v 31.00000000 22.00000000 46.03076553
v 31.00000000 23.00000000 17.15734291
v 31.00000000 23.00000000 46.00710297
v 31.00000000 24.00000000 17.15648460
v 31.00000000 24.00000000 45.97911072
v 31.00000000 23.30146408 46.00000000
v 31.00000000 25.00000000 17.11215210
v 31.00000000 25.00000000 45.99162674
v 31.00000000 26.00000000 17.05264473
v 31.00000000 25.11595154 46.00000000
v 31.00000000 26.00000000 46.05020523
v 31.00000000 26.69957733 17.00000000
v 31.00000000 27.00000000 16.97902298
v 31.00000000 27.00000000 46.10718155
v 31.00000000 28.00000000 16.84160042
v 31.00000000 28.00000000 46.13302612
v 31.00000000 29.00000000 16.64331245
v 31.00000000 29.00000000 46.16847229
v 31.00000000 30.00000000 16.47159386
v 31.00000000 30.00000000 46.19755936
v 31.00000000 31.00000000 16.85982323
v 31.00000000 31.00000000 46.26029587
v 31.00000000 31.09027863 17.00000000
v 31.00000000 31.31794548 18.00000000
v 31.00000000 31.35231781 19.00000000
v 31.00000000 31.34205246 20.00000000
v 31.00000000 31.30961609 21.00000000
v 31.00000000 31.25008583 22.00000000
v 31.00000000 31.18772125 23.00000000
v 31.00000000 31.13489914 24.00000000
v 31.00000000 31.09723091 25.00000000
v 31.00000000 31.08026314 26.00000000
v 31.00000000 31.06559181 27.00000000
v 31.00000000 31.05785179 28.00000000
v 31.00000000 31.03687859 29.00000000
v 31.00000000 31.02845192 30.00000000
v 31.00000000 31.01088524 31.00000000
v 31.00000000 31.00022507 32.00000000
v 31.00000000 31.04448891 33.00000000
v 31.00000000 31.26721191 34.00000000
v 31.00000000 31.70226669 35.00000000
v 31.00000000 32.00000000 35.34582138
v 31.00000000 32.00000000 46.31896210
v 31.00000000 33.00000000 35.52598190
v 31.00000000 33.00000000 46.36208344
v 31.00000000 34.00000000 35.33491135
v 31.00000000 34.00000000 46.37451172
v 31.00000000 35.00000000 35.12677383
v 31.00000000 35.00000000 46.38106537
v 31.00000000 36.00000000 35.06320953
v 31.00000000 36.00000000 46.37613297
v 31.00000000 37.00000000 35.18370438
v 31.00000000 37.00000000 46.34506989
v 31.00000000 38.00000000 35.43861008
v 31.00000000 38.00000000 46.27479553
v 31.00000000 39.00000000 35.72037125
v 31.00000000 39.00000000 46.14036942
v 31.00000000 39.79302979 36.00000000
v 31.00000000 40.00000000 36.07154465
v 31.00000000 40.00000000 45.96305084
v 31.00000000 39.86218643 46.00000000
v 31.00000000 41.00000000 36.47793198
v 31.00000000 41.00000000 45.42537308
v 31.00000000 41.79221344 37.00000000
v 31.00000000 42.00000000 37.20621490
v 31.00000000 42.00000000 43.63682938
v 31.00000000 41.84529114 44.00000000
v 31.00000000 41.33485413 45.00000000
v 31.00000000 42.45092010 38.00000000
v 31.00000000 42.63090897 39.00000000
v 31.00000000 42.59949493 40.00000000
v 31.00000000 42.52775955 41.00000000
v 31.00000000 42.41577530 42.00000000
v 31.00000000 42.20526505 43.00000000
v 32.00000000 20.73232269 18.00000000
v 32.00000000 21.00000000 17.60090065
v 32.00000000 20.48134804 19.00000000
v 32.00000000 20.42041397 20.00000000
v 32.00000000 20.40414619 21.00000000
v 32.00000000 20.39989662 22.00000000
v 32.00000000 20.41223717 23.00000000
v 32.00000000 20.42576981 24.00000000
v 32.00000000 20.43644142 25.00000000
v 32.00000000 20.45201492 26.00000000
v 32.00000000 20.47164536 27.00000000
v 32.00000000 20.48852921 28.00000000
v 32.00000000 20.50142479 29.00000000
v 32.00000000 20.52294922 30.00000000
v 32.00000000 20.54541969 31.00000000
v 32.00000000 20.56524658 32.00000000
v 32.00000000 20.58274269 33.00000000
v 32.00000000 20.59085274 34.00000000
v 32.00000000 20.58971405 35.00000000
v 32.00000000 20.58241081 36.00000000
v 32.00000000 20.57719231 37.00000000
v 32.00000000 20.56945992 38.00000000
v 32.00000000 20.56320381 39.00000000
v 32.00000000 20.55840874 40.00000000
v 32.00000000 20.55323982 41.00000000
v 32.00000000 20.55106926 42.00000000
v 32.00000000 20.55494881 43.00000000
v 32.00000000 20.57595253 44.00000000
v 32.00000000 20.68788338 45.00000000
v 32.00000000 21.00000000 45.71107864
v 32.00000000 22.00000000 17.17568207
v 32.00000000 21.77804375 46.00000000
v 32.00000000 22.00000000 46.03453827
v 32.00000000 23.00000000 17.15068245
v 32.00000000 23.00000000 46.01308060
v 32.00000000 24.00000000 17.15412903
v 32.00000000 24.00000000 45.99417496
v 32.00000000 23.74037552 46.00000000
v 32.00000000 25.00000000 17.11039543
v 32.00000000 25.00000000 45.99937820
v 32.00000000 26.00000000 17.05059624
v 32.00000000 25.00922966 46.00000000
v 32.00000000 26.00000000 46.05251694
v 32.00000000 26.63509941 17.00000000
v 32.00000000 27.00000000 16.97282791
v 32.00000000 27.00000000 46.10723495
v 32.00000000 28.00000000 16.83716965
v 32.00000000 28.00000000 46.13409042
v 32.00000000 29.00000000 16.64901924
v 32.00000000 29.00000000 46.17366409
v 32.00000000 30.00000000 16.48026466
v 32.00000000 30.00000000 46.20440674
v 32.00000000 31.00000000 16.86354637
v 31.03872490 31.00000000 32.00000000
v 32.00000000 31.00000000 31.54900551
v 32.00000000 30.99524307 32.00000000
v 32.00000000 31.00000000 32.16815948
v 32.00000000 31.00000000 46.26655960
v 32.00000000 31.08781433 17.00000000
v 32.00000000 31.31439400 18.00000000
v 32.00000000 31.34691238 19.00000000
v 32.00000000 31.33698463 20.00000000
v 32.00000000 31.30430412 21.00000000
v 32.00000000 31.24534988 22.00000000
v 32.00000000 31.18378258 23.00000000
v 32.00000000 31.13222313 24.00000000
v 32.00000000 31.09814835 25.00000000
v 32.00000000 31.08122253 26.00000000
v 32.00000000 31.06354713 27.00000000
v 32.00000000 31.05514145 28.00000000
v 32.00000000 31.03691292 29.00000000
v 32.00000000 31.02917671 30.00000000
v 32.00000000 31.00619316 31.00000000
v 32.00000000 31.03587341 33.00000000
v 32.00000000 31.25409698 34.00000000
v 32.00000000 31.69046974 35.00000000
v 32.00000000 32.00000000 35.35529709
v 32.00000000 32.00000000 46.32326126
v 32.00000000 33.00000000 35.54348755
v 32.00000000 33.00000000 46.36457443
v 32.00000000 34.00000000 35.35438538
v 32.00000000 34.00000000 46.37187958
v 32.00000000 35.00000000 35.14591599
v 32.00000000 35.00000000 46.37623215
v 32.00000000 36.00000000 35.07187271
v 32.00000000 36.00000000 46.37310028
v 32.00000000 37.00000000 35.17223740
v 32.00000000 37.00000000 46.34310532
v 32.00000000 38.00000000 35.42841721
v 32.00000000 38.00000000 46.27053833
v 32.00000000 39.00000000 35.71538544
v 32.00000000 39.00000000 46.13640213
v 32.00000000 39.80595016 36.00000000
v 32.00000000 40.00000000 36.06753159
v 32.00000000 40.00000000 45.95164108
v 32.00000000 39.82218552 46.00000000
v 32.00000000 41.00000000 36.48006821
v 32.00000000 41.00000000 45.41759872
v 32.00000000 41.78673935 37.00000000
v 32.00000000 42.00000000 37.21142960
v 32.00000000 42.00000000 43.64861679
v 32.00000000 41.85065460 44.00000000
v 32.00000000 41.33200073 45.00000000
v 32.00000000 42.45022583 38.00000000
v 32.00000000 42.63023758 39.00000000
v 32.00000000 42.59821701 40.00000000
v 32.00000000 42.52584457 41.00000000
v 32.00000000 42.41419220 42.00000000
v 32.00000000 42.20684814 43.00000000
v 33.00000000 20.73367119 18.00000000
v 33.00000000 21.00000000 17.60401535
v 33.00000000 20.48238373 19.00000000
v 33.00000000 20.42075348 20.00000000
v 33.00000000 20.40383530 21.00000000
v 33.00000000 20.39707184 22.00000000
v 33.00000000 20.40876579 23.00000000
v 33.00000000 20.42413521 24.00000000
v 33.00000000 20.43535614 25.00000000
v 33.00000000 20.45101738 26.00000000
v 33.00000000 20.47113991 27.00000000
v 33.00000000 20.48929214 28.00000000
v 33.00000000 20.50202560 29.00000000
v 33.00000000 20.52227592 30.00000000
v 33.00000000 20.54505348 31.00000000
v 33.00000000 20.56325150 32.00000000
v 33.00000000 20.58217239 33.00000000
v 33.00000000 20.59125137 34.00000000
v 33.00000000 20.59115982 35.00000000
v 33.00000000 20.58496284 36.00000000
v 33.00000000 20.58170319 37.00000000
v 33.00000000 20.57490349 38.00000000
v 33.00000000 20.56863785 39.00000000
v 33.00000000 20.56271553 40.00000000
v 33.00000000 20.55517960 41.00000000
v 33.00000000 20.55141640 42.00000000
v 33.00000000 20.55523682 43.00000000
v 33.00000000 20.57548332 44.00000000
v 33.00000000 20.68644714 45.00000000
v 33.00000000 21.00000000 45.71708298
v 33.00000000 22.00000000 17.17315483
v 33.00000000 21.75565338 46.00000000
v 33.00000000 22.00000000 46.03826904
v 33.00000000 23.00000000 17.14414597
v 33.00000000 23.00000000 46.01955795
v 33.00000000 24.00000000 17.15132141
v 32.40927887 24.00000000 46.00000000
v 33.00000000 24.00000000 46.00661469
v 33.00000000 25.00000000 17.10604858
v 32.11439514 25.00000000 46.00000000
v 33.00000000 25.00000000 46.00386047
v 33.00000000 26.00000000 17.04940033
v 33.00000000 26.00000000 46.05342865
v 33.00000000 26.58276367 17.00000000
v 33.00000000 27.00000000 16.96694374
v 33.00000000 27.00000000 46.10797501
v 33.00000000 28.00000000 16.83493423
v 33.00000000 28.00000000 46.13668060
v 33.00000000 29.00000000 16.65433693
v 33.00000000 29.00000000 46.17708969
v 33.00000000 30.00000000 16.48849869
v 33.00000000 30.00000000 46.21109390
v 33.00000000 31.00000000 16.86790085
v 33.00000000 31.00000000 31.31028748
v 33.00000000 30.99132919 32.00000000
v 33.00000000 31.00000000 32.33941650
v 33.00000000 31.00000000 46.27199554
v 33.00000000 31.08494759 17.00000000
v 33.00000000 31.30998802 18.00000000
v 33.00000000 31.34154129 19.00000000
v 33.00000000 31.33144188 20.00000000
v 33.00000000 31.29872322 21.00000000
v 33.00000000 31.24017906 22.00000000
v 33.00000000 31.17910004 23.00000000
v 33.00000000 31.13220978 24.00000000
v 33.00000000 31.09948158 25.00000000
v 33.00000000 31.08252144 26.00000000
v 33.00000000 31.06414986 27.00000000
v 33.00000000 31.05265427 28.00000000
v 33.00000000 31.03697968 29.00000000
v 33.00000000 31.02828598 30.00000000
v 33.00000000 31.00419807 31.00000000
v 33.00000000 31.02589798 33.00000000
v 33.00000000 31.24074745 34.00000000
v 33.00000000 31.68007278 35.00000000
v 33.00000000 32.00000000 35.36296082
v 33.00000000 32.00000000 46.32590485
v 33.00000000 33.00000000 35.55640411
v 33.00000000 33.00000000 46.36432266
v 33.00000000 34.00000000 35.37216187
v 33.00000000 34.00000000 46.36983871
v 33.00000000 35.00000000 35.16285324
v 33.00000000 35.00000000 46.37161255
v 33.00000000 36.00000000 35.06801605
v 33.00000000 36.00000000 46.36993790
v 33.00000000 37.00000000 35.16239548
v 33.00000000 37.00000000 46.34207153
v 33.00000000 38.00000000 35.42243958
v 33.00000000 38.00000000 46.26627731
v 33.00000000 39.00000000 35.71715546
v 33.00000000 39.00000000 46.13260269
v 33.00000000 39.80903625 36.00000000
v 33.00000000 40.00000000 36.06541443
v 33.00000000 40.00000000 45.94080734
v 33.00000000 39.78534317 46.00000000
v 33.00000000 41.00000000 36.48237991
v 33.00000000 41.00000000 45.41463852
v 33.00000000 41.78330231 37.00000000
v 33.00000000 42.00000000 37.21434021
v 33.00000000 42.00000000 43.66368103
v 33.00000000 41.85632324 44.00000000
v 33.00000000 41.33299255 45.00000000
v 33.00000000 42.44963074 38.00000000
v 33.00000000 42.62905502 39.00000000
v 33.00000000 42.59778214 40.00000000
v 33.00000000 42.52415466 41.00000000
v 33.00000000 42.41321945 42.00000000
v 33.00000000 42.21044540 43.00000000
v 34.00000000 20.73479080 18.00000000
v 34.00000000 21.00000000 17.60676384
v 34.00000000 20.48298454 19.00000000
v 34.00000000 20.42085838 20.00000000
v 34.00000000 20.40237427 21.00000000
v 34.00000000 20.39525795 22.00000000
v 34.00000000 20.40502930 23.00000000
v 34.00000000 20.42174149 24.00000000
v 34.00000000 20.43452835 25.00000000
v 34.00000000 20.45079613 26.00000000
v 34.00000000 20.47063828 27.00000000
v 34.00000000 20.48972702 28.00000000
v 34.00000000 20.50360489 29.00000000
v 34.00000000 20.52120781 30.00000000
v 34.00000000 20.54344749 31.00000000
v 34.00000000 20.56267929 32.00000000
v 34.00000000 20.58081436 33.00000000
v 34.00000000 20.58989143 34.00000000
v 34.00000000 20.59078407 35.00000000
v 34.00000000 20.58757401 36.00000000
v 34.00000000 20.58522224 37.00000000
v 34.00000000 20.58080673 38.00000000
v 34.00000000 20.57369614 39.00000000
v 34.00000000 20.56692505 40.00000000
v 34.00000000 20.55789948 41.00000000
v 34.00000000 20.55257797 42.00000000
v 34.00000000 20.55593300 43.00000000
v 34.00000000 20.57444382 44.00000000
v 34.00000000 20.68510056 45.00000000
v 34.00000000 21.00000000 45.72253799
v 34.00000000 22.00000000 17.17039490
v 34.00000000 21.73846245 46.00000000
v 34.00000000 22.00000000 46.04110336
v 34.00000000 23.00000000 17.13675690
v 34.00000000 23.00000000 46.02479935
v 34.00000000 24.00000000 17.14436531
v 34.00000000 24.00000000 46.01441574
v 34.00000000 25.00000000 17.10155106
v 34.00000000 25.00000000 46.00762177
v 34.00000000 26.00000000 17.04706383
v 34.00000000 26.00000000 46.05368423
v 34.00000000 26.53900719 17.00000000
v 34.00000000 27.00000000 16.96245766
v 34.00000000 27.00000000 46.10886002
v 34.00000000 28.00000000 16.83308411
v 34.00000000 28.00000000 46.13936996
v 34.00000000 29.00000000 16.65825844
v 34.00000000 29.00000000 46.17980576
v 34.00000000 30.00000000 16.49761581
v 34.00000000 30.00000000 46.21802902
v 34.00000000 31.00000000 16.87242889
v 34.00000000 31.00000000 31.13215828
v 34.00000000 30.98759842 32.00000000
v 34.00000000 31.00000000 32.54864883
v 34.00000000 31.00000000 46.27568817
v 34.00000000 31.08198357 17.00000000
v 34.00000000 31.30397415 18.00000000
v 34.00000000 31.33590317 19.00000000
v 34.00000000 31.32514000 20.00000000
v 34.00000000 31.29291725 21.00000000
v 34.00000000 31.23547745 22.00000000
v 34.00000000 31.17609978 23.00000000
v 34.00000000 31.13073730 24.00000000
v 34.00000000 31.10012436 25.00000000
v 34.00000000 31.08383751 26.00000000
v 34.00000000 31.06633186 27.00000000
v 34.00000000 31.05138016 28.00000000
v 34.00000000 31.03637314 29.00000000
v 34.00000000 31.02746964 30.00000000
v 34.00000000 31.00204468 31.00000000
v 34.00000000 31.01578903 33.00000000
v 34.00000000 31.22732353 34.00000000
v 34.00000000 31.66675758 35.00000000
v 34.00000000 32.00000000 35.37334061
v 34.00000000 32.00000000 46.32717514
v 34.00000000 33.00000000 35.56481934
v 34.00000000 33.00000000 46.36324310
v 34.00000000 34.00000000 35.37731552
v 34.00000000 34.00000000 46.36754608
v 34.00000000 35.00000000 35.17014694
v 34.00000000 35.00000000 46.36843872
v 34.00000000 36.00000000 35.06135941
v 34.00000000 36.00000000 46.36855316
v 34.00000000 37.00000000 35.15434647
v 34.00000000 37.00000000 46.34017563
v 34.00000000 38.00000000 35.42163086
v 34.00000000 38.00000000 46.26258850
v 34.00000000 39.00000000 35.71939850
v 34.00000000 39.00000000 46.12878036
v 34.00000000 39.80722809 36.00000000
v 34.00000000 40.00000000 36.06517792
v 34.00000000 40.00000000 45.93096542
v 34.00000000 39.75239182 46.00000000
v 34.00000000 41.00000000 36.48309326
v 34.00000000 41.00000000 45.41334534
v 34.00000000 41.77929306 37.00000000
v 34.00000000 42.00000000 37.21800613
v 34.00000000 42.00000000 43.67759323
v 34.00000000 41.86107635 44.00000000
v 34.00000000 41.33566666 45.00000000
v 34.00000000 42.44837570 38.00000000
v 34.00000000 42.62729263 39.00000000
v 34.00000000 42.59724808 40.00000000
v 34.00000000 42.52303314 41.00000000
v 34.00000000 42.41450119 42.00000000
v 34.00000000 42.21523666 43.00000000
v 35.00000000 20.73579025 18.00000000
v 35.00000000 21.00000000 17.60782433
v 35.00000000 20.48358727 19.00000000
v 35.00000000 20.42088509 20.00000000
v 35.00000000 20.40100861 21.00000000
v 35.00000000 20.39293861 22.00000000
v 35.00000000 20.40221405 23.00000000
v 35.00000000 20.41983414 24.00000000
v 35.00000000 20.43379974 25.00000000
v 35.00000000 20.45092201 26.00000000
v 35.00000000 20.47070122 27.00000000
v 35.00000000 20.49050140 28.00000000
v 35.00000000 20.50511360 29.00000000
v 35.00000000 20.52227211 30.00000000
v 35.00000000 20.54347038 31.00000000
v 35.00000000 20.56278038 32.00000000
v 35.00000000 20.58002853 33.00000000
v 35.00000000 20.58819389 34.00000000
v 35.00000000 20.59010315 35.00000000
v 35.00000000 20.59095764 36.00000000
v 35.00000000 20.58901787 37.00000000
v 35.00000000 20.58484077 38.00000000
v 35.00000000 20.57787132 39.00000000
v 35.00000000 20.57071686 40.00000000
v 35.00000000 20.56133652 41.00000000
v 35.00000000 20.55460930 42.00000000
v 35.00000000 20.55714035 43.00000000
v 35.00000000 20.57396126 44.00000000
v 35.00000000 20.68315315 45.00000000
v 35.00000000 21.00000000 45.73046875
v 35.00000000 22.00000000 17.16735649
v 35.00000000 21.72099495 46.00000000
v 35.00000000 22.00000000 46.04352188
v 35.00000000 23.00000000 17.12980270
v 35.00000000 23.00000000 46.02691650
v 35.00000000 24.00000000 17.13729286
v 35.00000000 24.00000000 46.01991272
v 35.00000000 25.00000000 17.09708405
v 35.00000000 25.00000000 46.00973511
v 35.00000000 26.00000000 17.04437065
v 35.00000000 26.00000000 46.05142975
v 35.00000000 26.51358795 17.00000000
v 35.00000000 27.00000000 16.96089172
v 35.00000000 27.00000000 46.10934067
v 35.00000000 28.00000000 16.83106422
v 35.00000000 28.00000000 46.14079666
v 35.00000000 29.00000000 16.66137505
v 35.00000000 29.00000000 46.18156433
v 35.00000000 30.00000000 16.50678444
v 35.00000000 30.00000000 46.22132874
v 35.00000000 31.00000000 16.87826920
v 35.00000000 31.00000000 31.06387138
v 35.00000000 30.98380089 32.00000000
v 35.00000000 31.00000000 32.80346680
v 35.00000000 31.00000000 46.27820587
v 35.00000000 31.07818985 17.00000000
v 35.00000000 31.29823303 18.00000000
v 35.00000000 31.33018875 19.00000000
v 35.00000000 31.31882668 20.00000000
v 35.00000000 31.28770638 21.00000000
v 35.00000000 31.23095322 22.00000000
v 35.00000000 31.17422295 23.00000000
v 35.00000000 31.13018608 24.00000000
v 35.00000000 31.10033607 25.00000000
v 35.00000000 31.08548164 26.00000000
v 35.00000000 31.06881332 27.00000000
v 35.00000000 31.05387878 28.00000000
v 35.00000000 31.03434372 29.00000000
v 35.00000000 31.02670097 30.00000000
v 35.00000000 31.00120354 31.00000000
v 35.00000000 31.00621986 33.00000000
v 35.00000000 31.21423149 34.00000000
v 35.00000000 31.65106773 35.00000000
v 35.00000000 32.00000000 35.38373566
v 35.00000000 32.00000000 46.32582855
v 35.00000000 33.00000000 35.57140732
v 35.00000000 33.00000000 46.36034775
v 35.00000000 34.00000000 35.37274170
v 35.00000000 34.00000000 46.36410904
v 35.00000000 35.00000000 35.16067505
v 35.00000000 35.00000000 46.36773300
v 35.00000000 36.00000000 35.05924988
v 35.00000000 36.00000000 46.36781693
v 35.00000000 37.00000000 35.15576935
v 35.00000000 37.00000000 46.33844376
v 35.00000000 38.00000000 35.42519379
v 35.00000000 38.00000000 46.25893402
v 35.00000000 39.00000000 35.72201538
v 35.00000000 39.00000000 46.12414551
v 35.00000000 39.80649567 36.00000000
v 35.00000000 40.00000000 36.06475449
v 35.00000000 40.00000000 45.92614746
v 35.00000000 39.73304749 46.00000000
v 35.00000000 41.00000000 36.48539734
v 35.00000000 41.00000000 45.41443253
v 35.00000000 41.77453232 37.00000000
v 35.00000000 42.00000000 37.22252274
v 35.00000000 42.00000000 43.69175339
v 35.00000000 41.86608887 44.00000000
v 35.00000000 41.33776855 45.00000000
v 35.00000000 42.44640732 38.00000000
v 35.00000000 42.62526703 39.00000000
v 35.00000000 42.59710693 40.00000000
v 35.00000000 42.52314758 41.00000000
v 35.00000000 42.41684723 42.00000000
v 35.00000000 42.22054291 43.00000000
v 36.00000000 20.73666573 18.00000000
v 36.00000000 21.00000000 17.60751724
v 36.00000000 20.48409843 19.00000000
v 36.00000000 20.42130661 20.00000000
v 36.00000000 20.40045357 21.00000000
v 36.00000000 20.39151001 22.00000000
v 36.00000000 20.40097237 23.00000000
v 36.00000000 20.41905022 24.00000000
v 36.00000000 20.43402100 25.00000000
v 36.00000000 20.45139313 26.00000000
v 36.00000000 20.47226715 27.00000000
v 36.00000000 20.49246407 28.00000000
v 36.00000000 20.50824928 29.00000000
v 36.00000000 20.52412033 30.00000000
v 36.00000000 20.54504395 31.00000000
v 36.00000000 20.56254768 32.00000000
v 36.00000000 20.57960892 33.00000000
v 36.00000000 20.58658409 34.00000000
v 36.00000000 20.58938789 35.00000000
v 36.00000000 20.59332466 36.00000000
v 36.00000000 20.59231377 37.00000000
v 36.00000000 20.58818817 38.00000000
v 36.00000000 20.58100700 39.00000000
v 36.00000000 20.57334137 40.00000000
v 36.00000000 20.56354141 41.00000000
v 36.00000000 20.55698395 42.00000000
v 36.00000000 20.55827332 43.00000000
v 36.00000000 20.57254219 44.00000000
v 36.00000000 20.68020058 45.00000000
v 36.00000000 21.00000000 45.73971176
v 36.00000000 22.00000000 17.16351318
v 36.00000000 21.70750427 46.00000000
v 36.00000000 22.00000000 46.04487610
v 36.00000000 23.00000000 17.12172890
v 36.00000000 23.00000000 46.02735138
v 36.00000000 24.00000000 17.13092613
v 36.00000000 24.00000000 46.02313232
v 36.00000000 25.00000000 17.09081078
v 36.00000000 25.00000000 46.01259232
v 36.00000000 26.00000000 17.04285240
v 36.00000000 26.00000000 46.04915619
v 36.00000000 26.49512863 17.00000000
v 36.00000000 27.00000000 16.95920944
v 36.00000000 27.00000000 46.10799408
v 36.00000000 28.00000000 16.82959557
v 36.00000000 28.00000000 46.14108658
v 36.00000000 29.00000000 16.66474533
v 36.00000000 29.00000000 46.18196869
v 36.00000000 30.00000000 16.51519394
v 36.00000000 30.00000000 46.22201538
v 36.00000000 31.00000000 16.88442421
v 36.00000000 31.00000000 31.00515747
v 36.00000000 30.98023796 32.00000000
v 36.00000000 30.99923325 33.00000000
v 35.84092331 31.00000000 33.00000000
v 36.00000000 31.00000000 33.00902557
v 36.00000000 31.00000000 46.27854538
v 36.00000000 31.07414818 17.00000000
v 36.00000000 31.29210281 18.00000000
v 36.00000000 31.32437134 19.00000000
v 36.00000000 31.31262779 20.00000000
v 36.00000000 31.28247833 21.00000000
v 36.00000000 31.22657394 22.00000000
v 36.00000000 31.17331505 23.00000000
v 36.00000000 31.12976265 24.00000000
v 36.00000000 31.09903717 25.00000000
v 36.00000000 31.08605003 26.00000000
v 36.00000000 31.07049942 27.00000000
v 36.00000000 31.05653381 28.00000000
v 36.00000000 31.03487968 29.00000000
v 36.00000000 31.02560616 30.00000000
v 36.00000000 31.00011253 31.00000000
v 36.00000000 31.20185471 34.00000000
v 36.00000000 31.63672447 35.00000000
v 36.00000000 32.00000000 35.39313507
v 36.00000000 32.00000000 46.32439804
v 36.00000000 33.00000000 35.57085419
v 36.00000000 33.00000000 46.35623932
v 36.00000000 34.00000000 35.35257339
v 36.00000000 34.00000000 46.35993195
v 36.00000000 35.00000000 35.13413239
v 36.00000000 35.00000000 46.36639404
v 36.00000000 36.00000000 35.05545044
v 36.00000000 36.00000000 46.36705017
v 36.00000000 37.00000000 35.16191483
v 36.00000000 37.00000000 46.33645630
v 36.00000000 38.00000000 35.42940521
v 36.00000000 38.00000000 46.25614929
v 36.00000000 39.00000000 35.72359467
v 36.00000000 39.00000000 46.11919022
v 36.00000000 39.80501556 36.00000000
v 36.00000000 40.00000000 36.06521606
v 36.00000000 40.00000000 45.92399979
v 36.00000000 39.71986771 46.00000000
v 36.00000000 41.00000000 36.49005508
v 36.00000000 41.00000000 45.41614914
v 36.00000000 41.76875687 37.00000000
v 36.00000000 42.00000000 37.22702026
v 36.00000000 42.00000000 43.70643234
v 36.00000000 41.87113953 44.00000000
v 36.00000000 41.33993149 45.00000000
v 36.00000000 42.44406509 38.00000000
v 36.00000000 42.62265396 39.00000000
v 36.00000000 42.59673309 40.00000000
v 36.00000000 42.52441025 41.00000000
v 36.00000000 42.41990280 42.00000000
v 36.00000000 42.22585678 43.00000000
v 37.00000000 20.73768616 18.00000000
v 37.00000000 21.00000000 17.60746002
v 37.00000000 20.48528099 19.00000000
v 37.00000000 20.42215538 20.00000000
v 37.00000000 20.40023232 21.00000000
v 37.00000000 20.39129448 22.00000000
v 37.00000000 20.40084267 23.00000000
v 37.00000000 20.41804504 24.00000000
v 37.00000000 20.43425179 25.00000000
v 37.00000000 20.45215797 26.00000000
v 37.00000000 20.47359085 27.00000000
v 37.00000000 20.49483681 28.00000000
v 37.00000000 20.51093102 29.00000000
v 37.00000000 20.52761269 30.00000000
v 37.00000000 20.54820633 31.00000000
v 37.00000000 20.56379128 32.00000000
v 37.00000000 20.57911491 33.00000000
v 37.00000000 20.58590317 34.00000000
v 37.00000000 20.58867836 35.00000000
v 37.00000000 20.59476852 36.00000000
v 37.00000000 20.59456444 37.00000000
v 37.00000000 20.59147072 38.00000000
v 37.00000000 20.58220100 39.00000000
v 37.00000000 20.57483864 40.00000000
v 37.00000000 20.56459236 41.00000000
v 37.00000000 20.55787468 42.00000000
v 37.00000000 20.55928421 43.00000000
v 37.00000000 20.57156754 44.00000000
v 37.00000000 20.67743301 45.00000000
v 37.00000000 21.00000000 45.74531555
v 37.00000000 22.00000000 17.15984344
v 37.00000000 21.71672821 46.00000000
v 37.00000000 22.00000000 46.04217529
v 37.00000000 23.00000000 17.11428070
v 37.00000000 23.00000000 46.02529526
v 37.00000000 24.00000000 17.12442398
v 37.00000000 24.00000000 46.02000046
v 37.00000000 25.00000000 17.08523941
v 37.00000000 25.00000000 46.01118088
v 37.00000000 26.00000000 17.04004860
v 37.00000000 26.00000000 46.04477692
v 37.00000000 26.47386932 17.00000000
v 37.00000000 27.00000000 16.95847511
v 37.00000000 27.00000000 46.10506439
v 37.00000000 28.00000000 16.83044434
v 37.00000000 28.00000000 46.13929749
v 37.00000000 29.00000000 16.66581917
v 37.00000000 29.00000000 46.18092346
v 37.00000000 30.00000000 16.52359772
v 37.00000000 30.00000000 46.21799088
v 37.00000000 31.00000000 16.89274597
v 36.06078339 31.00000000 31.00000000
v 37.00000000 31.00000000 30.93858528
v 37.00000000 30.99839211 31.00000000
v 37.00000000 30.97671318 32.00000000
v 37.00000000 30.99500847 33.00000000
v 37.00000000 31.00000000 33.06020737
v 37.00000000 31.00000000 46.27591705
v 37.00000000 31.06863022 17.00000000
v 37.00000000 31.28606606 18.00000000
v 37.00000000 31.31892776 19.00000000
v 37.00000000 31.30676842 20.00000000
v 37.00000000 31.27743530 21.00000000
v 37.00000000 31.22319221 22.00000000
v 37.00000000 31.17234039 23.00000000
v 37.00000000 31.13022041 24.00000000
v 37.00000000 31.09840775 25.00000000
v 37.00000000 31.08518028 26.00000000
v 37.00000000 31.07091904 27.00000000
v 37.00000000 31.05866814 28.00000000
v 37.00000000 31.03707123 29.00000000
v 37.00000000 31.02443886 30.00000000
v 37.00000000 31.18860054 34.00000000
v 37.00000000 31.62396812 35.00000000
v 37.00000000 32.00000000 35.40153885
v 37.00000000 32.00000000 46.32147980
v 37.00000000 33.00000000 35.56134796
v 37.00000000 33.00000000 46.34933472
v 37.00000000 34.00000000 35.32852173
v 37.00000000 34.00000000 46.35396576
v 37.00000000 35.00000000 35.10736465
v 37.00000000 35.00000000 46.36490250
v 37.00000000 36.00000000 35.04590225
v 37.00000000 36.00000000 46.36604309
v 37.00000000 37.00000000 35.16844177
v 37.00000000 37.00000000 46.33266068
v 37.00000000 38.00000000 35.43216705
v 37.00000000 38.00000000 46.25249863
v 37.00000000 39.00000000 35.72596359
v 37.00000000 39.00000000 46.11255646
v 37.00000000 39.79929733 36.00000000
v 37.00000000 40.00000000 36.06688309
v 37.00000000 40.00000000 45.92257309
v 37.00000000 39.70438766 46.00000000
v 37.00000000 41.00000000 36.49538803
v 37.00000000 41.00000000 45.41695786
v 37.00000000 41.76253128 37.00000000
v 37.00000000 42.00000000 37.23183441
v 37.00000000 42.00000000 43.70508575
v 37.00000000 41.87105560 44.00000000
v 37.00000000 41.34093094 45.00000000
v 37.00000000 42.43894196 38.00000000
v 37.00000000 42.61503983 39.00000000
v 37.00000000 42.59232712 40.00000000
v 37.00000000 42.52247238 41.00000000
v 37.00000000 42.41982269 42.00000000
v 37.00000000 42.22481918 43.00000000
v 38.00000000 20.73846817 18.00000000
v 38.00000000 21.00000000 17.60620689
v 38.00000000 20.48672676 19.00000000
v 38.00000000 20.42441940 20.00000000
v 38.00000000 20.40189362 21.00000000
v 38.00000000 20.39357567 22.00000000
v 38.00000000 20.40237427 23.00000000
v 38.00000000 20.41873932 24.00000000
v 38.00000000 20.43568039 25.00000000
v 38.00000000 20.45413017 26.00000000
v 38.00000000 20.47443581 27.00000000
v 38.00000000 20.49736977 28.00000000
v 38.00000000 20.51588631 29.00000000
v 38.00000000 20.53288078 30.00000000
v 38.00000000 20.55081940 31.00000000
v 38.00000000 20.56680298 32.00000000
v 38.00000000 20.58066940 33.00000000
v 38.00000000 20.58659554 34.00000000
v 38.00000000 20.58956528 35.00000000
v 38.00000000 20.59498596 36.00000000
v 38.00000000 20.59564972 37.00000000
v 38.00000000 20.59395218 38.00000000
v 38.00000000 20.58212090 39.00000000
v 38.00000000 20.57397461 40.00000000
v 38.00000000 20.56517220 41.00000000
v 38.00000000 20.55806923 42.00000000
v 38.00000000 20.55977249 43.00000000
v 38.00000000 20.56995583 44.00000000
v 38.00000000 20.67386627 45.00000000
v 38.00000000 21.00000000 45.74388504
v 38.00000000 22.00000000 17.15449524
v 38.00000000 21.73907852 46.00000000
v 38.00000000 22.00000000 46.03847504
v 38.00000000 23.00000000 17.10731888
v 38.00000000 23.00000000 46.02241898
v 38.00000000 24.00000000 17.11495399
v 38.00000000 24.00000000 46.01626587
v 38.00000000 25.00000000 17.07923698
v 38.00000000 25.00000000 46.00846863
v 38.00000000 26.00000000 17.03534126
v 38.00000000 26.00000000 46.03785706
v 38.00000000 26.44561005 17.00000000
v 38.00000000 27.00000000 16.95895386
v 38.00000000 27.00000000 46.10306549
v 38.00000000 28.00000000 16.83336830
v 38.00000000 28.00000000 46.13552475
v 38.00000000 29.00000000 16.66704559
v 38.00000000 29.00000000 46.17660522
v 38.00000000 30.00000000 16.53087234
v 38.00000000 30.00000000 46.21342468
v 38.00000000 31.00000000 16.90017891
v 38.00000000 31.00000000 30.92299080
v 38.00000000 30.99776268 31.00000000
v 38.00000000 30.97469330 32.00000000
v 38.00000000 30.99176025 33.00000000
v 38.00000000 31.00000000 33.10345078
v 38.00000000 31.00000000 46.27244949
v 38.00000000 31.06377792 17.00000000
v 38.00000000 31.28009605 18.00000000
v 38.00000000 31.31357956 19.00000000
v 38.00000000 31.30116463 20.00000000
v 38.00000000 31.27184677 21.00000000
v 38.00000000 31.22043800 22.00000000
v 38.00000000 31.17124939 23.00000000
v 38.00000000 31.13003922 24.00000000
v 38.00000000 31.09902954 25.00000000
v 38.00000000 31.08365059 26.00000000
v 38.00000000 31.06979942 27.00000000
v 38.00000000 31.05983925 28.00000000
v 38.00000000 31.03959274 29.00000000
v 38.00000000 31.02696228 30.00000000
v 38.00000000 31.17510414 34.00000000
v 38.00000000 31.61606216 35.00000000
v 38.00000000 32.00000000 35.40423965
v 38.00000000 32.00000000 46.31737518
v 38.00000000 33.00000000 35.54456711
v 38.00000000 33.00000000 46.34111404
v 38.00000000 34.00000000 35.30250168
v 38.00000000 34.00000000 46.34669876
v 38.00000000 35.00000000 35.08869934
v 38.00000000 35.00000000 46.36397934
v 38.00000000 36.00000000 35.03474808
v 38.00000000 36.00000000 46.36516190
v 38.00000000 37.00000000 35.16504288
v 38.00000000 37.00000000 46.33006668
v 38.00000000 38.00000000 35.43686676
v 38.00000000 38.00000000 46.24974823
v 38.00000000 39.00000000 35.72729874
v 38.00000000 39.00000000 46.10622787
v 38.00000000 39.78606033 36.00000000
v 38.00000000 40.00000000 36.07151794
v 38.00000000 40.00000000 45.92087936
v 38.00000000 39.68754196 46.00000000
v 38.00000000 41.00000000 36.50002289
v 38.00000000 41.00000000 45.41458511
v 38.00000000 41.75518417 37.00000000
v 38.00000000 42.00000000 37.23890686
v 38.00000000 42.00000000 43.69512558
v 38.00000000 41.86786270 44.00000000
v 38.00000000 41.33951569 45.00000000
v 38.00000000 42.43233109 38.00000000
v 38.00000000 42.60702896 39.00000000
v 38.00000000 42.58653259 40.00000000
v 38.00000000 42.52097702 41.00000000
v 38.00000000 42.41859818 42.00000000
v 38.00000000 42.22034073 43.00000000
v 39.00000000 20.73925209 18.00000000
v 39.00000000 21.00000000 17.60409164
v 39.00000000 20.48818398 19.00000000
v 39.00000000 20.42627907 20.00000000
v 39.00000000 20.40441895 21.00000000
v 39.00000000 20.39711761 22.00000000
v 39.00000000 20.40558052 23.00000000
v 39.00000000 20.42203140 24.00000000
v 39.00000000 20.43907738 25.00000000
v 39.00000000 20.45693207 26.00000000
v 39.00000000 20.47775269 27.00000000
v 39.00000000 20.50247383 28.00000000
v 39.00000000 20.52389145 29.00000000
v 39.00000000 20.54058266 30.00000000
v 39.00000000 20.55699539 31.00000000
v 39.00000000 20.57266617 32.00000000
v 39.00000000 20.58442116 33.00000000
v 39.00000000 20.59045410 34.00000000
v 39.00000000 20.59127617 35.00000000
v 39.00000000 20.59419823 36.00000000
v 39.00000000 20.59625626 37.00000000
v 39.00000000 20.59539223 38.00000000
v 39.00000000 20.58285713 39.00000000
v 39.00000000 20.57337761 40.00000000
v 39.00000000 20.56556129 41.00000000
v 39.00000000 20.55893898 42.00000000
v 39.00000000 20.56050301 43.00000000
v 39.00000000 20.56979561 44.00000000
v 39.00000000 20.67275238 45.00000000
v 39.00000000 21.00000000 45.74953079
v 39.00000000 22.00000000 17.14701843
v 39.00000000 21.74926186 46.00000000
v 39.00000000 22.00000000 46.03579712
v 39.00000000 23.00000000 17.10120201
v 39.00000000 23.00000000 46.01816940
v 39.00000000 24.00000000 17.10662842
v 39.00000000 24.00000000 46.01239395
v 39.00000000 25.00000000 17.07419395
v 39.00000000 25.00000000 46.00449753
v 39.00000000 26.00000000 17.03072357
v 39.00000000 26.00000000 46.02848434
v 39.00000000 26.41080093 17.00000000
v 39.00000000 27.00000000 16.95896530
v 39.00000000 27.00000000 46.09807968
v 39.00000000 28.00000000 16.83800888
v 39.00000000 28.00000000 46.13181686
v 39.00000000 29.00000000 16.66865158
v 39.00000000 29.00000000 46.17146683
v 39.00000000 30.00000000 16.53732491
v 39.00000000 30.00000000 46.20885849
v 39.00000000 31.00000000 16.90733337
v 39.00000000 31.00000000 30.94780350
v 39.00000000 30.99841690 31.00000000
v 39.00000000 30.97415733 32.00000000
v 39.00000000 30.98911667 33.00000000
v 39.00000000 31.00000000 33.14100266
v 39.00000000 31.00000000 46.26736832
v 39.00000000 31.05902672 17.00000000
v 39.00000000 31.27421188 18.00000000
v 39.00000000 31.30841637 19.00000000
v 39.00000000 31.29662323 20.00000000
v 39.00000000 31.26773071 21.00000000
v 39.00000000 31.21791840 22.00000000
v 39.00000000 31.16938019 23.00000000
v 39.00000000 31.12910843 24.00000000
v 39.00000000 31.09944916 25.00000000
v 39.00000000 31.08120728 26.00000000
v 39.00000000 31.06848145 27.00000000
v 39.00000000 31.05974770 28.00000000
v 39.00000000 31.04211235 29.00000000
v 39.00000000 31.02902222 30.00000000
v 39.00000000 31.16421509 34.00000000
v 39.00000000 31.61384392 35.00000000
v 39.00000000 32.00000000 35.39875031
v 39.00000000 32.00000000 46.31257629
v 39.00000000 33.00000000 35.52345276
v 39.00000000 33.00000000 46.33281708
v 39.00000000 34.00000000 35.26990128
v 39.00000000 34.00000000 46.34268188
v 39.00000000 35.00000000 35.07531738
v 39.00000000 35.00000000 46.36181259
v 39.00000000 36.00000000 35.02685928
v 39.00000000 36.00000000 46.36422348
v 39.00000000 37.00000000 35.15517044
v 39.00000000 37.00000000 46.32791519
v 39.00000000 38.00000000 35.43395233
v 39.00000000 38.00000000 46.24800110
v 39.00000000 39.00000000 35.72761536
v 39.00000000 39.00000000 46.10033417
v 39.00000000 39.77611160 36.00000000
v 39.00000000 40.00000000 36.07536316
v 39.00000000 40.00000000 45.91677475
v 39.00000000 39.66376877 46.00000000
v 39.00000000 41.00000000 36.50184250
v 39.00000000 41.00000000 45.41505432
v 39.00000000 41.74846268 37.00000000
v 39.00000000 42.00000000 37.24615479
v 39.00000000 42.00000000 43.68742371
v 39.00000000 41.86554337 44.00000000
v 39.00000000 41.33783340 45.00000000
v 39.00000000 42.42706299 38.00000000
v 39.00000000 42.59972000 39.00000000
v 39.00000000 42.58060074 40.00000000
v 39.00000000 42.52001190 41.00000000
v 39.00000000 42.41832352 42.00000000
v 39.00000000 42.21640396 43.00000000
v 40.00000000 20.73954391 18.00000000
v 40.00000000 21.00000000 17.60247993
v 40.00000000 20.49044037 19.00000000
v 40.00000000 20.42836571 20.00000000
v 40.00000000 20.40737724 21.00000000
v 40.00000000 20.40016747 22.00000000
v 40.00000000 20.40898323 23.00000000
v 40.00000000 20.42592430 24.00000000
v 40.00000000 20.44258690 25.00000000
v 40.00000000 20.46008110 26.00000000
v 40.00000000 20.48228264 27.00000000
v 40.00000000 20.50887489 28.00000000
v 40.00000000 20.53351021 29.00000000
v 40.00000000 20.54949760 30.00000000
v 40.00000000 20.56490326 31.00000000
v 40.00000000 20.58185387 32.00000000
v 40.00000000 20.59053421 33.00000000
v 40.00000000 20.59523964 34.00000000
v 40.00000000 20.59463120 35.00000000
v 40.00000000 20.59482765 36.00000000
v 40.00000000 20.59769058 37.00000000
v 40.00000000 20.59788704 38.00000000
v 40.00000000 20.58592796 39.00000000
v 40.00000000 20.57599258 40.00000000
v 40.00000000 20.56702232 41.00000000
v 40.00000000 20.56294441 42.00000000
v 40.00000000 20.56423950 43.00000000
v 40.00000000 20.57146835 44.00000000
v 40.00000000 20.67467308 45.00000000
v 40.00000000 21.00000000 45.75173950
v 40.00000000 22.00000000 17.13673210
v 40.00000000 21.76479912 46.00000000
v 40.00000000 22.00000000 46.03257370
v 40.00000000 23.00000000 17.09077263
v 40.00000000 23.00000000 46.01490402
v 40.00000000 24.00000000 17.09895325
v 40.00000000 24.00000000 46.00830841
v 40.00000000 25.00000000 17.06855392
v 39.84454727 25.00000000 46.00000000
v 40.00000000 25.00000000 45.99893570
v 40.00000000 24.90778923 46.00000000
v 40.00000000 26.00000000 17.02650261
v 40.00000000 25.04236412 46.00000000
v 40.00000000 26.00000000 46.01864624
v 40.00000000 26.37742996 17.00000000
v 40.00000000 27.00000000 16.95918846
v 40.00000000 27.00000000 46.09116745
v 40.00000000 28.00000000 16.84343910
v 40.00000000 28.00000000 46.12741470
v 40.00000000 29.00000000 16.67413521
v 40.00000000 29.00000000 46.16664505
v 40.00000000 30.00000000 16.54213524
v 40.00000000 30.00000000 46.20444870
v 40.00000000 31.00000000 16.91493225
v 39.49785614 31.00000000 31.00000000
v 40.00000000 31.00000000 31.05653572
v 40.00000000 30.97398186 32.00000000
v 40.00000000 30.98605156 33.00000000
v 40.00000000 31.00000000 33.18416595
v 40.00000000 31.00000000 46.26189423
v 40.00000000 31.05403709 17.00000000
v 40.00000000 31.26807022 18.00000000
v 40.00000000 31.30296135 19.00000000
v 40.00000000 31.29174042 20.00000000
v 40.00000000 31.26395988 21.00000000
v 40.00000000 31.21467400 22.00000000
v 40.00000000 31.16640472 23.00000000
v 40.00000000 31.12792778 24.00000000
v 40.00000000 31.10024643 25.00000000
v 40.00000000 31.08038902 26.00000000
v 40.00000000 31.06798172 27.00000000
v 40.00000000 31.05948639 28.00000000
v 40.00000000 31.04203796 29.00000000
v 40.00000000 31.02981758 30.00000000
v 40.00000000 31.00180054 31.00000000
v 40.00000000 31.15620041 34.00000000
v 40.00000000 31.61263847 35.00000000
v 40.00000000 32.00000000 35.39258957
v 40.00000000 32.00000000 46.30730820
v 40.00000000 33.00000000 35.49909973
v 40.00000000 33.00000000 46.32445526
v 40.00000000 34.00000000 35.24146652
v 40.00000000 34.00000000 46.33854294
v 40.00000000 35.00000000 35.06209946
v 40.00000000 35.00000000 46.35910797
v 40.00000000 36.00000000 35.02138901
v 40.00000000 36.00000000 46.36294556
v 40.00000000 37.00000000 35.14370728
v 40.00000000 37.00000000 46.32637405
v 40.00000000 38.00000000 35.42596817
v 40.00000000 38.00000000 46.24335098
v 40.00000000 39.00000000 35.71953201
v 40.00000000 39.00000000 46.09777832
v 40.00000000 39.78186798 36.00000000
v 40.00000000 40.00000000 36.07391357
v 40.00000000 40.00000000 45.91559219
v 40.00000000 39.65621948 46.00000000
v 40.00000000 41.00000000 36.50327301
v 40.00000000 41.00000000 45.41723633
v 40.00000000 41.74472427 37.00000000
v 40.00000000 42.00000000 37.25064850
v 40.00000000 42.00000000 43.67962265
v 40.00000000 41.86300278 44.00000000
v 40.00000000 41.33657455 45.00000000
v 40.00000000 42.42156219 38.00000000
v 40.00000000 42.59409332 39.00000000
v 40.00000000 42.57717514 40.00000000
v 40.00000000 42.51971054 41.00000000
v 40.00000000 42.41738510 42.00000000
v 40.00000000 42.21298981 43.00000000
v 41.00000000 20.74059486 18.00000000
v 41.00000000 21.00000000 17.60116959
v 41.00000000 20.49299049 19.00000000
v 41.00000000 20.43342972 20.00000000
v 41.00000000 20.41338921 21.00000000
v 41.00000000 20.40535736 22.00000000
v 41.00000000 20.41495514 23.00000000
v 41.00000000 20.43204117 24.00000000
v 41.00000000 20.44799232 25.00000000
v 41.00000000 20.46569443 26.00000000
v 41.00000000 20.48855209 27.00000000
v 41.00000000 20.51821136 28.00000000
v 41.00000000 20.54427719 29.00000000
v 41.00000000 20.56160164 30.00000000
v 41.00000000 20.57555389 31.00000000
v 41.00000000 20.59121513 32.00000000
v 41.00000000 20.59995270 33.00000000
v 41.00000000 20.60345459 34.00000000
v 41.00000000 20.59976006 35.00000000
v 41.00000000 20.59823418 36.00000000
v 41.00000000 20.60112953 37.00000000
v 41.00000000 20.60216141 38.00000000
v 41.00000000 20.59045219 39.00000000
v 41.00000000 20.58070946 40.00000000
v 41.00000000 20.57005692 41.00000000
v 41.00000000 20.56695747 42.00000000
v 41.00000000 20.56811333 43.00000000
v 41.00000000 20.57316589 44.00000000
v 41.00000000 20.67722130 45.00000000
v 41.00000000 21.00000000 45.75158310
v 41.00000000 22.00000000 17.12349129
v 41.00000000 21.74519348 46.00000000
v 41.00000000 22.00000000 46.03583527
v 41.00000000 23.00000000 17.07822800
v 41.00000000 23.00000000 46.01152802
v 41.00000000 24.00000000 17.08907509
v 41.00000000 24.00000000 46.00444794
v 41.00000000 25.00000000 17.06307793
v 41.00000000 25.00000000 45.98809433
v 41.00000000 24.32088852 46.00000000
v 41.00000000 26.00000000 17.02350998
v 41.00000000 25.55106735 46.00000000
v 41.00000000 26.00000000 46.00753021
v 41.00000000 26.35438919 17.00000000
v 41.00000000 27.00000000 16.95972633
v 41.00000000 27.00000000 46.08332443
v 41.00000000 28.00000000 16.84831047
v 41.00000000 28.00000000 46.12159729
v 41.00000000 29.00000000 16.68034554
v 41.00000000 29.00000000 46.16075134
v 41.00000000 30.00000000 16.54707146
v 41.00000000 30.00000000 46.20032120
v 41.00000000 31.00000000 16.92237663
v 41.00000000 31.00000000 31.06718254
v 41.00000000 30.97625351 32.00000000
v 41.00000000 30.98184013 33.00000000
v 41.00000000 31.00000000 33.23886871
v 41.00000000 31.00000000 46.25683975
v 41.00000000 31.04937363 17.00000000
v 41.00000000 31.26230812 18.00000000
v 41.00000000 31.29729462 19.00000000
v 41.00000000 31.28779221 20.00000000
v 41.00000000 31.26200294 21.00000000
v 41.00000000 31.21129417 22.00000000
v 41.00000000 31.16300774 23.00000000
v 41.00000000 31.12699318 24.00000000
v 41.00000000 31.10018539 25.00000000
v 41.00000000 31.07956886 26.00000000
v 41.00000000 31.06743050 27.00000000
v 41.00000000 31.05881500 28.00000000
v 41.00000000 31.04191589 29.00000000
v 41.00000000 31.02959061 30.00000000
v 41.00000000 31.00198936 31.00000000
v 41.00000000 31.15032959 34.00000000
v 41.00000000 31.60984802 35.00000000
v 41.00000000 32.00000000 35.38813019
v 41.00000000 32.00000000 46.30174255
v 41.00000000 33.00000000 35.47618103
v 41.00000000 33.00000000 46.31603241
v 41.00000000 34.00000000 35.21858597
v 41.00000000 34.00000000 46.33430099
v 41.00000000 35.00000000 35.04801941
v 41.00000000 35.00000000 46.35596466
v 41.00000000 36.00000000 35.02110291
v 41.00000000 36.00000000 46.36126709
v 41.00000000 37.00000000 35.13376999
v 41.00000000 37.00000000 46.32405472
v 41.00000000 38.00000000 35.39890289
v 41.00000000 38.00000000 46.24011230
v 41.00000000 39.00000000 35.70487595
v 41.00000000 39.00000000 46.09888077
v 41.00000000 39.78861618 36.00000000
v 41.00000000 40.00000000 36.07229233
v 41.00000000 40.00000000 45.91665649
v 41.00000000 39.66428375 46.00000000
v 41.00000000 41.00000000 36.50346756
v 41.00000000 41.00000000 45.42002487
v 41.00000000 41.73968124 37.00000000
v 41.00000000 42.00000000 37.25645828
v 41.00000000 42.00000000 43.67113495
v 41.00000000 41.85972595 44.00000000
v 41.00000000 41.33484268 45.00000000
v 41.00000000 42.41488647 38.00000000
v 41.00000000 42.58856583 39.00000000
v 41.00000000 42.57502365 40.00000000
v 41.00000000 42.51921463 41.00000000
v 41.00000000 42.41635513 42.00000000
v 41.00000000 42.21011734 43.00000000
v 42.00000000 20.73985100 18.00000000
v 42.00000000 21.00000000 17.59076500
v 42.00000000 20.49577522 19.00000000
v 42.00000000 20.43958855 20.00000000
v 42.00000000 20.42102242 21.00000000
v 42.00000000 20.41252899 22.00000000
v 42.00000000 20.42310715 23.00000000
v 42.00000000 20.44082832 24.00000000
v 42.00000000 20.45724487 25.00000000
v 42.00000000 20.47605133 26.00000000
v 42.00000000 20.49884605 27.00000000
v 42.00000000 20.53001022 28.00000000
v 42.00000000 20.55714417 29.00000000
v 42.00000000 20.57396889 30.00000000
v 42.00000000 20.58861923 31.00000000
v 42.00000000 20.60163498 32.00000000
v 42.00000000 20.61108398 33.00000000
v 42.00000000 20.61337471 34.00000000
v 42.00000000 20.60677719 35.00000000
v 42.00000000 20.60421181 36.00000000
v 42.00000000 20.60489655 37.00000000
v 42.00000000 20.60449409 38.00000000
v 42.00000000 20.59464645 39.00000000
v 42.00000000 20.58554649 40.00000000
v 42.00000000 20.57363319 41.00000000
v 42.00000000 20.57085991 42.00000000
v 42.00000000 20.57140732 43.00000000
v 42.00000000 20.57472420 44.00000000
v 42.00000000 20.67945480 45.00000000
v 42.00000000 21.00000000 45.75135422
v 42.00000000 22.00000000 17.10945320
v 42.00000000 21.72578430 46.00000000
v 42.00000000 22.00000000 46.03930664
v 42.00000000 23.00000000 17.06632805
v 42.00000000 23.00000000 46.01129913
v 42.00000000 24.00000000 17.07789612
v 41.61747742 24.00000000 46.00000000
v 42.00000000 24.00000000 45.99637985
v 42.00000000 23.80225945 46.00000000
v 42.00000000 25.00000000 17.05465889
v 42.00000000 25.00000000 45.97656250
v 42.00000000 26.00000000 17.01791573
v 41.76094437 26.00000000 46.00000000
v 42.00000000 26.00000000 45.99709320
v 42.00000000 26.29525375 17.00000000
v 42.00000000 27.00000000 16.95948792
v 42.00000000 26.02955246 46.00000000
v 42.00000000 27.00000000 46.07604980
v 42.00000000 28.00000000 16.85232544
v 42.00000000 28.00000000 46.11421204
v 42.00000000 29.00000000 16.68651390
v 42.00000000 29.00000000 46.15350342
v 42.00000000 30.00000000 16.55116844
v 42.00000000 30.00000000 46.19576645
v 42.00000000 31.00000000 16.92902756
v 42.00000000 31.00000000 31.04207420
v 42.00000000 30.97538376 32.00000000
v 42.00000000 30.97855186 33.00000000
v 42.00000000 31.00000000 33.27705383
v 42.00000000 31.00000000 46.25156403
v 42.00000000 31.04501915 17.00000000
v 42.00000000 31.25659561 18.00000000
v 42.00000000 31.29287148 19.00000000
v 42.00000000 31.28388786 20.00000000
v 42.00000000 31.25964737 21.00000000
v 42.00000000 31.20772743 22.00000000
v 42.00000000 31.15901375 23.00000000
v 42.00000000 31.12528801 24.00000000
v 42.00000000 31.09922981 25.00000000
v 42.00000000 31.07883072 26.00000000
v 42.00000000 31.06637192 27.00000000
v 42.00000000 31.05682182 28.00000000
v 42.00000000 31.04227448 29.00000000
v 42.00000000 31.02918053 30.00000000
v 42.00000000 31.00127029 31.00000000
v 42.00000000 31.14749336 34.00000000
v 42.00000000 31.60402107 35.00000000
v 42.00000000 32.00000000 35.38599014
v 42.00000000 32.00000000 46.29467773
v 42.00000000 33.00000000 35.45699692
v 42.00000000 33.00000000 46.30813980
v 42.00000000 34.00000000 35.19842148
v 42.00000000 34.00000000 46.33041000
v 42.00000000 35.00000000 35.03433228
v 42.00000000 35.00000000 46.35281372
v 42.00000000 36.00000000 35.01316833
v 42.00000000 36.00000000 46.35824203
v 42.00000000 37.00000000 35.10105133
v 42.00000000 37.00000000 46.32203293
v 42.00000000 38.00000000 35.36520767
v 42.00000000 38.00000000 46.24079895
v 42.00000000 39.00000000 35.68684387
v 42.00000000 39.00000000 46.10454941
v 42.00000000 39.79832458 36.00000000
v 42.00000000 40.00000000 36.06989670
v 42.00000000 40.00000000 45.91806412
v 42.00000000 39.68265533 46.00000000
v 42.00000000 41.00000000 36.50344849
v 42.00000000 41.00000000 45.42300034
v 42.00000000 41.72316742 37.00000000
v 42.00000000 42.00000000 37.27341843
v 42.00000000 42.00000000 43.66402817
v 42.00000000 41.85621262 44.00000000
v 42.00000000 41.33323288 45.00000000
v 42.00000000 42.40916443 38.00000000
v 42.00000000 42.58413696 39.00000000
v 42.00000000 42.57392502 40.00000000
v 42.00000000 42.51864243 41.00000000
v 42.00000000 42.41524506 42.00000000
v 42.00000000 42.20828629 43.00000000
v 43.00000000 20.73861122 18.00000000
v 43.00000000 21.00000000 17.57892036
v 43.00000000 20.49955750 19.00000000
v 43.00000000 20.44611359 20.00000000
v 43.00000000 20.42725563 21.00000000
v 43.00000000 20.41950226 22.00000000
v 43.00000000 20.43106079 23.00000000
v 43.00000000 20.44891167 24.00000000
v 43.00000000 20.46604729 25.00000000
v 43.00000000 20.48510551 26.00000000
v 43.00000000 20.51086998 27.00000000
v 43.00000000 20.54221725 28.00000000
v 43.00000000 20.57082748 29.00000000
v 43.00000000 20.58770561 30.00000000
v 43.00000000 20.60185432 31.00000000
v 43.00000000 20.61476898 32.00000000
v 43.00000000 20.62286568 33.00000000
v 43.00000000 20.62419510 34.00000000
v 43.00000000 20.61590385 35.00000000
v 43.00000000 20.61197281 36.00000000
v 43.00000000 20.61108589 37.00000000
v 43.00000000 20.60841370 38.00000000
v 43.00000000 20.59884834 39.00000000
v 43.00000000 20.59123993 40.00000000
v 43.00000000 20.57811546 41.00000000
v 43.00000000 20.57479668 42.00000000
v 43.00000000 20.57216072 43.00000000
v 43.00000000 20.57577133 44.00000000
v 43.00000000 20.67971992 45.00000000
v 43.00000000 21.00000000 45.75241852
v 43.00000000 22.00000000 17.08543968
v 43.00000000 21.70743752 46.00000000
v 43.00000000 22.00000000 46.04279709
v 43.00000000 23.00000000 17.04920959
v 43.00000000 23.00000000 46.01171112
v 43.00000000 24.00000000 17.06649399
v 43.00000000 24.00000000 45.98736954
v 43.00000000 23.54662514 46.00000000
v 43.00000000 25.00000000 17.04586601
v 43.00000000 25.00000000 45.96522141
v 43.00000000 26.00000000 17.01159477
v 43.00000000 26.00000000 45.98672867
v 43.00000000 26.21539116 17.00000000
v 43.00000000 27.00000000 16.95951653
v 43.00000000 26.13448143 46.00000000
v 43.00000000 27.00000000 46.06816101
v 43.00000000 28.00000000 16.85472870
v 43.00000000 28.00000000 46.10688400
v 43.00000000 29.00000000 16.69007683
v 43.00000000 29.00000000 46.14543915
v 43.00000000 30.00000000 16.55470276
v 43.00000000 30.00000000 46.19043732
v 43.00000000 31.00000000 16.93352890
v 43.00000000 31.00000000 31.01911926
v 43.00000000 30.97284317 32.00000000
v 43.00000000 30.97665787 33.00000000
v 43.00000000 31.00000000 33.30352402
v 43.00000000 31.00000000 46.24478912
v 43.00000000 31.04210854 17.00000000
v 43.00000000 31.25014687 18.00000000
v 43.00000000 31.28783607 19.00000000
v 43.00000000 31.28086853 20.00000000
v 43.00000000 31.25675201 21.00000000
v 43.00000000 31.20374680 22.00000000
v 43.00000000 31.15463257 23.00000000
v 43.00000000 31.12209892 24.00000000
v 43.00000000 31.09827042 25.00000000
v 43.00000000 31.07911873 26.00000000
v 43.00000000 31.06776237 27.00000000
v 43.00000000 31.05558395 28.00000000
v 43.00000000 31.04189110 29.00000000
v 43.00000000 31.02787018 30.00000000
v 43.00000000 31.00062943 31.00000000
v 43.00000000 31.14219284 34.00000000
v 43.00000000 31.59818649 35.00000000
v 43.00000000 32.00000000 35.38850021
v 43.00000000 32.00000000 46.28802109
v 43.00000000 33.00000000 35.43589401
v 43.00000000 33.00000000 46.30353928
v 43.00000000 34.00000000 35.17695999
v 43.00000000 34.00000000 46.32673645
v 43.00000000 35.00000000 35.01032257
v 43.00000000 35.00000000 46.34954071
v 42.35805893 36.00000000 35.00000000
v 43.00000000 35.29802322 35.00000000
v 43.00000000 36.00000000 34.98458862
v 43.00000000 36.00000000 46.35554504
v 43.00000000 36.26051331 35.00000000
v 43.00000000 37.00000000 35.06994629
v 43.00000000 37.00000000 46.31950378
v 43.00000000 38.00000000 35.32926559
v 43.00000000 38.00000000 46.24312592
v 43.00000000 39.00000000 35.66490173
v 43.00000000 39.00000000 46.11062622
v 43.00000000 39.80871201 36.00000000
v 43.00000000 40.00000000 36.06760025
v 43.00000000 40.00000000 45.92074966
v 43.00000000 39.70361710 46.00000000
v 43.00000000 41.00000000 36.50852966
v 43.00000000 41.00000000 45.42697525
v 43.00000000 41.70896912 37.00000000
v 43.00000000 42.00000000 37.28901291
v 43.00000000 42.00000000 43.65652084
v 43.00000000 41.85234833 44.00000000
v 43.00000000 41.33296967 45.00000000
v 43.00000000 42.40279388 38.00000000
v 43.00000000 42.57926559 39.00000000
v 43.00000000 42.57213211 40.00000000
v 43.00000000 42.51702881 41.00000000
v 43.00000000 42.41362762 42.00000000
v 43.00000000 42.20597839 43.00000000
v 44.00000000 20.73468018 18.00000000
v 44.00000000 21.00000000 17.56121826
v 44.00000000 20.50332451 19.00000000
v 44.00000000 20.45369530 20.00000000
v 44.00000000 20.43518448 21.00000000
v 44.00000000 20.42811012 22.00000000
v 44.00000000 20.43951035 23.00000000
v 44.00000000 20.45702362 24.00000000
v 44.00000000 20.47445488 25.00000000
v 44.00000000 20.49487114 26.00000000
v 44.00000000 20.52215195 27.00000000
v 44.00000000 20.55447388 28.00000000
v 44.00000000 20.58323479 29.00000000
v 44.00000000 20.60027885 30.00000000
v 44.00000000 20.61615753 31.00000000
v 44.00000000 20.62953758 32.00000000
v 44.00000000 20.63680458 33.00000000
v 44.00000000 20.63640022 34.00000000
v 44.00000000 20.62906647 35.00000000
v 44.00000000 20.62372971 36.00000000
v 44.00000000 20.61985588 37.00000000
v 44.00000000 20.61471558 38.00000000
v 44.00000000 20.60386848 39.00000000
v 44.00000000 20.59723282 40.00000000
v 44.00000000 20.58323479 41.00000000
v 44.00000000 20.57712555 42.00000000
v 44.00000000 20.57217216 43.00000000
v 44.00000000 20.57539749 44.00000000
v 44.00000000 20.68024063 45.00000000
v 44.00000000 21.00000000 45.74885559
v 44.00000000 22.00000000 17.05997086
v 44.00000000 21.70501709 46.00000000
v 44.00000000 22.00000000 46.04408646
v 44.00000000 23.00000000 17.02881813
v 44.00000000 23.00000000 46.01227951
v 44.00000000 24.00000000 17.04907417
v 44.00000000 24.00000000 45.98513031
v 44.00000000 23.51908875 46.00000000
v 44.00000000 25.00000000 17.03517914
v 44.00000000 25.00000000 45.95241165
v 44.00000000 26.00000000 17.00523186
v 44.00000000 26.00000000 45.97856522
v 44.00000000 26.10653496 17.00000000
v 44.00000000 27.00000000 16.95721626
v 44.00000000 26.21845818 46.00000000
v 44.00000000 27.00000000 46.06095123
v 44.00000000 28.00000000 16.85633659
v 44.00000000 28.00000000 46.09997559
v 44.00000000 29.00000000 16.69250107
v 44.00000000 29.00000000 46.13699722
v 44.00000000 30.00000000 16.55914688
v 44.00000000 30.00000000 46.18392181
v 44.00000000 31.00000000 16.93659973
v 44.00000000 31.00000000 31.02986908
v 44.00000000 30.97202301 32.00000000
v 44.00000000 30.97307777 33.00000000
v 44.00000000 31.00000000 33.34881973
v 44.00000000 31.00000000 46.23736572
v 44.00000000 31.04047585 17.00000000
v 44.00000000 31.24733353 18.00000000
v 44.00000000 31.28642654 19.00000000
v 44.00000000 31.27984047 20.00000000
v 44.00000000 31.25407219 21.00000000
v 44.00000000 31.20044327 22.00000000
v 44.00000000 31.15030098 23.00000000
v 44.00000000 31.11858559 24.00000000
v 44.00000000 31.09564590 25.00000000
v 44.00000000 31.07966805 26.00000000
v 44.00000000 31.06875420 27.00000000
v 44.00000000 31.05411530 28.00000000
v 44.00000000 31.04043198 29.00000000
v 44.00000000 31.02616692 30.00000000
v 44.00000000 31.00104332 31.00000000
v 44.00000000 31.13431358 34.00000000
v 44.00000000 31.59192467 35.00000000
v 44.00000000 32.00000000 35.39419174
v 44.00000000 32.00000000 46.28154755
v 44.00000000 33.00000000 35.41577530
v 44.00000000 33.00000000 46.30001068
v 44.00000000 34.00000000 35.13079071
v 44.00000000 34.00000000 46.32289505
v 43.23388290 35.00000000 35.00000000
v 44.00000000 34.79343033 35.00000000
v 44.00000000 35.00000000 34.97608948
v 44.00000000 35.00000000 46.34650803
v 44.00000000 36.00000000 34.95816803
v 44.00000000 36.00000000 46.35095978
v 44.00000000 36.61803818 35.00000000
v 44.00000000 37.00000000 35.04033661
v 44.00000000 37.00000000 46.31967163
v 44.00000000 38.00000000 35.29487991
v 44.00000000 38.00000000 46.24813461
v 44.00000000 39.00000000 35.64117432
v 44.00000000 39.00000000 46.11494827
v 44.00000000 39.81565475 36.00000000
v 44.00000000 40.00000000 36.06658173
v 44.00000000 40.00000000 45.92321777
v 44.00000000 39.71875381 46.00000000
v 44.00000000 41.00000000 36.51644897
v 44.00000000 41.00000000 45.43303299
v 44.00000000 41.69375229 37.00000000
v 44.00000000 42.00000000 37.30328369
v 44.00000000 42.00000000 43.64037704
v 44.00000000 41.84497833 44.00000000
v 44.00000000 41.33367920 45.00000000
v 44.00000000 42.39603043 38.00000000
v 44.00000000 42.57305908 39.00000000
v 44.00000000 42.56832123 40.00000000
v 44.00000000 42.51323700 41.00000000
v 44.00000000 42.40966797 42.00000000
v 44.00000000 42.20119095 43.00000000
v 45.00000000 20.72554970 18.00000000
v 45.00000000 21.00000000 17.53520393
v 45.00000000 20.50598335 19.00000000
v 45.00000000 20.45971680 20.00000000
v 45.00000000 20.44337845 21.00000000
v 45.00000000 20.43708992 22.00000000
v 45.00000000 20.44961357 23.00000000
v 45.00000000 20.46648216 24.00000000
v 45.00000000 20.48335075 25.00000000
v 45.00000000 20.50537682 26.00000000
v 45.00000000 20.53478813 27.00000000
v 45.00000000 20.56767845 28.00000000
v 45.00000000 20.59558868 29.00000000
v 45.00000000 20.61315346 30.00000000
v 45.00000000 20.63122940 31.00000000
v 45.00000000 20.64592361 32.00000000
v 45.00000000 20.65016556 33.00000000
v 45.00000000 20.64847565 34.00000000
v 45.00000000 20.64177895 35.00000000
v 45.00000000 20.63659286 36.00000000
v 45.00000000 20.62959671 37.00000000
v 45.00000000 20.62180138 38.00000000
v 45.00000000 20.61146164 39.00000000
v 45.00000000 20.60298729 40.00000000
v 45.00000000 20.58866882 41.00000000
v 45.00000000 20.57836914 42.00000000
v 45.00000000 20.57228851 43.00000000
v 45.00000000 20.57468033 44.00000000
v 45.00000000 20.68183136 45.00000000
v 45.00000000 21.00000000 45.74800110
v 45.00000000 22.00000000 17.03605652
v 45.00000000 21.70371056 46.00000000
v 45.00000000 22.00000000 46.04441452
v 45.00000000 23.00000000 17.00839233
v 45.00000000 23.00000000 46.01187897
v 45.00000000 24.00000000 17.03061104
v 45.00000000 24.00000000 45.98191452
v 45.00000000 23.46310616 46.00000000
v 45.00000000 25.00000000 17.01510429
v 45.00000000 25.00000000 45.94217300
v 44.55911255 26.00000000 17.00000000
v 45.00000000 25.78519821 17.00000000
v 45.00000000 26.00000000 16.99614143
v 45.00000000 26.00000000 45.97154999
v 45.00000000 27.00000000 16.95375061
v 45.00000000 26.29453087 46.00000000
v 45.00000000 27.00000000 46.05386734
v 45.00000000 28.00000000 16.85695648
v 45.00000000 28.00000000 46.09336853
v 45.00000000 29.00000000 16.69536781
v 45.00000000 29.00000000 46.12836838
v 45.00000000 30.00000000 16.56613541
v 45.00000000 30.00000000 46.17654800
v 45.00000000 31.00000000 16.93730736
v 45.00000000 31.00000000 31.04067612
v 45.00000000 30.97155380 32.00000000
v 45.00000000 30.96886635 33.00000000
v 45.00000000 31.00000000 33.39990616
v 45.00000000 31.00000000 46.22839355
v 45.00000000 31.04028511 17.00000000
v 45.00000000 31.24575806 18.00000000
v 45.00000000 31.28585434 19.00000000
v 45.00000000 31.27900124 20.00000000
v 45.00000000 31.25159836 21.00000000
v 45.00000000 31.19843483 22.00000000
v 45.00000000 31.14917183 23.00000000
v 45.00000000 31.11795807 24.00000000
v 45.00000000 31.09576416 25.00000000
v 45.00000000 31.08009338 26.00000000
v 45.00000000 31.06854057 27.00000000
v 45.00000000 31.05239296 28.00000000
v 45.00000000 31.03912354 29.00000000
v 45.00000000 31.02485275 30.00000000
v 45.00000000 31.00148773 31.00000000
v 45.00000000 31.12602615 34.00000000
v 45.00000000 31.58617592 35.00000000
v 45.00000000 32.00000000 35.39690399
v 45.00000000 32.00000000 46.27375793
v 45.00000000 33.00000000 35.37233734
v 45.00000000 33.00000000 46.29447174
v 45.00000000 34.00000000 35.06567764
v 45.00000000 34.00000000 46.31837082
v 45.00000000 34.44725800 35.00000000
v 45.00000000 35.00000000 34.94328690
v 45.00000000 35.00000000 46.34304047
v 45.00000000 36.00000000 34.92734528
v 45.00000000 36.00000000 46.34580994
v 45.00000000 36.89928055 35.00000000
v 45.00000000 37.00000000 35.01246643
v 45.00000000 37.00000000 46.31889343
v 45.00000000 38.00000000 35.26741409
v 45.00000000 38.00000000 46.25268173
v 45.00000000 39.00000000 35.61795425
v 45.00000000 39.00000000 46.12057114
v 45.00000000 39.79228210 36.00000000
v 45.00000000 40.00000000 36.07782745
v 45.00000000 40.00000000 45.92040634
v 45.00000000 39.72133636 46.00000000
v 45.00000000 41.00000000 36.52612305
v 45.00000000 41.00000000 45.43214798
v 45.00000000 41.67205429 37.00000000
v 45.00000000 42.00000000 37.32541656
v 45.00000000 42.00000000 43.61027908
v 45.00000000 41.83272934 44.00000000
v 45.00000000 41.32972336 45.00000000
v 45.00000000 42.38470840 38.00000000
v 45.00000000 42.56355286 39.00000000
v 45.00000000 42.56088257 40.00000000
v 45.00000000 42.50427246 41.00000000
v 45.00000000 42.40151978 42.00000000
v 45.00000000 42.19185257 43.00000000
v 46.00000000 20.71697807 18.00000000
v 46.00000000 21.00000000 17.50701141
v 46.00000000 20.50669479 19.00000000
v 46.00000000 20.46226311 20.00000000
v 46.00000000 20.44908333 21.00000000
v 46.00000000 20.44473076 22.00000000
v 46.00000000 20.46063995 23.00000000
v 46.00000000 20.47659111 24.00000000
v 46.00000000 20.49539757 25.00000000
v 46.00000000 20.51904297 26.00000000
v 46.00000000 20.55050468 27.00000000
v 46.00000000 20.58269882 28.00000000
v 46.00000000 20.60870743 29.00000000
v 46.00000000 20.62595367 30.00000000
v 46.00000000 20.64493179 31.00000000
v 46.00000000 20.65913773 32.00000000
v 46.00000000 20.66465569 33.00000000
v 46.00000000 20.66364479 34.00000000
v 46.00000000 20.65689087 35.00000000
v 46.00000000 20.64976692 36.00000000
v 46.00000000 20.64065361 37.00000000
v 46.00000000 20.63059235 38.00000000
v 46.00000000 20.61979103 39.00000000
v 46.00000000 20.60871887 40.00000000
v 46.00000000 20.59200668 41.00000000
v 46.00000000 20.58010292 42.00000000
v 46.00000000 20.57161903 43.00000000
v 46.00000000 20.57537842 44.00000000
v 46.00000000 20.68468857 45.00000000
v 46.00000000 21.00000000 45.73608780
v 46.00000000 22.00000000 17.01562691
v 46.00000000 21.70955849 46.00000000
v 46.00000000 22.00000000 46.04522705
v 45.42856598 23.00000000 17.00000000
v 46.00000000 22.55504799 17.00000000
v 46.00000000 23.00000000 16.98906136
v 46.00000000 23.00000000 46.01199722
v 46.00000000 23.44071388 17.00000000
v 46.00000000 24.00000000 17.01480865
v 46.00000000 24.00000000 45.97959518
v 46.00000000 23.43627357 46.00000000
v 45.84593964 25.00000000 17.00000000
v 46.00000000 24.85564995 17.00000000
v 46.00000000 25.00000000 16.99748611
v 46.00000000 25.00000000 45.93842316
v 46.00000000 26.00000000 16.98180580
v 46.00000000 26.00000000 45.96493530
v 46.00000000 27.00000000 16.94378281
v 46.00000000 26.37941360 46.00000000
v 46.00000000 27.00000000 46.04545975
v 46.00000000 28.00000000 16.85982132
v 46.00000000 28.00000000 46.08745193
v 46.00000000 29.00000000 16.70097542
v 46.00000000 29.00000000 46.12073517
v 46.00000000 30.00000000 16.57665825
v 46.00000000 30.00000000 46.16898346
v 46.00000000 31.00000000 16.93119812
v 46.00000000 31.00000000 31.03167725
v 46.00000000 30.96971130 32.00000000
v 46.00000000 30.96504211 33.00000000
v 46.00000000 31.00000000 33.44409180
v 46.00000000 31.00000000 46.21833038
v 46.00000000 31.04592133 17.00000000
v 46.00000000 31.25127411 18.00000000
v 46.00000000 31.28808784 19.00000000
v 46.00000000 31.27882195 20.00000000
v 46.00000000 31.24989128 21.00000000
v 46.00000000 31.19432449 22.00000000
v 46.00000000 31.14759445 23.00000000
v 46.00000000 31.11794281 24.00000000
v 46.00000000 31.09946442 25.00000000
v 46.00000000 31.08499908 26.00000000
v 46.00000000 31.07194519 27.00000000
v 46.00000000 31.05424118 28.00000000
v 46.00000000 31.03858948 29.00000000
v 46.00000000 31.02368927 30.00000000
v 46.00000000 31.00125885 31.00000000
v 46.00000000 31.12273979 34.00000000
v 46.00000000 31.60568810 35.00000000
v 46.00000000 32.00000000 35.37916565
v 46.00000000 32.00000000 46.26460266
v 46.00000000 33.00000000 35.33280945
v 46.00000000 33.00000000 46.28877258
v 45.97509766 34.00000000 35.00000000
v 46.00000000 33.99510956 35.00000000
v 46.00000000 34.00000000 34.99882889
v 46.00000000 34.00000000 46.31178665
v 46.00000000 35.00000000 34.90689468
v 46.00000000 35.00000000 46.33831406
v 46.00000000 36.00000000 34.89529037
v 46.00000000 36.00000000 46.34276581
v 45.61886215 37.00000000 35.00000000
v 46.00000000 37.00000000 34.99525452
v 46.00000000 37.00000000 46.31999588
v 46.00000000 37.03113174 35.00000000
v 46.00000000 38.00000000 35.24151611
v 46.00000000 38.00000000 46.25527191
v 46.00000000 39.00000000 35.61101913
v 46.00000000 39.00000000 46.12110519
v 46.00000000 39.76270294 36.00000000
v 46.00000000 40.00000000 36.09281921
v 46.00000000 40.00000000 45.91368866
v 46.00000000 39.70650864 46.00000000
v 46.00000000 41.00000000 36.54095078
v 46.00000000 41.00000000 45.42977905
v 46.00000000 41.64145660 37.00000000
v 46.00000000 42.00000000 37.35561371
v 46.00000000 42.00000000 43.58000565
v 46.00000000 41.82056046 44.00000000
v 46.00000000 41.32332611 45.00000000
v 46.00000000 42.37234116 38.00000000
v 46.00000000 42.55313110 39.00000000
v 46.00000000 42.55201340 40.00000000
v 46.00000000 42.49466324 41.00000000
v 46.00000000 42.39186096 42.00000000
v 46.00000000 42.18228531 43.00000000
v 47.00000000 20.70737076 18.00000000
v 47.00000000 21.00000000 17.47777367
v 47.00000000 20.50713730 19.00000000
v 47.00000000 20.46459389 20.00000000
v 47.00000000 20.45457268 21.00000000
v 47.00000000 20.45161438 22.00000000
v 47.00000000 20.46888924 23.00000000
v 47.00000000 20.48508072 24.00000000
v 47.00000000 20.50547028 25.00000000
v 47.00000000 20.53158188 26.00000000
v 47.00000000 20.56571770 27.00000000
v 47.00000000 20.59859085 28.00000000
v 47.00000000 20.62345505 29.00000000
v 47.00000000 20.63965034 30.00000000
v 47.00000000 20.65877914 31.00000000
v 47.00000000 20.67304611 32.00000000
v 47.00000000 20.67887306 33.00000000
v 47.00000000 20.67900467 34.00000000
v 47.00000000 20.67322540 35.00000000
v 47.00000000 20.66518593 36.00000000
v 47.00000000 20.65349960 37.00000000
v 47.00000000 20.64121246 38.00000000
v 47.00000000 20.62859917 39.00000000
v 47.00000000 20.61268044 40.00000000
v 47.00000000 20.59678650 41.00000000
v 47.00000000 20.58298874 42.00000000
v 47.00000000 20.57374573 43.00000000
v 47.00000000 20.57842827 44.00000000
v 47.00000000 20.68942833 45.00000000
v 47.00000000 21.00000000 45.72411728
v 46.75152588 22.00000000 17.00000000
v 47.00000000 21.98103523 17.00000000
v 47.00000000 22.00000000 16.99533844
v 47.00000000 21.73077583 46.00000000
v 47.00000000 22.00000000 46.04234314
v 47.00000000 23.00000000 16.97301102
v 47.00000000 23.00000000 46.00928497
v 47.00000000 23.96931648 17.00000000
v 47.00000000 24.00000000 17.00088692
v 47.00000000 24.00000000 45.97870636
v 47.00000000 23.36560631 46.00000000
v 47.00000000 24.05209732 17.00000000
v 47.00000000 25.00000000 16.98331642
v 47.00000000 25.00000000 45.94395828
v 47.00000000 26.00000000 16.96817207
v 47.00000000 26.00000000 45.96495056
v 47.00000000 27.00000000 16.93403435
v 47.00000000 26.42240143 46.00000000
v 47.00000000 27.00000000 46.03794479
v 47.00000000 28.00000000 16.85413742
v 47.00000000 28.00000000 46.08123016
v 47.00000000 29.00000000 16.70806694
v 47.00000000 29.00000000 46.11317444
v 47.00000000 30.00000000 16.59036446
v 47.00000000 30.00000000 46.16060257
v 47.00000000 31.00000000 16.93577957
v 47.00000000 31.00000000 31.23263741
v 47.00000000 30.97286415 32.00000000
v 47.00000000 30.96644211 33.00000000
v 47.00000000 31.00000000 33.45769119
v 47.00000000 31.00000000 46.20683670
v 47.00000000 31.04558182 17.00000000
v 47.00000000 31.26975441 18.00000000
v 47.00000000 31.30244446 19.00000000
v 47.00000000 31.29159546 20.00000000
v 47.00000000 31.26239204 21.00000000
v 47.00000000 31.20446014 22.00000000
v 47.00000000 31.15571022 23.00000000
v 47.00000000 31.12256241 24.00000000
v 47.00000000 31.10641861 25.00000000
v 47.00000000 31.09500504 26.00000000
v 47.00000000 31.07952499 27.00000000
v 47.00000000 31.06175804 28.00000000
v 47.00000000 31.04538727 29.00000000
v 47.00000000 31.03352547 30.00000000
v 47.00000000 31.01085854 31.00000000
v 47.00000000 31.11845016 34.00000000
v 47.00000000 31.64513397 35.00000000
v 47.00000000 32.00000000 35.34455109
v 47.00000000 32.00000000 46.25604248
v 47.00000000 33.00000000 35.30679321
v 47.00000000 33.00000000 46.28078079
v 47.00000000 33.88656616 35.00000000
v 47.00000000 34.00000000 34.96991730
v 47.00000000 34.00000000 46.30336380
v 47.00000000 35.00000000 34.87042999
v 47.00000000 35.00000000 46.33236694
v 47.00000000 36.00000000 34.86421204
v 47.00000000 36.00000000 46.33963013
v 47.00000000 37.00000000 34.98084259
v 47.00000000 37.00000000 46.31557465
v 47.00000000 37.11766815 35.00000000
v 47.00000000 38.00000000 35.23021698
v 47.00000000 38.00000000 46.25230789
v 47.00000000 39.00000000 35.61995316
v 47.00000000 39.00000000 46.12107468
v 47.00000000 39.70298767 36.00000000
v 47.00000000 40.00000000 36.11920547
v 47.00000000 40.00000000 45.90736008
v 47.00000000 39.69319534 46.00000000
v 47.00000000 41.00000000 36.55763245
v 47.00000000 41.00000000 45.42568207
v 47.00000000 41.61116028 37.00000000
v 47.00000000 42.00000000 37.38331985
v 47.00000000 42.00000000 43.53562164
v 47.00000000 41.80453110 44.00000000
v 47.00000000 41.31616974 45.00000000
v 47.00000000 42.35933685 38.00000000
v 47.00000000 42.54110336 39.00000000
v 47.00000000 42.54060745 40.00000000
v 47.00000000 42.48199081 41.00000000
v 47.00000000 42.37811279 42.00000000
v 47.00000000 42.16735077 43.00000000
v 48.00000000 20.69768143 18.00000000
v 48.00000000 21.00000000 17.44857788
v 48.00000000 20.50922775 19.00000000
v 48.00000000 20.46893883 20.00000000
v 48.00000000 20.45925522 21.00000000
v 48.00000000 20.46047020 22.00000000
v 48.00000000 20.47841644 23.00000000
v 48.00000000 20.49524879 24.00000000
v 48.00000000 20.51570511 25.00000000
v 48.00000000 20.54152870 26.00000000
v 48.00000000 20.57619667 27.00000000
v 48.00000000 20.61081886 28.00000000
v 48.00000000 20.63681984 29.00000000
v 48.00000000 20.65185356 30.00000000
v 48.00000000 20.67115021 31.00000000
v 48.00000000 20.68643951 32.00000000
v 48.00000000 20.69415283 33.00000000
v 48.00000000 20.69441032 34.00000000
v 48.00000000 20.69000435 35.00000000
v 48.00000000 20.67916679 36.00000000
v 48.00000000 20.66663742 37.00000000
v 48.00000000 20.65504646 38.00000000
v 48.00000000 20.63658142 39.00000000
v 48.00000000 20.61948586 40.00000000
v 48.00000000 20.60125923 41.00000000
v 48.00000000 20.58671761 42.00000000
v 48.00000000 20.57696152 43.00000000
v 48.00000000 20.58203888 44.00000000
v 48.00000000 20.69502449 45.00000000
v 48.00000000 21.00000000 45.70827866
v 48.00000000 21.89474106 17.00000000
v 48.00000000 22.00000000 16.97385216
v 48.00000000 21.73960114 46.00000000
v 48.00000000 22.00000000 46.04251480
v 48.00000000 23.00000000 16.95711327
v 48.00000000 23.00000000 46.00511551
v 47.07219315 24.00000000 17.00000000
v 48.00000000 24.00000000 16.98849297
v 48.00000000 24.00000000 45.96857834
v 48.00000000 23.17706490 46.00000000
v 48.00000000 25.00000000 16.97075462
v 48.00000000 25.00000000 45.94717026
v 48.00000000 26.00000000 16.95695686
v 48.00000000 26.00000000 45.97148132
v 48.00000000 27.00000000 16.92364311
v 48.00000000 26.40275764 46.00000000
v 48.00000000 27.00000000 46.03311539
v 48.00000000 28.00000000 16.84829330
v 48.00000000 28.00000000 46.07769775
v 48.00000000 29.00000000 16.70637321
v 48.00000000 29.00000000 46.10699081
v 48.00000000 30.00000000 16.60402870
v 48.00000000 30.00000000 46.15082169
v 48.00000000 31.00000000 16.95700073
v 48.00000000 31.00000000 31.44196320
v 48.00000000 30.98023605 32.00000000
v 48.00000000 30.97359848 33.00000000
v 48.00000000 31.00000000 33.40836716
v 48.00000000 31.00000000 46.19462585
v 48.00000000 31.03179741 17.00000000
v 48.00000000 31.28726959 18.00000000
v 48.00000000 31.33152008 19.00000000
v 48.00000000 31.32407951 20.00000000
v 48.00000000 31.28935814 21.00000000
v 48.00000000 31.22886658 22.00000000
v 48.00000000 31.18771935 23.00000000
v 48.00000000 31.15379143 24.00000000
v 48.00000000 31.13332939 25.00000000
v 48.00000000 31.12046051 26.00000000
v 48.00000000 31.09678078 27.00000000
v 48.00000000 31.07681656 28.00000000
v 48.00000000 31.06041718 29.00000000
v 48.00000000 31.04833221 30.00000000
v 48.00000000 31.02172279 31.00000000
v 48.00000000 31.12342262 34.00000000
v 48.00000000 31.69933128 35.00000000
v 48.00000000 32.00000000 35.30017853
v 48.00000000 32.00000000 46.24723816
v 48.00000000 33.00000000 35.28262711
v 48.00000000 33.00000000 46.27213287
v 48.00000000 33.80652618 35.00000000
v 48.00000000 34.00000000 34.94368744
v 48.00000000 34.00000000 46.29122162
v 48.00000000 35.00000000 34.84049225
v 48.00000000 35.00000000 46.32855988
v 48.00000000 36.00000000 34.84498596
v 48.00000000 36.00000000 46.33488846
v 48.00000000 37.00000000 34.97157288
v 48.00000000 37.00000000 46.30957413
v 48.00000000 37.15086746 35.00000000
v 48.00000000 38.00000000 35.24589539
v 48.00000000 38.00000000 46.24696732
v 48.00000000 39.00000000 35.63083649
v 48.00000000 39.00000000 46.11695480
v 48.00000000 39.66317368 36.00000000
v 48.00000000 40.00000000 36.13646317
v 48.00000000 40.00000000 45.89599991
v 48.00000000 39.66172028 46.00000000
v 48.00000000 41.00000000 36.57324982
v 48.00000000 41.00000000 45.41540527
v 48.00000000 41.58230209 37.00000000
v 48.00000000 42.00000000 37.40832901
v 48.00000000 42.00000000 43.47806549
v 48.00000000 41.78369141 44.00000000
v 48.00000000 41.30674744 45.00000000
v 48.00000000 42.34494400 38.00000000
v 48.00000000 42.52352142 39.00000000
v 48.00000000 42.52578354 40.00000000
v 48.00000000 42.46526337 41.00000000
v 48.00000000 42.36085510 42.00000000
v 48.00000000 42.14918900 43.00000000
v 49.00000000 20.68497276 18.00000000
v 49.00000000 21.00000000 17.40861893
v 49.00000000 20.50841522 19.00000000
v 49.00000000 20.47365761 20.00000000
v 49.00000000 20.46458054 21.00000000
v 49.00000000 20.46972847 22.00000000
v 49.00000000 20.48887825 23.00000000
v 49.00000000 20.50730324 24.00000000
v 49.00000000 20.52840996 25.00000000
v 49.00000000 20.55423737 26.00000000
v 49.00000000 20.58875465 27.00000000
v 49.00000000 20.62590599 28.00000000
v 49.00000000 20.65139771 29.00000000
v 49.00000000 20.66488457 30.00000000
v 49.00000000 20.68153381 31.00000000
v 49.00000000 20.69500160 32.00000000
v 49.00000000 20.70592880 33.00000000
v 49.00000000 20.70852089 34.00000000
v 49.00000000 20.70661545 35.00000000
v 49.00000000 20.69550133 36.00000000
v 49.00000000 20.68281555 37.00000000
v 49.00000000 20.67005539 38.00000000
v 49.00000000 20.64735413 39.00000000
v 49.00000000 20.62553024 40.00000000
v 49.00000000 20.60664368 41.00000000
v 49.00000000 20.59177399 42.00000000
v 49.00000000 20.58131218 43.00000000
v 49.00000000 20.58662987 44.00000000
v 49.00000000 20.70158195 45.00000000
v 49.00000000 21.00000000 45.68889999
v 49.00000000 21.80236053 17.00000000
v 49.00000000 22.00000000 16.95144844
v 49.00000000 21.75184822 46.00000000
v 49.00000000 22.00000000 46.04234695
v 49.00000000 23.00000000 16.94257927
v 49.00000000 23.00000000 46.00072479
v 49.00000000 24.00000000 16.97558403
v 49.00000000 24.00000000 45.96015167
v 49.00000000 23.02346992 46.00000000
v 49.00000000 25.00000000 16.96206093
v 49.00000000 25.00000000 45.94467545
v 49.00000000 26.00000000 16.94779968
v 49.00000000 26.00000000 45.97105026
v 49.00000000 27.00000000 16.91643715
v 49.00000000 26.40208817 46.00000000
v 49.00000000 27.00000000 46.03318024
v 49.00000000 28.00000000 16.84865189
v 49.00000000 28.00000000 46.07471085
v 49.00000000 29.00000000 16.71381378
v 49.00000000 29.00000000 46.10158920
v 49.00000000 30.00000000 16.62464905
v 49.00000000 30.00000000 46.14292908
v 49.00000000 31.00000000 16.98195648
v 49.00000000 31.00000000 31.91383362
v 49.00000000 30.99736214 32.00000000
v 49.00000000 30.98726463 33.00000000
v 49.00000000 31.00000000 33.23259354
v 49.00000000 31.00000000 46.18389893
v 49.00000000 31.01424408 17.00000000
v 49.00000000 31.29811478 18.00000000
v 49.00000000 31.34515572 19.00000000
v 49.00000000 31.34647179 20.00000000
v 49.00000000 31.31947708 21.00000000
v 49.00000000 31.26248741 22.00000000
v 49.00000000 31.22125816 23.00000000
v 49.00000000 31.20162582 24.00000000
v 49.00000000 31.18826294 25.00000000
v 49.00000000 31.17923164 26.00000000
v 49.00000000 31.15512848 27.00000000
v 49.00000000 31.12041473 28.00000000
v 49.00000000 31.09428215 29.00000000
v 49.00000000 31.07175446 30.00000000
v 49.00000000 31.04186630 31.00000000
v 49.00000000 31.15928078 34.00000000
v 49.00000000 31.79751015 35.00000000
v 49.00000000 32.00000000 35.21062469
v 49.00000000 32.00000000 46.23679733
v 49.00000000 33.00000000 35.22079849
v 49.00000000 33.00000000 46.25929260
v 49.00000000 33.65101624 35.00000000
v 49.00000000 34.00000000 34.89496231
v 49.00000000 34.00000000 46.27762222
v 49.00000000 35.00000000 34.78033447
v 49.00000000 35.00000000 46.32300186
v 49.00000000 36.00000000 34.80436325
v 49.00000000 36.00000000 46.32616425
v 49.00000000 37.00000000 34.93752670
v 49.00000000 37.00000000 46.29824448
v 49.00000000 37.28589249 35.00000000
v 49.00000000 38.00000000 35.22211838
v 49.00000000 38.00000000 46.23569870
v 49.00000000 39.00000000 35.60322571
v 49.00000000 39.00000000 46.10874176
v 49.00000000 39.68276978 36.00000000
v 49.00000000 40.00000000 36.13037109
v 49.00000000 40.00000000 45.88158035
v 49.00000000 39.61430359 46.00000000
v 49.00000000 41.00000000 36.57492065
v 49.00000000 41.00000000 45.39828873
v 49.00000000 41.56265640 37.00000000
v 49.00000000 42.00000000 37.43167114
v 49.00000000 42.00000000 43.39707565
v 49.00000000 41.75999069 44.00000000
v 49.00000000 41.29458618 45.00000000
v 49.00000000 42.32583237 38.00000000
v 49.00000000 42.49468231 39.00000000
v 49.00000000 42.50052643 40.00000000
v 49.00000000 42.43857574 41.00000000
v 49.00000000 42.33589935 42.00000000
v 49.00000000 42.12139130 43.00000000
v 50.00000000 20.66571808 18.00000000
v 50.00000000 21.00000000 17.37070656
v 50.00000000 20.49789238 19.00000000
v 50.00000000 20.47048378 20.00000000
v 50.00000000 20.46337318 21.00000000
v 50.00000000 20.46986198 22.00000000
v 50.00000000 20.49460411 23.00000000
v 50.00000000 20.51755333 24.00000000
v 50.00000000 20.54177475 25.00000000
v 50.00000000 20.56824303 26.00000000
v 50.00000000 20.60462189 27.00000000
v 50.00000000 20.64353752 28.00000000
v 50.00000000 20.66704369 29.00000000
v 50.00000000 20.67873192 30.00000000
v 50.00000000 20.69269943 31.00000000
v 50.00000000 20.70483780 32.00000000
v 50.00000000 20.71603966 33.00000000
v 50.00000000 20.72294807 34.00000000
v 50.00000000 20.72299957 35.00000000
v 50.00000000 20.71139526 36.00000000
v 50.00000000 20.69913292 37.00000000
v 50.00000000 20.68409348 38.00000000
v 50.00000000 20.66037750 39.00000000
v 50.00000000 20.63651466 40.00000000
v 50.00000000 20.61536598 41.00000000
v 50.00000000 20.59869576 42.00000000
v 50.00000000 20.58696175 43.00000000
v 50.00000000 20.59299278 44.00000000
v 50.00000000 20.70803452 45.00000000
v 50.00000000 21.00000000 45.66963196
v 50.00000000 21.72223854 17.00000000
v 50.00000000 22.00000000 16.93138885
v 50.00000000 21.76473808 46.00000000
v 50.00000000 22.00000000 46.04191589
v 50.00000000 23.00000000 16.92803383
v 49.20314789 23.00000000 46.00000000
v 50.00000000 23.00000000 45.99631119
v 50.00000000 22.93907928 46.00000000
v 50.00000000 24.00000000 16.96292496
v 50.00000000 24.00000000 45.95466995
v 50.00000000 25.00000000 16.95548439
v 50.00000000 25.00000000 45.94319153
v 50.00000000 26.00000000 16.94252205
v 50.00000000 26.00000000 45.96605301
v 50.00000000 27.00000000 16.91345596
v 50.00000000 26.47558212 46.00000000
v 50.00000000 27.00000000 46.02866364
v 50.00000000 28.00000000 16.85467339
v 50.00000000 28.00000000 46.07287216
v 50.00000000 29.00000000 16.73330116
v 50.00000000 29.00000000 46.09718704
v 50.00000000 30.00000000 16.65176773
v 50.00000000 30.00000000 46.13491821
v 50.00000000 30.96509171 17.00000000
v 49.54230118 31.00000000 17.00000000
v 50.00000000 31.00000000 17.03018188
v 49.08181763 31.00000000 32.00000000
v 49.61372375 31.00000000 33.00000000
v 50.00000000 31.00000000 46.17188644
v 50.00000000 31.34928703 18.00000000
v 50.00000000 31.40775299 19.00000000
v 50.00000000 31.40643120 20.00000000
v 50.00000000 31.37145233 21.00000000
v 50.00000000 31.30927658 22.00000000
v 50.00000000 31.26851845 23.00000000
v 50.00000000 31.24890137 24.00000000
v 50.00000000 31.24436951 25.00000000
v 50.00000000 31.24485016 26.00000000
v 50.00000000 31.22931862 27.00000000
v 50.00000000 31.19990158 28.00000000
v 50.00000000 31.17694664 29.00000000
v 50.00000000 31.15076447 30.00000000
v 50.00000000 31.11289406 31.00000000
v 50.00000000 31.05798721 32.00000000
v 50.00000000 31.02057266 33.00000000
v 50.00000000 31.24964905 34.00000000
v 50.00000000 31.93263245 35.00000000
v 50.00000000 32.00000000 35.07221603
v 50.00000000 32.00000000 46.22561646
v 50.00000000 33.00000000 35.06554794
v 50.00000000 33.00000000 46.24458694
v 50.00000000 33.21231842 35.00000000
v 50.00000000 34.00000000 34.75479126
v 50.00000000 34.00000000 46.27214813
v 50.00000000 35.00000000 34.63290405
v 50.00000000 35.00000000 46.31701660
v 50.00000000 36.00000000 34.67654800
v 50.00000000 36.00000000 46.31688690
v 50.00000000 37.00000000 34.81677246
v 50.00000000 37.00000000 46.28696060
v 50.00000000 37.69190216 35.00000000
v 50.00000000 38.00000000 35.10136795
v 50.00000000 38.00000000 46.22060013
v 50.00000000 39.00000000 35.50551224
v 50.00000000 39.00000000 46.09434891
v 50.00000000 39.78512573 36.00000000
v 50.00000000 40.00000000 36.09088516
v 50.00000000 40.00000000 45.85332108
v 50.00000000 39.52939606 46.00000000
v 50.00000000 41.00000000 36.55742645
v 50.00000000 41.00000000 45.35105896
v 50.00000000 41.56044006 37.00000000
v 50.00000000 42.00000000 37.45318604
v 50.00000000 42.00000000 43.26417160
v 50.00000000 41.72517014 44.00000000
v 50.00000000 41.26159668 45.00000000
v 50.00000000 42.30040359 38.00000000
v 50.00000000 42.45329666 39.00000000
v 50.00000000 42.46257782 40.00000000
v 50.00000000 42.39590836 41.00000000
v 50.00000000 42.29326248 42.00000000
v 50.00000000 42.07754898 43.00000000
v 51.00000000 20.64618683 18.00000000
v 51.00000000 21.00000000 17.33296204
v 51.00000000 20.48557854 19.00000000
v 51.00000000 20.46573830 20.00000000
v 51.00000000 20.46111679 21.00000000
v 51.00000000 20.46524811 22.00000000
v 51.00000000 20.48883057 23.00000000
v 51.00000000 20.51378250 24.00000000
v 51.00000000 20.53858566 25.00000000
v 51.00000000 20.56815529 26.00000000
v 51.00000000 20.60791779 27.00000000
v 51.00000000 20.65044212 28.00000000
v 51.00000000 20.67541122 29.00000000
v 51.00000000 20.68688774 30.00000000
v 51.00000000 20.70003319 31.00000000
v 51.00000000 20.71278191 32.00000000
v 51.00000000 20.72616196 33.00000000
v 51.00000000 20.73613739 34.00000000
v 51.00000000 20.73624229 35.00000000
v 51.00000000 20.72568893 36.00000000
v 51.00000000 20.70958138 37.00000000
v 51.00000000 20.69187355 38.00000000
v 51.00000000 20.66708946 39.00000000
v 51.00000000 20.64494514 40.00000000
v 51.00000000 20.62089539 41.00000000
v 51.00000000 20.60593605 42.00000000
v 51.00000000 20.59471512 43.00000000
v 51.00000000 20.60242462 44.00000000
v 51.00000000 20.71294403 45.00000000
v 51.00000000 21.00000000 45.65814209
v 51.00000000 21.63549805 17.00000000
v 51.00000000 22.00000000 16.90863800
v 51.00000000 21.75691414 46.00000000
v 51.00000000 22.00000000 46.04496384
v 51.00000000 23.00000000 16.91182899
v 51.00000000 23.00000000 45.99707794
v 51.00000000 22.95453453 46.00000000
v 51.00000000 24.00000000 16.94887924
v 51.00000000 24.00000000 45.95303345
v 51.00000000 25.00000000 16.94582748
v 51.00000000 25.00000000 45.94485855
v 51.00000000 26.00000000 16.93474197
v 51.00000000 26.00000000 45.96307755
v 51.00000000 27.00000000 16.90459824
v 51.00000000 26.53223228 46.00000000
v 51.00000000 27.00000000 46.02467728
v 51.00000000 28.00000000 16.84752846
v 51.00000000 28.00000000 46.06830978
v 51.00000000 29.00000000 16.74527550
v 51.00000000 29.00000000 46.08476257
v 51.00000000 30.00000000 16.66996574
v 51.00000000 30.00000000 46.12113953
v 51.00000000 30.95688629 17.00000000
v 51.00000000 31.00000000 17.03379059
v 51.00000000 31.00000000 46.16145706
v 51.00000000 31.47871590 18.00000000
v 51.00000000 31.61938095 19.00000000
v 51.00000000 31.64543724 20.00000000
v 51.00000000 31.59457779 21.00000000
v 51.00000000 31.49949646 22.00000000
v 51.00000000 31.42889977 23.00000000
v 51.00000000 31.37497520 24.00000000
v 51.00000000 31.35870552 25.00000000
v 51.00000000 31.35800743 26.00000000
v 51.00000000 31.35380173 27.00000000
v 51.00000000 31.34756660 28.00000000
v 51.00000000 31.33357239 29.00000000
v 51.00000000 31.31318665 30.00000000
v 51.00000000 31.29050064 31.00000000
v 51.00000000 31.24225235 32.00000000
v 51.00000000 31.23997688 33.00000000
v 51.00000000 31.57781792 34.00000000
v 50.22956467 32.00000000 35.00000000
v 51.00000000 32.00000000 34.64899445
v 51.00000000 32.00000000 46.21486282
v 50.20689774 33.00000000 35.00000000
v 51.00000000 33.00000000 34.58156967
v 51.00000000 33.00000000 46.23533630
v 51.00000000 34.00000000 34.17703247
v 51.00000000 34.00000000 46.26873016
v 51.00000000 35.00000000 34.20373917
v 51.00000000 35.00000000 46.30704498
v 51.00000000 36.00000000 34.34408188
v 51.00000000 36.00000000 46.30049515
v 51.00000000 37.00000000 34.56094742
v 51.00000000 37.00000000 46.27078629
v 50.47837830 38.00000000 35.00000000
v 51.00000000 38.00000000 34.87901306
v 51.00000000 38.00000000 46.19976425
v 51.00000000 38.25424576 35.00000000
v 51.00000000 39.00000000 35.37073135
v 51.00000000 39.00000000 46.07642365
v 51.00000000 39.89989090 36.00000000
v 51.00000000 40.00000000 36.04141235
v 51.00000000 40.00000000 45.81358337
v 51.00000000 39.42068100 46.00000000
v 51.00000000 41.00000000 36.52273560
v 51.00000000 41.00000000 45.29536819
v 51.00000000 41.58216476 37.00000000
v 51.00000000 42.00000000 37.47442627
v 51.00000000 42.00000000 43.07383347
v 51.00000000 41.68233871 44.00000000
v 51.00000000 41.22139740 45.00000000
v 51.00000000 42.25776672 38.00000000
v 51.00000000 42.39273453 39.00000000
v 51.00000000 42.39864731 40.00000000
v 51.00000000 42.33786774 41.00000000
v 51.00000000 42.23144913 42.00000000
v 51.00000000 42.02049255 43.00000000
v 52.00000000 20.62610245 18.00000000
v 52.00000000 21.00000000 17.29632378
v 52.00000000 20.47576714 19.00000000
v 52.00000000 20.45675850 20.00000000
v 52.00000000 20.45590591 21.00000000
v 52.00000000 20.46136665 22.00000000
v 52.00000000 20.48294449 23.00000000
v 52.00000000 20.50802231 24.00000000
v 52.00000000 20.53353500 25.00000000
v 52.00000000 20.56421852 26.00000000
v 52.00000000 20.60689735 27.00000000
v 52.00000000 20.65054703 28.00000000
v 52.00000000 20.67358589 29.00000000
v 52.00000000 20.68537331 30.00000000
v 52.00000000 20.69737434 31.00000000
v 52.00000000 20.71069336 32.00000000
v 52.00000000 20.72371483 33.00000000
v 52.00000000 20.73523712 34.00000000
v 52.00000000 20.73694038 35.00000000
v 52.00000000 20.72804070 36.00000000
v 52.00000000 20.70993233 37.00000000
v 52.00000000 20.69208336 38.00000000
v 52.00000000 20.66717148 39.00000000
v 52.00000000 20.64454079 40.00000000
v 52.00000000 20.61956787 41.00000000
v 52.00000000 20.60324287 42.00000000
v 52.00000000 20.59481430 43.00000000
v 52.00000000 20.60122871 44.00000000
v 52.00000000 20.71020317 45.00000000
v 52.00000000 21.00000000 45.66908646
v 52.00000000 21.57035255 17.00000000
v 52.00000000 22.00000000 16.89396095
v 52.00000000 21.71726608 46.00000000
v 52.00000000 22.00000000 46.05228806
v 52.00000000 23.00000000 16.89791489
v 51.57445908 23.00000000 46.00000000
v 52.00000000 23.00000000 46.00165558
v 52.00000000 24.00000000 16.93682289
v 52.00000000 24.00000000 45.94912338
v 52.00000000 23.04168510 46.00000000
v 52.00000000 25.00000000 16.93790245
v 52.00000000 25.00000000 45.93943405
v 52.00000000 26.00000000 16.92466736
v 52.00000000 26.00000000 45.95251465
v 52.00000000 27.00000000 16.89376068
v 52.00000000 26.70468140 46.00000000
v 52.00000000 27.00000000 46.01485825
v 52.00000000 28.00000000 16.83277130
v 52.00000000 28.00000000 46.05717087
v 52.00000000 29.00000000 16.74235535
v 52.00000000 29.00000000 46.07032013
v 52.00000000 30.00000000 16.67473984
v 52.00000000 30.00000000 46.09740067
v 51.42964935 31.00000000 17.00000000
v 52.00000000 31.00000000 16.97524261
v 52.00000000 31.00000000 46.14495087
v 52.00000000 31.04537773 17.00000000
v 52.00000000 31.85911751 18.00000000
v 51.83796692 32.00000000 19.00000000
v 52.00000000 32.00000000 18.57095909
v 51.79220581 32.00000000 20.00000000
v 51.87438583 32.00000000 21.00000000
v 51.99081421 32.00000000 22.00000000
v 52.00000000 32.00000000 22.11919022
v 52.00000000 31.93195724 23.00000000
v 52.00000000 31.86180305 24.00000000
v 52.00000000 31.82832336 25.00000000
v 52.00000000 31.78501701 26.00000000
v 52.00000000 31.75344086 27.00000000
v 52.00000000 31.74395561 28.00000000
v 52.00000000 31.74443626 29.00000000
v 52.00000000 31.77112961 30.00000000
v 52.00000000 31.85333443 31.00000000
v 52.00000000 31.93643761 32.00000000
v 52.00000000 31.99580956 33.00000000
v 51.63160706 32.00000000 34.00000000
v 52.00000000 32.00000000 33.01573563
v 52.00000000 32.00000000 46.20107651
v 51.90689468 33.00000000 18.00000000
v 52.00000000 32.59620285 18.00000000
v 52.00000000 33.00000000 17.80106544
v 51.83798599 33.00000000 19.00000000
v 51.87637711 33.00000000 20.00000000
v 51.92647934 33.00000000 21.00000000
v 51.98356247 33.00000000 22.00000000
v 52.00000000 33.00000000 22.23619080
v 51.99977112 33.00000000 32.00000000
v 52.00000000 32.99332809 32.00000000
v 52.00000000 33.00000000 31.99721336
v 51.87059402 33.00000000 33.00000000
v 52.00000000 32.02361298 33.00000000
v 51.48431015 33.00000000 34.00000000
v 52.00000000 33.00000000 46.22764587
v 51.95971680 34.00000000 18.00000000
v 52.00000000 34.00000000 17.84573174
v 51.89007187 34.00000000 19.00000000
v 51.89254761 34.00000000 20.00000000
v 51.91210556 34.00000000 21.00000000
v 51.94193649 34.00000000 22.00000000
v 52.00000000 33.65613174 23.00000000
v 51.97560501 34.00000000 23.00000000
v 52.00000000 34.00000000 23.53126335
v 52.00000000 33.05504227 32.00000000
v 52.00000000 34.00000000 32.02323914
v 51.71979141 34.00000000 33.00000000
v 51.15894318 34.00000000 34.00000000
v 52.00000000 34.00000000 46.25968170
v 52.00000000 34.42171478 18.00000000
v 52.00000000 35.00000000 18.79186440
v 51.98595428 35.00000000 19.00000000
v 51.97697449 35.00000000 20.00000000
v 51.96416092 35.00000000 21.00000000
v 51.95424271 35.00000000 22.00000000
v 51.95988846 35.00000000 23.00000000
v 52.00000000 34.52710342 24.00000000
v 51.98143387 35.00000000 24.00000000
v 52.00000000 35.00000000 24.41716766
v 51.80467606 35.00000000 33.00000000
v 52.00000000 35.00000000 32.36243820
v 51.19396210 35.00000000 34.00000000
v 52.00000000 35.00000000 46.28705978
v 52.00000000 35.11889267 19.00000000
v 52.00000000 35.24629211 20.00000000
v 52.00000000 35.42242050 21.00000000
v 52.00000000 35.48247147 22.00000000
v 52.00000000 35.40637970 23.00000000
v 52.00000000 35.20952606 24.00000000
v 51.94360352 36.00000000 33.00000000
v 52.00000000 36.00000000 32.81238937
v 51.41264725 36.00000000 34.00000000
v 52.00000000 36.00000000 46.27786255
v 52.00000000 36.33478546 33.00000000
v 52.00000000 37.00000000 33.32460403
v 51.67736053 37.00000000 34.00000000
v 52.00000000 37.00000000 46.24929047
v 51.98856735 38.00000000 34.00000000
v 52.00000000 38.00000000 33.97167587
v 52.00000000 38.00000000 46.17523956
v 52.00000000 38.02558136 34.00000000
v 51.78384399 39.00000000 35.00000000
v 52.00000000 39.00000000 34.79825211
v 52.00000000 39.00000000 46.04904556
v 52.00000000 39.12593460 35.00000000
v 51.26292801 40.00000000 36.00000000
v 52.00000000 40.00000000 35.78335190
v 52.00000000 40.00000000 45.76013565
v 52.00000000 39.26892090 46.00000000
v 52.00000000 40.25132370 36.00000000
v 52.00000000 41.00000000 36.35937500
v 52.00000000 41.00000000 45.21449661
v 52.00000000 41.67907333 37.00000000
v 52.00000000 42.00000000 37.46805573
v 51.29358292 42.00000000 43.00000000
v 52.00000000 42.00000000 42.74272156
v 52.00000000 41.93589401 43.00000000
v 52.00000000 41.62522888 44.00000000
v 52.00000000 41.15887833 45.00000000
v 52.00000000 42.20721436 38.00000000
v 52.00000000 42.31311035 39.00000000
v 52.00000000 42.31458664 40.00000000
v 52.00000000 42.23996735 41.00000000
v 52.00000000 42.13937759 42.00000000
v 53.00000000 20.59757233 18.00000000
v 53.00000000 21.00000000 17.25280762
v 53.00000000 20.46311569 19.00000000
v 53.00000000 20.44848251 20.00000000
v 53.00000000 20.44819260 21.00000000
v 53.00000000 20.45306396 22.00000000
v 53.00000000 20.47633743 23.00000000
v 53.00000000 20.50000381 24.00000000
v 53.00000000 20.52400589 25.00000000
v 53.00000000 20.55431747 26.00000000
v 53.00000000 20.59839249 27.00000000
v 53.00000000 20.64428902 28.00000000
v 53.00000000 20.66884995 29.00000000
v 53.00000000 20.68083382 30.00000000
v 53.00000000 20.69177437 31.00000000
v 53.00000000 20.70284843 32.00000000
v 53.00000000 20.71575165 33.00000000
v 53.00000000 20.72567558 34.00000000
v 53.00000000 20.72818184 35.00000000
v 53.00000000 20.71821785 36.00000000
v 53.00000000 20.69729042 37.00000000
v 53.00000000 20.67791367 38.00000000
v 53.00000000 20.65380478 39.00000000
v 53.00000000 20.63301277 40.00000000
v 53.00000000 20.60933685 41.00000000
v 53.00000000 20.59835434 42.00000000
v 53.00000000 20.58821487 43.00000000
v 53.00000000 20.59401703 44.00000000
v 53.00000000 20.70194435 45.00000000
v 53.00000000 21.00000000 45.69283676
v 53.00000000 21.49644470 17.00000000
v 53.00000000 22.00000000 16.87864494
v 53.00000000 21.65644264 46.00000000
v 53.00000000 22.00000000 46.06304550
v 53.00000000 23.00000000 16.88976097
v 53.00000000 23.00000000 46.01720428
v 53.00000000 24.00000000 16.92614174
v 53.00000000 24.00000000 45.96395493
v 53.00000000 23.39483643 46.00000000
v 53.00000000 25.00000000 16.92924690
v 53.00000000 25.00000000 45.95338821
v 53.00000000 26.00000000 16.91386986
v 53.00000000 26.00000000 45.95837021
v 53.00000000 27.00000000 16.88023567
v 53.00000000 26.70570755 46.00000000
v 53.00000000 27.00000000 46.01247787
v 53.00000000 28.00000000 16.82525063
v 53.00000000 28.00000000 46.04876328
v 53.00000000 29.00000000 16.74232864
v 53.00000000 29.00000000 46.05833435
v 53.00000000 30.00000000 16.68669128
v 53.00000000 30.00000000 46.07729721
v 53.00000000 31.00000000 16.89722824
v 53.00000000 31.00000000 46.12346649
v 53.00000000 31.35546303 17.00000000
v 52.19371033 32.00000000 18.00000000
v 53.00000000 32.00000000 17.32767677
v 52.05970001 32.00000000 23.00000000
v 52.12584305 32.00000000 24.00000000
v 52.16950989 32.00000000 25.00000000
v 52.23428345 32.00000000 26.00000000
v 52.29564667 32.00000000 27.00000000
v 52.31965256 32.00000000 28.00000000
v 52.34331512 32.00000000 29.00000000
v 52.30227280 32.00000000 30.00000000
v 52.18004227 32.00000000 31.00000000
v 52.07574844 32.00000000 32.00000000
v 52.00455475 32.00000000 33.00000000
v 53.00000000 32.00000000 46.18420410
v 52.59362793 33.00000000 17.00000000
v 53.00000000 32.52075195 17.00000000
v 53.00000000 33.00000000 16.83432388
v 52.07801056 33.00000000 23.00000000
v 52.14672089 33.00000000 24.00000000
v 52.19959259 33.00000000 25.00000000
v 52.24612427 33.00000000 26.00000000
v 52.27585220 33.00000000 27.00000000
v 52.31173706 33.00000000 28.00000000
v 52.34907532 33.00000000 29.00000000
v 52.27226257 33.00000000 30.00000000
v 52.12650299 33.00000000 31.00000000
v 53.00000000 33.00000000 46.21517563
v 52.41340256 34.00000000 17.00000000
v 53.00000000 34.00000000 16.71015739
v 52.03721237 34.00000000 24.00000000
v 52.11521530 34.00000000 25.00000000
v 52.15951538 34.00000000 26.00000000
v 52.17294693 34.00000000 27.00000000
v 52.19840622 34.00000000 28.00000000
v 52.19559479 34.00000000 29.00000000
v 52.17363739 34.00000000 30.00000000
v 52.11204147 34.00000000 31.00000000
v 52.00606918 34.00000000 32.00000000
v 53.00000000 34.00000000 46.24125290
v 52.54850769 35.00000000 17.00000000
v 53.00000000 35.00000000 16.75050545
v 52.09423065 35.00000000 18.00000000
v 52.04807281 35.00000000 25.00000000
v 52.13154602 35.00000000 26.00000000
v 52.16007233 35.00000000 27.00000000
v 52.18023300 35.00000000 28.00000000
v 52.20465851 35.00000000 29.00000000
v 52.21363831 35.00000000 30.00000000
v 52.17560959 35.00000000 31.00000000
v 52.09461212 35.00000000 32.00000000
v 53.00000000 35.00000000 46.26144028
v 52.89185333 36.00000000 17.00000000
v 53.00000000 36.00000000 16.94130707
v 52.31108475 36.00000000 18.00000000
v 52.18569565 36.00000000 19.00000000
v 52.12896347 36.00000000 20.00000000
v 52.09149551 36.00000000 21.00000000
v 52.09037781 36.00000000 22.00000000
v 52.10659409 36.00000000 23.00000000
v 52.13134384 36.00000000 24.00000000
v 52.16133118 36.00000000 25.00000000
v 52.19171143 36.00000000 26.00000000
v 52.21652603 36.00000000 27.00000000
v 52.22619247 36.00000000 28.00000000
v 52.23795319 36.00000000 29.00000000
v 52.27579498 36.00000000 30.00000000
v 52.28919220 36.00000000 31.00000000
v 52.20590973 36.00000000 32.00000000
v 53.00000000 36.00000000 46.24597931
v 53.00000000 36.26993179 17.00000000
v 53.00000000 37.00000000 17.49541473
v 52.72996902 37.00000000 18.00000000
v 52.52278137 37.00000000 19.00000000
v 52.41786957 37.00000000 20.00000000
v 52.34459305 37.00000000 21.00000000
v 52.30609512 37.00000000 22.00000000
v 52.29325485 37.00000000 23.00000000
v 52.29731750 37.00000000 24.00000000
v 52.31499863 37.00000000 25.00000000
v 52.32711029 37.00000000 26.00000000
v 52.30188370 37.00000000 27.00000000
v 52.30584335 37.00000000 28.00000000
v 52.31887436 37.00000000 29.00000000
v 52.34537888 37.00000000 30.00000000
v 52.36779022 37.00000000 31.00000000
v 52.28118134 37.00000000 32.00000000
v 52.10825729 37.00000000 33.00000000
v 53.00000000 37.00000000 46.21129990
v 53.00000000 37.57879639 18.00000000
v 53.00000000 38.00000000 18.95626450
v 52.99104691 38.00000000 19.00000000
v 52.84580612 38.00000000 20.00000000
v 52.71155930 38.00000000 21.00000000
v 52.62508392 38.00000000 22.00000000
v 52.57464981 38.00000000 23.00000000
v 52.54041672 38.00000000 24.00000000
v 52.51807785 38.00000000 25.00000000
v 52.50484085 38.00000000 26.00000000
v 52.48615265 38.00000000 27.00000000
v 52.46702576 38.00000000 28.00000000
v 52.48221207 38.00000000 29.00000000
v 52.51138306 38.00000000 30.00000000
v 52.49686432 38.00000000 31.00000000
v 52.39873505 38.00000000 32.00000000
v 52.27358246 38.00000000 33.00000000
v 53.00000000 38.00000000 46.13799667
v 53.00000000 38.01320267 19.00000000
v 53.00000000 38.25148010 20.00000000
v 53.00000000 38.48443222 21.00000000
v 53.00000000 38.65066528 22.00000000
v 53.00000000 38.77046204 23.00000000
v 53.00000000 38.85027695 24.00000000
v 53.00000000 38.90329742 25.00000000
v 53.00000000 38.99911880 26.00000000
v 53.00000000 39.00000000 26.00654221
v 52.91970825 39.00000000 27.00000000
v 52.87516403 39.00000000 28.00000000
v 52.85215759 39.00000000 29.00000000
v 52.86368179 39.00000000 30.00000000
v 52.82470703 39.00000000 31.00000000
v 52.67639160 39.00000000 32.00000000
v 52.54796982 39.00000000 33.00000000
v 52.37460327 39.00000000 34.00000000
v 53.00000000 39.00000000 46.00131226
v 53.00000000 39.10830307 27.00000000
v 53.00000000 39.18043518 28.00000000
v 53.00000000 39.22664642 29.00000000
v 53.00000000 39.22896194 30.00000000
v 53.00000000 39.30949783 31.00000000
v 53.00000000 39.48988724 32.00000000
v 53.00000000 39.66250992 33.00000000
v 53.00000000 39.81420517 34.00000000
v 53.00000000 39.98132324 35.00000000
v 53.00000000 40.00000000 35.02529526
v 53.00000000 40.00000000 45.67501068
v 53.00000000 39.00730133 46.00000000
v 53.00000000 40.76029205 36.00000000
v 53.00000000 41.00000000 36.14068604
v 53.00000000 41.00000000 45.09267426
v 53.00000000 41.74876785 37.00000000
v 53.00000000 42.00000000 37.53956223
v 53.00000000 42.00000000 42.09634399
v 53.00000000 41.82613373 43.00000000
v 53.00000000 41.53349304 44.00000000
v 53.00000000 41.06649399 45.00000000
v 53.00000000 42.12334061 38.00000000
v 53.00000000 42.21644592 39.00000000
v 53.00000000 42.20035553 40.00000000
v 53.00000000 42.10852432 41.00000000
v 53.00000000 42.01427460 42.00000000
v 54.00000000 20.54793930 18.00000000
v 54.00000000 21.00000000 17.19361305
v 54.00000000 20.43312454 19.00000000
v 54.00000000 20.41938019 20.00000000
v 54.00000000 20.42131042 21.00000000
v 54.00000000 20.42808342 22.00000000
v 54.00000000 20.44736862 23.00000000
v 54.00000000 20.47342873 24.00000000
v 54.00000000 20.49846840 25.00000000
v 54.00000000 20.52848053 26.00000000
v 54.00000000 20.57057953 27.00000000
v 54.00000000 20.61217690 28.00000000
v 54.00000000 20.63978577 29.00000000
v 54.00000000 20.65266418 30.00000000
v 54.00000000 20.66252899 31.00000000
v 54.00000000 20.67532921 32.00000000
v 54.00000000 20.68753624 33.00000000
v 54.00000000 20.69796753 34.00000000
v 54.00000000 20.70223808 35.00000000
v 54.00000000 20.69537163 36.00000000
v 54.00000000 20.67484856 37.00000000
v 54.00000000 20.65706635 38.00000000
v 54.00000000 20.63728905 39.00000000
v 54.00000000 20.61807251 40.00000000
v 54.00000000 20.59518433 41.00000000
v 54.00000000 20.58020592 42.00000000
v 54.00000000 20.56796455 43.00000000
v 54.00000000 20.57051659 44.00000000
v 54.00000000 20.67247581 45.00000000
v 54.00000000 21.00000000 45.75387573
v 54.00000000 21.40435219 17.00000000
v 54.00000000 22.00000000 16.86340141
v 54.00000000 21.54918289 46.00000000
v 54.00000000 22.00000000 46.07814407
v 54.00000000 23.00000000 16.88182831
v 54.00000000 23.00000000 46.03644943
v 54.00000000 24.00000000 16.91897583
v 54.00000000 24.00000000 45.99282455
v 54.00000000 23.87894249 46.00000000
v 54.00000000 25.00000000 16.92190552
v 54.00000000 25.00000000 45.97865677
v 54.00000000 26.00000000 16.89909172
v 54.00000000 26.00000000 45.98515320
v 54.00000000 27.00000000 16.86182022
v 54.00000000 26.30629158 46.00000000
v 54.00000000 27.00000000 46.02276230
v 54.00000000 28.00000000 16.82845688
v 54.00000000 28.00000000 46.05378723
v 54.00000000 29.00000000 16.74304962
v 54.00000000 29.00000000 46.05853653
v 54.00000000 30.00000000 16.68806267
v 54.00000000 30.00000000 46.07466888
v 54.00000000 31.00000000 16.81440353
v 54.00000000 31.00000000 46.12182999
v 53.65125656 32.00000000 17.00000000
v 54.00000000 32.00000000 16.90288734
v 54.00000000 32.00000000 46.17477798
v 54.00000000 33.00000000 16.57797050
v 54.00000000 33.00000000 46.20046616
v 54.00000000 34.00000000 16.41670036
v 54.00000000 34.00000000 46.22278214
v 54.00000000 35.00000000 16.41775131
v 54.00000000 35.00000000 46.23208237
v 54.00000000 36.00000000 16.52984810
v 54.00000000 36.00000000 46.20335007
v 53.44001007 37.00000000 17.00000000
v 54.00000000 37.00000000 16.79370689
v 54.00000000 37.00000000 46.15221024
v 54.00000000 37.64619446 17.00000000
v 53.32108688 38.00000000 18.00000000
v 54.00000000 38.00000000 17.30778122
v 54.00000000 38.00000000 46.07309341
v 54.00000000 38.52773285 18.00000000
v 54.00000000 38.88107681 19.00000000
v 53.79229736 39.00000000 20.00000000
v 54.00000000 39.00000000 19.46498680
v 53.52468872 39.00000000 21.00000000
v 53.32632446 39.00000000 22.00000000
v 53.19513702 39.00000000 23.00000000
v 53.12014771 39.00000000 24.00000000
v 53.07429504 39.00000000 25.00000000
v 53.00059891 39.00000000 26.00000000
v 53.01679611 39.00000000 46.00000000
v 54.00000000 39.00000000 45.86794281
v 54.00000000 38.49830246 46.00000000
v 54.00000000 39.12512207 20.00000000
v 54.00000000 39.30597687 21.00000000
v 54.00000000 39.46582031 22.00000000
v 54.00000000 39.58667374 23.00000000
v 54.00000000 39.67836761 24.00000000
v 54.00000000 39.75205612 25.00000000
v 54.00000000 39.82845306 26.00000000
v 54.00000000 39.92109680 27.00000000
v 53.95321655 40.00000000 28.00000000
v 54.00000000 40.00000000 27.74675941
v 53.82225037 40.00000000 29.00000000
v 53.73475647 40.00000000 30.00000000
v 53.59012985 40.00000000 31.00000000
v 53.52834320 40.00000000 32.00000000
v 53.37906265 40.00000000 33.00000000
v 53.20460892 40.00000000 34.00000000
v 53.02294159 40.00000000 35.00000000
v 54.00000000 40.00000000 45.53140259
v 54.00000000 40.02513504 28.00000000
v 54.00000000 40.10601425 29.00000000
v 54.00000000 40.18007278 30.00000000
v 54.00000000 40.29428482 31.00000000
v 54.00000000 40.33956528 32.00000000
v 54.00000000 40.38207245 33.00000000
v 54.00000000 40.44731522 34.00000000
v 54.00000000 40.57235336 35.00000000
v 53.67850876 41.00000000 36.00000000
v 54.00000000 41.00000000 35.84681702
v 53.40100479 41.00000000 45.00000000
v 54.00000000 41.00000000 44.79422760
v 54.00000000 40.81511307 45.00000000
v 54.00000000 41.05379486 36.00000000
v 54.00000000 41.59097290 37.00000000
v 54.00000000 41.96650696 38.00000000
v 53.85192490 42.00000000 38.00000000
v 54.00000000 42.00000000 38.29391861
v 53.77276230 42.00000000 41.00000000
v 54.00000000 42.00000000 40.65399933
v 54.00000000 41.95830917 41.00000000
v 54.00000000 41.84949493 42.00000000
v 53.11324310 42.00000000 42.00000000
v 54.00000000 41.66684723 43.00000000
v 54.00000000 41.36874008 44.00000000
v 54.00000000 42.05653000 39.00000000
v 54.00000000 42.05746460 40.00000000
v 55.00000000 20.50876236 18.00000000
v 55.00000000 21.00000000 17.18087769
v 55.00000000 20.39984131 19.00000000
v 55.00000000 20.39834785 20.00000000
v 55.00000000 20.40186501 21.00000000
v 55.00000000 20.40505409 22.00000000
v 55.00000000 20.42234039 23.00000000
v 55.00000000 20.44406700 24.00000000
v 55.00000000 20.46901703 25.00000000
v 55.00000000 20.50020599 26.00000000
v 55.00000000 20.54029846 27.00000000
v 55.00000000 20.57996368 28.00000000
v 55.00000000 20.60534096 29.00000000
v 55.00000000 20.61953163 30.00000000
v 55.00000000 20.63349915 31.00000000
v 55.00000000 20.64749527 32.00000000
v 55.00000000 20.65794182 33.00000000
v 55.00000000 20.66710281 34.00000000
v 55.00000000 20.67090225 35.00000000
v 55.00000000 20.66798592 36.00000000
v 55.00000000 20.65181923 37.00000000
v 55.00000000 20.63849831 38.00000000
v 55.00000000 20.61573410 39.00000000
v 55.00000000 20.59260368 40.00000000
v 55.00000000 20.56493378 41.00000000
v 55.00000000 20.54403877 42.00000000
v 55.00000000 20.53279686 43.00000000
v 55.00000000 20.52549553 44.00000000
v 55.00000000 20.62258339 45.00000000
v 55.00000000 21.00000000 45.81652451
v 55.00000000 21.40565681 17.00000000
v 55.00000000 22.00000000 16.87436867
v 55.00000000 21.46748543 46.00000000
v 55.00000000 22.00000000 46.08132553
v 55.00000000 23.00000000 16.89081764
v 55.00000000 23.00000000 46.04224396
v 55.00000000 24.00000000 16.92686844
v 54.39295959 24.00000000 46.00000000
v 55.00000000 24.00000000 46.00762939
v 55.00000000 25.00000000 16.92842293
v 55.00000000 25.00000000 45.99215317
v 55.00000000 24.59847069 46.00000000
v 55.00000000 26.00000000 16.90617561
v 55.00000000 26.00000000 45.98918533
v 55.00000000 27.00000000 16.88288307
v 55.00000000 26.28439713 46.00000000
v 55.00000000 27.00000000 46.01754379
v 55.00000000 28.00000000 16.82890129
v 55.00000000 28.00000000 46.04201126
v 55.00000000 29.00000000 16.73328781
v 55.00000000 29.00000000 46.04722977
v 55.00000000 30.00000000 16.68386841
v 55.00000000 30.00000000 46.05889893
v 55.00000000 31.00000000 16.74657440
v 55.00000000 31.00000000 46.10580444
v 55.00000000 32.00000000 16.72236633
v 55.00000000 32.00000000 46.14826584
v 55.00000000 33.00000000 16.41732407
v 55.00000000 33.00000000 46.15865707
v 55.00000000 34.00000000 16.26525307
v 55.00000000 34.00000000 46.17344666
v 55.00000000 35.00000000 16.26597023
v 55.00000000 35.00000000 46.16191101
v 55.00000000 36.00000000 16.36668396
v 55.00000000 36.00000000 46.11590576
v 55.00000000 37.00000000 16.64367104
v 55.00000000 37.00000000 46.05348969
v 55.00000000 37.99163437 17.00000000
v 55.00000000 38.00000000 17.00693321
v 54.61881638 38.00000000 46.00000000
v 55.00000000 38.00000000 45.91827011
v 55.00000000 37.54472733 46.00000000
v 55.00000000 38.81798172 18.00000000
v 54.41233063 39.00000000 19.00000000
v 55.00000000 39.00000000 18.51397705
v 55.00000000 39.00000000 45.66798019
v 55.00000000 39.16088104 19.00000000
v 55.00000000 39.41543961 20.00000000
v 55.00000000 39.59752655 21.00000000
v 55.00000000 39.74158096 22.00000000
v 55.00000000 39.83542633 23.00000000
v 55.00000000 39.91566086 24.00000000
v 55.00000000 39.99324799 25.00000000
v 54.63832474 40.00000000 26.00000000
v 55.00000000 40.00000000 25.06928825
v 54.26752853 40.00000000 27.00000000
v 55.00000000 40.00000000 45.28278732
v 55.00000000 40.08775711 26.00000000
v 55.00000000 40.19087982 27.00000000
v 55.00000000 40.30702972 28.00000000
v 55.00000000 40.39537048 29.00000000
v 55.00000000 40.47533035 30.00000000
v 55.00000000 40.52265930 31.00000000
v 55.00000000 40.54899597 32.00000000
v 55.00000000 40.55622482 33.00000000
v 55.00000000 40.62334061 34.00000000
v 55.00000000 40.67929840 35.00000000
v 55.00000000 40.93318176 36.00000000
v 54.60148621 41.00000000 36.00000000
v 55.00000000 41.00000000 36.10385895
v 55.00000000 41.00000000 44.26216888
v 55.00000000 40.39569092 45.00000000
v 55.00000000 41.31352997 37.00000000
v 55.00000000 41.61188889 38.00000000
v 55.00000000 41.72518921 39.00000000
v 54.22935104 42.00000000 39.00000000
v 55.00000000 41.77046204 40.00000000
v 54.26260376 42.00000000 40.00000000
v 55.00000000 41.70493317 41.00000000
v 55.00000000 41.60523987 42.00000000
v 55.00000000 41.40452957 43.00000000
v 55.00000000 41.11866760 44.00000000
v 56.00000000 20.60932732 18.00000000
v 56.00000000 21.00000000 17.39340591
v 56.00000000 20.50317764 19.00000000
v 56.00000000 20.50350380 20.00000000
v 56.00000000 20.51673126 21.00000000
v 56.00000000 20.52342415 22.00000000
v 56.00000000 20.54069328 23.00000000
v 56.00000000 20.56179810 24.00000000
v 56.00000000 20.58040428 25.00000000
v 56.00000000 20.60022354 26.00000000
v 56.00000000 20.63408661 27.00000000
v 56.00000000 20.66642189 28.00000000
v 56.00000000 20.68974686 29.00000000
v 56.00000000 20.70261383 30.00000000
v 56.00000000 20.71566391 31.00000000
v 56.00000000 20.72728920 32.00000000
v 56.00000000 20.73420143 33.00000000
v 56.00000000 20.74150658 34.00000000
v 56.00000000 20.74889374 35.00000000
v 56.00000000 20.75282097 36.00000000
v 56.00000000 20.74061012 37.00000000
v 56.00000000 20.73031235 38.00000000
v 56.00000000 20.70602036 39.00000000
v 56.00000000 20.68408775 40.00000000
v 56.00000000 20.65669250 41.00000000
v 56.00000000 20.63389969 42.00000000
v 56.00000000 20.60854149 43.00000000
v 56.00000000 20.59544182 44.00000000
v 56.00000000 20.69912148 45.00000000
v 56.00000000 21.00000000 45.54957962
v 55.89209747 22.00000000 17.00000000
v 56.00000000 22.00000000 17.02290535
v 55.61826324 22.00000000 46.00000000
v 56.00000000 22.00000000 45.90069580
v 55.89491272 23.00000000 17.00000000
v 56.00000000 23.00000000 17.01849174
v 55.36524582 23.00000000 46.00000000
v 56.00000000 23.00000000 45.86705017
v 55.65901184 24.00000000 17.00000000
v 56.00000000 24.00000000 17.04889870
v 55.07162094 24.00000000 46.00000000
v 56.00000000 24.00000000 45.81695557
v 55.64447403 25.00000000 17.00000000
v 56.00000000 25.00000000 17.04759026
v 56.00000000 25.00000000 45.78661728
v 55.86408615 26.00000000 17.00000000
v 56.00000000 26.00000000 17.01848221
v 56.00000000 26.00000000 45.78231430
v 56.00000000 26.33179665 17.00000000
v 56.00000000 27.00000000 16.96886253
v 55.16801453 27.00000000 46.00000000
v 56.00000000 27.00000000 45.83706665
v 56.00000000 28.00000000 16.88884354
v 55.37256622 28.00000000 46.00000000
v 56.00000000 28.00000000 45.87126923
v 56.00000000 29.00000000 16.78269958
v 55.38299942 29.00000000 46.00000000
v 56.00000000 29.00000000 45.87376785
v 56.00000000 30.00000000 16.73278999
v 55.53763199 30.00000000 46.00000000
v 56.00000000 30.00000000 45.91487503
v 56.00000000 31.00000000 16.75196648
v 56.00000000 30.91266441 46.00000000
v 56.00000000 31.00000000 46.00497055
v 56.00000000 32.00000000 16.67755127
v 56.00000000 32.00000000 46.03155518
v 56.00000000 33.00000000 16.40689850
v 56.00000000 33.00000000 46.03012466
v 56.00000000 34.00000000 16.27994156
v 56.00000000 34.00000000 46.03273773
v 56.00000000 35.00000000 16.29663467
v 55.95608521 35.00000000 46.00000000
v 56.00000000 35.00000000 45.98544693
v 56.00000000 34.81084824 46.00000000
v 56.00000000 36.00000000 16.41071320
v 55.65709686 36.00000000 46.00000000
v 56.00000000 36.00000000 45.88441849
v 56.00000000 37.00000000 16.69297409
v 55.29083252 37.00000000 46.00000000
v 56.00000000 37.00000000 45.75761414
v 56.00000000 37.82071686 17.00000000
v 56.00000000 38.00000000 17.16069984
v 56.00000000 38.00000000 45.57666016
v 56.00000000 38.70711517 18.00000000
v 56.00000000 39.00000000 18.83573341
v 56.00000000 39.00000000 45.29973984
v 56.00000000 39.05122757 19.00000000
v 56.00000000 39.32036209 20.00000000
v 56.00000000 39.50085831 21.00000000
v 56.00000000 39.62599564 22.00000000
v 56.00000000 39.70712662 23.00000000
v 56.00000000 39.79522324 24.00000000
v 56.00000000 39.88862610 25.00000000
v 56.00000000 40.00000000 25.93970871
v 55.68881226 40.00000000 45.00000000
v 56.00000000 40.00000000 44.76947784
v 56.00000000 39.72235107 45.00000000
v 56.00000000 40.00627899 26.00000000
v 56.00000000 40.10206223 27.00000000
v 56.00000000 40.18669128 28.00000000
v 56.00000000 40.25614166 29.00000000
v 56.00000000 40.30650330 30.00000000
v 56.00000000 40.32429123 31.00000000
v 56.00000000 40.29247284 32.00000000
v 56.00000000 40.26707458 33.00000000
v 56.00000000 40.16799545 34.00000000
v 56.00000000 40.09519196 35.00000000
v 56.00000000 40.13740540 36.00000000
v 56.00000000 40.61008453 37.00000000
v 55.59443665 41.00000000 37.00000000
v 56.00000000 41.00000000 37.97835159
v 55.88756180 41.00000000 43.00000000
v 56.00000000 41.00000000 42.56394196
v 56.00000000 40.91422653 43.00000000
v 56.00000000 40.55694962 44.00000000
v 55.31146240 41.00000000 44.00000000
v 56.00000000 41.00537109 38.00000000
v 56.00000000 41.05781555 39.00000000
v 56.00000000 41.08242035 40.00000000
v 56.00000000 41.09452820 41.00000000
v 56.00000000 41.07436371 42.00000000
v 56.57982254 21.00000000 18.00000000
v 56.81464005 21.00000000 19.00000000
v 56.86639023 21.00000000 20.00000000
v 56.87591171 21.00000000 21.00000000
v 56.87662506 21.00000000 22.00000000
v 56.86716461 21.00000000 23.00000000
v 56.86369324 21.00000000 24.00000000
v 56.85982513 21.00000000 25.00000000
v 56.83278275 21.00000000 26.00000000
v 56.78453827 21.00000000 27.00000000
v 56.73606873 21.00000000 28.00000000
v 56.70039749 21.00000000 29.00000000
v 56.68014145 21.00000000 30.00000000
v 56.65448380 21.00000000 31.00000000
v 56.63378906 21.00000000 32.00000000
v 56.61481094 21.00000000 33.00000000
v 56.58971405 21.00000000 34.00000000
v 56.55627823 21.00000000 35.00000000
v 56.53232193 21.00000000 36.00000000
v 56.53964615 21.00000000 37.00000000
v 56.54883194 21.00000000 38.00000000
v 56.58272171 21.00000000 39.00000000
v 56.60881805 21.00000000 40.00000000
v 56.62990189 21.00000000 41.00000000
v 56.65304947 21.00000000 42.00000000
v 56.68778229 21.00000000 43.00000000
v 56.67681503 21.00000000 44.00000000
v 56.45242691 21.00000000 45.00000000
v 57.00000000 21.96320915 18.00000000
v 57.00000000 22.00000000 17.98447990
v 57.00000000 21.33128166 19.00000000
v 57.00000000 21.23794937 20.00000000
v 57.00000000 21.22868156 21.00000000
v 57.00000000 21.22965813 22.00000000
v 57.00000000 21.22864914 23.00000000
v 57.00000000 21.21887207 24.00000000
v 57.00000000 21.21786118 25.00000000
v 57.00000000 21.24836731 26.00000000
v 57.00000000 21.29394341 27.00000000
v 57.00000000 21.33840942 28.00000000
v 57.00000000 21.36344147 29.00000000
v 57.00000000 21.37051964 30.00000000
v 57.00000000 21.38697052 31.00000000
v 57.00000000 21.40222740 32.00000000
v 57.00000000 21.42123985 33.00000000
v 57.00000000 21.44618988 34.00000000
v 57.00000000 21.47231102 35.00000000
v 57.00000000 21.49466133 36.00000000
v 57.00000000 21.51371956 37.00000000
v 57.00000000 21.52819824 38.00000000
v 57.00000000 21.52690506 39.00000000
v 57.00000000 21.53180504 40.00000000
v 57.00000000 21.53574181 41.00000000
v 57.00000000 21.53051949 42.00000000
v 57.00000000 21.52608299 43.00000000
v 57.00000000 21.63297272 44.00000000
v 56.84799576 22.00000000 45.00000000
v 57.00000000 22.00000000 44.55857849
v 57.00000000 23.00000000 17.95429420
v 56.89185715 23.00000000 45.00000000
v 57.00000000 23.00000000 44.75362015
v 57.00000000 24.00000000 17.95200348
v 56.88241959 24.00000000 45.00000000
v 57.00000000 24.00000000 44.75178528
v 57.00000000 25.00000000 17.95974922
v 56.88950348 25.00000000 45.00000000
v 57.00000000 25.00000000 44.73455048
v 57.00000000 26.00000000 17.98599243
v 56.87564850 26.00000000 45.00000000
v 57.00000000 26.00000000 44.67900848
v 56.06286240 27.00000000 17.00000000
v 57.00000000 27.00000000 17.96652412
v 56.99916458 27.00000000 35.00000000
v 57.00000000 27.00000000 34.91352463
v 57.00000000 26.97044945 35.00000000
v 57.00000000 26.99139023 36.00000000
v 56.99976730 27.00000000 36.00000000
v 57.00000000 27.00000000 36.06286621
v 56.88982773 27.00000000 45.00000000
v 57.00000000 27.00000000 44.68371582
v 56.20956802 28.00000000 17.00000000
v 57.00000000 28.00000000 17.93207359
v 56.99438095 28.00000000 35.00000000
v 57.00000000 28.00000000 34.24559021
v 56.98971558 28.00000000 36.00000000
v 57.00000000 27.23922157 37.00000000
v 56.98858643 28.00000000 37.00000000
v 57.00000000 27.28536415 38.00000000
v 56.98855972 28.00000000 38.00000000
v 57.00000000 27.21249580 39.00000000
v 56.99115372 28.00000000 39.00000000
v 57.00000000 28.00000000 39.84120178
v 56.89864349 28.00000000 45.00000000
v 57.00000000 28.00000000 44.66939163
v 56.38948441 29.00000000 17.00000000
v 57.00000000 29.00000000 17.84260368
v 57.00000000 28.43237495 35.00000000
v 57.00000000 28.94390678 36.00000000
v 56.99083328 29.00000000 37.00000000
v 57.00000000 29.00000000 36.06352234
v 56.98492050 29.00000000 38.00000000
v 56.98770905 29.00000000 39.00000000
v 57.00000000 28.48496056 40.00000000
v 56.99821854 29.00000000 40.00000000
v 57.00000000 29.00000000 40.09344101
v 56.90460587 29.00000000 45.00000000
v 57.00000000 29.00000000 44.65642929
v 56.44967270 30.00000000 17.00000000
v 57.00000000 30.00000000 17.81503487
v 56.99137497 30.00000000 36.00000000
v 57.00000000 30.00000000 35.42587662
v 57.00000000 29.06729126 36.00000000
v 56.98317719 30.00000000 37.00000000
v 56.97784424 30.00000000 38.00000000
v 56.98071671 30.00000000 39.00000000
v 56.98994446 30.00000000 40.00000000
v 57.00000000 30.00000000 40.39778519
v 56.94264603 30.00000000 45.00000000
v 57.00000000 30.00000000 44.74786758
v 56.43624115 31.00000000 17.00000000
v 57.00000000 31.00000000 17.71723938
v 57.00000000 30.17874718 36.00000000
v 57.00000000 30.70952225 37.00000000
v 56.99658966 31.00000000 38.00000000
v 57.00000000 31.00000000 37.66938019
v 56.99586868 31.00000000 39.00000000
v 57.00000000 31.00000000 39.48891449
v 57.00000000 30.70526123 40.00000000
v 57.00000000 30.81903458 45.00000000
v 56.01052856 31.00000000 46.00000000
v 57.00000000 31.00000000 45.01581192
v 56.65633011 32.00000000 17.00000000
v 57.00000000 32.00000000 17.33034706
v 57.00000000 31.10343170 38.00000000
v 57.00000000 31.13379669 39.00000000
v 56.06975555 32.00000000 46.00000000
v 57.00000000 32.00000000 45.08732605
v 57.00000000 32.49739838 17.00000000
v 57.00000000 33.00000000 16.77645683
v 56.07135391 33.00000000 46.00000000
v 57.00000000 33.00000000 45.10609436
v 57.00000000 34.00000000 16.60933495
v 56.08198166 34.00000000 46.00000000
v 57.00000000 34.00000000 45.07385254
v 57.00000000 35.00000000 16.61259460
v 57.00000000 35.00000000 45.04461670
v 57.00000000 36.00000000 16.75056839
v 57.00000000 36.00000000 45.03898621
v 57.00000000 37.00000000 16.99293709
v 56.95205307 37.00000000 45.00000000
v 57.00000000 37.00000000 44.88457108
v 57.00000000 36.45941162 45.00000000
v 57.00000000 37.02593613 17.00000000
v 57.00000000 38.00000000 17.82796669
v 56.90834045 38.00000000 35.00000000
v 57.00000000 38.00000000 34.15189362
v 57.00000000 37.58417892 35.00000000
v 57.00000000 37.31907654 36.00000000
v 56.85877609 38.00000000 36.00000000
v 57.00000000 37.47460556 37.00000000
v 56.92881775 38.00000000 37.00000000
v 57.00000000 38.00000000 37.93034744
v 56.75444794 38.00000000 45.00000000
v 57.00000000 38.00000000 44.42026138
v 57.00000000 38.13311005 18.00000000
v 57.00000000 38.49619293 19.00000000
v 56.11613846 39.00000000 19.00000000
v 57.00000000 38.72500229 20.00000000
v 56.58760834 39.00000000 20.00000000
v 57.00000000 38.90562057 21.00000000
v 56.87007523 39.00000000 21.00000000
v 57.00000000 39.00000000 21.66481590
v 56.90806198 39.00000000 32.00000000
v 57.00000000 39.00000000 31.04174042
v 57.00000000 38.74247360 32.00000000
v 57.00000000 38.55146408 33.00000000
v 56.86057281 39.00000000 33.00000000
v 57.00000000 38.06743622 34.00000000
v 56.73283768 39.00000000 34.00000000
v 56.64111328 39.00000000 35.00000000
v 56.59739304 39.00000000 36.00000000
v 56.72384644 39.00000000 37.00000000
v 57.00000000 38.03131866 38.00000000
v 56.81973648 39.00000000 38.00000000
v 57.00000000 38.39556503 39.00000000
v 56.88795471 39.00000000 39.00000000
v 57.00000000 38.69332123 40.00000000
v 56.93898392 39.00000000 40.00000000
v 57.00000000 38.93020630 41.00000000
v 56.98506546 39.00000000 41.00000000
v 57.00000000 39.00000000 41.25860977
v 56.91743851 39.00000000 44.00000000
v 57.00000000 39.00000000 43.44629669
v 57.00000000 38.65420151 44.00000000
v 56.42662811 39.00000000 45.00000000
v 57.00000000 39.03855133 22.00000000
v 57.00000000 39.10516739 23.00000000
v 57.00000000 39.15518951 24.00000000
v 57.00000000 39.18111420 25.00000000
v 57.00000000 39.21108246 26.00000000
v 56.01136017 40.00000000 26.00000000
v 57.00000000 39.25113297 27.00000000
v 56.16983795 40.00000000 27.00000000
v 57.00000000 39.23928070 28.00000000
v 56.27179337 40.00000000 28.00000000
v 57.00000000 39.22323990 29.00000000
v 56.33180618 40.00000000 29.00000000
v 57.00000000 39.17877960 30.00000000
v 56.37060928 40.00000000 30.00000000
v 57.00000000 39.00842285 31.00000000
v 56.36521149 40.00000000 31.00000000
v 56.31674576 40.00000000 32.00000000
v 56.26673508 40.00000000 33.00000000
v 56.15321350 40.00000000 34.00000000
v 56.08025742 40.00000000 35.00000000
v 56.09306335 40.00000000 36.00000000
v 56.36175537 40.00000000 37.00000000
v 56.51891327 40.00000000 38.00000000
v 56.60585785 40.00000000 39.00000000
v 56.68551254 40.00000000 40.00000000
v 56.71141434 40.00000000 41.00000000
v 57.00000000 39.15720367 42.00000000
v 56.72197723 40.00000000 42.00000000
v 57.00000000 39.16412735 43.00000000
v 56.68068314 40.00000000 43.00000000
v 56.48267746 40.00000000 44.00000000
v 56.00517654 41.00000000 38.00000000
v 56.05838013 41.00000000 39.00000000
v 56.08596039 41.00000000 40.00000000
v 56.09896469 41.00000000 41.00000000
v 56.08156204 41.00000000 42.00000000
v 57.00761414 22.00000000 18.00000000
v 57.16902542 22.00000000 19.00000000
v 57.19540787 22.00000000 20.00000000
v 57.19475937 22.00000000 21.00000000
v 57.19578171 22.00000000 22.00000000
v 57.20894623 22.00000000 23.00000000
v 57.22048187 22.00000000 24.00000000
v 57.22210312 22.00000000 25.00000000
v 57.22039413 22.00000000 26.00000000
v 57.21760941 22.00000000 27.00000000
v 57.20832443 22.00000000 28.00000000
v 57.20447159 22.00000000 29.00000000
v 57.20821381 22.00000000 30.00000000
v 57.20624542 22.00000000 31.00000000
v 57.20187378 22.00000000 32.00000000
v 57.19535446 22.00000000 33.00000000
v 57.18698120 22.00000000 34.00000000
v 57.18264008 22.00000000 35.00000000
v 57.17775345 22.00000000 36.00000000
v 57.16800690 22.00000000 37.00000000
v 57.15928650 22.00000000 38.00000000
v 57.15250397 22.00000000 39.00000000
v 57.14398575 22.00000000 40.00000000
v 57.14077759 22.00000000 41.00000000
v 57.13571548 22.00000000 42.00000000
v 57.12553024 22.00000000 43.00000000
v 57.08528519 22.00000000 44.00000000
v 57.02137756 23.00000000 18.00000000
v 57.17587662 23.00000000 19.00000000
v 57.19609451 23.00000000 20.00000000
v 57.18768692 23.00000000 21.00000000
v 57.17736435 23.00000000 22.00000000
v 57.18103027 23.00000000 23.00000000
v 57.18617249 23.00000000 24.00000000
v 57.18764496 23.00000000 25.00000000
v 57.18877411 23.00000000 26.00000000
v 57.18715668 23.00000000 27.00000000
v 57.18584061 23.00000000 28.00000000
v 57.18043518 23.00000000 29.00000000
v 57.17567444 23.00000000 30.00000000
v 57.16765213 23.00000000 31.00000000
v 57.16297531 23.00000000 32.00000000
v 57.16238403 23.00000000 33.00000000
v 57.16595840 23.00000000 34.00000000
v 57.16581345 23.00000000 35.00000000
v 57.16621017 23.00000000 36.00000000
v 57.16892242 23.00000000 37.00000000
v 57.17556000 23.00000000 38.00000000
v 57.17681122 23.00000000 39.00000000
v 57.16764450 23.00000000 40.00000000
v 57.16829300 23.00000000 41.00000000
v 57.17534256 23.00000000 42.00000000
v 57.17747879 23.00000000 43.00000000
v 57.13865280 23.00000000 44.00000000
v 57.02309418 24.00000000 18.00000000
v 57.15426254 24.00000000 19.00000000
v 57.16630173 24.00000000 20.00000000
v 57.15398788 24.00000000 21.00000000
v 57.14869308 24.00000000 22.00000000
v 57.14266205 24.00000000 23.00000000
v 57.13841248 24.00000000 24.00000000
v 57.13527298 24.00000000 25.00000000
v 57.13007736 24.00000000 26.00000000
v 57.12583160 24.00000000 27.00000000
v 57.12080383 24.00000000 28.00000000
v 57.11798477 24.00000000 29.00000000
v 57.11312485 24.00000000 30.00000000
v 57.10470963 24.00000000 31.00000000
v 57.10871506 24.00000000 32.00000000
v 57.11246109 24.00000000 33.00000000
v 57.11692810 24.00000000 34.00000000
v 57.11755371 24.00000000 35.00000000
v 57.11973572 24.00000000 36.00000000
v 57.12410355 24.00000000 37.00000000
v 57.12744522 24.00000000 38.00000000
v 57.12958908 24.00000000 39.00000000
v 57.12973404 24.00000000 40.00000000
v 57.12626648 24.00000000 41.00000000
v 57.13264465 24.00000000 42.00000000
v 57.15036392 24.00000000 43.00000000
v 57.13978958 24.00000000 44.00000000
v 57.01944733 25.00000000 18.00000000
v 57.13554001 25.00000000 19.00000000
v 57.14669418 25.00000000 20.00000000
v 57.13026428 25.00000000 21.00000000
v 57.12012482 25.00000000 22.00000000
v 57.10630417 25.00000000 23.00000000
v 57.09615326 25.00000000 24.00000000
v 57.08704758 25.00000000 25.00000000
v 57.08123398 25.00000000 26.00000000
v 57.07683182 25.00000000 27.00000000
v 57.07213593 25.00000000 28.00000000
v 57.07218933 25.00000000 29.00000000
v 57.07070923 25.00000000 30.00000000
v 57.07045746 25.00000000 31.00000000
v 57.06887436 25.00000000 32.00000000
v 57.07173538 25.00000000 33.00000000
v 57.07304001 25.00000000 34.00000000
v 57.07479477 25.00000000 35.00000000
v 57.07218170 25.00000000 36.00000000
v 57.07472610 25.00000000 37.00000000
v 57.07752991 25.00000000 38.00000000
v 57.07903290 25.00000000 39.00000000
v 57.08626556 25.00000000 40.00000000
v 57.09383392 25.00000000 41.00000000
v 57.10308075 25.00000000 42.00000000
v 57.12456512 25.00000000 43.00000000
v 57.11711884 25.00000000 44.00000000
v 57.00651932 26.00000000 18.00000000
v 57.11845016 26.00000000 19.00000000
v 57.11304474 26.00000000 20.00000000
v 57.09272385 26.00000000 21.00000000
v 57.08361816 26.00000000 22.00000000
v 57.07636642 26.00000000 23.00000000
v 57.07238388 26.00000000 24.00000000
v 57.06830597 26.00000000 25.00000000
v 57.06544495 26.00000000 26.00000000
v 57.06099701 26.00000000 27.00000000
v 57.05713272 26.00000000 28.00000000
v 57.05832291 26.00000000 29.00000000
v 57.05601883 26.00000000 30.00000000
v 57.05849838 26.00000000 31.00000000
v 57.05847931 26.00000000 32.00000000
v 57.04809952 26.00000000 33.00000000
v 57.04226303 26.00000000 34.00000000
v 57.03836060 26.00000000 35.00000000
v 57.03771591 26.00000000 36.00000000
v 57.03858948 26.00000000 37.00000000
v 57.04078674 26.00000000 38.00000000
v 57.04367828 26.00000000 39.00000000
v 57.04944992 26.00000000 40.00000000
v 57.06389999 26.00000000 41.00000000
v 57.09013367 26.00000000 42.00000000
v 57.12382126 26.00000000 43.00000000
v 57.10466766 26.00000000 44.00000000
v 57.01535797 27.00000000 18.00000000
v 57.11226654 27.00000000 19.00000000
v 57.09219742 27.00000000 20.00000000
v 57.07762146 27.00000000 21.00000000
v 57.06346893 27.00000000 22.00000000
v 57.05705643 27.00000000 23.00000000
v 57.05458832 27.00000000 24.00000000
v 57.05366898 27.00000000 25.00000000
v 57.04914474 27.00000000 26.00000000
v 57.04678726 27.00000000 27.00000000
v 57.05004501 27.00000000 28.00000000
v 57.05267334 27.00000000 29.00000000
v 57.05126572 27.00000000 30.00000000
v 57.04908752 27.00000000 31.00000000
v 57.04503250 27.00000000 32.00000000
v 57.03271484 27.00000000 33.00000000
v 57.01297760 27.00000000 34.00000000
v 57.00505447 27.00000000 37.00000000
v 57.00653076 27.00000000 38.00000000
v 57.00343704 27.00000000 39.00000000
v 57.01099396 27.00000000 40.00000000
v 57.03904724 27.00000000 41.00000000
v 57.08403778 27.00000000 42.00000000
v 57.13069534 27.00000000 43.00000000
v 57.10472488 27.00000000 44.00000000
v 57.03047562 28.00000000 18.00000000
v 57.11896515 28.00000000 19.00000000
v 57.08731079 28.00000000 20.00000000
v 57.06074524 28.00000000 21.00000000
v 57.04345322 28.00000000 22.00000000
v 57.04140854 28.00000000 23.00000000
v 57.03753662 28.00000000 24.00000000
v 57.03938675 28.00000000 25.00000000
v 57.04418182 28.00000000 26.00000000
v 57.05267715 28.00000000 27.00000000
v 57.05836487 28.00000000 28.00000000
v 57.05991745 28.00000000 29.00000000
v 57.05385208 28.00000000 30.00000000
v 57.04534912 28.00000000 31.00000000
v 57.03109360 28.00000000 32.00000000
v 57.01400757 28.00000000 33.00000000
v 57.00266647 28.00000000 34.00000000
v 57.00239563 28.00000000 40.00000000
v 57.03655243 28.00000000 41.00000000
v 57.07669067 28.00000000 42.00000000
v 57.11747360 28.00000000 43.00000000
v 57.09527588 28.00000000 44.00000000
v 57.06690216 29.00000000 18.00000000
v 57.15963364 29.00000000 19.00000000
v 57.13193130 29.00000000 20.00000000
v 57.10180283 29.00000000 21.00000000
v 57.07058716 29.00000000 22.00000000
v 57.04995728 29.00000000 23.00000000
v 57.04862595 29.00000000 24.00000000
v 57.06211853 29.00000000 25.00000000
v 57.07712555 29.00000000 26.00000000
v 57.08374405 29.00000000 27.00000000
v 57.08611298 29.00000000 28.00000000
v 57.08319092 29.00000000 29.00000000
v 57.07257462 29.00000000 30.00000000
v 57.06095505 29.00000000 31.00000000
v 57.05408859 29.00000000 32.00000000
v 57.04010010 29.00000000 33.00000000
v 57.02353668 29.00000000 34.00000000
v 57.01062393 29.00000000 35.00000000
v 57.00087357 29.00000000 36.00000000
v 57.02428055 29.00000000 41.00000000
v 57.06999207 29.00000000 42.00000000
v 57.09930038 29.00000000 43.00000000
v 57.08955002 29.00000000 44.00000000
v 57.08013916 30.00000000 18.00000000
v 57.19815445 30.00000000 19.00000000
v 57.16944504 30.00000000 20.00000000
v 57.13956451 30.00000000 21.00000000
v 57.11631012 30.00000000 22.00000000
v 57.09947205 30.00000000 23.00000000
v 57.09396362 30.00000000 24.00000000
v 57.09384155 30.00000000 25.00000000
v 57.10145187 30.00000000 26.00000000
v 57.10706711 30.00000000 27.00000000
v 57.11368561 30.00000000 28.00000000
v 57.10644531 30.00000000 29.00000000
v 57.09335327 30.00000000 30.00000000
v 57.08222580 30.00000000 31.00000000
v 57.07076263 30.00000000 32.00000000
v 57.05727005 30.00000000 33.00000000
v 57.03386307 30.00000000 34.00000000
v 57.00920105 30.00000000 35.00000000
v 57.02141953 30.00000000 41.00000000
v 57.07049179 30.00000000 42.00000000
v 57.09909439 30.00000000 43.00000000
v 57.08309174 30.00000000 44.00000000
v 57.13183212 31.00000000 18.00000000
v 57.28718567 31.00000000 19.00000000
v 57.28962708 31.00000000 20.00000000
v 57.28367996 31.00000000 21.00000000
v 57.26791000 31.00000000 22.00000000
v 57.26171494 31.00000000 23.00000000
v 57.26067352 31.00000000 24.00000000
v 57.25693130 31.00000000 25.00000000
v 57.26101685 31.00000000 26.00000000
v 57.26372528 31.00000000 27.00000000
v 57.27072525 31.00000000 28.00000000
v 57.26763153 31.00000000 29.00000000
v 57.25941849 31.00000000 30.00000000
v 57.24103928 31.00000000 31.00000000
v 57.22202682 31.00000000 32.00000000
v 57.19956207 31.00000000 33.00000000
v 57.15854645 31.00000000 34.00000000
v 57.10486984 31.00000000 35.00000000
v 57.05563354 31.00000000 36.00000000
v 57.01003647 31.00000000 37.00000000
v 57.00608444 31.00000000 40.00000000
v 57.03825760 31.00000000 41.00000000
v 57.08772278 31.00000000 42.00000000
v 57.12216568 31.00000000 43.00000000
v 57.11055374 31.00000000 44.00000000
v 57.00712204 31.00000000 45.00000000
v 57.38042450 32.00000000 18.00000000
v 57.53667450 32.00000000 19.00000000
v 57.57685471 32.00000000 20.00000000
v 57.60007095 32.00000000 21.00000000
v 57.59949493 32.00000000 22.00000000
v 57.58690262 32.00000000 23.00000000
v 57.57023239 32.00000000 24.00000000
v 57.55096817 32.00000000 25.00000000
v 57.53139114 32.00000000 26.00000000
v 57.51237106 32.00000000 27.00000000
v 57.48105621 32.00000000 28.00000000
v 57.44470215 32.00000000 29.00000000
v 57.39416122 32.00000000 30.00000000
v 57.34681702 32.00000000 31.00000000
v 57.29957581 32.00000000 32.00000000
v 57.25931549 32.00000000 33.00000000
v 57.21442032 32.00000000 34.00000000
v 57.16347122 32.00000000 35.00000000
v 57.10619354 32.00000000 36.00000000
v 57.05933762 32.00000000 37.00000000
v 57.04310608 32.00000000 38.00000000
v 57.03917694 32.00000000 39.00000000
v 57.04666901 32.00000000 40.00000000
v 57.07054138 32.00000000 41.00000000
v 57.10871506 32.00000000 42.00000000
v 57.13973236 32.00000000 43.00000000
v 57.13986206 32.00000000 44.00000000
v 57.03820038 32.00000000 45.00000000
v 57.24757385 33.00000000 17.00000000
v 57.65149689 33.00000000 18.00000000
v 57.74550247 33.00000000 19.00000000
v 57.76932144 33.00000000 20.00000000
v 57.77024841 33.00000000 21.00000000
v 57.75764084 33.00000000 22.00000000
v 57.73024368 33.00000000 23.00000000
v 57.69997025 33.00000000 24.00000000
v 57.66694641 33.00000000 25.00000000
v 57.62858200 33.00000000 26.00000000
v 57.59428406 33.00000000 27.00000000
v 57.55739975 33.00000000 28.00000000
v 57.51057816 33.00000000 29.00000000
v 57.45914841 33.00000000 30.00000000
v 57.40769958 33.00000000 31.00000000
v 57.35822678 33.00000000 32.00000000
v 57.30279160 33.00000000 33.00000000
v 57.23873138 33.00000000 34.00000000
v 57.19291687 33.00000000 35.00000000
v 57.14804077 33.00000000 36.00000000
v 57.11744308 33.00000000 37.00000000
v 57.10023499 33.00000000 38.00000000
v 57.08449554 33.00000000 39.00000000
v 57.08196259 33.00000000 40.00000000
v 57.11124802 33.00000000 41.00000000
v 57.13500977 33.00000000 42.00000000
v 57.15493774 33.00000000 43.00000000
v 57.15480042 33.00000000 44.00000000
v 57.04520798 33.00000000 45.00000000
v 57.40962982 34.00000000 17.00000000
v 57.73669434 34.00000000 18.00000000
v 57.80324173 34.00000000 19.00000000
v 57.81492615 34.00000000 20.00000000
v 57.81646347 34.00000000 21.00000000
v 57.80556870 34.00000000 22.00000000
v 57.78154373 34.00000000 23.00000000
v 57.74717331 34.00000000 24.00000000
v 57.71615219 34.00000000 25.00000000
v 57.67948151 34.00000000 26.00000000
v 57.63820267 34.00000000 27.00000000
v 57.59292221 34.00000000 28.00000000
v 57.54890060 34.00000000 29.00000000
v 57.50611877 34.00000000 30.00000000
v 57.44671631 34.00000000 31.00000000
v 57.38998413 34.00000000 32.00000000
v 57.33172226 34.00000000 33.00000000
v 57.27243042 34.00000000 34.00000000
v 57.21396637 34.00000000 35.00000000
v 57.17477036 34.00000000 36.00000000
v 57.15208817 34.00000000 37.00000000
v 57.14951324 34.00000000 38.00000000
v 57.14302063 34.00000000 39.00000000
v 57.14278412 34.00000000 40.00000000
v 57.16355133 34.00000000 41.00000000
v 57.17428589 34.00000000 42.00000000
v 57.17502213 34.00000000 43.00000000
v 57.16114044 34.00000000 44.00000000
v 57.03028870 34.00000000 45.00000000
v 57.40129471 35.00000000 17.00000000
v 57.73762894 35.00000000 18.00000000
v 57.81079483 35.00000000 19.00000000
v 57.82913971 35.00000000 20.00000000
v 57.83015060 35.00000000 21.00000000
v 57.81504059 35.00000000 22.00000000
v 57.78984833 35.00000000 23.00000000
v 57.76670074 35.00000000 24.00000000
v 57.74580002 35.00000000 25.00000000
v 57.70944595 35.00000000 26.00000000
v 57.66235733 35.00000000 27.00000000
v 57.61661911 35.00000000 28.00000000
v 57.57056808 35.00000000 29.00000000
v 57.51932144 35.00000000 30.00000000
v 57.45864487 35.00000000 31.00000000
v 57.39693069 35.00000000 32.00000000
v 57.33051300 35.00000000 33.00000000
v 57.27346420 35.00000000 34.00000000
v 57.21966171 35.00000000 35.00000000
v 57.18121338 35.00000000 36.00000000
v 57.15147781 35.00000000 37.00000000
v 57.16325760 35.00000000 38.00000000
v 57.18730545 35.00000000 39.00000000
v 57.19772339 35.00000000 40.00000000
v 57.21417618 35.00000000 41.00000000
v 57.22479630 35.00000000 42.00000000
v 57.21975708 35.00000000 43.00000000
v 57.18332672 35.00000000 44.00000000
v 57.01969147 35.00000000 45.00000000
v 57.27497482 36.00000000 17.00000000
v 57.66829300 36.00000000 18.00000000
v 57.75867844 36.00000000 19.00000000
v 57.79067230 36.00000000 20.00000000
v 57.79856110 36.00000000 21.00000000
v 57.79757309 36.00000000 22.00000000
v 57.78306961 36.00000000 23.00000000
v 57.76439667 36.00000000 24.00000000
v 57.73775101 36.00000000 25.00000000
v 57.70882797 36.00000000 26.00000000
v 57.67227554 36.00000000 27.00000000
v 57.61268234 36.00000000 28.00000000
v 57.54961395 36.00000000 29.00000000
v 57.49224091 36.00000000 30.00000000
v 57.42803192 36.00000000 31.00000000
v 57.36008835 36.00000000 32.00000000
v 57.29616547 36.00000000 33.00000000
v 57.24550247 36.00000000 34.00000000
v 57.18468857 36.00000000 35.00000000
v 57.14891052 36.00000000 36.00000000
v 57.12374496 36.00000000 37.00000000
v 57.15237808 36.00000000 38.00000000
v 57.19621277 36.00000000 39.00000000
v 57.22159195 36.00000000 40.00000000
v 57.22822952 36.00000000 41.00000000
v 57.24588776 36.00000000 42.00000000
v 57.23697281 36.00000000 43.00000000
v 57.20149994 36.00000000 44.00000000
v 57.01874924 36.00000000 45.00000000
v 57.00807190 37.00000000 17.00000000
v 57.46149445 37.00000000 18.00000000
v 57.60225296 37.00000000 19.00000000
v 57.66936493 37.00000000 20.00000000
v 57.70510483 37.00000000 21.00000000
v 57.71750259 37.00000000 22.00000000
v 57.71751785 37.00000000 23.00000000
v 57.70325851 37.00000000 24.00000000
v 57.67138672 37.00000000 25.00000000
v 57.62937546 37.00000000 26.00000000
v 57.58831406 37.00000000 27.00000000
v 57.53610229 37.00000000 28.00000000
v 57.47734451 37.00000000 29.00000000
v 57.41798019 37.00000000 30.00000000
v 57.35705948 37.00000000 31.00000000
v 57.29039001 37.00000000 32.00000000
v 57.21920395 37.00000000 33.00000000
v 57.15700531 37.00000000 34.00000000
v 57.08706284 37.00000000 35.00000000
v 57.04678345 37.00000000 36.00000000
v 57.04664993 37.00000000 37.00000000
v 57.09821320 37.00000000 38.00000000
v 57.15425491 37.00000000 39.00000000
v 57.18060303 37.00000000 40.00000000
v 57.20286942 37.00000000 41.00000000
v 57.22213745 37.00000000 42.00000000
v 57.21403122 37.00000000 43.00000000
v 57.16037750 37.00000000 44.00000000
v 57.06563187 38.00000000 18.00000000
v 57.25325394 38.00000000 19.00000000
v 57.38265610 38.00000000 20.00000000
v 57.46280289 38.00000000 21.00000000
v 57.50757599 38.00000000 22.00000000
v 57.51054001 38.00000000 23.00000000
v 57.49446487 38.00000000 24.00000000
v 57.47127533 38.00000000 25.00000000
v 57.44279861 38.00000000 26.00000000
v 57.40581512 38.00000000 27.00000000
v 57.37356949 38.00000000 28.00000000
v 57.33255005 38.00000000 29.00000000
v 57.28019333 38.00000000 30.00000000
v 57.22148132 38.00000000 31.00000000
v 57.15232468 38.00000000 32.00000000
v 57.09610748 38.00000000 33.00000000
v 57.01192856 38.00000000 34.00000000
v 57.00397873 38.00000000 38.00000000
v 57.05030823 38.00000000 39.00000000
v 57.09320068 38.00000000 40.00000000
v 57.12818527 38.00000000 41.00000000
v 57.15723038 38.00000000 42.00000000
v 57.15211487 38.00000000 43.00000000
v 57.07719803 38.00000000 44.00000000
v 57.02425766 39.00000000 22.00000000
v 57.06185913 39.00000000 23.00000000
v 57.08634949 39.00000000 24.00000000
v 57.09509277 39.00000000 25.00000000
v 57.10278702 39.00000000 26.00000000
v 57.11354828 39.00000000 27.00000000
v 57.10043335 39.00000000 28.00000000
v 57.08722305 39.00000000 29.00000000
v 57.06352615 39.00000000 30.00000000
v 57.00262833 39.00000000 31.00000000
v 57.03216171 39.00000000 42.00000000
v 57.03448868 39.00000000 43.00000000
f 3 2 1
f 5 4 1
f 5 1 2
f 7 6 4
f 7 4 5
f 9 8 6
f 9 6 7
f 11 10 8
f 11 8 9
f 13 12 10
f 13 10 11
f 15 14 12
f 15 12 13
f 17 16 14
f 17 14 15
f 19 18 16
f 19 16 17
f 21 20 18
f 21 18 19
f 23 22 20
f 23 20 21
f 25 24 22
f 25 22 23
f 27 26 24
f 27 24 25
f 29 28 26
f 29 26 27
f 31 30 28
f 31 28 29
f 33 32 30
f 33 30 31
f 35 34 32
f 35 32 33
f 37 36 34
f 37 34 35
f 39 38 36
f 39 36 37
f 41 40 38
f 41 38 39
f 43 42 40
f 43 40 41
f 45 44 42
f 45 42 43
f 47 46 44
f 47 44 45
f 49 48 46
f 49 46 47
f 51 50 48
f 51 48 49
f 52 50 51
f 3 1 53
f 3 53 54
f 55 1 4
f 53 1 55
f 56 4 6
f 55 4 56
f 57 6 8
f 56 6 57
f 58 8 10
f 57 8 58
f 59 10 12
f 58 10 59
f 60 12 14
f 59 12 60
f 61 14 16
f 60 14 61
f 62 16 18
f 61 16 62
f 63 18 20
f 62 18 63
f 64 20 22
f 63 20 64
f 65 22 24
f 64 22 65
f 66 24 26
f 65 24 66
f 67 26 28
f 66 26 67
f 68 28 30
f 67 28 68
f 69 30 32
f 68 30 69
f 70 32 34
f 69 32 70
f 71 34 36
f 70 34 71
f 72 36 38
f 71 36 72
f 73 38 40
f 72 38 73
f 74 40 42
f 73 40 74
f 75 42 44
f 74 42 75
f 76 44 46
f 75 44 76
f 77 46 48
f 76 46 77
f 78 48 50
f 77 48 78
f 50 52 79
f 80 50 79
f 78 50 80
f 81 80 79
f 54 53 82
f 54 82 83
f 84 53 55
f 82 53 84
f 85 55 56
f 84 55 85
f 86 56 57
f 85 56 86
f 87 57 58
f 86 57 87
f 88 58 59
f 87 58 88
f 89 59 60
f 88 59 89
f 90 60 61
f 89 60 90
f 91 61 62
f 90 61 91
f 92 62 63
f 91 62 92
f 93 63 64
f 92 63 93
f 94 64 65
f 93 64 94
f 95 65 66
f 94 65 95
f 96 66 67
f 95 66 96
f 97 67 68
f 96 67 97
f 98 68 69
f 97 68 98
f 99 69 70
f 98 69 99
f 100 70 71
f 99 70 100
f 101 71 72
f 100 71 101
f 102 72 73
f 101 72 102
f 103 73 74
f 102 73 103
f 104 74 75
f 103 74 104
f 105 75 76
f 104 75 105
f 106 76 77
f 105 76 106
f 107 77 78
f 106 77 107
f 108 78 80
f 107 78 108
f 80 81 109
f 80 109 108
f 83 82 110
f 83 110 111
f 112 82 84
f 110 82 112
f 113 84 85
f 112 84 113
f 114 85 86
f 113 85 114
f 115 86 87
f 114 86 115
f 116 87 88
f 115 87 116
f 117 88 89
f 116 88 117
f 118 89 90
f 117 89 118
f 119 90 91
f 118 90 119
f 120 91 92
f 119 91 120
f 121 92 93
f 120 92 121
f 122 93 94
f 121 93 122
f 123 94 95
f 122 94 123
f 124 95 96
f 123 95 124
f 125 96 97
f 124 96 125
f 126 97 98
f 125 97 126
f 127 98 99
f 126 98 127
f 128 99 100
f 127 99 128
f 129 100 101
f 128 100 129
f 130 101 102
f 129 101 130
f 131 102 103
f 130 102 131
f 132 103 104
f 131 103 132
f 133 104 105
f 132 104 133
f 134 105 106
f 133 105 134
f 135 106 107
f 134 106 135
f 136 107 108
f 135 107 136
f 108 109 137
f 108 137 136
f 111 110 138
f 111 138 139
f 140 110 112
f 138 110 140
f 141 112 113
f 140 112 141
f 142 113 114
f 141 113 142
f 143 114 115
f 142 114 143
f 144 115 116
f 143 115 144
f 145 116 117
f 144 116 145
f 146 117 118
f 145 117 146
f 147 118 119
f 146 118 147
f 148 119 120
f 147 119 148
f 149 120 121
f 148 120 149
f 150 121 122
f 149 121 150
f 151 122 123
f 150 122 151
f 152 123 124
f 151 123 152
f 153 124 125
f 152 124 153
f 154 125 126
f 153 125 154
f 155 126 127
f 154 126 155
f 156 127 128
f 155 127 156
f 157 128 129
f 156 128 157
f 158 129 130
f 157 129 158
f 159 130 131
f 158 130 159
f 160 131 132
f 159 131 160
f 161 132 133
f 160 132 161
f 162 133 134
f 161 133 162
f 163 134 135
f 162 134 163
f 164 135 136
f 163 135 164
f 136 137 165
f 136 165 164
f 139 138 166
f 139 166 167
f 168 138 140
f 166 138 168
f 169 140 141
f 168 140 169
f 170 141 142
f 169 141 170
f 171 142 143
f 170 142 171
f 172 143 144
f 171 143 172
f 173 144 145
f 172 144 173
f 174 145 146
f 173 145 174
f 175 146 147
f 174 146 175
f 176 147 148
f 175 147 176
f 177 148 149
f 176 148 177
f 178 149 150
f 177 149 178
f 179 150 151
f 178 150 179
f 180 151 152
f 179 151 180
f 181 152 153
f 180 152 181
f 182 153 154
f 181 153 182
f 183 154 155
f 182 154 183
f 184 155 156
f 183 155 184
f 185 156 157
f 184 156 185
f 186 157 158
f 185 157 186
f 187 158 159
f 186 158 187
f 188 159 160
f 187 159 188
f 189 160 161
f 188 160 189
f 190 161 162
f 189 161 190
f 191 162 163
f 190 162 191
f 192 163 164
f 191 163 192
f 164 165 193
f 164 193 192
f 196 195 194
f 194 195 167
f 166 194 167
f 197 194 166
f 198 166 168
f 197 166 198
f 199 168 169
f 198 168 199
f 200 169 170
f 199 169 200
f 201 170 171
f 200 170 201
f 202 171 172
f 201 171 202
f 203 172 173
f 202 172 203
f 204 173 174
f 203 173 204
f 205 174 175
f 204 174 205
f 206 175 176
f 205 175 206
f 207 176 177
f 206 176 207
f 208 177 178
f 207 177 208
f 209 178 179
f 208 178 209
f 210 179 180
f 209 179 210
f 211 180 181
f 210 180 211
f 212 181 182
f 211 181 212
f 213 182 183
f 212 182 213
f 214 183 184
f 213 183 214
f 215 184 185
f 214 184 215
f 216 185 186
f 215 185 216
f 217 186 187
f 216 186 217
f 218 187 188
f 217 187 218
f 219 188 189
f 218 188 219
f 220 189 190
f 219 189 220
f 221 190 191
f 220 190 221
f 222 191 192
f 221 191 222
f 192 193 223
f 192 223 222
f 196 194 224
f 196 224 225
f 226 194 197
f 224 194 226
f 227 197 198
f 226 197 227
f 228 198 199
f 227 198 228
f 229 199 200
f 228 199 229
f 230 200 201
f 229 200 230
f 231 201 202
f 230 201 231
f 232 202 203
f 231 202 232
f 233 203 204
f 232 203 233
f 234 204 205
f 233 204 234
f 235 205 206
f 234 205 235
f 236 206 207
f 235 206 236
f 237 207 208
f 236 207 237
f 238 208 209
f 237 208 238
f 239 209 210
f 238 209 239
f 240 210 211
f 239 210 240
f 241 211 212
f 240 211 241
f 242 212 213
f 241 212 242
f 243 213 214
f 242 213 243
f 244 214 215
f 243 214 244
f 245 215 216
f 244 215 245
f 246 216 217
f 245 216 246
f 247 217 218
f 246 217 247
f 248 218 219
f 247 218 248
f 249 219 220
f 248 219 249
f 250 220 221
f 249 220 250
f 251 221 222
f 250 221 251
f 222 223 252
f 222 252 251
f 225 224 253
f 225 253 254
f 255 224 226
f 253 224 255
f 256 226 227
f 255 226 256
f 257 227 228
f 256 227 257
f 258 228 229
f 257 228 258
f 259 229 230
f 258 229 259
f 260 230 231
f 259 230 260
f 261 231 232
f 260 231 261
f 262 232 233
f 261 232 262
f 263 233 234
f 262 233 263
f 264 234 235
f 263 234 264
f 265 235 236
f 264 235 265
f 266 236 237
f 265 236 266
f 267 237 238
f 266 237 267
f 268 238 239
f 267 238 268
f 269 239 240
f 268 239 269
f 270 240 241
f 269 240 270
f 271 241 242
f 270 241 271
f 272 242 243
f 271 242 272
f 273 243 244
f 272 243 273
f 274 244 245
f 273 244 274
f 275 245 246
f 274 245 275
f 276 246 247
f 275 246 276
f 277 247 248
f 276 247 277
f 278 248 249
f 277 248 278
f 279 249 250
f 278 249 279
f 280 250 251
f 279 250 280
f 251 252 281
f 251 281 280
f 254 253 282
f 254 282 283
f 284 253 255
f 282 253 284
f 285 255 256
f 284 255 285
f 286 256 257
f 285 256 286
f 287 257 258
f 286 257 287
f 288 258 259
f 287 258 288
f 289 259 260
f 288 259 289
f 290 260 261
f 289 260 290
f 291 261 262
f 290 261 291
f 292 262 263
f 291 262 292
f 293 263 264
f 292 263 293
f 294 264 265
f 293 264 294
f 295 265 266
f 294 265 295
f 296 266 267
f 295 266 296
f 297 267 268
f 296 267 297
f 298 268 269
f 297 268 298
f 299 269 270
f 298 269 299
f 300 270 271
f 299 270 300
f 301 271 272
f 300 271 301
f 302 272 273
f 301 272 302
f 303 273 274
f 302 273 303
f 304 274 275
f 303 274 304
f 305 275 276
f 304 275 305
f 306 276 277
f 305 276 306
f 307 277 278
f 306 277 307
f 308 278 279
f 307 278 308
f 309 279 280
f 308 279 309
f 280 281 310
f 280 310 309
f 311 283 282
f 313 312 311
f 282 313 311
f 284 313 282
f 314 284 285
f 313 284 314
f 315 285 286
f 314 285 315
f 316 286 287
f 315 286 316
f 317 287 288
f 316 287 317
f 318 288 289
f 317 288 318
f 319 289 290
f 318 289 319
f 320 290 291
f 319 290 320
f 321 291 292
f 320 291 321
f 322 292 293
f 321 292 322
f 323 293 294
f 322 293 323
f 324 294 295
f 323 294 324
f 325 295 296
f 324 295 325
f 326 296 297
f 325 296 326
f 327 297 298
f 326 297 327
f 328 298 299
f 327 298 328
f 329 299 300
f 328 299 329
f 330 300 301
f 329 300 330
f 331 301 302
f 330 301 331
f 332 302 303
f 331 302 332
f 333 303 304
f 332 303 333
f 334 304 305
f 333 304 334
f 335 305 306
f 334 305 335
f 336 306 307
f 335 306 336
f 337 307 308
f 336 307 337
f 338 308 309
f 337 308 338
f 309 310 339
f 309 339 338
f 342 341 340
f 340 341 312
f 313 340 312
f 343 340 313
f 344 313 314
f 343 313 344
f 345 314 315
f 344 314 345
f 346 315 316
f 345 315 346
f 347 316 317
f 346 316 347
f 348 317 318
f 347 317 348
f 349 318 319
f 348 318 349
f 350 319 320
f 349 319 350
f 351 320 321
f 350 320 351
f 352 321 322
f 351 321 352
f 353 322 323
f 352 322 353
f 354 323 324
f 353 323 354
f 355 324 325
f 354 324 355
f 356 325 326
f 355 325 356
f 357 326 327
f 356 326 357
f 358 327 328
f 357 327 358
f 359 328 329
f 358 328 359
f 360 329 330
f 359 329 360
f 361 330 331
f 360 330 361
f 362 331 332
f 361 331 362
f 363 332 333
f 362 332 363
f 364 333 334
f 363 333 364
f 365 334 335
f 364 334 365
f 366 335 336
f 365 335 366
f 367 336 337
f 366 336 367
f 368 337 338
f 367 337 368
f 338 339 369
f 338 369 368
f 342 340 370
f 342 370 371
f 372 340 343
f 370 340 372
f 373 343 344
f 372 343 373
f 374 344 345
f 373 344 374
f 375 345 346
f 374 345 375
f 376 346 347
f 375 346 376
f 377 347 348
f 376 347 377
f 378 348 349
f 377 348 378
f 379 349 350
f 378 349 379
f 380 350 351
f 379 350 380
f 381 351 352
f 380 351 381
f 382 352 353
f 381 352 382
f 383 353 354
f 382 353 383
f 384 354 355
f 383 354 384
f 385 355 356
f 384 355 385
f 386 356 357
f 385 356 386
f 387 357 358
f 386 357 387
f 388 358 359
f 387 358 388
f 389 359 360
f 388 359 389
f 390 360 361
f 389 360 390
f 391 361 362
f 390 361 391
f 392 362 363
f 391 362 392
f 393 363 364
f 392 363 393
f 394 364 365
f 393 364 394
f 395 365 366
f 394 365 395
f 396 366 367
f 395 366 396
f 397 367 368
f 396 367 397
f 368 369 398
f 368 398 397
f 401 400 399
f 399 400 371
f 370 399 371
f 402 399 370
f 403 370 372
f 402 370 403
f 404 372 373
f 403 372 404
f 405 373 374
f 404 373 405
f 406 374 375
f 405 374 406
f 407 375 376
f 406 375 407
f 408 376 377
f 407 376 408
f 409 377 378
f 408 377 409
f 410 378 379
f 409 378 410
f 411 379 380
f 410 379 411
f 412 380 381
f 411 380 412
f 413 381 382
f 412 381 413
f 414 382 383
f 413 382 414
f 415 383 384
f 414 383 415
f 416 384 385
f 415 384 416
f 417 385 386
f 416 385 417
f 418 386 387
f 417 386 418
f 419 387 388
f 418 387 419
f 420 388 389
f 419 388 420
f 421 389 390
f 420 389 421
f 422 390 391
f 421 390 422
f 423 391 392
f 422 391 423
f 424 392 393
f 423 392 424
f 425 393 394
f 424 393 425
f 426 394 395
f 425 394 426
f 427 395 396
f 426 395 427
f 428 396 397
f 427 396 428
f 397 398 429
f 397 429 428
f 401 399 430
f 401 430 431
f 432 399 402
f 430 399 432
f 433 402 403
f 432 402 433
f 434 403 404
f 433 403 434
f 435 404 405
f 434 404 435
f 436 405 406
f 435 405 436
f 437 406 407
f 436 406 437
f 438 407 408
f 437 407 438
f 439 408 409
f 438 408 439
f 440 409 410
f 439 409 440
f 441 410 411
f 440 410 441
f 442 411 412
f 441 411 442
f 443 412 413
f 442 412 443
f 444 413 414
f 443 413 444
f 445 414 415
f 444 414 445
f 446 415 416
f 445 415 446
f 447 416 417
f 446 416 447
f 448 417 418
f 447 417 448
f 449 418 419
f 448 418 449
f 450 419 420
f 449 419 450
f 451 420 421
f 450 420 451
f 452 421 422
f 451 421 452
f 453 422 423
f 452 422 453
f 454 423 424
f 453 423 454
f 455 424 425
f 454 424 455
f 456 425 426
f 455 425 456
f 457 426 427
f 456 426 457
f 458 427 428
f 457 427 458
f 428 429 459
f 428 459 458
f 460 431 430
f 462 461 460
f 430 462 460
f 432 462 430
f 463 432 433
f 462 432 463
f 464 433 434
f 463 433 464
f 465 434 435
f 464 434 465
f 466 435 436
f 465 435 466
f 467 436 437
f 466 436 467
f 468 437 438
f 467 437 468
f 469 438 439
f 468 438 469
f 470 439 440
f 469 439 470
f 471 440 441
f 470 440 471
f 472 441 442
f 471 441 472
f 473 442 443
f 472 442 473
f 474 443 444
f 473 443 474
f 475 444 445
f 474 444 475
f 476 445 446
f 475 445 476
f 477 446 447
f 476 446 477
f 478 447 448
f 477 447 478
f 479 448 449
f 478 448 479
f 480 449 450
f 479 449 480
f 481 450 451
f 480 450 481
f 482 451 452
f 481 451 482
f 483 452 453
f 482 452 483
f 484 453 454
f 483 453 484
f 485 454 455
f 484 454 485
f 486 455 456
f 485 455 486
f 487 456 457
f 486 456 487
f 488 457 458
f 487 457 488
f 458 459 489
f 490 458 489
f 488 458 490
f 491 490 489
f 461 462 492
f 461 492 493
f 494 462 463
f 492 462 494
f 495 463 464
f 494 463 495
f 496 464 465
f 495 464 496
f 497 465 466
f 496 465 497
f 498 466 467
f 497 466 498
f 499 467 468
f 498 467 499
f 500 468 469
f 499 468 500
f 501 469 470
f 500 469 501
f 502 470 471
f 501 470 502
f 503 471 472
f 502 471 503
f 504 472 473
f 503 472 504
f 505 473 474
f 504 473 505
f 506 474 475
f 505 474 506
f 507 475 476
f 506 475 507
f 508 476 477
f 507 476 508
f 509 477 478
f 508 477 509
f 510 478 479
f 509 478 510
f 511 479 480
f 510 479 511
f 512 480 481
f 511 480 512
f 513 481 482
f 512 481 513
f 514 482 483
f 513 482 514
f 515 483 484
f 514 483 515
f 516 484 485
f 515 484 516
f 517 485 486
f 516 485 517
f 518 486 487
f 517 486 518
f 519 487 488
f 518 487 519
f 520 488 490
f 519 488 520
f 490 491 521
f 490 521 520
f 522 493 492
f 522 492 494
f 522 494 523
f 525 524 523
f 494 525 523
f 495 525 494
f 526 495 496
f 525 495 526
f 527 496 497
f 526 496 527
f 528 497 498
f 527 497 528
f 529 498 499
f 528 498 529
f 530 499 500
f 529 499 530
f 531 500 501
f 530 500 531
f 532 501 502
f 531 501 532
f 533 502 503
f 532 502 533
f 534 503 504
f 533 503 534
f 535 504 505
f 534 504 535
f 536 505 506
f 535 505 536
f 537 506 507
f 536 506 537
f 538 507 508
f 537 507 538
f 539 508 509
f 538 508 539
f 540 509 510
f 539 509 540
f 541 510 511
f 540 510 541
f 542 511 512
f 541 511 542
f 543 512 513
f 542 512 543
f 544 513 514
f 543 513 544
f 545 514 515
f 544 514 545
f 546 515 516
f 545 515 546
f 547 516 517
f 546 516 547
f 548 517 518
f 547 517 548
f 549 518 519
f 548 518 549
f 520 551 550
f 549 520 550
f 519 520 549
f 551 520 521
f 552 524 525
f 552 525 526
f 552 526 553
f 553 526 527
f 553 527 554
f 554 527 528
f 554 528 555
f 555 528 529
f 555 529 556
f 558 557 556
f 529 558 556
f 530 558 529
f 559 530 531
f 558 530 559
f 560 531 532
f 559 531 560
f 561 532 533
f 560 532 561
f 562 533 534
f 561 533 562
f 563 534 535
f 562 534 563
f 564 535 536
f 563 535 564
f 537 566 565
f 564 537 565
f 536 537 564
f 566 537 538
f 566 538 567
f 567 538 539
f 567 539 568
f 568 539 540
f 568 540 569
f 569 540 541
f 569 541 570
f 570 541 542
f 570 542 571
f 571 542 543
f 571 543 572
f 574 573 572
f 543 574 572
f 544 574 543
f 575 544 545
f 574 544 575
f 576 545 546
f 575 545 576
f 577 546 547
f 576 546 577
f 578 547 548
f 577 547 578
f 579 548 549
f 578 548 579
f 549 550 580
f 549 580 579
f 581 557 558
f 581 558 559
f 581 559 582
f 582 559 560
f 582 560 583
f 583 560 561
f 583 561 584
f 584 561 562
f 584 562 585
f 585 562 563
f 585 563 586
f 586 563 564
f 586 564 587
f 587 564 565
f 588 573 574
f 588 574 575
f 588 575 589
f 589 575 576
f 589 576 590
f 590 576 577
f 590 577 591
f 591 577 578
f 591 578 592
f 592 578 579
f 592 579 593
f 593 579 580
f 596 595 594
f 2 3 594
f 595 2 594
f 597 2 595
f 2 598 5
f 597 598 2
f 5 599 7
f 598 599 5
f 7 600 9
f 599 600 7
f 9 601 11
f 600 601 9
f 11 602 13
f 601 602 11
f 13 603 15
f 602 603 13
f 15 604 17
f 603 604 15
f 17 605 19
f 604 605 17
f 19 606 21
f 605 606 19
f 21 607 23
f 606 607 21
f 23 608 25
f 607 608 23
f 25 609 27
f 608 609 25
f 27 610 29
f 609 610 27
f 29 611 31
f 610 611 29
f 31 612 33
f 611 612 31
f 33 613 35
f 612 613 33
f 35 614 37
f 613 614 35
f 37 615 39
f 614 615 37
f 39 616 41
f 615 616 39
f 41 617 43
f 616 617 41
f 43 618 45
f 617 618 43
f 45 619 47
f 618 619 45
f 47 620 49
f 619 620 47
f 49 621 51
f 620 621 49
f 623 622 52
f 51 623 52
f 621 623 51
f 625 624 622
f 625 622 623
f 626 624 625
f 596 594 627
f 596 627 628
f 54 627 3
f 3 627 594
f 622 79 52
f 79 622 81
f 622 629 81
f 622 624 629
f 624 626 630
f 624 630 629
f 628 627 631
f 628 631 632
f 83 631 54
f 54 631 627
f 633 109 629
f 629 109 81
f 629 630 634
f 629 634 633
f 632 631 635
f 632 635 636
f 111 635 83
f 83 635 631
f 637 137 633
f 633 137 109
f 633 634 638
f 633 638 637
f 636 635 639
f 636 639 640
f 139 639 111
f 111 639 635
f 641 165 637
f 637 165 137
f 637 638 642
f 637 642 641
f 640 639 643
f 640 643 644
f 167 643 139
f 139 643 639
f 645 193 641
f 641 193 165
f 641 642 646
f 641 646 645
f 644 643 195
f 196 644 195
f 647 644 196
f 195 643 167
f 648 223 645
f 645 223 193
f 645 646 649
f 645 649 648
f 225 647 196
f 225 650 647
f 651 252 648
f 648 252 223
f 648 649 652
f 648 652 651
f 254 650 225
f 254 653 650
f 654 281 651
f 651 281 252
f 651 652 655
f 651 655 654
f 658 657 656
f 657 653 656
f 653 283 656
f 653 254 283
f 659 310 654
f 654 310 281
f 654 655 660
f 654 660 659
f 661 658 656
f 663 661 662
f 662 661 311
f 661 656 311
f 656 283 311
f 312 662 311
f 664 339 659
f 659 339 310
f 659 660 665
f 659 665 664
f 668 667 666
f 666 667 663
f 666 663 662
f 342 666 662
f 341 342 662
f 341 662 312
f 669 369 664
f 664 369 339
f 664 665 670
f 664 670 669
f 668 666 671
f 668 671 672
f 371 671 342
f 342 671 666
f 673 398 669
f 669 398 369
f 669 670 674
f 669 674 673
f 672 671 400
f 401 672 400
f 675 672 401
f 400 671 371
f 676 429 673
f 673 429 398
f 673 674 677
f 678 673 677
f 676 673 678
f 679 678 677
f 431 675 401
f 431 680 675
f 681 459 676
f 676 459 429
f 682 676 678
f 681 676 682
f 678 679 683
f 678 683 682
f 431 460 684
f 685 431 684
f 680 431 685
f 461 684 460
f 681 489 459
f 489 681 491
f 681 686 491
f 681 682 686
f 682 683 687
f 682 687 686
f 685 684 688
f 685 688 689
f 493 688 461
f 461 688 684
f 690 521 686
f 686 521 491
f 686 687 691
f 686 691 690
f 692 689 688
f 694 692 693
f 693 692 522
f 692 688 522
f 688 493 522
f 523 695 522
f 522 695 693
f 524 695 523
f 696 550 551
f 697 696 551
f 697 551 521
f 698 697 521
f 690 698 521
f 698 690 691
f 699 694 693
f 699 693 695
f 699 695 700
f 702 700 701
f 701 700 552
f 700 695 552
f 695 524 552
f 553 703 552
f 552 703 701
f 554 704 553
f 553 704 703
f 555 705 554
f 554 705 704
f 556 706 555
f 555 706 705
f 557 706 556
f 707 565 566
f 567 708 566
f 566 708 707
f 568 709 567
f 567 709 708
f 569 710 568
f 568 710 709
f 570 711 569
f 569 711 710
f 571 712 570
f 570 712 711
f 572 713 571
f 571 713 712
f 573 713 572
f 714 580 696
f 696 580 550
f 696 697 715
f 696 715 714
f 716 702 701
f 716 701 703
f 716 703 717
f 717 703 704
f 717 704 718
f 718 704 705
f 718 705 719
f 719 705 706
f 719 706 720
f 722 720 721
f 721 720 581
f 720 706 581
f 706 557 581
f 582 723 581
f 581 723 721
f 583 724 582
f 582 724 723
f 584 725 583
f 583 725 724
f 585 726 584
f 584 726 725
f 586 727 585
f 585 727 726
f 587 728 586
f 586 728 727
f 565 707 587
f 707 728 587
f 707 729 728
f 730 707 708
f 729 707 730
f 731 708 709
f 730 708 731
f 732 709 710
f 731 709 732
f 733 710 711
f 732 710 733
f 734 711 712
f 733 711 734
f 735 712 713
f 734 712 735
f 588 736 573
f 736 713 573
f 736 735 713
f 589 737 588
f 588 737 736
f 590 738 589
f 589 738 737
f 591 739 590
f 590 739 738
f 592 740 591
f 591 740 739
f 593 741 592
f 592 741 740
f 580 714 593
f 714 741 593
f 714 742 741
f 714 715 743
f 714 743 742
f 744 722 721
f 744 721 723
f 744 723 745
f 745 723 724
f 745 724 746
f 746 724 725
f 746 725 747
f 747 725 726
f 747 726 748
f 748 726 727
f 748 727 749
f 749 727 728
f 749 728 750
f 750 728 729
f 750 729 751
f 751 729 730
f 751 730 752
f 752 730 731
f 752 731 753
f 753 731 732
f 753 732 754
f 754 732 733
f 754 733 755
f 755 733 734
f 755 734 756
f 756 734 735
f 756 735 757
f 759 758 757
f 735 759 757
f 736 759 735
f 760 736 737
f 759 736 760
f 761 737 738
f 760 737 761
f 762 738 739
f 761 738 762
f 763 739 740
f 762 739 763
f 764 740 741
f 763 740 764
f 742 766 765
f 764 742 765
f 741 742 764
f 766 742 743
f 767 758 759
f 767 759 760
f 767 760 768
f 768 760 761
f 768 761 769
f 769 761 762
f 769 762 770
f 770 762 763
f 770 763 771
f 771 763 764
f 771 764 772
f 772 764 765
f 774 773 595
f 774 595 596
f 595 775 597
f 773 775 595
f 597 776 598
f 775 776 597
f 598 777 599
f 776 777 598
f 599 778 600
f 777 778 599
f 600 779 601
f 778 779 600
f 601 780 602
f 779 780 601
f 602 781 603
f 780 781 602
f 603 782 604
f 781 782 603
f 604 783 605
f 782 783 604
f 605 784 606
f 783 784 605
f 606 785 607
f 784 785 606
f 607 786 608
f 785 786 607
f 608 787 609
f 786 787 608
f 609 788 610
f 787 788 609
f 610 789 611
f 788 789 610
f 611 790 612
f 789 790 611
f 612 791 613
f 790 791 612
f 613 792 614
f 791 792 613
f 614 793 615
f 792 793 614
f 615 794 616
f 793 794 615
f 616 795 617
f 794 795 616
f 617 796 618
f 795 796 617
f 618 797 619
f 796 797 618
f 619 798 620
f 797 798 619
f 620 799 621
f 798 799 620
f 621 800 623
f 799 800 621
f 623 801 625
f 800 801 623
f 626 625 801
f 626 801 802
f 628 774 596
f 628 803 774
f 805 630 804
f 630 802 804
f 630 626 802
f 806 805 804
f 632 803 628
f 632 807 803
f 808 634 805
f 805 634 630
f 805 806 809
f 805 809 808
f 636 807 632
f 636 810 807
f 811 638 808
f 808 638 634
f 808 809 812
f 808 812 811
f 640 810 636
f 640 813 810
f 815 814 811
f 814 638 811
f 814 642 638
f 815 811 812
f 644 813 640
f 644 816 813
f 814 646 642
f 817 646 814
f 647 816 644
f 647 818 816
f 817 649 646
f 819 649 817
f 650 818 647
f 650 820 818
f 819 652 649
f 821 652 819
f 824 823 822
f 823 820 822
f 820 653 822
f 820 650 653
f 826 655 825
f 655 821 825
f 655 652 821
f 827 826 825
f 824 822 657
f 658 824 657
f 828 824 658
f 657 822 653
f 829 660 826
f 826 660 655
f 826 827 830
f 826 830 829
f 658 661 831
f 832 658 831
f 828 658 832
f 663 831 661
f 833 665 829
f 829 665 660
f 829 830 834
f 829 834 833
f 832 831 667
f 668 832 667
f 835 832 668
f 667 831 663
f 836 670 833
f 833 670 665
f 833 834 837
f 833 837 836
f 672 835 668
f 672 838 835
f 839 674 836
f 836 674 670
f 836 837 840
f 836 840 839
f 675 838 672
f 675 841 838
f 839 677 674
f 679 677 839
f 840 679 839
f 842 679 840
f 680 841 675
f 680 843 841
f 842 683 679
f 844 683 842
f 685 843 680
f 685 845 843
f 844 687 683
f 846 687 844
f 689 845 685
f 689 847 845
f 846 691 687
f 848 691 846
f 849 847 689
f 849 689 692
f 692 694 849
f 849 694 850
f 851 697 698
f 852 851 698
f 691 852 698
f 848 852 691
f 853 850 694
f 853 694 699
f 855 853 854
f 853 700 854
f 853 699 700
f 702 854 700
f 856 715 851
f 851 715 697
f 851 852 857
f 851 857 856
f 858 855 854
f 858 854 702
f 716 858 702
f 859 858 716
f 860 716 717
f 860 859 716
f 861 717 718
f 861 860 717
f 862 718 719
f 862 861 718
f 864 862 863
f 862 720 863
f 862 719 720
f 722 863 720
f 866 865 856
f 865 715 856
f 865 743 715
f 866 856 857
f 867 864 863
f 867 863 722
f 744 867 722
f 868 867 744
f 869 744 745
f 869 868 744
f 870 745 746
f 870 869 745
f 871 746 747
f 871 870 746
f 872 747 748
f 872 871 747
f 873 748 749
f 873 872 748
f 874 749 750
f 874 873 749
f 875 750 751
f 875 874 750
f 876 751 752
f 876 875 751
f 877 752 753
f 877 876 752
f 878 753 754
f 878 877 753
f 879 754 755
f 879 878 754
f 881 879 880
f 879 756 880
f 879 755 756
f 757 882 756
f 756 882 880
f 758 882 757
f 884 883 766
f 766 883 765
f 766 743 865
f 766 865 884
f 885 881 880
f 885 880 882
f 885 882 886
f 886 882 758
f 767 886 758
f 887 886 767
f 888 767 768
f 888 887 767
f 889 768 769
f 889 888 768
f 890 769 770
f 890 889 769
f 891 770 771
f 891 890 770
f 892 771 772
f 892 891 771
f 772 765 883
f 772 883 892
f 894 893 773
f 894 773 774
f 773 895 775
f 893 895 773
f 775 896 776
f 895 896 775
f 776 897 777
f 896 897 776
f 777 898 778
f 897 898 777
f 778 899 779
f 898 899 778
f 779 900 780
f 899 900 779
f 780 901 781
f 900 901 780
f 781 902 782
f 901 902 781
f 782 903 783
f 902 903 782
f 783 904 784
f 903 904 783
f 784 905 785
f 904 905 784
f 785 906 786
f 905 906 785
f 786 907 787
f 906 907 786
f 787 908 788
f 907 908 787
f 788 909 789
f 908 909 788
f 789 910 790
f 909 910 789
f 790 911 791
f 910 911 790
f 791 912 792
f 911 912 791
f 792 913 793
f 912 913 792
f 793 914 794
f 913 914 793
f 794 915 795
f 914 915 794
f 795 916 796
f 915 916 795
f 796 917 797
f 916 917 796
f 797 918 798
f 917 918 797
f 798 919 799
f 918 919 798
f 799 920 800
f 919 920 799
f 800 921 801
f 920 921 800
f 802 801 921
f 802 921 922
f 803 894 774
f 803 923 894
f 922 924 802
f 802 924 804
f 806 804 924
f 806 924 925
f 807 923 803
f 807 926 923
f 925 809 806
f 927 809 925
f 810 926 807
f 810 928 926
f 927 812 809
f 929 812 927
f 813 928 810
f 813 930 928
f 932 931 815
f 815 931 814
f 815 812 929
f 815 929 932
f 816 930 813
f 816 933 930
f 935 817 934
f 817 931 934
f 817 814 931
f 936 935 934
f 818 933 816
f 818 937 933
f 938 819 935
f 935 819 817
f 935 936 939
f 935 939 938
f 942 941 940
f 941 937 940
f 937 820 940
f 937 818 820
f 943 821 938
f 938 821 819
f 938 939 944
f 938 944 943
f 942 940 823
f 824 942 823
f 945 942 824
f 823 940 820
f 943 825 821
f 827 825 943
f 944 827 943
f 946 827 944
f 828 945 824
f 828 947 945
f 946 830 827
f 948 830 946
f 832 947 828
f 832 949 947
f 948 834 830
f 950 834 948
f 835 949 832
f 835 951 949
f 950 837 834
f 952 837 950
f 838 951 835
f 838 953 951
f 952 840 837
f 954 840 952
f 841 953 838
f 841 955 953
f 954 842 840
f 956 842 954
f 843 955 841
f 843 957 955
f 956 844 842
f 958 844 956
f 845 957 843
f 845 959 957
f 958 846 844
f 960 846 958
f 847 959 845
f 847 961 959
f 960 848 846
f 962 848 960
f 963 961 847
f 963 847 849
f 849 850 963
f 963 850 964
f 962 852 848
f 965 852 962
f 966 964 850
f 966 850 853
f 853 855 966
f 966 855 967
f 965 857 852
f 968 857 965
f 969 967 855
f 969 855 858
f 970 858 859
f 970 969 858
f 971 859 860
f 971 970 859
f 972 860 861
f 972 971 860
f 973 861 862
f 973 972 861
f 862 864 973
f 973 864 974
f 976 975 866
f 866 975 865
f 866 857 968
f 866 968 976
f 977 974 864
f 977 864 867
f 978 867 868
f 978 977 867
f 979 868 869
f 979 978 868
f 980 869 870
f 980 979 869
f 981 870 871
f 981 980 870
f 982 871 872
f 982 981 871
f 983 872 873
f 983 982 872
f 984 873 874
f 984 983 873
f 985 874 875
f 985 984 874
f 986 875 876
f 986 985 875
f 987 876 877
f 987 986 876
f 988 877 878
f 988 987 877
f 989 878 879
f 989 988 878
f 879 881 989
f 989 881 990
f 991 883 884
f 992 991 884
f 865 992 884
f 975 992 865
f 993 990 881
f 993 881 885
f 994 885 886
f 994 993 885
f 995 886 887
f 995 994 886
f 996 887 888
f 996 995 887
f 997 888 889
f 997 996 888
f 998 889 890
f 998 997 889
f 999 890 891
f 999 998 890
f 1000 891 892
f 1000 999 891
f 892 883 991
f 1001 892 991
f 1000 892 1001
f 1001 991 992
f 1003 1002 893
f 1003 893 894
f 893 1004 895
f 1002 1004 893
f 895 1005 896
f 1004 1005 895
f 896 1006 897
f 1005 1006 896
f 897 1007 898
f 1006 1007 897
f 898 1008 899
f 1007 1008 898
f 899 1009 900
f 1008 1009 899
f 900 1010 901
f 1009 1010 900
f 901 1011 902
f 1010 1011 901
f 902 1012 903
f 1011 1012 902
f 903 1013 904
f 1012 1013 903
f 904 1014 905
f 1013 1014 904
f 905 1015 906
f 1014 1015 905
f 906 1016 907
f 1015 1016 906
f 907 1017 908
f 1016 1017 907
f 908 1018 909
f 1017 1018 908
f 909 1019 910
f 1018 1019 909
f 910 1020 911
f 1019 1020 910
f 911 1021 912
f 1020 1021 911
f 912 1022 913
f 1021 1022 912
f 913 1023 914
f 1022 1023 913
f 914 1024 915
f 1023 1024 914
f 915 1025 916
f 1024 1025 915
f 916 1026 917
f 1025 1026 916
f 917 1027 918
f 1026 1027 917
f 918 1028 919
f 1027 1028 918
f 919 1029 920
f 1028 1029 919
f 920 1030 921
f 1029 1030 920
f 922 921 1030
f 922 1030 1031
f 923 1003 894
f 923 1032 1003
f 1031 1033 922
f 922 1033 924
f 925 924 1033
f 925 1033 1034
f 926 1032 923
f 926 1035 1032
f 1034 927 925
f 1036 927 1034
f 928 1035 926
f 928 1037 1035
f 1040 1039 1038
f 1036 1040 1038
f 929 1036 1038
f 927 1036 929
f 930 1037 928
f 930 1041 1037
f 1038 1039 932
f 1039 931 932
f 1039 1042 931
f 1038 932 929
f 933 1041 930
f 933 1043 1041
f 934 931 1044
f 931 1045 1044
f 931 1042 1045
f 1044 936 934
f 937 1043 933
f 937 1046 1043
f 1045 1047 1044
f 936 1044 1047
f 1048 936 1047
f 939 936 1048
f 1050 1049 941
f 1050 941 942
f 937 941 1046
f 1046 941 1049
f 1048 944 939
f 1051 944 1048
f 945 1050 942
f 945 1052 1050
f 1051 946 944
f 1053 946 1051
f 947 1052 945
f 947 1054 1052
f 1053 948 946
f 1055 948 1053
f 949 1054 947
f 949 1056 1054
f 1055 950 948
f 1057 950 1055
f 951 1059 1058
f 1056 951 1058
f 949 951 1056
f 1059 1060 1058
f 1057 952 950
f 1061 952 1057
f 1063 1062 1059
f 951 1063 1059
f 953 1063 951
f 1059 1062 1060
f 1061 954 952
f 1064 954 1061
f 955 1063 953
f 955 1065 1063
f 1064 956 954
f 1066 956 1064
f 957 1065 955
f 957 1067 1065
f 1066 958 956
f 1068 958 1066
f 959 1067 957
f 959 1069 1067
f 1068 960 958
f 1070 960 1068
f 961 1069 959
f 961 1071 1069
f 1070 962 960
f 1072 962 1070
f 1073 1071 961
f 1073 961 963
f 963 964 1073
f 1073 964 1074
f 1072 965 962
f 1075 965 1072
f 1076 1074 964
f 1076 964 966
f 1078 1077 967
f 1077 966 967
f 1077 1076 966
f 1078 1079 1077
f 1075 968 965
f 1080 968 1075
f 969 1078 967
f 1081 1079 1078
f 969 1081 1078
f 970 1081 969
f 1082 970 971
f 1082 1081 970
f 1083 971 972
f 1083 1082 971
f 1084 972 973
f 1084 1083 972
f 1086 1085 974
f 1085 973 974
f 1085 1084 973
f 1088 1087 1086
f 1086 1087 1085
f 1090 1089 1088
f 1088 1089 1087
f 1090 1091 1089
f 1093 1092 976
f 976 1092 975
f 976 968 1080
f 976 1080 1093
f 977 1086 974
f 1086 977 978
f 1086 978 1088
f 1088 978 979
f 1088 979 1090
f 1094 1091 1090
f 979 1094 1090
f 980 1094 979
f 1095 980 981
f 1095 1094 980
f 1096 981 982
f 1096 1095 981
f 1097 982 983
f 1097 1096 982
f 1098 983 984
f 1098 1097 983
f 1099 984 985
f 1099 1098 984
f 1100 985 986
f 1100 1099 985
f 1101 986 987
f 1101 1100 986
f 1102 987 988
f 1102 1101 987
f 1103 988 989
f 1103 1102 988
f 989 990 1103
f 1103 990 1104
f 1092 992 975
f 1105 992 1092
f 1106 1104 990
f 1106 990 993
f 1107 993 994
f 1107 1106 993
f 1109 1107 1108
f 1107 995 1108
f 1107 994 995
f 996 1110 995
f 995 1110 1108
f 997 1111 996
f 996 1111 1110
f 998 1112 997
f 997 1112 1111
f 1112 998 1113
f 998 1114 1113
f 998 999 1114
f 1115 999 1000
f 1115 1114 999
f 1116 1000 1001
f 1116 1115 1000
f 1001 992 1105
f 1001 1105 1116
f 1117 1109 1108
f 1117 1108 1110
f 1117 1110 1118
f 1118 1110 1111
f 1118 1111 1119
f 1119 1111 1112
f 1119 1112 1120
f 1120 1112 1113
f 1122 1121 1002
f 1122 1002 1003
f 1002 1123 1004
f 1121 1123 1002
f 1004 1124 1005
f 1123 1124 1004
f 1005 1125 1006
f 1124 1125 1005
f 1006 1126 1007
f 1125 1126 1006
f 1007 1127 1008
f 1126 1127 1007
f 1008 1128 1009
f 1127 1128 1008
f 1009 1129 1010
f 1128 1129 1009
f 1010 1130 1011
f 1129 1130 1010
f 1011 1131 1012
f 1130 1131 1011
f 1012 1132 1013
f 1131 1132 1012
f 1013 1133 1014
f 1132 1133 1013
f 1014 1134 1015
f 1133 1134 1014
f 1015 1135 1016
f 1134 1135 1015
f 1016 1136 1017
f 1135 1136 1016
f 1017 1137 1018
f 1136 1137 1017
f 1018 1138 1019
f 1137 1138 1018
f 1019 1139 1020
f 1138 1139 1019
f 1020 1140 1021
f 1139 1140 1020
f 1021 1141 1022
f 1140 1141 1021
f 1022 1142 1023
f 1141 1142 1022
f 1023 1143 1024
f 1142 1143 1023
f 1024 1144 1025
f 1143 1144 1024
f 1025 1145 1026
f 1144 1145 1025
f 1026 1146 1027
f 1145 1146 1026
f 1027 1147 1028
f 1146 1147 1027
f 1028 1148 1029
f 1147 1148 1028
f 1029 1149 1030
f 1148 1149 1029
f 1031 1030 1149
f 1031 1149 1150
f 1032 1122 1003
f 1032 1151 1122
f 1150 1152 1031
f 1031 1152 1033
f 1034 1033 1152
f 1034 1152 1153
f 1035 1151 1032
f 1035 1154 1151
f 1153 1036 1034
f 1155 1036 1153
f 1037 1154 1035
f 1037 1156 1154
f 1158 1157 1040
f 1040 1157 1039
f 1040 1036 1155
f 1040 1155 1158
f 1041 1156 1037
f 1041 1159 1156
f 1157 1042 1039
f 1160 1042 1157
f 1043 1159 1041
f 1043 1161 1159
f 1160 1045 1042
f 1162 1045 1160
f 1046 1161 1043
f 1046 1163 1161
f 1047 1045 1164
f 1045 1165 1164
f 1045 1162 1165
f 1164 1048 1047
f 1167 1166 1049
f 1167 1049 1050
f 1046 1049 1163
f 1163 1049 1166
f 1164 1165 1168
f 1168 1165 1169
f 1168 1051 1048
f 1168 1048 1164
f 1052 1167 1050
f 1052 1170 1167
f 1169 1171 1168
f 1051 1168 1171
f 1172 1051 1171
f 1053 1051 1172
f 1054 1170 1052
f 1054 1173 1170
f 1172 1055 1053
f 1174 1055 1172
f 1056 1176 1175
f 1173 1056 1175
f 1054 1056 1173
f 1176 1177 1175
f 1174 1057 1055
f 1178 1057 1174
f 1058 1176 1056
f 1058 1060 1176
f 1060 1177 1176
f 1060 1179 1177
f 1178 1061 1057
f 1180 1061 1178
f 1063 1181 1062
f 1181 1182 1062
f 1182 1060 1062
f 1182 1179 1060
f 1180 1064 1061
f 1183 1064 1180
f 1185 1184 1181
f 1063 1185 1181
f 1065 1185 1063
f 1181 1184 1182
f 1183 1066 1064
f 1186 1066 1183
f 1067 1185 1065
f 1067 1187 1185
f 1186 1068 1066
f 1188 1068 1186
f 1069 1190 1189
f 1187 1069 1189
f 1067 1069 1187
f 1190 1191 1189
f 1188 1070 1068
f 1192 1070 1188
f 1071 1193 1190
f 1071 1190 1069
f 1191 1190 1194
f 1194 1190 1193
f 1192 1072 1070
f 1195 1072 1192
f 1073 1193 1071
f 1197 1196 1074
f 1074 1196 1073
f 1196 1194 1073
f 1194 1193 1073
f 1199 1198 1197
f 1197 1198 1196
f 1199 1200 1198
f 1195 1075 1072
f 1201 1075 1195
f 1076 1197 1074
f 1197 1076 1077
f 1197 1077 1199
f 1203 1202 1079
f 1079 1202 1077
f 1202 1200 1077
f 1200 1199 1077
f 1205 1204 1203
f 1203 1204 1202
f 1207 1206 1205
f 1205 1206 1204
f 1209 1208 1207
f 1207 1208 1206
f 1211 1210 1209
f 1209 1210 1208
f 1213 1212 1211
f 1211 1212 1210
f 1215 1214 1213
f 1213 1214 1212
f 1217 1216 1215
f 1215 1216 1214
f 1217 1218 1216
f 1221 1220 1219
f 1223 1222 1219
f 1219 1222 1221
f 1225 1224 1223
f 1223 1224 1222
f 1227 1226 1225
f 1225 1226 1224
f 1229 1228 1227
f 1227 1228 1226
f 1229 1230 1228
f 1201 1080 1075
f 1231 1080 1201
f 1081 1203 1079
f 1203 1081 1082
f 1203 1082 1205
f 1205 1082 1083
f 1205 1083 1207
f 1207 1083 1084
f 1207 1084 1209
f 1209 1084 1085
f 1209 1085 1211
f 1211 1085 1087
f 1211 1087 1213
f 1213 1087 1089
f 1213 1089 1215
f 1215 1089 1091
f 1232 1215 1091
f 1217 1215 1232
f 1218 1217 1233
f 1217 1234 1233
f 1217 1232 1234
f 1233 1234 1220
f 1234 1219 1220
f 1234 1235 1219
f 1219 1236 1223
f 1219 1235 1236
f 1223 1237 1225
f 1223 1236 1237
f 1225 1238 1227
f 1225 1237 1238
f 1227 1239 1229
f 1227 1238 1239
f 1230 1229 1240
f 1229 1241 1240
f 1229 1239 1241
f 1243 1242 1241
f 1241 1242 1240
f 1243 1244 1242
f 1245 1092 1093
f 1246 1245 1093
f 1080 1246 1093
f 1231 1246 1080
f 1094 1232 1091
f 1232 1094 1095
f 1232 1095 1234
f 1234 1095 1096
f 1234 1096 1235
f 1235 1096 1097
f 1235 1097 1236
f 1236 1097 1098
f 1236 1098 1237
f 1237 1098 1099
f 1237 1099 1238
f 1238 1099 1100
f 1238 1100 1239
f 1239 1100 1101
f 1239 1101 1241
f 1241 1101 1102
f 1241 1102 1243
f 1247 1244 1243
f 1102 1247 1243
f 1103 1247 1102
f 1103 1104 1247
f 1247 1104 1248
f 1250 1249 1245
f 1249 1092 1245
f 1249 1105 1092
f 1250 1245 1246
f 1251 1248 1104
f 1251 1104 1106
f 1253 1251 1252
f 1251 1107 1252
f 1251 1106 1107
f 1109 1252 1107
f 1255 1254 1114
f 1114 1254 1113
f 1256 1114 1115
f 1256 1255 1114
f 1257 1115 1116
f 1257 1256 1115
f 1116 1105 1249
f 1116 1249 1257
f 1258 1253 1252
f 1258 1252 1109
f 1117 1258 1109
f 1259 1258 1117
f 1260 1117 1118
f 1260 1259 1117
f 1261 1118 1119
f 1261 1260 1118
f 1262 1119 1120
f 1262 1261 1119
f 1120 1113 1254
f 1120 1254 1262
f 1264 1263 1121
f 1264 1121 1122
f 1121 1265 1123
f 1263 1265 1121
f 1123 1266 1124
f 1265 1266 1123
f 1124 1267 1125
f 1266 1267 1124
f 1125 1268 1126
f 1267 1268 1125
f 1126 1269 1127
f 1268 1269 1126
f 1127 1270 1128
f 1269 1270 1127
f 1128 1271 1129
f 1270 1271 1128
f 1129 1272 1130
f 1271 1272 1129
f 1130 1273 1131
f 1272 1273 1130
f 1131 1274 1132
f 1273 1274 1131
f 1132 1275 1133
f 1274 1275 1132
f 1133 1276 1134
f 1275 1276 1133
f 1134 1277 1135
f 1276 1277 1134
f 1135 1278 1136
f 1277 1278 1135
f 1136 1279 1137
f 1278 1279 1136
f 1137 1280 1138
f 1279 1280 1137
f 1138 1281 1139
f 1280 1281 1138
f 1139 1282 1140
f 1281 1282 1139
f 1140 1283 1141
f 1282 1283 1140
f 1141 1284 1142
f 1283 1284 1141
f 1142 1285 1143
f 1284 1285 1142
f 1143 1286 1144
f 1285 1286 1143
f 1144 1287 1145
f 1286 1287 1144
f 1145 1288 1146
f 1287 1288 1145
f 1146 1289 1147
f 1288 1289 1146
f 1147 1290 1148
f 1289 1290 1147
f 1148 1291 1149
f 1290 1291 1148
f 1150 1149 1291
f 1150 1291 1292
f 1151 1264 1122
f 1151 1293 1264
f 1292 1294 1150
f 1150 1294 1152
f 1153 1152 1294
f 1153 1294 1295
f 1154 1293 1151
f 1154 1296 1293
f 1299 1298 1297
f 1295 1299 1297
f 1155 1295 1297
f 1153 1295 1155
f 1156 1296 1154
f 1156 1300 1296
f 1297 1298 1158
f 1298 1157 1158
f 1298 1301 1157
f 1297 1158 1155
f 1159 1300 1156
f 1159 1302 1300
f 1301 1160 1157
f 1303 1160 1301
f 1161 1302 1159
f 1161 1304 1302
f 1303 1162 1160
f 1305 1162 1303
f 1163 1304 1161
f 1163 1306 1304
f 1305 1165 1162
f 1307 1165 1305
f 1167 1308 1166
f 1308 1309 1166
f 1309 1163 1166
f 1309 1306 1163
f 1307 1169 1165
f 1310 1169 1307
f 1312 1311 1308
f 1167 1312 1308
f 1170 1312 1167
f 1308 1311 1309
f 1171 1169 1313
f 1169 1314 1313
f 1169 1310 1314
f 1313 1172 1171
f 1173 1312 1170
f 1173 1315 1312
f 1314 1316 1313
f 1172 1313 1316
f 1317 1172 1316
f 1174 1172 1317
f 1318 1315 1173
f 1318 1173 1175
f 1175 1177 1318
f 1318 1177 1319
f 1317 1178 1174
f 1320 1178 1317
f 1179 1322 1321
f 1319 1179 1321
f 1177 1179 1319
f 1324 1323 1322
f 1322 1323 1321
f 1324 1325 1323
f 1328 1327 1326
f 1330 1329 1326
f 1326 1329 1328
f 1332 1331 1330
f 1330 1331 1329
f 1334 1333 1332
f 1332 1333 1331
f 1336 1335 1334
f 1334 1335 1333
f 1338 1337 1336
f 1336 1337 1335
f 1340 1339 1338
f 1338 1339 1337
f 1342 1341 1340
f 1340 1341 1339
f 1342 1343 1341
f 1320 1180 1178
f 1344 1180 1320
f 1182 1345 1322
f 1182 1322 1179
f 1347 1324 1346
f 1324 1345 1346
f 1324 1322 1345
f 1324 1347 1325
f 1350 1349 1348
f 1350 1348 1327
f 1348 1326 1327
f 1348 1351 1326
f 1326 1352 1330
f 1326 1351 1352
f 1330 1353 1332
f 1330 1352 1353
f 1332 1354 1334
f 1332 1353 1354
f 1334 1355 1336
f 1334 1354 1355
f 1336 1356 1338
f 1336 1355 1356
f 1338 1357 1340
f 1338 1356 1357
f 1340 1358 1342
f 1340 1357 1358
f 1343 1342 1359
f 1359 1342 1358
f 1344 1183 1180
f 1360 1183 1344
f 1185 1361 1184
f 1345 1182 1184
f 1361 1345 1184
f 1362 1345 1361
f 1346 1345 1363
f 1363 1345 1362
f 1349 1364 1348
f 1348 1364 1351
f 1351 1364 1365
f 1367 1366 1365
f 1366 1351 1365
f 1366 1352 1351
f 1352 1368 1353
f 1352 1366 1368
f 1353 1369 1354
f 1353 1368 1369
f 1354 1370 1355
f 1354 1369 1370
f 1355 1371 1356
f 1355 1370 1371
f 1356 1372 1357
f 1356 1371 1372
f 1357 1373 1358
f 1357 1372 1373
f 1359 1358 1374
f 1374 1358 1373
f 1360 1186 1183
f 1375 1186 1360
f 1187 1376 1361
f 1187 1361 1185
f 1361 1377 1362
f 1361 1376 1377
f 1363 1362 1378
f 1362 1379 1378
f 1362 1377 1379
f 1379 1380 1378
f 1366 1367 1381
f 1381 1367 1382
f 1366 1383 1368
f 1366 1381 1383
f 1368 1384 1369
f 1368 1383 1384
f 1369 1385 1370
f 1369 1384 1385
f 1370 1386 1371
f 1370 1385 1386
f 1371 1387 1372
f 1371 1386 1387
f 1372 1388 1373
f 1372 1387 1388
f 1374 1373 1389
f 1373 1390 1389
f 1373 1388 1390
f 1390 1391 1389
f 1375 1188 1186
f 1392 1188 1375
f 1189 1376 1187
f 1376 1189 1191
f 1393 1376 1191
f 1377 1376 1393
f 1377 1394 1379
f 1377 1393 1394
f 1380 1379 1395
f 1379 1396 1395
f 1379 1394 1396
f 1398 1397 1396
f 1396 1397 1395
f 1400 1399 1398
f 1398 1399 1397
f 1402 1401 1400
f 1400 1401 1399
f 1404 1403 1402
f 1402 1403 1401
f 1406 1405 1404
f 1404 1405 1403
f 1405 1406 1382
f 1406 1381 1382
f 1406 1407 1381
f 1381 1408 1383
f 1381 1407 1408
f 1383 1409 1384
f 1383 1408 1409
f 1384 1410 1385
f 1384 1409 1410
f 1385 1411 1386
f 1385 1410 1411
f 1386 1412 1387
f 1386 1411 1412
f 1387 1413 1388
f 1387 1412 1413
f 1388 1414 1390
f 1388 1413 1414
f 1391 1390 1415
f 1415 1390 1414
f 1392 1192 1188
f 1416 1192 1392
f 1194 1417 1393
f 1194 1393 1191
f 1393 1418 1394
f 1393 1417 1418
f 1394 1419 1396
f 1394 1418 1419
f 1396 1420 1398
f 1396 1419 1420
f 1398 1421 1400
f 1398 1420 1421
f 1400 1422 1402
f 1400 1421 1422
f 1402 1423 1404
f 1402 1422 1423
f 1404 1424 1406
f 1404 1423 1424
f 1406 1425 1407
f 1406 1424 1425
f 1407 1426 1408
f 1407 1425 1426
f 1408 1427 1409
f 1408 1426 1427
f 1409 1428 1410
f 1409 1427 1428
f 1410 1429 1411
f 1410 1428 1429
f 1411 1430 1412
f 1411 1429 1430
f 1412 1431 1413
f 1412 1430 1431
f 1413 1432 1414
f 1413 1431 1432
f 1415 1414 1433
f 1414 1434 1433
f 1414 1432 1434
f 1434 1435 1433
f 1416 1195 1192
f 1436 1195 1416
f 1196 1417 1194
f 1417 1196 1198
f 1417 1198 1418
f 1418 1198 1200
f 1437 1418 1200
f 1419 1418 1437
f 1419 1438 1420
f 1419 1437 1438
f 1420 1439 1421
f 1420 1438 1439
f 1421 1440 1422
f 1421 1439 1440
f 1422 1441 1423
f 1422 1440 1441
f 1423 1442 1424
f 1423 1441 1442
f 1424 1443 1425
f 1424 1442 1443
f 1425 1444 1426
f 1425 1443 1444
f 1426 1445 1427
f 1426 1444 1445
f 1427 1446 1428
f 1427 1445 1446
f 1428 1447 1429
f 1428 1446 1447
f 1429 1448 1430
f 1429 1447 1448
f 1430 1449 1431
f 1430 1448 1449
f 1431 1450 1432
f 1431 1449 1450
f 1432 1451 1434
f 1432 1450 1451
f 1435 1434 1452
f 1452 1434 1451
f 1436 1201 1195
f 1453 1201 1436
f 1202 1437 1200
f 1437 1202 1204
f 1437 1204 1438
f 1438 1204 1206
f 1438 1206 1439
f 1439 1206 1208
f 1439 1208 1440
f 1440 1208 1210
f 1440 1210 1441
f 1441 1210 1212
f 1441 1212 1442
f 1442 1212 1214
f 1442 1214 1443
f 1443 1214 1216
f 1443 1216 1444
f 1444 1216 1218
f 1454 1444 1218
f 1445 1444 1454
f 1454 1220 1221
f 1446 1454 1221
f 1445 1454 1446
f 1446 1221 1222
f 1446 1222 1447
f 1447 1222 1224
f 1447 1224 1448
f 1448 1224 1226
f 1448 1226 1449
f 1449 1226 1228
f 1449 1228 1450
f 1450 1228 1230
f 1455 1450 1230
f 1451 1450 1455
f 1452 1451 1456
f 1451 1457 1456
f 1451 1455 1457
f 1457 1458 1456
f 1453 1231 1201
f 1459 1231 1453
f 1233 1454 1218
f 1454 1233 1220
f 1240 1455 1230
f 1455 1240 1242
f 1455 1242 1457
f 1461 1460 1244
f 1244 1460 1242
f 1460 1458 1242
f 1458 1457 1242
f 1461 1462 1460
f 1459 1246 1231
f 1463 1246 1459
f 1247 1461 1244
f 1247 1248 1461
f 1248 1462 1461
f 1248 1464 1462
f 1466 1465 1250
f 1250 1465 1249
f 1250 1246 1463
f 1250 1463 1466
f 1467 1464 1248
f 1467 1248 1251
f 1251 1253 1467
f 1467 1253 1468
f 1469 1254 1255
f 1469 1255 1470
f 1255 1471 1470
f 1255 1256 1471
f 1472 1256 1257
f 1472 1471 1256
f 1257 1249 1465
f 1257 1465 1472
f 1473 1468 1253
f 1473 1253 1258
f 1474 1258 1259
f 1474 1473 1258
f 1475 1259 1260
f 1475 1474 1259
f 1476 1260 1261
f 1476 1475 1260
f 1477 1261 1262
f 1477 1476 1261
f 1262 1254 1469
f 1478 1262 1469
f 1477 1262 1478
f 1478 1469 1470
f 1480 1479 1263
f 1480 1263 1264
f 1263 1481 1265
f 1479 1481 1263
f 1265 1482 1266
f 1481 1482 1265
f 1266 1483 1267
f 1482 1483 1266
f 1267 1484 1268
f 1483 1484 1267
f 1268 1485 1269
f 1484 1485 1268
f 1269 1486 1270
f 1485 1486 1269
f 1270 1487 1271
f 1486 1487 1270
f 1271 1488 1272
f 1487 1488 1271
f 1272 1489 1273
f 1488 1489 1272
f 1273 1490 1274
f 1489 1490 1273
f 1274 1491 1275
f 1490 1491 1274
f 1275 1492 1276
f 1491 1492 1275
f 1276 1493 1277
f 1492 1493 1276
f 1277 1494 1278
f 1493 1494 1277
f 1278 1495 1279
f 1494 1495 1278
f 1279 1496 1280
f 1495 1496 1279
f 1280 1497 1281
f 1496 1497 1280
f 1281 1498 1282
f 1497 1498 1281
f 1282 1499 1283
f 1498 1499 1282
f 1283 1500 1284
f 1499 1500 1283
f 1284 1501 1285
f 1500 1501 1284
f 1285 1502 1286
f 1501 1502 1285
f 1286 1503 1287
f 1502 1503 1286
f 1287 1504 1288
f 1503 1504 1287
f 1288 1505 1289
f 1504 1505 1288
f 1289 1506 1290
f 1505 1506 1289
f 1290 1507 1291
f 1506 1507 1290
f 1292 1291 1507
f 1292 1507 1508
f 1293 1480 1264
f 1293 1509 1480
f 1294 1292 1510
f 1292 1511 1510
f 1292 1508 1511
f 1510 1295 1294
f 1296 1509 1293
f 1296 1512 1509
f 1510 1511 1299
f 1511 1298 1299
f 1511 1513 1298
f 1510 1299 1295
f 1300 1512 1296
f 1300 1514 1512
f 1513 1301 1298
f 1515 1301 1513
f 1302 1514 1300
f 1302 1516 1514
f 1515 1303 1301
f 1517 1303 1515
f 1304 1516 1302
f 1304 1518 1516
f 1517 1305 1303
f 1519 1305 1517
f 1306 1518 1304
f 1306 1520 1518
f 1519 1307 1305
f 1521 1307 1519
f 1309 1520 1306
f 1309 1522 1520
f 1521 1310 1307
f 1523 1310 1521
f 1525 1524 1311
f 1525 1311 1312
f 1309 1311 1522
f 1522 1311 1524
f 1523 1314 1310
f 1526 1314 1523
f 1315 1525 1312
f 1315 1527 1525
f 1526 1528 1314
f 1314 1528 1316
f 1317 1316 1528
f 1317 1528 1529
f 1530 1527 1315
f 1530 1315 1318
f 1318 1319 1530
f 1530 1319 1531
f 1529 1320 1317
f 1532 1320 1529
f 1533 1531 1319
f 1533 1319 1321
f 1534 1321 1323
f 1534 1533 1321
f 1536 1535 1325
f 1535 1323 1325
f 1535 1534 1323
f 1538 1537 1536
f 1536 1537 1535
f 1540 1539 1538
f 1538 1539 1537
f 1542 1541 1540
f 1540 1541 1539
f 1544 1543 1542
f 1542 1543 1541
f 1327 1328 1544
f 1328 1543 1544
f 1328 1545 1543
f 1546 1328 1329
f 1546 1545 1328
f 1547 1329 1331
f 1547 1546 1329
f 1548 1331 1333
f 1548 1547 1331
f 1549 1333 1335
f 1549 1548 1333
f 1550 1335 1337
f 1550 1549 1335
f 1551 1337 1339
f 1551 1550 1337
f 1552 1339 1341
f 1552 1551 1339
f 1554 1553 1343
f 1553 1341 1343
f 1553 1552 1341
f 1556 1555 1554
f 1554 1555 1553
f 1558 1557 1556
f 1556 1557 1555
f 1558 1559 1557
f 1532 1344 1320
f 1560 1344 1532
f 1346 1561 1347
f 1536 1325 1347
f 1561 1536 1347
f 1562 1536 1561
f 1536 1563 1538
f 1536 1562 1563
f 1538 1564 1540
f 1538 1563 1564
f 1540 1565 1542
f 1540 1564 1565
f 1565 1349 1350
f 1544 1565 1350
f 1542 1565 1544
f 1544 1350 1327
f 1359 1566 1554
f 1359 1554 1343
f 1554 1567 1556
f 1554 1566 1567
f 1556 1568 1558
f 1556 1567 1568
f 1559 1558 1569
f 1569 1558 1568
f 1560 1360 1344
f 1570 1360 1560
f 1363 1571 1561
f 1363 1561 1346
f 1561 1572 1562
f 1561 1571 1572
f 1562 1573 1563
f 1562 1572 1573
f 1563 1574 1564
f 1563 1573 1574
f 1564 1575 1565
f 1564 1574 1575
f 1576 1364 1349
f 1565 1576 1349
f 1575 1576 1565
f 1577 1365 1364
f 1577 1364 1576
f 1577 1367 1365
f 1374 1578 1566
f 1374 1566 1359
f 1566 1579 1567
f 1566 1578 1579
f 1581 1568 1580
f 1568 1579 1580
f 1568 1567 1579
f 1568 1581 1569
f 1570 1375 1360
f 1582 1375 1570
f 1378 1571 1363
f 1571 1378 1380
f 1583 1571 1380
f 1572 1571 1583
f 1572 1584 1573
f 1572 1583 1584
f 1573 1585 1574
f 1573 1584 1585
f 1574 1586 1575
f 1574 1585 1586
f 1575 1587 1576
f 1575 1586 1587
f 1576 1588 1577
f 1576 1587 1588
f 1588 1382 1367
f 1588 1367 1577
f 1389 1578 1374
f 1578 1389 1391
f 1589 1578 1391
f 1579 1578 1589
f 1580 1579 1590
f 1590 1579 1589
f 1582 1392 1375
f 1591 1392 1582
f 1395 1583 1380
f 1583 1395 1397
f 1583 1397 1584
f 1584 1397 1399
f 1584 1399 1585
f 1585 1399 1401
f 1585 1401 1586
f 1586 1401 1403
f 1586 1403 1587
f 1587 1403 1405
f 1587 1405 1588
f 1588 1405 1382
f 1415 1592 1589
f 1415 1589 1391
f 1590 1589 1593
f 1593 1589 1592
f 1591 1416 1392
f 1594 1416 1591
f 1433 1592 1415
f 1433 1435 1592
f 1435 1593 1592
f 1435 1595 1593
f 1594 1436 1416
f 1596 1436 1594
f 1452 1598 1597
f 1595 1452 1597
f 1435 1452 1595
f 1598 1599 1597
f 1596 1453 1436
f 1600 1453 1596
f 1456 1598 1452
f 1456 1458 1598
f 1458 1599 1598
f 1458 1601 1599
f 1600 1459 1453
f 1602 1459 1600
f 1603 1601 1458
f 1603 1458 1460
f 1460 1462 1603
f 1603 1462 1604
f 1602 1463 1459
f 1605 1463 1602
f 1464 1604 1462
f 1464 1606 1604
f 1608 1607 1466
f 1466 1607 1465
f 1466 1463 1605
f 1466 1605 1608
f 1609 1606 1464
f 1609 1464 1467
f 1467 1468 1609
f 1609 1468 1610
f 1612 1611 1471
f 1471 1611 1470
f 1613 1471 1472
f 1613 1612 1471
f 1472 1465 1607
f 1472 1607 1613
f 1614 1610 1468
f 1614 1468 1473
f 1615 1473 1474
f 1615 1614 1473
f 1616 1474 1475
f 1616 1615 1474
f 1617 1475 1476
f 1617 1616 1475
f 1618 1476 1477
f 1618 1617 1476
f 1619 1477 1478
f 1619 1618 1477
f 1478 1470 1611
f 1478 1611 1619
f 1621 1620 1479
f 1621 1479 1480
f 1479 1622 1481
f 1620 1622 1479
f 1481 1623 1482
f 1622 1623 1481
f 1482 1624 1483
f 1623 1624 1482
f 1483 1625 1484
f 1624 1625 1483
f 1484 1626 1485
f 1625 1626 1484
f 1485 1627 1486
f 1626 1627 1485
f 1486 1628 1487
f 1627 1628 1486
f 1487 1629 1488
f 1628 1629 1487
f 1488 1630 1489
f 1629 1630 1488
f 1489 1631 1490
f 1630 1631 1489
f 1490 1632 1491
f 1631 1632 1490
f 1491 1633 1492
f 1632 1633 1491
f 1492 1634 1493
f 1633 1634 1492
f 1493 1635 1494
f 1634 1635 1493
f 1494 1636 1495
f 1635 1636 1494
f 1495 1637 1496
f 1636 1637 1495
f 1496 1638 1497
f 1637 1638 1496
f 1497 1639 1498
f 1638 1639 1497
f 1498 1640 1499
f 1639 1640 1498
f 1499 1641 1500
f 1640 1641 1499
f 1500 1642 1501
f 1641 1642 1500
f 1501 1643 1502
f 1642 1643 1501
f 1502 1644 1503
f 1643 1644 1502
f 1503 1645 1504
f 1644 1645 1503
f 1504 1646 1505
f 1645 1646 1504
f 1505 1647 1506
f 1646 1647 1505
f 1506 1648 1507
f 1647 1648 1506
f 1508 1507 1648
f 1508 1648 1649
f 1509 1621 1480
f 1509 1650 1621
f 1649 1511 1508
f 1651 1511 1649
f 1512 1650 1509
f 1512 1652 1650
f 1651 1513 1511
f 1653 1513 1651
f 1514 1652 1512
f 1514 1654 1652
f 1653 1515 1513
f 1655 1515 1653
f 1516 1654 1514
f 1516 1656 1654
f 1655 1517 1515
f 1657 1517 1655
f 1518 1656 1516
f 1518 1658 1656
f 1657 1519 1517
f 1659 1519 1657
f 1520 1658 1518
f 1520 1660 1658
f 1659 1521 1519
f 1661 1521 1659
f 1664 1663 1662
f 1663 1660 1662
f 1660 1522 1662
f 1660 1520 1522
f 1661 1523 1521
f 1665 1523 1661
f 1664 1662 1524
f 1525 1664 1524
f 1666 1664 1525
f 1524 1662 1522
f 1665 1526 1523
f 1667 1526 1665
f 1527 1666 1525
f 1527 1668 1666
f 1667 1669 1526
f 1526 1669 1528
f 1529 1528 1669
f 1529 1669 1670
f 1527 1530 1671
f 1672 1527 1671
f 1668 1527 1672
f 1531 1671 1530
f 1670 1532 1529
f 1673 1532 1670
f 1674 1672 1671
f 1674 1671 1531
f 1533 1674 1531
f 1675 1674 1533
f 1676 1533 1534
f 1676 1675 1533
f 1677 1534 1535
f 1677 1676 1534
f 1678 1535 1537
f 1678 1677 1535
f 1679 1537 1539
f 1679 1678 1537
f 1680 1539 1541
f 1680 1679 1539
f 1681 1541 1543
f 1681 1680 1541
f 1682 1543 1545
f 1682 1681 1543
f 1683 1545 1546
f 1683 1682 1545
f 1684 1546 1547
f 1684 1683 1546
f 1685 1547 1548
f 1685 1684 1547
f 1686 1548 1549
f 1686 1685 1548
f 1687 1549 1550
f 1687 1686 1549
f 1688 1550 1551
f 1688 1687 1550
f 1689 1551 1552
f 1689 1688 1551
f 1690 1552 1553
f 1690 1689 1552
f 1691 1553 1555
f 1691 1690 1553
f 1692 1555 1557
f 1692 1691 1555
f 1557 1559 1692
f 1692 1559 1693
f 1673 1560 1532
f 1694 1560 1673
f 1569 1693 1559
f 1569 1695 1693
f 1694 1570 1560
f 1696 1570 1694
f 1698 1697 1581
f 1698 1581 1580
f 1569 1581 1695
f 1695 1581 1697
f 1696 1582 1570
f 1699 1582 1696
f 1590 1698 1580
f 1590 1700 1698
f 1699 1591 1582
f 1701 1591 1699
f 1593 1700 1590
f 1593 1702 1700
f 1701 1594 1591
f 1703 1594 1701
f 1595 1705 1704
f 1702 1595 1704
f 1593 1595 1702
f 1705 1706 1704
f 1703 1596 1594
f 1707 1596 1703
f 1597 1705 1595
f 1597 1599 1705
f 1599 1706 1705
f 1599 1708 1706
f 1707 1600 1596
f 1709 1600 1707
f 1601 1708 1599
f 1601 1710 1708
f 1709 1602 1600
f 1711 1602 1709
f 1712 1710 1601
f 1712 1601 1603
f 1603 1604 1712
f 1712 1604 1713
f 1711 1605 1602
f 1714 1605 1711
f 1606 1713 1604
f 1606 1715 1713
f 1717 1716 1608
f 1608 1716 1607
f 1608 1605 1714
f 1608 1714 1717
f 1718 1715 1606
f 1718 1606 1609
f 1609 1610 1718
f 1718 1610 1719
f 1721 1720 1612
f 1612 1720 1611
f 1722 1612 1613
f 1722 1721 1612
f 1613 1607 1716
f 1613 1716 1722
f 1723 1719 1610
f 1723 1610 1614
f 1724 1614 1615
f 1724 1723 1614
f 1725 1615 1616
f 1725 1724 1615
f 1726 1616 1617
f 1726 1725 1616
f 1727 1617 1618
f 1727 1726 1617
f 1728 1618 1619
f 1728 1727 1618
f 1619 1611 1720
f 1619 1720 1728
f 1730 1729 1620
f 1730 1620 1621
f 1620 1731 1622
f 1729 1731 1620
f 1622 1732 1623
f 1731 1732 1622
f 1623 1733 1624
f 1732 1733 1623
f 1624 1734 1625
f 1733 1734 1624
f 1625 1735 1626
f 1734 1735 1625
f 1626 1736 1627
f 1735 1736 1626
f 1627 1737 1628
f 1736 1737 1627
f 1628 1738 1629
f 1737 1738 1628
f 1629 1739 1630
f 1738 1739 1629
f 1630 1740 1631
f 1739 1740 1630
f 1631 1741 1632
f 1740 1741 1631
f 1632 1742 1633
f 1741 1742 1632
f 1633 1743 1634
f 1742 1743 1633
f 1634 1744 1635
f 1743 1744 1634
f 1635 1745 1636
f 1744 1745 1635
f 1636 1746 1637
f 1745 1746 1636
f 1637 1747 1638
f 1746 1747 1637
f 1638 1748 1639
f 1747 1748 1638
f 1639 1749 1640
f 1748 1749 1639
f 1640 1750 1641
f 1749 1750 1640
f 1641 1751 1642
f 1750 1751 1641
f 1642 1752 1643
f 1751 1752 1642
f 1643 1753 1644
f 1752 1753 1643
f 1644 1754 1645
f 1753 1754 1644
f 1645 1755 1646
f 1754 1755 1645
f 1646 1756 1647
f 1755 1756 1646
f 1647 1757 1648
f 1756 1757 1647
f 1649 1648 1757
f 1649 1757 1758
f 1650 1730 1621
f 1650 1759 1730
f 1758 1651 1649
f 1760 1651 1758
f 1652 1759 1650
f 1652 1761 1759
f 1760 1653 1651
f 1762 1653 1760
f 1654 1761 1652
f 1654 1763 1761
f 1762 1655 1653
f 1764 1655 1762
f 1656 1763 1654
f 1656 1765 1763
f 1764 1657 1655
f 1766 1657 1764
f 1658 1765 1656
f 1658 1767 1765
f 1766 1659 1657
f 1768 1659 1766
f 1660 1767 1658
f 1660 1769 1767
f 1768 1661 1659
f 1770 1661 1768
f 1772 1771 1663
f 1772 1663 1664
f 1660 1663 1769
f 1769 1663 1771
f 1770 1665 1661
f 1773 1665 1770
f 1666 1772 1664
f 1666 1774 1772
f 1773 1667 1665
f 1775 1667 1773
f 1668 1774 1666
f 1668 1776 1774
f 1775 1777 1667
f 1667 1777 1669
f 1670 1669 1777
f 1670 1777 1778
f 1672 1776 1668
f 1672 1779 1776
f 1778 1673 1670
f 1780 1673 1778
f 1781 1779 1672
f 1781 1672 1674
f 1782 1674 1675
f 1782 1781 1674
f 1783 1675 1676
f 1783 1782 1675
f 1784 1676 1677
f 1784 1783 1676
f 1785 1677 1678
f 1785 1784 1677
f 1786 1678 1679
f 1786 1785 1678
f 1787 1679 1680
f 1787 1786 1679
f 1788 1680 1681
f 1788 1787 1680
f 1789 1681 1682
f 1789 1788 1681
f 1790 1682 1683
f 1790 1789 1682
f 1791 1683 1684
f 1791 1790 1683
f 1792 1684 1685
f 1792 1791 1684
f 1793 1685 1686
f 1793 1792 1685
f 1794 1686 1687
f 1794 1793 1686
f 1795 1687 1688
f 1795 1794 1687
f 1796 1688 1689
f 1796 1795 1688
f 1797 1689 1690
f 1797 1796 1689
f 1798 1690 1691
f 1798 1797 1690
f 1799 1691 1692
f 1799 1798 1691
f 1692 1693 1799
f 1799 1693 1800
f 1780 1694 1673
f 1801 1694 1780
f 1695 1800 1693
f 1695 1802 1800
f 1801 1696 1694
f 1803 1696 1801
f 1805 1804 1697
f 1805 1697 1698
f 1695 1697 1802
f 1802 1697 1804
f 1803 1699 1696
f 1806 1699 1803
f 1700 1805 1698
f 1700 1807 1805
f 1806 1701 1699
f 1808 1701 1806
f 1702 1807 1700
f 1702 1809 1807
f 1808 1703 1701
f 1810 1703 1808
f 1811 1809 1702
f 1811 1702 1704
f 1704 1706 1811
f 1811 1706 1812
f 1810 1707 1703
f 1813 1707 1810
f 1708 1812 1706
f 1708 1814 1812
f 1813 1709 1707
f 1815 1709 1813
f 1710 1814 1708
f 1710 1816 1814
f 1815 1711 1709
f 1817 1711 1815
f 1818 1816 1710
f 1818 1710 1712
f 1712 1713 1818
f 1818 1713 1819
f 1817 1714 1711
f 1820 1714 1817
f 1715 1819 1713
f 1715 1821 1819
f 1823 1822 1717
f 1717 1822 1716
f 1717 1714 1820
f 1717 1820 1823
f 1824 1821 1715
f 1824 1715 1718
f 1718 1719 1824
f 1824 1719 1825
f 1827 1826 1721
f 1721 1826 1720
f 1828 1721 1722
f 1828 1827 1721
f 1722 1716 1822
f 1722 1822 1828
f 1829 1825 1719
f 1829 1719 1723
f 1830 1723 1724
f 1830 1829 1723
f 1831 1724 1725
f 1831 1830 1724
f 1832 1725 1726
f 1832 1831 1725
f 1833 1726 1727
f 1833 1832 1726
f 1834 1727 1728
f 1834 1833 1727
f 1728 1720 1826
f 1728 1826 1834
f 1836 1835 1729
f 1836 1729 1730
f 1729 1837 1731
f 1835 1837 1729
f 1731 1838 1732
f 1837 1838 1731
f 1732 1839 1733
f 1838 1839 1732
f 1733 1840 1734
f 1839 1840 1733
f 1734 1841 1735
f 1840 1841 1734
f 1735 1842 1736
f 1841 1842 1735
f 1736 1843 1737
f 1842 1843 1736
f 1737 1844 1738
f 1843 1844 1737
f 1738 1845 1739
f 1844 1845 1738
f 1739 1846 1740
f 1845 1846 1739
f 1740 1847 1741
f 1846 1847 1740
f 1741 1848 1742
f 1847 1848 1741
f 1742 1849 1743
f 1848 1849 1742
f 1743 1850 1744
f 1849 1850 1743
f 1744 1851 1745
f 1850 1851 1744
f 1745 1852 1746
f 1851 1852 1745
f 1746 1853 1747
f 1852 1853 1746
f 1747 1854 1748
f 1853 1854 1747
f 1748 1855 1749
f 1854 1855 1748
f 1749 1856 1750
f 1855 1856 1749
f 1750 1857 1751
f 1856 1857 1750
f 1751 1858 1752
f 1857 1858 1751
f 1752 1859 1753
f 1858 1859 1752
f 1753 1860 1754
f 1859 1860 1753
f 1754 1861 1755
f 1860 1861 1754
f 1755 1862 1756
f 1861 1862 1755
f 1756 1863 1757
f 1862 1863 1756
f 1758 1757 1863
f 1758 1863 1864
f 1759 1836 1730
f 1759 1865 1836
f 1864 1760 1758
f 1866 1760 1864
f 1761 1865 1759
f 1761 1867 1865
f 1866 1762 1760
f 1868 1762 1866
f 1763 1867 1761
f 1763 1869 1867
f 1868 1764 1762
f 1870 1764 1868
f 1765 1869 1763
f 1765 1871 1869
f 1870 1766 1764
f 1872 1766 1870
f 1767 1871 1765
f 1767 1873 1871
f 1872 1768 1766
f 1874 1768 1872
f 1769 1873 1767
f 1769 1875 1873
f 1874 1770 1768
f 1876 1770 1874
f 1878 1877 1771
f 1878 1771 1772
f 1769 1771 1875
f 1875 1771 1877
f 1876 1773 1770
f 1879 1773 1876
f 1774 1878 1772
f 1774 1880 1878
f 1879 1775 1773
f 1881 1775 1879
f 1776 1880 1774
f 1776 1882 1880
f 1881 1883 1775
f 1775 1883 1777
f 1778 1777 1883
f 1778 1883 1884
f 1779 1882 1776
f 1779 1885 1882
f 1884 1780 1778
f 1886 1780 1884
f 1887 1885 1779
f 1887 1779 1781
f 1888 1781 1782
f 1888 1887 1781
f 1889 1782 1783
f 1889 1888 1782
f 1890 1783 1784
f 1890 1889 1783
f 1891 1784 1785
f 1891 1890 1784
f 1892 1785 1786
f 1892 1891 1785
f 1893 1786 1787
f 1893 1892 1786
f 1894 1787 1788
f 1894 1893 1787
f 1895 1788 1789
f 1895 1894 1788
f 1896 1789 1790
f 1896 1895 1789
f 1897 1790 1791
f 1897 1896 1790
f 1898 1791 1792
f 1898 1897 1791
f 1899 1792 1793
f 1899 1898 1792
f 1900 1793 1794
f 1900 1899 1793
f 1901 1794 1795
f 1901 1900 1794
f 1902 1795 1796
f 1902 1901 1795
f 1903 1796 1797
f 1903 1902 1796
f 1904 1797 1798
f 1904 1903 1797
f 1905 1798 1799
f 1905 1904 1798
f 1799 1800 1905
f 1905 1800 1906
f 1886 1801 1780
f 1907 1801 1886
f 1802 1906 1800
f 1802 1908 1906
f 1907 1803 1801
f 1909 1803 1907
f 1911 1910 1804
f 1911 1804 1805
f 1802 1804 1908
f 1908 1804 1910
f 1909 1806 1803
f 1912 1806 1909
f 1807 1911 1805
f 1807 1913 1911
f 1912 1808 1806
f 1914 1808 1912
f 1809 1913 1807
f 1809 1915 1913
f 1914 1810 1808
f 1916 1810 1914
f 1917 1915 1809
f 1917 1809 1811
f 1811 1812 1917
f 1917 1812 1918
f 1916 1813 1810
f 1919 1813 1916
f 1814 1918 1812
f 1814 1920 1918
f 1919 1815 1813
f 1921 1815 1919
f 1816 1920 1814
f 1816 1922 1920
f 1921 1817 1815
f 1923 1817 1921
f 1924 1922 1816
f 1924 1816 1818
f 1818 1819 1924
f 1924 1819 1925
f 1923 1820 1817
f 1926 1820 1923
f 1821 1925 1819
f 1821 1927 1925
f 1929 1928 1823
f 1823 1928 1822
f 1823 1820 1926
f 1823 1926 1929
f 1930 1927 1821
f 1930 1821 1824
f 1824 1825 1930
f 1930 1825 1931
f 1933 1932 1827
f 1827 1932 1826
f 1934 1827 1828
f 1934 1933 1827
f 1828 1822 1928
f 1828 1928 1934
f 1935 1931 1825
f 1935 1825 1829
f 1936 1829 1830
f 1936 1935 1829
f 1937 1830 1831
f 1937 1936 1830
f 1938 1831 1832
f 1938 1937 1831
f 1939 1832 1833
f 1939 1938 1832
f 1940 1833 1834
f 1940 1939 1833
f 1834 1826 1932
f 1834 1932 1940
f 1942 1941 1835
f 1942 1835 1836
f 1835 1943 1837
f 1941 1943 1835
f 1837 1944 1838
f 1943 1944 1837
f 1838 1945 1839
f 1944 1945 1838
f 1839 1946 1840
f 1945 1946 1839
f 1840 1947 1841
f 1946 1947 1840
f 1841 1948 1842
f 1947 1948 1841
f 1842 1949 1843
f 1948 1949 1842
f 1843 1950 1844
f 1949 1950 1843
f 1844 1951 1845
f 1950 1951 1844
f 1845 1952 1846
f 1951 1952 1845
f 1846 1953 1847
f 1952 1953 1846
f 1847 1954 1848
f 1953 1954 1847
f 1848 1955 1849
f 1954 1955 1848
f 1849 1956 1850
f 1955 1956 1849
f 1850 1957 1851
f 1956 1957 1850
f 1851 1958 1852
f 1957 1958 1851
f 1852 1959 1853
f 1958 1959 1852
f 1853 1960 1854
f 1959 1960 1853
f 1854 1961 1855
f 1960 1961 1854
f 1855 1962 1856
f 1961 1962 1855
f 1856 1963 1857
f 1962 1963 1856
f 1857 1964 1858
f 1963 1964 1857
f 1858 1965 1859
f 1964 1965 1858
f 1859 1966 1860
f 1965 1966 1859
f 1860 1967 1861
f 1966 1967 1860
f 1861 1968 1862
f 1967 1968 1861
f 1862 1969 1863
f 1968 1969 1862
f 1864 1863 1969
f 1864 1969 1970
f 1865 1942 1836
f 1865 1971 1942
f 1970 1866 1864
f 1972 1866 1970
f 1867 1971 1865
f 1867 1973 1971
f 1972 1868 1866
f 1974 1868 1972
f 1869 1973 1867
f 1869 1975 1973
f 1974 1870 1868
f 1976 1870 1974
f 1871 1975 1869
f 1871 1977 1975
f 1976 1872 1870
f 1978 1872 1976
f 1873 1977 1871
f 1873 1979 1977
f 1978 1874 1872
f 1980 1874 1978
f 1875 1979 1873
f 1875 1981 1979
f 1980 1876 1874
f 1982 1876 1980
f 1984 1983 1877
f 1984 1877 1878
f 1875 1877 1981
f 1981 1877 1983
f 1982 1879 1876
f 1985 1879 1982
f 1880 1984 1878
f 1880 1986 1984
f 1988 1881 1987
f 1881 1985 1987
f 1881 1879 1985
f 1989 1988 1987
f 1882 1986 1880
f 1882 1990 1986
f 1988 1883 1881
f 1884 1883 1988
f 1989 1884 1988
f 1991 1884 1989
f 1885 1990 1882
f 1885 1992 1990
f 1991 1886 1884
f 1993 1886 1991
f 1994 1992 1885
f 1994 1885 1887
f 1995 1887 1888
f 1995 1994 1887
f 1996 1888 1889
f 1996 1995 1888
f 1997 1889 1890
f 1997 1996 1889
f 1998 1890 1891
f 1998 1997 1890
f 1999 1891 1892
f 1999 1998 1891
f 2000 1892 1893
f 2000 1999 1892
f 2001 1893 1894
f 2001 2000 1893
f 2002 1894 1895
f 2002 2001 1894
f 2003 1895 1896
f 2003 2002 1895
f 2004 1896 1897
f 2004 2003 1896
f 2005 1897 1898
f 2005 2004 1897
f 2006 1898 1899
f 2006 2005 1898
f 2007 1899 1900
f 2007 2006 1899
f 2008 1900 1901
f 2008 2007 1900
f 2009 1901 1902
f 2009 2008 1901
f 2010 1902 1903
f 2010 2009 1902
f 2011 1903 1904
f 2011 2010 1903
f 2012 1904 1905
f 2012 2011 1904
f 1905 1906 2012
f 2012 1906 2013
f 1993 1907 1886
f 2014 1907 1993
f 1908 2013 1906
f 1908 2015 2013
f 2014 1909 1907
f 2016 1909 2014
f 2018 2017 1910
f 2018 1910 1911
f 1908 1910 2015
f 2015 1910 2017
f 2016 1912 1909
f 2019 1912 2016
f 1913 2018 1911
f 1913 2020 2018
f 2019 1914 1912
f 2021 1914 2019
f 1915 2020 1913
f 1915 2022 2020
f 2021 1916 1914
f 2023 1916 2021
f 2024 2022 1915
f 2024 1915 1917
f 1917 1918 2024
f 2024 1918 2025
f 2023 1919 1916
f 2026 1919 2023
f 1920 2025 1918
f 1920 2027 2025
f 2026 1921 1919
f 2028 1921 2026
f 1922 2027 1920
f 1922 2029 2027
f 2028 1923 1921
f 2030 1923 2028
f 2031 2029 1922
f 2031 1922 1924
f 1924 1925 2031
f 2031 1925 2032
f 2030 1926 1923
f 2033 1926 2030
f 1927 2032 1925
f 1927 2034 2032
f 2036 2035 1929
f 1929 2035 1928
f 1929 1926 2033
f 1929 2033 2036
f 2037 2034 1927
f 2037 1927 1930
f 1930 1931 2037
f 2037 1931 2038
f 2040 2039 1933
f 1933 2039 1932
f 2041 1933 1934
f 2041 2040 1933
f 1934 1928 2035
f 1934 2035 2041
f 2042 2038 1931
f 2042 1931 1935
f 2043 1935 1936
f 2043 2042 1935
f 2044 1936 1937
f 2044 2043 1936
f 2045 1937 1938
f 2045 2044 1937
f 2046 1938 1939
f 2046 2045 1938
f 2047 1939 1940
f 2047 2046 1939
f 1940 1932 2039
f 1940 2039 2047
f 2049 2048 1941
f 2049 1941 1942
f 1941 2050 1943
f 2048 2050 1941
f 1943 2051 1944
f 2050 2051 1943
f 1944 2052 1945
f 2051 2052 1944
f 1945 2053 1946
f 2052 2053 1945
f 1946 2054 1947
f 2053 2054 1946
f 1947 2055 1948
f 2054 2055 1947
f 1948 2056 1949
f 2055 2056 1948
f 1949 2057 1950
f 2056 2057 1949
f 1950 2058 1951
f 2057 2058 1950
f 1951 2059 1952
f 2058 2059 1951
f 1952 2060 1953
f 2059 2060 1952
f 1953 2061 1954
f 2060 2061 1953
f 1954 2062 1955
f 2061 2062 1954
f 1955 2063 1956
f 2062 2063 1955
f 1956 2064 1957
f 2063 2064 1956
f 1957 2065 1958
f 2064 2065 1957
f 1958 2066 1959
f 2065 2066 1958
f 1959 2067 1960
f 2066 2067 1959
f 1960 2068 1961
f 2067 2068 1960
f 1961 2069 1962
f 2068 2069 1961
f 1962 2070 1963
f 2069 2070 1962
f 1963 2071 1964
f 2070 2071 1963
f 1964 2072 1965
f 2071 2072 1964
f 1965 2073 1966
f 2072 2073 1965
f 1966 2074 1967
f 2073 2074 1966
f 1967 2075 1968
f 2074 2075 1967
f 1968 2076 1969
f 2075 2076 1968
f 1970 1969 2076
f 1970 2076 2077
f 1971 2049 1942
f 1971 2078 2049
f 2077 1972 1970
f 2079 1972 2077
f 1973 2078 1971
f 1973 2080 2078
f 2079 1974 1972
f 2081 1974 2079
f 1975 2080 1973
f 1975 2082 2080
f 2081 1976 1974
f 2083 1976 2081
f 1977 2082 1975
f 1977 2084 2082
f 2083 1978 1976
f 2085 1978 2083
f 1979 2084 1977
f 1979 2086 2084
f 2085 1980 1978
f 2087 1980 2085
f 1981 2086 1979
f 1981 2088 2086
f 2087 1982 1980
f 2089 1982 2087
f 2091 2090 1983
f 2091 1983 1984
f 1981 1983 2088
f 2088 1983 2090
f 2089 1985 1982
f 2092 1985 2089
f 1986 2091 1984
f 1986 2093 2091
f 2092 2094 1985
f 1985 2094 1987
f 1989 1987 2094
f 1989 2094 2095
f 1990 2093 1986
f 1990 2096 2093
f 2095 1991 1989
f 2097 1991 2095
f 1992 2096 1990
f 1992 2098 2096
f 2097 1993 1991
f 2099 1993 2097
f 2100 2098 1992
f 2100 1992 1994
f 2101 1994 1995
f 2101 2100 1994
f 2102 1995 1996
f 2102 2101 1995
f 2103 1996 1997
f 2103 2102 1996
f 2104 1997 1998
f 2104 2103 1997
f 2105 1998 1999
f 2105 2104 1998
f 2106 1999 2000
f 2106 2105 1999
f 2107 2000 2001
f 2107 2106 2000
f 2108 2001 2002
f 2108 2107 2001
f 2109 2002 2003
f 2109 2108 2002
f 2110 2003 2004
f 2110 2109 2003
f 2111 2004 2005
f 2111 2110 2004
f 2112 2005 2006
f 2112 2111 2005
f 2113 2006 2007
f 2113 2112 2006
f 2114 2007 2008
f 2114 2113 2007
f 2115 2008 2009
f 2115 2114 2008
f 2116 2009 2010
f 2116 2115 2009
f 2117 2010 2011
f 2117 2116 2010
f 2118 2011 2012
f 2118 2117 2011
f 2012 2013 2118
f 2118 2013 2119
f 2099 2014 1993
f 2120 2014 2099
f 2015 2119 2013
f 2015 2121 2119
f 2120 2016 2014
f 2122 2016 2120
f 2124 2123 2017
f 2124 2017 2018
f 2015 2017 2121
f 2121 2017 2123
f 2122 2019 2016
f 2125 2019 2122
f 2020 2124 2018
f 2020 2126 2124
f 2125 2021 2019
f 2127 2021 2125
f 2022 2126 2020
f 2022 2128 2126
f 2127 2023 2021
f 2129 2023 2127
f 2130 2128 2022
f 2130 2022 2024
f 2024 2025 2130
f 2130 2025 2131
f 2129 2026 2023
f 2132 2026 2129
f 2027 2131 2025
f 2027 2133 2131
f 2132 2028 2026
f 2134 2028 2132
f 2029 2133 2027
f 2029 2135 2133
f 2134 2030 2028
f 2136 2030 2134
f 2137 2135 2029
f 2137 2029 2031
f 2031 2032 2137
f 2137 2032 2138
f 2136 2033 2030
f 2139 2033 2136
f 2034 2138 2032
f 2034 2140 2138
f 2142 2141 2036
f 2036 2141 2035
f 2036 2033 2139
f 2036 2139 2142
f 2143 2140 2034
f 2143 2034 2037
f 2037 2038 2143
f 2143 2038 2144
f 2146 2145 2040
f 2040 2145 2039
f 2147 2040 2041
f 2147 2146 2040
f 2041 2035 2141
f 2041 2141 2147
f 2148 2144 2038
f 2148 2038 2042
f 2149 2042 2043
f 2149 2148 2042
f 2150 2043 2044
f 2150 2149 2043
f 2151 2044 2045
f 2151 2150 2044
f 2152 2045 2046
f 2152 2151 2045
f 2153 2046 2047
f 2153 2152 2046
f 2047 2039 2145
f 2047 2145 2153
f 2155 2154 2048
f 2155 2048 2049
f 2048 2156 2050
f 2154 2156 2048
f 2050 2157 2051
f 2156 2157 2050
f 2051 2158 2052
f 2157 2158 2051
f 2052 2159 2053
f 2158 2159 2052
f 2053 2160 2054
f 2159 2160 2053
f 2054 2161 2055
f 2160 2161 2054
f 2055 2162 2056
f 2161 2162 2055
f 2056 2163 2057
f 2162 2163 2056
f 2057 2164 2058
f 2163 2164 2057
f 2058 2165 2059
f 2164 2165 2058
f 2059 2166 2060
f 2165 2166 2059
f 2060 2167 2061
f 2166 2167 2060
f 2061 2168 2062
f 2167 2168 2061
f 2062 2169 2063
f 2168 2169 2062
f 2063 2170 2064
f 2169 2170 2063
f 2064 2171 2065
f 2170 2171 2064
f 2065 2172 2066
f 2171 2172 2065
f 2066 2173 2067
f 2172 2173 2066
f 2067 2174 2068
f 2173 2174 2067
f 2068 2175 2069
f 2174 2175 2068
f 2069 2176 2070
f 2175 2176 2069
f 2070 2177 2071
f 2176 2177 2070
f 2071 2178 2072
f 2177 2178 2071
f 2072 2179 2073
f 2178 2179 2072
f 2073 2180 2074
f 2179 2180 2073
f 2074 2181 2075
f 2180 2181 2074
f 2075 2182 2076
f 2181 2182 2075
f 2077 2076 2182
f 2077 2182 2183
f 2078 2155 2049
f 2078 2184 2155
f 2183 2079 2077
f 2185 2079 2183
f 2080 2184 2078
f 2080 2186 2184
f 2185 2081 2079
f 2187 2081 2185
f 2082 2186 2080
f 2082 2188 2186
f 2187 2083 2081
f 2189 2083 2187
f 2084 2188 2082
f 2084 2190 2188
f 2189 2085 2083
f 2191 2085 2189
f 2086 2190 2084
f 2086 2192 2190
f 2191 2087 2085
f 2193 2087 2191
f 2088 2192 2086
f 2088 2194 2192
f 2193 2089 2087
f 2195 2089 2193
f 2197 2196 2090
f 2197 2090 2091
f 2088 2090 2194
f 2194 2090 2196
f 2199 2092 2198
f 2092 2195 2198
f 2092 2089 2195
f 2200 2199 2198
f 2093 2197 2091
f 2093 2201 2197
f 2199 2094 2092
f 2095 2094 2199
f 2200 2095 2199
f 2202 2095 2200
f 2096 2201 2093
f 2096 2203 2201
f 2202 2097 2095
f 2204 2097 2202
f 2098 2203 2096
f 2098 2205 2203
f 2204 2099 2097
f 2206 2099 2204
f 2207 2205 2098
f 2207 2098 2100
f 2208 2100 2101
f 2208 2207 2100
f 2209 2101 2102
f 2209 2208 2101
f 2210 2102 2103
f 2210 2209 2102
f 2211 2103 2104
f 2211 2210 2103
f 2212 2104 2105
f 2212 2211 2104
f 2213 2105 2106
f 2213 2212 2105
f 2214 2106 2107
f 2214 2213 2106
f 2215 2107 2108
f 2215 2214 2107
f 2216 2108 2109
f 2216 2215 2108
f 2217 2109 2110
f 2217 2216 2109
f 2218 2110 2111
f 2218 2217 2110
f 2219 2111 2112
f 2219 2218 2111
f 2220 2112 2113
f 2220 2219 2112
f 2221 2113 2114
f 2221 2220 2113
f 2222 2114 2115
f 2222 2221 2114
f 2223 2115 2116
f 2223 2222 2115
f 2224 2116 2117
f 2224 2223 2116
f 2225 2117 2118
f 2225 2224 2117
f 2118 2119 2225
f 2225 2119 2226
f 2206 2120 2099
f 2227 2120 2206
f 2121 2226 2119
f 2121 2228 2226
f 2227 2122 2120
f 2229 2122 2227
f 2231 2230 2123
f 2231 2123 2124
f 2121 2123 2228
f 2228 2123 2230
f 2229 2125 2122
f 2232 2125 2229
f 2126 2231 2124
f 2126 2233 2231
f 2232 2127 2125
f 2234 2127 2232
f 2128 2233 2126
f 2128 2235 2233
f 2234 2129 2127
f 2236 2129 2234
f 2237 2235 2128
f 2237 2128 2130
f 2130 2131 2237
f 2237 2131 2238
f 2236 2132 2129
f 2239 2132 2236
f 2133 2238 2131
f 2133 2240 2238
f 2239 2134 2132
f 2241 2134 2239
f 2135 2240 2133
f 2135 2242 2240
f 2241 2136 2134
f 2243 2136 2241
f 2244 2242 2135
f 2244 2135 2137
f 2137 2138 2244
f 2244 2138 2245
f 2243 2139 2136
f 2246 2139 2243
f 2140 2245 2138
f 2140 2247 2245
f 2249 2248 2142
f 2142 2248 2141
f 2142 2139 2246
f 2142 2246 2249
f 2250 2247 2140
f 2250 2140 2143
f 2143 2144 2250
f 2250 2144 2251
f 2253 2252 2146
f 2146 2252 2145
f 2254 2146 2147
f 2254 2253 2146
f 2147 2141 2248
f 2147 2248 2254
f 2255 2251 2144
f 2255 2144 2148
f 2256 2148 2149
f 2256 2255 2148
f 2257 2149 2150
f 2257 2256 2149
f 2258 2150 2151
f 2258 2257 2150
f 2259 2151 2152
f 2259 2258 2151
f 2260 2152 2153
f 2260 2259 2152
f 2153 2145 2252
f 2153 2252 2260
f 2262 2261 2154
f 2262 2154 2155
f 2154 2263 2156
f 2261 2263 2154
f 2156 2264 2157
f 2263 2264 2156
f 2157 2265 2158
f 2264 2265 2157
f 2158 2266 2159
f 2265 2266 2158
f 2159 2267 2160
f 2266 2267 2159
f 2160 2268 2161
f 2267 2268 2160
f 2161 2269 2162
f 2268 2269 2161
f 2162 2270 2163
f 2269 2270 2162
f 2163 2271 2164
f 2270 2271 2163
f 2164 2272 2165
f 2271 2272 2164
f 2165 2273 2166
f 2272 2273 2165
f 2166 2274 2167
f 2273 2274 2166
f 2167 2275 2168
f 2274 2275 2167
f 2168 2276 2169
f 2275 2276 2168
f 2169 2277 2170
f 2276 2277 2169
f 2170 2278 2171
f 2277 2278 2170
f 2171 2279 2172
f 2278 2279 2171
f 2172 2280 2173
f 2279 2280 2172
f 2173 2281 2174
f 2280 2281 2173
f 2174 2282 2175
f 2281 2282 2174
f 2175 2283 2176
f 2282 2283 2175
f 2176 2284 2177
f 2283 2284 2176
f 2177 2285 2178
f 2284 2285 2177
f 2178 2286 2179
f 2285 2286 2178
f 2179 2287 2180
f 2286 2287 2179
f 2180 2288 2181
f 2287 2288 2180
f 2181 2289 2182
f 2288 2289 2181
f 2183 2182 2289
f 2183 2289 2290
f 2184 2262 2155
f 2184 2291 2262
f 2290 2185 2183
f 2292 2185 2290
f 2186 2291 2184
f 2186 2293 2291
f 2292 2187 2185
f 2294 2187 2292
f 2188 2293 2186
f 2188 2295 2293
f 2294 2189 2187
f 2296 2189 2294
f 2190 2295 2188
f 2190 2297 2295
f 2296 2191 2189
f 2298 2191 2296
f 2192 2297 2190
f 2192 2299 2297
f 2298 2193 2191
f 2300 2193 2298
f 2194 2299 2192
f 2194 2301 2299
f 2300 2195 2193
f 2302 2195 2300
f 2304 2303 2196
f 2304 2196 2197
f 2194 2196 2301
f 2301 2196 2303
f 2302 2305 2195
f 2195 2305 2198
f 2200 2198 2305
f 2200 2305 2306
f 2201 2304 2197
f 2201 2307 2304
f 2306 2202 2200
f 2308 2202 2306
f 2203 2307 2201
f 2203 2309 2307
f 2308 2204 2202
f 2310 2204 2308
f 2205 2309 2203
f 2205 2311 2309
f 2310 2206 2204
f 2312 2206 2310
f 2313 2311 2205
f 2313 2205 2207
f 2314 2207 2208
f 2314 2313 2207
f 2315 2208 2209
f 2315 2314 2208
f 2316 2209 2210
f 2316 2315 2209
f 2317 2210 2211
f 2317 2316 2210
f 2318 2211 2212
f 2318 2317 2211
f 2319 2212 2213
f 2319 2318 2212
f 2320 2213 2214
f 2320 2319 2213
f 2321 2214 2215
f 2321 2320 2214
f 2322 2215 2216
f 2322 2321 2215
f 2323 2216 2217
f 2323 2322 2216
f 2324 2217 2218
f 2324 2323 2217
f 2325 2218 2219
f 2325 2324 2218
f 2326 2219 2220
f 2326 2325 2219
f 2327 2220 2221
f 2327 2326 2220
f 2328 2221 2222
f 2328 2327 2221
f 2329 2222 2223
f 2329 2328 2222
f 2330 2223 2224
f 2330 2329 2223
f 2331 2224 2225
f 2331 2330 2224
f 2225 2226 2331
f 2331 2226 2332
f 2312 2227 2206
f 2333 2227 2312
f 2228 2332 2226
f 2228 2334 2332
f 2333 2229 2227
f 2335 2229 2333
f 2231 2336 2230
f 2336 2337 2230
f 2337 2228 2230
f 2337 2334 2228
f 2335 2232 2229
f 2338 2232 2335
f 2340 2339 2336
f 2231 2340 2336
f 2233 2340 2231
f 2336 2339 2337
f 2338 2234 2232
f 2341 2234 2338
f 2235 2340 2233
f 2235 2342 2340
f 2341 2236 2234
f 2343 2236 2341
f 2344 2342 2235
f 2344 2235 2237
f 2237 2238 2344
f 2344 2238 2345
f 2343 2239 2236
f 2346 2239 2343
f 2240 2345 2238
f 2240 2347 2345
f 2346 2241 2239
f 2348 2241 2346
f 2242 2347 2240
f 2242 2349 2347
f 2348 2243 2241
f 2350 2243 2348
f 2351 2349 2242
f 2351 2242 2244
f 2244 2245 2351
f 2351 2245 2352
f 2350 2246 2243
f 2353 2246 2350
f 2247 2352 2245
f 2247 2354 2352
f 2356 2355 2249
f 2249 2355 2248
f 2249 2246 2353
f 2249 2353 2356
f 2357 2354 2247
f 2357 2247 2250
f 2250 2251 2357
f 2357 2251 2358
f 2360 2359 2253
f 2253 2359 2252
f 2361 2253 2254
f 2361 2360 2253
f 2254 2248 2355
f 2254 2355 2361
f 2362 2358 2251
f 2362 2251 2255
f 2363 2255 2256
f 2363 2362 2255
f 2364 2256 2257
f 2364 2363 2256
f 2365 2257 2258
f 2365 2364 2257
f 2366 2258 2259
f 2366 2365 2258
f 2367 2259 2260
f 2367 2366 2259
f 2260 2252 2359
f 2260 2359 2367
f 2369 2368 2261
f 2369 2261 2262
f 2261 2370 2263
f 2368 2370 2261
f 2263 2371 2264
f 2370 2371 2263
f 2264 2372 2265
f 2371 2372 2264
f 2265 2373 2266
f 2372 2373 2265
f 2266 2374 2267
f 2373 2374 2266
f 2267 2375 2268
f 2374 2375 2267
f 2268 2376 2269
f 2375 2376 2268
f 2269 2377 2270
f 2376 2377 2269
f 2270 2378 2271
f 2377 2378 2270
f 2271 2379 2272
f 2378 2379 2271
f 2272 2380 2273
f 2379 2380 2272
f 2273 2381 2274
f 2380 2381 2273
f 2274 2382 2275
f 2381 2382 2274
f 2275 2383 2276
f 2382 2383 2275
f 2276 2384 2277
f 2383 2384 2276
f 2277 2385 2278
f 2384 2385 2277
f 2278 2386 2279
f 2385 2386 2278
f 2279 2387 2280
f 2386 2387 2279
f 2280 2388 2281
f 2387 2388 2280
f 2281 2389 2282
f 2388 2389 2281
f 2282 2390 2283
f 2389 2390 2282
f 2283 2391 2284
f 2390 2391 2283
f 2284 2392 2285
f 2391 2392 2284
f 2285 2393 2286
f 2392 2393 2285
f 2286 2394 2287
f 2393 2394 2286
f 2287 2395 2288
f 2394 2395 2287
f 2288 2396 2289
f 2395 2396 2288
f 2290 2289 2396
f 2290 2396 2397
f 2291 2369 2262
f 2291 2398 2369
f 2397 2292 2290
f 2399 2292 2397
f 2293 2398 2291
f 2293 2400 2398
f 2399 2294 2292
f 2401 2294 2399
f 2295 2400 2293
f 2295 2402 2400
f 2401 2296 2294
f 2403 2296 2401
f 2297 2402 2295
f 2297 2404 2402
f 2403 2298 2296
f 2405 2298 2403
f 2299 2404 2297
f 2299 2406 2404
f 2405 2300 2298
f 2407 2300 2405
f 2301 2406 2299
f 2301 2408 2406
f 2410 2302 2409
f 2302 2407 2409
f 2302 2300 2407
f 2411 2410 2409
f 2413 2412 2303
f 2413 2303 2304
f 2301 2303 2408
f 2408 2303 2412
f 2410 2305 2302
f 2306 2305 2410
f 2411 2306 2410
f 2414 2306 2411
f 2307 2413 2304
f 2307 2415 2413
f 2414 2308 2306
f 2416 2308 2414
f 2309 2415 2307
f 2309 2417 2415
f 2416 2310 2308
f 2418 2310 2416
f 2311 2417 2309
f 2311 2419 2417
f 2418 2312 2310
f 2420 2312 2418
f 2421 2419 2311
f 2421 2311 2313
f 2422 2313 2314
f 2422 2421 2313
f 2423 2314 2315
f 2423 2422 2314
f 2424 2315 2316
f 2424 2423 2315
f 2425 2316 2317
f 2425 2424 2316
f 2426 2317 2318
f 2426 2425 2317
f 2427 2318 2319
f 2427 2426 2318
f 2428 2319 2320
f 2428 2427 2319
f 2429 2320 2321
f 2429 2428 2320
f 2430 2321 2322
f 2430 2429 2321
f 2431 2322 2323
f 2431 2430 2322
f 2432 2323 2324
f 2432 2431 2323
f 2433 2324 2325
f 2433 2432 2324
f 2434 2325 2326
f 2434 2433 2325
f 2435 2326 2327
f 2435 2434 2326
f 2436 2327 2328
f 2436 2435 2327
f 2437 2328 2329
f 2437 2436 2328
f 2438 2329 2330
f 2438 2437 2329
f 2439 2330 2331
f 2439 2438 2330
f 2331 2332 2439
f 2439 2332 2440
f 2420 2333 2312
f 2441 2333 2420
f 2334 2440 2332
f 2334 2442 2440
f 2441 2335 2333
f 2443 2335 2441
f 2337 2442 2334
f 2337 2444 2442
f 2443 2338 2335
f 2445 2338 2443
f 2447 2446 2339
f 2447 2339 2340
f 2337 2339 2444
f 2444 2339 2446
f 2445 2341 2338
f 2448 2341 2445
f 2342 2447 2340
f 2342 2449 2447
f 2448 2343 2341
f 2450 2343 2448
f 2451 2449 2342
f 2451 2342 2344
f 2344 2345 2451
f 2451 2345 2452
f 2450 2346 2343
f 2453 2346 2450
f 2347 2452 2345
f 2347 2454 2452
f 2453 2348 2346
f 2455 2348 2453
f 2349 2454 2347
f 2349 2456 2454
f 2455 2350 2348
f 2457 2350 2455
f 2458 2456 2349
f 2458 2349 2351
f 2351 2352 2458
f 2458 2352 2459
f 2457 2353 2350
f 2460 2353 2457
f 2354 2459 2352
f 2354 2461 2459
f 2463 2462 2356
f 2356 2462 2355
f 2356 2353 2460
f 2356 2460 2463
f 2464 2461 2354
f 2464 2354 2357
f 2357 2358 2464
f 2464 2358 2465
f 2467 2466 2360
f 2360 2466 2359
f 2468 2360 2361
f 2468 2467 2360
f 2361 2355 2462
f 2361 2462 2468
f 2469 2465 2358
f 2469 2358 2362
f 2470 2362 2363
f 2470 2469 2362
f 2471 2363 2364
f 2471 2470 2363
f 2472 2364 2365
f 2472 2471 2364
f 2473 2365 2366
f 2473 2472 2365
f 2474 2366 2367
f 2474 2473 2366
f 2367 2359 2466
f 2367 2466 2474
f 2476 2475 2368
f 2476 2368 2369
f 2368 2477 2370
f 2475 2477 2368
f 2370 2478 2371
f 2477 2478 2370
f 2371 2479 2372
f 2478 2479 2371
f 2372 2480 2373
f 2479 2480 2372
f 2373 2481 2374
f 2480 2481 2373
f 2374 2482 2375
f 2481 2482 2374
f 2375 2483 2376
f 2482 2483 2375
f 2376 2484 2377
f 2483 2484 2376
f 2377 2485 2378
f 2484 2485 2377
f 2378 2486 2379
f 2485 2486 2378
f 2379 2487 2380
f 2486 2487 2379
f 2380 2488 2381
f 2487 2488 2380
f 2381 2489 2382
f 2488 2489 2381
f 2382 2490 2383
f 2489 2490 2382
f 2383 2491 2384
f 2490 2491 2383
f 2384 2492 2385
f 2491 2492 2384
f 2385 2493 2386
f 2492 2493 2385
f 2386 2494 2387
f 2493 2494 2386
f 2387 2495 2388
f 2494 2495 2387
f 2388 2496 2389
f 2495 2496 2388
f 2389 2497 2390
f 2496 2497 2389
f 2390 2498 2391
f 2497 2498 2390
f 2391 2499 2392
f 2498 2499 2391
f 2392 2500 2393
f 2499 2500 2392
f 2393 2501 2394
f 2500 2501 2393
f 2394 2502 2395
f 2501 2502 2394
f 2395 2503 2396
f 2502 2503 2395
f 2397 2396 2503
f 2397 2503 2504
f 2398 2476 2369
f 2398 2505 2476
f 2504 2399 2397
f 2506 2399 2504
f 2400 2505 2398
f 2400 2507 2505
f 2506 2401 2399
f 2508 2401 2506
f 2402 2507 2400
f 2402 2509 2507
f 2508 2403 2401
f 2510 2403 2508
f 2404 2509 2402
f 2404 2511 2509
f 2510 2405 2403
f 2512 2405 2510
f 2406 2511 2404
f 2406 2513 2511
f 2512 2407 2405
f 2514 2407 2512
f 2408 2513 2406
f 2408 2515 2513
f 2514 2516 2407
f 2407 2516 2409
f 2411 2409 2516
f 2411 2516 2517
f 2519 2518 2412
f 2519 2412 2413
f 2408 2412 2515
f 2515 2412 2518
f 2517 2414 2411
f 2520 2414 2517
f 2415 2519 2413
f 2415 2521 2519
f 2520 2416 2414
f 2522 2416 2520
f 2417 2521 2415
f 2417 2523 2521
f 2522 2418 2416
f 2524 2418 2522
f 2419 2523 2417
f 2419 2525 2523
f 2524 2420 2418
f 2526 2420 2524
f 2527 2525 2419
f 2527 2419 2421
f 2528 2421 2422
f 2528 2527 2421
f 2529 2422 2423
f 2529 2528 2422
f 2530 2423 2424
f 2530 2529 2423
f 2531 2424 2425
f 2531 2530 2424
f 2532 2425 2426
f 2532 2531 2425
f 2533 2426 2427
f 2533 2532 2426
f 2534 2427 2428
f 2534 2533 2427
f 2535 2428 2429
f 2535 2534 2428
f 2536 2429 2430
f 2536 2535 2429
f 2537 2430 2431
f 2537 2536 2430
f 2538 2431 2432
f 2538 2537 2431
f 2539 2432 2433
f 2539 2538 2432
f 2540 2433 2434
f 2540 2539 2433
f 2541 2434 2435
f 2541 2540 2434
f 2542 2435 2436
f 2542 2541 2435
f 2543 2436 2437
f 2543 2542 2436
f 2544 2437 2438
f 2544 2543 2437
f 2545 2438 2439
f 2545 2544 2438
f 2439 2440 2545
f 2545 2440 2546
f 2526 2441 2420
f 2547 2441 2526
f 2442 2546 2440
f 2442 2548 2546
f 2547 2443 2441
f 2549 2443 2547
f 2444 2548 2442
f 2444 2550 2548
f 2549 2445 2443
f 2551 2445 2549
f 2553 2552 2446
f 2553 2446 2447
f 2444 2446 2550
f 2550 2446 2552
f 2551 2448 2445
f 2554 2448 2551
f 2449 2553 2447
f 2449 2555 2553
f 2554 2450 2448
f 2556 2450 2554
f 2557 2555 2449
f 2557 2449 2451
f 2451 2452 2557
f 2557 2452 2558
f 2556 2453 2450
f 2559 2453 2556
f 2454 2558 2452
f 2454 2560 2558
f 2559 2455 2453
f 2561 2455 2559
f 2456 2560 2454
f 2456 2562 2560
f 2561 2457 2455
f 2563 2457 2561
f 2564 2562 2456
f 2564 2456 2458
f 2458 2459 2564
f 2564 2459 2565
f 2563 2460 2457
f 2566 2460 2563
f 2461 2565 2459
f 2461 2567 2565
f 2569 2568 2463
f 2463 2568 2462
f 2463 2460 2566
f 2463 2566 2569
f 2570 2567 2461
f 2570 2461 2464
f 2464 2465 2570
f 2570 2465 2571
f 2573 2572 2467
f 2467 2572 2466
f 2574 2467 2468
f 2574 2573 2467
f 2468 2462 2568
f 2468 2568 2574
f 2575 2571 2465
f 2575 2465 2469
f 2576 2469 2470
f 2576 2575 2469
f 2577 2470 2471
f 2577 2576 2470
f 2578 2471 2472
f 2578 2577 2471
f 2579 2472 2473
f 2579 2578 2472
f 2580 2473 2474
f 2580 2579 2473
f 2474 2466 2572
f 2474 2572 2580
f 2582 2581 2475
f 2582 2475 2476
f 2475 2583 2477
f 2581 2583 2475
f 2477 2584 2478
f 2583 2584 2477
f 2478 2585 2479
f 2584 2585 2478
f 2479 2586 2480
f 2585 2586 2479
f 2480 2587 2481
f 2586 2587 2480
f 2481 2588 2482
f 2587 2588 2481
f 2482 2589 2483
f 2588 2589 2482
f 2483 2590 2484
f 2589 2590 2483
f 2484 2591 2485
f 2590 2591 2484
f 2485 2592 2486
f 2591 2592 2485
f 2486 2593 2487
f 2592 2593 2486
f 2487 2594 2488
f 2593 2594 2487
f 2488 2595 2489
f 2594 2595 2488
f 2489 2596 2490
f 2595 2596 2489
f 2490 2597 2491
f 2596 2597 2490
f 2491 2598 2492
f 2597 2598 2491
f 2492 2599 2493
f 2598 2599 2492
f 2493 2600 2494
f 2599 2600 2493
f 2494 2601 2495
f 2600 2601 2494
f 2495 2602 2496
f 2601 2602 2495
f 2496 2603 2497
f 2602 2603 2496
f 2497 2604 2498
f 2603 2604 2497
f 2498 2605 2499
f 2604 2605 2498
f 2499 2606 2500
f 2605 2606 2499
f 2500 2607 2501
f 2606 2607 2500
f 2501 2608 2502
f 2607 2608 2501
f 2502 2609 2503
f 2608 2609 2502
f 2504 2503 2609
f 2504 2609 2610
f 2505 2582 2476
f 2505 2611 2582
f 2610 2506 2504
f 2612 2506 2610
f 2507 2611 2505
f 2507 2613 2611
f 2612 2508 2506
f 2614 2508 2612
f 2509 2613 2507
f 2509 2615 2613
f 2614 2510 2508
f 2616 2510 2614
f 2511 2615 2509
f 2511 2617 2615
f 2616 2512 2510
f 2618 2512 2616
f 2513 2617 2511
f 2513 2619 2617
f 2618 2514 2512
f 2620 2514 2618
f 2515 2619 2513
f 2515 2621 2619
f 2620 2622 2514
f 2514 2622 2516
f 2517 2516 2622
f 2517 2622 2623
f 2625 2624 2518
f 2625 2518 2519
f 2515 2518 2621
f 2621 2518 2624
f 2623 2520 2517
f 2626 2520 2623
f 2521 2625 2519
f 2521 2627 2625
f 2626 2522 2520
f 2628 2522 2626
f 2523 2627 2521
f 2523 2629 2627
f 2628 2524 2522
f 2630 2524 2628
f 2525 2629 2523
f 2525 2631 2629
f 2630 2526 2524
f 2632 2526 2630
f 2633 2631 2525
f 2633 2525 2527
f 2634 2527 2528
f 2634 2633 2527
f 2635 2528 2529
f 2635 2634 2528
f 2636 2529 2530
f 2636 2635 2529
f 2637 2530 2531
f 2637 2636 2530
f 2638 2531 2532
f 2638 2637 2531
f 2639 2532 2533
f 2639 2638 2532
f 2640 2533 2534
f 2640 2639 2533
f 2641 2534 2535
f 2641 2640 2534
f 2642 2535 2536
f 2642 2641 2535
f 2643 2536 2537
f 2643 2642 2536
f 2644 2537 2538
f 2644 2643 2537
f 2645 2538 2539
f 2645 2644 2538
f 2646 2539 2540
f 2646 2645 2539
f 2647 2540 2541
f 2647 2646 2540
f 2648 2541 2542
f 2648 2647 2541
f 2649 2542 2543
f 2649 2648 2542
f 2650 2543 2544
f 2650 2649 2543
f 2651 2544 2545
f 2651 2650 2544
f 2545 2546 2651
f 2651 2546 2652
f 2632 2547 2526
f 2653 2547 2632
f 2548 2652 2546
f 2548 2654 2652
f 2653 2549 2547
f 2655 2549 2653
f 2550 2654 2548
f 2550 2656 2654
f 2655 2551 2549
f 2657 2551 2655
f 2659 2658 2552
f 2659 2552 2553
f 2550 2552 2656
f 2656 2552 2658
f 2657 2554 2551
f 2660 2554 2657
f 2555 2659 2553
f 2555 2661 2659
f 2660 2556 2554
f 2662 2556 2660
f 2663 2661 2555
f 2663 2555 2557
f 2557 2558 2663
f 2663 2558 2664
f 2662 2559 2556
f 2665 2559 2662
f 2560 2664 2558
f 2560 2666 2664
f 2665 2561 2559
f 2667 2561 2665
f 2562 2666 2560
f 2562 2668 2666
f 2667 2563 2561
f 2669 2563 2667
f 2670 2668 2562
f 2670 2562 2564
f 2564 2565 2670
f 2670 2565 2671
f 2669 2566 2563
f 2672 2566 2669
f 2567 2671 2565
f 2567 2673 2671
f 2675 2674 2569
f 2569 2674 2568
f 2569 2566 2672
f 2569 2672 2675
f 2676 2673 2567
f 2676 2567 2570
f 2570 2571 2676
f 2676 2571 2677
f 2679 2678 2573
f 2573 2678 2572
f 2680 2573 2574
f 2680 2679 2573
f 2574 2568 2674
f 2574 2674 2680
f 2681 2677 2571
f 2681 2571 2575
f 2682 2575 2576
f 2682 2681 2575
f 2683 2576 2577
f 2683 2682 2576
f 2684 2577 2578
f 2684 2683 2577
f 2685 2578 2579
f 2685 2684 2578
f 2686 2579 2580
f 2686 2685 2579
f 2580 2572 2678
f 2580 2678 2686
f 2688 2687 2581
f 2688 2581 2582
f 2581 2689 2583
f 2687 2689 2581
f 2583 2690 2584
f 2689 2690 2583
f 2584 2691 2585
f 2690 2691 2584
f 2585 2692 2586
f 2691 2692 2585
f 2586 2693 2587
f 2692 2693 2586
f 2587 2694 2588
f 2693 2694 2587
f 2588 2695 2589
f 2694 2695 2588
f 2589 2696 2590
f 2695 2696 2589
f 2590 2697 2591
f 2696 2697 2590
f 2591 2698 2592
f 2697 2698 2591
f 2592 2699 2593
f 2698 2699 2592
f 2593 2700 2594
f 2699 2700 2593
f 2594 2701 2595
f 2700 2701 2594
f 2595 2702 2596
f 2701 2702 2595
f 2596 2703 2597
f 2702 2703 2596
f 2597 2704 2598
f 2703 2704 2597
f 2598 2705 2599
f 2704 2705 2598
f 2599 2706 2600
f 2705 2706 2599
f 2600 2707 2601
f 2706 2707 2600
f 2601 2708 2602
f 2707 2708 2601
f 2602 2709 2603
f 2708 2709 2602
f 2603 2710 2604
f 2709 2710 2603
f 2604 2711 2605
f 2710 2711 2604
f 2605 2712 2606
f 2711 2712 2605
f 2606 2713 2607
f 2712 2713 2606
f 2607 2714 2608
f 2713 2714 2607
f 2608 2715 2609
f 2714 2715 2608
f 2610 2609 2715
f 2610 2715 2716
f 2611 2688 2582
f 2611 2717 2688
f 2716 2612 2610
f 2718 2612 2716
f 2613 2717 2611
f 2613 2719 2717
f 2718 2614 2612
f 2720 2614 2718
f 2615 2719 2613
f 2615 2721 2719
f 2720 2616 2614
f 2722 2616 2720
f 2617 2721 2615
f 2617 2723 2721
f 2722 2618 2616
f 2724 2618 2722
f 2619 2723 2617
f 2619 2725 2723
f 2724 2620 2618
f 2726 2620 2724
f 2621 2725 2619
f 2621 2727 2725
f 2726 2728 2620
f 2620 2728 2622
f 2623 2622 2728
f 2623 2728 2729
f 2731 2730 2624
f 2731 2624 2625
f 2621 2624 2727
f 2727 2624 2730
f 2729 2626 2623
f 2732 2626 2729
f 2627 2731 2625
f 2627 2733 2731
f 2732 2628 2626
f 2734 2628 2732
f 2629 2733 2627
f 2629 2735 2733
f 2734 2630 2628
f 2736 2630 2734
f 2631 2735 2629
f 2631 2737 2735
f 2736 2632 2630
f 2738 2632 2736
f 2739 2737 2631
f 2739 2631 2633
f 2740 2633 2634
f 2740 2739 2633
f 2741 2634 2635
f 2741 2740 2634
f 2742 2635 2636
f 2742 2741 2635
f 2743 2636 2637
f 2743 2742 2636
f 2744 2637 2638
f 2744 2743 2637
f 2745 2638 2639
f 2745 2744 2638
f 2746 2639 2640
f 2746 2745 2639
f 2747 2640 2641
f 2747 2746 2640
f 2748 2641 2642
f 2748 2747 2641
f 2749 2642 2643
f 2749 2748 2642
f 2750 2643 2644
f 2750 2749 2643
f 2751 2644 2645
f 2751 2750 2644
f 2752 2645 2646
f 2752 2751 2645
f 2753 2646 2647
f 2753 2752 2646
f 2754 2647 2648
f 2754 2753 2647
f 2755 2648 2649
f 2755 2754 2648
f 2756 2649 2650
f 2756 2755 2649
f 2757 2650 2651
f 2757 2756 2650
f 2651 2652 2757
f 2757 2652 2758
f 2738 2653 2632
f 2759 2653 2738
f 2654 2758 2652
f 2654 2760 2758
f 2759 2655 2653
f 2761 2655 2759
f 2656 2760 2654
f 2656 2762 2760
f 2761 2657 2655
f 2763 2657 2761
f 2765 2764 2658
f 2765 2658 2659
f 2656 2658 2762
f 2762 2658 2764
f 2763 2660 2657
f 2766 2660 2763
f 2661 2765 2659
f 2661 2767 2765
f 2766 2662 2660
f 2768 2662 2766
f 2769 2767 2661
f 2769 2661 2663
f 2663 2664 2769
f 2769 2664 2770
f 2768 2665 2662
f 2771 2665 2768
f 2666 2770 2664
f 2666 2772 2770
f 2771 2667 2665
f 2773 2667 2771
f 2668 2772 2666
f 2668 2774 2772
f 2773 2669 2667
f 2775 2669 2773
f 2776 2774 2668
f 2776 2668 2670
f 2670 2671 2776
f 2776 2671 2777
f 2775 2672 2669
f 2778 2672 2775
f 2673 2777 2671
f 2673 2779 2777
f 2781 2780 2675
f 2675 2780 2674
f 2675 2672 2778
f 2675 2778 2781
f 2782 2779 2673
f 2782 2673 2676
f 2676 2677 2782
f 2782 2677 2783
f 2785 2784 2679
f 2679 2784 2678
f 2786 2679 2680
f 2786 2785 2679
f 2680 2674 2780
f 2680 2780 2786
f 2787 2783 2677
f 2787 2677 2681
f 2788 2681 2682
f 2788 2787 2681
f 2789 2682 2683
f 2789 2788 2682
f 2790 2683 2684
f 2790 2789 2683
f 2791 2684 2685
f 2791 2790 2684
f 2792 2685 2686
f 2792 2791 2685
f 2686 2678 2784
f 2686 2784 2792
f 2794 2793 2687
f 2794 2687 2688
f 2687 2795 2689
f 2793 2795 2687
f 2689 2796 2690
f 2795 2796 2689
f 2690 2797 2691
f 2796 2797 2690
f 2691 2798 2692
f 2797 2798 2691
f 2692 2799 2693
f 2798 2799 2692
f 2693 2800 2694
f 2799 2800 2693
f 2694 2801 2695
f 2800 2801 2694
f 2695 2802 2696
f 2801 2802 2695
f 2696 2803 2697
f 2802 2803 2696
f 2697 2804 2698
f 2803 2804 2697
f 2698 2805 2699
f 2804 2805 2698
f 2699 2806 2700
f 2805 2806 2699
f 2700 2807 2701
f 2806 2807 2700
f 2701 2808 2702
f 2807 2808 2701
f 2702 2809 2703
f 2808 2809 2702
f 2703 2810 2704
f 2809 2810 2703
f 2704 2811 2705
f 2810 2811 2704
f 2705 2812 2706
f 2811 2812 2705
f 2706 2813 2707
f 2812 2813 2706
f 2707 2814 2708
f 2813 2814 2707
f 2708 2815 2709
f 2814 2815 2708
f 2709 2816 2710
f 2815 2816 2709
f 2710 2817 2711
f 2816 2817 2710
f 2711 2818 2712
f 2817 2818 2711
f 2712 2819 2713
f 2818 2819 2712
f 2713 2820 2714
f 2819 2820 2713
f 2714 2821 2715
f 2820 2821 2714
f 2716 2715 2821
f 2716 2821 2822
f 2717 2794 2688
f 2717 2823 2794
f 2822 2718 2716
f 2824 2718 2822
f 2719 2823 2717
f 2719 2825 2823
f 2824 2720 2718
f 2826 2720 2824
f 2721 2825 2719
f 2721 2827 2825
f 2826 2722 2720
f 2828 2722 2826
f 2723 2827 2721
f 2723 2829 2827
f 2828 2724 2722
f 2830 2724 2828
f 2725 2829 2723
f 2725 2831 2829
f 2833 2726 2832
f 2726 2830 2832
f 2726 2724 2830
f 2834 2833 2832
f 2727 2831 2725
f 2727 2835 2831
f 2833 2728 2726
f 2729 2728 2833
f 2834 2729 2833
f 2836 2729 2834
f 2838 2837 2730
f 2838 2730 2731
f 2727 2730 2835
f 2835 2730 2837
f 2836 2732 2729
f 2839 2732 2836
f 2733 2838 2731
f 2733 2840 2838
f 2839 2734 2732
f 2841 2734 2839
f 2735 2840 2733
f 2735 2842 2840
f 2841 2736 2734
f 2843 2736 2841
f 2737 2842 2735
f 2737 2844 2842
f 2843 2738 2736
f 2845 2738 2843
f 2846 2844 2737
f 2846 2737 2739
f 2847 2739 2740
f 2847 2846 2739
f 2848 2740 2741
f 2848 2847 2740
f 2849 2741 2742
f 2849 2848 2741
f 2850 2742 2743
f 2850 2849 2742
f 2851 2743 2744
f 2851 2850 2743
f 2852 2744 2745
f 2852 2851 2744
f 2853 2745 2746
f 2853 2852 2745
f 2854 2746 2747
f 2854 2853 2746
f 2855 2747 2748
f 2855 2854 2747
f 2856 2748 2749
f 2856 2855 2748
f 2857 2749 2750
f 2857 2856 2749
f 2858 2750 2751
f 2858 2857 2750
f 2859 2751 2752
f 2859 2858 2751
f 2860 2752 2753
f 2860 2859 2752
f 2861 2753 2754
f 2861 2860 2753
f 2862 2754 2755
f 2862 2861 2754
f 2863 2755 2756
f 2863 2862 2755
f 2864 2756 2757
f 2864 2863 2756
f 2757 2758 2864
f 2864 2758 2865
f 2845 2759 2738
f 2866 2759 2845
f 2760 2865 2758
f 2760 2867 2865
f 2866 2761 2759
f 2868 2761 2866
f 2762 2867 2760
f 2762 2869 2867
f 2868 2763 2761
f 2870 2763 2868
f 2872 2871 2764
f 2872 2764 2765
f 2762 2764 2869
f 2869 2764 2871
f 2870 2766 2763
f 2873 2766 2870
f 2767 2872 2765
f 2767 2874 2872
f 2873 2768 2766
f 2875 2768 2873
f 2876 2874 2767
f 2876 2767 2769
f 2769 2770 2876
f 2876 2770 2877
f 2875 2771 2768
f 2878 2771 2875
f 2772 2877 2770
f 2772 2879 2877
f 2878 2773 2771
f 2880 2773 2878
f 2774 2879 2772
f 2774 2881 2879
f 2880 2775 2773
f 2882 2775 2880
f 2883 2881 2774
f 2883 2774 2776
f 2776 2777 2883
f 2883 2777 2884
f 2882 2778 2775
f 2885 2778 2882
f 2779 2884 2777
f 2779 2886 2884
f 2888 2887 2781
f 2781 2887 2780
f 2781 2778 2885
f 2781 2885 2888
f 2889 2886 2779
f 2889 2779 2782
f 2782 2783 2889
f 2889 2783 2890
f 2892 2891 2785
f 2785 2891 2784
f 2893 2785 2786
f 2893 2892 2785
f 2786 2780 2887
f 2786 2887 2893
f 2894 2890 2783
f 2894 2783 2787
f 2895 2787 2788
f 2895 2894 2787
f 2896 2788 2789
f 2896 2895 2788
f 2897 2789 2790
f 2897 2896 2789
f 2898 2790 2791
f 2898 2897 2790
f 2899 2791 2792
f 2899 2898 2791
f 2792 2784 2891
f 2792 2891 2899
f 2901 2900 2793
f 2901 2793 2794
f 2793 2902 2795
f 2900 2902 2793
f 2795 2903 2796
f 2902 2903 2795
f 2796 2904 2797
f 2903 2904 2796
f 2797 2905 2798
f 2904 2905 2797
f 2798 2906 2799
f 2905 2906 2798
f 2799 2907 2800
f 2906 2907 2799
f 2800 2908 2801
f 2907 2908 2800
f 2801 2909 2802
f 2908 2909 2801
f 2802 2910 2803
f 2909 2910 2802
f 2803 2911 2804
f 2910 2911 2803
f 2804 2912 2805
f 2911 2912 2804
f 2805 2913 2806
f 2912 2913 2805
f 2806 2914 2807
f 2913 2914 2806
f 2807 2915 2808
f 2914 2915 2807
f 2808 2916 2809
f 2915 2916 2808
f 2809 2917 2810
f 2916 2917 2809
f 2810 2918 2811
f 2917 2918 2810
f 2811 2919 2812
f 2918 2919 2811
f 2812 2920 2813
f 2919 2920 2812
f 2813 2921 2814
f 2920 2921 2813
f 2814 2922 2815
f 2921 2922 2814
f 2815 2923 2816
f 2922 2923 2815
f 2816 2924 2817
f 2923 2924 2816
f 2817 2925 2818
f 2924 2925 2817
f 2818 2926 2819
f 2925 2926 2818
f 2819 2927 2820
f 2926 2927 2819
f 2820 2928 2821
f 2927 2928 2820
f 2822 2821 2928
f 2822 2928 2929
f 2823 2901 2794
f 2823 2930 2901
f 2932 2824 2931
f 2824 2929 2931
f 2824 2822 2929
f 2933 2932 2931
f 2825 2930 2823
f 2825 2934 2930
f 2936 2935 2932
f 2935 2824 2932
f 2935 2826 2824
f 2936 2932 2933
f 2827 2934 2825
f 2827 2937 2934
f 2935 2828 2826
f 2938 2828 2935
f 2829 2937 2827
f 2829 2939 2937
f 2938 2830 2828
f 2940 2830 2938
f 2831 2939 2829
f 2831 2941 2939
f 2940 2942 2830
f 2830 2942 2832
f 2834 2832 2942
f 2834 2942 2943
f 2835 2941 2831
f 2835 2944 2941
f 2943 2836 2834
f 2945 2836 2943
f 2947 2946 2837
f 2947 2837 2838
f 2835 2837 2944
f 2944 2837 2946
f 2945 2839 2836
f 2948 2839 2945
f 2840 2947 2838
f 2840 2949 2947
f 2948 2841 2839
f 2950 2841 2948
f 2842 2949 2840
f 2842 2951 2949
f 2950 2843 2841
f 2952 2843 2950
f 2844 2951 2842
f 2844 2953 2951
f 2952 2845 2843
f 2954 2845 2952
f 2955 2953 2844
f 2955 2844 2846
f 2956 2846 2847
f 2956 2955 2846
f 2957 2847 2848
f 2957 2956 2847
f 2958 2848 2849
f 2958 2957 2848
f 2959 2849 2850
f 2959 2958 2849
f 2960 2850 2851
f 2960 2959 2850
f 2961 2851 2852
f 2961 2960 2851
f 2962 2852 2853
f 2962 2961 2852
f 2963 2853 2854
f 2963 2962 2853
f 2964 2854 2855
f 2964 2963 2854
f 2965 2855 2856
f 2965 2964 2855
f 2966 2856 2857
f 2966 2965 2856
f 2967 2857 2858
f 2967 2966 2857
f 2968 2858 2859
f 2968 2967 2858
f 2969 2859 2860
f 2969 2968 2859
f 2970 2860 2861
f 2970 2969 2860
f 2971 2861 2862
f 2971 2970 2861
f 2972 2862 2863
f 2972 2971 2862
f 2973 2863 2864
f 2973 2972 2863
f 2864 2865 2973
f 2973 2865 2974
f 2954 2866 2845
f 2975 2866 2954
f 2867 2974 2865
f 2867 2976 2974
f 2975 2868 2866
f 2977 2868 2975
f 2869 2976 2867
f 2869 2978 2976
f 2977 2870 2868
f 2979 2870 2977
f 2872 2980 2871
f 2980 2981 2871
f 2981 2869 2871
f 2981 2978 2869
f 2979 2873 2870
f 2982 2873 2979
f 2874 2983 2980
f 2874 2980 2872
f 2981 2980 2984
f 2984 2980 2983
f 2982 2875 2873
f 2985 2875 2982
f 2876 2983 2874
f 2876 2877 2983
f 2877 2984 2983
f 2877 2986 2984
f 2985 2878 2875
f 2987 2878 2985
f 2879 2986 2877
f 2879 2988 2986
f 2987 2880 2878
f 2989 2880 2987
f 2881 2988 2879
f 2881 2990 2988
f 2989 2882 2880
f 2991 2882 2989
f 2992 2990 2881
f 2992 2881 2883
f 2883 2884 2992
f 2992 2884 2993
f 2991 2885 2882
f 2994 2885 2991
f 2886 2993 2884
f 2886 2995 2993
f 2997 2996 2888
f 2888 2996 2887
f 2888 2885 2994
f 2888 2994 2997
f 2998 2995 2886
f 2998 2886 2889
f 2889 2890 2998
f 2998 2890 2999
f 3001 3000 2892
f 2892 3000 2891
f 3002 2892 2893
f 3002 3001 2892
f 2893 2887 2996
f 2893 2996 3002
f 3003 2999 2890
f 3003 2890 2894
f 3004 2894 2895
f 3004 3003 2894
f 3005 2895 2896
f 3005 3004 2895
f 3006 2896 2897
f 3006 3005 2896
f 3007 2897 2898
f 3007 3006 2897
f 3008 2898 2899
f 3008 3007 2898
f 2899 2891 3000
f 2899 3000 3008
f 3010 3009 2900
f 3010 2900 2901
f 2900 3011 2902
f 3009 3011 2900
f 2902 3012 2903
f 3011 3012 2902
f 2903 3013 2904
f 3012 3013 2903
f 2904 3014 2905
f 3013 3014 2904
f 2905 3015 2906
f 3014 3015 2905
f 2906 3016 2907
f 3015 3016 2906
f 2907 3017 2908
f 3016 3017 2907
f 2908 3018 2909
f 3017 3018 2908
f 2909 3019 2910
f 3018 3019 2909
f 2910 3020 2911
f 3019 3020 2910
f 2911 3021 2912
f 3020 3021 2911
f 2912 3022 2913
f 3021 3022 2912
f 2913 3023 2914
f 3022 3023 2913
f 2914 3024 2915
f 3023 3024 2914
f 2915 3025 2916
f 3024 3025 2915
f 2916 3026 2917
f 3025 3026 2916
f 2917 3027 2918
f 3026 3027 2917
f 2918 3028 2919
f 3027 3028 2918
f 2919 3029 2920
f 3028 3029 2919
f 2920 3030 2921
f 3029 3030 2920
f 2921 3031 2922
f 3030 3031 2921
f 2922 3032 2923
f 3031 3032 2922
f 2923 3033 2924
f 3032 3033 2923
f 2924 3034 2925
f 3033 3034 2924
f 2925 3035 2926
f 3034 3035 2925
f 2926 3036 2927
f 3035 3036 2926
f 2927 3037 2928
f 3036 3037 2927
f 2929 2928 3037
f 2929 3037 3038
f 2930 3010 2901
f 2930 3039 3010
f 3038 3040 2929
f 2929 3040 2931
f 2933 2931 3040
f 2933 3040 3041
f 2934 3039 2930
f 2934 3042 3039
f 3044 3043 2936
f 2936 3043 2935
f 2936 2933 3041
f 2936 3041 3044
f 2937 3042 2934
f 2937 3045 3042
f 3043 2938 2935
f 3046 2938 3043
f 2939 3045 2937
f 2939 3047 3045
f 3046 2940 2938
f 3048 2940 3046
f 2941 3047 2939
f 2941 3049 3047
f 3048 3050 2940
f 2940 3050 2942
f 2943 2942 3050
f 2943 3050 3051
f 3054 3053 3052
f 3053 3049 3052
f 3049 2944 3052
f 3049 2941 2944
f 3051 2945 2943
f 3055 2945 3051
f 3054 3052 2946
f 2947 3054 2946
f 3056 3054 2947
f 2946 3052 2944
f 3055 2948 2945
f 3057 2948 3055
f 2949 3056 2947
f 2949 3058 3056
f 3057 2950 2948
f 3059 2950 3057
f 2951 3058 2949
f 2951 3060 3058
f 3059 2952 2950
f 3061 2952 3059
f 2953 3060 2951
f 2953 3062 3060
f 3061 2954 2952
f 3063 2954 3061
f 3064 3062 2953
f 3064 2953 2955
f 3065 2955 2956
f 3065 3064 2955
f 3066 2956 2957
f 3066 3065 2956
f 3067 2957 2958
f 3067 3066 2957
f 3068 2958 2959
f 3068 3067 2958
f 3069 2959 2960
f 3069 3068 2959
f 3070 2960 2961
f 3070 3069 2960
f 3071 2961 2962
f 3071 3070 2961
f 3072 2962 2963
f 3072 3071 2962
f 3073 2963 2964
f 3073 3072 2963
f 3074 2964 2965
f 3074 3073 2964
f 3075 2965 2966
f 3075 3074 2965
f 3076 2966 2967
f 3076 3075 2966
f 3077 2967 2968
f 3077 3076 2967
f 3078 2968 2969
f 3078 3077 2968
f 3079 2969 2970
f 3079 3078 2969
f 3080 2970 2971
f 3080 3079 2970
f 3081 2971 2972
f 3081 3080 2971
f 3082 2972 2973
f 3082 3081 2972
f 2973 2974 3082
f 3082 2974 3083
f 3063 2975 2954
f 3084 2975 3063
f 2976 3083 2974
f 2976 3085 3083
f 3084 2977 2975
f 3086 2977 3084
f 2978 3085 2976
f 2978 3087 3085
f 3086 2979 2977
f 3088 2979 3086
f 2981 3087 2978
f 2981 3089 3087
f 3088 2982 2979
f 3090 2982 3088
f 2984 3089 2981
f 2984 3091 3089
f 3090 2985 2982
f 3092 2985 3090
f 2986 3091 2984
f 2986 3093 3091
f 3092 2987 2985
f 3094 2987 3092
f 2988 3093 2986
f 2988 3095 3093
f 3094 2989 2987
f 3096 2989 3094
f 2990 3095 2988
f 2990 3097 3095
f 3096 2991 2989
f 3098 2991 3096
f 3099 3097 2990
f 3099 2990 2992
f 2992 2993 3099
f 3099 2993 3100
f 3098 2994 2991
f 3101 2994 3098
f 2995 3100 2993
f 2995 3102 3100
f 3104 3103 2997
f 2997 3103 2996
f 2997 2994 3101
f 2997 3101 3104
f 3105 3102 2995
f 3105 2995 2998
f 2998 2999 3105
f 3105 2999 3106
f 3108 3107 3001
f 3001 3107 3000
f 3109 3001 3002
f 3109 3108 3001
f 3002 2996 3103
f 3002 3103 3109
f 3110 3106 2999
f 3110 2999 3003
f 3111 3003 3004
f 3111 3110 3003
f 3112 3004 3005
f 3112 3111 3004
f 3113 3005 3006
f 3113 3112 3005
f 3114 3006 3007
f 3114 3113 3006
f 3115 3007 3008
f 3115 3114 3007
f 3008 3000 3107
f 3008 3107 3115
f 3117 3116 3009
f 3117 3009 3010
f 3009 3118 3011
f 3116 3118 3009
f 3011 3119 3012
f 3118 3119 3011
f 3012 3120 3013
f 3119 3120 3012
f 3013 3121 3014
f 3120 3121 3013
f 3014 3122 3015
f 3121 3122 3014
f 3015 3123 3016
f 3122 3123 3015
f 3016 3124 3017
f 3123 3124 3016
f 3017 3125 3018
f 3124 3125 3017
f 3018 3126 3019
f 3125 3126 3018
f 3019 3127 3020
f 3126 3127 3019
f 3020 3128 3021
f 3127 3128 3020
f 3021 3129 3022
f 3128 3129 3021
f 3022 3130 3023
f 3129 3130 3022
f 3023 3131 3024
f 3130 3131 3023
f 3024 3132 3025
f 3131 3132 3024
f 3025 3133 3026
f 3132 3133 3025
f 3026 3134 3027
f 3133 3134 3026
f 3027 3135 3028
f 3134 3135 3027
f 3028 3136 3029
f 3135 3136 3028
f 3029 3137 3030
f 3136 3137 3029
f 3030 3138 3031
f 3137 3138 3030
f 3031 3139 3032
f 3138 3139 3031
f 3032 3140 3033
f 3139 3140 3032
f 3033 3141 3034
f 3140 3141 3033
f 3034 3142 3035
f 3141 3142 3034
f 3035 3143 3036
f 3142 3143 3035
f 3036 3144 3037
f 3143 3144 3036
f 3038 3037 3144
f 3038 3144 3145
f 3039 3117 3010
f 3039 3146 3117
f 3145 3147 3038
f 3038 3147 3040
f 3041 3040 3147
f 3041 3147 3148
f 3042 3146 3039
f 3042 3149 3146
f 3151 3150 3044
f 3044 3150 3043
f 3044 3041 3148
f 3044 3148 3151
f 3045 3149 3042
f 3045 3152 3149
f 3150 3046 3043
f 3153 3046 3150
f 3047 3152 3045
f 3047 3154 3152
f 3153 3048 3046
f 3155 3048 3153
f 3049 3154 3047
f 3049 3156 3154
f 3155 3157 3048
f 3048 3157 3050
f 3051 3050 3157
f 3051 3157 3158
f 3160 3159 3053
f 3160 3053 3054
f 3049 3053 3156
f 3156 3053 3159
f 3158 3055 3051
f 3161 3055 3158
f 3056 3160 3054
f 3056 3162 3160
f 3161 3057 3055
f 3163 3057 3161
f 3058 3162 3056
f 3058 3164 3162
f 3163 3059 3057
f 3165 3059 3163
f 3060 3164 3058
f 3060 3166 3164
f 3165 3061 3059
f 3167 3061 3165
f 3062 3166 3060
f 3062 3168 3166
f 3167 3063 3061
f 3169 3063 3167
f 3170 3168 3062
f 3170 3062 3064
f 3171 3064 3065
f 3171 3170 3064
f 3172 3065 3066
f 3172 3171 3065
f 3173 3066 3067
f 3173 3172 3066
f 3174 3067 3068
f 3174 3173 3067
f 3175 3068 3069
f 3175 3174 3068
f 3176 3069 3070
f 3176 3175 3069
f 3177 3070 3071
f 3177 3176 3070
f 3178 3071 3072
f 3178 3177 3071
f 3179 3072 3073
f 3179 3178 3072
f 3180 3073 3074
f 3180 3179 3073
f 3181 3074 3075
f 3181 3180 3074
f 3182 3075 3076
f 3182 3181 3075
f 3183 3076 3077
f 3183 3182 3076
f 3184 3077 3078
f 3184 3183 3077
f 3185 3078 3079
f 3185 3184 3078
f 3186 3079 3080
f 3186 3185 3079
f 3187 3080 3081
f 3187 3186 3080
f 3188 3081 3082
f 3188 3187 3081
f 3082 3083 3188
f 3188 3083 3189
f 3169 3084 3063
f 3190 3084 3169
f 3085 3189 3083
f 3085 3191 3189
f 3190 3086 3084
f 3192 3086 3190
f 3087 3191 3085
f 3087 3193 3191
f 3192 3088 3086
f 3194 3088 3192
f 3089 3193 3087
f 3089 3195 3193
f 3194 3090 3088
f 3196 3090 3194
f 3091 3195 3089
f 3091 3197 3195
f 3196 3092 3090
f 3198 3092 3196
f 3093 3197 3091
f 3093 3199 3197
f 3198 3094 3092
f 3200 3094 3198
f 3095 3199 3093
f 3095 3201 3199
f 3200 3096 3094
f 3202 3096 3200
f 3097 3201 3095
f 3097 3203 3201
f 3202 3098 3096
f 3204 3098 3202
f 3205 3203 3097
f 3205 3097 3099
f 3099 3100 3205
f 3205 3100 3206
f 3204 3101 3098
f 3207 3101 3204
f 3102 3206 3100
f 3102 3208 3206
f 3210 3209 3104
f 3104 3209 3103
f 3104 3101 3207
f 3104 3207 3210
f 3211 3208 3102
f 3211 3102 3105
f 3105 3106 3211
f 3211 3106 3212
f 3214 3213 3108
f 3108 3213 3107
f 3215 3108 3109
f 3215 3214 3108
f 3109 3103 3209
f 3109 3209 3215
f 3216 3212 3106
f 3216 3106 3110
f 3217 3110 3111
f 3217 3216 3110
f 3218 3111 3112
f 3218 3217 3111
f 3219 3112 3113
f 3219 3218 3112
f 3220 3113 3114
f 3220 3219 3113
f 3221 3114 3115
f 3221 3220 3114
f 3115 3107 3213
f 3115 3213 3221
f 3223 3222 3116
f 3223 3116 3117
f 3116 3224 3118
f 3222 3224 3116
f 3118 3225 3119
f 3224 3225 3118
f 3119 3226 3120
f 3225 3226 3119
f 3120 3227 3121
f 3226 3227 3120
f 3121 3228 3122
f 3227 3228 3121
f 3122 3229 3123
f 3228 3229 3122
f 3123 3230 3124
f 3229 3230 3123
f 3124 3231 3125
f 3230 3231 3124
f 3125 3232 3126
f 3231 3232 3125
f 3126 3233 3127
f 3232 3233 3126
f 3127 3234 3128
f 3233 3234 3127
f 3128 3235 3129
f 3234 3235 3128
f 3129 3236 3130
f 3235 3236 3129
f 3130 3237 3131
f 3236 3237 3130
f 3131 3238 3132
f 3237 3238 3131
f 3132 3239 3133
f 3238 3239 3132
f 3133 3240 3134
f 3239 3240 3133
f 3134 3241 3135
f 3240 3241 3134
f 3135 3242 3136
f 3241 3242 3135
f 3136 3243 3137
f 3242 3243 3136
f 3137 3244 3138
f 3243 3244 3137
f 3138 3245 3139
f 3244 3245 3138
f 3139 3246 3140
f 3245 3246 3139
f 3140 3247 3141
f 3246 3247 3140
f 3141 3248 3142
f 3247 3248 3141
f 3142 3249 3143
f 3248 3249 3142
f 3143 3250 3144
f 3249 3250 3143
f 3145 3144 3250
f 3145 3250 3251
f 3146 3223 3117
f 3146 3252 3223
f 3251 3253 3145
f 3145 3253 3147
f 3148 3147 3253
f 3148 3253 3254
f 3149 3252 3146
f 3149 3255 3252
f 3257 3256 3151
f 3151 3256 3150
f 3151 3148 3254
f 3151 3254 3257
f 3152 3255 3149
f 3152 3258 3255
f 3256 3153 3150
f 3259 3153 3256
f 3154 3258 3152
f 3154 3260 3258
f 3259 3155 3153
f 3261 3155 3259
f 3156 3260 3154
f 3156 3262 3260
f 3261 3263 3155
f 3155 3263 3157
f 3158 3157 3263
f 3158 3263 3264
f 3266 3265 3159
f 3266 3159 3160
f 3156 3159 3262
f 3262 3159 3265
f 3264 3161 3158
f 3267 3161 3264
f 3162 3266 3160
f 3162 3268 3266
f 3267 3163 3161
f 3269 3163 3267
f 3164 3268 3162
f 3164 3270 3268
f 3269 3165 3163
f 3271 3165 3269
f 3166 3270 3164
f 3166 3272 3270
f 3271 3167 3165
f 3273 3167 3271
f 3168 3272 3166
f 3168 3274 3272
f 3273 3169 3167
f 3275 3169 3273
f 3276 3274 3168
f 3276 3168 3170
f 3277 3170 3171
f 3277 3276 3170
f 3278 3171 3172
f 3278 3277 3171
f 3279 3172 3173
f 3279 3278 3172
f 3280 3173 3174
f 3280 3279 3173
f 3281 3174 3175
f 3281 3280 3174
f 3282 3175 3176
f 3282 3281 3175
f 3283 3176 3177
f 3283 3282 3176
f 3284 3177 3178
f 3284 3283 3177
f 3285 3178 3179
f 3285 3284 3178
f 3286 3179 3180
f 3286 3285 3179
f 3287 3180 3181
f 3287 3286 3180
f 3288 3181 3182
f 3288 3287 3181
f 3289 3182 3183
f 3289 3288 3182
f 3290 3183 3184
f 3290 3289 3183
f 3291 3184 3185
f 3291 3290 3184
f 3292 3185 3186
f 3292 3291 3185
f 3293 3186 3187
f 3293 3292 3186
f 3294 3187 3188
f 3294 3293 3187
f 3188 3189 3294
f 3294 3189 3295
f 3275 3190 3169
f 3296 3190 3275
f 3191 3295 3189
f 3191 3297 3295
f 3296 3192 3190
f 3298 3192 3296
f 3193 3297 3191
f 3193 3299 3297
f 3298 3194 3192
f 3300 3194 3298
f 3195 3299 3193
f 3195 3301 3299
f 3300 3196 3194
f 3302 3196 3300
f 3197 3301 3195
f 3197 3303 3301
f 3302 3198 3196
f 3304 3198 3302
f 3199 3303 3197
f 3199 3305 3303
f 3304 3200 3198
f 3306 3200 3304
f 3201 3305 3199
f 3201 3307 3305
f 3306 3202 3200
f 3308 3202 3306
f 3203 3307 3201
f 3203 3309 3307
f 3308 3204 3202
f 3310 3204 3308
f 3311 3309 3203
f 3311 3203 3205
f 3205 3206 3311
f 3311 3206 3312
f 3315 3314 3313
f 3310 3315 3313
f 3207 3310 3313
f 3204 3310 3207
f 3208 3312 3206
f 3208 3316 3312
f 3313 3314 3210
f 3314 3209 3210
f 3314 3317 3209
f 3313 3210 3207
f 3318 3316 3208
f 3318 3208 3211
f 3211 3212 3318
f 3318 3212 3319
f 3321 3320 3214
f 3214 3320 3213
f 3322 3214 3215
f 3322 3321 3214
f 3215 3209 3317
f 3215 3317 3322
f 3323 3319 3212
f 3323 3212 3216
f 3324 3216 3217
f 3324 3323 3216
f 3325 3217 3218
f 3325 3324 3217
f 3326 3218 3219
f 3326 3325 3218
f 3327 3219 3220
f 3327 3326 3219
f 3328 3220 3221
f 3328 3327 3220
f 3221 3213 3320
f 3221 3320 3328
f 3330 3329 3222
f 3330 3222 3223
f 3222 3331 3224
f 3329 3331 3222
f 3224 3332 3225
f 3331 3332 3224
f 3225 3333 3226
f 3332 3333 3225
f 3226 3334 3227
f 3333 3334 3226
f 3227 3335 3228
f 3334 3335 3227
f 3228 3336 3229
f 3335 3336 3228
f 3229 3337 3230
f 3336 3337 3229
f 3230 3338 3231
f 3337 3338 3230
f 3231 3339 3232
f 3338 3339 3231
f 3232 3340 3233
f 3339 3340 3232
f 3233 3341 3234
f 3340 3341 3233
f 3234 3342 3235
f 3341 3342 3234
f 3235 3343 3236
f 3342 3343 3235
f 3236 3344 3237
f 3343 3344 3236
f 3237 3345 3238
f 3344 3345 3237
f 3238 3346 3239
f 3345 3346 3238
f 3239 3347 3240
f 3346 3347 3239
f 3240 3348 3241
f 3347 3348 3240
f 3241 3349 3242
f 3348 3349 3241
f 3242 3350 3243
f 3349 3350 3242
f 3243 3351 3244
f 3350 3351 3243
f 3244 3352 3245
f 3351 3352 3244
f 3245 3353 3246
f 3352 3353 3245
f 3246 3354 3247
f 3353 3354 3246
f 3247 3355 3248
f 3354 3355 3247
f 3248 3356 3249
f 3355 3356 3248
f 3249 3357 3250
f 3356 3357 3249
f 3251 3250 3357
f 3251 3357 3358
f 3252 3330 3223
f 3252 3359 3330
f 3358 3360 3251
f 3251 3360 3253
f 3254 3253 3360
f 3254 3360 3361
f 3255 3359 3252
f 3255 3362 3359
f 3363 3256 3257
f 3364 3363 3257
f 3254 3364 3257
f 3361 3364 3254
f 3258 3362 3255
f 3258 3365 3362
f 3367 3366 3363
f 3366 3256 3363
f 3366 3259 3256
f 3367 3363 3364
f 3260 3365 3258
f 3260 3368 3365
f 3366 3261 3259
f 3369 3261 3366
f 3262 3368 3260
f 3262 3370 3368
f 3369 3371 3261
f 3261 3371 3263
f 3264 3263 3371
f 3264 3371 3372
f 3374 3373 3265
f 3374 3265 3266
f 3262 3265 3370
f 3370 3265 3373
f 3372 3267 3264
f 3375 3267 3372
f 3268 3374 3266
f 3268 3376 3374
f 3375 3269 3267
f 3377 3269 3375
f 3270 3376 3268
f 3270 3378 3376
f 3377 3271 3269
f 3379 3271 3377
f 3272 3378 3270
f 3272 3380 3378
f 3379 3273 3271
f 3381 3273 3379
f 3274 3380 3272
f 3274 3382 3380
f 3381 3275 3273
f 3383 3275 3381
f 3384 3382 3274
f 3384 3274 3276
f 3385 3276 3277
f 3385 3384 3276
f 3386 3277 3278
f 3386 3385 3277
f 3387 3278 3279
f 3387 3386 3278
f 3388 3279 3280
f 3388 3387 3279
f 3389 3280 3281
f 3389 3388 3280
f 3390 3281 3282
f 3390 3389 3281
f 3391 3282 3283
f 3391 3390 3282
f 3392 3283 3284
f 3392 3391 3283
f 3393 3284 3285
f 3393 3392 3284
f 3394 3285 3286
f 3394 3393 3285
f 3395 3286 3287
f 3395 3394 3286
f 3396 3287 3288
f 3396 3395 3287
f 3397 3288 3289
f 3397 3396 3288
f 3398 3289 3290
f 3398 3397 3289
f 3399 3290 3291
f 3399 3398 3290
f 3400 3291 3292
f 3400 3399 3291
f 3401 3292 3293
f 3401 3400 3292
f 3402 3293 3294
f 3402 3401 3293
f 3294 3295 3402
f 3402 3295 3403
f 3383 3296 3275
f 3404 3296 3383
f 3297 3403 3295
f 3297 3405 3403
f 3404 3298 3296
f 3406 3298 3404
f 3299 3405 3297
f 3299 3407 3405
f 3406 3300 3298
f 3408 3300 3406
f 3301 3407 3299
f 3301 3409 3407
f 3408 3302 3300
f 3410 3302 3408
f 3303 3409 3301
f 3303 3411 3409
f 3410 3304 3302
f 3412 3304 3410
f 3305 3411 3303
f 3305 3413 3411
f 3412 3306 3304
f 3414 3306 3412
f 3307 3413 3305
f 3307 3415 3413
f 3414 3308 3306
f 3416 3308 3414
f 3309 3415 3307
f 3309 3417 3415
f 3416 3310 3308
f 3418 3310 3416
f 3419 3417 3309
f 3419 3309 3311
f 3311 3312 3419
f 3419 3312 3420
f 3422 3421 3315
f 3315 3421 3314
f 3315 3310 3418
f 3315 3418 3422
f 3316 3420 3312
f 3316 3423 3420
f 3421 3317 3314
f 3424 3317 3421
f 3425 3423 3316
f 3425 3316 3318
f 3318 3319 3425
f 3425 3319 3426
f 3428 3427 3321
f 3321 3427 3320
f 3429 3321 3322
f 3429 3428 3321
f 3322 3317 3424
f 3322 3424 3429
f 3430 3426 3319
f 3430 3319 3323
f 3431 3323 3324
f 3431 3430 3323
f 3432 3324 3325
f 3432 3431 3324
f 3433 3325 3326
f 3433 3432 3325
f 3434 3326 3327
f 3434 3433 3326
f 3435 3327 3328
f 3435 3434 3327
f 3328 3320 3427
f 3328 3427 3435
f 3437 3436 3329
f 3437 3329 3330
f 3329 3438 3331
f 3436 3438 3329
f 3331 3439 3332
f 3438 3439 3331
f 3332 3440 3333
f 3439 3440 3332
f 3333 3441 3334
f 3440 3441 3333
f 3334 3442 3335
f 3441 3442 3334
f 3335 3443 3336
f 3442 3443 3335
f 3336 3444 3337
f 3443 3444 3336
f 3337 3445 3338
f 3444 3445 3337
f 3338 3446 3339
f 3445 3446 3338
f 3339 3447 3340
f 3446 3447 3339
f 3340 3448 3341
f 3447 3448 3340
f 3341 3449 3342
f 3448 3449 3341
f 3342 3450 3343
f 3449 3450 3342
f 3343 3451 3344
f 3450 3451 3343
f 3344 3452 3345
f 3451 3452 3344
f 3345 3453 3346
f 3452 3453 3345
f 3346 3454 3347
f 3453 3454 3346
f 3347 3455 3348
f 3454 3455 3347
f 3348 3456 3349
f 3455 3456 3348
f 3349 3457 3350
f 3456 3457 3349
f 3350 3458 3351
f 3457 3458 3350
f 3351 3459 3352
f 3458 3459 3351
f 3352 3460 3353
f 3459 3460 3352
f 3353 3461 3354
f 3460 3461 3353
f 3354 3462 3355
f 3461 3462 3354
f 3355 3463 3356
f 3462 3463 3355
f 3356 3464 3357
f 3463 3464 3356
f 3358 3357 3464
f 3358 3464 3465
f 3359 3437 3330
f 3359 3466 3437
f 3465 3467 3358
f 3358 3467 3360
f 3361 3360 3467
f 3361 3467 3468
f 3362 3466 3359
f 3362 3469 3466
f 3468 3364 3361
f 3470 3364 3468
f 3365 3469 3362
f 3365 3471 3469
f 3473 3472 3367
f 3367 3472 3366
f 3367 3364 3470
f 3367 3470 3473
f 3368 3471 3365
f 3368 3474 3471
f 3472 3369 3366
f 3475 3369 3472
f 3370 3474 3368
f 3370 3476 3474
f 3475 3477 3369
f 3369 3477 3371
f 3372 3371 3477
f 3372 3477 3478
f 3480 3479 3373
f 3480 3373 3374
f 3370 3373 3476
f 3476 3373 3479
f 3478 3375 3372
f 3481 3375 3478
f 3376 3480 3374
f 3376 3482 3480
f 3481 3377 3375
f 3483 3377 3481
f 3378 3482 3376
f 3378 3484 3482
f 3483 3379 3377
f 3485 3379 3483
f 3380 3484 3378
f 3380 3486 3484
f 3485 3381 3379
f 3487 3381 3485
f 3382 3486 3380
f 3382 3488 3486
f 3487 3383 3381
f 3489 3383 3487
f 3490 3488 3382
f 3490 3382 3384
f 3491 3384 3385
f 3491 3490 3384
f 3492 3385 3386
f 3492 3491 3385
f 3493 3386 3387
f 3493 3492 3386
f 3494 3387 3388
f 3494 3493 3387
f 3495 3388 3389
f 3495 3494 3388
f 3496 3389 3390
f 3496 3495 3389
f 3497 3390 3391
f 3497 3496 3390
f 3498 3391 3392
f 3498 3497 3391
f 3499 3392 3393
f 3499 3498 3392
f 3500 3393 3394
f 3500 3499 3393
f 3501 3394 3395
f 3501 3500 3394
f 3502 3395 3396
f 3502 3501 3395
f 3503 3396 3397
f 3503 3502 3396
f 3504 3397 3398
f 3504 3503 3397
f 3505 3398 3399
f 3505 3504 3398
f 3506 3399 3400
f 3506 3505 3399
f 3507 3400 3401
f 3507 3506 3400
f 3508 3401 3402
f 3508 3507 3401
f 3402 3403 3508
f 3508 3403 3509
f 3489 3404 3383
f 3510 3404 3489
f 3405 3509 3403
f 3405 3511 3509
f 3510 3406 3404
f 3512 3406 3510
f 3407 3511 3405
f 3407 3513 3511
f 3512 3408 3406
f 3514 3408 3512
f 3409 3513 3407
f 3409 3515 3513
f 3514 3410 3408
f 3516 3410 3514
f 3411 3515 3409
f 3411 3517 3515
f 3516 3412 3410
f 3518 3412 3516
f 3413 3517 3411
f 3413 3519 3517
f 3518 3414 3412
f 3520 3414 3518
f 3415 3519 3413
f 3415 3521 3519
f 3520 3416 3414
f 3522 3416 3520
f 3417 3521 3415
f 3417 3523 3521
f 3522 3418 3416
f 3524 3418 3522
f 3525 3523 3417
f 3525 3417 3419
f 3419 3420 3525
f 3525 3420 3526
f 3528 3527 3422
f 3422 3527 3421
f 3422 3418 3524
f 3422 3524 3528
f 3423 3526 3420
f 3423 3529 3526
f 3527 3424 3421
f 3530 3424 3527
f 3531 3529 3423
f 3531 3423 3425
f 3425 3426 3531
f 3531 3426 3532
f 3534 3533 3428
f 3428 3533 3427
f 3535 3428 3429
f 3535 3534 3428
f 3429 3424 3530
f 3429 3530 3535
f 3536 3532 3426
f 3536 3426 3430
f 3537 3430 3431
f 3537 3536 3430
f 3538 3431 3432
f 3538 3537 3431
f 3539 3432 3433
f 3539 3538 3432
f 3540 3433 3434
f 3540 3539 3433
f 3541 3434 3435
f 3541 3540 3434
f 3435 3427 3533
f 3435 3533 3541
f 3543 3542 3436
f 3543 3436 3437
f 3436 3544 3438
f 3542 3544 3436
f 3438 3545 3439
f 3544 3545 3438
f 3439 3546 3440
f 3545 3546 3439
f 3440 3547 3441
f 3546 3547 3440
f 3441 3548 3442
f 3547 3548 3441
f 3442 3549 3443
f 3548 3549 3442
f 3443 3550 3444
f 3549 3550 3443
f 3444 3551 3445
f 3550 3551 3444
f 3445 3552 3446
f 3551 3552 3445
f 3446 3553 3447
f 3552 3553 3446
f 3447 3554 3448
f 3553 3554 3447
f 3448 3555 3449
f 3554 3555 3448
f 3449 3556 3450
f 3555 3556 3449
f 3450 3557 3451
f 3556 3557 3450
f 3451 3558 3452
f 3557 3558 3451
f 3452 3559 3453
f 3558 3559 3452
f 3453 3560 3454
f 3559 3560 3453
f 3454 3561 3455
f 3560 3561 3454
f 3455 3562 3456
f 3561 3562 3455
f 3456 3563 3457
f 3562 3563 3456
f 3457 3564 3458
f 3563 3564 3457
f 3458 3565 3459
f 3564 3565 3458
f 3459 3566 3460
f 3565 3566 3459
f 3460 3567 3461
f 3566 3567 3460
f 3461 3568 3462
f 3567 3568 3461
f 3462 3569 3463
f 3568 3569 3462
f 3463 3570 3464
f 3569 3570 3463
f 3465 3464 3570
f 3465 3570 3571
f 3466 3543 3437
f 3466 3572 3543
f 3571 3573 3465
f 3465 3573 3467
f 3468 3467 3573
f 3468 3573 3574
f 3469 3572 3466
f 3469 3575 3572
f 3574 3470 3468
f 3576 3470 3574
f 3471 3575 3469
f 3471 3577 3575
f 3579 3578 3473
f 3473 3578 3472
f 3473 3470 3576
f 3473 3576 3579
f 3474 3577 3471
f 3474 3580 3577
f 3578 3475 3472
f 3581 3475 3578
f 3476 3580 3474
f 3476 3582 3580
f 3581 3583 3475
f 3475 3583 3477
f 3478 3477 3583
f 3478 3583 3584
f 3586 3585 3479
f 3586 3479 3480
f 3476 3479 3582
f 3582 3479 3585
f 3584 3481 3478
f 3587 3481 3584
f 3482 3586 3480
f 3482 3588 3586
f 3587 3483 3481
f 3589 3483 3587
f 3484 3588 3482
f 3484 3590 3588
f 3589 3485 3483
f 3591 3485 3589
f 3486 3590 3484
f 3486 3592 3590
f 3591 3487 3485
f 3593 3487 3591
f 3488 3592 3486
f 3488 3594 3592
f 3597 3596 3595
f 3595 3598 3597
f 3593 3489 3487
f 3599 3489 3593
f 3600 3594 3488
f 3600 3488 3490
f 3601 3490 3491
f 3601 3600 3490
f 3602 3491 3492
f 3602 3601 3491
f 3603 3492 3493
f 3603 3602 3492
f 3604 3493 3494
f 3604 3603 3493
f 3605 3494 3495
f 3605 3604 3494
f 3606 3495 3496
f 3606 3605 3495
f 3607 3496 3497
f 3607 3606 3496
f 3608 3497 3498
f 3608 3607 3497
f 3609 3498 3499
f 3609 3608 3498
f 3610 3499 3500
f 3610 3609 3499
f 3611 3500 3501
f 3611 3610 3500
f 3612 3501 3502
f 3612 3611 3501
f 3613 3502 3503
f 3613 3612 3502
f 3614 3503 3504
f 3614 3613 3503
f 3505 3595 3596
f 3614 3505 3596
f 3504 3505 3614
f 3615 3598 3595
f 3505 3615 3595
f 3506 3615 3505
f 3616 3506 3507
f 3616 3615 3506
f 3617 3507 3508
f 3617 3616 3507
f 3508 3509 3617
f 3617 3509 3618
f 3599 3510 3489
f 3619 3510 3599
f 3511 3618 3509
f 3511 3620 3618
f 3619 3512 3510
f 3621 3512 3619
f 3513 3620 3511
f 3513 3622 3620
f 3621 3514 3512
f 3623 3514 3621
f 3515 3622 3513
f 3515 3624 3622
f 3623 3516 3514
f 3625 3516 3623
f 3517 3624 3515
f 3517 3626 3624
f 3625 3518 3516
f 3627 3518 3625
f 3519 3626 3517
f 3519 3628 3626
f 3627 3520 3518
f 3629 3520 3627
f 3521 3628 3519
f 3521 3630 3628
f 3629 3522 3520
f 3631 3522 3629
f 3523 3630 3521
f 3523 3632 3630
f 3631 3524 3522
f 3633 3524 3631
f 3634 3632 3523
f 3634 3523 3525
f 3525 3526 3634
f 3634 3526 3635
f 3637 3636 3528
f 3528 3636 3527
f 3528 3524 3633
f 3528 3633 3637
f 3529 3635 3526
f 3529 3638 3635
f 3636 3530 3527
f 3639 3530 3636
f 3640 3638 3529
f 3640 3529 3531
f 3531 3532 3640
f 3640 3532 3641
f 3643 3642 3534
f 3534 3642 3533
f 3644 3534 3535
f 3644 3643 3534
f 3535 3530 3639
f 3535 3639 3644
f 3645 3641 3532
f 3645 3532 3536
f 3646 3536 3537
f 3646 3645 3536
f 3647 3537 3538
f 3647 3646 3537
f 3648 3538 3539
f 3648 3647 3538
f 3649 3539 3540
f 3649 3648 3539
f 3650 3540 3541
f 3650 3649 3540
f 3541 3533 3642
f 3541 3642 3650
f 3652 3651 3542
f 3652 3542 3543
f 3542 3653 3544
f 3651 3653 3542
f 3544 3654 3545
f 3653 3654 3544
f 3545 3655 3546
f 3654 3655 3545
f 3546 3656 3547
f 3655 3656 3546
f 3547 3657 3548
f 3656 3657 3547
f 3548 3658 3549
f 3657 3658 3548
f 3549 3659 3550
f 3658 3659 3549
f 3550 3660 3551
f 3659 3660 3550
f 3551 3661 3552
f 3660 3661 3551
f 3552 3662 3553
f 3661 3662 3552
f 3553 3663 3554
f 3662 3663 3553
f 3554 3664 3555
f 3663 3664 3554
f 3555 3665 3556
f 3664 3665 3555
f 3556 3666 3557
f 3665 3666 3556
f 3557 3667 3558
f 3666 3667 3557
f 3558 3668 3559
f 3667 3668 3558
f 3559 3669 3560
f 3668 3669 3559
f 3560 3670 3561
f 3669 3670 3560
f 3561 3671 3562
f 3670 3671 3561
f 3562 3672 3563
f 3671 3672 3562
f 3563 3673 3564
f 3672 3673 3563
f 3564 3674 3565
f 3673 3674 3564
f 3565 3675 3566
f 3674 3675 3565
f 3566 3676 3567
f 3675 3676 3566
f 3567 3677 3568
f 3676 3677 3567
f 3568 3678 3569
f 3677 3678 3568
f 3569 3679 3570
f 3678 3679 3569
f 3571 3570 3679
f 3571 3679 3680
f 3572 3652 3543
f 3572 3681 3652
f 3680 3682 3571
f 3571 3682 3573
f 3574 3573 3682
f 3574 3682 3683
f 3575 3681 3572
f 3575 3684 3681
f 3683 3576 3574
f 3685 3576 3683
f 3577 3684 3575
f 3577 3686 3684
f 3687 3578 3579
f 3688 3687 3579
f 3576 3688 3579
f 3685 3688 3576
f 3580 3686 3577
f 3580 3689 3686
f 3690 3581 3687
f 3687 3581 3578
f 3687 3688 3691
f 3687 3691 3690
f 3582 3689 3580
f 3582 3692 3689
f 3690 3583 3581
f 3584 3583 3690
f 3691 3584 3690
f 3693 3584 3691
f 3695 3694 3585
f 3695 3585 3586
f 3582 3585 3692
f 3692 3585 3694
f 3693 3587 3584
f 3696 3587 3693
f 3588 3695 3586
f 3588 3697 3695
f 3696 3589 3587
f 3698 3589 3696
f 3590 3697 3588
f 3590 3699 3697
f 3698 3591 3589
f 3700 3591 3698
f 3592 3699 3590
f 3592 3701 3699
f 3700 3593 3591
f 3702 3593 3700
f 3594 3701 3592
f 3594 3703 3701
f 3705 3704 3597
f 3597 3704 3596
f 3597 3598 3705
f 3705 3598 3706
f 3702 3599 3593
f 3707 3599 3702
f 3708 3703 3594
f 3708 3594 3600
f 3709 3600 3601
f 3709 3708 3600
f 3710 3601 3602
f 3710 3709 3601
f 3711 3602 3603
f 3711 3710 3602
f 3712 3603 3604
f 3712 3711 3603
f 3713 3604 3605
f 3713 3712 3604
f 3714 3605 3606
f 3714 3713 3605
f 3715 3606 3607
f 3715 3714 3606
f 3716 3607 3608
f 3716 3715 3607
f 3717 3608 3609
f 3717 3716 3608
f 3718 3609 3610
f 3718 3717 3609
f 3719 3610 3611
f 3719 3718 3610
f 3720 3611 3612
f 3720 3719 3611
f 3721 3612 3613
f 3721 3720 3612
f 3722 3613 3614
f 3722 3721 3613
f 3614 3596 3704
f 3614 3704 3722
f 3723 3706 3598
f 3723 3598 3615
f 3724 3615 3616
f 3724 3723 3615
f 3725 3616 3617
f 3725 3724 3616
f 3617 3618 3725
f 3725 3618 3726
f 3707 3619 3599
f 3727 3619 3707
f 3620 3726 3618
f 3620 3728 3726
f 3727 3621 3619
f 3729 3621 3727
f 3622 3728 3620
f 3622 3730 3728
f 3729 3623 3621
f 3731 3623 3729
f 3624 3730 3622
f 3624 3732 3730
f 3731 3625 3623
f 3733 3625 3731
f 3626 3732 3624
f 3626 3734 3732
f 3733 3627 3625
f 3735 3627 3733
f 3628 3734 3626
f 3628 3736 3734
f 3735 3629 3627
f 3737 3629 3735
f 3630 3736 3628
f 3630 3738 3736
f 3737 3631 3629
f 3739 3631 3737
f 3632 3738 3630
f 3632 3740 3738
f 3739 3633 3631
f 3741 3633 3739
f 3742 3740 3632
f 3742 3632 3634
f 3634 3635 3742
f 3742 3635 3743
f 3745 3744 3637
f 3637 3744 3636
f 3637 3633 3741
f 3637 3741 3745
f 3638 3743 3635
f 3638 3746 3743
f 3744 3639 3636
f 3747 3639 3744
f 3748 3746 3638
f 3748 3638 3640
f 3640 3641 3748
f 3748 3641 3749
f 3751 3750 3643
f 3643 3750 3642
f 3752 3643 3644
f 3752 3751 3643
f 3644 3639 3747
f 3644 3747 3752
f 3753 3749 3641
f 3753 3641 3645
f 3754 3645 3646
f 3754 3753 3645
f 3755 3646 3647
f 3755 3754 3646
f 3756 3647 3648
f 3756 3755 3647
f 3757 3648 3649
f 3757 3756 3648
f 3758 3649 3650
f 3758 3757 3649
f 3650 3642 3750
f 3650 3750 3758
f 3760 3759 3651
f 3760 3651 3652
f 3651 3761 3653
f 3759 3761 3651
f 3653 3762 3654
f 3761 3762 3653
f 3654 3763 3655
f 3762 3763 3654
f 3655 3764 3656
f 3763 3764 3655
f 3656 3765 3657
f 3764 3765 3656
f 3657 3766 3658
f 3765 3766 3657
f 3658 3767 3659
f 3766 3767 3658
f 3659 3768 3660
f 3767 3768 3659
f 3660 3769 3661
f 3768 3769 3660
f 3661 3770 3662
f 3769 3770 3661
f 3662 3771 3663
f 3770 3771 3662
f 3663 3772 3664
f 3771 3772 3663
f 3664 3773 3665
f 3772 3773 3664
f 3665 3774 3666
f 3773 3774 3665
f 3666 3775 3667
f 3774 3775 3666
f 3667 3776 3668
f 3775 3776 3667
f 3668 3777 3669
f 3776 3777 3668
f 3669 3778 3670
f 3777 3778 3669
f 3670 3779 3671
f 3778 3779 3670
f 3671 3780 3672
f 3779 3780 3671
f 3672 3781 3673
f 3780 3781 3672
f 3673 3782 3674
f 3781 3782 3673
f 3674 3783 3675
f 3782 3783 3674
f 3675 3784 3676
f 3783 3784 3675
f 3676 3785 3677
f 3784 3785 3676
f 3677 3786 3678
f 3785 3786 3677
f 3678 3787 3679
f 3786 3787 3678
f 3680 3679 3787
f 3680 3787 3788
f 3681 3760 3652
f 3681 3789 3760
f 3788 3790 3680
f 3680 3790 3682
f 3683 3682 3790
f 3683 3790 3791
f 3684 3789 3681
f 3684 3792 3789
f 3791 3685 3683
f 3793 3685 3791
f 3686 3792 3684
f 3686 3794 3792
f 3793 3688 3685
f 3795 3688 3793
f 3689 3794 3686
f 3689 3796 3794
f 3795 3691 3688
f 3797 3691 3795
f 3692 3796 3689
f 3692 3798 3796
f 3797 3693 3691
f 3799 3693 3797
f 3801 3800 3694
f 3801 3694 3695
f 3692 3694 3798
f 3798 3694 3800
f 3799 3696 3693
f 3802 3696 3799
f 3697 3801 3695
f 3697 3803 3801
f 3802 3698 3696
f 3804 3698 3802
f 3699 3803 3697
f 3699 3805 3803
f 3804 3700 3698
f 3806 3700 3804
f 3701 3805 3699
f 3701 3807 3805
f 3806 3702 3700
f 3808 3702 3806
f 3703 3807 3701
f 3703 3809 3807
f 3811 3810 3705
f 3705 3810 3704
f 3705 3706 3811
f 3811 3706 3812
f 3808 3707 3702
f 3813 3707 3808
f 3814 3809 3703
f 3814 3703 3708
f 3815 3708 3709
f 3815 3814 3708
f 3816 3709 3710
f 3816 3815 3709
f 3817 3710 3711
f 3817 3816 3710
f 3818 3711 3712
f 3818 3817 3711
f 3819 3712 3713
f 3819 3818 3712
f 3820 3713 3714
f 3820 3819 3713
f 3821 3714 3715
f 3821 3820 3714
f 3822 3715 3716
f 3822 3821 3715
f 3823 3716 3717
f 3823 3822 3716
f 3824 3717 3718
f 3824 3823 3717
f 3825 3718 3719
f 3825 3824 3718
f 3826 3719 3720
f 3826 3825 3719
f 3827 3720 3721
f 3827 3826 3720
f 3828 3721 3722
f 3828 3827 3721
f 3722 3704 3810
f 3722 3810 3828
f 3829 3812 3706
f 3829 3706 3723
f 3830 3723 3724
f 3830 3829 3723
f 3831 3724 3725
f 3831 3830 3724
f 3725 3726 3831
f 3831 3726 3832
f 3813 3727 3707
f 3833 3727 3813
f 3728 3832 3726
f 3728 3834 3832
f 3833 3729 3727
f 3835 3729 3833
f 3730 3834 3728
f 3730 3836 3834
f 3835 3731 3729
f 3837 3731 3835
f 3732 3836 3730
f 3732 3838 3836
f 3837 3733 3731
f 3839 3733 3837
f 3734 3838 3732
f 3734 3840 3838
f 3839 3735 3733
f 3841 3735 3839
f 3736 3840 3734
f 3736 3842 3840
f 3841 3737 3735
f 3843 3737 3841
f 3738 3842 3736
f 3738 3844 3842
f 3843 3739 3737
f 3845 3739 3843
f 3740 3844 3738
f 3740 3846 3844
f 3845 3741 3739
f 3847 3741 3845
f 3848 3846 3740
f 3848 3740 3742
f 3742 3743 3848
f 3848 3743 3849
f 3851 3850 3745
f 3745 3850 3744
f 3745 3741 3847
f 3745 3847 3851
f 3746 3849 3743
f 3746 3852 3849
f 3850 3747 3744
f 3853 3747 3850
f 3854 3852 3746
f 3854 3746 3748
f 3748 3749 3854
f 3854 3749 3855
f 3857 3856 3751
f 3751 3856 3750
f 3858 3751 3752
f 3858 3857 3751
f 3752 3747 3853
f 3752 3853 3858
f 3859 3855 3749
f 3859 3749 3753
f 3860 3753 3754
f 3860 3859 3753
f 3861 3754 3755
f 3861 3860 3754
f 3862 3755 3756
f 3862 3861 3755
f 3863 3756 3757
f 3863 3862 3756
f 3864 3757 3758
f 3864 3863 3757
f 3758 3750 3856
f 3758 3856 3864
f 3866 3865 3759
f 3866 3759 3760
f 3759 3867 3761
f 3865 3867 3759
f 3761 3868 3762
f 3867 3868 3761
f 3762 3869 3763
f 3868 3869 3762
f 3763 3870 3764
f 3869 3870 3763
f 3764 3871 3765
f 3870 3871 3764
f 3765 3872 3766
f 3871 3872 3765
f 3766 3873 3767
f 3872 3873 3766
f 3767 3874 3768
f 3873 3874 3767
f 3768 3875 3769
f 3874 3875 3768
f 3769 3876 3770
f 3875 3876 3769
f 3770 3877 3771
f 3876 3877 3770
f 3771 3878 3772
f 3877 3878 3771
f 3772 3879 3773
f 3878 3879 3772
f 3773 3880 3774
f 3879 3880 3773
f 3774 3881 3775
f 3880 3881 3774
f 3775 3882 3776
f 3881 3882 3775
f 3776 3883 3777
f 3882 3883 3776
f 3777 3884 3778
f 3883 3884 3777
f 3778 3885 3779
f 3884 3885 3778
f 3779 3886 3780
f 3885 3886 3779
f 3780 3887 3781
f 3886 3887 3780
f 3781 3888 3782
f 3887 3888 3781
f 3782 3889 3783
f 3888 3889 3782
f 3783 3890 3784
f 3889 3890 3783
f 3784 3891 3785
f 3890 3891 3784
f 3785 3892 3786
f 3891 3892 3785
f 3786 3893 3787
f 3892 3893 3786
f 3788 3787 3893
f 3788 3893 3894
f 3789 3866 3760
f 3789 3895 3866
f 3894 3896 3788
f 3788 3896 3790
f 3791 3790 3896
f 3791 3896 3897
f 3792 3895 3789
f 3792 3898 3895
f 3897 3793 3791
f 3899 3793 3897
f 3794 3898 3792
f 3794 3900 3898
f 3899 3795 3793
f 3901 3795 3899
f 3796 3900 3794
f 3796 3902 3900
f 3901 3797 3795
f 3903 3797 3901
f 3798 3902 3796
f 3798 3904 3902
f 3903 3799 3797
f 3905 3799 3903
f 3907 3906 3800
f 3907 3800 3801
f 3798 3800 3904
f 3904 3800 3906
f 3905 3802 3799
f 3908 3802 3905
f 3803 3907 3801
f 3803 3909 3907
f 3908 3804 3802
f 3910 3804 3908
f 3805 3909 3803
f 3805 3911 3909
f 3910 3806 3804
f 3912 3806 3910
f 3807 3911 3805
f 3807 3913 3911
f 3912 3808 3806
f 3914 3808 3912
f 3809 3913 3807
f 3809 3915 3913
f 3917 3916 3811
f 3811 3916 3810
f 3811 3812 3917
f 3917 3812 3918
f 3914 3813 3808
f 3919 3813 3914
f 3920 3915 3809
f 3920 3809 3814
f 3921 3814 3815
f 3921 3920 3814
f 3922 3815 3816
f 3922 3921 3815
f 3923 3816 3817
f 3923 3922 3816
f 3924 3817 3818
f 3924 3923 3817
f 3925 3818 3819
f 3925 3924 3818
f 3926 3819 3820
f 3926 3925 3819
f 3927 3820 3821
f 3927 3926 3820
f 3928 3821 3822
f 3928 3927 3821
f 3929 3822 3823
f 3929 3928 3822
f 3930 3823 3824
f 3930 3929 3823
f 3931 3824 3825
f 3931 3930 3824
f 3932 3825 3826
f 3932 3931 3825
f 3933 3826 3827
f 3933 3932 3826
f 3934 3827 3828
f 3934 3933 3827
f 3828 3810 3916
f 3828 3916 3934
f 3935 3918 3812
f 3935 3812 3829
f 3936 3829 3830
f 3936 3935 3829
f 3937 3830 3831
f 3937 3936 3830
f 3831 3832 3937
f 3937 3832 3938
f 3919 3833 3813
f 3939 3833 3919
f 3834 3938 3832
f 3834 3940 3938
f 3939 3835 3833
f 3941 3835 3939
f 3836 3940 3834
f 3836 3942 3940
f 3941 3837 3835
f 3943 3837 3941
f 3838 3942 3836
f 3838 3944 3942
f 3943 3839 3837
f 3945 3839 3943
f 3840 3944 3838
f 3840 3946 3944
f 3945 3841 3839
f 3947 3841 3945
f 3842 3946 3840
f 3842 3948 3946
f 3947 3843 3841
f 3949 3843 3947
f 3844 3948 3842
f 3844 3950 3948
f 3949 3845 3843
f 3951 3845 3949
f 3846 3950 3844
f 3846 3952 3950
f 3951 3847 3845
f 3953 3847 3951
f 3954 3952 3846
f 3954 3846 3848
f 3848 3849 3954
f 3954 3849 3955
f 3957 3956 3851
f 3851 3956 3850
f 3851 3847 3953
f 3851 3953 3957
f 3852 3955 3849
f 3852 3958 3955
f 3956 3853 3850
f 3959 3853 3956
f 3960 3958 3852
f 3960 3852 3854
f 3854 3855 3960
f 3960 3855 3961
f 3963 3962 3857
f 3857 3962 3856
f 3964 3857 3858
f 3964 3963 3857
f 3858 3853 3959
f 3858 3959 3964
f 3965 3961 3855
f 3965 3855 3859
f 3966 3859 3860
f 3966 3965 3859
f 3967 3860 3861
f 3967 3966 3860
f 3968 3861 3862
f 3968 3967 3861
f 3969 3862 3863
f 3969 3968 3862
f 3970 3863 3864
f 3970 3969 3863
f 3864 3856 3962
f 3864 3962 3970
f 3972 3971 3865
f 3972 3865 3866
f 3865 3973 3867
f 3971 3973 3865
f 3867 3974 3868
f 3973 3974 3867
f 3868 3975 3869
f 3974 3975 3868
f 3869 3976 3870
f 3975 3976 3869
f 3870 3977 3871
f 3976 3977 3870
f 3871 3978 3872
f 3977 3978 3871
f 3872 3979 3873
f 3978 3979 3872
f 3873 3980 3874
f 3979 3980 3873
f 3874 3981 3875
f 3980 3981 3874
f 3875 3982 3876
f 3981 3982 3875
f 3876 3983 3877
f 3982 3983 3876
f 3877 3984 3878
f 3983 3984 3877
f 3878 3985 3879
f 3984 3985 3878
f 3879 3986 3880
f 3985 3986 3879
f 3880 3987 3881
f 3986 3987 3880
f 3881 3988 3882
f 3987 3988 3881
f 3882 3989 3883
f 3988 3989 3882
f 3883 3990 3884
f 3989 3990 3883
f 3884 3991 3885
f 3990 3991 3884
f 3885 3992 3886
f 3991 3992 3885
f 3886 3993 3887
f 3992 3993 3886
f 3887 3994 3888
f 3993 3994 3887
f 3888 3995 3889
f 3994 3995 3888
f 3889 3996 3890
f 3995 3996 3889
f 3890 3997 3891
f 3996 3997 3890
f 3891 3998 3892
f 3997 3998 3891
f 3892 3999 3893
f 3998 3999 3892
f 3894 3893 3999
f 3894 3999 4000
f 3895 3972 3866
f 3895 4001 3972
f 4000 4002 3894
f 3894 4002 3896
f 3897 3896 4002
f 3897 4002 4003
f 3898 4001 3895
f 3898 4004 4001
f 4003 3899 3897
f 4005 3899 4003
f 3900 4004 3898
f 3900 4006 4004
f 4005 3901 3899
f 4007 3901 4005
f 3902 4006 3900
f 3902 4008 4006
f 4007 3903 3901
f 4009 3903 4007
f 3904 4008 3902
f 3904 4010 4008
f 4009 3905 3903
f 4011 3905 4009
f 4013 4012 3906
f 4013 3906 3907
f 3904 3906 4010
f 4010 3906 4012
f 4011 3908 3905
f 4014 3908 4011
f 3909 4013 3907
f 3909 4015 4013
f 4014 3910 3908
f 4016 3910 4014
f 3911 4015 3909
f 3911 4017 4015
f 4016 3912 3910
f 4018 3912 4016
f 3913 4017 3911
f 3913 4019 4017
f 4018 3914 3912
f 4020 3914 4018
f 3915 4019 3913
f 3915 4021 4019
f 4023 4022 3917
f 3917 4022 3916
f 4025 4024 3918
f 4024 3917 3918
f 4024 4023 3917
f 4025 4026 4024
f 4020 3919 3914
f 4027 3919 4020
f 4028 4021 3915
f 4028 3915 3920
f 4029 3920 3921
f 4029 4028 3920
f 4030 3921 3922
f 4030 4029 3921
f 4031 3922 3923
f 4031 4030 3922
f 4032 3923 3924
f 4032 4031 3923
f 4033 3924 3925
f 4033 4032 3924
f 4034 3925 3926
f 4034 4033 3925
f 4035 3926 3927
f 4035 4034 3926
f 4036 3927 3928
f 4036 4035 3927
f 4037 3928 3929
f 4037 4036 3928
f 4038 3929 3930
f 4038 4037 3929
f 4039 3930 3931
f 4039 4038 3930
f 4040 3931 3932
f 4040 4039 3931
f 4041 3932 3933
f 4041 4040 3932
f 4042 3933 3934
f 4042 4041 3933
f 3934 3916 4022
f 3934 4022 4042
f 3935 4025 3918
f 4043 4026 4025
f 3935 4043 4025
f 3936 4043 3935
f 4044 3936 3937
f 4044 4043 3936
f 3937 3938 4044
f 4044 3938 4045
f 4027 3939 3919
f 4046 3939 4027
f 3940 4045 3938
f 3940 4047 4045
f 4046 3941 3939
f 4048 3941 4046
f 3942 4047 3940
f 3942 4049 4047
f 4048 3943 3941
f 4050 3943 4048
f 3944 4049 3942
f 3944 4051 4049
f 4050 3945 3943
f 4052 3945 4050
f 3946 4051 3944
f 3946 4053 4051
f 4052 3947 3945
f 4054 3947 4052
f 3948 4053 3946
f 3948 4055 4053
f 4054 3949 3947
f 4056 3949 4054
f 3950 4055 3948
f 3950 4057 4055
f 4056 3951 3949
f 4058 3951 4056
f 3952 4057 3950
f 3952 4059 4057
f 4058 3953 3951
f 4060 3953 4058
f 4061 4059 3952
f 4061 3952 3954
f 3954 3955 4061
f 4061 3955 4062
f 4064 4063 3957
f 3957 4063 3956
f 3957 3953 4060
f 3957 4060 4064
f 3958 4062 3955
f 3958 4065 4062
f 4063 3959 3956
f 4066 3959 4063
f 4067 4065 3958
f 4067 3958 3960
f 3960 3961 4067
f 4067 3961 4068
f 4070 4069 3963
f 3963 4069 3962
f 4071 3963 3964
f 4071 4070 3963
f 3964 3959 4066
f 3964 4066 4071
f 4072 4068 3961
f 4072 3961 3965
f 4073 3965 3966
f 4073 4072 3965
f 4074 3966 3967
f 4074 4073 3966
f 4075 3967 3968
f 4075 4074 3967
f 4076 3968 3969
f 4076 4075 3968
f 4077 3969 3970
f 4077 4076 3969
f 3970 3962 4069
f 3970 4069 4077
f 4079 4078 3971
f 4079 3971 3972
f 3971 4080 3973
f 4078 4080 3971
f 3973 4081 3974
f 4080 4081 3973
f 3974 4082 3975
f 4081 4082 3974
f 3975 4083 3976
f 4082 4083 3975
f 3976 4084 3977
f 4083 4084 3976
f 3977 4085 3978
f 4084 4085 3977
f 3978 4086 3979
f 4085 4086 3978
f 3979 4087 3980
f 4086 4087 3979
f 3980 4088 3981
f 4087 4088 3980
f 3981 4089 3982
f 4088 4089 3981
f 3982 4090 3983
f 4089 4090 3982
f 3983 4091 3984
f 4090 4091 3983
f 3984 4092 3985
f 4091 4092 3984
f 3985 4093 3986
f 4092 4093 3985
f 3986 4094 3987
f 4093 4094 3986
f 3987 4095 3988
f 4094 4095 3987
f 3988 4096 3989
f 4095 4096 3988
f 3989 4097 3990
f 4096 4097 3989
f 3990 4098 3991
f 4097 4098 3990
f 3991 4099 3992
f 4098 4099 3991
f 3992 4100 3993
f 4099 4100 3992
f 3993 4101 3994
f 4100 4101 3993
f 3994 4102 3995
f 4101 4102 3994
f 3995 4103 3996
f 4102 4103 3995
f 3996 4104 3997
f 4103 4104 3996
f 3997 4105 3998
f 4104 4105 3997
f 3998 4106 3999
f 4105 4106 3998
f 4000 3999 4106
f 4000 4106 4107
f 4001 4079 3972
f 4001 4108 4079
f 4107 4109 4000
f 4000 4109 4002
f 4003 4002 4109
f 4003 4109 4110
f 4004 4108 4001
f 4004 4111 4108
f 4110 4005 4003
f 4112 4005 4110
f 4006 4111 4004
f 4006 4113 4111
f 4112 4007 4005
f 4114 4007 4112
f 4008 4113 4006
f 4008 4115 4113
f 4114 4009 4007
f 4116 4009 4114
f 4010 4115 4008
f 4010 4117 4115
f 4116 4011 4009
f 4118 4011 4116
f 4120 4119 4012
f 4120 4012 4013
f 4010 4012 4117
f 4117 4012 4119
f 4118 4014 4011
f 4121 4014 4118
f 4015 4120 4013
f 4015 4122 4120
f 4121 4016 4014
f 4123 4016 4121
f 4017 4122 4015
f 4017 4124 4122
f 4123 4018 4016
f 4125 4018 4123
f 4019 4124 4017
f 4019 4126 4124
f 4125 4020 4018
f 4127 4020 4125
f 4021 4126 4019
f 4021 4128 4126
f 4131 4130 4129
f 4022 4023 4129
f 4023 4131 4129
f 4023 4132 4131
f 4133 4023 4024
f 4133 4132 4023
f 4024 4026 4133
f 4133 4026 4134
f 4127 4027 4020
f 4135 4027 4127
f 4136 4128 4021
f 4136 4021 4028
f 4137 4028 4029
f 4137 4136 4028
f 4138 4029 4030
f 4138 4137 4029
f 4139 4030 4031
f 4139 4138 4030
f 4140 4031 4032
f 4140 4139 4031
f 4141 4032 4033
f 4141 4140 4032
f 4142 4033 4034
f 4142 4141 4033
f 4143 4034 4035
f 4143 4142 4034
f 4144 4035 4036
f 4144 4143 4035
f 4145 4036 4037
f 4145 4144 4036
f 4146 4037 4038
f 4146 4145 4037
f 4147 4038 4039
f 4147 4146 4038
f 4148 4039 4040
f 4148 4147 4039
f 4149 4040 4041
f 4149 4148 4040
f 4042 4129 4130
f 4149 4042 4130
f 4041 4042 4149
f 4129 4042 4022
f 4150 4134 4026
f 4150 4026 4043
f 4151 4043 4044
f 4151 4150 4043
f 4044 4045 4151
f 4151 4045 4152
f 4135 4046 4027
f 4153 4046 4135
f 4047 4152 4045
f 4047 4154 4152
f 4153 4048 4046
f 4155 4048 4153
f 4049 4154 4047
f 4049 4156 4154
f 4155 4050 4048
f 4157 4050 4155
f 4051 4156 4049
f 4051 4158 4156
f 4157 4052 4050
f 4159 4052 4157
f 4053 4158 4051
f 4053 4160 4158
f 4159 4054 4052
f 4161 4054 4159
f 4055 4160 4053
f 4055 4162 4160
f 4161 4056 4054
f 4163 4056 4161
f 4057 4162 4055
f 4057 4164 4162
f 4163 4058 4056
f 4165 4058 4163
f 4059 4164 4057
f 4059 4166 4164
f 4165 4060 4058
f 4167 4060 4165
f 4168 4166 4059
f 4168 4059 4061
f 4061 4062 4168
f 4168 4062 4169
f 4171 4170 4064
f 4064 4170 4063
f 4064 4060 4167
f 4064 4167 4171
f 4065 4169 4062
f 4065 4172 4169
f 4170 4066 4063
f 4173 4066 4170
f 4174 4172 4065
f 4174 4065 4067
f 4067 4068 4174
f 4174 4068 4175
f 4177 4176 4070
f 4070 4176 4069
f 4178 4070 4071
f 4178 4177 4070
f 4071 4066 4173
f 4071 4173 4178
f 4179 4175 4068
f 4179 4068 4072
f 4180 4072 4073
f 4180 4179 4072
f 4181 4073 4074
f 4181 4180 4073
f 4182 4074 4075
f 4182 4181 4074
f 4183 4075 4076
f 4183 4182 4075
f 4184 4076 4077
f 4184 4183 4076
f 4077 4069 4176
f 4077 4176 4184
f 4186 4185 4078
f 4186 4078 4079
f 4078 4187 4080
f 4185 4187 4078
f 4080 4188 4081
f 4187 4188 4080
f 4081 4189 4082
f 4188 4189 4081
f 4082 4190 4083
f 4189 4190 4082
f 4083 4191 4084
f 4190 4191 4083
f 4084 4192 4085
f 4191 4192 4084
f 4085 4193 4086
f 4192 4193 4085
f 4086 4194 4087
f 4193 4194 4086
f 4087 4195 4088
f 4194 4195 4087
f 4088 4196 4089
f 4195 4196 4088
f 4089 4197 4090
f 4196 4197 4089
f 4090 4198 4091
f 4197 4198 4090
f 4091 4199 4092
f 4198 4199 4091
f 4092 4200 4093
f 4199 4200 4092
f 4093 4201 4094
f 4200 4201 4093
f 4094 4202 4095
f 4201 4202 4094
f 4095 4203 4096
f 4202 4203 4095
f 4096 4204 4097
f 4203 4204 4096
f 4097 4205 4098
f 4204 4205 4097
f 4098 4206 4099
f 4205 4206 4098
f 4099 4207 4100
f 4206 4207 4099
f 4100 4208 4101
f 4207 4208 4100
f 4101 4209 4102
f 4208 4209 4101
f 4102 4210 4103
f 4209 4210 4102
f 4103 4211 4104
f 4210 4211 4103
f 4104 4212 4105
f 4211 4212 4104
f 4105 4213 4106
f 4212 4213 4105
f 4107 4106 4213
f 4107 4213 4214
f 4108 4186 4079
f 4108 4215 4186
f 4214 4216 4107
f 4107 4216 4109
f 4110 4109 4216
f 4110 4216 4217
f 4111 4215 4108
f 4111 4218 4215
f 4217 4112 4110
f 4219 4112 4217
f 4113 4218 4111
f 4113 4220 4218
f 4219 4114 4112
f 4221 4114 4219
f 4115 4220 4113
f 4115 4222 4220
f 4221 4116 4114
f 4223 4116 4221
f 4117 4222 4115
f 4117 4224 4222
f 4223 4118 4116
f 4225 4118 4223
f 4227 4226 4119
f 4227 4119 4120
f 4117 4119 4224
f 4224 4119 4226
f 4225 4121 4118
f 4228 4121 4225
f 4122 4227 4120
f 4122 4229 4227
f 4228 4123 4121
f 4230 4123 4228
f 4124 4229 4122
f 4124 4231 4229
f 4230 4125 4123
f 4232 4125 4230
f 4126 4231 4124
f 4126 4233 4231
f 4232 4127 4125
f 4234 4127 4232
f 4128 4233 4126
f 4128 4235 4233
f 4237 4236 4131
f 4131 4236 4130
f 4238 4131 4132
f 4238 4237 4131
f 4239 4132 4133
f 4239 4238 4132
f 4133 4134 4239
f 4239 4134 4240
f 4234 4135 4127
f 4241 4135 4234
f 4242 4235 4128
f 4242 4128 4136
f 4243 4136 4137
f 4243 4242 4136
f 4244 4137 4138
f 4244 4243 4137
f 4245 4138 4139
f 4245 4244 4138
f 4246 4139 4140
f 4246 4245 4139
f 4247 4140 4141
f 4247 4246 4140
f 4248 4141 4142
f 4248 4247 4141
f 4249 4142 4143
f 4249 4248 4142
f 4250 4143 4144
f 4250 4249 4143
f 4251 4144 4145
f 4251 4250 4144
f 4252 4145 4146
f 4252 4251 4145
f 4253 4146 4147
f 4253 4252 4146
f 4254 4147 4148
f 4254 4253 4147
f 4255 4148 4149
f 4255 4254 4148
f 4149 4130 4236
f 4149 4236 4255
f 4256 4240 4134
f 4256 4134 4150
f 4257 4150 4151
f 4257 4256 4150
f 4151 4152 4257
f 4257 4152 4258
f 4241 4153 4135
f 4259 4153 4241
f 4154 4258 4152
f 4154 4260 4258
f 4259 4155 4153
f 4261 4155 4259
f 4156 4260 4154
f 4156 4262 4260
f 4261 4157 4155
f 4263 4157 4261
f 4158 4262 4156
f 4158 4264 4262
f 4263 4159 4157
f 4265 4159 4263
f 4160 4264 4158
f 4160 4266 4264
f 4265 4161 4159
f 4267 4161 4265
f 4162 4266 4160
f 4162 4268 4266
f 4267 4163 4161
f 4269 4163 4267
f 4164 4268 4162
f 4164 4270 4268
f 4269 4165 4163
f 4271 4165 4269
f 4166 4270 4164
f 4166 4272 4270
f 4271 4167 4165
f 4273 4167 4271
f 4274 4272 4166
f 4274 4166 4168
f 4168 4169 4274
f 4274 4169 4275
f 4277 4276 4171
f 4171 4276 4170
f 4171 4167 4273
f 4171 4273 4277
f 4172 4275 4169
f 4172 4278 4275
f 4276 4173 4170
f 4279 4173 4276
f 4280 4278 4172
f 4280 4172 4174
f 4174 4175 4280
f 4280 4175 4281
f 4283 4282 4177
f 4177 4282 4176
f 4284 4177 4178
f 4284 4283 4177
f 4178 4173 4279
f 4178 4279 4284
f 4285 4281 4175
f 4285 4175 4179
f 4286 4179 4180
f 4286 4285 4179
f 4287 4180 4181
f 4287 4286 4180
f 4288 4181 4182
f 4288 4287 4181
f 4289 4182 4183
f 4289 4288 4182
f 4290 4183 4184
f 4290 4289 4183
f 4184 4176 4282
f 4184 4282 4290
f 4292 4291 4185
f 4292 4185 4186
f 4185 4293 4187
f 4291 4293 4185
f 4187 4294 4188
f 4293 4294 4187
f 4188 4295 4189
f 4294 4295 4188
f 4189 4296 4190
f 4295 4296 4189
f 4190 4297 4191
f 4296 4297 4190
f 4191 4298 4192
f 4297 4298 4191
f 4192 4299 4193
f 4298 4299 4192
f 4193 4300 4194
f 4299 4300 4193
f 4194 4301 4195
f 4300 4301 4194
f 4195 4302 4196
f 4301 4302 4195
f 4196 4303 4197
f 4302 4303 4196
f 4197 4304 4198
f 4303 4304 4197
f 4198 4305 4199
f 4304 4305 4198
f 4199 4306 4200
f 4305 4306 4199
f 4200 4307 4201
f 4306 4307 4200
f 4201 4308 4202
f 4307 4308 4201
f 4202 4309 4203
f 4308 4309 4202
f 4203 4310 4204
f 4309 4310 4203
f 4204 4311 4205
f 4310 4311 4204
f 4205 4312 4206
f 4311 4312 4205
f 4206 4313 4207
f 4312 4313 4206
f 4207 4314 4208
f 4313 4314 4207
f 4208 4315 4209
f 4314 4315 4208
f 4209 4316 4210
f 4315 4316 4209
f 4210 4317 4211
f 4316 4317 4210
f 4211 4318 4212
f 4317 4318 4211
f 4212 4319 4213
f 4318 4319 4212
f 4214 4213 4319
f 4214 4319 4320
f 4215 4292 4186
f 4215 4321 4292
f 4320 4322 4214
f 4214 4322 4216
f 4217 4216 4322
f 4217 4322 4323
f 4218 4321 4215
f 4218 4324 4321
f 4323 4219 4217
f 4325 4219 4323
f 4220 4324 4218
f 4220 4326 4324
f 4325 4221 4219
f 4327 4221 4325
f 4222 4326 4220
f 4222 4328 4326
f 4327 4223 4221
f 4329 4223 4327
f 4224 4328 4222
f 4224 4330 4328
f 4329 4225 4223
f 4331 4225 4329
f 4333 4332 4226
f 4333 4226 4227
f 4224 4226 4330
f 4330 4226 4332
f 4331 4228 4225
f 4334 4228 4331
f 4229 4333 4227
f 4229 4335 4333
f 4334 4230 4228
f 4336 4230 4334
f 4231 4335 4229
f 4231 4337 4335
f 4336 4232 4230
f 4338 4232 4336
f 4233 4337 4231
f 4233 4339 4337
f 4338 4234 4232
f 4340 4234 4338
f 4235 4339 4233
f 4235 4341 4339
f 4343 4342 4237
f 4237 4342 4236
f 4344 4237 4238
f 4344 4343 4237
f 4345 4238 4239
f 4345 4344 4238
f 4239 4240 4345
f 4345 4240 4346
f 4340 4241 4234
f 4347 4241 4340
f 4348 4341 4235
f 4348 4235 4242
f 4349 4242 4243
f 4349 4348 4242
f 4350 4243 4244
f 4350 4349 4243
f 4351 4244 4245
f 4351 4350 4244
f 4352 4245 4246
f 4352 4351 4245
f 4353 4246 4247
f 4353 4352 4246
f 4354 4247 4248
f 4354 4353 4247
f 4355 4248 4249
f 4355 4354 4248
f 4356 4249 4250
f 4356 4355 4249
f 4357 4250 4251
f 4357 4356 4250
f 4358 4251 4252
f 4358 4357 4251
f 4359 4252 4253
f 4359 4358 4252
f 4360 4253 4254
f 4360 4359 4253
f 4361 4254 4255
f 4361 4360 4254
f 4255 4236 4342
f 4255 4342 4361
f 4362 4346 4240
f 4362 4240 4256
f 4363 4256 4257
f 4363 4362 4256
f 4257 4258 4363
f 4363 4258 4364
f 4347 4259 4241
f 4365 4259 4347
f 4260 4364 4258
f 4260 4366 4364
f 4365 4261 4259
f 4367 4261 4365
f 4262 4366 4260
f 4262 4368 4366
f 4367 4263 4261
f 4369 4263 4367
f 4264 4368 4262
f 4264 4370 4368
f 4369 4265 4263
f 4371 4265 4369
f 4266 4370 4264
f 4266 4372 4370
f 4371 4267 4265
f 4373 4267 4371
f 4268 4372 4266
f 4268 4374 4372
f 4373 4269 4267
f 4375 4269 4373
f 4270 4374 4268
f 4270 4376 4374
f 4375 4271 4269
f 4377 4271 4375
f 4272 4376 4270
f 4272 4378 4376
f 4377 4273 4271
f 4379 4273 4377
f 4380 4378 4272
f 4380 4272 4274
f 4274 4275 4380
f 4380 4275 4381
f 4383 4382 4277
f 4277 4382 4276
f 4277 4273 4379
f 4277 4379 4383
f 4278 4381 4275
f 4278 4384 4381
f 4382 4279 4276
f 4385 4279 4382
f 4386 4384 4278
f 4386 4278 4280
f 4280 4281 4386
f 4386 4281 4387
f 4389 4388 4283
f 4283 4388 4282
f 4390 4283 4284
f 4390 4389 4283
f 4284 4279 4385
f 4284 4385 4390
f 4391 4387 4281
f 4391 4281 4285
f 4392 4285 4286
f 4392 4391 4285
f 4393 4286 4287
f 4393 4392 4286
f 4394 4287 4288
f 4394 4393 4287
f 4395 4288 4289
f 4395 4394 4288
f 4396 4289 4290
f 4396 4395 4289
f 4290 4282 4388
f 4290 4388 4396
f 4398 4397 4291
f 4398 4291 4292
f 4291 4399 4293
f 4397 4399 4291
f 4293 4400 4294
f 4399 4400 4293
f 4294 4401 4295
f 4400 4401 4294
f 4295 4402 4296
f 4401 4402 4295
f 4296 4403 4297
f 4402 4403 4296
f 4297 4404 4298
f 4403 4404 4297
f 4298 4405 4299
f 4404 4405 4298
f 4299 4406 4300
f 4405 4406 4299
f 4300 4407 4301
f 4406 4407 4300
f 4301 4408 4302
f 4407 4408 4301
f 4302 4409 4303
f 4408 4409 4302
f 4303 4410 4304
f 4409 4410 4303
f 4304 4411 4305
f 4410 4411 4304
f 4305 4412 4306
f 4411 4412 4305
f 4306 4413 4307
f 4412 4413 4306
f 4307 4414 4308
f 4413 4414 4307
f 4308 4415 4309
f 4414 4415 4308
f 4309 4416 4310
f 4415 4416 4309
f 4310 4417 4311
f 4416 4417 4310
f 4311 4418 4312
f 4417 4418 4311
f 4312 4419 4313
f 4418 4419 4312
f 4313 4420 4314
f 4419 4420 4313
f 4314 4421 4315
f 4420 4421 4314
f 4315 4422 4316
f 4421 4422 4315
f 4316 4423 4317
f 4422 4423 4316
f 4317 4424 4318
f 4423 4424 4317
f 4318 4425 4319
f 4424 4425 4318
f 4320 4319 4425
f 4320 4425 4426
f 4321 4398 4292
f 4321 4427 4398
f 4426 4428 4320
f 4320 4428 4322
f 4323 4322 4428
f 4323 4428 4429
f 4324 4427 4321
f 4324 4430 4427
f 4429 4325 4323
f 4431 4325 4429
f 4326 4430 4324
f 4326 4432 4430
f 4431 4327 4325
f 4433 4327 4431
f 4328 4432 4326
f 4328 4434 4432
f 4437 4436 4435
f 4433 4437 4435
f 4329 4433 4435
f 4327 4433 4329
f 4330 4434 4328
f 4330 4438 4434
f 4436 4439 4435
f 4329 4435 4439
f 4440 4329 4439
f 4331 4329 4440
f 4442 4441 4332
f 4442 4332 4333
f 4330 4332 4438
f 4438 4332 4441
f 4440 4334 4331
f 4443 4334 4440
f 4335 4442 4333
f 4335 4444 4442
f 4443 4336 4334
f 4445 4336 4443
f 4337 4444 4335
f 4337 4446 4444
f 4445 4338 4336
f 4447 4338 4445
f 4339 4446 4337
f 4339 4448 4446
f 4447 4340 4338
f 4449 4340 4447
f 4341 4448 4339
f 4341 4450 4448
f 4451 4342 4343
f 4451 4343 4452
f 4343 4453 4452
f 4343 4344 4453
f 4454 4344 4345
f 4454 4453 4344
f 4345 4346 4454
f 4454 4346 4455
f 4449 4347 4340
f 4456 4347 4449
f 4457 4450 4341
f 4457 4341 4348
f 4458 4348 4349
f 4458 4457 4348
f 4459 4349 4350
f 4459 4458 4349
f 4460 4350 4351
f 4460 4459 4350
f 4461 4351 4352
f 4461 4460 4351
f 4462 4352 4353
f 4462 4461 4352
f 4463 4353 4354
f 4463 4462 4353
f 4464 4354 4355
f 4464 4463 4354
f 4465 4355 4356
f 4465 4464 4355
f 4466 4356 4357
f 4466 4465 4356
f 4467 4357 4358
f 4467 4466 4357
f 4468 4358 4359
f 4468 4467 4358
f 4469 4359 4360
f 4469 4468 4359
f 4470 4360 4361
f 4470 4469 4360
f 4361 4342 4451
f 4471 4361 4451
f 4470 4361 4471
f 4471 4451 4452
f 4472 4455 4346
f 4472 4346 4362
f 4473 4362 4363
f 4473 4472 4362
f 4363 4364 4473
f 4473 4364 4474
f 4456 4365 4347
f 4475 4365 4456
f 4366 4474 4364
f 4366 4476 4474
f 4475 4367 4365
f 4477 4367 4475
f 4368 4476 4366
f 4368 4478 4476
f 4477 4369 4367
f 4479 4369 4477
f 4370 4478 4368
f 4370 4480 4478
f 4479 4371 4369
f 4481 4371 4479
f 4372 4480 4370
f 4372 4482 4480
f 4481 4373 4371
f 4483 4373 4481
f 4374 4482 4372
f 4374 4484 4482
f 4483 4375 4373
f 4485 4375 4483
f 4376 4484 4374
f 4376 4486 4484
f 4485 4377 4375
f 4487 4377 4485
f 4378 4486 4376
f 4378 4488 4486
f 4487 4379 4377
f 4489 4379 4487
f 4490 4488 4378
f 4490 4378 4380
f 4380 4381 4490
f 4490 4381 4491
f 4493 4492 4383
f 4383 4492 4382
f 4383 4379 4489
f 4383 4489 4493
f 4384 4491 4381
f 4384 4494 4491
f 4492 4385 4382
f 4495 4385 4492
f 4496 4494 4384
f 4496 4384 4386
f 4386 4387 4496
f 4496 4387 4497
f 4499 4498 4389
f 4389 4498 4388
f 4500 4389 4390
f 4500 4499 4389
f 4390 4385 4495
f 4390 4495 4500
f 4501 4497 4387
f 4501 4387 4391
f 4502 4391 4392
f 4502 4501 4391
f 4503 4392 4393
f 4503 4502 4392
f 4504 4393 4394
f 4504 4503 4393
f 4505 4394 4395
f 4505 4504 4394
f 4506 4395 4396
f 4506 4505 4395
f 4396 4388 4498
f 4396 4498 4506
f 4508 4507 4397
f 4508 4397 4398
f 4397 4509 4399
f 4507 4509 4397
f 4399 4510 4400
f 4509 4510 4399
f 4400 4511 4401
f 4510 4511 4400
f 4401 4512 4402
f 4511 4512 4401
f 4402 4513 4403
f 4512 4513 4402
f 4403 4514 4404
f 4513 4514 4403
f 4404 4515 4405
f 4514 4515 4404
f 4405 4516 4406
f 4515 4516 4405
f 4406 4517 4407
f 4516 4517 4406
f 4407 4518 4408
f 4517 4518 4407
f 4408 4519 4409
f 4518 4519 4408
f 4409 4520 4410
f 4519 4520 4409
f 4410 4521 4411
f 4520 4521 4410
f 4411 4522 4412
f 4521 4522 4411
f 4412 4523 4413
f 4522 4523 4412
f 4413 4524 4414
f 4523 4524 4413
f 4414 4525 4415
f 4524 4525 4414
f 4415 4526 4416
f 4525 4526 4415
f 4416 4527 4417
f 4526 4527 4416
f 4417 4528 4418
f 4527 4528 4417
f 4418 4529 4419
f 4528 4529 4418
f 4419 4530 4420
f 4529 4530 4419
f 4420 4531 4421
f 4530 4531 4420
f 4421 4532 4422
f 4531 4532 4421
f 4422 4533 4423
f 4532 4533 4422
f 4423 4534 4424
f 4533 4534 4423
f 4424 4535 4425
f 4534 4535 4424
f 4426 4425 4535
f 4426 4535 4536
f 4427 4508 4398
f 4427 4537 4508
f 4536 4538 4426
f 4426 4538 4428
f 4429 4428 4538
f 4429 4538 4539
f 4430 4537 4427
f 4430 4540 4537
f 4539 4431 4429
f 4541 4431 4539
f 4432 4540 4430
f 4432 4542 4540
f 4541 4433 4431
f 4543 4433 4541
f 4434 4542 4432
f 4434 4544 4542
f 4546 4545 4437
f 4437 4545 4436
f 4437 4433 4543
f 4437 4543 4546
f 4438 4544 4434
f 4438 4547 4544
f 4545 4548 4436
f 4436 4548 4439
f 4440 4439 4548
f 4440 4548 4549
f 4551 4550 4441
f 4551 4441 4442
f 4438 4441 4547
f 4547 4441 4550
f 4549 4443 4440
f 4552 4443 4549
f 4444 4551 4442
f 4444 4553 4551
f 4552 4445 4443
f 4554 4445 4552
f 4446 4553 4444
f 4446 4555 4553
f 4554 4447 4445
f 4556 4447 4554
f 4448 4555 4446
f 4448 4557 4555
f 4556 4449 4447
f 4558 4449 4556
f 4450 4557 4448
f 4450 4559 4557
f 4561 4560 4453
f 4453 4560 4452
f 4562 4453 4454
f 4562 4561 4453
f 4454 4455 4562
f 4562 4455 4563
f 4558 4456 4449
f 4564 4456 4558
f 4565 4559 4450
f 4565 4450 4457
f 4566 4457 4458
f 4566 4565 4457
f 4567 4458 4459
f 4567 4566 4458
f 4568 4459 4460
f 4568 4567 4459
f 4569 4460 4461
f 4569 4568 4460
f 4570 4461 4462
f 4570 4569 4461
f 4571 4462 4463
f 4571 4570 4462
f 4572 4463 4464
f 4572 4571 4463
f 4573 4464 4465
f 4573 4572 4464
f 4574 4465 4466
f 4574 4573 4465
f 4575 4466 4467
f 4575 4574 4466
f 4576 4467 4468
f 4576 4575 4467
f 4577 4468 4469
f 4577 4576 4468
f 4578 4469 4470
f 4578 4577 4469
f 4579 4470 4471
f 4579 4578 4470
f 4471 4452 4560
f 4471 4560 4579
f 4580 4563 4455
f 4580 4455 4472
f 4581 4472 4473
f 4581 4580 4472
f 4473 4474 4581
f 4581 4474 4582
f 4564 4475 4456
f 4583 4475 4564
f 4476 4582 4474
f 4476 4584 4582
f 4583 4477 4475
f 4585 4477 4583
f 4478 4584 4476
f 4478 4586 4584
f 4585 4479 4477
f 4587 4479 4585
f 4480 4586 4478
f 4480 4588 4586
f 4587 4481 4479
f 4589 4481 4587
f 4482 4588 4480
f 4482 4590 4588
f 4589 4483 4481
f 4591 4483 4589
f 4484 4590 4482
f 4484 4592 4590
f 4591 4485 4483
f 4593 4485 4591
f 4486 4592 4484
f 4486 4594 4592
f 4593 4487 4485
f 4595 4487 4593
f 4488 4594 4486
f 4488 4596 4594
f 4595 4489 4487
f 4597 4489 4595
f 4598 4596 4488
f 4598 4488 4490
f 4490 4491 4598
f 4598 4491 4599
f 4601 4600 4493
f 4493 4600 4492
f 4493 4489 4597
f 4493 4597 4601
f 4494 4599 4491
f 4494 4602 4599
f 4600 4495 4492
f 4603 4495 4600
f 4604 4602 4494
f 4604 4494 4496
f 4496 4497 4604
f 4604 4497 4605
f 4607 4606 4499
f 4499 4606 4498
f 4608 4499 4500
f 4608 4607 4499
f 4500 4495 4603
f 4500 4603 4608
f 4609 4605 4497
f 4609 4497 4501
f 4610 4501 4502
f 4610 4609 4501
f 4611 4502 4503
f 4611 4610 4502
f 4612 4503 4504
f 4612 4611 4503
f 4613 4504 4505
f 4613 4612 4504
f 4614 4505 4506
f 4614 4613 4505
f 4506 4498 4606
f 4506 4606 4614
f 4616 4615 4507
f 4616 4507 4508
f 4507 4617 4509
f 4615 4617 4507
f 4509 4618 4510
f 4617 4618 4509
f 4510 4619 4511
f 4618 4619 4510
f 4511 4620 4512
f 4619 4620 4511
f 4512 4621 4513
f 4620 4621 4512
f 4513 4622 4514
f 4621 4622 4513
f 4514 4623 4515
f 4622 4623 4514
f 4515 4624 4516
f 4623 4624 4515
f 4516 4625 4517
f 4624 4625 4516
f 4517 4626 4518
f 4625 4626 4517
f 4518 4627 4519
f 4626 4627 4518
f 4519 4628 4520
f 4627 4628 4519
f 4520 4629 4521
f 4628 4629 4520
f 4521 4630 4522
f 4629 4630 4521
f 4522 4631 4523
f 4630 4631 4522
f 4523 4632 4524
f 4631 4632 4523
f 4524 4633 4525
f 4632 4633 4524
f 4525 4634 4526
f 4633 4634 4525
f 4526 4635 4527
f 4634 4635 4526
f 4527 4636 4528
f 4635 4636 4527
f 4528 4637 4529
f 4636 4637 4528
f 4529 4638 4530
f 4637 4638 4529
f 4530 4639 4531
f 4638 4639 4530
f 4531 4640 4532
f 4639 4640 4531
f 4532 4641 4533
f 4640 4641 4532
f 4533 4642 4534
f 4641 4642 4533
f 4534 4643 4535
f 4642 4643 4534
f 4536 4535 4643
f 4536 4643 4644
f 4537 4616 4508
f 4537 4645 4616
f 4644 4646 4536
f 4536 4646 4538
f 4539 4538 4646
f 4539 4646 4647
f 4540 4645 4537
f 4540 4648 4645
f 4647 4541 4539
f 4649 4541 4647
f 4542 4648 4540
f 4542 4650 4648
f 4653 4652 4651
f 4649 4653 4651
f 4543 4649 4651
f 4541 4649 4543
f 4544 4650 4542
f 4544 4654 4650
f 4651 4652 4546
f 4652 4545 4546
f 4652 4655 4545
f 4651 4546 4543
f 4547 4654 4544
f 4547 4656 4654
f 4548 4545 4657
f 4545 4658 4657
f 4545 4655 4658
f 4657 4549 4548
f 4660 4659 4550
f 4660 4550 4551
f 4547 4550 4656
f 4656 4550 4659
f 4658 4661 4657
f 4549 4657 4661
f 4662 4549 4661
f 4552 4549 4662
f 4553 4660 4551
f 4553 4663 4660
f 4662 4554 4552
f 4664 4554 4662
f 4555 4663 4553
f 4555 4665 4663
f 4664 4556 4554
f 4666 4556 4664
f 4557 4665 4555
f 4557 4667 4665
f 4666 4558 4556
f 4668 4558 4666
f 4559 4667 4557
f 4559 4669 4667
f 4671 4670 4561
f 4561 4670 4560
f 4672 4561 4562
f 4672 4671 4561
f 4562 4563 4672
f 4672 4563 4673
f 4668 4564 4558
f 4674 4564 4668
f 4675 4669 4559
f 4675 4559 4565
f 4676 4565 4566
f 4676 4675 4565
f 4677 4566 4567
f 4677 4676 4566
f 4678 4567 4568
f 4678 4677 4567
f 4679 4568 4569
f 4679 4678 4568
f 4680 4569 4570
f 4680 4679 4569
f 4681 4570 4571
f 4681 4680 4570
f 4682 4571 4572
f 4682 4681 4571
f 4683 4572 4573
f 4683 4682 4572
f 4684 4573 4574
f 4684 4683 4573
f 4685 4574 4575
f 4685 4684 4574
f 4686 4575 4576
f 4686 4685 4575
f 4687 4576 4577
f 4687 4686 4576
f 4688 4577 4578
f 4688 4687 4577
f 4689 4578 4579
f 4689 4688 4578
f 4579 4560 4670
f 4579 4670 4689
f 4690 4673 4563
f 4690 4563 4580
f 4691 4580 4581
f 4691 4690 4580
f 4581 4582 4691
f 4691 4582 4692
f 4674 4583 4564
f 4693 4583 4674
f 4584 4692 4582
f 4584 4694 4692
f 4693 4585 4583
f 4695 4585 4693
f 4586 4694 4584
f 4586 4696 4694
f 4695 4587 4585
f 4697 4587 4695
f 4588 4696 4586
f 4588 4698 4696
f 4697 4589 4587
f 4699 4589 4697
f 4590 4698 4588
f 4590 4700 4698
f 4699 4591 4589
f 4701 4591 4699
f 4592 4700 4590
f 4592 4702 4700
f 4701 4593 4591
f 4703 4593 4701
f 4594 4702 4592
f 4594 4704 4702
f 4703 4595 4593
f 4705 4595 4703
f 4596 4704 4594
f 4596 4706 4704
f 4705 4597 4595
f 4707 4597 4705
f 4708 4706 4596
f 4708 4596 4598
f 4598 4599 4708
f 4708 4599 4709
f 4711 4710 4601
f 4601 4710 4600
f 4601 4597 4707
f 4601 4707 4711
f 4602 4709 4599
f 4602 4712 4709
f 4710 4603 4600
f 4713 4603 4710
f 4714 4712 4602
f 4714 4602 4604
f 4604 4605 4714
f 4714 4605 4715
f 4717 4716 4607
f 4607 4716 4606
f 4718 4607 4608
f 4718 4717 4607
f 4608 4603 4713
f 4608 4713 4718
f 4719 4715 4605
f 4719 4605 4609
f 4720 4609 4610
f 4720 4719 4609
f 4721 4610 4611
f 4721 4720 4610
f 4722 4611 4612
f 4722 4721 4611
f 4723 4612 4613
f 4723 4722 4612
f 4724 4613 4614
f 4724 4723 4613
f 4614 4606 4716
f 4614 4716 4724
f 4726 4725 4615
f 4726 4615 4616
f 4615 4727 4617
f 4725 4727 4615
f 4617 4728 4618
f 4727 4728 4617
f 4618 4729 4619
f 4728 4729 4618
f 4619 4730 4620
f 4729 4730 4619
f 4620 4731 4621
f 4730 4731 4620
f 4621 4732 4622
f 4731 4732 4621
f 4622 4733 4623
f 4732 4733 4622
f 4623 4734 4624
f 4733 4734 4623
f 4624 4735 4625
f 4734 4735 4624
f 4625 4736 4626
f 4735 4736 4625
f 4626 4737 4627
f 4736 4737 4626
f 4627 4738 4628
f 4737 4738 4627
f 4628 4739 4629
f 4738 4739 4628
f 4629 4740 4630
f 4739 4740 4629
f 4630 4741 4631
f 4740 4741 4630
f 4631 4742 4632
f 4741 4742 4631
f 4632 4743 4633
f 4742 4743 4632
f 4633 4744 4634
f 4743 4744 4633
f 4634 4745 4635
f 4744 4745 4634
f 4635 4746 4636
f 4745 4746 4635
f 4636 4747 4637
f 4746 4747 4636
f 4637 4748 4638
f 4747 4748 4637
f 4638 4749 4639
f 4748 4749 4638
f 4639 4750 4640
f 4749 4750 4639
f 4640 4751 4641
f 4750 4751 4640
f 4641 4752 4642
f 4751 4752 4641
f 4642 4753 4643
f 4752 4753 4642
f 4644 4643 4753
f 4644 4753 4754
f 4645 4726 4616
f 4645 4755 4726
f 4754 4756 4644
f 4644 4756 4646
f 4647 4646 4756
f 4647 4756 4757
f 4648 4755 4645
f 4648 4758 4755
f 4757 4649 4647
f 4759 4649 4757
f 4650 4758 4648
f 4650 4760 4758
f 4762 4761 4653
f 4653 4761 4652
f 4653 4649 4759
f 4653 4759 4762
f 4654 4760 4650
f 4654 4763 4760
f 4761 4655 4652
f 4764 4655 4761
f 4656 4763 4654
f 4656 4765 4763
f 4764 4658 4655
f 4766 4658 4764
f 4768 4767 4659
f 4768 4659 4660
f 4656 4659 4765
f 4765 4659 4767
f 4766 4769 4658
f 4658 4769 4661
f 4662 4661 4769
f 4662 4769 4770
f 4663 4768 4660
f 4663 4771 4768
f 4770 4664 4662
f 4772 4664 4770
f 4665 4771 4663
f 4665 4773 4771
f 4772 4666 4664
f 4774 4666 4772
f 4667 4773 4665
f 4667 4775 4773
f 4774 4668 4666
f 4776 4668 4774
f 4669 4775 4667
f 4669 4777 4775
f 4779 4778 4671
f 4671 4778 4670
f 4780 4671 4672
f 4780 4779 4671
f 4672 4673 4780
f 4780 4673 4781
f 4776 4674 4668
f 4782 4674 4776
f 4783 4777 4669
f 4783 4669 4675
f 4784 4675 4676
f 4784 4783 4675
f 4785 4676 4677
f 4785 4784 4676
f 4786 4677 4678
f 4786 4785 4677
f 4787 4678 4679
f 4787 4786 4678
f 4788 4679 4680
f 4788 4787 4679
f 4789 4680 4681
f 4789 4788 4680
f 4790 4681 4682
f 4790 4789 4681
f 4791 4682 4683
f 4791 4790 4682
f 4792 4683 4684
f 4792 4791 4683
f 4793 4684 4685
f 4793 4792 4684
f 4794 4685 4686
f 4794 4793 4685
f 4795 4686 4687
f 4795 4794 4686
f 4796 4687 4688
f 4796 4795 4687
f 4797 4688 4689
f 4797 4796 4688
f 4689 4670 4778
f 4689 4778 4797
f 4798 4781 4673
f 4798 4673 4690
f 4799 4690 4691
f 4799 4798 4690
f 4691 4692 4799
f 4799 4692 4800
f 4782 4693 4674
f 4801 4693 4782
f 4694 4800 4692
f 4694 4802 4800
f 4801 4695 4693
f 4803 4695 4801
f 4696 4802 4694
f 4696 4804 4802
f 4803 4697 4695
f 4805 4697 4803
f 4698 4804 4696
f 4698 4806 4804
f 4805 4699 4697
f 4807 4699 4805
f 4810 4809 4808
f 4809 4806 4808
f 4806 4700 4808
f 4806 4698 4700
f 4807 4701 4699
f 4811 4701 4807
f 4812 4810 4808
f 4808 4700 4812
f 4700 4813 4812
f 4700 4702 4813
f 4811 4703 4701
f 4814 4703 4811
f 4704 4813 4702
f 4704 4815 4813
f 4814 4705 4703
f 4816 4705 4814
f 4706 4815 4704
f 4706 4817 4815
f 4816 4707 4705
f 4818 4707 4816
f 4819 4817 4706
f 4819 4706 4708
f 4708 4709 4819
f 4819 4709 4820
f 4822 4821 4711
f 4711 4821 4710
f 4711 4707 4818
f 4711 4818 4822
f 4712 4820 4709
f 4712 4823 4820
f 4821 4713 4710
f 4824 4713 4821
f 4825 4823 4712
f 4825 4712 4714
f 4714 4715 4825
f 4825 4715 4826
f 4828 4827 4717
f 4717 4827 4716
f 4829 4717 4718
f 4829 4828 4717
f 4718 4713 4824
f 4718 4824 4829
f 4830 4826 4715
f 4830 4715 4719
f 4831 4719 4720
f 4831 4830 4719
f 4832 4720 4721
f 4832 4831 4720
f 4833 4721 4722
f 4833 4832 4721
f 4834 4722 4723
f 4834 4833 4722
f 4835 4723 4724
f 4835 4834 4723
f 4724 4716 4827
f 4724 4827 4835
f 4837 4836 4725
f 4837 4725 4726
f 4725 4838 4727
f 4836 4838 4725
f 4727 4839 4728
f 4838 4839 4727
f 4728 4840 4729
f 4839 4840 4728
f 4729 4841 4730
f 4840 4841 4729
f 4730 4842 4731
f 4841 4842 4730
f 4731 4843 4732
f 4842 4843 4731
f 4732 4844 4733
f 4843 4844 4732
f 4733 4845 4734
f 4844 4845 4733
f 4734 4846 4735
f 4845 4846 4734
f 4735 4847 4736
f 4846 4847 4735
f 4736 4848 4737
f 4847 4848 4736
f 4737 4849 4738
f 4848 4849 4737
f 4738 4850 4739
f 4849 4850 4738
f 4739 4851 4740
f 4850 4851 4739
f 4740 4852 4741
f 4851 4852 4740
f 4741 4853 4742
f 4852 4853 4741
f 4742 4854 4743
f 4853 4854 4742
f 4743 4855 4744
f 4854 4855 4743
f 4744 4856 4745
f 4855 4856 4744
f 4745 4857 4746
f 4856 4857 4745
f 4746 4858 4747
f 4857 4858 4746
f 4747 4859 4748
f 4858 4859 4747
f 4748 4860 4749
f 4859 4860 4748
f 4749 4861 4750
f 4860 4861 4749
f 4750 4862 4751
f 4861 4862 4750
f 4751 4863 4752
f 4862 4863 4751
f 4752 4864 4753
f 4863 4864 4752
f 4754 4753 4864
f 4754 4864 4865
f 4755 4837 4726
f 4755 4866 4837
f 4865 4867 4754
f 4754 4867 4756
f 4757 4756 4867
f 4757 4867 4868
f 4758 4866 4755
f 4758 4869 4866
f 4868 4759 4757
f 4870 4759 4868
f 4760 4869 4758
f 4760 4871 4869
f 4873 4872 4762
f 4762 4872 4761
f 4762 4759 4870
f 4762 4870 4873
f 4763 4871 4760
f 4763 4874 4871
f 4872 4764 4761
f 4875 4764 4872
f 4765 4874 4763
f 4765 4876 4874
f 4875 4766 4764
f 4877 4766 4875
f 4879 4878 4767
f 4879 4767 4768
f 4765 4767 4876
f 4876 4767 4878
f 4877 4880 4766
f 4766 4880 4769
f 4770 4769 4880
f 4770 4880 4881
f 4771 4879 4768
f 4771 4882 4879
f 4881 4772 4770
f 4883 4772 4881
f 4773 4882 4771
f 4773 4884 4882
f 4883 4774 4772
f 4885 4774 4883
f 4775 4884 4773
f 4775 4886 4884
f 4885 4776 4774
f 4887 4776 4885
f 4777 4886 4775
f 4777 4888 4886
f 4890 4889 4779
f 4779 4889 4778
f 4891 4779 4780
f 4891 4890 4779
f 4780 4781 4891
f 4891 4781 4892
f 4887 4782 4776
f 4893 4782 4887
f 4894 4888 4777
f 4894 4777 4783
f 4895 4783 4784
f 4895 4894 4783
f 4896 4784 4785
f 4896 4895 4784
f 4897 4785 4786
f 4897 4896 4785
f 4898 4786 4787
f 4898 4897 4786
f 4899 4787 4788
f 4899 4898 4787
f 4900 4788 4789
f 4900 4899 4788
f 4901 4789 4790
f 4901 4900 4789
f 4902 4790 4791
f 4902 4901 4790
f 4903 4791 4792
f 4903 4902 4791
f 4904 4792 4793
f 4904 4903 4792
f 4905 4793 4794
f 4905 4904 4793
f 4906 4794 4795
f 4906 4905 4794
f 4907 4795 4796
f 4907 4906 4795
f 4908 4796 4797
f 4908 4907 4796
f 4797 4778 4889
f 4797 4889 4908
f 4909 4892 4781
f 4909 4781 4798
f 4910 4798 4799
f 4910 4909 4798
f 4799 4800 4910
f 4910 4800 4911
f 4893 4801 4782
f 4912 4801 4893
f 4802 4911 4800
f 4802 4913 4911
f 4912 4803 4801
f 4914 4803 4912
f 4804 4913 4802
f 4804 4915 4913
f 4914 4805 4803
f 4916 4805 4914
f 4919 4918 4917
f 4918 4915 4917
f 4915 4806 4917
f 4915 4804 4806
f 4916 4807 4805
f 4920 4807 4916
f 4919 4917 4809
f 4810 4919 4809
f 4921 4919 4810
f 4809 4917 4806
f 4920 4811 4807
f 4922 4811 4920
f 4923 4921 4810
f 4923 4810 4812
f 4812 4813 4923
f 4923 4813 4924
f 4922 4814 4811
f 4925 4814 4922
f 4815 4924 4813
f 4815 4926 4924
f 4925 4816 4814
f 4927 4816 4925
f 4817 4926 4815
f 4817 4928 4926
f 4927 4818 4816
f 4929 4818 4927
f 4930 4928 4817
f 4930 4817 4819
f 4819 4820 4930
f 4930 4820 4931
f 4933 4932 4822
f 4822 4932 4821
f 4822 4818 4929
f 4822 4929 4933
f 4823 4931 4820
f 4823 4934 4931
f 4932 4824 4821
f 4935 4824 4932
f 4936 4934 4823
f 4936 4823 4825
f 4825 4826 4936
f 4936 4826 4937
f 4939 4938 4828
f 4828 4938 4827
f 4940 4828 4829
f 4940 4939 4828
f 4829 4824 4935
f 4829 4935 4940
f 4941 4937 4826
f 4941 4826 4830
f 4942 4830 4831
f 4942 4941 4830
f 4943 4831 4832
f 4943 4942 4831
f 4944 4832 4833
f 4944 4943 4832
f 4945 4833 4834
f 4945 4944 4833
f 4946 4834 4835
f 4946 4945 4834
f 4835 4827 4938
f 4835 4938 4946
f 4948 4947 4836
f 4948 4836 4837
f 4836 4949 4838
f 4947 4949 4836
f 4838 4950 4839
f 4949 4950 4838
f 4839 4951 4840
f 4950 4951 4839
f 4840 4952 4841
f 4951 4952 4840
f 4841 4953 4842
f 4952 4953 4841
f 4842 4954 4843
f 4953 4954 4842
f 4843 4955 4844
f 4954 4955 4843
f 4844 4956 4845
f 4955 4956 4844
f 4845 4957 4846
f 4956 4957 4845
f 4846 4958 4847
f 4957 4958 4846
f 4847 4959 4848
f 4958 4959 4847
f 4848 4960 4849
f 4959 4960 4848
f 4849 4961 4850
f 4960 4961 4849
f 4850 4962 4851
f 4961 4962 4850
f 4851 4963 4852
f 4962 4963 4851
f 4852 4964 4853
f 4963 4964 4852
f 4853 4965 4854
f 4964 4965 4853
f 4854 4966 4855
f 4965 4966 4854
f 4855 4967 4856
f 4966 4967 4855
f 4856 4968 4857
f 4967 4968 4856
f 4857 4969 4858
f 4968 4969 4857
f 4858 4970 4859
f 4969 4970 4858
f 4859 4971 4860
f 4970 4971 4859
f 4860 4972 4861
f 4971 4972 4860
f 4861 4973 4862
f 4972 4973 4861
f 4862 4974 4863
f 4973 4974 4862
f 4863 4975 4864
f 4974 4975 4863
f 4865 4864 4975
f 4865 4975 4976
f 4866 4948 4837
f 4866 4977 4948
f 4976 4978 4865
f 4865 4978 4867
f 4868 4867 4978
f 4868 4978 4979
f 4869 4977 4866
f 4869 4980 4977
f 4979 4870 4868
f 4981 4870 4979
f 4871 4980 4869
f 4871 4982 4980
f 4984 4983 4873
f 4873 4983 4872
f 4873 4870 4981
f 4873 4981 4984
f 4874 4982 4871
f 4874 4985 4982
f 4983 4875 4872
f 4986 4875 4983
f 4989 4988 4987
f 4988 4985 4987
f 4985 4876 4987
f 4985 4874 4876
f 4986 4877 4875
f 4990 4877 4986
f 4989 4987 4878
f 4879 4989 4878
f 4991 4989 4879
f 4878 4987 4876
f 4990 4992 4877
f 4877 4992 4880
f 4881 4880 4992
f 4881 4992 4993
f 4882 4991 4879
f 4882 4994 4991
f 4993 4883 4881
f 4995 4883 4993
f 4884 4994 4882
f 4884 4996 4994
f 4995 4885 4883
f 4997 4885 4995
f 4886 4996 4884
f 4886 4998 4996
f 4997 4887 4885
f 4999 4887 4997
f 4888 4998 4886
f 4888 5000 4998
f 5002 5001 4890
f 4890 5001 4889
f 5003 4890 4891
f 5003 5002 4890
f 4891 4892 5003
f 5003 4892 5004
f 4999 4893 4887
f 5005 4893 4999
f 5006 5000 4888
f 5006 4888 4894
f 5007 4894 4895
f 5007 5006 4894
f 5008 4895 4896
f 5008 5007 4895
f 5009 4896 4897
f 5009 5008 4896
f 5010 4897 4898
f 5010 5009 4897
f 5011 4898 4899
f 5011 5010 4898
f 5012 4899 4900
f 5012 5011 4899
f 5013 4900 4901
f 5013 5012 4900
f 5014 4901 4902
f 5014 5013 4901
f 5015 4902 4903
f 5015 5014 4902
f 5016 4903 4904
f 5016 5015 4903
f 5017 4904 4905
f 5017 5016 4904
f 5018 4905 4906
f 5018 5017 4905
f 5019 4906 4907
f 5019 5018 4906
f 5020 4907 4908
f 5020 5019 4907
f 4908 4889 5001
f 4908 5001 5020
f 5021 5004 4892
f 5021 4892 4909
f 5022 4909 4910
f 5022 5021 4909
f 4910 4911 5022
f 5022 4911 5023
f 5005 4912 4893
f 5024 4912 5005
f 4913 5023 4911
f 4913 5025 5023
f 5024 4914 4912
f 5026 4914 5024
f 4915 5025 4913
f 4915 5027 5025
f 5026 4916 4914
f 5028 4916 5026
f 5030 5029 4918
f 5030 4918 4919
f 4915 4918 5027
f 5027 4918 5029
f 5028 4920 4916
f 5031 4920 5028
f 4921 5030 4919
f 4921 5032 5030
f 5031 4922 4920
f 5033 4922 5031
f 5034 5032 4921
f 5034 4921 4923
f 4923 4924 5034
f 5034 4924 5035
f 5033 4925 4922
f 5036 4925 5033
f 4926 5035 4924
f 4926 5037 5035
f 5036 4927 4925
f 5038 4927 5036
f 4928 5037 4926
f 4928 5039 5037
f 5038 4929 4927
f 5040 4929 5038
f 5041 5039 4928
f 5041 4928 4930
f 4930 4931 5041
f 5041 4931 5042
f 5044 5043 4933
f 4933 5043 4932
f 4933 4929 5040
f 4933 5040 5044
f 4934 5042 4931
f 4934 5045 5042
f 5043 4935 4932
f 5046 4935 5043
f 5047 5045 4934
f 5047 4934 4936
f 4936 4937 5047
f 5047 4937 5048
f 5050 5049 4939
f 4939 5049 4938
f 5051 4939 4940
f 5051 5050 4939
f 4940 4935 5046
f 4940 5046 5051
f 5052 5048 4937
f 5052 4937 4941
f 5053 4941 4942
f 5053 5052 4941
f 5054 4942 4943
f 5054 5053 4942
f 5055 4943 4944
f 5055 5054 4943
f 5056 4944 4945
f 5056 5055 4944
f 5057 4945 4946
f 5057 5056 4945
f 4946 4938 5049
f 4946 5049 5057
f 5059 5058 4947
f 5059 4947 4948
f 4947 5060 4949
f 5058 5060 4947
f 4949 5061 4950
f 5060 5061 4949
f 4950 5062 4951
f 5061 5062 4950
f 4951 5063 4952
f 5062 5063 4951
f 4952 5064 4953
f 5063 5064 4952
f 4953 5065 4954
f 5064 5065 4953
f 4954 5066 4955
f 5065 5066 4954
f 4955 5067 4956
f 5066 5067 4955
f 4956 5068 4957
f 5067 5068 4956
f 4957 5069 4958
f 5068 5069 4957
f 4958 5070 4959
f 5069 5070 4958
f 4959 5071 4960
f 5070 5071 4959
f 4960 5072 4961
f 5071 5072 4960
f 4961 5073 4962
f 5072 5073 4961
f 4962 5074 4963
f 5073 5074 4962
f 4963 5075 4964
f 5074 5075 4963
f 4964 5076 4965
f 5075 5076 4964
f 4965 5077 4966
f 5076 5077 4965
f 4966 5078 4967
f 5077 5078 4966
f 4967 5079 4968
f 5078 5079 4967
f 4968 5080 4969
f 5079 5080 4968
f 4969 5081 4970
f 5080 5081 4969
f 4970 5082 4971
f 5081 5082 4970
f 4971 5083 4972
f 5082 5083 4971
f 4972 5084 4973
f 5083 5084 4972
f 4973 5085 4974
f 5084 5085 4973
f 4974 5086 4975
f 5085 5086 4974
f 4976 4975 5086
f 4976 5086 5087
f 4977 5059 4948
f 4977 5088 5059
f 5087 5089 4976
f 4976 5089 4978
f 4979 4978 5089
f 4979 5089 5090
f 5093 5092 5091
f 5092 5088 5091
f 5088 4980 5091
f 5088 4977 4980
f 5090 4981 4979
f 5094 4981 5090
f 5095 5093 5091
f 5091 4980 5095
f 4980 5096 5095
f 4980 4982 5096
f 5098 5097 4984
f 4984 5097 4983
f 4984 4981 5094
f 4984 5094 5098
f 5101 5100 5099
f 5100 5096 5099
f 5096 4985 5099
f 5096 4982 4985
f 5097 4986 4983
f 5102 4986 5097
f 5101 5099 4988
f 4989 5101 4988
f 5103 5101 4989
f 4988 5099 4985
f 5102 4990 4986
f 5104 4990 5102
f 4991 5103 4989
f 4991 5105 5103
f 5104 5106 4990
f 4990 5106 4992
f 4993 4992 5106
f 4993 5106 5107
f 4994 5105 4991
f 4994 5108 5105
f 5107 4995 4993
f 5109 4995 5107
f 4996 5108 4994
f 4996 5110 5108
f 5109 4997 4995
f 5111 4997 5109
f 4998 5110 4996
f 4998 5112 5110
f 5111 4999 4997
f 5113 4999 5111
f 5000 5112 4998
f 5000 5114 5112
f 5116 5115 5002
f 5002 5115 5001
f 5117 5002 5003
f 5117 5116 5002
f 5003 5004 5117
f 5117 5004 5118
f 5113 5005 4999
f 5119 5005 5113
f 5120 5114 5000
f 5120 5000 5006
f 5121 5006 5007
f 5121 5120 5006
f 5122 5007 5008
f 5122 5121 5007
f 5123 5008 5009
f 5123 5122 5008
f 5124 5009 5010
f 5124 5123 5009
f 5125 5010 5011
f 5125 5124 5010
f 5126 5011 5012
f 5126 5125 5011
f 5127 5012 5013
f 5127 5126 5012
f 5128 5013 5014
f 5128 5127 5013
f 5129 5014 5015
f 5129 5128 5014
f 5130 5015 5016
f 5130 5129 5015
f 5131 5016 5017
f 5131 5130 5016
f 5132 5017 5018
f 5132 5131 5017
f 5133 5018 5019
f 5133 5132 5018
f 5134 5019 5020
f 5134 5133 5019
f 5020 5001 5115
f 5020 5115 5134
f 5135 5118 5004
f 5135 5004 5021
f 5136 5021 5022
f 5136 5135 5021
f 5022 5023 5136
f 5136 5023 5137
f 5119 5024 5005
f 5138 5024 5119
f 5025 5137 5023
f 5025 5139 5137
f 5138 5026 5024
f 5140 5026 5138
f 5143 5142 5141
f 5142 5139 5141
f 5139 5027 5141
f 5139 5025 5027
f 5140 5028 5026
f 5144 5028 5140
f 5143 5141 5029
f 5030 5143 5029
f 5145 5143 5030
f 5029 5141 5027
f 5144 5031 5028
f 5146 5031 5144
f 5032 5145 5030
f 5032 5147 5145
f 5146 5033 5031
f 5148 5033 5146
f 5032 5034 5149
f 5150 5032 5149
f 5147 5032 5150
f 5035 5149 5034
f 5148 5036 5033
f 5151 5036 5148
f 5152 5150 5149
f 5149 5035 5152
f 5035 5153 5152
f 5035 5037 5153
f 5151 5038 5036
f 5154 5038 5151
f 5039 5153 5037
f 5039 5155 5153
f 5154 5040 5038
f 5156 5040 5154
f 5157 5155 5039
f 5157 5039 5041
f 5041 5042 5157
f 5157 5042 5158
f 5160 5159 5044
f 5044 5159 5043
f 5044 5040 5156
f 5044 5156 5160
f 5045 5158 5042
f 5045 5161 5158
f 5159 5046 5043
f 5162 5046 5159
f 5163 5161 5045
f 5163 5045 5047
f 5047 5048 5163
f 5163 5048 5164
f 5166 5165 5050
f 5050 5165 5049
f 5167 5050 5051
f 5167 5166 5050
f 5051 5046 5162
f 5051 5162 5167
f 5168 5164 5048
f 5168 5048 5052
f 5169 5052 5053
f 5169 5168 5052
f 5170 5053 5054
f 5170 5169 5053
f 5171 5054 5055
f 5171 5170 5054
f 5172 5055 5056
f 5172 5171 5055
f 5173 5056 5057
f 5173 5172 5056
f 5057 5049 5165
f 5057 5165 5173
f 5175 5174 5058
f 5175 5058 5059
f 5058 5176 5060
f 5174 5176 5058
f 5060 5177 5061
f 5176 5177 5060
f 5061 5178 5062
f 5177 5178 5061
f 5062 5179 5063
f 5178 5179 5062
f 5063 5180 5064
f 5179 5180 5063
f 5064 5181 5065
f 5180 5181 5064
f 5065 5182 5066
f 5181 5182 5065
f 5066 5183 5067
f 5182 5183 5066
f 5067 5184 5068
f 5183 5184 5067
f 5068 5185 5069
f 5184 5185 5068
f 5069 5186 5070
f 5185 5186 5069
f 5070 5187 5071
f 5186 5187 5070
f 5071 5188 5072
f 5187 5188 5071
f 5072 5189 5073
f 5188 5189 5072
f 5073 5190 5074
f 5189 5190 5073
f 5074 5191 5075
f 5190 5191 5074
f 5075 5192 5076
f 5191 5192 5075
f 5076 5193 5077
f 5192 5193 5076
f 5077 5194 5078
f 5193 5194 5077
f 5078 5195 5079
f 5194 5195 5078
f 5079 5196 5080
f 5195 5196 5079
f 5080 5197 5081
f 5196 5197 5080
f 5081 5198 5082
f 5197 5198 5081
f 5082 5199 5083
f 5198 5199 5082
f 5083 5200 5084
f 5199 5200 5083
f 5084 5201 5085
f 5200 5201 5084
f 5085 5202 5086
f 5201 5202 5085
f 5087 5086 5202
f 5087 5202 5203
f 5206 5205 5204
f 5205 5175 5204
f 5175 5088 5204
f 5175 5059 5088
f 5203 5207 5087
f 5087 5207 5089
f 5090 5089 5207
f 5090 5207 5208
f 5206 5204 5092
f 5093 5206 5092
f 5209 5206 5093
f 5092 5204 5088
f 5208 5094 5090
f 5210 5094 5208
f 5211 5209 5093
f 5211 5093 5095
f 5095 5096 5211
f 5211 5096 5212
f 5214 5213 5098
f 5098 5213 5097
f 5098 5094 5210
f 5098 5210 5214
f 5216 5215 5100
f 5216 5100 5101
f 5096 5100 5212
f 5212 5100 5215
f 5213 5102 5097
f 5217 5102 5213
f 5103 5216 5101
f 5103 5218 5216
f 5217 5104 5102
f 5219 5104 5217
f 5105 5218 5103
f 5105 5220 5218
f 5219 5221 5104
f 5104 5221 5106
f 5107 5106 5221
f 5107 5221 5222
f 5108 5220 5105
f 5108 5223 5220
f 5222 5109 5107
f 5224 5109 5222
f 5110 5223 5108
f 5110 5225 5223
f 5224 5111 5109
f 5226 5111 5224
f 5112 5225 5110
f 5112 5227 5225
f 5226 5113 5111
f 5228 5113 5226
f 5114 5227 5112
f 5114 5229 5227
f 5231 5230 5116
f 5116 5230 5115
f 5232 5116 5117
f 5232 5231 5116
f 5117 5118 5232
f 5232 5118 5233
f 5228 5119 5113
f 5234 5119 5228
f 5235 5229 5114
f 5235 5114 5120
f 5236 5120 5121
f 5236 5235 5120
f 5237 5121 5122
f 5237 5236 5121
f 5238 5122 5123
f 5238 5237 5122
f 5239 5123 5124
f 5239 5238 5123
f 5240 5124 5125
f 5240 5239 5124
f 5241 5125 5126
f 5241 5240 5125
f 5242 5126 5127
f 5242 5241 5126
f 5243 5127 5128
f 5243 5242 5127
f 5244 5128 5129
f 5244 5243 5128
f 5245 5129 5130
f 5245 5244 5129
f 5246 5130 5131
f 5246 5245 5130
f 5247 5131 5132
f 5247 5246 5131
f 5248 5132 5133
f 5248 5247 5132
f 5249 5133 5134
f 5249 5248 5133
f 5134 5115 5230
f 5134 5230 5249
f 5250 5233 5118
f 5250 5118 5135
f 5251 5135 5136
f 5251 5250 5135
f 5136 5137 5251
f 5251 5137 5252
f 5234 5138 5119
f 5253 5138 5234
f 5139 5252 5137
f 5139 5254 5252
f 5253 5140 5138
f 5255 5140 5253
f 5257 5256 5142
f 5257 5142 5143
f 5139 5142 5254
f 5254 5142 5256
f 5255 5144 5140
f 5258 5144 5255
f 5145 5257 5143
f 5145 5259 5257
f 5258 5146 5144
f 5260 5146 5258
f 5147 5259 5145
f 5147 5261 5259
f 5260 5148 5146
f 5262 5148 5260
f 5150 5261 5147
f 5150 5263 5261
f 5262 5151 5148
f 5264 5151 5262
f 5265 5263 5150
f 5265 5150 5152
f 5152 5153 5265
f 5265 5153 5266
f 5264 5154 5151
f 5267 5154 5264
f 5155 5266 5153
f 5155 5268 5266
f 5267 5156 5154
f 5269 5156 5267
f 5270 5268 5155
f 5270 5155 5157
f 5157 5158 5270
f 5270 5158 5271
f 5273 5272 5160
f 5160 5272 5159
f 5160 5156 5269
f 5160 5269 5273
f 5161 5271 5158
f 5161 5274 5271
f 5272 5162 5159
f 5275 5162 5272
f 5276 5274 5161
f 5276 5161 5163
f 5163 5164 5276
f 5276 5164 5277
f 5279 5278 5166
f 5166 5278 5165
f 5280 5166 5167
f 5280 5279 5166
f 5167 5162 5275
f 5167 5275 5280
f 5281 5277 5164
f 5281 5164 5168
f 5282 5168 5169
f 5282 5281 5168
f 5283 5169 5170
f 5283 5282 5169
f 5284 5170 5171
f 5284 5283 5170
f 5285 5171 5172
f 5285 5284 5171
f 5286 5172 5173
f 5286 5285 5172
f 5173 5165 5278
f 5173 5278 5286
f 5288 5287 5174
f 5288 5174 5175
f 5174 5289 5176
f 5287 5289 5174
f 5176 5290 5177
f 5289 5290 5176
f 5177 5291 5178
f 5290 5291 5177
f 5178 5292 5179
f 5291 5292 5178
f 5179 5293 5180
f 5292 5293 5179
f 5180 5294 5181
f 5293 5294 5180
f 5181 5295 5182
f 5294 5295 5181
f 5182 5296 5183
f 5295 5296 5182
f 5183 5297 5184
f 5296 5297 5183
f 5184 5298 5185
f 5297 5298 5184
f 5185 5299 5186
f 5298 5299 5185
f 5186 5300 5187
f 5299 5300 5186
f 5187 5301 5188
f 5300 5301 5187
f 5188 5302 5189
f 5301 5302 5188
f 5189 5303 5190
f 5302 5303 5189
f 5190 5304 5191
f 5303 5304 5190
f 5191 5305 5192
f 5304 5305 5191
f 5192 5306 5193
f 5305 5306 5192
f 5193 5307 5194
f 5306 5307 5193
f 5194 5308 5195
f 5307 5308 5194
f 5195 5309 5196
f 5308 5309 5195
f 5196 5310 5197
f 5309 5310 5196
f 5197 5311 5198
f 5310 5311 5197
f 5198 5312 5199
f 5311 5312 5198
f 5199 5313 5200
f 5312 5313 5199
f 5200 5314 5201
f 5313 5314 5200
f 5201 5315 5202
f 5314 5315 5201
f 5203 5202 5315
f 5203 5315 5316
f 5318 5317 5205
f 5318 5205 5206
f 5175 5205 5288
f 5288 5205 5317
f 5316 5319 5203
f 5203 5319 5207
f 5208 5207 5319
f 5208 5319 5320
f 5209 5318 5206
f 5209 5321 5318
f 5320 5210 5208
f 5322 5210 5320
f 5209 5211 5323
f 5324 5209 5323
f 5321 5209 5324
f 5212 5323 5211
f 5326 5325 5214
f 5214 5325 5213
f 5214 5210 5322
f 5214 5322 5326
f 5324 5323 5215
f 5216 5324 5215
f 5327 5324 5216
f 5215 5323 5212
f 5325 5217 5213
f 5328 5217 5325
f 5218 5327 5216
f 5218 5329 5327
f 5328 5219 5217
f 5330 5219 5328
f 5220 5329 5218
f 5220 5331 5329
f 5330 5332 5219
f 5219 5332 5221
f 5222 5221 5332
f 5222 5332 5333
f 5223 5331 5220
f 5223 5334 5331
f 5333 5224 5222
f 5335 5224 5333
f 5225 5334 5223
f 5225 5336 5334
f 5335 5226 5224
f 5337 5226 5335
f 5227 5336 5225
f 5227 5338 5336
f 5337 5228 5226
f 5339 5228 5337
f 5229 5338 5227
f 5229 5340 5338
f 5342 5341 5231
f 5231 5341 5230
f 5343 5231 5232
f 5343 5342 5231
f 5232 5233 5343
f 5343 5233 5344
f 5339 5234 5228
f 5345 5234 5339
f 5346 5340 5229
f 5346 5229 5235
f 5347 5235 5236
f 5347 5346 5235
f 5348 5236 5237
f 5348 5347 5236
f 5349 5237 5238
f 5349 5348 5237
f 5350 5238 5239
f 5350 5349 5238
f 5351 5239 5240
f 5351 5350 5239
f 5352 5240 5241
f 5352 5351 5240
f 5353 5241 5242
f 5353 5352 5241
f 5354 5242 5243
f 5354 5353 5242
f 5355 5243 5244
f 5355 5354 5243
f 5356 5244 5245
f 5356 5355 5244
f 5357 5245 5246
f 5357 5356 5245
f 5358 5246 5247
f 5358 5357 5246
f 5359 5247 5248
f 5359 5358 5247
f 5360 5248 5249
f 5360 5359 5248
f 5249 5230 5341
f 5249 5341 5360
f 5361 5344 5233
f 5361 5233 5250
f 5362 5250 5251
f 5362 5361 5250
f 5251 5252 5362
f 5362 5252 5363
f 5345 5253 5234
f 5364 5253 5345
f 5254 5363 5252
f 5254 5365 5363
f 5364 5255 5253
f 5366 5255 5364
f 5368 5367 5256
f 5368 5256 5257
f 5254 5256 5365
f 5365 5256 5367
f 5366 5258 5255
f 5369 5258 5366
f 5259 5368 5257
f 5259 5370 5368
f 5369 5260 5258
f 5371 5260 5369
f 5261 5370 5259
f 5261 5372 5370
f 5371 5262 5260
f 5373 5262 5371
f 5263 5372 5261
f 5263 5374 5372
f 5373 5264 5262
f 5375 5264 5373
f 5376 5374 5263
f 5376 5263 5265
f 5265 5266 5376
f 5376 5266 5377
f 5375 5267 5264
f 5378 5267 5375
f 5268 5377 5266
f 5268 5379 5377
f 5378 5269 5267
f 5380 5269 5378
f 5381 5379 5268
f 5381 5268 5270
f 5270 5271 5381
f 5381 5271 5382
f 5384 5383 5273
f 5273 5383 5272
f 5273 5269 5380
f 5273 5380 5384
f 5274 5382 5271
f 5274 5385 5382
f 5383 5275 5272
f 5386 5275 5383
f 5387 5385 5274
f 5387 5274 5276
f 5276 5277 5387
f 5387 5277 5388
f 5390 5389 5279
f 5279 5389 5278
f 5391 5279 5280
f 5391 5390 5279
f 5280 5275 5386
f 5280 5386 5391
f 5392 5388 5277
f 5392 5277 5281
f 5393 5281 5282
f 5393 5392 5281
f 5394 5282 5283
f 5394 5393 5282
f 5395 5283 5284
f 5395 5394 5283
f 5396 5284 5285
f 5396 5395 5284
f 5397 5285 5286
f 5397 5396 5285
f 5286 5278 5389
f 5286 5389 5397
f 5399 5398 5287
f 5399 5287 5288
f 5287 5400 5289
f 5398 5400 5287
f 5289 5401 5290
f 5400 5401 5289
f 5290 5402 5291
f 5401 5402 5290
f 5291 5403 5292
f 5402 5403 5291
f 5292 5404 5293
f 5403 5404 5292
f 5293 5405 5294
f 5404 5405 5293
f 5294 5406 5295
f 5405 5406 5294
f 5295 5407 5296
f 5406 5407 5295
f 5296 5408 5297
f 5407 5408 5296
f 5297 5409 5298
f 5408 5409 5297
f 5298 5410 5299
f 5409 5410 5298
f 5299 5411 5300
f 5410 5411 5299
f 5300 5412 5301
f 5411 5412 5300
f 5301 5413 5302
f 5412 5413 5301
f 5302 5414 5303
f 5413 5414 5302
f 5303 5415 5304
f 5414 5415 5303
f 5304 5416 5305
f 5415 5416 5304
f 5305 5417 5306
f 5416 5417 5305
f 5306 5418 5307
f 5417 5418 5306
f 5307 5419 5308
f 5418 5419 5307
f 5308 5420 5309
f 5419 5420 5308
f 5309 5421 5310
f 5420 5421 5309
f 5310 5422 5311
f 5421 5422 5310
f 5311 5423 5312
f 5422 5423 5311
f 5312 5424 5313
f 5423 5424 5312
f 5313 5425 5314
f 5424 5425 5313
f 5314 5426 5315
f 5425 5426 5314
f 5316 5315 5426
f 5316 5426 5427
f 5429 5428 5317
f 5429 5317 5318
f 5288 5317 5399
f 5399 5317 5428
f 5427 5430 5316
f 5316 5430 5319
f 5320 5319 5430
f 5320 5430 5431
f 5321 5429 5318
f 5321 5432 5429
f 5431 5322 5320
f 5433 5322 5431
f 5324 5432 5321
f 5324 5434 5432
f 5436 5435 5326
f 5326 5435 5325
f 5326 5322 5433
f 5326 5433 5436
f 5327 5434 5324
f 5327 5437 5434
f 5435 5328 5325
f 5438 5328 5435
f 5329 5437 5327
f 5329 5439 5437
f 5438 5330 5328
f 5440 5330 5438
f 5331 5439 5329
f 5331 5441 5439
f 5440 5442 5330
f 5330 5442 5332
f 5333 5332 5442
f 5333 5442 5443
f 5334 5441 5331
f 5334 5444 5441
f 5443 5335 5333
f 5445 5335 5443
f 5336 5444 5334
f 5336 5446 5444
f 5445 5337 5335
f 5447 5337 5445
f 5338 5446 5336
f 5338 5448 5446
f 5447 5339 5337
f 5449 5339 5447
f 5340 5448 5338
f 5340 5450 5448
f 5452 5451 5342
f 5342 5451 5341
f 5453 5342 5343
f 5453 5452 5342
f 5343 5344 5453
f 5453 5344 5454
f 5449 5345 5339
f 5455 5345 5449
f 5456 5450 5340
f 5456 5340 5346
f 5457 5346 5347
f 5457 5456 5346
f 5458 5347 5348
f 5458 5457 5347
f 5459 5348 5349
f 5459 5458 5348
f 5460 5349 5350
f 5460 5459 5349
f 5461 5350 5351
f 5461 5460 5350
f 5462 5351 5352
f 5462 5461 5351
f 5463 5352 5353
f 5463 5462 5352
f 5464 5353 5354
f 5464 5463 5353
f 5465 5354 5355
f 5465 5464 5354
f 5466 5355 5356
f 5466 5465 5355
f 5467 5356 5357
f 5467 5466 5356
f 5468 5357 5358
f 5468 5467 5357
f 5469 5358 5359
f 5469 5468 5358
f 5470 5359 5360
f 5470 5469 5359
f 5360 5341 5451
f 5360 5451 5470
f 5471 5454 5344
f 5471 5344 5361
f 5472 5361 5362
f 5472 5471 5361
f 5362 5363 5472
f 5472 5363 5473
f 5455 5364 5345
f 5474 5364 5455
f 5365 5473 5363
f 5365 5475 5473
f 5474 5366 5364
f 5476 5366 5474
f 5478 5477 5367
f 5478 5367 5368
f 5365 5367 5475
f 5475 5367 5477
f 5476 5369 5366
f 5479 5369 5476
f 5370 5478 5368
f 5370 5480 5478
f 5479 5371 5369
f 5481 5371 5479
f 5372 5480 5370
f 5372 5482 5480
f 5481 5373 5371
f 5483 5373 5481
f 5374 5482 5372
f 5374 5484 5482
f 5483 5375 5373
f 5485 5375 5483
f 5486 5484 5374
f 5486 5374 5376
f 5376 5377 5486
f 5486 5377 5487
f 5485 5378 5375
f 5488 5378 5485
f 5379 5487 5377
f 5379 5489 5487
f 5488 5380 5378
f 5490 5380 5488
f 5491 5489 5379
f 5491 5379 5381
f 5381 5382 5491
f 5491 5382 5492
f 5494 5493 5384
f 5384 5493 5383
f 5384 5380 5490
f 5384 5490 5494
f 5385 5492 5382
f 5385 5495 5492
f 5493 5386 5383
f 5496 5386 5493
f 5497 5495 5385
f 5497 5385 5387
f 5387 5388 5497
f 5497 5388 5498
f 5500 5499 5390
f 5390 5499 5389
f 5501 5390 5391
f 5501 5500 5390
f 5391 5386 5496
f 5391 5496 5501
f 5502 5498 5388
f 5502 5388 5392
f 5503 5392 5393
f 5503 5502 5392
f 5504 5393 5394
f 5504 5503 5393
f 5505 5394 5395
f 5505 5504 5394
f 5506 5395 5396
f 5506 5505 5395
f 5507 5396 5397
f 5507 5506 5396
f 5397 5389 5499
f 5397 5499 5507
f 5509 5508 5398
f 5509 5398 5399
f 5398 5510 5400
f 5508 5510 5398
f 5400 5511 5401
f 5510 5511 5400
f 5401 5512 5402
f 5511 5512 5401
f 5402 5513 5403
f 5512 5513 5402
f 5403 5514 5404
f 5513 5514 5403
f 5404 5515 5405
f 5514 5515 5404
f 5405 5516 5406
f 5515 5516 5405
f 5406 5517 5407
f 5516 5517 5406
f 5407 5518 5408
f 5517 5518 5407
f 5408 5519 5409
f 5518 5519 5408
f 5409 5520 5410
f 5519 5520 5409
f 5410 5521 5411
f 5520 5521 5410
f 5411 5522 5412
f 5521 5522 5411
f 5412 5523 5413
f 5522 5523 5412
f 5413 5524 5414
f 5523 5524 5413
f 5414 5525 5415
f 5524 5525 5414
f 5415 5526 5416
f 5525 5526 5415
f 5416 5527 5417
f 5526 5527 5416
f 5417 5528 5418
f 5527 5528 5417
f 5418 5529 5419
f 5528 5529 5418
f 5419 5530 5420
f 5529 5530 5419
f 5420 5531 5421
f 5530 5531 5420
f 5421 5532 5422
f 5531 5532 5421
f 5422 5533 5423
f 5532 5533 5422
f 5423 5534 5424
f 5533 5534 5423
f 5424 5535 5425
f 5534 5535 5424
f 5425 5536 5426
f 5535 5536 5425
f 5427 5426 5536
f 5427 5536 5537
f 5539 5538 5428
f 5539 5428 5429
f 5399 5428 5509
f 5509 5428 5538
f 5537 5540 5427
f 5427 5540 5430
f 5431 5430 5540
f 5431 5540 5541
f 5432 5539 5429
f 5432 5542 5539
f 5545 5544 5543
f 5541 5545 5543
f 5433 5541 5543
f 5431 5541 5433
f 5434 5542 5432
f 5434 5546 5542
f 5543 5544 5436
f 5544 5435 5436
f 5544 5547 5435
f 5543 5436 5433
f 5437 5546 5434
f 5437 5548 5546
f 5547 5438 5435
f 5549 5438 5547
f 5439 5548 5437
f 5439 5550 5548
f 5549 5440 5438
f 5551 5440 5549
f 5441 5550 5439
f 5441 5552 5550
f 5551 5553 5440
f 5440 5553 5442
f 5443 5442 5553
f 5443 5553 5554
f 5444 5552 5441
f 5444 5555 5552
f 5554 5445 5443
f 5556 5445 5554
f 5446 5555 5444
f 5446 5557 5555
f 5556 5447 5445
f 5558 5447 5556
f 5448 5557 5446
f 5448 5559 5557
f 5558 5449 5447
f 5560 5449 5558
f 5450 5562 5561
f 5559 5450 5561
f 5448 5450 5559
f 5562 5563 5561
f 5564 5451 5452
f 5453 5565 5452
f 5452 5565 5564
f 5454 5565 5453
f 5560 5455 5449
f 5566 5455 5560
f 5456 5562 5450
f 5567 5563 5562
f 5456 5567 5562
f 5457 5567 5456
f 5568 5457 5458
f 5568 5567 5457
f 5569 5458 5459
f 5569 5568 5458
f 5570 5459 5460
f 5570 5569 5459
f 5571 5460 5461
f 5571 5570 5460
f 5572 5461 5462
f 5572 5571 5461
f 5573 5462 5463
f 5573 5572 5462
f 5574 5463 5464
f 5574 5573 5463
f 5575 5464 5465
f 5575 5574 5464
f 5576 5465 5466
f 5576 5575 5465
f 5577 5466 5467
f 5577 5576 5466
f 5578 5467 5468
f 5578 5577 5467
f 5579 5468 5469
f 5579 5578 5468
f 5580 5469 5470
f 5580 5579 5469
f 5470 5451 5564
f 5581 5470 5564
f 5580 5470 5581
f 5581 5564 5565
f 5581 5565 5582
f 5582 5565 5454
f 5471 5582 5454
f 5583 5582 5471
f 5584 5471 5472
f 5584 5583 5471
f 5472 5473 5584
f 5584 5473 5585
f 5566 5474 5455
f 5586 5474 5566
f 5475 5585 5473
f 5475 5587 5585
f 5586 5476 5474
f 5588 5476 5586
f 5590 5589 5477
f 5590 5477 5478
f 5475 5477 5587
f 5587 5477 5589
f 5588 5479 5476
f 5591 5479 5588
f 5480 5590 5478
f 5480 5592 5590
f 5591 5481 5479
f 5593 5481 5591
f 5482 5592 5480
f 5482 5594 5592
f 5593 5483 5481
f 5595 5483 5593
f 5484 5594 5482
f 5484 5596 5594
f 5595 5485 5483
f 5597 5485 5595
f 5598 5596 5484
f 5598 5484 5486
f 5486 5487 5598
f 5598 5487 5599
f 5597 5488 5485
f 5600 5488 5597
f 5489 5599 5487
f 5489 5601 5599
f 5600 5490 5488
f 5602 5490 5600
f 5603 5601 5489
f 5603 5489 5491
f 5491 5492 5603
f 5603 5492 5604
f 5606 5605 5494
f 5494 5605 5493
f 5494 5490 5602
f 5494 5602 5606
f 5495 5604 5492
f 5495 5607 5604
f 5605 5496 5493
f 5608 5496 5605
f 5609 5607 5495
f 5609 5495 5497
f 5497 5498 5609
f 5609 5498 5610
f 5612 5611 5500
f 5500 5611 5499
f 5613 5500 5501
f 5613 5612 5500
f 5501 5496 5608
f 5501 5608 5613
f 5614 5610 5498
f 5614 5498 5502
f 5615 5502 5503
f 5615 5614 5502
f 5616 5503 5504
f 5616 5615 5503
f 5617 5504 5505
f 5617 5616 5504
f 5618 5505 5506
f 5618 5617 5505
f 5619 5506 5507
f 5619 5618 5506
f 5507 5499 5611
f 5507 5611 5619
f 5621 5620 5508
f 5621 5508 5509
f 5508 5622 5510
f 5620 5622 5508
f 5510 5623 5511
f 5622 5623 5510
f 5511 5624 5512
f 5623 5624 5511
f 5512 5625 5513
f 5624 5625 5512
f 5513 5626 5514
f 5625 5626 5513
f 5514 5627 5515
f 5626 5627 5514
f 5515 5628 5516
f 5627 5628 5515
f 5516 5629 5517
f 5628 5629 5516
f 5517 5630 5518
f 5629 5630 5517
f 5518 5631 5519
f 5630 5631 5518
f 5519 5632 5520
f 5631 5632 5519
f 5520 5633 5521
f 5632 5633 5520
f 5521 5634 5522
f 5633 5634 5521
f 5522 5635 5523
f 5634 5635 5522
f 5523 5636 5524
f 5635 5636 5523
f 5524 5637 5525
f 5636 5637 5524
f 5525 5638 5526
f 5637 5638 5525
f 5526 5639 5527
f 5638 5639 5526
f 5527 5640 5528
f 5639 5640 5527
f 5528 5641 5529
f 5640 5641 5528
f 5529 5642 5530
f 5641 5642 5529
f 5530 5643 5531
f 5642 5643 5530
f 5531 5644 5532
f 5643 5644 5531
f 5532 5645 5533
f 5644 5645 5532
f 5533 5646 5534
f 5645 5646 5533
f 5534 5647 5535
f 5646 5647 5534
f 5535 5648 5536
f 5647 5648 5535
f 5537 5536 5648
f 5537 5648 5649
f 5651 5650 5538
f 5651 5538 5539
f 5509 5538 5621
f 5621 5538 5650
f 5649 5652 5537
f 5537 5652 5540
f 5541 5540 5652
f 5541 5652 5653
f 5542 5651 5539
f 5542 5654 5651
f 5656 5655 5545
f 5545 5655 5544
f 5545 5541 5653
f 5545 5653 5656
f 5546 5654 5542
f 5546 5657 5654
f 5655 5547 5544
f 5658 5547 5655
f 5548 5657 5546
f 5548 5659 5657
f 5658 5549 5547
f 5660 5549 5658
f 5550 5659 5548
f 5550 5661 5659
f 5660 5551 5549
f 5662 5551 5660
f 5552 5661 5550
f 5552 5663 5661
f 5662 5664 5551
f 5551 5664 5553
f 5554 5553 5664
f 5554 5664 5665
f 5555 5663 5552
f 5555 5666 5663
f 5665 5556 5554
f 5667 5556 5665
f 5557 5666 5555
f 5557 5668 5666
f 5667 5558 5556
f 5669 5558 5667
f 5559 5668 5557
f 5559 5670 5668
f 5669 5560 5558
f 5671 5560 5669
f 5672 5670 5559
f 5672 5559 5561
f 5561 5563 5672
f 5672 5563 5673
f 5671 5566 5560
f 5674 5566 5671
f 5675 5673 5563
f 5675 5563 5567
f 5676 5567 5568
f 5676 5675 5567
f 5677 5568 5569
f 5677 5676 5568
f 5678 5569 5570
f 5678 5677 5569
f 5679 5570 5571
f 5679 5678 5570
f 5680 5571 5572
f 5680 5679 5571
f 5681 5572 5573
f 5681 5680 5572
f 5682 5573 5574
f 5682 5681 5573
f 5683 5574 5575
f 5683 5682 5574
f 5684 5575 5576
f 5684 5683 5575
f 5685 5576 5577
f 5685 5684 5576
f 5686 5577 5578
f 5686 5685 5577
f 5687 5578 5579
f 5687 5686 5578
f 5688 5579 5580
f 5688 5687 5579
f 5689 5580 5581
f 5689 5688 5580
f 5690 5581 5582
f 5690 5689 5581
f 5691 5582 5583
f 5691 5690 5582
f 5693 5691 5692
f 5691 5584 5692
f 5691 5583 5584
f 5585 5692 5584
f 5674 5586 5566
f 5694 5586 5674
f 5693 5692 5695
f 5693 5695 5696
f 5587 5695 5585
f 5585 5695 5692
f 5694 5588 5586
f 5697 5588 5694
f 5696 5695 5589
f 5590 5696 5589
f 5698 5696 5590
f 5589 5695 5587
f 5697 5591 5588
f 5699 5591 5697
f 5592 5698 5590
f 5592 5700 5698
f 5699 5593 5591
f 5701 5593 5699
f 5594 5700 5592
f 5594 5702 5700
f 5701 5595 5593
f 5703 5595 5701
f 5596 5702 5594
f 5596 5704 5702
f 5703 5597 5595
f 5705 5597 5703
f 5596 5598 5706
f 5707 5596 5706
f 5704 5596 5707
f 5599 5706 5598
f 5705 5600 5597
f 5708 5600 5705
f 5709 5707 5706
f 5706 5599 5709
f 5599 5710 5709
f 5599 5601 5710
f 5708 5602 5600
f 5711 5602 5708
f 5712 5710 5601
f 5712 5601 5603
f 5603 5604 5712
f 5712 5604 5713
f 5715 5714 5606
f 5606 5714 5605
f 5606 5602 5711
f 5606 5711 5715
f 5607 5713 5604
f 5607 5716 5713
f 5714 5608 5605
f 5717 5608 5714
f 5718 5716 5607
f 5718 5607 5609
f 5609 5610 5718
f 5718 5610 5719
f 5721 5720 5612
f 5612 5720 5611
f 5722 5612 5613
f 5722 5721 5612
f 5613 5608 5717
f 5613 5717 5722
f 5723 5719 5610
f 5723 5610 5614
f 5724 5614 5615
f 5724 5723 5614
f 5725 5615 5616
f 5725 5724 5615
f 5726 5616 5617
f 5726 5725 5616
f 5727 5617 5618
f 5727 5726 5617
f 5728 5618 5619
f 5728 5727 5618
f 5619 5611 5720
f 5619 5720 5728
f 5730 5729 5620
f 5730 5620 5621
f 5620 5731 5622
f 5729 5731 5620
f 5622 5732 5623
f 5731 5732 5622
f 5623 5733 5624
f 5732 5733 5623
f 5624 5734 5625
f 5733 5734 5624
f 5625 5735 5626
f 5734 5735 5625
f 5626 5736 5627
f 5735 5736 5626
f 5627 5737 5628
f 5736 5737 5627
f 5628 5738 5629
f 5737 5738 5628
f 5629 5739 5630
f 5738 5739 5629
f 5630 5740 5631
f 5739 5740 5630
f 5631 5741 5632
f 5740 5741 5631
f 5632 5742 5633
f 5741 5742 5632
f 5633 5743 5634
f 5742 5743 5633
f 5634 5744 5635
f 5743 5744 5634
f 5635 5745 5636
f 5744 5745 5635
f 5636 5746 5637
f 5745 5746 5636
f 5637 5747 5638
f 5746 5747 5637
f 5638 5748 5639
f 5747 5748 5638
f 5639 5749 5640
f 5748 5749 5639
f 5640 5750 5641
f 5749 5750 5640
f 5641 5751 5642
f 5750 5751 5641
f 5642 5752 5643
f 5751 5752 5642
f 5643 5753 5644
f 5752 5753 5643
f 5644 5754 5645
f 5753 5754 5644
f 5645 5755 5646
f 5754 5755 5645
f 5646 5756 5647
f 5755 5756 5646
f 5647 5757 5648
f 5756 5757 5647
f 5649 5648 5757
f 5649 5757 5758
f 5760 5759 5650
f 5760 5650 5651
f 5621 5650 5730
f 5730 5650 5759
f 5758 5761 5649
f 5649 5761 5652
f 5653 5652 5761
f 5653 5761 5762
f 5654 5760 5651
f 5654 5763 5760
f 5764 5655 5656
f 5765 5764 5656
f 5653 5765 5656
f 5762 5765 5653
f 5657 5763 5654
f 5657 5766 5763
f 5768 5767 5764
f 5767 5655 5764
f 5767 5658 5655
f 5768 5764 5765
f 5659 5766 5657
f 5659 5769 5766
f 5767 5660 5658
f 5770 5660 5767
f 5661 5769 5659
f 5661 5771 5769
f 5770 5662 5660
f 5772 5662 5770
f 5663 5771 5661
f 5663 5773 5771
f 5772 5774 5662
f 5662 5774 5664
f 5665 5664 5774
f 5665 5774 5775
f 5666 5773 5663
f 5666 5776 5773
f 5775 5667 5665
f 5777 5667 5775
f 5668 5776 5666
f 5668 5778 5776
f 5777 5669 5667
f 5779 5669 5777
f 5670 5778 5668
f 5670 5780 5778
f 5779 5671 5669
f 5781 5671 5779
f 5670 5672 5782
f 5783 5670 5782
f 5780 5670 5783
f 5673 5782 5672
f 5781 5674 5671
f 5784 5674 5781
f 5785 5783 5782
f 5785 5782 5673
f 5675 5785 5673
f 5786 5785 5675
f 5788 5786 5787
f 5786 5676 5787
f 5786 5675 5676
f 5677 5789 5676
f 5676 5789 5787
f 5678 5790 5677
f 5677 5790 5789
f 5679 5791 5678
f 5678 5791 5790
f 5791 5679 5792
f 5679 5793 5792
f 5679 5680 5793
f 5794 5680 5681
f 5794 5793 5680
f 5795 5681 5682
f 5795 5794 5681
f 5796 5682 5683
f 5796 5795 5682
f 5797 5683 5684
f 5797 5796 5683
f 5798 5684 5685
f 5798 5797 5684
f 5799 5685 5686
f 5799 5798 5685
f 5800 5686 5687
f 5800 5799 5686
f 5801 5687 5688
f 5801 5800 5687
f 5802 5688 5689
f 5802 5801 5688
f 5803 5689 5690
f 5803 5802 5689
f 5805 5803 5804
f 5803 5691 5804
f 5803 5690 5691
f 5693 5804 5691
f 5784 5694 5674
f 5806 5694 5784
f 5809 5808 5807
f 5807 5808 5788
f 5787 5807 5788
f 5810 5807 5787
f 5811 5787 5789
f 5810 5787 5811
f 5812 5789 5790
f 5811 5789 5812
f 5813 5790 5791
f 5812 5790 5813
f 5791 5792 5814
f 5791 5814 5813
f 5817 5816 5815
f 5819 5818 5815
f 5819 5815 5816
f 5818 5819 5805
f 5804 5818 5805
f 5820 5818 5804
f 5696 5820 5693
f 5693 5820 5804
f 5806 5697 5694
f 5821 5697 5806
f 5809 5807 5822
f 5809 5822 5823
f 5824 5807 5810
f 5822 5807 5824
f 5825 5810 5811
f 5824 5810 5825
f 5826 5811 5812
f 5825 5811 5826
f 5827 5812 5813
f 5826 5812 5827
f 5813 5814 5828
f 5829 5813 5828
f 5827 5813 5829
f 5830 5829 5828
f 5831 5817 5815
f 5833 5832 5831
f 5815 5833 5831
f 5818 5833 5815
f 5834 5818 5820
f 5833 5818 5834
f 5698 5834 5696
f 5696 5834 5820
f 5821 5699 5697
f 5835 5699 5821
f 5836 5823 5822
f 5838 5837 5836
f 5822 5838 5836
f 5824 5838 5822
f 5839 5824 5825
f 5838 5824 5839
f 5840 5825 5826
f 5839 5825 5840
f 5841 5826 5827
f 5840 5826 5841
f 5842 5827 5829
f 5841 5827 5842
f 5829 5830 5843
f 5844 5829 5843
f 5842 5829 5844
f 5845 5844 5843
f 5832 5833 5846
f 5832 5846 5847
f 5848 5833 5834
f 5846 5833 5848
f 5700 5848 5698
f 5698 5848 5834
f 5835 5701 5699
f 5849 5701 5835
f 5850 5837 5838
f 5850 5838 5839
f 5850 5839 5851
f 5851 5839 5840
f 5851 5840 5852
f 5852 5840 5841
f 5852 5841 5853
f 5853 5841 5842
f 5853 5842 5854
f 5854 5842 5844
f 5854 5844 5855
f 5855 5844 5845
f 5847 5846 5856
f 5847 5856 5857
f 5858 5846 5848
f 5856 5846 5858
f 5702 5858 5700
f 5700 5858 5848
f 5849 5703 5701
f 5859 5703 5849
f 5860 5857 5856
f 5862 5861 5860
f 5856 5862 5860
f 5858 5862 5856
f 5704 5862 5702
f 5702 5862 5858
f 5859 5705 5703
f 5863 5705 5859
f 5861 5862 5864
f 5861 5864 5865
f 5707 5864 5704
f 5704 5864 5862
f 5863 5708 5705
f 5866 5708 5863
f 5867 5865 5864
f 5869 5867 5868
f 5868 5867 5709
f 5867 5864 5709
f 5864 5707 5709
f 5710 5868 5709
f 5866 5711 5708
f 5870 5711 5866
f 5871 5869 5868
f 5873 5871 5872
f 5872 5871 5712
f 5871 5868 5712
f 5868 5710 5712
f 5713 5872 5712
f 5875 5874 5715
f 5715 5874 5714
f 5715 5711 5870
f 5715 5870 5875
f 5876 5873 5872
f 5872 5713 5876
f 5713 5877 5876
f 5713 5716 5877
f 5874 5717 5714
f 5878 5717 5874
f 5879 5877 5716
f 5879 5716 5718
f 5718 5719 5879
f 5879 5719 5880
f 5883 5882 5881
f 5720 5721 5881
f 5721 5883 5881
f 5721 5884 5883
f 5885 5721 5722
f 5885 5884 5721
f 5722 5717 5878
f 5722 5878 5885
f 5886 5880 5719
f 5886 5719 5723
f 5887 5723 5724
f 5887 5886 5723
f 5888 5724 5725
f 5888 5887 5724
f 5889 5725 5726
f 5889 5888 5725
f 5890 5726 5727
f 5890 5889 5726
f 5728 5881 5882
f 5890 5728 5882
f 5727 5728 5890
f 5881 5728 5720
f 5892 5891 5729
f 5892 5729 5730
f 5729 5893 5731
f 5891 5893 5729
f 5731 5894 5732
f 5893 5894 5731
f 5732 5895 5733
f 5894 5895 5732
f 5733 5896 5734
f 5895 5896 5733
f 5734 5897 5735
f 5896 5897 5734
f 5735 5898 5736
f 5897 5898 5735
f 5736 5899 5737
f 5898 5899 5736
f 5737 5900 5738
f 5899 5900 5737
f 5738 5901 5739
f 5900 5901 5738
f 5739 5902 5740
f 5901 5902 5739
f 5740 5903 5741
f 5902 5903 5740
f 5741 5904 5742
f 5903 5904 5741
f 5742 5905 5743
f 5904 5905 5742
f 5743 5906 5744
f 5905 5906 5743
f 5744 5907 5745
f 5906 5907 5744
f 5745 5908 5746
f 5907 5908 5745
f 5746 5909 5747
f 5908 5909 5746
f 5747 5910 5748
f 5909 5910 5747
f 5748 5911 5749
f 5910 5911 5748
f 5749 5912 5750
f 5911 5912 5749
f 5750 5913 5751
f 5912 5913 5750
f 5751 5914 5752
f 5913 5914 5751
f 5752 5915 5753
f 5914 5915 5752
f 5753 5916 5754
f 5915 5916 5753
f 5754 5917 5755
f 5916 5917 5754
f 5755 5918 5756
f 5917 5918 5755
f 5756 5919 5757
f 5918 5919 5756
f 5758 5757 5919
f 5758 5919 5920
f 5922 5921 5759
f 5922 5759 5760
f 5730 5759 5892
f 5892 5759 5921
f 5920 5923 5758
f 5758 5923 5761
f 5762 5761 5923
f 5762 5923 5924
f 5763 5922 5760
f 5763 5925 5922
f 5924 5765 5762
f 5926 5765 5924
f 5766 5925 5763
f 5766 5927 5925
f 5929 5928 5768
f 5768 5928 5767
f 5768 5765 5926
f 5768 5926 5929
f 5769 5927 5766
f 5769 5930 5927
f 5928 5770 5767
f 5931 5770 5928
f 5771 5930 5769
f 5771 5932 5930
f 5931 5772 5770
f 5933 5772 5931
f 5773 5932 5771
f 5773 5934 5932
f 5933 5935 5772
f 5772 5935 5774
f 5775 5774 5935
f 5775 5935 5936
f 5776 5934 5773
f 5776 5937 5934
f 5936 5777 5775
f 5938 5777 5936
f 5778 5937 5776
f 5778 5939 5937
f 5938 5779 5777
f 5940 5779 5938
f 5780 5939 5778
f 5780 5941 5939
f 5940 5781 5779
f 5942 5781 5940
f 5783 5941 5780
f 5783 5943 5941
f 5942 5784 5781
f 5944 5784 5942
f 5945 5943 5783
f 5945 5783 5785
f 5947 5945 5946
f 5945 5786 5946
f 5945 5785 5786
f 5788 5946 5786
f 5948 5792 5793
f 5794 5949 5793
f 5793 5949 5948
f 5795 5950 5794
f 5794 5950 5949
f 5796 5951 5795
f 5795 5951 5950
f 5797 5952 5796
f 5796 5952 5951
f 5798 5953 5797
f 5797 5953 5952
f 5799 5954 5798
f 5798 5954 5953
f 5800 5955 5799
f 5799 5955 5954
f 5801 5956 5800
f 5800 5956 5955
f 5802 5957 5801
f 5801 5957 5956
f 5803 5958 5802
f 5802 5958 5957
f 5805 5958 5803
f 5944 5806 5784
f 5959 5806 5944
f 5962 5961 5960
f 5960 5961 5947
f 5960 5947 5946
f 5809 5960 5946
f 5808 5809 5946
f 5808 5946 5788
f 5963 5814 5948
f 5948 5814 5792
f 5964 5948 5949
f 5963 5948 5964
f 5965 5949 5950
f 5964 5949 5965
f 5966 5950 5951
f 5965 5950 5966
f 5967 5951 5952
f 5966 5951 5967
f 5968 5952 5953
f 5967 5952 5968
f 5969 5953 5954
f 5968 5953 5969
f 5970 5954 5955
f 5969 5954 5970
f 5971 5955 5956
f 5970 5955 5971
f 5817 5971 5816
f 5971 5957 5816
f 5971 5956 5957
f 5816 5957 5819
f 5819 5957 5958
f 5819 5958 5805
f 5959 5821 5806
f 5972 5821 5959
f 5962 5960 5973
f 5962 5973 5974
f 5823 5973 5809
f 5809 5973 5960
f 5963 5828 5814
f 5828 5963 5830
f 5963 5975 5830
f 5963 5964 5975
f 5976 5964 5965
f 5975 5964 5976
f 5977 5965 5966
f 5976 5965 5977
f 5978 5966 5967
f 5977 5966 5978
f 5979 5967 5968
f 5978 5967 5979
f 5980 5968 5969
f 5979 5968 5980
f 5981 5969 5970
f 5980 5969 5981
f 5982 5970 5971
f 5981 5970 5982
f 5831 5983 5817
f 5983 5971 5817
f 5983 5982 5971
f 5832 5983 5831
f 5972 5835 5821
f 5984 5835 5972
f 5974 5973 5985
f 5974 5985 5986
f 5836 5987 5823
f 5987 5973 5823
f 5987 5985 5973
f 5837 5987 5836
f 5975 5843 5830
f 5843 5975 5845
f 5975 5988 5845
f 5975 5976 5988
f 5989 5976 5977
f 5988 5976 5989
f 5990 5977 5978
f 5989 5977 5990
f 5991 5978 5979
f 5990 5978 5991
f 5992 5979 5980
f 5991 5979 5992
f 5993 5980 5981
f 5992 5980 5993
f 5994 5981 5982
f 5993 5981 5994
f 5995 5982 5983
f 5994 5982 5995
f 5847 5995 5832
f 5832 5995 5983
f 5984 5849 5835
f 5996 5849 5984
f 5986 5985 5997
f 5986 5997 5998
f 5999 5985 5987
f 5997 5985 5999
f 5850 6000 5837
f 6000 5987 5837
f 6000 5999 5987
f 5851 6001 5850
f 5850 6001 6000
f 5852 6002 5851
f 5851 6002 6001
f 5853 6003 5852
f 5852 6003 6002
f 5854 6004 5853
f 5853 6004 6003
f 5855 6005 5854
f 5854 6005 6004
f 5845 5988 5855
f 5988 6005 5855
f 5988 6006 6005
f 6007 5988 5989
f 6006 5988 6007
f 6008 5989 5990
f 6007 5989 6008
f 6009 5990 5991
f 6008 5990 6009
f 6010 5991 5992
f 6009 5991 6010
f 6011 5992 5993
f 6010 5992 6011
f 6012 5993 5994
f 6011 5993 6012
f 6013 5994 5995
f 6012 5994 6013
f 5857 6013 5847
f 5847 6013 5995
f 5996 5859 5849
f 6014 5859 5996
f 6015 5998 5997
f 6017 6016 6015
f 5997 6017 6015
f 5999 6017 5997
f 6018 5999 6000
f 6017 5999 6018
f 6019 6000 6001
f 6018 6000 6019
f 6020 6001 6002
f 6019 6001 6020
f 6021 6002 6003
f 6020 6002 6021
f 6022 6003 6004
f 6021 6003 6022
f 6023 6004 6005
f 6022 6004 6023
f 6024 6005 6006
f 6023 6005 6024
f 6025 6006 6007
f 6024 6006 6025
f 6026 6007 6008
f 6025 6007 6026
f 6027 6008 6009
f 6026 6008 6027
f 6028 6009 6010
f 6027 6009 6028
f 6029 6010 6011
f 6028 6010 6029
f 6030 6011 6012
f 6029 6011 6030
f 6031 6012 6013
f 6030 6012 6031
f 5860 6032 5857
f 6032 6013 5857
f 6032 6031 6013
f 5861 6032 5860
f 6014 5863 5859
f 6033 5863 6014
f 6034 6016 6017
f 6036 6035 6034
f 6017 6036 6034
f 6018 6036 6017
f 6037 6018 6019
f 6036 6018 6037
f 6038 6019 6020
f 6037 6019 6038
f 6039 6020 6021
f 6038 6020 6039
f 6040 6021 6022
f 6039 6021 6040
f 6041 6022 6023
f 6040 6022 6041
f 6042 6023 6024
f 6041 6023 6042
f 6043 6024 6025
f 6042 6024 6043
f 6044 6025 6026
f 6043 6025 6044
f 6045 6026 6027
f 6044 6026 6045
f 6046 6027 6028
f 6045 6027 6046
f 6047 6028 6029
f 6046 6028 6047
f 6048 6029 6030
f 6047 6029 6048
f 6049 6030 6031
f 6048 6030 6049
f 6050 6031 6032
f 6049 6031 6050
f 5865 6050 5861
f 5861 6050 6032
f 6033 5866 5863
f 6051 5866 6033
f 6052 6035 6036
f 6052 6036 6037
f 6052 6037 6053
f 6053 6037 6038
f 6053 6038 6054
f 6054 6038 6039
f 6054 6039 6055
f 6055 6039 6040
f 6055 6040 6056
f 6056 6040 6041
f 6056 6041 6057
f 6057 6041 6042
f 6057 6042 6058
f 6058 6042 6043
f 6058 6043 6059
f 6061 6060 6059
f 6043 6061 6059
f 6044 6061 6043
f 6062 6044 6045
f 6061 6044 6062
f 6063 6045 6046
f 6062 6045 6063
f 6064 6046 6047
f 6063 6046 6064
f 6065 6047 6048
f 6064 6047 6065
f 6066 6048 6049
f 6065 6048 6066
f 6067 6049 6050
f 6066 6049 6067
f 5867 6068 5865
f 6068 6050 5865
f 6068 6067 6050
f 5869 6068 5867
f 6051 5870 5866
f 6069 5870 6051
f 6070 6060 6061
f 6070 6061 6062
f 6070 6062 6071
f 6071 6062 6063
f 6071 6063 6072
f 6072 6063 6064
f 6072 6064 6073
f 6073 6064 6065
f 6073 6065 6074
f 6074 6065 6066
f 6074 6066 6075
f 6075 6066 6067
f 6075 6067 6076
f 6076 6067 6068
f 6076 6068 6077
f 6077 6068 5869
f 5871 6077 5869
f 6078 6077 5871
f 5871 5873 6078
f 6078 5873 6079
f 6081 6080 5875
f 5875 6080 5874
f 5875 5870 6069
f 5875 6069 6081
f 6082 6079 5873
f 6082 5873 5876
f 5876 5877 6082
f 6082 5877 6083
f 6080 5878 5874
f 6084 5878 6080
f 6085 6083 5877
f 6085 5877 5879
f 5879 5880 6085
f 6085 5880 6086
f 6088 6087 5883
f 5883 6087 5882
f 6089 5883 5884
f 6089 6088 5883
f 6090 5884 5885
f 6090 6089 5884
f 5885 5878 6084
f 5885 6084 6090
f 6091 6086 5880
f 6091 5880 5886
f 6092 5886 5887
f 6092 6091 5886
f 6093 5887 5888
f 6093 6092 5887
f 6094 5888 5889
f 6094 6093 5888
f 6095 5889 5890
f 6095 6094 5889
f 5890 5882 6087
f 5890 6087 6095
f 6097 6096 5891
f 6097 5891 5892
f 5891 6098 5893
f 6096 6098 5891
f 5893 6099 5894
f 6098 6099 5893
f 5894 6100 5895
f 6099 6100 5894
f 5895 6101 5896
f 6100 6101 5895
f 5896 6102 5897
f 6101 6102 5896
f 5897 6103 5898
f 6102 6103 5897
f 5898 6104 5899
f 6103 6104 5898
f 5899 6105 5900
f 6104 6105 5899
f 5900 6106 5901
f 6105 6106 5900
f 5901 6107 5902
f 6106 6107 5901
f 5902 6108 5903
f 6107 6108 5902
f 5903 6109 5904
f 6108 6109 5903
f 5904 6110 5905
f 6109 6110 5904
f 5905 6111 5906
f 6110 6111 5905
f 5906 6112 5907
f 6111 6112 5906
f 5907 6113 5908
f 6112 6113 5907
f 5908 6114 5909
f 6113 6114 5908
f 5909 6115 5910
f 6114 6115 5909
f 5910 6116 5911
f 6115 6116 5910
f 5911 6117 5912
f 6116 6117 5911
f 5912 6118 5913
f 6117 6118 5912
f 5913 6119 5914
f 6118 6119 5913
f 5914 6120 5915
f 6119 6120 5914
f 5915 6121 5916
f 6120 6121 5915
f 5916 6122 5917
f 6121 6122 5916
f 5917 6123 5918
f 6122 6123 5917
f 5918 6124 5919
f 6123 6124 5918
f 5920 5919 6124
f 5920 6124 6125
f 6127 6126 5921
f 6127 5921 5922
f 5892 5921 6097
f 6097 5921 6126
f 6125 6128 5920
f 5920 6128 5923
f 5924 5923 6128
f 5924 6128 6129
f 5925 6127 5922
f 5925 6130 6127
f 6129 5926 5924
f 6131 5926 6129
f 5927 6130 5925
f 5927 6132 6130
f 6134 6133 5929
f 5929 6133 5928
f 5929 5926 6131
f 5929 6131 6134
f 5930 6132 5927
f 5930 6135 6132
f 6133 5931 5928
f 6136 5931 6133
f 5932 6135 5930
f 5932 6137 6135
f 6136 5933 5931
f 6138 5933 6136
f 5934 6137 5932
f 5934 6139 6137
f 6138 6140 5933
f 5933 6140 5935
f 5936 5935 6140
f 5936 6140 6141
f 5937 6139 5934
f 5937 6142 6139
f 6141 5938 5936
f 6143 5938 6141
f 5939 6142 5937
f 5939 6144 6142
f 6143 5940 5938
f 6145 5940 6143
f 5941 6144 5939
f 5941 6146 6144
f 6145 5942 5940
f 6147 5942 6145
f 5943 6146 5941
f 5943 6148 6146
f 6147 5944 5942
f 6149 5944 6147
f 5943 5945 6150
f 6151 5943 6150
f 6148 5943 6151
f 5947 6150 5945
f 6149 5959 5944
f 6152 5959 6149
f 6151 6150 5961
f 5962 6151 5961
f 6153 6151 5962
f 5961 6150 5947
f 6152 5972 5959
f 6154 5972 6152
f 5974 6153 5962
f 5974 6155 6153
f 6154 5984 5972
f 6156 5984 6154
f 5986 6155 5974
f 5986 6157 6155
f 6156 5996 5984
f 6158 5996 6156
f 5998 6157 5986
f 5998 6159 6157
f 6158 6014 5996
f 6160 6014 6158
f 5998 6015 6161
f 6162 5998 6161
f 6159 5998 6162
f 6016 6161 6015
f 6160 6033 6014
f 6163 6033 6160
f 6164 6162 6161
f 6166 6164 6165
f 6165 6164 6034
f 6164 6161 6034
f 6161 6016 6034
f 6035 6165 6034
f 6163 6051 6033
f 6167 6051 6163
f 6168 6166 6165
f 6168 6165 6035
f 6052 6168 6035
f 6169 6168 6052
f 6171 6169 6170
f 6169 6053 6170
f 6169 6052 6053
f 6054 6172 6053
f 6053 6172 6170
f 6055 6173 6054
f 6054 6173 6172
f 6056 6174 6055
f 6055 6174 6173
f 6057 6175 6056
f 6056 6175 6174
f 6058 6176 6057
f 6057 6176 6175
f 6059 6177 6058
f 6058 6177 6176
f 6060 6177 6059
f 6180 6179 6178
f 6167 6180 6178
f 6069 6167 6178
f 6051 6167 6069
f 6181 6171 6170
f 6181 6170 6172
f 6181 6172 6182
f 6182 6172 6173
f 6182 6173 6183
f 6183 6173 6174
f 6183 6174 6184
f 6184 6174 6175
f 6184 6175 6185
f 6185 6175 6176
f 6185 6176 6186
f 6186 6176 6177
f 6186 6177 6187
f 6187 6177 6060
f 6070 6187 6060
f 6188 6187 6070
f 6190 6188 6189
f 6188 6071 6189
f 6188 6070 6071
f 6072 6191 6071
f 6071 6191 6189
f 6073 6192 6072
f 6072 6192 6191
f 6074 6193 6073
f 6073 6193 6192
f 6075 6194 6074
f 6074 6194 6193
f 6076 6195 6075
f 6075 6195 6194
f 6077 6196 6076
f 6076 6196 6195
f 6078 6197 6077
f 6077 6197 6196
f 6079 6197 6078
f 6178 6179 6081
f 6179 6080 6081
f 6179 6198 6080
f 6178 6081 6069
f 6199 6190 6189
f 6199 6189 6191
f 6199 6191 6200
f 6200 6191 6192
f 6200 6192 6201
f 6201 6192 6193
f 6201 6193 6202
f 6202 6193 6194
f 6202 6194 6203
f 6203 6194 6195
f 6203 6195 6204
f 6204 6195 6196
f 6204 6196 6205
f 6205 6196 6197
f 6205 6197 6206
f 6208 6206 6207
f 6207 6206 6082
f 6206 6197 6082
f 6197 6079 6082
f 6083 6207 6082
f 6211 6210 6209
f 6198 6211 6209
f 6084 6198 6209
f 6080 6198 6084
f 6212 6208 6207
f 6212 6207 6083
f 6085 6212 6083
f 6213 6212 6085
f 6215 6214 6086
f 6214 6085 6086
f 6214 6213 6085
f 6215 6216 6214
f 6219 6218 6217
f 6221 6220 6217
f 6217 6220 6219
f 6087 6088 6221
f 6088 6220 6221
f 6088 6222 6220
f 6223 6088 6089
f 6223 6222 6088
f 6090 6209 6210
f 6223 6090 6210
f 6089 6090 6223
f 6209 6090 6084
f 6091 6215 6086
f 6224 6216 6215
f 6091 6224 6215
f 6092 6224 6091
f 6225 6092 6093
f 6225 6224 6092
f 6094 6217 6218
f 6225 6094 6218
f 6093 6094 6225
f 6217 6094 6095
f 6217 6095 6221
f 6221 6095 6087
f 6227 6226 6096
f 6227 6096 6097
f 6096 6228 6098
f 6226 6228 6096
f 6098 6229 6099
f 6228 6229 6098
f 6099 6230 6100
f 6229 6230 6099
f 6100 6231 6101
f 6230 6231 6100
f 6101 6232 6102
f 6231 6232 6101
f 6102 6233 6103
f 6232 6233 6102
f 6103 6234 6104
f 6233 6234 6103
f 6104 6235 6105
f 6234 6235 6104
f 6105 6236 6106
f 6235 6236 6105
f 6106 6237 6107
f 6236 6237 6106
f 6107 6238 6108
f 6237 6238 6107
f 6108 6239 6109
f 6238 6239 6108
f 6109 6240 6110
f 6239 6240 6109
f 6110 6241 6111
f 6240 6241 6110
f 6111 6242 6112
f 6241 6242 6111
f 6112 6243 6113
f 6242 6243 6112
f 6113 6244 6114
f 6243 6244 6113
f 6114 6245 6115
f 6244 6245 6114
f 6115 6246 6116
f 6245 6246 6115
f 6116 6247 6117
f 6246 6247 6116
f 6117 6248 6118
f 6247 6248 6117
f 6118 6249 6119
f 6248 6249 6118
f 6119 6250 6120
f 6249 6250 6119
f 6120 6251 6121
f 6250 6251 6120
f 6121 6252 6122
f 6251 6252 6121
f 6122 6253 6123
f 6252 6253 6122
f 6123 6254 6124
f 6253 6254 6123
f 6125 6124 6254
f 6125 6254 6255
f 6257 6256 6126
f 6257 6126 6127
f 6097 6126 6227
f 6227 6126 6256
f 6255 6258 6125
f 6125 6258 6128
f 6129 6128 6258
f 6129 6258 6259
f 6130 6257 6127
f 6130 6260 6257
f 6259 6131 6129
f 6261 6131 6259
f 6132 6260 6130
f 6132 6262 6260
f 6263 6133 6134
f 6264 6263 6134
f 6131 6264 6134
f 6261 6264 6131
f 6135 6262 6132
f 6135 6265 6262
f 6267 6266 6263
f 6266 6133 6263
f 6266 6136 6133
f 6267 6263 6264
f 6137 6265 6135
f 6137 6268 6265
f 6266 6138 6136
f 6269 6138 6266
f 6139 6268 6137
f 6139 6270 6268
f 6269 6271 6138
f 6138 6271 6140
f 6141 6140 6271
f 6141 6271 6272
f 6142 6270 6139
f 6142 6273 6270
f 6272 6143 6141
f 6274 6143 6272
f 6144 6273 6142
f 6144 6275 6273
f 6274 6145 6143
f 6276 6145 6274
f 6146 6275 6144
f 6146 6277 6275
f 6276 6147 6145
f 6278 6147 6276
f 6148 6277 6146
f 6148 6279 6277
f 6278 6149 6147
f 6280 6149 6278
f 6151 6279 6148
f 6151 6281 6279
f 6280 6152 6149
f 6282 6152 6280
f 6153 6281 6151
f 6153 6283 6281
f 6282 6154 6152
f 6284 6154 6282
f 6155 6283 6153
f 6155 6285 6283
f 6284 6156 6154
f 6286 6156 6284
f 6157 6285 6155
f 6157 6287 6285
f 6286 6158 6156
f 6288 6158 6286
f 6159 6287 6157
f 6159 6289 6287
f 6288 6160 6158
f 6290 6160 6288
f 6162 6289 6159
f 6162 6291 6289
f 6290 6163 6160
f 6292 6163 6290
f 6293 6291 6162
f 6293 6162 6164
f 6164 6166 6293
f 6293 6166 6294
f 6297 6296 6295
f 6292 6297 6295
f 6167 6292 6295
f 6163 6292 6167
f 6298 6294 6166
f 6298 6166 6168
f 6300 6298 6299
f 6298 6169 6299
f 6298 6168 6169
f 6171 6299 6169
f 6295 6296 6180
f 6296 6179 6180
f 6296 6301 6179
f 6295 6180 6167
f 6302 6300 6299
f 6302 6299 6171
f 6181 6302 6171
f 6303 6302 6181
f 6304 6181 6182
f 6304 6303 6181
f 6305 6182 6183
f 6305 6304 6182
f 6306 6183 6184
f 6306 6305 6183
f 6307 6184 6185
f 6307 6306 6184
f 6308 6185 6186
f 6308 6307 6185
f 6310 6308 6309
f 6308 6187 6309
f 6308 6186 6187
f 6188 6311 6187
f 6187 6311 6309
f 6190 6311 6188
f 6301 6198 6179
f 6312 6198 6301
f 6313 6310 6309
f 6313 6309 6311
f 6313 6311 6314
f 6314 6311 6190
f 6199 6314 6190
f 6315 6314 6199
f 6316 6199 6200
f 6316 6315 6199
f 6317 6200 6201
f 6317 6316 6200
f 6318 6201 6202
f 6318 6317 6201
f 6319 6202 6203
f 6319 6318 6202
f 6320 6203 6204
f 6320 6319 6203
f 6321 6204 6205
f 6321 6320 6204
f 6322 6205 6206
f 6322 6321 6205
f 6324 6323 6208
f 6323 6206 6208
f 6323 6322 6206
f 6324 6325 6323
f 6327 6326 6211
f 6211 6326 6210
f 6211 6198 6312
f 6211 6312 6327
f 6212 6324 6208
f 6328 6325 6324
f 6212 6328 6324
f 6213 6328 6212
f 6329 6213 6214
f 6329 6328 6213
f 6331 6330 6216
f 6330 6214 6216
f 6330 6329 6214
f 6333 6332 6331
f 6331 6332 6330
f 6218 6219 6333
f 6219 6332 6333
f 6219 6334 6332
f 6335 6219 6220
f 6335 6334 6219
f 6336 6220 6222
f 6336 6335 6220
f 6337 6222 6223
f 6337 6336 6222
f 6223 6210 6326
f 6223 6326 6337
f 6224 6331 6216
f 6331 6224 6225
f 6331 6225 6333
f 6333 6225 6218
f 6339 6338 6226
f 6339 6226 6227
f 6226 6340 6228
f 6338 6340 6226
f 6228 6341 6229
f 6340 6341 6228
f 6229 6342 6230
f 6341 6342 6229
f 6230 6343 6231
f 6342 6343 6230
f 6231 6344 6232
f 6343 6344 6231
f 6232 6345 6233
f 6344 6345 6232
f 6233 6346 6234
f 6345 6346 6233
f 6234 6347 6235
f 6346 6347 6234
f 6235 6348 6236
f 6347 6348 6235
f 6236 6349 6237
f 6348 6349 6236
f 6237 6350 6238
f 6349 6350 6237
f 6238 6351 6239
f 6350 6351 6238
f 6239 6352 6240
f 6351 6352 6239
f 6240 6353 6241
f 6352 6353 6240
f 6241 6354 6242
f 6353 6354 6241
f 6242 6355 6243
f 6354 6355 6242
f 6243 6356 6244
f 6355 6356 6243
f 6244 6357 6245
f 6356 6357 6244
f 6245 6358 6246
f 6357 6358 6245
f 6246 6359 6247
f 6358 6359 6246
f 6247 6360 6248
f 6359 6360 6247
f 6248 6361 6249
f 6360 6361 6248
f 6249 6362 6250
f 6361 6362 6249
f 6250 6363 6251
f 6362 6363 6250
f 6251 6364 6252
f 6363 6364 6251
f 6252 6365 6253
f 6364 6365 6252
f 6253 6366 6254
f 6365 6366 6253
f 6255 6254 6366
f 6255 6366 6367
f 6257 6368 6256
f 6368 6369 6256
f 6369 6227 6256
f 6369 6339 6227
f 6258 6255 6370
f 6255 6371 6370
f 6255 6367 6371
f 6370 6259 6258
f 6260 6372 6368
f 6260 6368 6257
f 6369 6368 6373
f 6373 6368 6372
f 6370 6371 6374
f 6374 6371 6375
f 6374 6261 6259
f 6374 6259 6370
f 6262 6376 6372
f 6262 6372 6260
f 6373 6372 6377
f 6377 6372 6376
f 6374 6375 6378
f 6378 6375 6379
f 6378 6264 6261
f 6378 6261 6374
f 6265 6380 6376
f 6265 6376 6262
f 6377 6376 6381
f 6381 6376 6380
f 6378 6379 6267
f 6379 6266 6267
f 6379 6382 6266
f 6378 6267 6264
f 6268 6383 6380
f 6268 6380 6265
f 6381 6380 6384
f 6384 6380 6383
f 6382 6269 6266
f 6385 6269 6382
f 6387 6386 6383
f 6268 6387 6383
f 6270 6387 6268
f 6383 6386 6384
f 6271 6269 6388
f 6269 6389 6388
f 6269 6385 6389
f 6388 6272 6271
f 6273 6387 6270
f 6273 6390 6387
f 6388 6389 6391
f 6391 6389 6392
f 6391 6274 6272
f 6391 6272 6388
f 6275 6390 6273
f 6275 6393 6390
f 6391 6392 6394
f 6394 6392 6395
f 6394 6276 6274
f 6394 6274 6391
f 6277 6393 6275
f 6277 6396 6393
f 6394 6395 6397
f 6397 6395 6398
f 6397 6278 6276
f 6397 6276 6394
f 6279 6396 6277
f 6279 6399 6396
f 6398 6400 6397
f 6278 6397 6400
f 6401 6278 6400
f 6280 6278 6401
f 6281 6399 6279
f 6281 6402 6399
f 6401 6282 6280
f 6403 6282 6401
f 6283 6402 6281
f 6283 6404 6402
f 6403 6284 6282
f 6405 6284 6403
f 6285 6404 6283
f 6285 6406 6404
f 6405 6286 6284
f 6407 6286 6405
f 6287 6406 6285
f 6287 6408 6406
f 6411 6410 6409
f 6407 6411 6409
f 6288 6407 6409
f 6286 6407 6288
f 6289 6408 6287
f 6289 6412 6408
f 6409 6410 6413
f 6413 6410 6414
f 6413 6290 6288
f 6413 6288 6409
f 6291 6412 6289
f 6291 6415 6412
f 6413 6414 6416
f 6416 6414 6417
f 6416 6292 6290
f 6416 6290 6413
f 6418 6415 6291
f 6418 6291 6293
f 6293 6294 6418
f 6418 6294 6419
f 6416 6417 6297
f 6417 6296 6297
f 6417 6420 6296
f 6416 6297 6292
f 6421 6419 6294
f 6421 6294 6298
f 6298 6300 6421
f 6421 6300 6422
f 6420 6301 6296
f 6423 6301 6420
f 6424 6422 6300
f 6424 6300 6302
f 6425 6302 6303
f 6425 6424 6302
f 6426 6303 6304
f 6426 6425 6303
f 6427 6304 6305
f 6427 6426 6304
f 6428 6305 6306
f 6428 6427 6305
f 6429 6306 6307
f 6429 6428 6306
f 6430 6307 6308
f 6430 6429 6307
f 6308 6310 6430
f 6430 6310 6431
f 6434 6433 6432
f 6423 6434 6432
f 6312 6423 6432
f 6301 6423 6312
f 6435 6431 6310
f 6435 6310 6313
f 6436 6313 6314
f 6436 6435 6313
f 6437 6314 6315
f 6437 6436 6314
f 6438 6315 6316
f 6438 6437 6315
f 6439 6316 6317
f 6439 6438 6316
f 6440 6317 6318
f 6440 6439 6317
f 6441 6318 6319
f 6441 6440 6318
f 6442 6319 6320
f 6442 6441 6319
f 6443 6320 6321
f 6443 6442 6320
f 6444 6321 6322
f 6444 6443 6321
f 6445 6322 6323
f 6445 6444 6322
f 6447 6446 6325
f 6446 6323 6325
f 6446 6445 6323
f 6447 6448 6446
f 6451 6450 6449
f 6453 6452 6449
f 6449 6452 6451
f 6452 6453 6433
f 6433 6453 6432
f 6453 6326 6432
f 6326 6327 6432
f 6432 6327 6312
f 6328 6447 6325
f 6454 6448 6447
f 6328 6454 6447
f 6329 6454 6328
f 6455 6329 6330
f 6455 6454 6329
f 6456 6330 6332
f 6456 6455 6330
f 6457 6332 6334
f 6457 6456 6332
f 6458 6334 6335
f 6458 6457 6334
f 6336 6449 6450
f 6458 6336 6450
f 6335 6336 6458
f 6449 6336 6337
f 6449 6337 6453
f 6453 6337 6326
f 6339 6459 6338
f 6460 6340 6338
f 6460 6338 6459
f 6461 6341 6340
f 6461 6340 6460
f 6462 6342 6341
f 6462 6341 6461
f 6463 6343 6342
f 6463 6342 6462
f 6464 6344 6343
f 6464 6343 6463
f 6465 6345 6344
f 6465 6344 6464
f 6466 6346 6345
f 6466 6345 6465
f 6467 6347 6346
f 6467 6346 6466
f 6468 6348 6347
f 6468 6347 6467
f 6469 6349 6348
f 6469 6348 6468
f 6470 6350 6349
f 6470 6349 6469
f 6471 6351 6350
f 6471 6350 6470
f 6472 6352 6351
f 6472 6351 6471
f 6473 6353 6352
f 6473 6352 6472
f 6474 6354 6353
f 6474 6353 6473
f 6475 6355 6354
f 6475 6354 6474
f 6476 6356 6355
f 6476 6355 6475
f 6477 6357 6356
f 6477 6356 6476
f 6478 6358 6357
f 6478 6357 6477
f 6479 6359 6358
f 6479 6358 6478
f 6480 6360 6359
f 6480 6359 6479
f 6481 6361 6360
f 6481 6360 6480
f 6482 6362 6361
f 6482 6361 6481
f 6483 6363 6362
f 6483 6362 6482
f 6484 6364 6363
f 6484 6363 6483
f 6485 6365 6364
f 6485 6364 6484
f 6486 6366 6365
f 6486 6365 6485
f 6486 6367 6366
f 6488 6487 6459
f 6339 6488 6459
f 6369 6488 6339
f 6459 6487 6460
f 6460 6487 6489
f 6460 6489 6461
f 6461 6489 6490
f 6461 6490 6462
f 6462 6490 6491
f 6462 6491 6463
f 6463 6491 6492
f 6463 6492 6464
f 6464 6492 6493
f 6464 6493 6465
f 6465 6493 6494
f 6465 6494 6466
f 6466 6494 6495
f 6466 6495 6467
f 6467 6495 6496
f 6467 6496 6468
f 6468 6496 6497
f 6468 6497 6469
f 6469 6497 6498
f 6469 6498 6470
f 6470 6498 6499
f 6470 6499 6471
f 6471 6499 6500
f 6471 6500 6472
f 6472 6500 6501
f 6472 6501 6473
f 6473 6501 6502
f 6473 6502 6474
f 6474 6502 6503
f 6474 6503 6475
f 6475 6503 6504
f 6475 6504 6476
f 6476 6504 6505
f 6476 6505 6477
f 6477 6505 6506
f 6477 6506 6478
f 6478 6506 6507
f 6478 6507 6479
f 6479 6507 6508
f 6479 6508 6480
f 6480 6508 6509
f 6480 6509 6481
f 6481 6509 6510
f 6481 6510 6482
f 6482 6510 6511
f 6482 6511 6483
f 6483 6511 6512
f 6483 6512 6484
f 6484 6512 6513
f 6484 6513 6485
f 6485 6513 6514
f 6516 6515 6514
f 6515 6485 6514
f 6515 6486 6485
f 6515 6371 6367
f 6515 6367 6486
f 6373 6488 6369
f 6373 6517 6488
f 6515 6516 6518
f 6518 6516 6519
f 6518 6375 6371
f 6518 6371 6515
f 6377 6517 6373
f 6377 6520 6517
f 6518 6519 6521
f 6521 6519 6522
f 6521 6379 6375
f 6521 6375 6518
f 6381 6520 6377
f 6381 6523 6520
f 6521 6522 6524
f 6524 6522 6525
f 6524 6382 6379
f 6524 6379 6521
f 6384 6523 6381
f 6384 6526 6523
f 6524 6525 6527
f 6527 6525 6528
f 6527 6385 6382
f 6527 6382 6524
f 6387 6529 6386
f 6529 6530 6386
f 6530 6384 6386
f 6530 6526 6384
f 6533 6532 6531
f 6535 6534 6531
f 6531 6534 6533
f 6535 6536 6534
f 6527 6528 6537
f 6537 6528 6538
f 6537 6389 6385
f 6537 6385 6527
f 6390 6539 6529
f 6390 6529 6387
f 6530 6529 6540
f 6540 6529 6539
f 6531 6532 6541
f 6541 6532 6542
f 6531 6543 6535
f 6531 6541 6543
f 6536 6535 6544
f 6535 6545 6544
f 6535 6543 6545
f 6547 6546 6545
f 6545 6546 6544
f 6549 6548 6547
f 6547 6548 6546
f 6549 6550 6548
f 6537 6538 6551
f 6551 6538 6552
f 6551 6392 6389
f 6551 6389 6537
f 6393 6553 6539
f 6393 6539 6390
f 6540 6539 6554
f 6554 6539 6553
f 6542 6555 6541
f 6541 6555 6543
f 6543 6555 6556
f 6558 6557 6556
f 6557 6543 6556
f 6557 6545 6543
f 6545 6559 6547
f 6545 6557 6559
f 6547 6560 6549
f 6547 6559 6560
f 6550 6549 6561
f 6549 6562 6561
f 6549 6560 6562
f 6562 6563 6561
f 6551 6552 6564
f 6564 6552 6565
f 6564 6395 6392
f 6564 6392 6551
f 6396 6566 6553
f 6396 6553 6393
f 6554 6553 6567
f 6567 6553 6566
f 6570 6569 6568
f 6570 6568 6558
f 6568 6557 6558
f 6568 6571 6557
f 6557 6572 6559
f 6557 6571 6572
f 6559 6573 6560
f 6559 6572 6573
f 6560 6574 6562
f 6560 6573 6574
f 6563 6562 6575
f 6575 6562 6574
f 6564 6565 6576
f 6576 6565 6577
f 6576 6398 6395
f 6576 6395 6564
f 6399 6578 6566
f 6399 6566 6396
f 6567 6566 6579
f 6579 6566 6578
f 6569 6580 6568
f 6568 6580 6571
f 6571 6580 6581
f 6583 6582 6581
f 6582 6571 6581
f 6582 6572 6571
f 6572 6584 6573
f 6572 6582 6584
f 6586 6574 6585
f 6574 6584 6585
f 6574 6573 6584
f 6574 6586 6575
f 6577 6587 6576
f 6587 6589 6588
f 6587 6588 6400
f 6576 6587 6400
f 6398 6576 6400
f 6588 6401 6400
f 6402 6590 6578
f 6402 6578 6399
f 6579 6578 6591
f 6591 6578 6590
f 6583 6592 6582
f 6582 6592 6584
f 6584 6592 6593
f 6584 6593 6585
f 6588 6589 6594
f 6594 6589 6595
f 6594 6403 6401
f 6594 6401 6588
f 6597 6596 6590
f 6402 6597 6590
f 6404 6597 6402
f 6590 6596 6591
f 6594 6595 6598
f 6598 6595 6599
f 6598 6405 6403
f 6598 6403 6594
f 6406 6597 6404
f 6406 6600 6597
f 6598 6599 6601
f 6601 6599 6602
f 6601 6407 6405
f 6601 6405 6598
f 6408 6600 6406
f 6408 6603 6600
f 6601 6602 6411
f 6602 6410 6411
f 6602 6604 6410
f 6601 6411 6407
f 6412 6603 6408
f 6412 6605 6603
f 6604 6414 6410
f 6606 6414 6604
f 6415 6605 6412
f 6415 6607 6605
f 6610 6609 6608
f 6606 6610 6608
f 6417 6606 6608
f 6414 6606 6417
f 6611 6607 6415
f 6611 6415 6418
f 6418 6419 6611
f 6611 6419 6612
f 6615 6614 6613
f 6617 6616 6613
f 6613 6616 6615
f 6619 6618 6617
f 6617 6618 6616
f 6619 6620 6618
f 6608 6609 6621
f 6621 6609 6622
f 6621 6420 6417
f 6621 6417 6608
f 6623 6612 6419
f 6623 6419 6421
f 6625 6624 6422
f 6624 6421 6422
f 6624 6623 6421
f 6627 6626 6625
f 6625 6626 6624
f 6629 6628 6627
f 6627 6628 6626
f 6629 6630 6628
f 6633 6632 6631
f 6635 6634 6631
f 6631 6634 6633
f 6637 6636 6635
f 6635 6636 6634
f 6636 6637 6614
f 6637 6613 6614
f 6637 6638 6613
f 6613 6639 6617
f 6613 6638 6639
f 6617 6640 6619
f 6617 6639 6640
f 6620 6619 6641
f 6619 6642 6641
f 6619 6640 6642
f 6644 6643 6642
f 6642 6643 6641
f 6646 6645 6644
f 6644 6645 6643
f 6648 6647 6646
f 6646 6647 6645
f 6648 6649 6647
f 6652 6651 6650
f 6652 6650 6622
f 6650 6621 6622
f 6650 6653 6621
f 6653 6423 6420
f 6653 6420 6621
f 6424 6625 6422
f 6625 6424 6425
f 6625 6425 6627
f 6627 6425 6426
f 6627 6426 6629
f 6654 6630 6629
f 6426 6654 6629
f 6427 6654 6426
f 6655 6427 6428
f 6655 6654 6427
f 6656 6428 6429
f 6656 6655 6428
f 6657 6429 6430
f 6657 6656 6429
f 6659 6658 6431
f 6658 6430 6431
f 6658 6657 6430
f 6661 6660 6659
f 6659 6660 6658
f 6663 6662 6661
f 6661 6662 6660
f 6665 6664 6663
f 6663 6664 6662
f 6667 6666 6665
f 6665 6666 6664
f 6669 6668 6667
f 6667 6668 6666
f 6668 6669 6632
f 6669 6631 6632
f 6669 6670 6631
f 6631 6671 6635
f 6631 6670 6671
f 6635 6672 6637
f 6635 6671 6672
f 6637 6673 6638
f 6637 6672 6673
f 6638 6674 6639
f 6638 6673 6674
f 6639 6675 6640
f 6639 6674 6675
f 6640 6676 6642
f 6640 6675 6676
f 6642 6677 6644
f 6642 6676 6677
f 6644 6678 6646
f 6644 6677 6678
f 6646 6679 6648
f 6646 6678 6679
f 6649 6648 6680
f 6648 6681 6680
f 6648 6679 6681
f 6683 6682 6681
f 6681 6682 6680
f 6682 6683 6651
f 6683 6650 6651
f 6683 6684 6650
f 6684 6433 6434
f 6653 6684 6434
f 6650 6684 6653
f 6653 6434 6423
f 6435 6659 6431
f 6659 6435 6436
f 6659 6436 6661
f 6661 6436 6437
f 6661 6437 6663
f 6663 6437 6438
f 6663 6438 6665
f 6665 6438 6439
f 6665 6439 6667
f 6667 6439 6440
f 6667 6440 6669
f 6669 6440 6441
f 6669 6441 6670
f 6670 6441 6442
f 6670 6442 6671
f 6671 6442 6443
f 6671 6443 6672
f 6672 6443 6444
f 6672 6444 6673
f 6673 6444 6445
f 6673 6445 6674
f 6674 6445 6446
f 6674 6446 6675
f 6675 6446 6448
f 6685 6675 6448
f 6676 6675 6685
f 6676 6686 6677
f 6676 6685 6686
f 6677 6687 6678
f 6677 6686 6687
f 6678 6688 6679
f 6678 6687 6688
f 6679 6689 6681
f 6679 6688 6689
f 6689 6450 6451
f 6683 6689 6451
f 6681 6689 6683
f 6683 6451 6452
f 6683 6452 6684
f 6684 6452 6433
f 6454 6685 6448
f 6685 6454 6455
f 6685 6455 6686
f 6686 6455 6456
f 6686 6456 6687
f 6687 6456 6457
f 6687 6457 6688
f 6688 6457 6458
f 6688 6458 6689
f 6689 6458 6450
f 6488 6690 6487
f 6691 6489 6487
f 6691 6487 6690
f 6692 6490 6489
f 6692 6489 6691
f 6693 6491 6490
f 6693 6490 6692
f 6694 6492 6491
f 6694 6491 6693
f 6695 6493 6492
f 6695 6492 6694
f 6696 6494 6493
f 6696 6493 6695
f 6697 6495 6494
f 6697 6494 6696
f 6698 6496 6495
f 6698 6495 6697
f 6699 6497 6496
f 6699 6496 6698
f 6700 6498 6497
f 6700 6497 6699
f 6701 6499 6498
f 6701 6498 6700
f 6702 6500 6499
f 6702 6499 6701
f 6703 6501 6500
f 6703 6500 6702
f 6704 6502 6501
f 6704 6501 6703
f 6705 6503 6502
f 6705 6502 6704
f 6706 6504 6503
f 6706 6503 6705
f 6707 6505 6504
f 6707 6504 6706
f 6708 6506 6505
f 6708 6505 6707
f 6709 6507 6506
f 6709 6506 6708
f 6710 6508 6507
f 6710 6507 6709
f 6711 6509 6508
f 6711 6508 6710
f 6712 6510 6509
f 6712 6509 6711
f 6713 6511 6510
f 6713 6510 6712
f 6714 6512 6511
f 6714 6511 6713
f 6715 6513 6512
f 6715 6512 6714
f 6716 6514 6513
f 6716 6513 6715
f 6716 6516 6514
f 6517 6717 6690
f 6517 6690 6488
f 6690 6718 6691
f 6690 6717 6718
f 6691 6719 6692
f 6691 6718 6719
f 6692 6720 6693
f 6692 6719 6720
f 6693 6721 6694
f 6693 6720 6721
f 6694 6722 6695
f 6694 6721 6722
f 6695 6723 6696
f 6695 6722 6723
f 6696 6724 6697
f 6696 6723 6724
f 6697 6725 6698
f 6697 6724 6725
f 6698 6726 6699
f 6698 6725 6726
f 6699 6727 6700
f 6699 6726 6727
f 6700 6728 6701
f 6700 6727 6728
f 6701 6729 6702
f 6701 6728 6729
f 6702 6730 6703
f 6702 6729 6730
f 6703 6731 6704
f 6703 6730 6731
f 6704 6732 6705
f 6704 6731 6732
f 6705 6733 6706
f 6705 6732 6733
f 6706 6734 6707
f 6706 6733 6734
f 6707 6735 6708
f 6707 6734 6735
f 6708 6736 6709
f 6708 6735 6736
f 6709 6737 6710
f 6709 6736 6737
f 6710 6738 6711
f 6710 6737 6738
f 6711 6739 6712
f 6711 6738 6739
f 6712 6740 6713
f 6712 6739 6740
f 6713 6741 6714
f 6713 6740 6741
f 6714 6742 6715
f 6714 6741 6742
f 6715 6743 6716
f 6715 6742 6743
f 6743 6519 6516
f 6743 6516 6716
f 6520 6744 6717
f 6520 6717 6517
f 6717 6745 6718
f 6717 6744 6745
f 6718 6746 6719
f 6718 6745 6746
f 6719 6747 6720
f 6719 6746 6747
f 6720 6748 6721
f 6720 6747 6748
f 6721 6749 6722
f 6721 6748 6749
f 6722 6750 6723
f 6722 6749 6750
f 6723 6751 6724
f 6723 6750 6751
f 6724 6752 6725
f 6724 6751 6752
f 6725 6753 6726
f 6725 6752 6753
f 6726 6754 6727
f 6726 6753 6754
f 6727 6755 6728
f 6727 6754 6755
f 6728 6756 6729
f 6728 6755 6756
f 6729 6757 6730
f 6729 6756 6757
f 6730 6758 6731
f 6730 6757 6758
f 6731 6759 6732
f 6731 6758 6759
f 6732 6760 6733
f 6732 6759 6760
f 6733 6761 6734
f 6733 6760 6761
f 6734 6762 6735
f 6734 6761 6762
f 6735 6763 6736
f 6735 6762 6763
f 6736 6764 6737
f 6736 6763 6764
f 6737 6765 6738
f 6737 6764 6765
f 6738 6766 6739
f 6738 6765 6766
f 6739 6767 6740
f 6739 6766 6767
f 6740 6768 6741
f 6740 6767 6768
f 6741 6769 6742
f 6741 6768 6769
f 6742 6770 6743
f 6742 6769 6770
f 6770 6522 6519
f 6770 6519 6743
f 6523 6771 6744
f 6523 6744 6520
f 6744 6772 6745
f 6744 6771 6772
f 6745 6773 6746
f 6745 6772 6773
f 6746 6774 6747
f 6746 6773 6774
f 6747 6775 6748
f 6747 6774 6775
f 6748 6776 6749
f 6748 6775 6776
f 6749 6777 6750
f 6749 6776 6777
f 6750 6778 6751
f 6750 6777 6778
f 6751 6779 6752
f 6751 6778 6779
f 6752 6780 6753
f 6752 6779 6780
f 6753 6781 6754
f 6753 6780 6781
f 6754 6782 6755
f 6754 6781 6782
f 6755 6783 6756
f 6755 6782 6783
f 6756 6784 6757
f 6756 6783 6784
f 6757 6785 6758
f 6757 6784 6785
f 6758 6786 6759
f 6758 6785 6786
f 6759 6787 6760
f 6759 6786 6787
f 6760 6788 6761
f 6760 6787 6788
f 6761 6789 6762
f 6761 6788 6789
f 6762 6790 6763
f 6762 6789 6790
f 6763 6791 6764
f 6763 6790 6791
f 6764 6792 6765
f 6764 6791 6792
f 6765 6793 6766
f 6765 6792 6793
f 6766 6794 6767
f 6766 6793 6794
f 6767 6795 6768
f 6767 6794 6795
f 6768 6796 6769
f 6768 6795 6796
f 6769 6797 6770
f 6769 6796 6797
f 6797 6525 6522
f 6797 6522 6770
f 6526 6798 6771
f 6526 6771 6523
f 6771 6799 6772
f 6771 6798 6799
f 6772 6800 6773
f 6772 6799 6800
f 6773 6801 6774
f 6773 6800 6801
f 6774 6802 6775
f 6774 6801 6802
f 6775 6803 6776
f 6775 6802 6803
f 6776 6804 6777
f 6776 6803 6804
f 6777 6805 6778
f 6777 6804 6805
f 6778 6806 6779
f 6778 6805 6806
f 6779 6807 6780
f 6779 6806 6807
f 6780 6808 6781
f 6780 6807 6808
f 6781 6809 6782
f 6781 6808 6809
f 6782 6810 6783
f 6782 6809 6810
f 6783 6811 6784
f 6783 6810 6811
f 6784 6812 6785
f 6784 6811 6812
f 6785 6813 6786
f 6785 6812 6813
f 6786 6814 6787
f 6786 6813 6814
f 6787 6815 6788
f 6787 6814 6815
f 6788 6816 6789
f 6788 6815 6816
f 6789 6817 6790
f 6789 6816 6817
f 6790 6818 6791
f 6790 6817 6818
f 6791 6819 6792
f 6791 6818 6819
f 6792 6820 6793
f 6792 6819 6820
f 6793 6821 6794
f 6793 6820 6821
f 6794 6822 6795
f 6794 6821 6822
f 6795 6823 6796
f 6795 6822 6823
f 6796 6824 6797
f 6796 6823 6824
f 6824 6528 6525
f 6824 6525 6797
f 6530 6825 6798
f 6530 6798 6526
f 6798 6826 6799
f 6798 6825 6826
f 6799 6827 6800
f 6799 6826 6827
f 6800 6828 6801
f 6800 6827 6828
f 6801 6829 6802
f 6801 6828 6829
f 6802 6830 6803
f 6802 6829 6830
f 6803 6831 6804
f 6803 6830 6831
f 6804 6832 6805
f 6804 6831 6832
f 6805 6833 6806
f 6805 6832 6833
f 6806 6834 6807
f 6806 6833 6834
f 6807 6835 6808
f 6807 6834 6835
f 6808 6836 6809
f 6808 6835 6836
f 6809 6837 6810
f 6809 6836 6837
f 6810 6838 6811
f 6810 6837 6838
f 6811 6839 6812
f 6811 6838 6839
f 6812 6840 6813
f 6812 6839 6840
f 6813 6841 6814
f 6813 6840 6841
f 6841 6532 6533
f 6815 6841 6533
f 6814 6841 6815
f 6815 6533 6534
f 6815 6534 6816
f 6816 6534 6536
f 6842 6816 6536
f 6817 6816 6842
f 6817 6843 6818
f 6817 6842 6843
f 6818 6844 6819
f 6818 6843 6844
f 6819 6845 6820
f 6819 6844 6845
f 6820 6846 6821
f 6820 6845 6846
f 6821 6847 6822
f 6821 6846 6847
f 6822 6848 6823
f 6822 6847 6848
f 6823 6849 6824
f 6823 6848 6849
f 6849 6538 6528
f 6849 6528 6824
f 6540 6850 6825
f 6540 6825 6530
f 6825 6851 6826
f 6825 6850 6851
f 6826 6852 6827
f 6826 6851 6852
f 6827 6853 6828
f 6827 6852 6853
f 6828 6854 6829
f 6828 6853 6854
f 6829 6855 6830
f 6829 6854 6855
f 6830 6856 6831
f 6830 6855 6856
f 6831 6857 6832
f 6831 6856 6857
f 6832 6858 6833
f 6832 6857 6858
f 6833 6859 6834
f 6833 6858 6859
f 6834 6860 6835
f 6834 6859 6860
f 6835 6861 6836
f 6835 6860 6861
f 6836 6862 6837
f 6836 6861 6862
f 6837 6863 6838
f 6837 6862 6863
f 6838 6864 6839
f 6838 6863 6864
f 6839 6865 6840
f 6839 6864 6865
f 6840 6866 6841
f 6840 6865 6866
f 6866 6542 6532
f 6866 6532 6841
f 6544 6842 6536
f 6842 6544 6546
f 6842 6546 6843
f 6843 6546 6548
f 6843 6548 6844
f 6844 6548 6550
f 6867 6844 6550
f 6845 6844 6867
f 6845 6868 6846
f 6845 6867 6868
f 6846 6869 6847
f 6846 6868 6869
f 6847 6870 6848
f 6847 6869 6870
f 6848 6871 6849
f 6848 6870 6871
f 6871 6552 6538
f 6871 6538 6849
f 6554 6872 6850
f 6554 6850 6540
f 6850 6873 6851
f 6850 6872 6873
f 6851 6874 6852
f 6851 6873 6874
f 6852 6875 6853
f 6852 6874 6875
f 6853 6876 6854
f 6853 6875 6876
f 6854 6877 6855
f 6854 6876 6877
f 6855 6878 6856
f 6855 6877 6878
f 6856 6879 6857
f 6856 6878 6879
f 6857 6880 6858
f 6857 6879 6880
f 6858 6881 6859
f 6858 6880 6881
f 6859 6882 6860
f 6859 6881 6882
f 6860 6883 6861
f 6860 6882 6883
f 6861 6884 6862
f 6861 6883 6884
f 6862 6885 6863
f 6862 6884 6885
f 6863 6886 6864
f 6863 6885 6886
f 6864 6887 6865
f 6864 6886 6887
f 6865 6888 6866
f 6865 6887 6888
f 6889 6555 6542
f 6866 6889 6542
f 6888 6889 6866
f 6890 6556 6555
f 6890 6555 6889
f 6890 6558 6556
f 6561 6867 6550
f 6867 6561 6563
f 6891 6867 6563
f 6868 6867 6891
f 6868 6892 6869
f 6868 6891 6892
f 6869 6893 6870
f 6869 6892 6893
f 6870 6894 6871
f 6870 6893 6894
f 6894 6565 6552
f 6894 6552 6871
f 6567 6895 6872
f 6567 6872 6554
f 6872 6896 6873
f 6872 6895 6896
f 6873 6897 6874
f 6873 6896 6897
f 6874 6898 6875
f 6874 6897 6898
f 6875 6899 6876
f 6875 6898 6899
f 6876 6900 6877
f 6876 6899 6900
f 6877 6901 6878
f 6877 6900 6901
f 6878 6902 6879
f 6878 6901 6902
f 6879 6903 6880
f 6879 6902 6903
f 6880 6904 6881
f 6880 6903 6904
f 6881 6905 6882
f 6881 6904 6905
f 6882 6906 6883
f 6882 6905 6906
f 6883 6907 6884
f 6883 6906 6907
f 6884 6908 6885
f 6884 6907 6908
f 6885 6909 6886
f 6885 6908 6909
f 6886 6910 6887
f 6886 6909 6910
f 6887 6911 6888
f 6887 6910 6911
f 6888 6912 6889
f 6888 6911 6912
f 6912 6569 6570
f 6890 6912 6570
f 6889 6912 6890
f 6890 6570 6558
f 6575 6913 6891
f 6575 6891 6563
f 6891 6914 6892
f 6891 6913 6914
f 6892 6915 6893
f 6892 6914 6915
f 6893 6916 6894
f 6893 6915 6916
f 6916 6577 6565
f 6916 6565 6894
f 6579 6917 6895
f 6579 6895 6567
f 6895 6918 6896
f 6895 6917 6918
f 6896 6919 6897
f 6896 6918 6919
f 6897 6920 6898
f 6897 6919 6920
f 6898 6921 6899
f 6898 6920 6921
f 6899 6922 6900
f 6899 6921 6922
f 6900 6923 6901
f 6900 6922 6923
f 6901 6924 6902
f 6901 6923 6924
f 6902 6925 6903
f 6902 6924 6925
f 6903 6926 6904
f 6903 6925 6926
f 6904 6927 6905
f 6904 6926 6927
f 6905 6928 6906
f 6905 6927 6928
f 6906 6929 6907
f 6906 6928 6929
f 6907 6930 6908
f 6907 6929 6930
f 6908 6931 6909
f 6908 6930 6931
f 6909 6932 6910
f 6909 6931 6932
f 6910 6933 6911
f 6910 6932 6933
f 6911 6934 6912
f 6911 6933 6934
f 6935 6580 6569
f 6912 6935 6569
f 6934 6935 6912
f 6936 6581 6580
f 6936 6580 6935
f 6936 6583 6581
f 6585 6937 6586
f 6913 6575 6586
f 6937 6913 6586
f 6938 6913 6937
f 6913 6939 6914
f 6913 6938 6939
f 6914 6940 6915
f 6914 6939 6940
f 6915 6941 6916
f 6915 6940 6941
f 6942 6587 6577
f 6916 6942 6577
f 6941 6942 6916
f 6942 6589 6587
f 6591 6943 6917
f 6591 6917 6579
f 6917 6944 6918
f 6917 6943 6944
f 6918 6945 6919
f 6918 6944 6945
f 6919 6946 6920
f 6919 6945 6946
f 6920 6947 6921
f 6920 6946 6947
f 6921 6948 6922
f 6921 6947 6948
f 6922 6949 6923
f 6922 6948 6949
f 6923 6950 6924
f 6923 6949 6950
f 6924 6951 6925
f 6924 6950 6951
f 6925 6952 6926
f 6925 6951 6952
f 6926 6953 6927
f 6926 6952 6953
f 6927 6954 6928
f 6927 6953 6954
f 6928 6955 6929
f 6928 6954 6955
f 6929 6956 6930
f 6929 6955 6956
f 6930 6957 6931
f 6930 6956 6957
f 6931 6958 6932
f 6931 6957 6958
f 6932 6959 6933
f 6932 6958 6959
f 6933 6960 6934
f 6933 6959 6960
f 6934 6961 6935
f 6934 6960 6961
f 6935 6962 6936
f 6935 6961 6962
f 6963 6592 6583
f 6936 6963 6583
f 6962 6963 6936
f 6964 6593 6592
f 6964 6592 6963
f 6937 6585 6593
f 6964 6937 6593
f 6965 6937 6964
f 6937 6966 6938
f 6937 6965 6966
f 6938 6967 6939
f 6938 6966 6967
f 6939 6968 6940
f 6939 6967 6968
f 6940 6969 6941
f 6940 6968 6969
f 6941 6970 6942
f 6941 6969 6970
f 6970 6595 6589
f 6970 6589 6942
f 6597 6971 6596
f 6943 6591 6596
f 6971 6943 6596
f 6972 6943 6971
f 6943 6973 6944
f 6943 6972 6973
f 6944 6974 6945
f 6944 6973 6974
f 6945 6975 6946
f 6945 6974 6975
f 6946 6976 6947
f 6946 6975 6976
f 6947 6977 6948
f 6947 6976 6977
f 6948 6978 6949
f 6948 6977 6978
f 6949 6979 6950
f 6949 6978 6979
f 6950 6980 6951
f 6950 6979 6980
f 6951 6981 6952
f 6951 6980 6981
f 6952 6982 6953
f 6952 6981 6982
f 6953 6983 6954
f 6953 6982 6983
f 6954 6984 6955
f 6954 6983 6984
f 6955 6985 6956
f 6955 6984 6985
f 6956 6986 6957
f 6956 6985 6986
f 6957 6987 6958
f 6957 6986 6987
f 6958 6988 6959
f 6958 6987 6988
f 6959 6989 6960
f 6959 6988 6989
f 6960 6990 6961
f 6960 6989 6990
f 6961 6991 6962
f 6961 6990 6991
f 6962 6992 6963
f 6962 6991 6992
f 6963 6993 6964
f 6963 6992 6993
f 6964 6994 6965
f 6964 6993 6994
f 6965 6995 6966
f 6965 6994 6995
f 6966 6996 6967
f 6966 6995 6996
f 6967 6997 6968
f 6967 6996 6997
f 6968 6998 6969
f 6968 6997 6998
f 6969 6999 6970
f 6969 6998 6999
f 6999 6599 6595
f 6999 6595 6970
f 6600 7000 6971
f 6600 6971 6597
f 6971 7001 6972
f 6971 7000 7001
f 6972 7002 6973
f 6972 7001 7002
f 6973 7003 6974
f 6973 7002 7003
f 6974 7004 6975
f 6974 7003 7004
f 6975 7005 6976
f 6975 7004 7005
f 6976 7006 6977
f 6976 7005 7006
f 6977 7007 6978
f 6977 7006 7007
f 6978 7008 6979
f 6978 7007 7008
f 6979 7009 6980
f 6979 7008 7009
f 6980 7010 6981
f 6980 7009 7010
f 6981 7011 6982
f 6981 7010 7011
f 6982 7012 6983
f 6982 7011 7012
f 6983 7013 6984
f 6983 7012 7013
f 6984 7014 6985
f 6984 7013 7014
f 6985 7015 6986
f 6985 7014 7015
f 6986 7016 6987
f 6986 7015 7016
f 6987 7017 6988
f 6987 7016 7017
f 6988 7018 6989
f 6988 7017 7018
f 6989 7019 6990
f 6989 7018 7019
f 6990 7020 6991
f 6990 7019 7020
f 6991 7021 6992
f 6991 7020 7021
f 6992 7022 6993
f 6992 7021 7022
f 6993 7023 6994
f 6993 7022 7023
f 6994 7024 6995
f 6994 7023 7024
f 6995 7025 6996
f 6995 7024 7025
f 6996 7026 6997
f 6996 7025 7026
f 6997 7027 6998
f 6997 7026 7027
f 6998 7028 6999
f 6998 7027 7028
f 7028 6602 6599
f 7028 6599 6999
f 6603 7029 7000
f 6603 7000 6600
f 7000 7030 7001
f 7000 7029 7030
f 7001 7031 7002
f 7001 7030 7031
f 7002 7032 7003
f 7002 7031 7032
f 7003 7033 7004
f 7003 7032 7033
f 7004 7034 7005
f 7004 7033 7034
f 7005 7035 7006
f 7005 7034 7035
f 7006 7036 7007
f 7006 7035 7036
f 7007 7037 7008
f 7007 7036 7037
f 7008 7038 7009
f 7008 7037 7038
f 7009 7039 7010
f 7009 7038 7039
f 7010 7040 7011
f 7010 7039 7040
f 7011 7041 7012
f 7011 7040 7041
f 7012 7042 7013
f 7012 7041 7042
f 7013 7043 7014
f 7013 7042 7043
f 7014 7044 7015
f 7014 7043 7044
f 7015 7045 7016
f 7015 7044 7045
f 7016 7046 7017
f 7016 7045 7046
f 7017 7047 7018
f 7017 7046 7047
f 7018 7048 7019
f 7018 7047 7048
f 7019 7049 7020
f 7019 7048 7049
f 7020 7050 7021
f 7020 7049 7050
f 7021 7051 7022
f 7021 7050 7051
f 7022 7052 7023
f 7022 7051 7052
f 7023 7053 7024
f 7023 7052 7053
f 7024 7054 7025
f 7024 7053 7054
f 7025 7055 7026
f 7025 7054 7055
f 7026 7056 7027
f 7026 7055 7056
f 7027 7057 7028
f 7027 7056 7057
f 7057 6604 6602
f 7057 6602 7028
f 6605 7058 7029
f 6605 7029 6603
f 7029 7059 7030
f 7029 7058 7059
f 7030 7060 7031
f 7030 7059 7060
f 7031 7061 7032
f 7031 7060 7061
f 7032 7062 7033
f 7032 7061 7062
f 7033 7063 7034
f 7033 7062 7063
f 7034 7064 7035
f 7034 7063 7064
f 7035 7065 7036
f 7035 7064 7065
f 7036 7066 7037
f 7036 7065 7066
f 7037 7067 7038
f 7037 7066 7067
f 7038 7068 7039
f 7038 7067 7068
f 7039 7069 7040
f 7039 7068 7069
f 7040 7070 7041
f 7040 7069 7070
f 7041 7071 7042
f 7041 7070 7071
f 7042 7072 7043
f 7042 7071 7072
f 7043 7073 7044
f 7043 7072 7073
f 7044 7074 7045
f 7044 7073 7074
f 7045 7075 7046
f 7045 7074 7075
f 7046 7076 7047
f 7046 7075 7076
f 7047 7077 7048
f 7047 7076 7077
f 7048 7078 7049
f 7048 7077 7078
f 7049 7079 7050
f 7049 7078 7079
f 7050 7080 7051
f 7050 7079 7080
f 7051 7081 7052
f 7051 7080 7081
f 7052 7082 7053
f 7052 7081 7082
f 7053 7083 7054
f 7053 7082 7083
f 7054 7084 7055
f 7054 7083 7084
f 7055 7085 7056
f 7055 7084 7085
f 7056 7086 7057
f 7056 7085 7086
f 7086 6606 6604
f 7086 6604 7057
f 6607 7087 7058
f 6607 7058 6605
f 7058 7088 7059
f 7058 7087 7088
f 7059 7089 7060
f 7059 7088 7089
f 7060 7090 7061
f 7060 7089 7090
f 7061 7091 7062
f 7061 7090 7091
f 7062 7092 7063
f 7062 7091 7092
f 7063 7093 7064
f 7063 7092 7093
f 7064 7094 7065
f 7064 7093 7094
f 7065 7095 7066
f 7065 7094 7095
f 7066 7096 7067
f 7066 7095 7096
f 7067 7097 7068
f 7067 7096 7097
f 7068 7098 7069
f 7068 7097 7098
f 7069 7099 7070
f 7069 7098 7099
f 7070 7100 7071
f 7070 7099 7100
f 7071 7101 7072
f 7071 7100 7101
f 7072 7102 7073
f 7072 7101 7102
f 7073 7103 7074
f 7073 7102 7103
f 7074 7104 7075
f 7074 7103 7104
f 7075 7105 7076
f 7075 7104 7105
f 7076 7106 7077
f 7076 7105 7106
f 7077 7107 7078
f 7077 7106 7107
f 7078 7108 7079
f 7078 7107 7108
f 7079 7109 7080
f 7079 7108 7109
f 7080 7110 7081
f 7080 7109 7110
f 7081 7111 7082
f 7081 7110 7111
f 7082 7112 7083
f 7082 7111 7112
f 7083 7113 7084
f 7083 7112 7113
f 7084 7114 7085
f 7084 7113 7114
f 7114 6609 6610
f 7086 7114 6610
f 7085 7114 7086
f 7086 6610 6606
f 6611 7087 6607
f 7087 6611 6612
f 7115 7087 6612
f 7088 7087 7115
f 7088 7116 7089
f 7088 7115 7116
f 7089 7117 7090
f 7089 7116 7117
f 7090 7118 7091
f 7090 7117 7118
f 7091 7119 7092
f 7091 7118 7119
f 7092 7120 7093
f 7092 7119 7120
f 7093 7121 7094
f 7093 7120 7121
f 7094 7122 7095
f 7094 7121 7122
f 7095 7123 7096
f 7095 7122 7123
f 7096 7124 7097
f 7096 7123 7124
f 7097 7125 7098
f 7097 7124 7125
f 7098 7126 7099
f 7098 7125 7126
f 7099 7127 7100
f 7099 7126 7127
f 7100 7128 7101
f 7100 7127 7128
f 7101 7129 7102
f 7101 7128 7129
f 7102 7130 7103
f 7102 7129 7130
f 7103 7131 7104
f 7103 7130 7131
f 7131 6614 6615
f 7105 7131 6615
f 7104 7131 7105
f 7105 6615 6616
f 7105 6616 7106
f 7106 6616 6618
f 7106 6618 7107
f 7107 6618 6620
f 7132 7107 6620
f 7108 7107 7132
f 7108 7133 7109
f 7108 7132 7133
f 7109 7134 7110
f 7109 7133 7134
f 7110 7135 7111
f 7110 7134 7135
f 7111 7136 7112
f 7111 7135 7136
f 7112 7137 7113
f 7112 7136 7137
f 7113 7138 7114
f 7113 7137 7138
f 7138 6622 6609
f 7138 6609 7114
f 6623 7115 6612
f 7115 6623 6624
f 7115 6624 7116
f 7116 6624 6626
f 7116 6626 7117
f 7117 6626 6628
f 7117 6628 7118
f 7118 6628 6630
f 7139 7118 6630
f 7119 7118 7139
f 7119 7140 7120
f 7119 7139 7140
f 7120 7141 7121
f 7120 7140 7141
f 7121 7142 7122
f 7121 7141 7142
f 7122 7143 7123
f 7122 7142 7143
f 7123 7144 7124
f 7123 7143 7144
f 7124 7145 7125
f 7124 7144 7145
f 7125 7146 7126
f 7125 7145 7146
f 7126 7147 7127
f 7126 7146 7147
f 7127 7148 7128
f 7127 7147 7148
f 7148 6632 6633
f 7129 7148 6633
f 7128 7148 7129
f 7129 6633 6634
f 7129 6634 7130
f 7130 6634 6636
f 7130 6636 7131
f 7131 6636 6614
f 6641 7132 6620
f 7132 6641 6643
f 7132 6643 7133
f 7133 6643 6645
f 7133 6645 7134
f 7134 6645 6647
f 7134 6647 7135
f 7135 6647 6649
f 7149 7135 6649
f 7136 7135 7149
f 7136 7150 7137
f 7136 7149 7150
f 7150 6651 6652
f 7138 7150 6652
f 7137 7150 7138
f 7138 6652 6622
f 6654 7139 6630
f 7139 6654 6655
f 7139 6655 7140
f 7140 6655 6656
f 7140 6656 7141
f 7141 6656 6657
f 7141 6657 7142
f 7142 6657 6658
f 7142 6658 7143
f 7143 6658 6660
f 7143 6660 7144
f 7144 6660 6662
f 7144 6662 7145
f 7145 6662 6664
f 7145 6664 7146
f 7146 6664 6666
f 7146 6666 7147
f 7147 6666 6668
f 7147 6668 7148
f 7148 6668 6632
f 6680 7149 6649
f 7149 6680 6682
f 7149 6682 7150
f 7150 6682 6651

