# https://github.com/mikedh/trimesh
v 5.92629623 21.00000000 20.00000000
v 6.00000000 20.90234947 20.00000000
v 6.00000000 21.00000000 19.19032097
v 5.91290522 21.00000000 21.00000000
v 6.00000000 20.88798332 21.00000000
v 5.91729259 21.00000000 22.00000000
v 6.00000000 20.89804840 22.00000000
v 5.94145012 21.00000000 23.00000000
v 6.00000000 20.92994308 23.00000000
v 5.97552347 21.00000000 24.00000000
v 6.00000000 20.97133827 24.00000000
v 6.00000000 21.00000000 24.86482239
v 5.81812811 22.00000000 19.00000000
v 6.00000000 21.07670975 19.00000000
v 6.00000000 22.00000000 18.48133087
v 5.71660471 22.00000000 20.00000000
v 5.70819521 22.00000000 21.00000000
v 5.70247269 22.00000000 22.00000000
v 5.71594954 22.00000000 23.00000000
v 5.74280310 22.00000000 24.00000000
v 6.00000000 21.01297951 25.00000000
v 5.76581717 22.00000000 25.00000000
v 5.78558493 22.00000000 26.00000000
v 6.00000000 21.07406616 26.00000000
v 5.79708004 22.00000000 27.00000000
v 6.00000000 21.09645271 27.00000000
v 5.80302429 22.00000000 28.00000000
v 6.00000000 21.11741066 28.00000000
v 5.79999733 22.00000000 29.00000000
v 6.00000000 21.13315201 29.00000000
v 5.78900814 22.00000000 30.00000000
v 6.00000000 21.12226486 30.00000000
v 5.77813292 22.00000000 31.00000000
v 6.00000000 21.13002014 31.00000000
v 5.77239895 22.00000000 32.00000000
v 6.00000000 21.14832306 32.00000000
v 5.77003813 22.00000000 33.00000000
v 6.00000000 21.16066551 33.00000000
v 5.76587391 22.00000000 34.00000000
v 6.00000000 21.15695763 34.00000000
v 5.75518417 22.00000000 35.00000000
v 6.00000000 21.12542152 35.00000000
v 5.74589586 22.00000000 36.00000000
v 6.00000000 21.10585594 36.00000000
v 5.73277664 22.00000000 37.00000000
v 6.00000000 21.08464622 37.00000000
v 5.72355127 22.00000000 38.00000000
v 6.00000000 21.04781532 38.00000000
v 5.72779560 22.00000000 39.00000000
v 6.00000000 21.03288841 39.00000000
v 5.75191164 22.00000000 40.00000000
v 6.00000000 21.03434944 40.00000000
v 5.78330135 22.00000000 41.00000000
v 6.00000000 21.05972290 41.00000000
v 5.81183529 22.00000000 42.00000000
v 6.00000000 21.09907722 42.00000000
v 5.83333778 22.00000000 43.00000000
v 6.00000000 21.17904663 43.00000000
v 5.88688517 22.00000000 44.00000000
v 6.00000000 21.38273430 44.00000000
v 6.00000000 22.00000000 44.60341263
v 5.83154726 23.00000000 19.00000000
v 6.00000000 23.00000000 18.52776337
v 5.72603798 23.00000000 20.00000000
v 5.71191025 23.00000000 21.00000000
v 5.71063519 23.00000000 22.00000000
v 5.70911741 23.00000000 23.00000000
v 5.72051382 23.00000000 24.00000000
v 5.73852634 23.00000000 25.00000000
v 5.75798607 23.00000000 26.00000000
v 5.77387762 23.00000000 27.00000000
v 5.78704453 23.00000000 28.00000000
v 5.78875017 23.00000000 29.00000000
v 5.78391695 23.00000000 30.00000000
v 5.77327538 23.00000000 31.00000000
v 5.76181221 23.00000000 32.00000000
v 5.75102663 23.00000000 33.00000000
v 5.73279142 23.00000000 34.00000000
v 5.71665287 23.00000000 35.00000000
v 5.70512724 23.00000000 36.00000000
v 5.69842148 23.00000000 37.00000000
v 5.69732046 23.00000000 38.00000000
v 5.69701767 23.00000000 39.00000000
v 5.72473288 23.00000000 40.00000000
v 5.76532602 23.00000000 41.00000000
v 5.79641342 23.00000000 42.00000000
v 5.82149458 23.00000000 43.00000000
v 5.88091087 23.00000000 44.00000000
v 6.00000000 23.00000000 44.55933380
v 5.86524677 24.00000000 19.00000000
v 6.00000000 24.00000000 18.59354019
v 5.76707029 24.00000000 20.00000000
v 5.73385286 24.00000000 21.00000000
v 5.71793365 24.00000000 22.00000000
v 5.71475840 24.00000000 23.00000000
v 5.71803904 24.00000000 24.00000000
v 5.72248888 24.00000000 25.00000000
v 5.74321365 24.00000000 26.00000000
v 5.76125669 24.00000000 27.00000000
v 5.77451563 24.00000000 28.00000000
v 5.78587961 24.00000000 29.00000000
v 5.79055166 24.00000000 30.00000000
v 5.78395319 24.00000000 31.00000000
v 5.76956177 24.00000000 32.00000000
v 5.75510359 24.00000000 33.00000000
v 5.73598337 24.00000000 34.00000000
v 5.72135544 24.00000000 35.00000000
v 5.70409107 24.00000000 36.00000000
v 5.69047832 24.00000000 37.00000000
v 5.69189930 24.00000000 38.00000000
v 5.71556377 24.00000000 39.00000000
v 5.73971891 24.00000000 40.00000000
v 5.77445650 24.00000000 41.00000000
v 5.80222845 24.00000000 42.00000000
v 5.82219410 24.00000000 43.00000000
v 5.87574244 24.00000000 44.00000000
v 6.00000000 24.00000000 44.53894424
v 5.86848736 25.00000000 19.00000000
v 6.00000000 25.00000000 18.53500748
v 5.76388454 25.00000000 20.00000000
v 5.72805357 25.00000000 21.00000000
v 5.71414280 25.00000000 22.00000000
v 5.70099974 25.00000000 23.00000000
v 5.70364523 25.00000000 24.00000000
v 5.71246767 25.00000000 25.00000000
v 5.72407341 25.00000000 26.00000000
v 5.74386549 25.00000000 27.00000000
v 5.75607872 25.00000000 28.00000000
v 5.76809645 25.00000000 29.00000000
v 5.77414370 25.00000000 30.00000000
v 5.78125763 25.00000000 31.00000000
v 5.77983332 25.00000000 32.00000000
v 5.77550745 25.00000000 33.00000000
v 5.76563931 25.00000000 34.00000000
v 5.75044584 25.00000000 35.00000000
v 5.73515320 25.00000000 36.00000000
v 5.72598553 25.00000000 37.00000000
v 5.72793341 25.00000000 38.00000000
v 5.73818874 25.00000000 39.00000000
v 5.76878309 25.00000000 40.00000000
v 5.79432964 25.00000000 41.00000000
v 5.80127382 25.00000000 42.00000000
v 5.80393410 25.00000000 43.00000000
v 5.87162018 25.00000000 44.00000000
v 6.00000000 25.00000000 44.55704880
v 5.85547209 26.00000000 19.00000000
v 6.00000000 26.00000000 18.41747284
v 5.76614952 26.00000000 20.00000000
v 5.71760321 26.00000000 21.00000000
v 5.69732714 26.00000000 22.00000000
v 5.68700600 26.00000000 23.00000000
v 5.69265366 26.00000000 24.00000000
v 5.70673704 26.00000000 25.00000000
v 5.72176981 26.00000000 26.00000000
v 5.72685766 26.00000000 27.00000000
v 5.73565054 26.00000000 28.00000000
v 5.75031853 26.00000000 29.00000000
v 5.76160336 26.00000000 30.00000000
v 5.77610207 26.00000000 31.00000000
v 5.78930044 26.00000000 32.00000000
v 5.79518557 26.00000000 33.00000000
v 5.79210377 26.00000000 34.00000000
v 5.78381300 26.00000000 35.00000000
v 5.76748991 26.00000000 36.00000000
v 5.75574350 26.00000000 37.00000000
v 5.75974131 26.00000000 38.00000000
v 5.77156448 26.00000000 39.00000000
v 5.79195499 26.00000000 40.00000000
v 5.81381035 26.00000000 41.00000000
v 5.80792427 26.00000000 42.00000000
v 5.80841875 26.00000000 43.00000000
v 5.89895105 26.00000000 44.00000000
v 6.00000000 26.00000000 44.48408127
v 5.83060837 27.00000000 19.00000000
v 6.00000000 27.00000000 18.22632217
v 5.76006746 27.00000000 20.00000000
v 5.72552443 27.00000000 21.00000000
v 5.70190907 27.00000000 22.00000000
v 5.68902206 27.00000000 23.00000000
v 5.68919849 27.00000000 24.00000000
v 5.69944811 27.00000000 25.00000000
v 5.71529579 27.00000000 26.00000000
v 5.72597408 27.00000000 27.00000000
v 5.72840166 27.00000000 28.00000000
v 5.73581171 27.00000000 29.00000000
v 5.74896812 27.00000000 30.00000000
v 5.76131439 27.00000000 31.00000000
v 5.78130150 27.00000000 32.00000000
v 5.79907036 27.00000000 33.00000000
v 5.80570030 27.00000000 34.00000000
v 5.80497789 27.00000000 35.00000000
v 5.79906893 27.00000000 36.00000000
v 5.79004478 27.00000000 37.00000000
v 5.79227924 27.00000000 38.00000000
v 5.79797745 27.00000000 39.00000000
v 5.81031704 27.00000000 40.00000000
v 5.82235384 27.00000000 41.00000000
v 5.82606506 27.00000000 42.00000000
v 5.83942318 27.00000000 43.00000000
v 5.92761135 27.00000000 44.00000000
v 6.00000000 27.00000000 44.36811829
v 5.81982899 28.00000000 19.00000000
v 6.00000000 28.00000000 18.10923004
v 5.75431013 28.00000000 20.00000000
v 5.73676968 28.00000000 21.00000000
v 5.71856976 28.00000000 22.00000000
v 5.70357037 28.00000000 23.00000000
v 5.70129156 28.00000000 24.00000000
v 5.69799423 28.00000000 25.00000000
v 5.69960308 28.00000000 26.00000000
v 5.71052217 28.00000000 27.00000000
v 5.72051954 28.00000000 28.00000000
v 5.72835112 28.00000000 29.00000000
v 5.73642969 28.00000000 30.00000000
v 5.74657249 28.00000000 31.00000000
v 5.75485659 28.00000000 32.00000000
v 5.76941824 28.00000000 33.00000000
v 5.78568935 28.00000000 34.00000000
v 5.78941536 28.00000000 35.00000000
v 5.79435444 28.00000000 36.00000000
v 5.80069542 28.00000000 37.00000000
v 5.80372047 28.00000000 38.00000000
v 5.80224895 28.00000000 39.00000000
v 5.80741167 28.00000000 40.00000000
v 5.81876135 28.00000000 41.00000000
v 5.83476782 28.00000000 42.00000000
v 5.85524893 28.00000000 43.00000000
v 5.94344282 28.00000000 44.00000000
v 6.00000000 28.00000000 44.28817749
v 5.79456234 29.00000000 19.00000000
v 6.00000000 29.00000000 18.02526093
v 5.74112463 29.00000000 20.00000000
v 5.73551416 29.00000000 21.00000000
v 5.72941065 29.00000000 22.00000000
v 5.71283150 29.00000000 23.00000000
v 5.70270157 29.00000000 24.00000000
v 5.69102240 29.00000000 25.00000000
v 5.68658304 29.00000000 26.00000000
v 5.68568230 29.00000000 27.00000000
v 5.68551683 29.00000000 28.00000000
v 5.68767881 29.00000000 29.00000000
v 5.69207478 29.00000000 30.00000000
v 5.69487715 29.00000000 31.00000000
v 5.70473766 29.00000000 32.00000000
v 5.72134399 29.00000000 33.00000000
v 5.73669767 29.00000000 34.00000000
v 5.75133419 29.00000000 35.00000000
v 5.76350451 29.00000000 36.00000000
v 5.78354073 29.00000000 37.00000000
v 5.79477310 29.00000000 38.00000000
v 5.80243635 29.00000000 39.00000000
v 5.80515146 29.00000000 40.00000000
v 5.81143093 29.00000000 41.00000000
v 5.82352591 29.00000000 42.00000000
v 5.84550238 29.00000000 43.00000000
v 5.93722582 29.00000000 44.00000000
v 6.00000000 29.00000000 44.29965210
v 5.83397102 30.00000000 19.00000000
v 6.00000000 30.00000000 18.13726425
v 5.77926779 30.00000000 20.00000000
v 5.77270222 30.00000000 21.00000000
v 5.76469994 30.00000000 22.00000000
v 5.75892830 30.00000000 23.00000000
v 5.74334288 30.00000000 24.00000000
v 5.72626019 30.00000000 25.00000000
v 5.71237946 30.00000000 26.00000000
v 5.70047331 30.00000000 27.00000000
v 5.69697714 30.00000000 28.00000000
v 5.69029379 30.00000000 29.00000000
v 5.69059896 30.00000000 30.00000000
v 5.69740486 30.00000000 31.00000000
v 5.70318460 30.00000000 32.00000000
v 5.71081305 30.00000000 33.00000000
v 5.72026825 30.00000000 34.00000000
v 5.74167919 30.00000000 35.00000000
v 5.76597452 30.00000000 36.00000000
v 5.79456377 30.00000000 37.00000000
v 5.82164717 30.00000000 38.00000000
v 5.84351397 30.00000000 39.00000000
v 5.84396887 30.00000000 40.00000000
v 5.83139753 30.00000000 41.00000000
v 5.83116245 30.00000000 42.00000000
v 5.84051800 30.00000000 43.00000000
v 5.93405628 30.00000000 44.00000000
v 6.00000000 30.00000000 44.30220413
v 5.83064318 31.00000000 19.00000000
v 6.00000000 31.00000000 18.31694412
v 5.74641943 31.00000000 20.00000000
v 5.72561359 31.00000000 21.00000000
v 5.71522236 31.00000000 22.00000000
v 5.70537376 31.00000000 23.00000000
v 5.68642187 31.00000000 24.00000000
v 5.64810371 31.00000000 25.00000000
v 5.61710119 31.00000000 26.00000000
v 5.60005140 31.00000000 27.00000000
v 5.58550692 31.00000000 28.00000000
v 5.57733536 31.00000000 29.00000000
v 5.56956673 31.00000000 30.00000000
v 5.57020855 31.00000000 31.00000000
v 5.58197260 31.00000000 32.00000000
v 5.59639025 31.00000000 33.00000000
v 5.62384319 31.00000000 34.00000000
v 5.67547417 31.00000000 35.00000000
v 5.73848343 31.00000000 36.00000000
v 5.77425671 31.00000000 37.00000000
v 5.81054974 31.00000000 38.00000000
v 5.84093571 31.00000000 39.00000000
v 5.86628866 31.00000000 40.00000000
v 5.87491941 31.00000000 41.00000000
v 5.85983610 31.00000000 42.00000000
v 5.85159254 31.00000000 43.00000000
v 5.91707706 31.00000000 44.00000000
v 6.00000000 31.00000000 44.37475967
v 5.93332195 32.00000000 18.00000000
v 6.00000000 31.56549072 18.00000000
v 6.00000000 32.00000000 17.89627838
v 5.60509443 32.00000000 19.00000000
v 5.50313234 32.00000000 20.00000000
v 5.45280266 32.00000000 21.00000000
v 5.42379999 32.00000000 22.00000000
v 5.41305590 32.00000000 23.00000000
v 5.40829372 32.00000000 24.00000000
v 5.40748644 32.00000000 25.00000000
v 5.40173244 32.00000000 26.00000000
v 5.39532852 32.00000000 27.00000000
v 5.39245605 32.00000000 28.00000000
v 5.40077448 32.00000000 29.00000000
v 5.41618013 32.00000000 30.00000000
v 5.42922544 32.00000000 31.00000000
v 5.44875431 32.00000000 32.00000000
v 5.49344969 32.00000000 33.00000000
v 5.54521751 32.00000000 34.00000000
v 5.59714699 32.00000000 35.00000000
v 5.68488169 32.00000000 36.00000000
v 5.73364353 32.00000000 37.00000000
v 5.75976467 32.00000000 38.00000000
v 5.80154800 32.00000000 39.00000000
v 5.84209538 32.00000000 40.00000000
v 5.86012125 32.00000000 41.00000000
v 5.88174486 32.00000000 42.00000000
v 5.87550306 32.00000000 43.00000000
v 5.90303230 32.00000000 44.00000000
v 6.00000000 32.00000000 44.44887161
v 5.53377104 33.00000000 18.00000000
v 6.00000000 33.00000000 17.25821114
v 5.33553934 33.00000000 19.00000000
v 5.28372192 33.00000000 20.00000000
v 5.26459932 33.00000000 21.00000000
v 5.25503111 33.00000000 22.00000000
v 5.25711393 33.00000000 23.00000000
v 5.27565622 33.00000000 24.00000000
v 5.29469967 33.00000000 25.00000000
v 5.31208992 33.00000000 26.00000000
v 5.32819271 33.00000000 27.00000000
v 5.35004663 33.00000000 28.00000000
v 5.36946392 33.00000000 29.00000000
v 5.39125586 33.00000000 30.00000000
v 5.41243935 33.00000000 31.00000000
v 5.43397522 33.00000000 32.00000000
v 5.46553659 33.00000000 33.00000000
v 5.51913881 33.00000000 34.00000000
v 5.57156515 33.00000000 35.00000000
v 5.64811373 33.00000000 36.00000000
v 5.69930220 33.00000000 37.00000000
v 5.71342087 33.00000000 38.00000000
v 5.74233580 33.00000000 39.00000000
v 5.78539419 33.00000000 40.00000000
v 5.81397772 33.00000000 41.00000000
v 5.86058903 33.00000000 42.00000000
v 5.88368034 33.00000000 43.00000000
v 5.91534853 33.00000000 44.00000000
v 6.00000000 33.00000000 44.43550110
v 5.97229099 34.00000000 17.00000000
v 6.00000000 33.89151382 17.00000000
v 6.00000000 34.00000000 16.97875023
v 5.44652700 34.00000000 18.00000000
v 5.30117321 34.00000000 19.00000000
v 5.25844526 34.00000000 20.00000000
v 5.24105501 34.00000000 21.00000000
v 5.23690271 34.00000000 22.00000000
v 5.23981285 34.00000000 23.00000000
v 5.25011730 34.00000000 24.00000000
v 5.27083969 34.00000000 25.00000000
v 5.29422569 34.00000000 26.00000000
v 5.31890631 34.00000000 27.00000000
v 5.34739685 34.00000000 28.00000000
v 5.37223625 34.00000000 29.00000000
v 5.39001036 34.00000000 30.00000000
v 5.40924406 34.00000000 31.00000000
v 5.43564701 34.00000000 32.00000000
v 5.47863913 34.00000000 33.00000000
v 5.52167225 34.00000000 34.00000000
v 5.57389307 34.00000000 35.00000000
v 5.64343023 34.00000000 36.00000000
v 5.68541670 34.00000000 37.00000000
v 5.69413042 34.00000000 38.00000000
v 5.70818853 34.00000000 39.00000000
v 5.73474073 34.00000000 40.00000000
v 5.77333117 34.00000000 41.00000000
v 5.81404972 34.00000000 42.00000000
v 5.85586691 34.00000000 43.00000000
v 5.91400337 34.00000000 44.00000000
v 6.00000000 34.00000000 44.44743347
v 6.00000000 34.73245621 17.00000000
v 6.00000000 35.00000000 17.01841354
v 5.47033119 35.00000000 18.00000000
v 5.34838963 35.00000000 19.00000000
v 5.29795027 35.00000000 20.00000000
v 5.26995325 35.00000000 21.00000000
v 5.25641441 35.00000000 22.00000000
v 5.24975491 35.00000000 23.00000000
v 5.25167513 35.00000000 24.00000000
v 5.26661730 35.00000000 25.00000000
v 5.30154085 35.00000000 26.00000000
v 5.33410358 35.00000000 27.00000000
v 5.35941029 35.00000000 28.00000000
v 5.38782215 35.00000000 29.00000000
v 5.41148424 35.00000000 30.00000000
v 5.42685413 35.00000000 31.00000000
v 5.45656157 35.00000000 32.00000000
v 5.50094175 35.00000000 33.00000000
v 5.55104685 35.00000000 34.00000000
v 5.60477209 35.00000000 35.00000000
v 5.65954590 35.00000000 36.00000000
v 5.70130491 35.00000000 37.00000000
v 5.70751572 35.00000000 38.00000000
v 5.70235825 35.00000000 39.00000000
v 5.71238422 35.00000000 40.00000000
v 5.73322582 35.00000000 41.00000000
v 5.75388813 35.00000000 42.00000000
v 5.79617786 35.00000000 43.00000000
v 5.87982512 35.00000000 44.00000000
v 6.00000000 35.00000000 44.58843231
v 5.61393642 36.00000000 18.00000000
v 6.00000000 36.00000000 17.27868652
v 5.43405437 36.00000000 19.00000000
v 5.36456251 36.00000000 20.00000000
v 5.33151722 36.00000000 21.00000000
v 5.30906582 36.00000000 22.00000000
v 5.29663086 36.00000000 23.00000000
v 5.30184174 36.00000000 24.00000000
v 5.31476355 36.00000000 25.00000000
v 5.32905483 36.00000000 26.00000000
v 5.35535765 36.00000000 27.00000000
v 5.39239645 36.00000000 28.00000000
v 5.42093468 36.00000000 29.00000000
v 5.45557404 36.00000000 30.00000000
v 5.48247719 36.00000000 31.00000000
v 5.51447725 36.00000000 32.00000000
v 5.55954075 36.00000000 33.00000000
v 5.60629463 36.00000000 34.00000000
v 5.67285967 36.00000000 35.00000000
v 5.73496008 36.00000000 36.00000000
v 5.76256037 36.00000000 37.00000000
v 5.75551224 36.00000000 38.00000000
v 5.74510241 36.00000000 39.00000000
v 5.73164797 36.00000000 40.00000000
v 5.71326160 36.00000000 41.00000000
v 5.72163773 36.00000000 42.00000000
v 5.75909710 36.00000000 43.00000000
v 5.84487677 36.00000000 44.00000000
v 6.00000000 36.00000000 44.75467300
v 5.90783119 37.00000000 18.00000000
v 6.00000000 37.00000000 17.79485512
v 5.64249468 37.00000000 19.00000000
v 5.51414728 37.00000000 20.00000000
v 5.45573664 37.00000000 21.00000000
v 5.42843246 37.00000000 22.00000000
v 5.40877247 37.00000000 23.00000000
v 5.39965630 37.00000000 24.00000000
v 5.39455843 37.00000000 25.00000000
v 5.40510225 37.00000000 26.00000000
v 5.42389059 37.00000000 27.00000000
v 5.46093273 37.00000000 28.00000000
v 5.50523758 37.00000000 29.00000000
v 5.54497194 37.00000000 30.00000000
v 5.59759998 37.00000000 31.00000000
v 5.64457607 37.00000000 32.00000000
v 5.68727541 37.00000000 33.00000000
v 5.74080276 37.00000000 34.00000000
v 5.79863930 37.00000000 35.00000000
v 5.86249065 37.00000000 36.00000000
v 5.87290287 37.00000000 37.00000000
v 5.84320450 37.00000000 38.00000000
v 5.80727530 37.00000000 39.00000000
v 5.77450609 37.00000000 40.00000000
v 5.73325300 37.00000000 41.00000000
v 5.73998165 37.00000000 42.00000000
v 5.77572966 37.00000000 43.00000000
v 5.85703802 37.00000000 44.00000000
v 6.00000000 37.00000000 44.76714325
v 6.00000000 37.28388596 18.00000000
v 6.00000000 37.87034988 19.00000000
v 6.00000000 38.00000000 19.46204758
v 5.93548775 38.00000000 20.00000000
v 5.82482100 38.00000000 21.00000000
v 5.75216627 38.00000000 22.00000000
v 5.69431591 38.00000000 23.00000000
v 5.65616798 38.00000000 24.00000000
v 5.62458134 38.00000000 25.00000000
v 5.60626221 38.00000000 26.00000000
v 5.60394382 38.00000000 27.00000000
v 5.62000465 38.00000000 28.00000000
v 5.64838648 38.00000000 29.00000000
v 5.69289923 38.00000000 30.00000000
v 5.73968601 38.00000000 31.00000000
v 5.79799366 38.00000000 32.00000000
v 5.85995913 38.00000000 33.00000000
v 5.93818808 38.00000000 34.00000000
v 5.97901297 38.00000000 35.00000000
v 6.00000000 38.00000000 35.44384003
v 6.00000000 37.84066391 36.00000000
v 6.00000000 37.91288376 37.00000000
v 6.00000000 38.00000000 37.38137436
v 5.97920704 38.00000000 38.00000000
v 5.91040421 38.00000000 39.00000000
v 5.83353949 38.00000000 40.00000000
v 5.78584766 38.00000000 41.00000000
v 5.78867722 38.00000000 42.00000000
v 5.83823395 38.00000000 43.00000000
v 5.91930389 38.00000000 44.00000000
v 6.00000000 38.00000000 44.43532562
v 6.00000000 38.14877319 20.00000000
v 6.00000000 38.37997818 21.00000000
v 6.00000000 38.52621460 22.00000000
v 6.00000000 38.66007996 23.00000000
v 6.00000000 38.76704788 24.00000000
v 6.00000000 38.86828995 25.00000000
v 6.00000000 38.96539307 26.00000000
v 6.00000000 39.00000000 26.62336159
v 5.99065399 39.00000000 27.00000000
v 5.97722435 39.00000000 28.00000000
v 5.97658730 39.00000000 29.00000000
v 6.00000000 39.00000000 29.96419334
v 6.00000000 38.99760818 30.00000000
v 6.00000000 38.86412430 31.00000000
v 6.00000000 38.70096207 32.00000000
v 6.00000000 38.52682495 33.00000000
v 6.00000000 38.24200821 34.00000000
v 6.00000000 38.07732773 35.00000000
v 6.00000000 38.13204956 38.00000000
v 6.00000000 38.56950760 39.00000000
v 6.00000000 39.00000000 39.78812790
v 5.98088694 39.00000000 40.00000000
v 5.91255808 39.00000000 41.00000000
v 5.90052366 39.00000000 42.00000000
v 5.94497252 39.00000000 43.00000000
v 6.00000000 39.00000000 43.61263275
v 6.00000000 38.69230270 44.00000000
v 6.00000000 39.02378082 27.00000000
v 6.00000000 39.05942535 28.00000000
v 6.00000000 39.06386948 29.00000000
v 6.00000000 39.08319473 40.00000000
v 6.00000000 39.38006973 41.00000000
v 6.00000000 39.45097351 42.00000000
v 6.00000000 39.26516724 43.00000000
v 6.65446138 21.00000000 18.00000000
v 7.00000000 20.77261543 18.00000000
v 7.00000000 21.00000000 17.79539299
v 6.03453636 21.00000000 19.00000000
v 7.00000000 20.46716881 19.00000000
v 7.00000000 20.40872765 20.00000000
v 7.00000000 20.40794373 21.00000000
v 7.00000000 20.41197014 22.00000000
v 7.00000000 20.42519188 23.00000000
v 7.00000000 20.44949532 24.00000000
v 6.00553608 21.00000000 25.00000000
v 7.00000000 20.47442818 25.00000000
v 6.03073215 21.00000000 26.00000000
v 7.00000000 20.49014091 26.00000000
v 6.03890038 21.00000000 27.00000000
v 7.00000000 20.49911499 27.00000000
v 6.04736662 21.00000000 28.00000000
v 7.00000000 20.51107597 28.00000000
v 6.05550671 21.00000000 29.00000000
v 7.00000000 20.52276039 29.00000000
v 6.05400181 21.00000000 30.00000000
v 7.00000000 20.52976990 30.00000000
v 6.06164646 21.00000000 31.00000000
v 7.00000000 20.53797722 31.00000000
v 6.07334614 21.00000000 32.00000000
v 7.00000000 20.54461098 32.00000000
v 6.08140659 21.00000000 33.00000000
v 7.00000000 20.55313301 33.00000000
v 6.08084393 21.00000000 34.00000000
v 7.00000000 20.55925560 34.00000000
v 6.06712675 21.00000000 35.00000000
v 7.00000000 20.56688690 35.00000000
v 6.05822420 21.00000000 36.00000000
v 7.00000000 20.56806183 36.00000000
v 6.04854584 21.00000000 37.00000000
v 7.00000000 20.55931854 37.00000000
v 6.02759552 21.00000000 38.00000000
v 7.00000000 20.54343605 38.00000000
v 6.01844883 21.00000000 39.00000000
v 7.00000000 20.52741814 39.00000000
v 6.01739359 21.00000000 40.00000000
v 7.00000000 20.50445175 40.00000000
v 6.02631712 21.00000000 41.00000000
v 7.00000000 20.47804260 41.00000000
v 6.03980684 21.00000000 42.00000000
v 7.00000000 20.46173096 42.00000000
v 6.06962538 21.00000000 43.00000000
v 7.00000000 20.44381905 43.00000000
v 6.12987041 21.00000000 44.00000000
v 7.00000000 20.43470955 44.00000000
v 6.43187284 21.00000000 45.00000000
v 7.00000000 20.54245758 45.00000000
v 7.00000000 21.00000000 45.61463928
v 6.28566265 22.00000000 18.00000000
v 7.00000000 22.00000000 17.53315163
v 6.12709999 22.00000000 45.00000000
v 7.00000000 22.00000000 45.84741974
v 6.31401491 23.00000000 18.00000000
v 7.00000000 23.00000000 17.53333282
v 6.15595293 23.00000000 45.00000000
v 7.00000000 23.00000000 45.83180237
v 6.34771013 24.00000000 18.00000000
v 7.00000000 24.00000000 17.53141975
v 6.16985369 24.00000000 45.00000000
v 7.00000000 24.00000000 45.80517197
v 6.27353001 25.00000000 18.00000000
v 7.00000000 25.00000000 17.45927429
v 6.15612221 25.00000000 45.00000000
v 7.00000000 25.00000000 45.79933548
v 6.18005991 26.00000000 18.00000000
v 7.00000000 26.00000000 17.36696053
v 6.16119528 26.00000000 45.00000000
v 7.00000000 26.00000000 45.80125046
v 6.08444691 27.00000000 18.00000000
v 7.00000000 27.00000000 17.25985336
v 6.18161440 27.00000000 45.00000000
v 7.00000000 27.00000000 45.79712677
v 6.03530645 28.00000000 18.00000000
v 7.00000000 28.00000000 17.15899467
v 6.20008516 28.00000000 45.00000000
v 7.00000000 28.00000000 45.77804565
v 6.00792885 29.00000000 18.00000000
v 7.00000000 29.00000000 17.07714844
v 6.20386553 29.00000000 45.00000000
v 7.00000000 29.00000000 45.80795670
v 6.97876596 30.00000000 17.00000000
v 7.00000000 29.84189415 17.00000000
v 7.00000000 30.00000000 16.98973846
v 6.03368044 30.00000000 18.00000000
v 6.21146679 30.00000000 45.00000000
v 7.00000000 30.00000000 45.82512665
v 7.00000000 30.39130783 17.00000000
v 7.00000000 31.00000000 17.02229118
v 6.09928322 31.00000000 18.00000000
v 6.19343901 31.00000000 45.00000000
v 7.00000000 31.00000000 45.86949539
v 6.95073175 32.00000000 17.00000000
v 7.00000000 31.37545204 17.00000000
v 7.00000000 32.00000000 16.97341537
v 6.16684866 32.00000000 45.00000000
v 7.00000000 32.00000000 45.92985535
v 6.23301125 33.00000000 17.00000000
v 7.00000000 33.00000000 16.61806107
v 6.14583206 33.00000000 45.00000000
v 7.00000000 33.00000000 45.97653580
v 7.00000000 34.00000000 16.47091675
v 6.13610554 34.00000000 45.00000000
v 7.00000000 33.61278915 46.00000000
v 6.98135567 34.00000000 46.00000000
v 7.00000000 34.00000000 46.00981522
v 6.01568794 35.00000000 17.00000000
v 7.00000000 35.00000000 16.51111794
v 6.10726595 35.00000000 45.00000000
v 6.91182613 35.00000000 46.00000000
v 7.00000000 35.00000000 46.04619217
v 6.24446058 36.00000000 17.00000000
v 7.00000000 36.00000000 16.65678787
v 6.06855488 36.00000000 45.00000000
v 6.90536070 36.00000000 46.00000000
v 7.00000000 36.00000000 46.04844666
v 6.71454763 37.00000000 17.00000000
v 7.00000000 37.00000000 16.89522362
v 6.06110144 37.00000000 45.00000000
v 6.90379715 37.00000000 46.00000000
v 7.00000000 37.00000000 46.04718781
v 7.00000000 37.41608047 17.00000000
v 6.46813631 38.00000000 18.00000000
v 7.00000000 38.00000000 17.43115425
v 6.08978796 38.00000000 19.00000000
v 6.03180408 38.00000000 36.00000000
v 6.01456070 38.00000000 37.00000000
v 6.15304756 38.00000000 45.00000000
v 7.00000000 38.00000000 45.97777176
v 7.00000000 37.80565262 46.00000000
v 7.00000000 38.50271988 18.00000000
v 7.00000000 38.90612793 19.00000000
v 6.76008463 39.00000000 20.00000000
v 7.00000000 39.00000000 19.33308792
v 6.54064465 39.00000000 21.00000000
v 6.39210176 39.00000000 22.00000000
v 6.26414967 39.00000000 23.00000000
v 6.17702150 39.00000000 24.00000000
v 6.09746838 39.00000000 25.00000000
v 6.02405167 39.00000000 26.00000000
v 6.00110626 39.00000000 30.00000000
v 6.06158829 39.00000000 31.00000000
v 6.12767172 39.00000000 32.00000000
v 6.18954992 39.00000000 33.00000000
v 6.27575350 39.00000000 34.00000000
v 6.33693266 39.00000000 35.00000000
v 6.34684086 39.00000000 36.00000000
v 6.25914621 39.00000000 37.00000000
v 6.16536808 39.00000000 38.00000000
v 6.08448315 39.00000000 39.00000000
v 6.04855108 39.00000000 44.00000000
v 6.34427309 39.00000000 45.00000000
v 7.00000000 39.00000000 45.75722504
v 7.00000000 39.18663406 20.00000000
v 7.00000000 39.40701675 21.00000000
v 7.00000000 39.58574677 22.00000000
v 7.00000000 39.73928452 23.00000000
v 7.00000000 39.89005280 24.00000000
v 7.00000000 40.00000000 24.69480324
v 6.94682407 40.00000000 25.00000000
v 6.82008266 40.00000000 26.00000000
v 6.71605206 40.00000000 27.00000000
v 6.62576103 40.00000000 28.00000000
v 6.56276608 40.00000000 29.00000000
v 6.54196262 40.00000000 30.00000000
v 6.55531120 40.00000000 31.00000000
v 6.60156250 40.00000000 32.00000000
v 6.68670130 40.00000000 33.00000000
v 6.79386806 40.00000000 34.00000000
v 6.85800219 40.00000000 35.00000000
v 6.85389233 40.00000000 36.00000000
v 6.66435337 40.00000000 37.00000000
v 6.51695538 40.00000000 38.00000000
v 6.41487265 40.00000000 39.00000000
v 6.29978704 40.00000000 40.00000000
v 6.20669270 40.00000000 41.00000000
v 6.18004751 40.00000000 42.00000000
v 6.21805620 40.00000000 43.00000000
v 6.39219236 40.00000000 44.00000000
v 6.80630255 40.00000000 45.00000000
v 7.00000000 40.00000000 45.24661636
v 7.00000000 40.04264069 25.00000000
v 7.00000000 40.15973663 26.00000000
v 7.00000000 40.27883530 27.00000000
v 7.00000000 40.40578461 28.00000000
v 7.00000000 40.51524734 29.00000000
v 7.00000000 40.56309891 30.00000000
v 7.00000000 40.54191971 31.00000000
v 7.00000000 40.50472260 32.00000000
v 7.00000000 40.41204453 33.00000000
v 7.00000000 40.28229523 34.00000000
v 7.00000000 40.19097137 35.00000000
v 7.00000000 40.21712112 36.00000000
v 7.00000000 40.57638168 37.00000000
v 7.00000000 40.86209488 38.00000000
v 7.00000000 41.00000000 38.54372406
v 6.92356348 41.00000000 39.00000000
v 6.82934475 41.00000000 40.00000000
v 6.70412254 41.00000000 41.00000000
v 6.67927170 41.00000000 42.00000000
v 6.72135019 41.00000000 43.00000000
v 6.96125174 41.00000000 44.00000000
v 7.00000000 41.00000000 44.07985306
v 7.00000000 40.29621124 45.00000000
v 7.00000000 41.08356476 39.00000000
v 7.00000000 41.18122482 40.00000000
v 7.00000000 41.29848099 41.00000000
v 7.00000000 41.31645966 42.00000000
v 7.00000000 41.27055359 43.00000000
v 7.00000000 41.03444290 44.00000000
v 8.00000000 20.66297722 18.00000000
v 8.00000000 21.00000000 17.66360474
v 8.00000000 20.40020752 19.00000000
v 8.00000000 20.35383606 20.00000000
v 8.00000000 20.35063744 21.00000000
v 8.00000000 20.35311317 22.00000000
v 8.00000000 20.36232758 23.00000000
v 8.00000000 20.37233543 24.00000000
v 8.00000000 20.37843132 25.00000000
v 8.00000000 20.38608170 26.00000000
v 8.00000000 20.39049911 27.00000000
v 8.00000000 20.39541245 28.00000000
v 8.00000000 20.40408707 29.00000000
v 8.00000000 20.40898514 30.00000000
v 8.00000000 20.41520309 31.00000000
v 8.00000000 20.42256737 32.00000000
v 8.00000000 20.43375969 33.00000000
v 8.00000000 20.44332504 34.00000000
v 8.00000000 20.45127869 35.00000000
v 8.00000000 20.44976997 36.00000000
v 8.00000000 20.44010544 37.00000000
v 8.00000000 20.42489624 38.00000000
v 8.00000000 20.40928841 39.00000000
v 8.00000000 20.39068794 40.00000000
v 8.00000000 20.37625885 41.00000000
v 8.00000000 20.36188698 42.00000000
v 8.00000000 20.34436607 43.00000000
v 8.00000000 20.33536148 44.00000000
v 8.00000000 20.40936852 45.00000000
v 8.00000000 21.00000000 45.99283981
v 8.00000000 22.00000000 17.37595177
v 8.00000000 21.02896690 46.00000000
v 7.44259453 22.00000000 46.00000000
v 8.00000000 22.00000000 46.10621643
v 8.00000000 23.00000000 17.36849785
v 7.50573111 23.00000000 46.00000000
v 8.00000000 23.00000000 46.08972168
v 8.00000000 24.00000000 17.34776115
v 7.66349888 24.00000000 46.00000000
v 8.00000000 24.00000000 46.05712509
v 8.00000000 25.00000000 17.26334381
v 7.77042341 25.00000000 46.00000000
v 8.00000000 25.00000000 46.03728485
v 8.00000000 26.00000000 17.18038559
v 7.76298046 26.00000000 46.00000000
v 8.00000000 26.00000000 46.03863144
v 8.00000000 27.00000000 17.08434296
v 7.72536755 27.00000000 46.00000000
v 8.00000000 27.00000000 46.04908371
v 7.94930553 28.00000000 17.00000000
v 8.00000000 27.91593361 17.00000000
v 8.00000000 28.00000000 16.99395180
v 7.78853559 28.00000000 46.00000000
v 8.00000000 28.00000000 46.04019165
v 7.49911261 29.00000000 17.00000000
v 8.00000000 29.00000000 16.94322395
v 7.68983269 29.00000000 46.00000000
v 8.00000000 29.00000000 46.05792999
v 8.00000000 30.00000000 16.86374092
v 7.59205675 30.00000000 46.00000000
v 8.00000000 30.00000000 46.07699203
v 7.09974670 31.00000000 17.00000000
v 8.00000000 31.00000000 16.85853004
v 7.40515232 31.00000000 46.00000000
v 8.00000000 31.00000000 46.11714554
v 8.00000000 32.00000000 16.80531502
v 7.21333075 32.00000000 46.00000000
v 8.00000000 32.00000000 46.15373611
v 8.00000000 33.00000000 16.51258469
v 7.06766558 33.00000000 46.00000000
v 8.00000000 33.00000000 46.18859863
v 8.00000000 34.00000000 16.37589264
v 8.00000000 34.00000000 46.21033478
v 8.00000000 35.00000000 16.38729477
v 8.00000000 35.00000000 46.24668121
v 8.00000000 36.00000000 16.51517296
v 8.00000000 36.00000000 46.25437927
v 8.00000000 37.00000000 16.74726868
v 8.00000000 37.00000000 46.24732590
v 8.00000000 37.88668060 17.00000000
v 8.00000000 38.00000000 17.08482361
v 7.05852652 38.00000000 46.00000000
v 8.00000000 38.00000000 46.18321991
v 8.00000000 38.78478241 18.00000000
v 7.32760334 39.00000000 19.00000000
v 8.00000000 39.00000000 18.50687218
v 7.69174528 39.00000000 46.00000000
v 8.00000000 39.00000000 46.05289841
v 8.00000000 39.19252014 19.00000000
v 8.00000000 39.46012878 20.00000000
v 8.00000000 39.67016602 21.00000000
v 8.00000000 39.82645035 22.00000000
v 8.00000000 39.98677063 23.00000000
v 7.42009783 40.00000000 24.00000000
v 8.00000000 40.00000000 23.08799744
v 8.00000000 40.00000000 45.72399902
v 8.00000000 39.28823471 46.00000000
v 8.00000000 40.13454819 24.00000000
v 8.00000000 40.29003143 25.00000000
v 8.00000000 40.43441010 26.00000000
v 8.00000000 40.55224609 27.00000000
v 8.00000000 40.65625000 28.00000000
v 8.00000000 40.77059555 29.00000000
v 8.00000000 40.84006882 30.00000000
v 8.00000000 40.83473206 31.00000000
v 8.00000000 40.78334427 32.00000000
v 8.00000000 40.70553207 33.00000000
v 8.00000000 40.61133957 34.00000000
v 8.00000000 40.56166077 35.00000000
v 8.00000000 40.69789505 36.00000000
v 7.61231470 41.00000000 37.00000000
v 8.00000000 41.00000000 36.56418991
v 7.16424179 41.00000000 38.00000000
v 8.00000000 41.00000000 44.93838882
v 8.00000000 40.95268250 45.00000000
v 8.00000000 41.17839813 37.00000000
v 8.00000000 41.47702408 38.00000000
v 8.00000000 41.62360001 39.00000000
v 8.00000000 41.68915176 40.00000000
v 8.00000000 41.77125931 41.00000000
v 8.00000000 41.77353668 42.00000000
v 8.00000000 41.68004990 43.00000000
v 8.00000000 41.40215683 44.00000000
v 9.00000000 20.68062782 18.00000000
v 9.00000000 21.00000000 17.64985275
v 9.00000000 20.41739273 19.00000000
v 9.00000000 20.37403679 20.00000000
v 9.00000000 20.36476707 21.00000000
v 9.00000000 20.36088753 22.00000000
v 9.00000000 20.35900688 23.00000000
v 9.00000000 20.36974716 24.00000000
v 9.00000000 20.38143349 25.00000000
v 9.00000000 20.39359474 26.00000000
v 9.00000000 20.40044975 27.00000000
v 9.00000000 20.40685081 28.00000000
v 9.00000000 20.41397285 29.00000000
v 9.00000000 20.42196465 30.00000000
v 9.00000000 20.43290710 31.00000000
v 9.00000000 20.44290543 32.00000000
v 9.00000000 20.45638847 33.00000000
v 9.00000000 20.47003746 34.00000000
v 9.00000000 20.47757912 35.00000000
v 9.00000000 20.47312546 36.00000000
v 9.00000000 20.46139717 37.00000000
v 9.00000000 20.44460106 38.00000000
v 9.00000000 20.42654800 39.00000000
v 9.00000000 20.40432549 40.00000000
v 9.00000000 20.38954735 41.00000000
v 9.00000000 20.38318253 42.00000000
v 9.00000000 20.36759949 43.00000000
v 9.00000000 20.36868095 44.00000000
v 9.00000000 20.45266342 45.00000000
v 8.07635689 21.00000000 46.00000000
v 9.00000000 20.93174553 46.00000000
v 9.00000000 21.00000000 46.04039764
v 9.00000000 22.00000000 17.31988525
v 9.00000000 22.00000000 46.14830017
v 9.00000000 23.00000000 17.31511879
v 9.00000000 23.00000000 46.11617661
v 9.00000000 24.00000000 17.29566956
v 9.00000000 24.00000000 46.06781769
v 9.00000000 25.00000000 17.20655823
v 9.00000000 25.00000000 46.05824280
v 9.00000000 26.00000000 17.12349701
v 9.00000000 26.00000000 46.05973434
v 9.00000000 27.00000000 17.04003716
v 9.00000000 27.00000000 46.06893921
v 9.00000000 27.47716141 17.00000000
v 9.00000000 28.00000000 16.96560478
v 9.00000000 28.00000000 46.06146240
v 9.00000000 29.00000000 16.90271759
v 9.00000000 29.00000000 46.08296204
v 9.00000000 30.00000000 16.84646797
v 9.00000000 30.00000000 46.10725403
v 9.00000000 31.00000000 16.87919426
v 9.00000000 31.00000000 46.15578842
v 9.00000000 32.00000000 16.91060829
v 9.00000000 32.00000000 46.20673752
v 9.00000000 33.00000000 16.59027672
v 9.00000000 33.00000000 46.25616074
v 9.00000000 34.00000000 16.42821121
v 9.00000000 34.00000000 46.29379654
v 9.00000000 35.00000000 16.42205811
v 9.00000000 35.00000000 46.33313370
v 9.00000000 36.00000000 16.49669266
v 9.00000000 36.00000000 46.35094070
v 9.00000000 37.00000000 16.72332764
v 9.00000000 37.00000000 46.35168457
v 9.00000000 37.96658325 17.00000000
v 9.00000000 38.00000000 17.02491951
v 9.00000000 38.00000000 46.28992462
v 9.00000000 38.85145569 18.00000000
v 9.00000000 39.00000000 18.36162186
v 9.00000000 39.00000000 46.15653229
v 9.00000000 39.23681259 19.00000000
v 9.00000000 39.48596573 20.00000000
v 9.00000000 39.68489075 21.00000000
v 9.00000000 39.84310532 22.00000000
v 9.00000000 39.97900772 23.00000000
v 9.00000000 40.00000000 23.18129539
v 9.00000000 40.00000000 45.92807770
v 9.00000000 39.81476974 46.00000000
v 9.00000000 40.09144211 24.00000000
v 9.00000000 40.20145035 25.00000000
v 9.00000000 40.32440567 26.00000000
v 9.00000000 40.44504547 27.00000000
v 9.00000000 40.55477905 28.00000000
v 9.00000000 40.64496994 29.00000000
v 9.00000000 40.71996689 30.00000000
v 9.00000000 40.76049042 31.00000000
v 9.00000000 40.75315475 32.00000000
v 9.00000000 40.67992020 33.00000000
v 9.00000000 40.58417892 34.00000000
v 9.00000000 40.55003738 35.00000000
v 9.00000000 40.80120468 36.00000000
v 9.00000000 41.00000000 36.27207184
v 8.14394760 41.00000000 45.00000000
v 9.00000000 41.00000000 45.25837326
v 9.00000000 41.38337708 37.00000000
v 9.00000000 41.83935547 38.00000000
v 9.00000000 41.96847916 39.00000000
v 8.94450283 42.00000000 40.00000000
v 9.00000000 42.00000000 39.64199829
v 8.91127586 42.00000000 41.00000000
v 9.00000000 42.00000000 41.51061630
v 9.00000000 41.97979736 42.00000000
v 9.00000000 41.88024902 43.00000000
v 9.00000000 41.60765839 44.00000000
v 9.00000000 41.16419220 45.00000000
v 9.00000000 42.01342773 40.00000000
v 9.00000000 42.01556396 41.00000000
v 10.00000000 20.70739174 18.00000000
v 10.00000000 21.00000000 17.65457916
v 10.00000000 20.44231033 19.00000000
v 10.00000000 20.39853096 20.00000000
v 10.00000000 20.38542557 21.00000000
v 10.00000000 20.37962151 22.00000000
v 10.00000000 20.38276672 23.00000000
v 10.00000000 20.39564514 24.00000000
v 10.00000000 20.40757370 25.00000000
v 10.00000000 20.42054176 26.00000000
v 10.00000000 20.42665672 27.00000000
v 10.00000000 20.43209267 28.00000000
v 10.00000000 20.44027519 29.00000000
v 10.00000000 20.45031738 30.00000000
v 10.00000000 20.46443367 31.00000000
v 10.00000000 20.47784042 32.00000000
v 10.00000000 20.49239922 33.00000000
v 10.00000000 20.50509262 34.00000000
v 10.00000000 20.51296806 35.00000000
v 10.00000000 20.50691414 36.00000000
v 10.00000000 20.49455261 37.00000000
v 10.00000000 20.48009682 38.00000000
v 10.00000000 20.46232033 39.00000000
v 10.00000000 20.44468880 40.00000000
v 10.00000000 20.42673111 41.00000000
v 10.00000000 20.41412544 42.00000000
v 10.00000000 20.40010834 43.00000000
v 10.00000000 20.41133308 44.00000000
v 10.00000000 20.51115608 45.00000000
v 10.00000000 20.95116234 46.00000000
v 10.00000000 21.00000000 46.03117371
v 10.00000000 22.00000000 17.29272652
v 10.00000000 22.00000000 46.13538361
v 10.00000000 23.00000000 17.30691338
v 10.00000000 23.00000000 46.08951569
v 10.00000000 24.00000000 17.30454254
v 10.00000000 24.00000000 46.04336548
v 10.00000000 25.00000000 17.21956635
v 10.00000000 25.00000000 46.03985596
v 10.00000000 26.00000000 17.12426376
v 10.00000000 26.00000000 46.04443359
v 10.00000000 27.00000000 17.04038048
v 10.00000000 27.00000000 46.05905151
v 10.00000000 27.49406052 17.00000000
v 10.00000000 28.00000000 16.96700668
v 10.00000000 28.00000000 46.05513382
v 10.00000000 29.00000000 16.90008545
v 10.00000000 29.00000000 46.08075333
v 10.00000000 30.00000000 16.85284233
v 10.00000000 30.00000000 46.11291885
v 10.00000000 31.00000000 16.93992043
v 10.00000000 31.00000000 46.16738892
v 10.00000000 31.31064796 17.00000000
v 9.40560627 32.00000000 17.00000000
v 10.00000000 32.00000000 17.15359497
v 10.00000000 32.00000000 46.22087479
v 10.00000000 32.31741333 17.00000000
v 10.00000000 33.00000000 16.76579094
v 10.00000000 33.00000000 46.27254868
v 10.00000000 34.00000000 16.60252571
v 10.00000000 34.00000000 46.32034302
v 10.00000000 35.00000000 16.57525253
v 10.00000000 35.00000000 46.36225510
v 10.00000000 36.00000000 16.64745331
v 10.00000000 36.00000000 46.38630676
v 10.00000000 37.00000000 16.84813690
v 10.00000000 37.00000000 46.38642502
v 10.00000000 37.62053680 17.00000000
v 10.00000000 38.00000000 17.26182175
v 10.00000000 38.00000000 46.33619308
v 10.00000000 38.62631989 18.00000000
v 10.00000000 38.95580292 19.00000000
v 9.85282707 39.00000000 19.00000000
v 10.00000000 39.00000000 19.19500160
v 10.00000000 39.00000000 46.21429443
v 10.00000000 39.16952896 20.00000000
v 10.00000000 39.35898972 21.00000000
v 10.00000000 39.52249527 22.00000000
v 10.00000000 39.65587234 23.00000000
v 10.00000000 39.77480698 24.00000000
v 9.32367516 40.00000000 24.00000000
v 10.00000000 39.87761307 25.00000000
v 9.64531136 40.00000000 25.00000000
v 10.00000000 39.97229385 26.00000000
v 9.92826271 40.00000000 26.00000000
v 10.00000000 40.00000000 26.35923386
v 9.48572063 40.00000000 46.00000000
v 10.00000000 40.00000000 46.03957748
v 10.00000000 40.05152893 27.00000000
v 10.00000000 40.13103485 28.00000000
v 10.00000000 40.19857407 29.00000000
v 10.00000000 40.24291611 30.00000000
v 10.00000000 40.27594757 31.00000000
v 10.00000000 40.27700806 32.00000000
v 10.00000000 40.21004486 33.00000000
v 10.00000000 40.20491791 34.00000000
v 10.00000000 40.16712189 35.00000000
v 10.00000000 40.44459152 36.00000000
v 10.00000000 41.00000000 36.44433594
v 10.00000000 41.00000000 45.45584488
v 10.00000000 40.14196396 46.00000000
v 10.00000000 41.42059326 37.00000000
v 9.72306728 42.00000000 38.00000000
v 10.00000000 42.00000000 37.90624237
v 9.12020588 42.00000000 39.00000000
v 9.12498093 42.00000000 42.00000000
v 9.88608170 42.00000000 43.00000000
v 10.00000000 42.00000000 43.05294800
v 10.00000000 41.73307800 44.00000000
v 10.00000000 41.30136490 45.00000000
v 10.00000000 42.03833389 38.00000000
v 10.00000000 42.16646957 39.00000000
v 10.00000000 42.17486954 40.00000000
v 10.00000000 42.14321518 41.00000000
v 10.00000000 42.10195923 42.00000000
v 10.00000000 42.01057816 43.00000000
v 11.00000000 20.73262024 18.00000000
v 11.00000000 21.00000000 17.67280388
v 11.00000000 20.46691132 19.00000000
v 11.00000000 20.41395187 20.00000000
v 11.00000000 20.39401817 21.00000000
v 11.00000000 20.38552666 22.00000000
v 11.00000000 20.39533997 23.00000000
v 11.00000000 20.41340637 24.00000000
v 11.00000000 20.42715454 25.00000000
v 11.00000000 20.43789101 26.00000000
v 11.00000000 20.44447899 27.00000000
v 11.00000000 20.44986153 28.00000000
v 11.00000000 20.45819473 29.00000000
v 11.00000000 20.47000122 30.00000000
v 11.00000000 20.48614502 31.00000000
v 11.00000000 20.49846649 32.00000000
v 11.00000000 20.51219749 33.00000000
v 11.00000000 20.52228165 34.00000000
v 11.00000000 20.52891731 35.00000000
v 11.00000000 20.52245712 36.00000000
v 11.00000000 20.50951385 37.00000000
v 11.00000000 20.49684143 38.00000000
v 11.00000000 20.48020744 39.00000000
v 11.00000000 20.46825981 40.00000000
v 11.00000000 20.45420456 41.00000000
v 11.00000000 20.44128418 42.00000000
v 11.00000000 20.42974472 43.00000000
v 11.00000000 20.43971634 44.00000000
v 11.00000000 20.55352783 45.00000000
v 11.00000000 20.99575424 46.00000000
v 11.00000000 21.00000000 46.00286865
v 11.00000000 22.00000000 17.29767227
v 11.00000000 22.00000000 46.10995102
v 11.00000000 23.00000000 17.31572342
v 11.00000000 23.00000000 46.06379700
v 11.00000000 24.00000000 17.32055283
v 11.00000000 24.00000000 46.01785660
v 11.00000000 25.00000000 17.24572945
v 11.00000000 25.00000000 46.01418304
v 11.00000000 26.00000000 17.13403893
v 11.00000000 26.00000000 46.01826096
v 11.00000000 27.00000000 17.05183601
v 11.00000000 27.00000000 46.03527069
v 11.00000000 27.63071251 17.00000000
v 11.00000000 28.00000000 16.97465134
v 11.00000000 28.00000000 46.03136063
v 11.00000000 29.00000000 16.89293480
v 11.00000000 29.00000000 46.05740738
v 11.00000000 30.00000000 16.83256912
v 11.00000000 30.00000000 46.09755707
v 11.00000000 30.99866104 17.00000000
v 10.99612331 31.00000000 17.00000000
v 11.00000000 31.00000000 17.00031662
v 11.00000000 31.00000000 46.16067123
v 11.00000000 32.00000000 17.58602524
v 11.00000000 32.00000000 46.22406769
v 11.00000000 32.96588898 17.00000000
v 11.00000000 33.00000000 16.98990059
v 11.00000000 33.00000000 46.28168488
v 11.00000000 34.00000000 16.86854553
v 11.00000000 34.00000000 46.33066559
v 11.00000000 35.00000000 16.89787483
v 11.00000000 35.00000000 46.37231827
v 11.00000000 35.98042679 17.00000000
v 10.99428177 36.00000000 17.00000000
v 11.00000000 36.00000000 17.00613403
v 11.00000000 36.00000000 46.40415955
v 10.48584843 37.00000000 17.00000000
v 11.00000000 37.00000000 17.55955887
v 11.00000000 37.00000000 46.40261078
v 11.00000000 37.55493164 18.00000000
v 10.72072601 38.00000000 18.00000000
v 11.00000000 37.96838760 19.00000000
v 10.98040676 38.00000000 19.00000000
v 11.00000000 38.00000000 19.12192345
v 11.00000000 38.00000000 46.35739136
v 11.00000000 38.20679855 20.00000000
v 10.25693703 39.00000000 20.00000000
v 11.00000000 38.42823410 21.00000000
v 10.50058556 39.00000000 21.00000000
v 11.00000000 38.58297348 22.00000000
v 10.66881180 39.00000000 22.00000000
v 11.00000000 38.72304535 23.00000000
v 10.79403400 39.00000000 23.00000000
v 11.00000000 38.83528519 24.00000000
v 10.88372707 39.00000000 24.00000000
v 11.00000000 38.93118668 25.00000000
v 10.95415878 39.00000000 25.00000000
v 11.00000000 39.00000000 25.74275970
v 10.94460964 39.00000000 31.00000000
v 11.00000000 39.00000000 30.15507698
v 11.00000000 38.83621216 31.00000000
v 11.00000000 38.72450256 32.00000000
v 10.89939976 39.00000000 32.00000000
v 11.00000000 38.84938049 33.00000000
v 10.94016361 39.00000000 33.00000000
v 11.00000000 39.00000000 33.46450424
v 11.00000000 39.00000000 46.24499512
v 11.00000000 39.02085876 26.00000000
v 11.00000000 39.08631134 27.00000000
v 10.07238865 40.00000000 27.00000000
v 11.00000000 39.12185669 28.00000000
v 10.17146015 40.00000000 28.00000000
v 11.00000000 39.10162735 29.00000000
v 10.24383545 40.00000000 29.00000000
v 11.00000000 39.01858902 30.00000000
v 10.28080273 40.00000000 30.00000000
v 10.30577469 40.00000000 31.00000000
v 10.30158997 40.00000000 32.00000000
v 10.22142792 40.00000000 33.00000000
v 11.00000000 39.09853363 34.00000000
v 10.24656487 40.00000000 34.00000000
v 11.00000000 39.30118561 35.00000000
v 10.23537350 40.00000000 35.00000000
v 11.00000000 39.82465744 36.00000000
v 10.76859379 40.00000000 36.00000000
v 11.00000000 40.00000000 36.08383560
v 11.00000000 40.00000000 46.08159256
v 11.00000000 41.00000000 36.67536545
v 11.00000000 41.00000000 45.58303452
v 11.00000000 40.29999161 46.00000000
v 11.00000000 41.34019089 37.00000000
v 11.00000000 42.00000000 37.74633026
v 11.00000000 42.00000000 43.42950058
v 11.00000000 41.81848526 44.00000000
v 11.00000000 41.39540482 45.00000000
v 11.00000000 42.12855530 38.00000000
v 11.00000000 42.26652527 39.00000000
v 11.00000000 42.29346085 40.00000000
v 11.00000000 42.28179932 41.00000000
v 11.00000000 42.20975494 42.00000000
v 11.00000000 42.09620667 43.00000000
v 12.00000000 20.74527550 18.00000000
v 12.00000000 21.00000000 17.68620491
v 12.00000000 20.48134422 19.00000000
v 12.00000000 20.41904068 20.00000000
v 12.00000000 20.39979362 21.00000000
v 12.00000000 20.39383888 22.00000000
v 12.00000000 20.40536308 23.00000000
v 12.00000000 20.42427254 24.00000000
v 12.00000000 20.43883324 25.00000000
v 12.00000000 20.44723511 26.00000000
v 12.00000000 20.45088005 27.00000000
v 12.00000000 20.45301437 28.00000000
v 12.00000000 20.46166992 29.00000000
v 12.00000000 20.47271919 30.00000000
v 12.00000000 20.49002647 31.00000000
v 12.00000000 20.50710869 32.00000000
v 12.00000000 20.52157593 33.00000000
v 12.00000000 20.53079414 34.00000000
v 12.00000000 20.53307343 35.00000000
v 12.00000000 20.52589035 36.00000000
v 12.00000000 20.51487923 37.00000000
v 12.00000000 20.50165176 38.00000000
v 12.00000000 20.48830032 39.00000000
v 12.00000000 20.47680092 40.00000000
v 12.00000000 20.46642494 41.00000000
v 12.00000000 20.45497513 42.00000000
v 12.00000000 20.44565964 43.00000000
v 12.00000000 20.45710754 44.00000000
v 12.00000000 20.58088303 45.00000000
v 11.06872463 21.00000000 46.00000000
v 12.00000000 21.00000000 45.91152954
v 12.00000000 22.00000000 17.30750847
v 12.00000000 21.31737328 46.00000000
v 12.00000000 22.00000000 46.07656097
v 12.00000000 23.00000000 17.32352066
v 12.00000000 23.00000000 46.03350449
v 12.00000000 24.00000000 17.32494926
v 11.56896591 24.00000000 46.00000000
v 12.00000000 24.00000000 45.98259735
v 12.00000000 23.71358871 46.00000000
v 12.00000000 25.00000000 17.25356293
v 11.57831097 25.00000000 46.00000000
v 12.00000000 25.00000000 45.98714066
v 12.00000000 26.00000000 17.13758278
v 11.93070984 26.00000000 46.00000000
v 12.00000000 26.00000000 45.99827576
v 12.00000000 27.00000000 17.06043243
v 12.00000000 26.06405640 46.00000000
v 12.00000000 27.00000000 46.02006531
v 12.00000000 27.73929024 17.00000000
v 12.00000000 28.00000000 16.98130035
v 12.00000000 28.00000000 46.01726151
v 12.00000000 29.00000000 16.88632965
v 12.00000000 29.00000000 46.04431915
v 12.00000000 30.00000000 16.80785179
v 12.00000000 30.00000000 46.09321213
v 12.00000000 30.98797417 17.00000000
v 12.00000000 31.00000000 17.00413704
v 12.00000000 31.00000000 46.16022110
v 12.00000000 31.69322014 18.00000000
v 11.46900272 32.00000000 18.00000000
v 12.00000000 31.99311447 19.00000000
v 11.98964977 32.00000000 19.00000000
v 12.00000000 32.00000000 19.03857040
v 11.94276524 32.00000000 26.00000000
v 12.00000000 32.00000000 25.04960251
v 12.00000000 31.95428085 26.00000000
v 12.00000000 31.90469170 27.00000000
v 11.87962437 32.00000000 27.00000000
v 12.00000000 31.86087799 28.00000000
v 11.81861687 32.00000000 28.00000000
v 12.00000000 31.81934547 29.00000000
v 11.75297928 32.00000000 29.00000000
v 12.00000000 31.80338287 30.00000000
v 11.72752857 32.00000000 30.00000000
v 12.00000000 31.82688713 31.00000000
v 11.76802254 32.00000000 31.00000000
v 12.00000000 31.89633942 32.00000000
v 11.85851383 32.00000000 32.00000000
v 12.00000000 32.00000000 32.89014435
v 12.00000000 32.00000000 46.22489166
v 11.02505398 33.00000000 17.00000000
v 11.85832214 33.00000000 18.00000000
v 12.00000000 33.00000000 18.49438858
v 12.00000000 32.07612228 19.00000000
v 11.97565937 33.00000000 24.00000000
v 12.00000000 33.00000000 23.67063332
v 12.00000000 32.72364044 24.00000000
v 12.00000000 32.02799225 25.00000000
v 11.89766884 33.00000000 25.00000000
v 11.84363842 33.00000000 26.00000000
v 11.78868294 33.00000000 27.00000000
v 11.74970436 33.00000000 28.00000000
v 11.69717312 33.00000000 29.00000000
v 11.66270828 33.00000000 30.00000000
v 11.69156361 33.00000000 31.00000000
v 11.82988071 33.00000000 32.00000000
v 12.00000000 32.70661926 33.00000000
v 11.99168205 33.00000000 33.00000000
v 12.00000000 33.00000000 33.05150223
v 12.00000000 33.00000000 46.28860855
v 11.27303696 34.00000000 17.00000000
v 11.84890747 34.00000000 18.00000000
v 12.00000000 34.00000000 18.66201401
v 12.00000000 33.21781921 24.00000000
v 12.00000000 33.89620590 25.00000000
v 11.91088009 34.00000000 26.00000000
v 12.00000000 34.00000000 25.12398148
v 11.83010960 34.00000000 27.00000000
v 11.77428055 34.00000000 28.00000000
v 11.72844315 34.00000000 29.00000000
v 11.68826675 34.00000000 30.00000000
v 11.68504810 34.00000000 31.00000000
v 11.77702141 34.00000000 32.00000000
v 12.00000000 34.00000000 32.96761703
v 12.00000000 33.48683548 33.00000000
v 12.00000000 34.00000000 46.33809662
v 11.20761776 35.00000000 17.00000000
v 11.76944447 35.00000000 18.00000000
v 12.00000000 34.77121353 19.00000000
v 11.97559452 35.00000000 19.00000000
v 12.00000000 35.00000000 19.39231873
v 12.00000000 34.92978668 26.00000000
v 11.91169262 35.00000000 27.00000000
v 12.00000000 35.00000000 26.07559586
v 11.80652046 35.00000000 28.00000000
v 11.71800232 35.00000000 29.00000000
v 11.65478039 35.00000000 30.00000000
v 11.60736275 35.00000000 31.00000000
v 11.66883945 35.00000000 32.00000000
v 12.00000000 34.04682159 33.00000000
v 11.82867813 35.00000000 33.00000000
v 12.00000000 35.00000000 33.59600830
v 12.00000000 35.00000000 46.38054276
v 11.56368732 36.00000000 18.00000000
v 11.75228786 36.00000000 19.00000000
v 12.00000000 35.17581177 20.00000000
v 11.82379436 36.00000000 20.00000000
v 12.00000000 35.31156921 21.00000000
v 11.87889290 36.00000000 21.00000000
v 12.00000000 35.50810623 22.00000000
v 11.91808319 36.00000000 22.00000000
v 12.00000000 35.68177414 23.00000000
v 11.94571495 36.00000000 23.00000000
v 12.00000000 35.77296829 24.00000000
v 11.95932579 36.00000000 24.00000000
v 12.00000000 35.72717285 25.00000000
v 11.96697140 36.00000000 25.00000000
v 12.00000000 35.07656097 26.00000000
v 11.91291904 36.00000000 26.00000000
v 11.82270241 36.00000000 27.00000000
v 11.72628117 36.00000000 28.00000000
v 11.64302254 36.00000000 29.00000000
v 11.55884743 36.00000000 30.00000000
v 11.51651573 36.00000000 31.00000000
v 11.56262112 36.00000000 32.00000000
v 11.66543198 36.00000000 33.00000000
v 12.00000000 35.68227386 34.00000000
v 11.93419361 36.00000000 34.00000000
v 12.00000000 36.00000000 34.09887695
v 12.00000000 36.00000000 46.41005707
v 11.23422146 37.00000000 18.00000000
v 11.44909191 37.00000000 19.00000000
v 11.54971790 37.00000000 20.00000000
v 11.61970520 37.00000000 21.00000000
v 11.66155243 37.00000000 22.00000000
v 11.70295811 37.00000000 23.00000000
v 11.73735809 37.00000000 24.00000000
v 11.75342083 37.00000000 25.00000000
v 11.74630070 37.00000000 26.00000000
v 11.71250916 37.00000000 27.00000000
v 11.64850044 37.00000000 28.00000000
v 11.53750134 37.00000000 29.00000000
v 11.43603516 37.00000000 30.00000000
v 11.39594555 37.00000000 31.00000000
v 11.46355247 37.00000000 32.00000000
v 11.54132938 37.00000000 33.00000000
v 11.75751400 37.00000000 34.00000000
v 12.00000000 37.00000000 34.38408661
v 12.00000000 37.00000000 46.40921783
v 11.11653328 38.00000000 20.00000000
v 11.23256016 38.00000000 21.00000000
v 11.31005764 38.00000000 22.00000000
v 11.37273216 38.00000000 23.00000000
v 11.42670536 38.00000000 24.00000000
v 11.46167088 38.00000000 25.00000000
v 11.49010372 38.00000000 26.00000000
v 11.51441193 38.00000000 27.00000000
v 11.48449135 38.00000000 28.00000000
v 11.42815113 38.00000000 29.00000000
v 11.31847668 38.00000000 30.00000000
v 11.23539257 38.00000000 31.00000000
v 11.24136066 38.00000000 32.00000000
v 11.33330727 38.00000000 33.00000000
v 11.52467823 38.00000000 34.00000000
v 12.00000000 38.00000000 34.87398148
v 12.00000000 38.00000000 46.37080765
v 11.01357365 39.00000000 26.00000000
v 11.05444717 39.00000000 27.00000000
v 11.07425404 39.00000000 28.00000000
v 11.05884171 39.00000000 29.00000000
v 11.00989151 39.00000000 30.00000000
v 11.07902622 39.00000000 34.00000000
v 12.00000000 38.13412857 35.00000000
v 11.36882877 39.00000000 35.00000000
v 12.00000000 39.00000000 35.54528809
v 12.00000000 39.00000000 46.26465988
v 12.00000000 39.47512817 36.00000000
v 12.00000000 40.00000000 36.25646973
v 12.00000000 40.00000000 46.10387039
v 12.00000000 41.00000000 36.79057312
v 12.00000000 41.00000000 45.65528107
v 12.00000000 40.38981247 46.00000000
v 12.00000000 41.27055359 37.00000000
v 12.00000000 42.00000000 37.69569016
v 12.00000000 42.00000000 43.68636703
v 12.00000000 41.88976669 44.00000000
v 12.00000000 41.45353699 45.00000000
v 12.00000000 42.17493820 38.00000000
v 12.00000000 42.36061859 39.00000000
v 12.00000000 42.39192581 40.00000000
v 12.00000000 42.37613297 41.00000000
v 12.00000000 42.30486298 42.00000000
v 12.00000000 42.16696930 43.00000000
v 13.00000000 20.75655937 18.00000000
v 13.00000000 21.00000000 17.69589806
v 13.00000000 20.48562622 19.00000000
v 13.00000000 20.42070770 20.00000000
v 13.00000000 20.40257263 21.00000000
v 13.00000000 20.39986610 22.00000000
v 13.00000000 20.41271973 23.00000000
v 13.00000000 20.43366432 24.00000000
v 13.00000000 20.44918823 25.00000000
v 13.00000000 20.45536423 26.00000000
v 13.00000000 20.46063805 27.00000000
v 13.00000000 20.46350288 28.00000000
v 13.00000000 20.47035599 29.00000000
v 13.00000000 20.48007584 30.00000000
v 13.00000000 20.49773026 31.00000000
v 13.00000000 20.51665115 32.00000000
v 13.00000000 20.53011131 33.00000000
v 13.00000000 20.53805161 34.00000000
v 13.00000000 20.53987885 35.00000000
v 13.00000000 20.53145790 36.00000000
v 13.00000000 20.52038002 37.00000000
v 13.00000000 20.50681877 38.00000000
v 13.00000000 20.49360275 39.00000000
v 13.00000000 20.48277664 40.00000000
v 13.00000000 20.47589493 41.00000000
v 13.00000000 20.46258926 42.00000000
v 13.00000000 20.45421600 43.00000000
v 13.00000000 20.46558762 44.00000000
v 13.00000000 20.59504509 45.00000000
v 13.00000000 21.00000000 45.84756851
v 13.00000000 22.00000000 17.31022072
v 13.00000000 21.54657555 46.00000000
v 13.00000000 22.00000000 46.05290604
v 13.00000000 23.00000000 17.32732773
v 13.00000000 23.00000000 46.01504135
v 13.00000000 24.00000000 17.32491112
v 13.00000000 24.00000000 45.96183395
v 13.00000000 23.33624840 46.00000000
v 13.00000000 25.00000000 17.25364113
v 13.00000000 25.00000000 45.96628571
v 13.00000000 26.00000000 17.13677979
v 13.00000000 26.00000000 45.97850800
v 13.00000000 27.00000000 17.05659485
v 13.00000000 26.63104248 46.00000000
v 13.00000000 27.00000000 46.01004028
v 13.00000000 27.73405075 17.00000000
v 13.00000000 28.00000000 16.98156548
v 13.00000000 28.00000000 46.01494980
v 13.00000000 29.00000000 16.87624168
v 13.00000000 29.00000000 46.03710175
v 13.00000000 30.00000000 16.76939964
v 13.00000000 30.00000000 46.09160614
v 12.07458496 31.00000000 17.00000000
v 13.00000000 31.00000000 16.96836662
v 13.00000000 31.00000000 46.16146088
v 13.00000000 31.03960228 17.00000000
v 13.00000000 31.50028610 18.00000000
v 13.00000000 31.61431122 19.00000000
v 13.00000000 31.69758224 20.00000000
v 12.28472328 32.00000000 20.00000000
v 13.00000000 31.68171883 21.00000000
v 12.29260159 32.00000000 21.00000000
v 13.00000000 31.62963104 22.00000000
v 12.23597240 32.00000000 22.00000000
v 13.00000000 31.57985306 23.00000000
v 12.16145515 32.00000000 23.00000000
v 13.00000000 31.52815437 24.00000000
v 12.06000710 32.00000000 24.00000000
v 13.00000000 31.49355507 25.00000000
v 12.00261021 32.00000000 25.00000000
v 13.00000000 31.47469902 26.00000000
v 13.00000000 31.45776939 27.00000000
v 13.00000000 31.42856216 28.00000000
v 13.00000000 31.39788246 29.00000000
v 13.00000000 31.37201500 30.00000000
v 13.00000000 31.35934067 31.00000000
v 13.00000000 31.36301804 32.00000000
v 13.00000000 31.45544052 33.00000000
v 12.01547909 32.00000000 33.00000000
v 13.00000000 31.66937256 34.00000000
v 12.23844624 32.00000000 34.00000000
v 13.00000000 31.86113358 35.00000000
v 12.60537148 32.00000000 35.00000000
v 13.00000000 32.00000000 35.31258774
v 13.00000000 32.00000000 46.22944641
v 12.10553455 33.00000000 19.00000000
v 12.15310478 33.00000000 20.00000000
v 12.10537815 33.00000000 21.00000000
v 12.07398033 33.00000000 22.00000000
v 12.03493500 33.00000000 23.00000000
v 12.18464088 33.00000000 34.00000000
v 12.64299965 33.00000000 35.00000000
v 13.00000000 33.00000000 35.26984406
v 13.00000000 33.00000000 46.29451370
v 12.05134106 34.00000000 19.00000000
v 12.09520149 34.00000000 20.00000000
v 12.10504818 34.00000000 21.00000000
v 12.10270500 34.00000000 22.00000000
v 12.10065269 34.00000000 23.00000000
v 12.05663776 34.00000000 24.00000000
v 12.00723934 34.00000000 25.00000000
v 12.00603485 34.00000000 33.00000000
v 12.26621342 34.00000000 34.00000000
v 13.00000000 34.00000000 34.85206604
v 13.00000000 33.65352631 35.00000000
v 13.00000000 34.00000000 46.34657288
v 12.02297497 35.00000000 20.00000000
v 12.03256130 35.00000000 21.00000000
v 12.04950142 35.00000000 22.00000000
v 12.06718922 35.00000000 23.00000000
v 12.07744312 35.00000000 24.00000000
v 12.04823971 35.00000000 25.00000000
v 12.00388241 35.00000000 26.00000000
v 12.15488529 35.00000000 34.00000000
v 13.00000000 35.00000000 34.66889572
v 13.00000000 35.00000000 46.39007568
v 13.00000000 36.00000000 34.82585144
v 13.00000000 36.00000000 46.41839981
v 13.00000000 36.83679199 35.00000000
v 12.91154099 37.00000000 35.00000000
v 13.00000000 37.00000000 35.03231049
v 13.00000000 37.00000000 46.41760635
v 12.15684319 38.00000000 35.00000000
v 13.00000000 38.00000000 35.36067200
v 13.00000000 38.00000000 46.37926865
v 13.00000000 39.00000000 35.87126923
v 13.00000000 39.00000000 46.27415848
v 13.00000000 39.17043686 36.00000000
v 13.00000000 40.00000000 36.36278915
v 13.00000000 40.00000000 46.12108612
v 13.00000000 41.00000000 36.85477829
v 13.00000000 41.00000000 45.71865845
v 13.00000000 40.47230530 46.00000000
v 13.00000000 41.19915771 37.00000000
v 13.00000000 42.00000000 37.67279434
v 13.00000000 42.00000000 43.90892029
v 13.00000000 41.96577835 44.00000000
v 13.00000000 41.50332260 45.00000000
v 13.00000000 42.21035004 38.00000000
v 13.00000000 42.43492508 39.00000000
v 13.00000000 42.47463608 40.00000000
v 13.00000000 42.44817734 41.00000000
v 13.00000000 42.37773895 42.00000000
v 13.00000000 42.23160553 43.00000000
v 14.00000000 20.75458527 18.00000000
v 14.00000000 21.00000000 17.68687439
v 14.00000000 20.48418045 19.00000000
v 14.00000000 20.42095566 20.00000000
v 14.00000000 20.40624809 21.00000000
v 14.00000000 20.40449333 22.00000000
v 14.00000000 20.41617393 23.00000000
v 14.00000000 20.43808556 24.00000000
v 14.00000000 20.45094681 25.00000000
v 14.00000000 20.45584869 26.00000000
v 14.00000000 20.46028900 27.00000000
v 14.00000000 20.46593857 28.00000000
v 14.00000000 20.47199059 29.00000000
v 14.00000000 20.48007011 30.00000000
v 14.00000000 20.49941826 31.00000000
v 14.00000000 20.51787376 32.00000000
v 14.00000000 20.53083038 33.00000000
v 14.00000000 20.53756523 34.00000000
v 14.00000000 20.54049492 35.00000000
v 14.00000000 20.53092384 36.00000000
v 14.00000000 20.51987648 37.00000000
v 14.00000000 20.50632095 38.00000000
v 14.00000000 20.49386215 39.00000000
v 14.00000000 20.48400879 40.00000000
v 14.00000000 20.47862816 41.00000000
v 14.00000000 20.46703911 42.00000000
v 14.00000000 20.46064186 43.00000000
v 14.00000000 20.47240257 44.00000000
v 14.00000000 20.60375786 45.00000000
v 14.00000000 21.00000000 45.80999374
v 14.00000000 22.00000000 17.30378723
v 14.00000000 21.67333794 46.00000000
v 14.00000000 22.00000000 46.03962708
v 14.00000000 23.00000000 17.31934166
v 14.00000000 23.00000000 46.00245667
v 14.00000000 24.00000000 17.31255150
v 14.00000000 24.00000000 45.94963455
v 14.00000000 23.05887222 46.00000000
v 14.00000000 25.00000000 17.24036789
v 14.00000000 25.00000000 45.94979858
v 14.00000000 26.00000000 17.12862778
v 14.00000000 26.00000000 45.96660995
v 14.00000000 27.00000000 17.04376984
v 14.00000000 26.80088425 46.00000000
v 14.00000000 27.00000000 46.00660706
v 14.00000000 27.53585625 17.00000000
v 14.00000000 28.00000000 16.96480942
v 14.00000000 28.00000000 46.01824570
v 14.00000000 29.00000000 16.84887123
v 14.00000000 29.00000000 46.03555298
v 14.00000000 30.00000000 16.71598244
v 14.00000000 30.00000000 46.09230423
v 14.00000000 31.00000000 16.93549156
v 14.00000000 31.00000000 46.16428757
v 14.00000000 31.06392670 17.00000000
v 14.00000000 31.45307159 18.00000000
v 14.00000000 31.53148079 19.00000000
v 14.00000000 31.55306244 20.00000000
v 14.00000000 31.53537750 21.00000000
v 14.00000000 31.49157906 22.00000000
v 14.00000000 31.44587135 23.00000000
v 14.00000000 31.42124176 24.00000000
v 14.00000000 31.40588188 25.00000000
v 14.00000000 31.39318848 26.00000000
v 14.00000000 31.37018013 27.00000000
v 14.00000000 31.34580231 28.00000000
v 14.00000000 31.29965210 29.00000000
v 14.00000000 31.25905228 30.00000000
v 14.00000000 31.22430611 31.00000000
v 14.00000000 31.19683266 32.00000000
v 14.00000000 31.23531532 33.00000000
v 14.00000000 31.41449928 34.00000000
v 14.00000000 31.73847961 35.00000000
v 14.00000000 32.00000000 35.55220795
v 14.00000000 32.00000000 46.23798752
v 14.00000000 33.00000000 35.48272324
v 14.00000000 33.00000000 46.30252457
v 13.61670208 34.00000000 35.00000000
v 14.00000000 34.00000000 35.06055832
v 14.00000000 34.00000000 46.35364914
v 14.00000000 34.30325699 35.00000000
v 14.00000000 35.00000000 34.90147781
v 14.00000000 35.00000000 46.39562988
v 14.00000000 36.00000000 34.98118591
v 14.00000000 36.00000000 46.42688751
v 14.00000000 36.10667038 35.00000000
v 14.00000000 37.00000000 35.21318817
v 14.00000000 37.00000000 46.42871475
v 14.00000000 38.00000000 35.59738541
v 14.00000000 38.00000000 46.38837433
v 14.00000000 38.84294891 36.00000000
v 13.59684372 39.00000000 36.00000000
v 14.00000000 39.00000000 36.05331039
v 14.00000000 39.00000000 46.27920532
v 14.00000000 40.00000000 36.46393585
v 14.00000000 40.00000000 46.13270187
v 14.00000000 41.00000000 36.91928864
v 14.00000000 41.00000000 45.75695419
v 14.00000000 40.52737427 46.00000000
v 14.00000000 41.11819458 37.00000000
v 14.00000000 42.00000000 37.68421936
v 13.67633724 42.00000000 44.00000000
v 14.00000000 42.00000000 44.03504181
v 14.00000000 41.53515625 45.00000000
v 14.00000000 42.22122192 38.00000000
v 14.00000000 42.49869537 39.00000000
v 14.00000000 42.53209305 40.00000000
v 14.00000000 42.50315857 41.00000000
v 14.00000000 42.43009949 42.00000000
v 14.00000000 42.28199387 43.00000000
v 14.00000000 42.01227188 44.00000000
v 15.00000000 20.75339127 18.00000000
v 15.00000000 21.00000000 17.68052292
v 15.00000000 20.48151588 19.00000000
v 15.00000000 20.41851997 20.00000000
v 15.00000000 20.40319824 21.00000000
v 15.00000000 20.40323257 22.00000000
v 15.00000000 20.41528893 23.00000000
v 15.00000000 20.43494415 24.00000000
v 15.00000000 20.44683647 25.00000000
v 15.00000000 20.45494270 26.00000000
v 15.00000000 20.45943069 27.00000000
v 15.00000000 20.46574593 28.00000000
v 15.00000000 20.47372437 29.00000000
v 15.00000000 20.48436546 30.00000000
v 15.00000000 20.50451851 31.00000000
v 15.00000000 20.52149200 32.00000000
v 15.00000000 20.53085709 33.00000000
v 15.00000000 20.53571320 34.00000000
v 15.00000000 20.53742409 35.00000000
v 15.00000000 20.52697945 36.00000000
v 15.00000000 20.51853752 37.00000000
v 15.00000000 20.50825119 38.00000000
v 15.00000000 20.49570656 39.00000000
v 15.00000000 20.48689270 40.00000000
v 15.00000000 20.48456001 41.00000000
v 15.00000000 20.47316742 42.00000000
v 15.00000000 20.46549225 43.00000000
v 15.00000000 20.47746658 44.00000000
v 15.00000000 20.60806084 45.00000000
v 15.00000000 21.00000000 45.79291916
v 15.00000000 22.00000000 17.29957771
v 15.00000000 21.74370003 46.00000000
v 15.00000000 22.00000000 46.03112030
v 15.00000000 23.00000000 17.31203842
v 14.21309090 23.00000000 46.00000000
v 15.00000000 23.00000000 45.98807526
v 15.00000000 22.77880859 46.00000000
v 15.00000000 24.00000000 17.30002213
v 15.00000000 24.00000000 45.93786621
v 15.00000000 25.00000000 17.22888374
v 15.00000000 25.00000000 45.94019318
v 15.00000000 26.00000000 17.11773872
v 15.00000000 26.00000000 45.95649338
v 15.00000000 27.00000000 17.02838135
v 15.00000000 26.88064194 46.00000000
v 15.00000000 27.00000000 46.00469208
v 15.00000000 27.32323074 17.00000000
v 15.00000000 28.00000000 16.94357491
v 15.00000000 28.00000000 46.02178574
v 15.00000000 29.00000000 16.81542015
v 15.00000000 29.00000000 46.03709030
v 15.00000000 30.00000000 16.66262627
v 15.00000000 30.00000000 46.09016800
v 15.00000000 31.00000000 16.90030289
v 15.00000000 31.00000000 46.16234970
v 15.00000000 31.09171486 17.00000000
v 15.00000000 31.44958687 18.00000000
v 15.00000000 31.53280449 19.00000000
v 15.00000000 31.54493332 20.00000000
v 15.00000000 31.50652504 21.00000000
v 15.00000000 31.45035934 22.00000000
v 15.00000000 31.40193939 23.00000000
v 15.00000000 31.37970352 24.00000000
v 15.00000000 31.35275841 25.00000000
v 15.00000000 31.33105469 26.00000000
v 15.00000000 31.29742050 27.00000000
v 15.00000000 31.24165535 28.00000000
v 15.00000000 31.19684982 29.00000000
v 15.00000000 31.17362213 30.00000000
v 15.00000000 31.15590286 31.00000000
v 15.00000000 31.13775826 32.00000000
v 15.00000000 31.18980980 33.00000000
v 15.00000000 31.36128044 34.00000000
v 15.00000000 31.71347237 35.00000000
v 15.00000000 32.00000000 35.57579422
v 15.00000000 32.00000000 46.24074936
v 15.00000000 33.00000000 35.50764084
v 15.00000000 33.00000000 46.30576706
v 15.00000000 34.00000000 35.06983185
v 15.00000000 34.00000000 46.35512924
v 15.00000000 34.43135452 35.00000000
v 15.00000000 35.00000000 34.94472122
v 15.00000000 35.00000000 46.39665985
v 15.00000000 35.82054901 35.00000000
v 14.59518909 36.00000000 35.00000000
v 15.00000000 36.00000000 35.01636887
v 15.00000000 36.00000000 46.42780685
v 15.00000000 37.00000000 35.27789307
v 15.00000000 37.00000000 46.43468475
v 15.00000000 38.00000000 35.65404510
v 15.00000000 38.00000000 46.39524460
v 15.00000000 38.81087875 36.00000000
v 15.00000000 39.00000000 36.06325150
v 15.00000000 39.00000000 46.28354263
v 15.00000000 40.00000000 36.46841049
v 15.00000000 40.00000000 46.14364243
v 15.00000000 41.00000000 36.90009689
v 15.00000000 41.00000000 45.78250122
v 15.00000000 40.57343674 46.00000000
v 15.00000000 41.15379333 37.00000000
v 15.00000000 42.00000000 37.65497971
v 15.00000000 42.00000000 44.11049652
v 15.00000000 41.55487061 45.00000000
v 15.00000000 42.24548721 38.00000000
v 15.00000000 42.54939270 39.00000000
v 15.00000000 42.57575989 40.00000000
v 15.00000000 42.53313065 41.00000000
v 15.00000000 42.46149826 42.00000000
v 15.00000000 42.31015015 43.00000000
v 15.00000000 42.04038239 44.00000000
v 16.00000000 20.75106049 18.00000000
v 16.00000000 21.00000000 17.67419052
v 16.00000000 20.47751427 19.00000000
v 16.00000000 20.41596031 20.00000000
v 16.00000000 20.40160942 21.00000000
v 16.00000000 20.40473557 22.00000000
v 16.00000000 20.41610146 23.00000000
v 16.00000000 20.43343544 24.00000000
v 16.00000000 20.44488907 25.00000000
v 16.00000000 20.45663834 26.00000000
v 16.00000000 20.46226692 27.00000000
v 16.00000000 20.46784019 28.00000000
v 16.00000000 20.47542763 29.00000000
v 16.00000000 20.48548698 30.00000000
v 16.00000000 20.50641441 31.00000000
v 16.00000000 20.52330589 32.00000000
v 16.00000000 20.53075027 33.00000000
v 16.00000000 20.53414726 34.00000000
v 16.00000000 20.53613091 35.00000000
v 16.00000000 20.52758408 36.00000000
v 16.00000000 20.51804543 37.00000000
v 16.00000000 20.50992584 38.00000000
v 16.00000000 20.49748611 39.00000000
v 16.00000000 20.48806000 40.00000000
v 16.00000000 20.48856926 41.00000000
v 16.00000000 20.47795296 42.00000000
v 16.00000000 20.46930885 43.00000000
v 16.00000000 20.48161125 44.00000000
v 16.00000000 20.61097336 45.00000000
v 16.00000000 21.00000000 45.78187561
v 16.00000000 22.00000000 17.29400253
v 16.00000000 21.78723145 46.00000000
v 16.00000000 22.00000000 46.02604675
v 16.00000000 23.00000000 17.30117226
v 16.00000000 23.00000000 45.98366547
v 16.00000000 22.68215942 46.00000000
v 16.00000000 24.00000000 17.28315544
v 16.00000000 24.00000000 45.93790436
v 16.00000000 25.00000000 17.21141052
v 16.00000000 25.00000000 45.93426514
v 16.00000000 26.00000000 17.10267639
v 16.00000000 26.00000000 45.95034027
v 16.00000000 27.00000000 17.01710701
v 16.00000000 26.90674782 46.00000000
v 16.00000000 27.00000000 46.00405121
v 16.00000000 27.17565727 17.00000000
v 16.00000000 28.00000000 16.92211533
v 16.00000000 28.00000000 46.02477264
v 16.00000000 29.00000000 16.78134727
v 16.00000000 29.00000000 46.04078674
v 16.00000000 30.00000000 16.61679840
v 16.00000000 30.00000000 46.08559799
v 16.00000000 31.00000000 16.87888527
v 16.00000000 31.00000000 46.15879059
v 16.00000000 31.10894966 17.00000000
v 16.00000000 31.43170929 18.00000000
v 16.00000000 31.50498390 19.00000000
v 16.00000000 31.50651169 20.00000000
v 16.00000000 31.47048759 21.00000000
v 16.00000000 31.41440582 22.00000000
v 16.00000000 31.35664368 23.00000000
v 16.00000000 31.33260918 24.00000000
v 16.00000000 31.30275726 25.00000000
v 16.00000000 31.27470207 26.00000000
v 16.00000000 31.23693275 27.00000000
v 16.00000000 31.19707870 28.00000000
v 16.00000000 31.15774536 29.00000000
v 16.00000000 31.14001083 30.00000000
v 16.00000000 31.12922287 31.00000000
v 16.00000000 31.12193298 32.00000000
v 16.00000000 31.16637993 33.00000000
v 16.00000000 31.34106255 34.00000000
v 16.00000000 31.68758583 35.00000000
v 16.00000000 32.00000000 35.59147644
v 16.00000000 32.00000000 46.24313736
v 16.00000000 33.00000000 35.51835251
v 16.00000000 33.00000000 46.30926132
v 16.00000000 34.00000000 35.13176346
v 16.00000000 34.00000000 46.35740280
v 16.00000000 34.85522842 35.00000000
v 16.00000000 35.00000000 34.98726654
v 16.00000000 35.00000000 46.39690781
v 16.00000000 35.29226685 35.00000000
v 16.00000000 36.00000000 35.04679871
v 16.00000000 36.00000000 46.42658615
v 16.00000000 37.00000000 35.31778717
v 16.00000000 37.00000000 46.43408203
v 16.00000000 38.00000000 35.68550491
v 16.00000000 38.00000000 46.40003967
v 16.00000000 38.80442810 36.00000000
v 16.00000000 39.00000000 36.06528091
v 16.00000000 39.00000000 46.28717041
v 16.00000000 40.00000000 36.45825958
v 16.00000000 40.00000000 46.14935684
v 16.00000000 41.00000000 36.87556458
v 16.00000000 41.00000000 45.79982758
v 16.00000000 40.60490036 46.00000000
v 16.00000000 41.20050812 37.00000000
v 16.00000000 42.00000000 37.61185074
v 16.00000000 42.00000000 44.16282654
v 16.00000000 41.56569672 45.00000000
v 16.00000000 42.27764511 38.00000000
v 16.00000000 42.58621597 39.00000000
v 16.00000000 42.60929871 40.00000000
v 16.00000000 42.55742264 41.00000000
v 16.00000000 42.48232269 42.00000000
v 16.00000000 42.33078766 43.00000000
v 16.00000000 42.06150818 44.00000000
v 17.00000000 20.74802208 18.00000000
v 17.00000000 21.00000000 17.66628265
v 17.00000000 20.47727585 19.00000000
v 17.00000000 20.41717911 20.00000000
v 17.00000000 20.40370750 21.00000000
v 17.00000000 20.40893745 22.00000000
v 17.00000000 20.41724014 23.00000000
v 17.00000000 20.43081093 24.00000000
v 17.00000000 20.44165993 25.00000000
v 17.00000000 20.45347786 26.00000000
v 17.00000000 20.46092224 27.00000000
v 17.00000000 20.46586418 28.00000000
v 17.00000000 20.47339058 29.00000000
v 17.00000000 20.48417664 30.00000000
v 17.00000000 20.50423241 31.00000000
v 17.00000000 20.52047157 32.00000000
v 17.00000000 20.52975655 33.00000000
v 17.00000000 20.53371620 34.00000000
v 17.00000000 20.53437042 35.00000000
v 17.00000000 20.52706909 36.00000000
v 17.00000000 20.51713943 37.00000000
v 17.00000000 20.50959015 38.00000000
v 17.00000000 20.49910545 39.00000000
v 17.00000000 20.49005127 40.00000000
v 17.00000000 20.49186897 41.00000000
v 17.00000000 20.48254585 42.00000000
v 17.00000000 20.47381210 43.00000000
v 17.00000000 20.48588753 44.00000000
v 17.00000000 20.61481857 45.00000000
v 17.00000000 21.00000000 45.77217102
v 17.00000000 22.00000000 17.28266907
v 17.00000000 21.80172539 46.00000000
v 17.00000000 22.00000000 46.02506638
v 17.00000000 23.00000000 17.28388214
v 17.00000000 23.00000000 45.98030853
v 17.00000000 22.63085747 46.00000000
v 17.00000000 24.00000000 17.26407242
v 17.00000000 24.00000000 45.93992615
v 17.00000000 25.00000000 17.19043159
v 17.00000000 25.00000000 45.93723679
v 17.00000000 26.00000000 17.08830833
v 17.00000000 26.00000000 45.95612717
v 17.00000000 27.00000000 17.00713921
v 17.00000000 26.77366066 46.00000000
v 17.00000000 27.00000000 46.01014709
v 17.00000000 27.06750679 17.00000000
v 17.00000000 28.00000000 16.90213013
v 17.00000000 28.00000000 46.03128815
v 17.00000000 29.00000000 16.75062561
v 17.00000000 29.00000000 46.04777527
v 17.00000000 30.00000000 16.57516861
v 17.00000000 30.00000000 46.08216095
v 17.00000000 31.00000000 16.86152649
v 17.00000000 31.00000000 46.15764999
v 17.00000000 31.11749458 17.00000000
v 17.00000000 31.40795326 18.00000000
v 17.00000000 31.47580719 19.00000000
v 17.00000000 31.47279358 20.00000000
v 17.00000000 31.42949867 21.00000000
v 17.00000000 31.36662865 22.00000000
v 17.00000000 31.31685638 23.00000000
v 17.00000000 31.30081367 24.00000000
v 17.00000000 31.27628708 25.00000000
v 17.00000000 31.24696350 26.00000000
v 17.00000000 31.20896530 27.00000000
v 17.00000000 31.17262650 28.00000000
v 17.00000000 31.13571167 29.00000000
v 17.00000000 31.12232018 30.00000000
v 17.00000000 31.11410332 31.00000000
v 17.00000000 31.10919571 32.00000000
v 17.00000000 31.14147377 33.00000000
v 17.00000000 31.32327080 34.00000000
v 17.00000000 31.64157677 35.00000000
v 17.00000000 32.00000000 35.61235046
v 17.00000000 32.00000000 46.24727631
v 17.00000000 33.00000000 35.56920242
v 17.00000000 33.00000000 46.31316376
v 17.00000000 34.00000000 35.18717957
v 17.00000000 34.00000000 46.36156082
v 16.45860672 35.00000000 35.00000000
v 17.00000000 35.00000000 35.02248764
v 17.00000000 35.00000000 46.39924622
v 17.00000000 36.00000000 35.09635544
v 17.00000000 36.00000000 46.42544556
v 17.00000000 37.00000000 35.37093735
v 17.00000000 37.00000000 46.43190002
v 17.00000000 38.00000000 35.70103073
v 17.00000000 38.00000000 46.40058136
v 17.00000000 38.82236862 36.00000000
v 17.00000000 39.00000000 36.05971146
v 17.00000000 39.00000000 46.28639221
v 17.00000000 40.00000000 36.43448639
v 17.00000000 40.00000000 46.15053177
v 17.00000000 41.00000000 36.84542847
v 17.00000000 41.00000000 45.80936813
v 17.00000000 40.61913681 46.00000000
v 17.00000000 41.25765991 37.00000000
v 17.00000000 42.00000000 37.56314468
v 17.00000000 42.00000000 44.20398712
v 17.00000000 41.57308960 45.00000000
v 17.00000000 42.31398773 38.00000000
v 17.00000000 42.62273026 39.00000000
v 17.00000000 42.64128876 40.00000000
v 17.00000000 42.57975006 41.00000000
v 17.00000000 42.50354385 42.00000000
v 17.00000000 42.34992981 43.00000000
v 17.00000000 42.07932663 44.00000000
v 18.00000000 20.74657822 18.00000000
v 18.00000000 21.00000000 17.65796661
v 18.00000000 20.47950935 19.00000000
v 18.00000000 20.41905594 20.00000000
v 18.00000000 20.40636826 21.00000000
v 18.00000000 20.40748596 22.00000000
v 18.00000000 20.41290283 23.00000000
v 18.00000000 20.42360687 24.00000000
v 18.00000000 20.43495941 25.00000000
v 18.00000000 20.44798279 26.00000000
v 18.00000000 20.45746422 27.00000000
v 18.00000000 20.46540260 28.00000000
v 18.00000000 20.47176552 29.00000000
v 18.00000000 20.48132515 30.00000000
v 18.00000000 20.50210762 31.00000000
v 18.00000000 20.51617813 32.00000000
v 18.00000000 20.52769279 33.00000000
v 18.00000000 20.53429031 34.00000000
v 18.00000000 20.53351593 35.00000000
v 18.00000000 20.52618408 36.00000000
v 18.00000000 20.51697159 37.00000000
v 18.00000000 20.50899315 38.00000000
v 18.00000000 20.50017738 39.00000000
v 18.00000000 20.49255753 40.00000000
v 18.00000000 20.49469757 41.00000000
v 18.00000000 20.48721504 42.00000000
v 18.00000000 20.47927475 43.00000000
v 18.00000000 20.49163818 44.00000000
v 18.00000000 20.61960983 45.00000000
v 18.00000000 21.00000000 45.76895523
v 18.00000000 22.00000000 17.26888847
v 18.00000000 21.81491470 46.00000000
v 18.00000000 22.00000000 46.02331161
v 18.00000000 23.00000000 17.26857758
v 18.00000000 23.00000000 45.97783661
v 18.00000000 22.58481026 46.00000000
v 18.00000000 24.00000000 17.24397087
v 18.00000000 24.00000000 45.94367981
v 18.00000000 25.00000000 17.16556740
v 18.00000000 25.00000000 45.94400024
v 18.00000000 26.00000000 17.07471657
v 18.00000000 26.00000000 45.96689224
v 17.77624512 27.00000000 17.00000000
v 18.00000000 26.97157097 17.00000000
v 18.00000000 27.00000000 16.99797058
v 18.00000000 26.53038025 46.00000000
v 18.00000000 27.00000000 46.02315521
v 18.00000000 28.00000000 16.88422394
v 18.00000000 28.00000000 46.04658508
v 18.00000000 29.00000000 16.71695709
v 18.00000000 29.00000000 46.05996704
v 18.00000000 30.00000000 16.53762436
v 18.00000000 30.00000000 46.08592224
v 18.00000000 31.00000000 16.85675049
v 18.00000000 31.00000000 46.16334152
v 18.00000000 31.11426163 17.00000000
v 18.00000000 31.37719727 18.00000000
v 18.00000000 31.43308258 19.00000000
v 18.00000000 31.43989182 20.00000000
v 18.00000000 31.40361595 21.00000000
v 18.00000000 31.35005951 22.00000000
v 18.00000000 31.30446053 23.00000000
v 18.00000000 31.28301430 24.00000000
v 18.00000000 31.25345421 25.00000000
v 18.00000000 31.22382545 26.00000000
v 18.00000000 31.18826675 27.00000000
v 18.00000000 31.15610695 28.00000000
v 18.00000000 31.12192154 29.00000000
v 18.00000000 31.10797119 30.00000000
v 18.00000000 31.10001755 31.00000000
v 18.00000000 31.09747505 32.00000000
v 18.00000000 31.12265587 33.00000000
v 18.00000000 31.30789185 34.00000000
v 18.00000000 31.61106491 35.00000000
v 18.00000000 32.00000000 35.61842346
v 18.00000000 32.00000000 46.25348663
v 18.00000000 33.00000000 35.61211777
v 18.00000000 33.00000000 46.31944275
v 18.00000000 34.00000000 35.25334167
v 18.00000000 34.00000000 46.36986923
v 18.00000000 35.00000000 35.07072067
v 18.00000000 35.00000000 46.40377426
v 18.00000000 36.00000000 35.13169479
v 18.00000000 36.00000000 46.42226028
v 18.00000000 37.00000000 35.38234329
v 18.00000000 37.00000000 46.42812347
v 18.00000000 38.00000000 35.70889282
v 18.00000000 38.00000000 46.39941025
v 18.00000000 38.84954834 36.00000000
v 18.00000000 39.00000000 36.05095291
v 18.00000000 39.00000000 46.28275681
v 18.00000000 40.00000000 36.41394043
v 18.00000000 40.00000000 46.14971924
v 18.00000000 41.00000000 36.81837845
v 18.00000000 41.00000000 45.81000519
v 18.00000000 40.61838913 46.00000000
v 18.00000000 41.31345367 37.00000000
v 18.00000000 42.00000000 37.51430511
v 18.00000000 42.00000000 44.22382736
v 18.00000000 41.57564163 45.00000000
v 18.00000000 42.34930420 38.00000000
v 18.00000000 42.65380478 39.00000000
v 18.00000000 42.66640854 40.00000000
v 18.00000000 42.59614182 41.00000000
v 18.00000000 42.51763535 42.00000000
v 18.00000000 42.36091614 43.00000000
v 18.00000000 42.08861542 44.00000000
v 19.00000000 20.74258423 18.00000000
v 19.00000000 21.00000000 17.64785385
v 19.00000000 20.48021317 19.00000000
v 19.00000000 20.41746902 20.00000000
v 19.00000000 20.40427971 21.00000000
v 19.00000000 20.40255356 22.00000000
v 19.00000000 20.40785789 23.00000000
v 19.00000000 20.41825485 24.00000000
v 19.00000000 20.42907524 25.00000000
v 19.00000000 20.44434166 26.00000000
v 19.00000000 20.45480919 27.00000000
v 19.00000000 20.46375465 28.00000000
v 19.00000000 20.46950531 29.00000000
v 19.00000000 20.47791100 30.00000000
v 19.00000000 20.50012589 31.00000000
v 19.00000000 20.51439667 32.00000000
v 19.00000000 20.52571487 33.00000000
v 19.00000000 20.53378105 34.00000000
v 19.00000000 20.53312683 35.00000000
v 19.00000000 20.52501678 36.00000000
v 19.00000000 20.51632309 37.00000000
v 19.00000000 20.50876427 38.00000000
v 19.00000000 20.50010872 39.00000000
v 19.00000000 20.49460983 40.00000000
v 19.00000000 20.49750328 41.00000000
v 19.00000000 20.49222565 42.00000000
v 19.00000000 20.48630905 43.00000000
v 19.00000000 20.49981117 44.00000000
v 19.00000000 20.62404251 45.00000000
v 19.00000000 21.00000000 45.77365494
v 19.00000000 22.00000000 17.25585747
v 19.00000000 21.80881310 46.00000000
v 19.00000000 22.00000000 46.02358246
v 19.00000000 23.00000000 17.25433731
v 19.00000000 23.00000000 45.98162460
v 19.00000000 22.63179016 46.00000000
v 19.00000000 24.00000000 17.22062111
v 19.00000000 24.00000000 45.95293045
v 19.00000000 25.00000000 17.14351463
v 19.00000000 25.00000000 45.95403290
v 19.00000000 26.00000000 17.06569290
v 19.00000000 26.00000000 45.98016739
v 19.00000000 26.86655807 17.00000000
v 19.00000000 27.00000000 16.99039268
v 19.00000000 26.30129242 46.00000000
v 19.00000000 27.00000000 46.03638458
v 19.00000000 28.00000000 16.87005234
v 19.00000000 28.00000000 46.06242752
v 19.00000000 29.00000000 16.68693352
v 19.00000000 29.00000000 46.07400131
v 19.00000000 30.00000000 16.50795746
v 19.00000000 30.00000000 46.09711075
v 19.00000000 31.00000000 16.85714912
v 19.00000000 31.00000000 46.17049408
v 19.00000000 31.10633278 17.00000000
v 19.00000000 31.36538887 18.00000000
v 19.00000000 31.42008591 19.00000000
v 19.00000000 31.42710876 20.00000000
v 19.00000000 31.39422226 21.00000000
v 19.00000000 31.34100914 22.00000000
v 19.00000000 31.29353333 23.00000000
v 19.00000000 31.27032280 24.00000000
v 19.00000000 31.23804283 25.00000000
v 19.00000000 31.20707703 26.00000000
v 19.00000000 31.17354965 27.00000000
v 19.00000000 31.14394569 28.00000000
v 19.00000000 31.10983086 29.00000000
v 19.00000000 31.09332466 30.00000000
v 19.00000000 31.08939171 31.00000000
v 19.00000000 31.08579826 32.00000000
v 19.00000000 31.10996437 33.00000000
v 19.00000000 31.30224419 34.00000000
v 19.00000000 31.59938240 35.00000000
v 19.00000000 32.00000000 35.61055374
v 19.00000000 32.00000000 46.26165771
v 19.00000000 33.00000000 35.61875534
v 19.00000000 33.00000000 46.32732010
v 19.00000000 34.00000000 35.28640747
v 19.00000000 34.00000000 46.37914276
v 19.00000000 35.00000000 35.11826324
v 19.00000000 35.00000000 46.40909195
v 19.00000000 36.00000000 35.15409088
v 19.00000000 36.00000000 46.42295837
v 19.00000000 37.00000000 35.38692856
v 19.00000000 37.00000000 46.42613602
v 19.00000000 38.00000000 35.70666504
v 19.00000000 38.00000000 46.39673233
v 19.00000000 38.85416794 36.00000000
v 19.00000000 39.00000000 36.05068207
v 19.00000000 39.00000000 46.28116608
v 19.00000000 40.00000000 36.40341187
v 19.00000000 40.00000000 46.14691925
v 19.00000000 41.00000000 36.80176926
v 19.00000000 41.00000000 45.79868317
v 19.00000000 40.59921646 46.00000000
v 19.00000000 41.35429382 37.00000000
v 19.00000000 42.00000000 37.47670746
v 19.00000000 42.00000000 44.23340607
v 19.00000000 41.57225037 45.00000000
v 19.00000000 42.38050461 38.00000000
v 19.00000000 42.67990112 39.00000000
v 19.00000000 42.68867111 40.00000000
v 19.00000000 42.61325836 41.00000000
v 19.00000000 42.53109360 42.00000000
v 19.00000000 42.36882019 43.00000000
v 19.00000000 42.09469223 44.00000000
v 20.00000000 20.74056244 18.00000000
v 20.00000000 21.00000000 17.64531708
v 20.00000000 20.47901917 19.00000000
v 20.00000000 20.41599846 20.00000000
v 20.00000000 20.40166855 21.00000000
v 20.00000000 20.39863014 22.00000000
v 20.00000000 20.40332413 23.00000000
v 20.00000000 20.41345787 24.00000000
v 20.00000000 20.42391777 25.00000000
v 20.00000000 20.43982315 26.00000000
v 20.00000000 20.45148087 27.00000000
v 20.00000000 20.46077728 28.00000000
v 20.00000000 20.46688843 29.00000000
v 20.00000000 20.47526360 30.00000000
v 20.00000000 20.49693680 31.00000000
v 20.00000000 20.51273918 32.00000000
v 20.00000000 20.52464867 33.00000000
v 20.00000000 20.53367805 34.00000000
v 20.00000000 20.53237152 35.00000000
v 20.00000000 20.52320480 36.00000000
v 20.00000000 20.51508713 37.00000000
v 20.00000000 20.50848389 38.00000000
v 20.00000000 20.50115013 39.00000000
v 20.00000000 20.49829292 40.00000000
v 20.00000000 20.50155067 41.00000000
v 20.00000000 20.49684906 42.00000000
v 20.00000000 20.49225044 43.00000000
v 20.00000000 20.50590324 44.00000000
v 20.00000000 20.62696075 45.00000000
v 20.00000000 21.00000000 45.78080368
v 20.00000000 22.00000000 17.25245667
v 20.00000000 21.79546738 46.00000000
v 20.00000000 22.00000000 46.02459717
v 20.00000000 23.00000000 17.25135612
v 20.00000000 23.00000000 45.98706818
v 20.00000000 22.71715927 46.00000000
v 20.00000000 24.00000000 17.21200180
v 20.00000000 24.00000000 45.96245575
v 20.00000000 25.00000000 17.13827896
v 20.00000000 25.00000000 45.96496201
v 20.00000000 26.00000000 17.06645393
v 20.00000000 26.00000000 45.99691010
v 20.00000000 26.85639954 17.00000000
v 20.00000000 27.00000000 16.98937416
v 20.00000000 26.04635620 46.00000000
v 20.00000000 27.00000000 46.05027008
v 20.00000000 28.00000000 16.86621666
v 20.00000000 28.00000000 46.07821274
v 20.00000000 29.00000000 16.67449951
v 20.00000000 29.00000000 46.08863068
v 20.00000000 30.00000000 16.49603462
v 20.00000000 30.00000000 46.11168289
v 20.00000000 31.00000000 16.85432816
v 20.00000000 31.00000000 46.18356323
v 20.00000000 31.10594368 17.00000000
v 20.00000000 31.36039162 18.00000000
v 20.00000000 31.40822029 19.00000000
v 20.00000000 31.41580963 20.00000000
v 20.00000000 31.38749886 21.00000000
v 20.00000000 31.33748817 22.00000000
v 20.00000000 31.28751755 23.00000000
v 20.00000000 31.26296043 24.00000000
v 20.00000000 31.22616196 25.00000000
v 20.00000000 31.19310379 26.00000000
v 20.00000000 31.16187668 27.00000000
v 20.00000000 31.13175583 28.00000000
v 20.00000000 31.09945679 29.00000000
v 20.00000000 31.08605003 30.00000000
v 20.00000000 31.08493996 31.00000000
v 20.00000000 31.08264923 32.00000000
v 20.00000000 31.10817146 33.00000000
v 20.00000000 31.30542564 34.00000000
v 20.00000000 31.60008621 35.00000000
v 20.00000000 32.00000000 35.60562515
v 20.00000000 32.00000000 46.27182388
v 20.00000000 33.00000000 35.63134766
v 20.00000000 33.00000000 46.33707428
v 20.00000000 34.00000000 35.31381226
v 20.00000000 34.00000000 46.38619995
v 20.00000000 35.00000000 35.14930344
v 20.00000000 35.00000000 46.41351318
v 20.00000000 36.00000000 35.18423080
v 20.00000000 36.00000000 46.42207336
v 20.00000000 37.00000000 35.39566803
v 20.00000000 37.00000000 46.42327118
v 20.00000000 38.00000000 35.70363998
v 20.00000000 38.00000000 46.39604568
v 20.00000000 38.88287735 36.00000000
v 20.00000000 39.00000000 36.04056931
v 20.00000000 39.00000000 46.28291321
v 20.00000000 40.00000000 36.39212418
v 20.00000000 40.00000000 46.14651489
v 20.00000000 41.00000000 36.78669357
v 20.00000000 41.00000000 45.78577805
v 20.00000000 40.58163834 46.00000000
v 20.00000000 41.38655090 37.00000000
v 20.00000000 42.00000000 37.45437241
v 20.00000000 42.00000000 44.22941971
v 20.00000000 41.56403351 45.00000000
v 20.00000000 42.40156937 38.00000000
v 20.00000000 42.69755936 39.00000000
v 20.00000000 42.70404816 40.00000000
v 20.00000000 42.62537003 41.00000000
v 20.00000000 42.53828049 42.00000000
v 20.00000000 42.37194824 43.00000000
v 20.00000000 42.09547043 44.00000000
v 21.00000000 20.73754120 18.00000000
v 21.00000000 21.00000000 17.64116287
v 21.00000000 20.47825432 19.00000000
v 21.00000000 20.41501808 20.00000000
v 21.00000000 20.39834023 21.00000000
v 21.00000000 20.39421082 22.00000000
v 21.00000000 20.39806938 23.00000000
v 21.00000000 20.40841866 24.00000000
v 21.00000000 20.41953278 25.00000000
v 21.00000000 20.43553352 26.00000000
v 21.00000000 20.44779015 27.00000000
v 21.00000000 20.45708466 28.00000000
v 21.00000000 20.46242905 29.00000000
v 21.00000000 20.47321320 30.00000000
v 21.00000000 20.49411774 31.00000000
v 21.00000000 20.51197243 32.00000000
v 21.00000000 20.52412605 33.00000000
v 21.00000000 20.53218269 34.00000000
v 21.00000000 20.52994156 35.00000000
v 21.00000000 20.52031136 36.00000000
v 21.00000000 20.51291466 37.00000000
v 21.00000000 20.50679207 38.00000000
v 21.00000000 20.50031090 39.00000000
v 21.00000000 20.50022316 40.00000000
v 21.00000000 20.50501442 41.00000000
v 21.00000000 20.50146103 42.00000000
v 21.00000000 20.49725723 43.00000000
v 21.00000000 20.51090240 44.00000000
v 21.00000000 20.63027000 45.00000000
v 21.00000000 21.00000000 45.78767014
v 21.00000000 22.00000000 17.24791908
v 21.00000000 21.77627182 46.00000000
v 21.00000000 22.00000000 46.02645111
v 21.00000000 23.00000000 17.24321365
v 21.00000000 23.00000000 45.99359512
v 21.00000000 22.84585571 46.00000000
v 21.00000000 24.00000000 17.20145416
v 21.00000000 24.00000000 45.97294617
v 21.00000000 25.00000000 17.13459396
v 21.00000000 25.00000000 45.97396088
v 21.00000000 26.00000000 17.06670570
v 21.00000000 25.64656830 46.00000000
v 20.17675781 26.00000000 46.00000000
v 21.00000000 26.00000000 46.01149368
v 21.00000000 26.82646370 17.00000000
v 21.00000000 27.00000000 16.98668098
v 21.00000000 27.00000000 46.06539154
v 21.00000000 28.00000000 16.86193466
v 21.00000000 28.00000000 46.09254074
v 21.00000000 29.00000000 16.66168404
v 21.00000000 29.00000000 46.10401917
v 21.00000000 30.00000000 16.48418236
v 21.00000000 30.00000000 46.12717056
v 21.00000000 31.00000000 16.85103798
v 21.00000000 31.00000000 46.19941330
v 21.00000000 31.10569191 17.00000000
v 21.00000000 31.35542679 18.00000000
v 21.00000000 31.40247917 19.00000000
v 21.00000000 31.40895844 20.00000000
v 21.00000000 31.38509750 21.00000000
v 21.00000000 31.33447266 22.00000000
v 21.00000000 31.28173065 23.00000000
v 21.00000000 31.25414848 24.00000000
v 21.00000000 31.21360970 25.00000000
v 21.00000000 31.18086052 26.00000000
v 21.00000000 31.15059280 27.00000000
v 21.00000000 31.12368774 28.00000000
v 21.00000000 31.09467506 29.00000000
v 21.00000000 31.08361816 30.00000000
v 21.00000000 31.08299828 31.00000000
v 21.00000000 31.08126831 32.00000000
v 21.00000000 31.10681915 33.00000000
v 21.00000000 31.30831528 34.00000000
v 21.00000000 31.60626793 35.00000000
v 21.00000000 32.00000000 35.59330750
v 21.00000000 32.00000000 46.28218079
v 21.00000000 33.00000000 35.64267731
v 21.00000000 33.00000000 46.34786224
v 21.00000000 34.00000000 35.33786392
v 21.00000000 34.00000000 46.39511108
v 21.00000000 35.00000000 35.17679977
v 21.00000000 35.00000000 46.42012787
v 21.00000000 36.00000000 35.21598434
v 21.00000000 36.00000000 46.42156601
v 21.00000000 37.00000000 35.40316772
v 21.00000000 37.00000000 46.41934204
v 21.00000000 38.00000000 35.70372772
v 21.00000000 38.00000000 46.39119339
v 21.00000000 38.91690063 36.00000000
v 21.00000000 39.00000000 36.02770996
v 21.00000000 39.00000000 46.28250504
v 21.00000000 40.00000000 36.37471390
v 21.00000000 40.00000000 46.14574051
v 21.00000000 41.00000000 36.76909256
v 21.00000000 41.00000000 45.76964569
v 21.00000000 40.55887985 46.00000000
v 21.00000000 41.41442490 37.00000000
v 21.00000000 42.00000000 37.43955994
v 21.00000000 42.00000000 44.22324753
v 21.00000000 41.55840302 45.00000000
v 21.00000000 42.41780853 38.00000000
v 21.00000000 42.71030045 39.00000000
v 21.00000000 42.71415329 40.00000000
v 21.00000000 42.63373947 41.00000000
v 21.00000000 42.54190063 42.00000000
v 21.00000000 42.37269592 43.00000000
v 21.00000000 42.09372711 44.00000000
v 22.00000000 20.73468971 18.00000000
v 22.00000000 21.00000000 17.63505363
v 22.00000000 20.47705841 19.00000000
v 22.00000000 20.41454697 20.00000000
v 22.00000000 20.39514923 21.00000000
v 22.00000000 20.38837051 22.00000000
v 22.00000000 20.39166451 23.00000000
v 22.00000000 20.40343666 24.00000000
v 22.00000000 20.41568947 25.00000000
v 22.00000000 20.43243027 26.00000000
v 22.00000000 20.44437981 27.00000000
v 22.00000000 20.45288658 28.00000000
v 22.00000000 20.45735359 29.00000000
v 22.00000000 20.46896362 30.00000000
v 22.00000000 20.49058151 31.00000000
v 22.00000000 20.50957870 32.00000000
v 22.00000000 20.52258301 33.00000000
v 22.00000000 20.52996826 34.00000000
v 22.00000000 20.52724266 35.00000000
v 22.00000000 20.51781654 36.00000000
v 22.00000000 20.51128578 37.00000000
v 22.00000000 20.50540733 38.00000000
v 22.00000000 20.49879646 39.00000000
v 22.00000000 20.50102997 40.00000000
v 22.00000000 20.50866699 41.00000000
v 22.00000000 20.50776482 42.00000000
v 22.00000000 20.50338936 43.00000000
v 22.00000000 20.51808739 44.00000000
v 22.00000000 20.63401413 45.00000000
v 22.00000000 21.00000000 45.79447174
v 22.00000000 22.00000000 17.24254417
v 22.00000000 21.74742508 46.00000000
v 22.00000000 22.00000000 46.02965546
v 22.00000000 23.00000000 17.23267365
v 21.91188049 23.00000000 46.00000000
v 22.00000000 23.00000000 46.00048447
v 22.00000000 24.00000000 17.19009018
v 22.00000000 24.00000000 45.98457336
v 22.00000000 23.03802681 46.00000000
v 22.00000000 25.00000000 17.13142967
v 22.00000000 25.00000000 45.98250198
v 22.00000000 26.00000000 17.06631851
v 22.00000000 25.35595512 46.00000000
v 22.00000000 26.00000000 46.02547836
v 22.00000000 26.79742432 17.00000000
v 22.00000000 27.00000000 16.98409843
v 22.00000000 27.00000000 46.08041000
v 22.00000000 28.00000000 16.85523796
v 22.00000000 28.00000000 46.10644150
v 22.00000000 29.00000000 16.64803696
v 22.00000000 29.00000000 46.11977768
v 22.00000000 30.00000000 16.47311211
v 22.00000000 30.00000000 46.14390945
v 22.00000000 31.00000000 16.84647369
v 22.00000000 31.00000000 46.21620560
v 22.00000000 31.10694695 17.00000000
v 22.00000000 31.35345078 18.00000000
v 22.00000000 31.39941978 19.00000000
v 22.00000000 31.40331459 20.00000000
v 22.00000000 31.38021088 21.00000000
v 22.00000000 31.33035660 22.00000000
v 22.00000000 31.27782059 23.00000000
v 22.00000000 31.24728966 24.00000000
v 22.00000000 31.20484734 25.00000000
v 22.00000000 31.17256546 26.00000000
v 22.00000000 31.14147568 27.00000000
v 22.00000000 31.11841393 28.00000000
v 22.00000000 31.09344482 29.00000000
v 22.00000000 31.08139801 30.00000000
v 22.00000000 31.08167267 31.00000000
v 22.00000000 31.07957268 32.00000000
v 22.00000000 31.10528755 33.00000000
v 22.00000000 31.30904388 34.00000000
v 22.00000000 31.61116409 35.00000000
v 22.00000000 32.00000000 35.58259964
v 22.00000000 32.00000000 46.29258728
v 22.00000000 33.00000000 35.65287399
v 22.00000000 33.00000000 46.35748291
v 22.00000000 34.00000000 35.36047363
v 22.00000000 34.00000000 46.40573883
v 22.00000000 35.00000000 35.20051575
v 22.00000000 35.00000000 46.42674255
v 22.00000000 36.00000000 35.23252487
v 22.00000000 36.00000000 46.42325974
v 22.00000000 37.00000000 35.40821838
v 22.00000000 37.00000000 46.41544724
v 22.00000000 38.00000000 35.69838333
v 22.00000000 38.00000000 46.38330460
v 22.00000000 38.92405701 36.00000000
v 22.00000000 39.00000000 36.02479935
v 22.00000000 39.00000000 46.27935028
v 22.00000000 40.00000000 36.36408997
v 22.00000000 40.00000000 46.14138794
v 22.00000000 41.00000000 36.74961090
v 22.00000000 41.00000000 45.75355148
v 22.00000000 40.53082657 46.00000000
v 22.00000000 41.44956589 37.00000000
v 22.00000000 42.00000000 37.41811371
v 22.00000000 42.00000000 44.21836090
v 22.00000000 41.55223846 45.00000000
v 22.00000000 42.43366623 38.00000000
v 22.00000000 42.72085953 39.00000000
v 22.00000000 42.72072601 40.00000000
v 22.00000000 42.64171600 41.00000000
v 22.00000000 42.54600143 42.00000000
v 22.00000000 42.37351227 43.00000000
v 22.00000000 42.09309006 44.00000000
v 23.00000000 20.73142052 18.00000000
v 23.00000000 21.00000000 17.62821007
v 23.00000000 20.47433090 19.00000000
v 23.00000000 20.41106606 20.00000000
v 23.00000000 20.39115143 21.00000000
v 23.00000000 20.38307381 22.00000000
v 23.00000000 20.38576317 23.00000000
v 23.00000000 20.39813805 24.00000000
v 23.00000000 20.41219902 25.00000000
v 23.00000000 20.42824936 26.00000000
v 23.00000000 20.44013977 27.00000000
v 23.00000000 20.44749451 28.00000000
v 23.00000000 20.45067787 29.00000000
v 23.00000000 20.46239853 30.00000000
v 23.00000000 20.48666763 31.00000000
v 23.00000000 20.50955391 32.00000000
v 23.00000000 20.52264595 33.00000000
v 23.00000000 20.52970505 34.00000000
v 23.00000000 20.52629662 35.00000000
v 23.00000000 20.51742172 36.00000000
v 23.00000000 20.51105881 37.00000000
v 23.00000000 20.50508308 38.00000000
v 23.00000000 20.49781036 39.00000000
v 23.00000000 20.50079727 40.00000000
v 23.00000000 20.51144981 41.00000000
v 23.00000000 20.51603699 42.00000000
v 23.00000000 20.51179314 43.00000000
v 23.00000000 20.52619553 44.00000000
v 23.00000000 20.63822365 45.00000000
v 23.00000000 21.00000000 45.80120850
v 23.00000000 22.00000000 17.23571205
v 23.00000000 21.71710587 46.00000000
v 23.00000000 22.00000000 46.03306580
v 23.00000000 23.00000000 17.22072983
v 23.00000000 23.00000000 46.00756454
v 23.00000000 24.00000000 17.18022728
v 23.00000000 24.00000000 45.99707413
v 23.00000000 23.76577950 46.00000000
v 23.00000000 25.00000000 17.12658119
v 23.00000000 25.00000000 45.99041367
v 23.00000000 26.00000000 17.06462288
v 23.00000000 25.16942024 46.00000000
v 23.00000000 26.00000000 46.03764725
v 23.00000000 26.77069855 17.00000000
v 23.00000000 27.00000000 16.98201942
v 23.00000000 27.00000000 46.09502792
v 23.00000000 28.00000000 16.84812737
v 23.00000000 28.00000000 46.12126923
v 23.00000000 29.00000000 16.63484383
v 23.00000000 29.00000000 46.13653946
v 23.00000000 30.00000000 16.46696472
v 23.00000000 30.00000000 46.15999603
v 23.00000000 31.00000000 16.84280396
v 23.00000000 31.00000000 46.23287582
v 23.00000000 31.10800362 17.00000000
v 23.00000000 31.35117912 18.00000000
v 23.00000000 31.39735031 19.00000000
v 23.00000000 31.40091515 20.00000000
v 23.00000000 31.37735558 21.00000000
v 23.00000000 31.32947731 22.00000000
v 23.00000000 31.27664757 23.00000000
v 23.00000000 31.23970032 24.00000000
v 23.00000000 31.19504547 25.00000000
v 23.00000000 31.16313934 26.00000000
v 23.00000000 31.13242722 27.00000000
v 23.00000000 31.11309052 28.00000000
v 23.00000000 31.09190941 29.00000000
v 23.00000000 31.07856750 30.00000000
v 23.00000000 31.08068848 31.00000000
v 23.00000000 31.07688141 32.00000000
v 23.00000000 31.10294533 33.00000000
v 23.00000000 31.30797577 34.00000000
v 23.00000000 31.61478424 35.00000000
v 23.00000000 32.00000000 35.57312393
v 23.00000000 32.00000000 46.30368423
v 23.00000000 33.00000000 35.66115952
v 23.00000000 33.00000000 46.36601639
v 23.00000000 34.00000000 35.38433075
v 23.00000000 34.00000000 46.41312790
v 23.00000000 35.00000000 35.22592545
v 23.00000000 35.00000000 46.43101120
v 23.00000000 36.00000000 35.24275970
v 23.00000000 36.00000000 46.42588043
v 23.00000000 37.00000000 35.41056824
v 23.00000000 37.00000000 46.41455841
v 23.00000000 38.00000000 35.68835068
v 23.00000000 38.00000000 46.37771988
v 22.94524956 39.00000000 36.00000000
v 23.00000000 39.00000000 35.99864960
v 23.00000000 39.00000000 46.27624893
v 23.00000000 39.00366974 36.00000000
v 23.00000000 40.00000000 36.35074615
v 23.00000000 40.00000000 46.13559341
v 23.00000000 41.00000000 36.73645401
v 23.00000000 41.00000000 45.73345947
v 23.00000000 40.49756622 46.00000000
v 23.00000000 41.47846222 37.00000000
v 23.00000000 42.00000000 37.39852142
v 23.00000000 42.00000000 44.20225143
v 23.00000000 41.54287720 45.00000000
v 23.00000000 42.44934464 38.00000000
v 23.00000000 42.73088837 39.00000000
v 23.00000000 42.72596741 40.00000000
v 23.00000000 42.64735794 41.00000000
v 23.00000000 42.54815292 42.00000000
v 23.00000000 42.37227631 43.00000000
v 23.00000000 42.08717346 44.00000000
v 24.00000000 20.72723389 18.00000000
v 24.00000000 21.00000000 17.61799622
v 24.00000000 20.47181129 19.00000000
v 24.00000000 20.40785980 20.00000000
v 24.00000000 20.38747978 21.00000000
v 24.00000000 20.37818527 22.00000000
v 24.00000000 20.38114357 23.00000000
v 24.00000000 20.39246941 24.00000000
v 24.00000000 20.40729141 25.00000000
v 24.00000000 20.42187119 26.00000000
v 24.00000000 20.43674088 27.00000000
v 24.00000000 20.44476318 28.00000000
v 24.00000000 20.44690514 29.00000000
v 24.00000000 20.45989418 30.00000000
v 24.00000000 20.48600960 31.00000000
v 24.00000000 20.51236534 32.00000000
v 24.00000000 20.52553749 33.00000000
v 24.00000000 20.53077698 34.00000000
v 24.00000000 20.52630424 35.00000000
v 24.00000000 20.51765251 36.00000000
v 24.00000000 20.51236725 37.00000000
v 24.00000000 20.50521660 38.00000000
v 24.00000000 20.49753952 39.00000000
v 24.00000000 20.50021172 40.00000000
v 24.00000000 20.51135826 41.00000000
v 24.00000000 20.52238846 42.00000000
v 24.00000000 20.52034950 43.00000000
v 24.00000000 20.53271484 44.00000000
v 24.00000000 20.64192390 45.00000000
v 24.00000000 21.00000000 45.80721283
v 24.00000000 22.00000000 17.22722435
v 24.00000000 21.67943954 46.00000000
v 24.00000000 22.00000000 46.03792572
v 24.00000000 23.00000000 17.20943069
v 24.00000000 23.00000000 46.01456833
v 24.00000000 24.00000000 17.17159271
v 23.28468132 24.00000000 46.00000000
v 24.00000000 24.00000000 46.00585938
v 24.00000000 25.00000000 17.12051201
v 24.00000000 25.00000000 45.99959564
v 24.00000000 24.94706535 46.00000000
v 24.00000000 26.00000000 17.06279755
v 24.00000000 25.00650024 46.00000000
v 24.00000000 26.00000000 46.04907608
v 24.00000000 26.75545883 17.00000000
v 24.00000000 27.00000000 16.98098564
v 24.00000000 27.00000000 46.10846329
v 24.00000000 28.00000000 16.84141159
v 24.00000000 28.00000000 46.13589859
v 24.00000000 29.00000000 16.62615204
v 24.00000000 29.00000000 46.15242767
v 24.00000000 30.00000000 16.45892334
v 24.00000000 30.00000000 46.17543030
v 24.00000000 31.00000000 16.83697510
v 24.00000000 31.00000000 46.24707031
v 24.00000000 31.11141396 17.00000000
v 24.00000000 31.35402298 18.00000000
v 24.00000000 31.40054703 19.00000000
v 24.00000000 31.40202141 20.00000000
v 24.00000000 31.37665367 21.00000000
v 24.00000000 31.32649422 22.00000000
v 24.00000000 31.27266312 23.00000000
v 24.00000000 31.23180580 24.00000000
v 24.00000000 31.18461990 25.00000000
v 24.00000000 31.15382385 26.00000000
v 24.00000000 31.12409019 27.00000000
v 24.00000000 31.10877037 28.00000000
v 24.00000000 31.08979225 29.00000000
v 24.00000000 31.07442474 30.00000000
v 24.00000000 31.07985115 31.00000000
v 24.00000000 31.07598114 32.00000000
v 24.00000000 31.10064697 33.00000000
v 24.00000000 31.30543327 34.00000000
v 24.00000000 31.61742592 35.00000000
v 24.00000000 32.00000000 35.56266022
v 24.00000000 32.00000000 46.31369400
v 24.00000000 33.00000000 35.66952896
v 24.00000000 33.00000000 46.37155151
v 24.00000000 34.00000000 35.41333389
v 24.00000000 34.00000000 46.41841888
v 24.00000000 35.00000000 35.25254059
v 24.00000000 35.00000000 46.43519974
v 24.00000000 36.00000000 35.25498199
v 24.00000000 36.00000000 46.42771912
v 24.00000000 37.00000000 35.41572571
v 24.00000000 37.00000000 46.41505814
v 24.00000000 38.00000000 35.68360519
v 24.00000000 38.00000000 46.37374878
v 24.00000000 39.00000000 35.98227692
v 24.00000000 39.00000000 46.27077866
v 24.00000000 39.04926300 36.00000000
v 24.00000000 40.00000000 36.32693863
v 24.00000000 40.00000000 46.12940216
v 24.00000000 41.00000000 36.71588516
v 24.00000000 41.00000000 45.71643448
v 24.00000000 40.46800995 46.00000000
v 24.00000000 41.51194000 37.00000000
v 24.00000000 42.00000000 37.37952805
v 24.00000000 42.00000000 44.18148422
v 24.00000000 41.53245544 45.00000000
v 24.00000000 42.46246338 38.00000000
v 24.00000000 42.73883820 39.00000000
v 24.00000000 42.73127747 40.00000000
v 24.00000000 42.65311813 41.00000000
v 24.00000000 42.54873657 42.00000000
v 24.00000000 42.37100601 43.00000000
v 24.00000000 42.07882690 44.00000000
v 25.00000000 20.72291756 18.00000000
v 25.00000000 21.00000000 17.60683632
v 25.00000000 20.46851540 19.00000000
v 25.00000000 20.40222549 20.00000000
v 25.00000000 20.38093376 21.00000000
v 25.00000000 20.37219810 22.00000000
v 25.00000000 20.37574005 23.00000000
v 25.00000000 20.38963509 24.00000000
v 25.00000000 20.40357780 25.00000000
v 25.00000000 20.41864777 26.00000000
v 25.00000000 20.43460464 27.00000000
v 25.00000000 20.44520760 28.00000000
v 25.00000000 20.44667053 29.00000000
v 25.00000000 20.46031952 30.00000000
v 25.00000000 20.48751640 31.00000000
v 25.00000000 20.51455116 32.00000000
v 25.00000000 20.52967834 33.00000000
v 25.00000000 20.53285789 34.00000000
v 25.00000000 20.52794075 35.00000000
v 25.00000000 20.51902390 36.00000000
v 25.00000000 20.51454353 37.00000000
v 25.00000000 20.50656509 38.00000000
v 25.00000000 20.49867821 39.00000000
v 25.00000000 20.50041199 40.00000000
v 25.00000000 20.51145554 41.00000000
v 25.00000000 20.52365875 42.00000000
v 25.00000000 20.52726173 43.00000000
v 25.00000000 20.53849411 44.00000000
v 25.00000000 20.64523888 45.00000000
v 25.00000000 21.00000000 45.81253433
v 25.00000000 22.00000000 17.21882820
v 25.00000000 21.63517952 46.00000000
v 25.00000000 22.00000000 46.04445648
v 25.00000000 23.00000000 17.19884300
v 25.00000000 23.00000000 46.02175903
v 25.00000000 24.00000000 17.16146278
v 25.00000000 24.00000000 46.01374817
v 25.00000000 25.00000000 17.11505127
v 24.04403114 25.00000000 46.00000000
v 25.00000000 25.00000000 46.00712585
v 25.00000000 26.00000000 17.05928040
v 25.00000000 26.00000000 46.06060028
v 25.00000000 26.73109818 17.00000000
v 25.00000000 27.00000000 16.97953415
v 25.00000000 27.00000000 46.12154770
v 25.00000000 28.00000000 16.83699226
v 25.00000000 28.00000000 46.14765549
v 25.00000000 29.00000000 16.61666298
v 25.00000000 29.00000000 46.16693115
v 25.00000000 30.00000000 16.44936752
v 25.00000000 30.00000000 46.19002533
v 25.00000000 31.00000000 16.82422256
v 25.00000000 31.00000000 46.25953293
v 25.00000000 31.11970520 17.00000000
v 25.00000000 31.35969734 18.00000000
v 25.00000000 31.40327072 19.00000000
v 25.00000000 31.40230179 20.00000000
v 25.00000000 31.37456322 21.00000000
v 25.00000000 31.32123756 22.00000000
v 25.00000000 31.26645851 23.00000000
v 25.00000000 31.22302055 24.00000000
v 25.00000000 31.17476845 25.00000000
v 25.00000000 31.14489937 26.00000000
v 25.00000000 31.11807251 27.00000000
v 25.00000000 31.10552788 28.00000000
v 25.00000000 31.08726883 29.00000000
v 25.00000000 31.07102966 30.00000000
v 25.00000000 31.07746315 31.00000000
v 25.00000000 31.07539177 32.00000000
v 25.00000000 31.09878540 33.00000000
v 25.00000000 31.30097961 34.00000000
v 25.00000000 31.61983109 35.00000000
v 25.00000000 32.00000000 35.55175018
v 25.00000000 32.00000000 46.32363892
v 25.00000000 33.00000000 35.67755127
v 25.00000000 33.00000000 46.37837982
v 25.00000000 34.00000000 35.44288254
v 25.00000000 34.00000000 46.42233276
v 25.00000000 35.00000000 35.27921677
v 25.00000000 35.00000000 46.43921280
v 25.00000000 36.00000000 35.26750565
v 25.00000000 36.00000000 46.42914200
v 25.00000000 37.00000000 35.41612625
v 25.00000000 37.00000000 46.41578674
v 25.00000000 38.00000000 35.67948914
v 25.00000000 38.00000000 46.37017441
v 25.00000000 39.00000000 35.97243118
v 25.00000000 39.00000000 46.26362991
v 25.00000000 39.07743454 36.00000000
v 25.00000000 40.00000000 36.31204987
v 25.00000000 40.00000000 46.12141418
v 25.00000000 41.00000000 36.69169617
v 25.00000000 41.00000000 45.69924927
v 25.00000000 40.43602753 46.00000000
v 25.00000000 41.55426407 37.00000000
v 25.00000000 42.00000000 37.35262680
v 25.00000000 42.00000000 44.15373611
v 25.00000000 41.52066422 45.00000000
v 25.00000000 42.47320175 38.00000000
v 25.00000000 42.74335861 39.00000000
v 25.00000000 42.73329544 40.00000000
v 25.00000000 42.65566635 41.00000000
v 25.00000000 42.54899216 42.00000000
v 25.00000000 42.36718369 43.00000000
v 25.00000000 42.06689453 44.00000000
v 26.00000000 20.71632576 18.00000000
v 26.00000000 21.00000000 17.59237099
v 26.00000000 20.46338081 19.00000000
v 26.00000000 20.39715958 20.00000000
v 26.00000000 20.37714577 21.00000000
v 26.00000000 20.36845207 22.00000000
v 26.00000000 20.37431335 23.00000000
v 26.00000000 20.38936424 24.00000000
v 26.00000000 20.40329742 25.00000000
v 26.00000000 20.41871262 26.00000000
v 26.00000000 20.43398857 27.00000000
v 26.00000000 20.44570541 28.00000000
v 26.00000000 20.44850540 29.00000000
v 26.00000000 20.46220779 30.00000000
v 26.00000000 20.48996544 31.00000000
v 26.00000000 20.51653481 32.00000000
v 26.00000000 20.53329277 33.00000000
v 26.00000000 20.53574562 34.00000000
v 26.00000000 20.52952957 35.00000000
v 26.00000000 20.52166939 36.00000000
v 26.00000000 20.51670456 37.00000000
v 26.00000000 20.50824738 38.00000000
v 26.00000000 20.50058556 39.00000000
v 26.00000000 20.50197983 40.00000000
v 26.00000000 20.51255226 41.00000000
v 26.00000000 20.52305031 42.00000000
v 26.00000000 20.53034592 43.00000000
v 26.00000000 20.54268456 44.00000000
v 26.00000000 20.64761734 45.00000000
v 26.00000000 21.00000000 45.81698227
v 26.00000000 22.00000000 17.20761681
v 26.00000000 21.59222031 46.00000000
v 26.00000000 22.00000000 46.05160141
v 26.00000000 23.00000000 17.18786812
v 26.00000000 23.00000000 46.03065872
v 26.00000000 24.00000000 17.15073586
v 26.00000000 24.00000000 46.02067566
v 26.00000000 25.00000000 17.11093712
v 26.00000000 25.00000000 46.01490021
v 26.00000000 26.00000000 17.05657005
v 26.00000000 26.00000000 46.07006454
v 26.00000000 26.69104958 17.00000000
v 26.00000000 27.00000000 16.97614288
v 26.00000000 27.00000000 46.13237000
v 26.00000000 28.00000000 16.83281708
v 26.00000000 28.00000000 46.15819550
v 26.00000000 29.00000000 16.61104584
v 26.00000000 29.00000000 46.17948151
v 26.00000000 30.00000000 16.44068336
v 26.00000000 30.00000000 46.20288467
v 26.00000000 31.00000000 16.81111717
v 26.00000000 31.00000000 46.27027512
v 26.00000000 31.12737083 17.00000000
v 26.00000000 31.36495590 18.00000000
v 26.00000000 31.40617561 19.00000000
v 26.00000000 31.40130806 20.00000000
v 26.00000000 31.36952019 21.00000000
v 26.00000000 31.31473351 22.00000000
v 26.00000000 31.25900650 23.00000000
v 26.00000000 31.21404648 24.00000000
v 26.00000000 31.16559029 25.00000000
v 26.00000000 31.13555336 26.00000000
v 26.00000000 31.11452103 27.00000000
v 26.00000000 31.10288620 28.00000000
v 26.00000000 31.08464622 29.00000000
v 26.00000000 31.06897736 30.00000000
v 26.00000000 31.07409668 31.00000000
v 26.00000000 31.07372284 32.00000000
v 26.00000000 31.09741211 33.00000000
v 26.00000000 31.29389191 34.00000000
v 26.00000000 31.62176132 35.00000000
v 26.00000000 32.00000000 35.54464340
v 26.00000000 32.00000000 46.33319473
v 26.00000000 33.00000000 35.68623734
v 26.00000000 33.00000000 46.38581467
v 26.00000000 34.00000000 35.47145081
v 26.00000000 34.00000000 46.42544174
v 26.00000000 35.00000000 35.30678177
v 26.00000000 35.00000000 46.44242477
v 26.00000000 36.00000000 35.28316116
v 26.00000000 36.00000000 46.43286896
v 26.00000000 37.00000000 35.42181015
v 26.00000000 37.00000000 46.41589737
v 26.00000000 38.00000000 35.67936325
v 26.00000000 38.00000000 46.36749268
v 26.00000000 39.00000000 35.96663666
v 26.00000000 39.00000000 46.25598145
v 26.00000000 39.09566116 36.00000000
v 26.00000000 40.00000000 36.30023575
v 26.00000000 40.00000000 46.11357117
v 26.00000000 41.00000000 36.67151642
v 26.00000000 41.00000000 45.68440247
v 26.00000000 40.40598679 46.00000000
v 26.00000000 41.59033966 37.00000000
v 26.00000000 42.00000000 37.32901001
v 26.00000000 42.00000000 44.13616180
v 26.00000000 41.51029968 45.00000000
v 26.00000000 42.48066330 38.00000000
v 26.00000000 42.74518204 39.00000000
v 26.00000000 42.73397446 40.00000000
v 26.00000000 42.65428162 41.00000000
v 26.00000000 42.54724884 42.00000000
v 26.00000000 42.36365128 43.00000000
v 26.00000000 42.05989838 44.00000000
v 27.00000000 20.70937157 18.00000000
v 27.00000000 21.00000000 17.57761955
v 27.00000000 20.45776749 19.00000000
v 27.00000000 20.39298058 20.00000000
v 27.00000000 20.37321663 21.00000000
v 27.00000000 20.36746979 22.00000000
v 27.00000000 20.37493896 23.00000000
v 27.00000000 20.39036751 24.00000000
v 27.00000000 20.40398407 25.00000000
v 27.00000000 20.41729736 26.00000000
v 27.00000000 20.43373299 27.00000000
v 27.00000000 20.44581795 28.00000000
v 27.00000000 20.45082855 29.00000000
v 27.00000000 20.46407127 30.00000000
v 27.00000000 20.49217987 31.00000000
v 27.00000000 20.51859283 32.00000000
v 27.00000000 20.53524399 33.00000000
v 27.00000000 20.53853416 34.00000000
v 27.00000000 20.53191566 35.00000000
v 27.00000000 20.52413559 36.00000000
v 27.00000000 20.51898575 37.00000000
v 27.00000000 20.51082039 38.00000000
v 27.00000000 20.50397682 39.00000000
v 27.00000000 20.50519753 40.00000000
v 27.00000000 20.51468468 41.00000000
v 27.00000000 20.52266502 42.00000000
v 27.00000000 20.53019714 43.00000000
v 27.00000000 20.54590034 44.00000000
v 27.00000000 20.65071487 45.00000000
v 27.00000000 21.00000000 45.82071686
v 27.00000000 22.00000000 17.19532394
v 27.00000000 21.55932426 46.00000000
v 27.00000000 22.00000000 46.05739212
v 27.00000000 23.00000000 17.17789078
v 27.00000000 23.00000000 46.03855896
v 27.00000000 24.00000000 17.14631844
v 27.00000000 24.00000000 46.02507782
v 27.00000000 25.00000000 17.10570335
v 27.00000000 25.00000000 46.02143860
v 27.00000000 26.00000000 17.05290604
v 27.00000000 26.00000000 46.07876968
v 27.00000000 26.64304161 17.00000000
v 27.00000000 27.00000000 16.97220421
v 27.00000000 27.00000000 46.14054108
v 27.00000000 28.00000000 16.82855797
v 27.00000000 28.00000000 46.16682816
v 27.00000000 29.00000000 16.60758209
v 27.00000000 29.00000000 46.18960953
v 27.00000000 30.00000000 16.43215561
v 27.00000000 30.00000000 46.21263504
v 27.00000000 31.00000000 16.79847908
v 27.00000000 31.00000000 46.27814865
v 27.00000000 31.13475037 17.00000000
v 27.00000000 31.36683083 18.00000000
v 27.00000000 31.40702248 19.00000000
v 27.00000000 31.39942551 20.00000000
v 27.00000000 31.36447144 21.00000000
v 27.00000000 31.30828094 22.00000000
v 27.00000000 31.25237465 23.00000000
v 27.00000000 31.20456123 24.00000000
v 27.00000000 31.15677643 25.00000000
v 27.00000000 31.12631989 26.00000000
v 27.00000000 31.11221123 27.00000000
v 27.00000000 31.10025406 28.00000000
v 27.00000000 31.08259010 29.00000000
v 27.00000000 31.06771088 30.00000000
v 27.00000000 31.07054901 31.00000000
v 27.00000000 31.07018661 32.00000000
v 27.00000000 31.09445572 33.00000000
v 27.00000000 31.28533745 34.00000000
v 27.00000000 31.62563705 35.00000000
v 27.00000000 32.00000000 35.53732300
v 27.00000000 32.00000000 46.34304810
v 27.00000000 33.00000000 35.69430161
v 27.00000000 33.00000000 46.39153290
v 27.00000000 34.00000000 35.49853897
v 27.00000000 34.00000000 46.42606354
v 27.00000000 35.00000000 35.32958221
v 27.00000000 35.00000000 46.44354630
v 27.00000000 36.00000000 35.29436493
v 27.00000000 36.00000000 46.43549728
v 27.00000000 37.00000000 35.42206192
v 27.00000000 37.00000000 46.41318130
v 27.00000000 38.00000000 35.68194199
v 27.00000000 38.00000000 46.36474609
v 27.00000000 39.00000000 35.96158600
v 27.00000000 39.00000000 46.24688339
v 27.00000000 39.11529541 36.00000000
v 27.00000000 40.00000000 36.28340530
v 27.00000000 40.00000000 46.10354233
v 27.00000000 41.00000000 36.65393066
v 27.00000000 41.00000000 45.67076492
v 27.00000000 40.37187576 46.00000000
v 27.00000000 41.61629105 37.00000000
v 27.00000000 42.00000000 37.31325531
v 27.00000000 42.00000000 44.12260818
v 27.00000000 41.50210190 45.00000000
v 27.00000000 42.48595810 38.00000000
v 27.00000000 42.74604797 39.00000000
v 27.00000000 42.73437119 40.00000000
v 27.00000000 42.65212631 41.00000000
v 27.00000000 42.54524612 42.00000000
v 27.00000000 42.36132431 43.00000000
v 27.00000000 42.05434799 44.00000000
v 28.00000000 20.70356369 18.00000000
v 28.00000000 21.00000000 17.56458282
v 28.00000000 20.45305634 19.00000000
v 28.00000000 20.38933945 20.00000000
v 28.00000000 20.37138939 21.00000000
v 28.00000000 20.36758423 22.00000000
v 28.00000000 20.37639809 23.00000000
v 28.00000000 20.38962555 24.00000000
v 28.00000000 20.40424347 25.00000000
v 28.00000000 20.41646957 26.00000000
v 28.00000000 20.43241119 27.00000000
v 28.00000000 20.44582748 28.00000000
v 28.00000000 20.45244789 29.00000000
v 28.00000000 20.46672058 30.00000000
v 28.00000000 20.49427414 31.00000000
v 28.00000000 20.52017212 32.00000000
v 28.00000000 20.53709412 33.00000000
v 28.00000000 20.54136658 34.00000000
v 28.00000000 20.53552818 35.00000000
v 28.00000000 20.52624702 36.00000000
v 28.00000000 20.52190971 37.00000000
v 28.00000000 20.51446915 38.00000000
v 28.00000000 20.50776672 39.00000000
v 28.00000000 20.50897026 40.00000000
v 28.00000000 20.51668167 41.00000000
v 28.00000000 20.52207947 42.00000000
v 28.00000000 20.52884865 43.00000000
v 28.00000000 20.54738808 44.00000000
v 28.00000000 20.65383148 45.00000000
v 28.00000000 21.00000000 45.82119370
v 28.00000000 22.00000000 17.18605995
v 28.00000000 21.53877449 46.00000000
v 28.00000000 22.00000000 46.06172562
v 28.00000000 23.00000000 17.16961098
v 28.00000000 23.00000000 46.04489136
v 28.00000000 24.00000000 17.14278412
v 28.00000000 24.00000000 46.02834702
v 28.00000000 25.00000000 17.09967613
v 28.00000000 25.00000000 46.02938843
v 28.00000000 26.00000000 17.04936218
v 28.00000000 26.00000000 46.08673477
v 28.00000000 26.58279037 17.00000000
v 28.00000000 27.00000000 16.96646309
v 28.00000000 27.00000000 46.14719009
v 28.00000000 28.00000000 16.82435036
v 28.00000000 28.00000000 46.17353439
v 28.00000000 29.00000000 16.60626030
v 28.00000000 29.00000000 46.19702911
v 28.00000000 30.00000000 16.42767525
v 28.00000000 30.00000000 46.22064972
v 28.00000000 31.00000000 16.79323387
v 28.00000000 31.00000000 46.28486252
v 28.00000000 31.13669205 17.00000000
v 28.00000000 31.36664200 18.00000000
v 28.00000000 31.40470123 19.00000000
v 28.00000000 31.39707947 20.00000000
v 28.00000000 31.35988235 21.00000000
v 28.00000000 31.30173492 22.00000000
v 28.00000000 31.24622154 23.00000000
v 28.00000000 31.19599915 24.00000000
v 28.00000000 31.14814186 25.00000000
v 28.00000000 31.12296867 26.00000000
v 28.00000000 31.10987473 27.00000000
v 28.00000000 31.09733963 28.00000000
v 28.00000000 31.08071518 29.00000000
v 28.00000000 31.06730652 30.00000000
v 28.00000000 31.06662560 31.00000000
v 28.00000000 31.06679344 32.00000000
v 28.00000000 31.08742905 33.00000000
v 28.00000000 31.27564049 34.00000000
v 28.00000000 31.62930870 35.00000000
v 28.00000000 32.00000000 35.53107834
v 28.00000000 32.00000000 46.35007858
v 28.00000000 33.00000000 35.70495224
v 28.00000000 33.00000000 46.39778900
v 28.00000000 34.00000000 35.52489471
v 28.00000000 34.00000000 46.42644882
v 28.00000000 35.00000000 35.34903336
v 28.00000000 35.00000000 46.44451141
v 28.00000000 36.00000000 35.30528641
v 28.00000000 36.00000000 46.43568039
v 28.00000000 37.00000000 35.42289352
v 28.00000000 37.00000000 46.41033173
v 28.00000000 38.00000000 35.68751526
v 28.00000000 38.00000000 46.36077881
v 28.00000000 39.00000000 35.95589447
v 28.00000000 39.00000000 46.23888016
v 28.00000000 39.13663483 36.00000000
v 28.00000000 40.00000000 36.27059937
v 28.00000000 40.00000000 46.09289169
v 28.00000000 41.00000000 36.63799667
v 28.00000000 41.00000000 45.65826797
v 28.00000000 40.33697128 46.00000000
v 28.00000000 41.63718796 37.00000000
v 28.00000000 42.00000000 37.29999542
v 28.00000000 42.00000000 44.11198425
v 28.00000000 41.49727631 45.00000000
v 28.00000000 42.48990250 38.00000000
v 28.00000000 42.74608994 39.00000000
v 28.00000000 42.73276138 40.00000000
v 28.00000000 42.64950562 41.00000000
v 28.00000000 42.54335403 42.00000000
v 28.00000000 42.35901260 43.00000000
v 28.00000000 42.04953766 44.00000000
v 29.00000000 20.70029259 18.00000000
v 29.00000000 21.00000000 17.55904388
v 29.00000000 20.44999313 19.00000000
v 29.00000000 20.38722610 20.00000000
v 29.00000000 20.36985016 21.00000000
v 29.00000000 20.36754608 22.00000000
v 29.00000000 20.37780952 23.00000000
v 29.00000000 20.38911629 24.00000000
v 29.00000000 20.40216064 25.00000000
v 29.00000000 20.41600990 26.00000000
v 29.00000000 20.43218422 27.00000000
v 29.00000000 20.44621086 28.00000000
v 29.00000000 20.45399094 29.00000000
v 29.00000000 20.46994209 30.00000000
v 29.00000000 20.49619675 31.00000000
v 29.00000000 20.52060318 32.00000000
v 29.00000000 20.53849030 33.00000000
v 29.00000000 20.54355621 34.00000000
v 29.00000000 20.54015350 35.00000000
v 29.00000000 20.52855682 36.00000000
v 29.00000000 20.52365112 37.00000000
v 29.00000000 20.51813889 38.00000000
v 29.00000000 20.51198769 39.00000000
v 29.00000000 20.51288986 40.00000000
v 29.00000000 20.51870155 41.00000000
v 29.00000000 20.52236557 42.00000000
v 29.00000000 20.52762794 43.00000000
v 29.00000000 20.54606819 44.00000000
v 29.00000000 20.65571213 45.00000000
v 29.00000000 21.00000000 45.82173157
v 29.00000000 22.00000000 17.17864037
v 29.00000000 21.51973343 46.00000000
v 29.00000000 22.00000000 46.06598663
v 29.00000000 23.00000000 17.16072464
v 29.00000000 23.00000000 46.05046082
v 29.00000000 24.00000000 17.13956070
v 29.00000000 24.00000000 46.03172684
v 29.00000000 25.00000000 17.09396935
v 29.00000000 25.00000000 46.03809357
v 29.00000000 26.00000000 17.04351044
v 29.00000000 26.00000000 46.09421539
v 29.00000000 26.51142883 17.00000000
v 29.00000000 27.00000000 16.96069717
v 29.00000000 27.00000000 46.15300369
v 29.00000000 28.00000000 16.82089615
v 29.00000000 28.00000000 46.17854691
v 29.00000000 29.00000000 16.60436440
v 29.00000000 29.00000000 46.20378876
v 29.00000000 30.00000000 16.42548370
v 29.00000000 30.00000000 46.22927475
v 29.00000000 31.00000000 16.79202080
v 29.00000000 31.00000000 46.29081345
v 29.00000000 31.13667297 17.00000000
v 29.00000000 31.36442566 18.00000000
v 29.00000000 31.40139580 19.00000000
v 29.00000000 31.39271164 20.00000000
v 29.00000000 31.35626984 21.00000000
v 29.00000000 31.29578400 22.00000000
v 29.00000000 31.24011803 23.00000000
v 29.00000000 31.18939209 24.00000000
v 29.00000000 31.13933563 25.00000000
v 29.00000000 31.12093925 26.00000000
v 29.00000000 31.10736084 27.00000000
v 29.00000000 31.09581566 28.00000000
v 29.00000000 31.07834053 29.00000000
v 29.00000000 31.06714058 30.00000000
v 29.00000000 31.06387711 31.00000000
v 29.00000000 31.06291771 32.00000000
v 29.00000000 31.07785606 33.00000000
v 29.00000000 31.26351738 34.00000000
v 29.00000000 31.62883377 35.00000000
v 29.00000000 32.00000000 35.52590561
v 29.00000000 32.00000000 46.35633850
v 29.00000000 33.00000000 35.71800232
v 29.00000000 33.00000000 46.40291214
v 29.00000000 34.00000000 35.54965973
v 29.00000000 34.00000000 46.42738724
v 29.00000000 35.00000000 35.36320114
v 29.00000000 35.00000000 46.44327927
v 29.00000000 36.00000000 35.31328201
v 29.00000000 36.00000000 46.43400574
v 29.00000000 37.00000000 35.42610931
v 29.00000000 37.00000000 46.40746307
v 29.00000000 38.00000000 35.69133759
v 29.00000000 38.00000000 46.35646820
v 29.00000000 39.00000000 35.94568634
v 29.00000000 39.00000000 46.23171616
v 29.00000000 39.17026138 36.00000000
v 29.00000000 40.00000000 36.26011276
v 29.00000000 40.00000000 46.08254242
v 29.00000000 41.00000000 36.62830353
v 29.00000000 41.00000000 45.64552307
v 29.00000000 40.30118942 46.00000000
v 29.00000000 41.65179062 37.00000000
v 29.00000000 42.00000000 37.28885651
v 29.00000000 42.00000000 44.10440445
v 29.00000000 41.49448013 45.00000000
v 29.00000000 42.49290085 38.00000000
v 29.00000000 42.74729919 39.00000000
v 29.00000000 42.73015213 40.00000000
v 29.00000000 42.64688110 41.00000000
v 29.00000000 42.54143906 42.00000000
v 29.00000000 42.35682678 43.00000000
v 29.00000000 42.04584503 44.00000000
v 30.00000000 20.69838905 18.00000000
v 30.00000000 21.00000000 17.55517769
v 30.00000000 20.44785500 19.00000000
v 30.00000000 20.38600731 20.00000000
v 30.00000000 20.36914062 21.00000000
v 30.00000000 20.36687851 22.00000000
v 30.00000000 20.37685394 23.00000000
v 30.00000000 20.38904381 24.00000000
v 30.00000000 20.39949417 25.00000000
v 30.00000000 20.41529274 26.00000000
v 30.00000000 20.43244171 27.00000000
v 30.00000000 20.44647408 28.00000000
v 30.00000000 20.45573235 29.00000000
v 30.00000000 20.47233963 30.00000000
v 30.00000000 20.49736214 31.00000000
v 30.00000000 20.52069855 32.00000000
v 30.00000000 20.53991890 33.00000000
v 30.00000000 20.54561043 34.00000000
v 30.00000000 20.54248428 35.00000000
v 30.00000000 20.53133392 36.00000000
v 30.00000000 20.52560425 37.00000000
v 30.00000000 20.52206230 38.00000000
v 30.00000000 20.51642036 39.00000000
v 30.00000000 20.51756859 40.00000000
v 30.00000000 20.52068710 41.00000000
v 30.00000000 20.52188492 42.00000000
v 30.00000000 20.52657509 43.00000000
v 30.00000000 20.54471588 44.00000000
v 30.00000000 20.65536499 45.00000000
v 30.00000000 21.00000000 45.82590103
v 30.00000000 22.00000000 17.17260742
v 30.00000000 21.49455833 46.00000000
v 30.00000000 22.00000000 46.07093430
v 30.00000000 23.00000000 17.15287971
v 30.00000000 23.00000000 46.05558777
v 30.00000000 24.00000000 17.13719749
v 30.00000000 24.00000000 46.03642273
v 30.00000000 25.00000000 17.09183693
v 30.00000000 25.00000000 46.04605865
v 30.00000000 26.00000000 17.03709030
v 30.00000000 26.00000000 46.10080338
v 30.00000000 26.43303680 17.00000000
v 30.00000000 27.00000000 16.95427704
v 30.00000000 27.00000000 46.15671158
v 30.00000000 28.00000000 16.81664658
v 30.00000000 28.00000000 46.18062973
v 30.00000000 29.00000000 16.60558319
v 30.00000000 29.00000000 46.21030807
v 30.00000000 30.00000000 16.42859077
v 30.00000000 30.00000000 46.23748016
v 30.00000000 31.00000000 16.79350471
v 30.00000000 31.00000000 46.29907990
v 30.00000000 31.13555527 17.00000000
v 30.00000000 31.36146736 18.00000000
v 30.00000000 31.39695549 19.00000000
v 30.00000000 31.38767052 20.00000000
v 30.00000000 31.35229683 21.00000000
v 30.00000000 31.29011726 22.00000000
v 30.00000000 31.23407173 23.00000000
v 30.00000000 31.18379402 24.00000000
v 30.00000000 31.13533783 25.00000000
v 30.00000000 31.11945724 26.00000000
v 30.00000000 31.10466003 27.00000000
v 30.00000000 31.09452438 28.00000000
v 30.00000000 31.07669258 29.00000000
v 30.00000000 31.06706429 30.00000000
v 30.00000000 31.06081581 31.00000000
v 30.00000000 31.05600929 32.00000000
v 30.00000000 31.06863976 33.00000000
v 30.00000000 31.25282478 34.00000000
v 30.00000000 31.62218666 35.00000000
v 30.00000000 32.00000000 35.52512741
v 30.00000000 32.00000000 46.36214828
v 30.00000000 33.00000000 35.73208618
v 30.00000000 33.00000000 46.40924835
v 30.00000000 34.00000000 35.56875992
v 30.00000000 34.00000000 46.42784119
v 30.00000000 35.00000000 35.37831116
v 30.00000000 35.00000000 46.44034195
v 30.00000000 36.00000000 35.32082367
v 30.00000000 36.00000000 46.43065643
v 30.00000000 37.00000000 35.42943954
v 30.00000000 37.00000000 46.40496445
v 30.00000000 38.00000000 35.68621063
v 30.00000000 38.00000000 46.35250473
v 30.00000000 39.00000000 35.93595123
v 30.00000000 39.00000000 46.22564316
v 30.00000000 39.19844055 36.00000000
v 30.00000000 40.00000000 36.25408936
v 30.00000000 40.00000000 46.07352066
v 30.00000000 41.00000000 36.62503052
v 30.00000000 41.00000000 45.63410950
v 30.00000000 40.26989746 46.00000000
v 30.00000000 41.66231918 37.00000000
v 30.00000000 42.00000000 37.27787399
v 30.00000000 42.00000000 44.10739517
v 30.00000000 41.49200439 45.00000000
v 30.00000000 42.49457550 38.00000000
v 30.00000000 42.74699783 39.00000000
v 30.00000000 42.72761536 40.00000000
v 30.00000000 42.64411926 41.00000000
v 30.00000000 42.53953934 42.00000000
v 30.00000000 42.35499954 43.00000000
v 30.00000000 42.04704285 44.00000000
v 31.00000000 20.69816589 18.00000000
v 31.00000000 21.00000000 17.55398560
v 31.00000000 20.44668388 19.00000000
v 31.00000000 20.38593674 20.00000000
v 31.00000000 20.36811638 21.00000000
v 31.00000000 20.36561775 22.00000000
v 31.00000000 20.37535477 23.00000000
v 31.00000000 20.38802719 24.00000000
v 31.00000000 20.39740562 25.00000000
v 31.00000000 20.41378021 26.00000000
v 31.00000000 20.43203735 27.00000000
v 31.00000000 20.44724083 28.00000000
v 31.00000000 20.45782280 29.00000000
v 31.00000000 20.47513580 30.00000000
v 31.00000000 20.49838066 31.00000000
v 31.00000000 20.52077293 32.00000000
v 31.00000000 20.53980255 33.00000000
v 31.00000000 20.54685402 34.00000000
v 31.00000000 20.54417801 35.00000000
v 31.00000000 20.53518295 36.00000000
v 31.00000000 20.52949524 37.00000000
v 31.00000000 20.52613258 38.00000000
v 31.00000000 20.52152061 39.00000000
v 31.00000000 20.52271461 40.00000000
v 31.00000000 20.52209663 41.00000000
v 31.00000000 20.52106857 42.00000000
v 31.00000000 20.52591896 43.00000000
v 31.00000000 20.54342461 44.00000000
v 31.00000000 20.65381622 45.00000000
v 31.00000000 21.00000000 45.83305359
v 31.00000000 22.00000000 17.16785812
v 31.00000000 21.46678734 46.00000000
v 31.00000000 22.00000000 46.07562637
v 31.00000000 23.00000000 17.14577293
v 31.00000000 23.00000000 46.05956268
v 31.00000000 24.00000000 17.13542938
v 31.00000000 24.00000000 46.04536438
v 31.00000000 25.00000000 17.09113503
v 31.00000000 25.00000000 46.05373001
v 31.00000000 26.00000000 17.03335762
v 31.00000000 26.00000000 46.10686874
v 31.00000000 26.38061714 17.00000000
v 31.00000000 27.00000000 16.94863510
v 31.00000000 27.00000000 46.15798950
v 31.00000000 28.00000000 16.81117058
v 31.00000000 28.00000000 46.18194199
v 31.00000000 29.00000000 16.60939598
v 31.00000000 29.00000000 46.21628189
v 31.00000000 30.00000000 16.43328476
v 31.00000000 30.00000000 46.24589539
v 31.00000000 31.00000000 16.79605675
v 31.00000000 31.00000000 46.30598068
v 31.00000000 31.13360405 17.00000000
v 31.00000000 31.35827827 18.00000000
v 31.00000000 31.39215088 19.00000000
v 31.00000000 31.38247108 20.00000000
v 31.00000000 31.34691429 21.00000000
v 31.00000000 31.28394699 22.00000000
v 31.00000000 31.22824097 23.00000000
v 31.00000000 31.17896843 24.00000000
v 31.00000000 31.13546371 25.00000000
v 31.00000000 31.11883736 26.00000000
v 31.00000000 31.10215759 27.00000000
v 31.00000000 31.09296989 28.00000000
v 31.00000000 31.07637405 29.00000000
v 31.00000000 31.06771088 30.00000000
v 31.00000000 31.05686951 31.00000000
v 31.00000000 31.04895020 32.00000000
v 31.00000000 31.06040382 33.00000000
v 31.00000000 31.24222183 34.00000000
v 31.00000000 31.61210823 35.00000000
v 31.00000000 32.00000000 35.53112030
v 31.00000000 32.00000000 46.36754608
v 31.00000000 33.00000000 35.74869156
v 31.00000000 33.00000000 46.41402435
v 31.00000000 34.00000000 35.58492279
v 31.00000000 34.00000000 46.42696762
v 31.00000000 35.00000000 35.39393616
v 31.00000000 35.00000000 46.43590546
v 31.00000000 36.00000000 35.33003235
v 31.00000000 36.00000000 46.42848587
v 31.00000000 37.00000000 35.43181229
v 31.00000000 37.00000000 46.40368271
v 31.00000000 38.00000000 35.67623901
v 31.00000000 38.00000000 46.34838486
v 31.00000000 39.00000000 35.92698288
v 31.00000000 39.00000000 46.22132111
v 31.00000000 39.22278976 36.00000000
v 31.00000000 40.00000000 36.25087738
v 31.00000000 40.00000000 46.06568909
v 31.00000000 41.00000000 36.62183762
v 31.00000000 41.00000000 45.62335587
v 31.00000000 40.24189758 46.00000000
v 31.00000000 41.67144394 37.00000000
v 31.00000000 42.00000000 37.27046204
v 31.00000000 42.00000000 44.11496353
v 31.00000000 41.48968506 45.00000000
v 31.00000000 42.49505615 38.00000000
v 31.00000000 42.74662781 39.00000000
v 31.00000000 42.72557831 40.00000000
v 31.00000000 42.64142609 41.00000000
v 31.00000000 42.53725433 42.00000000
v 31.00000000 42.35426712 43.00000000
v 31.00000000 42.05051041 44.00000000
v 32.00000000 20.69936943 18.00000000
v 32.00000000 21.00000000 17.55628014
v 32.00000000 20.44707870 19.00000000
v 32.00000000 20.38662148 20.00000000
v 32.00000000 20.36765480 21.00000000
v 32.00000000 20.36224556 22.00000000
v 32.00000000 20.37315178 23.00000000
v 32.00000000 20.38627815 24.00000000
v 32.00000000 20.39648056 25.00000000
v 32.00000000 20.41142273 26.00000000
v 32.00000000 20.43150139 27.00000000
v 32.00000000 20.44779968 28.00000000
v 32.00000000 20.45870399 29.00000000
v 32.00000000 20.47743416 30.00000000
v 32.00000000 20.49861717 31.00000000
v 32.00000000 20.52009392 32.00000000
v 32.00000000 20.53862762 33.00000000
v 32.00000000 20.54739380 34.00000000
v 32.00000000 20.54608727 35.00000000
v 32.00000000 20.53764153 36.00000000
v 32.00000000 20.53410149 37.00000000
v 32.00000000 20.53075600 38.00000000
v 32.00000000 20.52754211 39.00000000
v 32.00000000 20.52663231 40.00000000
v 32.00000000 20.52285576 41.00000000
v 32.00000000 20.52062607 42.00000000
v 32.00000000 20.52544212 43.00000000
v 32.00000000 20.54290581 44.00000000
v 32.00000000 20.65258789 45.00000000
v 32.00000000 21.00000000 45.84092331
v 32.00000000 22.00000000 17.16327286
v 32.00000000 21.44164085 46.00000000
v 32.00000000 22.00000000 46.07933426
v 32.00000000 23.00000000 17.13863182
v 32.00000000 23.00000000 46.06489563
v 32.00000000 24.00000000 17.13367271
v 32.00000000 24.00000000 46.05552292
v 32.00000000 25.00000000 17.09066391
v 32.00000000 25.00000000 46.06152344
v 32.00000000 26.00000000 17.03038979
v 32.00000000 26.00000000 46.10941315
v 32.00000000 26.33902740 17.00000000
v 32.00000000 27.00000000 16.94361305
v 32.00000000 27.00000000 46.15884018
v 32.00000000 28.00000000 16.80786896
v 32.00000000 28.00000000 46.18298340
v 32.00000000 29.00000000 16.61483192
v 32.00000000 29.00000000 46.22102356
v 32.00000000 30.00000000 16.44145393
v 32.00000000 30.00000000 46.25338745
v 32.00000000 31.00000000 16.79969597
v 32.00000000 31.00000000 46.31301117
v 32.00000000 31.13103294 17.00000000
v 32.00000000 31.35465813 18.00000000
v 32.00000000 31.38710594 19.00000000
v 32.00000000 31.37726784 20.00000000
v 32.00000000 31.34095383 21.00000000
v 32.00000000 31.27779961 22.00000000
v 32.00000000 31.22449112 23.00000000
v 32.00000000 31.17447662 24.00000000
v 32.00000000 31.13631439 25.00000000
v 32.00000000 31.11980438 26.00000000
v 32.00000000 31.10081673 27.00000000
v 32.00000000 31.09096336 28.00000000
v 32.00000000 31.07656479 29.00000000
v 32.00000000 31.06817055 30.00000000
v 32.00000000 31.05436134 31.00000000
v 32.00000000 31.04352951 32.00000000
v 32.00000000 31.05307961 33.00000000
v 32.00000000 31.22944450 34.00000000
v 32.00000000 31.60294914 35.00000000
v 32.00000000 32.00000000 35.53464890
v 32.00000000 32.00000000 46.37273788
v 32.00000000 33.00000000 35.76089859
v 32.00000000 33.00000000 46.41571426
v 32.00000000 34.00000000 35.60074234
v 32.00000000 34.00000000 46.42467117
v 32.00000000 35.00000000 35.41126633
v 32.00000000 35.00000000 46.43192291
v 32.00000000 36.00000000 35.33820343
v 32.00000000 36.00000000 46.42613220
v 32.00000000 37.00000000 35.43073654
v 32.00000000 37.00000000 46.40202332
v 32.00000000 38.00000000 35.66599274
v 32.00000000 38.00000000 46.34412003
v 32.00000000 39.00000000 35.92257690
v 32.00000000 39.00000000 46.21724319
v 32.00000000 39.23790741 36.00000000
v 32.00000000 40.00000000 36.24695969
v 32.00000000 40.00000000 46.05832672
v 32.00000000 41.00000000 36.62305832
v 32.00000000 41.00000000 45.61464691
v 32.00000000 40.21468735 46.00000000
v 32.00000000 41.66799164 37.00000000
v 32.00000000 42.00000000 37.27329636
v 32.00000000 42.00000000 44.12421417
v 32.00000000 41.48924637 45.00000000
v 32.00000000 42.49336624 38.00000000
v 32.00000000 42.74559021 39.00000000
v 32.00000000 42.72391129 40.00000000
v 32.00000000 42.63902664 41.00000000
v 32.00000000 42.53504562 42.00000000
v 32.00000000 42.35575867 43.00000000
v 32.00000000 42.05500031 44.00000000
v 33.00000000 20.70026588 18.00000000
v 33.00000000 21.00000000 17.55887413
v 33.00000000 20.44788170 19.00000000
v 33.00000000 20.38661385 20.00000000
v 33.00000000 20.36776924 21.00000000
v 33.00000000 20.35956573 22.00000000
v 33.00000000 20.36987305 23.00000000
v 33.00000000 20.38422585 24.00000000
v 33.00000000 20.39532661 25.00000000
v 33.00000000 20.41025352 26.00000000
v 33.00000000 20.43153381 27.00000000
v 33.00000000 20.44881248 28.00000000
v 33.00000000 20.45923996 29.00000000
v 33.00000000 20.47765350 30.00000000
v 33.00000000 20.49863243 31.00000000
v 33.00000000 20.51885223 32.00000000
v 33.00000000 20.53857040 33.00000000
v 33.00000000 20.54683304 34.00000000
v 33.00000000 20.54737663 35.00000000
v 33.00000000 20.54064178 36.00000000
v 33.00000000 20.53774643 37.00000000
v 33.00000000 20.53657913 38.00000000
v 33.00000000 20.53446579 39.00000000
v 33.00000000 20.53125572 40.00000000
v 33.00000000 20.52453995 41.00000000
v 33.00000000 20.52135086 42.00000000
v 33.00000000 20.52578163 43.00000000
v 33.00000000 20.54301834 44.00000000
v 33.00000000 20.65138626 45.00000000
v 33.00000000 21.00000000 45.84900284
v 33.00000000 22.00000000 17.16043854
v 33.00000000 21.41787148 46.00000000
v 33.00000000 22.00000000 46.08266449
v 33.00000000 23.00000000 17.13176727
v 33.00000000 23.00000000 46.07080460
v 33.00000000 24.00000000 17.13134956
v 33.00000000 24.00000000 46.06524277
v 33.00000000 25.00000000 17.08599663
v 33.00000000 25.00000000 46.06672668
v 33.00000000 26.00000000 17.02886009
v 33.00000000 26.00000000 46.11099243
v 33.00000000 26.30380058 17.00000000
v 33.00000000 27.00000000 16.93697357
v 33.00000000 27.00000000 46.15908813
v 33.00000000 28.00000000 16.80555153
v 33.00000000 28.00000000 46.18402863
v 33.00000000 29.00000000 16.61981773
v 33.00000000 29.00000000 46.22454071
v 33.00000000 30.00000000 16.44972992
v 33.00000000 30.00000000 46.26092911
v 33.00000000 31.00000000 16.80429077
v 33.00000000 31.00000000 46.31895447
v 33.00000000 31.12797546 17.00000000
v 33.00000000 31.35043716 18.00000000
v 33.00000000 31.38157272 19.00000000
v 33.00000000 31.37191582 20.00000000
v 33.00000000 31.33479500 21.00000000
v 33.00000000 31.27267647 22.00000000
v 33.00000000 31.22016144 23.00000000
v 33.00000000 31.17336082 24.00000000
v 33.00000000 31.13661766 25.00000000
v 33.00000000 31.12070656 26.00000000
v 33.00000000 31.10169029 27.00000000
v 33.00000000 31.08921432 28.00000000
v 33.00000000 31.07604790 29.00000000
v 33.00000000 31.06811142 30.00000000
v 33.00000000 31.05213165 31.00000000
v 33.00000000 31.03996277 32.00000000
v 33.00000000 31.04581070 33.00000000
v 33.00000000 31.21682358 34.00000000
v 33.00000000 31.58922005 35.00000000
v 33.00000000 32.00000000 35.54841232
v 33.00000000 32.00000000 46.37582397
v 33.00000000 33.00000000 35.77460861
v 33.00000000 33.00000000 46.41546249
v 33.00000000 34.00000000 35.61341095
v 33.00000000 34.00000000 46.42167664
v 33.00000000 35.00000000 35.42687225
v 33.00000000 35.00000000 46.42809677
v 33.00000000 36.00000000 35.34584808
v 33.00000000 36.00000000 46.42375946
v 33.00000000 37.00000000 35.42411804
v 33.00000000 37.00000000 46.40094376
v 33.00000000 38.00000000 35.66175461
v 33.00000000 38.00000000 46.34112930
v 33.00000000 39.00000000 35.92274094
v 33.00000000 39.00000000 46.21311569
v 33.00000000 39.24180603 36.00000000
v 33.00000000 40.00000000 36.24223328
v 33.00000000 40.00000000 46.05141068
v 33.00000000 41.00000000 36.62457657
v 33.00000000 41.00000000 45.60948944
v 33.00000000 40.18995667 46.00000000
v 33.00000000 41.66221619 37.00000000
v 33.00000000 42.00000000 37.27749634
v 33.00000000 42.00000000 44.13363266
v 33.00000000 41.49084473 45.00000000
v 33.00000000 42.49241638 38.00000000
v 33.00000000 42.74406433 39.00000000
v 33.00000000 42.72201920 40.00000000
v 33.00000000 42.63791275 41.00000000
v 33.00000000 42.53424454 42.00000000
v 33.00000000 42.35885620 43.00000000
v 33.00000000 42.05958557 44.00000000
v 34.00000000 20.70121765 18.00000000
v 34.00000000 21.00000000 17.56159401
v 34.00000000 20.44840050 19.00000000
v 34.00000000 20.38682938 20.00000000
v 34.00000000 20.36635208 21.00000000
v 34.00000000 20.35797310 22.00000000
v 34.00000000 20.36750793 23.00000000
v 34.00000000 20.38113976 24.00000000
v 34.00000000 20.39400864 25.00000000
v 34.00000000 20.41028786 26.00000000
v 34.00000000 20.43194008 27.00000000
v 34.00000000 20.45003128 28.00000000
v 34.00000000 20.46155739 29.00000000
v 34.00000000 20.47787285 30.00000000
v 34.00000000 20.49828148 31.00000000
v 34.00000000 20.51805496 32.00000000
v 34.00000000 20.53741646 33.00000000
v 34.00000000 20.54598999 34.00000000
v 34.00000000 20.54771423 35.00000000
v 34.00000000 20.54417038 36.00000000
v 34.00000000 20.54200554 37.00000000
v 34.00000000 20.54259491 38.00000000
v 34.00000000 20.53946686 39.00000000
v 34.00000000 20.53447342 40.00000000
v 34.00000000 20.52704620 41.00000000
v 34.00000000 20.52242661 42.00000000
v 34.00000000 20.52641869 43.00000000
v 34.00000000 20.54298210 44.00000000
v 34.00000000 20.65019226 45.00000000
v 34.00000000 21.00000000 45.85552597
v 34.00000000 22.00000000 17.15781975
v 34.00000000 21.39715767 46.00000000
v 34.00000000 22.00000000 46.08618927
v 34.00000000 23.00000000 17.12306786
v 34.00000000 23.00000000 46.07608414
v 34.00000000 24.00000000 17.12650871
v 34.00000000 24.00000000 46.07310486
v 34.00000000 25.00000000 17.08145523
v 34.00000000 25.00000000 46.07002640
v 34.00000000 26.00000000 17.02783775
v 34.00000000 26.00000000 46.11172867
v 34.00000000 26.28001022 17.00000000
v 34.00000000 27.00000000 16.93213463
v 34.00000000 27.00000000 46.15943146
v 34.00000000 28.00000000 16.80365753
v 34.00000000 28.00000000 46.18617249
v 34.00000000 29.00000000 16.62357521
v 34.00000000 29.00000000 46.22757339
v 34.00000000 30.00000000 16.45853615
v 34.00000000 30.00000000 46.26795578
v 34.00000000 31.00000000 16.81009483
v 34.00000000 31.00000000 46.32255173
v 34.00000000 31.12422371 17.00000000
v 34.00000000 31.34548187 18.00000000
v 34.00000000 31.37590599 19.00000000
v 34.00000000 31.36558533 20.00000000
v 34.00000000 31.32847214 21.00000000
v 34.00000000 31.26771545 22.00000000
v 34.00000000 31.21696472 23.00000000
v 34.00000000 31.17139626 24.00000000
v 34.00000000 31.13678551 25.00000000
v 34.00000000 31.12104797 26.00000000
v 34.00000000 31.10305405 27.00000000
v 34.00000000 31.08779526 28.00000000
v 34.00000000 31.07536125 29.00000000
v 34.00000000 31.06736565 30.00000000
v 34.00000000 31.05116081 31.00000000
v 34.00000000 31.03730392 32.00000000
v 34.00000000 31.03664207 33.00000000
v 34.00000000 31.20443916 34.00000000
v 34.00000000 31.57399750 35.00000000
v 34.00000000 32.00000000 35.55768967
v 34.00000000 32.00000000 46.37659836
v 34.00000000 33.00000000 35.78182602
v 34.00000000 33.00000000 46.41360474
v 34.00000000 34.00000000 35.61885452
v 34.00000000 34.00000000 46.41939545
v 34.00000000 35.00000000 35.43812180
v 34.00000000 35.00000000 46.42477417
v 34.00000000 36.00000000 35.34067917
v 34.00000000 36.00000000 46.42232132
v 34.00000000 37.00000000 35.42104340
v 34.00000000 37.00000000 46.39950943
v 34.00000000 38.00000000 35.66263580
v 34.00000000 38.00000000 46.33811188
v 34.00000000 39.00000000 35.92543793
v 34.00000000 39.00000000 46.20885086
v 34.00000000 39.23536682 36.00000000
v 34.00000000 40.00000000 36.24136353
v 34.00000000 40.00000000 46.04631805
v 34.00000000 41.00000000 36.62681580
v 34.00000000 41.00000000 45.60811615
v 34.00000000 40.17295074 46.00000000
v 34.00000000 41.65590286 37.00000000
v 34.00000000 42.00000000 37.28133011
v 34.00000000 42.00000000 44.14228058
v 34.00000000 41.49357986 45.00000000
v 34.00000000 42.49043274 38.00000000
v 34.00000000 42.74176788 39.00000000
v 34.00000000 42.72121048 40.00000000
v 34.00000000 42.63657761 41.00000000
v 34.00000000 42.53484344 42.00000000
v 34.00000000 42.36265182 43.00000000
v 34.00000000 42.06368256 44.00000000
v 35.00000000 20.70235252 18.00000000
v 35.00000000 21.00000000 17.56328392
v 35.00000000 20.44899940 19.00000000
v 35.00000000 20.38655090 20.00000000
v 35.00000000 20.36500359 21.00000000
v 35.00000000 20.35591698 22.00000000
v 35.00000000 20.36488152 23.00000000
v 35.00000000 20.37919807 24.00000000
v 35.00000000 20.39273262 25.00000000
v 35.00000000 20.41026115 26.00000000
v 35.00000000 20.43264389 27.00000000
v 35.00000000 20.45038033 28.00000000
v 35.00000000 20.46380997 29.00000000
v 35.00000000 20.48005867 30.00000000
v 35.00000000 20.49827194 31.00000000
v 35.00000000 20.51843452 32.00000000
v 35.00000000 20.53661346 33.00000000
v 35.00000000 20.54492950 34.00000000
v 35.00000000 20.54620552 35.00000000
v 35.00000000 20.54712486 36.00000000
v 35.00000000 20.54611969 37.00000000
v 35.00000000 20.54677963 38.00000000
v 35.00000000 20.54366875 39.00000000
v 35.00000000 20.53699493 40.00000000
v 35.00000000 20.52991676 41.00000000
v 35.00000000 20.52390480 42.00000000
v 35.00000000 20.52755165 43.00000000
v 35.00000000 20.54292870 44.00000000
v 35.00000000 20.64888191 45.00000000
v 35.00000000 21.00000000 45.86000061
v 35.00000000 22.00000000 17.15409470
v 35.00000000 21.38326073 46.00000000
v 35.00000000 22.00000000 46.08869553
v 35.00000000 23.00000000 17.11546135
v 35.00000000 23.00000000 46.07968521
v 35.00000000 24.00000000 17.11970520
v 35.00000000 24.00000000 46.07629776
v 35.00000000 25.00000000 17.07674980
v 35.00000000 25.00000000 46.07357025
v 35.00000000 26.00000000 17.02550507
v 35.00000000 26.00000000 46.11132050
v 35.00000000 26.25460434 17.00000000
v 35.00000000 27.00000000 16.92946625
v 35.00000000 27.00000000 46.15963745
v 35.00000000 28.00000000 16.80135536
v 35.00000000 28.00000000 46.18783569
v 35.00000000 29.00000000 16.62656403
v 35.00000000 29.00000000 46.23026276
v 35.00000000 30.00000000 16.46744919
v 35.00000000 30.00000000 46.27273560
v 35.00000000 31.00000000 16.81611061
v 35.00000000 31.00000000 46.32465744
v 35.00000000 31.12037659 17.00000000
v 35.00000000 31.34029388 18.00000000
v 35.00000000 31.37028503 19.00000000
v 35.00000000 31.35889244 20.00000000
v 35.00000000 31.32209015 21.00000000
v 35.00000000 31.26325035 22.00000000
v 35.00000000 31.21463394 23.00000000
v 35.00000000 31.17143440 24.00000000
v 35.00000000 31.13559341 25.00000000
v 35.00000000 31.12203789 26.00000000
v 35.00000000 31.10391235 27.00000000
v 35.00000000 31.08914185 28.00000000
v 35.00000000 31.07435989 29.00000000
v 35.00000000 31.06686974 30.00000000
v 35.00000000 31.05076790 31.00000000
v 35.00000000 31.03371429 32.00000000
v 35.00000000 31.02831268 33.00000000
v 35.00000000 31.19327354 34.00000000
v 35.00000000 31.55794716 35.00000000
v 35.00000000 32.00000000 35.56801605
v 35.00000000 32.00000000 46.37516785
v 35.00000000 33.00000000 35.78717804
v 35.00000000 33.00000000 46.41018677
v 35.00000000 34.00000000 35.61881638
v 35.00000000 34.00000000 46.41575623
v 35.00000000 35.00000000 35.43531799
v 35.00000000 35.00000000 46.42197418
v 35.00000000 36.00000000 35.33421707
v 35.00000000 36.00000000 46.42143250
v 35.00000000 37.00000000 35.42421341
v 35.00000000 37.00000000 46.39750290
v 35.00000000 38.00000000 35.66495895
v 35.00000000 38.00000000 46.33465195
v 35.00000000 39.00000000 35.92816544
v 35.00000000 39.00000000 46.20394516
v 35.00000000 39.22950745 36.00000000
v 35.00000000 40.00000000 36.24003220
v 35.00000000 40.00000000 46.04393005
v 35.00000000 41.00000000 36.63013840
v 35.00000000 41.00000000 45.61042404
v 35.00000000 40.16696930 46.00000000
v 35.00000000 41.64848709 37.00000000
v 35.00000000 42.00000000 37.28561020
v 35.00000000 42.00000000 44.15069199
v 35.00000000 41.49617004 45.00000000
v 35.00000000 42.48790359 38.00000000
v 35.00000000 42.73954391 39.00000000
v 35.00000000 42.71995926 40.00000000
v 35.00000000 42.63585663 41.00000000
v 35.00000000 42.53848648 42.00000000
v 35.00000000 42.36635208 43.00000000
v 35.00000000 42.06769943 44.00000000
v 36.00000000 20.70333862 18.00000000
v 36.00000000 21.00000000 17.56305122
v 36.00000000 20.44989777 19.00000000
v 36.00000000 20.38628197 20.00000000
v 36.00000000 20.36434937 21.00000000
v 36.00000000 20.35492897 22.00000000
v 36.00000000 20.36304474 23.00000000
v 36.00000000 20.37802887 24.00000000
v 36.00000000 20.39209366 25.00000000
v 36.00000000 20.41089058 26.00000000
v 36.00000000 20.43435287 27.00000000
v 36.00000000 20.45224190 28.00000000
v 36.00000000 20.46684074 29.00000000
v 36.00000000 20.48348236 30.00000000
v 36.00000000 20.50086403 31.00000000
v 36.00000000 20.51851463 32.00000000
v 36.00000000 20.53665924 33.00000000
v 36.00000000 20.54280663 34.00000000
v 36.00000000 20.54507065 35.00000000
v 36.00000000 20.54898453 36.00000000
v 36.00000000 20.55030632 37.00000000
v 36.00000000 20.55054283 38.00000000
v 36.00000000 20.54582214 39.00000000
v 36.00000000 20.53932953 40.00000000
v 36.00000000 20.53210068 41.00000000
v 36.00000000 20.52636147 42.00000000
v 36.00000000 20.52952957 43.00000000
v 36.00000000 20.54318619 44.00000000
v 36.00000000 20.64711571 45.00000000
v 36.00000000 21.00000000 45.86877060
v 36.00000000 22.00000000 17.15045166
v 36.00000000 21.35985947 46.00000000
v 36.00000000 22.00000000 46.09144974
v 36.00000000 23.00000000 17.10764694
v 36.00000000 23.00000000 46.07889938
v 36.00000000 24.00000000 17.11142159
v 36.00000000 24.00000000 46.07745743
v 36.00000000 25.00000000 17.07211113
v 36.00000000 25.00000000 46.07431030
v 36.00000000 26.00000000 17.02401924
v 36.00000000 26.00000000 46.10839844
v 36.00000000 26.23909760 17.00000000
v 36.00000000 27.00000000 16.92785645
v 36.00000000 27.00000000 46.15811539
v 36.00000000 28.00000000 16.79958153
v 36.00000000 28.00000000 46.18848801
v 36.00000000 29.00000000 16.62892342
v 36.00000000 29.00000000 46.23233414
v 36.00000000 30.00000000 16.47602844
v 36.00000000 30.00000000 46.27310181
v 36.00000000 31.00000000 16.82131386
v 36.00000000 31.00000000 46.32388306
v 36.00000000 31.11693001 17.00000000
v 36.00000000 31.33476830 18.00000000
v 36.00000000 31.36469078 19.00000000
v 36.00000000 31.35182190 20.00000000
v 36.00000000 31.31663895 21.00000000
v 36.00000000 31.25881767 22.00000000
v 36.00000000 31.21364594 23.00000000
v 36.00000000 31.17155647 24.00000000
v 36.00000000 31.13431931 25.00000000
v 36.00000000 31.12193108 26.00000000
v 36.00000000 31.10431862 27.00000000
v 36.00000000 31.09112549 28.00000000
v 36.00000000 31.07541847 29.00000000
v 36.00000000 31.06600189 30.00000000
v 36.00000000 31.05048752 31.00000000
v 36.00000000 31.02936935 32.00000000
v 36.00000000 31.02318001 33.00000000
v 36.00000000 31.18167114 34.00000000
v 36.00000000 31.54326248 35.00000000
v 36.00000000 32.00000000 35.57983398
v 36.00000000 32.00000000 46.37283325
v 36.00000000 33.00000000 35.79064560
v 36.00000000 33.00000000 46.40562439
v 36.00000000 34.00000000 35.61124802
v 36.00000000 34.00000000 46.41161346
v 36.00000000 35.00000000 35.41557693
v 36.00000000 35.00000000 46.41965866
v 36.00000000 36.00000000 35.32612991
v 36.00000000 36.00000000 46.42084503
v 36.00000000 37.00000000 35.43215561
v 36.00000000 37.00000000 46.39502716
v 36.00000000 38.00000000 35.66822433
v 36.00000000 38.00000000 46.33221436
v 36.00000000 39.00000000 35.93011093
v 36.00000000 39.00000000 46.19823837
v 36.00000000 39.22627640 36.00000000
v 36.00000000 40.00000000 36.23943329
v 36.00000000 40.00000000 46.04237366
v 36.00000000 41.00000000 36.63368607
v 36.00000000 41.00000000 45.61113739
v 36.00000000 40.16263580 46.00000000
v 36.00000000 41.64082718 37.00000000
v 36.00000000 42.00000000 37.29011536
v 36.00000000 42.00000000 44.15913391
v 36.00000000 41.49929428 45.00000000
v 36.00000000 42.48487091 38.00000000
v 36.00000000 42.73684311 39.00000000
v 36.00000000 42.71747589 40.00000000
v 36.00000000 42.63553619 41.00000000
v 36.00000000 42.54189682 42.00000000
v 36.00000000 42.36936188 43.00000000
v 36.00000000 42.07140350 44.00000000
v 37.00000000 20.70486641 18.00000000
v 37.00000000 21.00000000 17.56351471
v 37.00000000 20.45147514 19.00000000
v 37.00000000 20.38745880 20.00000000
v 37.00000000 20.36442375 21.00000000
v 37.00000000 20.35523605 22.00000000
v 37.00000000 20.36294746 23.00000000
v 37.00000000 20.37801933 24.00000000
v 37.00000000 20.39303970 25.00000000
v 37.00000000 20.41183662 26.00000000
v 37.00000000 20.43591690 27.00000000
v 37.00000000 20.45546722 28.00000000
v 37.00000000 20.47002411 29.00000000
v 37.00000000 20.48778534 30.00000000
v 37.00000000 20.50404739 31.00000000
v 37.00000000 20.52004814 32.00000000
v 37.00000000 20.53672409 33.00000000
v 37.00000000 20.54164696 34.00000000
v 37.00000000 20.54389000 35.00000000
v 37.00000000 20.55032921 36.00000000
v 37.00000000 20.55347061 37.00000000
v 37.00000000 20.55419159 38.00000000
v 37.00000000 20.54721451 39.00000000
v 37.00000000 20.54085922 40.00000000
v 37.00000000 20.53413773 41.00000000
v 37.00000000 20.52779007 42.00000000
v 37.00000000 20.53134537 43.00000000
v 37.00000000 20.54240799 44.00000000
v 37.00000000 20.64484024 45.00000000
v 37.00000000 21.00000000 45.87494278
v 37.00000000 22.00000000 17.14501953
v 37.00000000 21.35512733 46.00000000
v 37.00000000 22.00000000 46.08926773
v 37.00000000 23.00000000 17.10034370
v 37.00000000 23.00000000 46.07747269
v 37.00000000 24.00000000 17.10311890
v 37.00000000 24.00000000 46.07573318
v 37.00000000 25.00000000 17.06704903
v 37.00000000 25.00000000 46.07336426
v 37.00000000 26.00000000 17.02164841
v 37.00000000 26.00000000 46.10405350
v 37.00000000 26.21944618 17.00000000
v 37.00000000 27.00000000 16.92724228
v 37.00000000 27.00000000 46.15482330
v 37.00000000 28.00000000 16.79883766
v 37.00000000 28.00000000 46.18756104
v 37.00000000 29.00000000 16.63067627
v 37.00000000 29.00000000 46.23130035
v 37.00000000 30.00000000 16.48358536
v 37.00000000 30.00000000 46.27017212
v 37.00000000 31.00000000 16.82820892
v 37.00000000 31.00000000 46.32196045
v 37.00000000 31.11218452 17.00000000
v 37.00000000 31.32890320 18.00000000
v 37.00000000 31.35867310 19.00000000
v 37.00000000 31.34445763 20.00000000
v 37.00000000 31.31161499 21.00000000
v 37.00000000 31.25553894 22.00000000
v 37.00000000 31.21288109 23.00000000
v 37.00000000 31.17206573 24.00000000
v 37.00000000 31.13341141 25.00000000
v 37.00000000 31.12108994 26.00000000
v 37.00000000 31.10348129 27.00000000
v 37.00000000 31.09270096 28.00000000
v 37.00000000 31.07756615 29.00000000
v 37.00000000 31.06626320 30.00000000
v 37.00000000 31.04914665 31.00000000
v 37.00000000 31.02593803 32.00000000
v 37.00000000 31.01949692 33.00000000
v 37.00000000 31.16806221 34.00000000
v 37.00000000 31.53009987 35.00000000
v 37.00000000 32.00000000 35.59127045
v 37.00000000 32.00000000 46.36949158
v 37.00000000 33.00000000 35.78528976
v 37.00000000 33.00000000 46.39908600
v 37.00000000 34.00000000 35.59320068
v 37.00000000 34.00000000 46.40604019
v 37.00000000 35.00000000 35.39109802
v 37.00000000 35.00000000 46.41677094
v 37.00000000 36.00000000 35.31431198
v 37.00000000 36.00000000 46.41955185
v 37.00000000 37.00000000 35.43795776
v 37.00000000 37.00000000 46.39159775
v 37.00000000 38.00000000 35.67127228
v 37.00000000 38.00000000 46.32844543
v 37.00000000 39.00000000 35.93140030
v 37.00000000 39.00000000 46.19178772
v 37.00000000 39.22466278 36.00000000
v 37.00000000 40.00000000 36.23874283
v 37.00000000 40.00000000 46.04379654
v 37.00000000 41.00000000 36.63830185
v 37.00000000 41.00000000 45.61094666
v 37.00000000 40.16780472 46.00000000
v 37.00000000 41.63121414 37.00000000
v 37.00000000 42.00000000 37.29550171
v 37.00000000 42.00000000 44.15469742
v 37.00000000 41.50024414 45.00000000
v 37.00000000 42.47981262 38.00000000
v 37.00000000 42.72863770 39.00000000
v 37.00000000 42.71091843 40.00000000
v 37.00000000 42.63401794 41.00000000
v 37.00000000 42.54134750 42.00000000
v 37.00000000 42.36860275 43.00000000
v 37.00000000 42.06904602 44.00000000
v 38.00000000 20.70611191 18.00000000
v 38.00000000 21.00000000 17.56226349
v 38.00000000 20.45286942 19.00000000
v 38.00000000 20.38995552 20.00000000
v 38.00000000 20.36631012 21.00000000
v 38.00000000 20.35735321 22.00000000
v 38.00000000 20.36498642 23.00000000
v 38.00000000 20.37960434 24.00000000
v 38.00000000 20.39500237 25.00000000
v 38.00000000 20.41344261 26.00000000
v 38.00000000 20.43700027 27.00000000
v 38.00000000 20.45988464 28.00000000
v 38.00000000 20.47636795 29.00000000
v 38.00000000 20.49366760 30.00000000
v 38.00000000 20.50867653 31.00000000
v 38.00000000 20.52378845 32.00000000
v 38.00000000 20.53710556 33.00000000
v 38.00000000 20.54251099 34.00000000
v 38.00000000 20.54427338 35.00000000
v 38.00000000 20.55112076 36.00000000
v 38.00000000 20.55512238 37.00000000
v 38.00000000 20.55693626 38.00000000
v 38.00000000 20.54812241 39.00000000
v 38.00000000 20.54021263 40.00000000
v 38.00000000 20.53532791 41.00000000
v 38.00000000 20.52820015 42.00000000
v 38.00000000 20.53135109 43.00000000
v 38.00000000 20.54198837 44.00000000
v 38.00000000 20.64194870 45.00000000
v 38.00000000 21.00000000 45.87356567
v 38.00000000 22.00000000 17.13814926
v 38.00000000 21.36763763 46.00000000
v 38.00000000 22.00000000 46.08652878
v 38.00000000 23.00000000 17.09323120
v 38.00000000 23.00000000 46.07574844
v 38.00000000 24.00000000 17.09494972
v 38.00000000 24.00000000 46.07275009
v 38.00000000 25.00000000 17.06095314
v 38.00000000 25.00000000 46.07142639
v 38.00000000 26.00000000 17.01768684
v 38.00000000 26.00000000 46.09838104
v 38.00000000 26.18802452 17.00000000
v 38.00000000 27.00000000 16.92781258
v 38.00000000 27.00000000 46.15142059
v 38.00000000 28.00000000 16.80141258
v 38.00000000 28.00000000 46.18588257
v 38.00000000 29.00000000 16.63117790
v 38.00000000 29.00000000 46.22706604
v 38.00000000 30.00000000 16.49038315
v 38.00000000 30.00000000 46.26614380
v 38.00000000 31.00000000 16.83556747
v 38.00000000 31.00000000 46.31925583
v 38.00000000 31.10710716 17.00000000
v 38.00000000 31.32291603 18.00000000
v 38.00000000 31.35280037 19.00000000
v 38.00000000 31.33826065 20.00000000
v 38.00000000 31.30620766 21.00000000
v 38.00000000 31.25217819 22.00000000
v 38.00000000 31.21193314 23.00000000
v 38.00000000 31.17151451 24.00000000
v 38.00000000 31.13419533 25.00000000
v 38.00000000 31.11961174 26.00000000
v 38.00000000 31.10316467 27.00000000
v 38.00000000 31.09235573 28.00000000
v 38.00000000 31.07995415 29.00000000
v 38.00000000 31.06936455 30.00000000
v 38.00000000 31.04825974 31.00000000
v 38.00000000 31.02383041 32.00000000
v 38.00000000 31.01595306 33.00000000
v 38.00000000 31.15646362 34.00000000
v 38.00000000 31.51632690 35.00000000
v 38.00000000 32.00000000 35.60035324
v 38.00000000 32.00000000 46.36605835
v 38.00000000 33.00000000 35.77629471
v 38.00000000 33.00000000 46.39170456
v 38.00000000 34.00000000 35.57130432
v 38.00000000 34.00000000 46.39956284
v 38.00000000 35.00000000 35.37145233
v 38.00000000 35.00000000 46.41482925
v 38.00000000 36.00000000 35.29961395
v 38.00000000 36.00000000 46.41799927
v 38.00000000 37.00000000 35.43590546
v 38.00000000 37.00000000 46.38980103
v 38.00000000 38.00000000 35.67141342
v 38.00000000 38.00000000 46.32582474
v 38.00000000 39.00000000 35.93217468
v 38.00000000 39.00000000 46.18734741
v 38.00000000 39.22266769 36.00000000
v 38.00000000 40.00000000 36.23885345
v 38.00000000 40.00000000 46.04349136
v 38.00000000 41.00000000 36.64102554
v 38.00000000 41.00000000 45.61071777
v 38.00000000 40.16799164 46.00000000
v 38.00000000 41.62320709 37.00000000
v 38.00000000 42.00000000 37.30137253
v 38.00000000 42.00000000 44.14562988
v 38.00000000 41.49920273 45.00000000
v 38.00000000 42.47307587 38.00000000
v 38.00000000 42.71926117 39.00000000
v 38.00000000 42.70474243 40.00000000
v 38.00000000 42.63183975 41.00000000
v 38.00000000 42.53892899 42.00000000
v 38.00000000 42.36567307 43.00000000
v 38.00000000 42.06457138 44.00000000
v 39.00000000 20.70641136 18.00000000
v 39.00000000 21.00000000 17.55872917
v 39.00000000 20.45445251 19.00000000
v 39.00000000 20.39258194 20.00000000
v 39.00000000 20.36961555 21.00000000
v 39.00000000 20.36100769 22.00000000
v 39.00000000 20.36842728 23.00000000
v 39.00000000 20.38335037 24.00000000
v 39.00000000 20.39881134 25.00000000
v 39.00000000 20.41681862 26.00000000
v 39.00000000 20.44052696 27.00000000
v 39.00000000 20.46563148 28.00000000
v 39.00000000 20.48592567 29.00000000
v 39.00000000 20.50201035 30.00000000
v 39.00000000 20.51656342 31.00000000
v 39.00000000 20.53033447 32.00000000
v 39.00000000 20.54062462 33.00000000
v 39.00000000 20.54571724 34.00000000
v 39.00000000 20.54677773 35.00000000
v 39.00000000 20.55244446 36.00000000
v 39.00000000 20.55715370 37.00000000
v 39.00000000 20.55968285 38.00000000
v 39.00000000 20.54944420 39.00000000
v 39.00000000 20.54035378 40.00000000
v 39.00000000 20.53599548 41.00000000
v 39.00000000 20.52970505 42.00000000
v 39.00000000 20.53294563 43.00000000
v 39.00000000 20.54226303 44.00000000
v 39.00000000 20.64122581 45.00000000
v 39.00000000 21.00000000 45.87708664
v 39.00000000 22.00000000 17.12990570
v 39.00000000 21.36974144 46.00000000
v 39.00000000 22.00000000 46.08385468
v 39.00000000 23.00000000 17.08669853
v 39.00000000 23.00000000 46.07237244
v 39.00000000 24.00000000 17.08702087
v 39.00000000 24.00000000 46.06925964
v 39.00000000 25.00000000 17.05671120
v 39.00000000 25.00000000 46.06850815
v 39.00000000 26.00000000 17.01280212
v 39.00000000 26.00000000 46.09116364
v 39.00000000 26.14365959 17.00000000
v 39.00000000 27.00000000 16.92809868
v 39.00000000 27.00000000 46.14701462
v 39.00000000 28.00000000 16.80501556
v 39.00000000 28.00000000 46.18250656
v 39.00000000 29.00000000 16.63218880
v 39.00000000 29.00000000 46.22202301
v 39.00000000 30.00000000 16.49742317
v 39.00000000 30.00000000 46.26199341
v 39.00000000 31.00000000 16.84256554
v 39.00000000 31.00000000 46.31464005
v 39.00000000 31.10189247 17.00000000
v 39.00000000 31.31712914 18.00000000
v 39.00000000 31.34692192 19.00000000
v 39.00000000 31.33305168 20.00000000
v 39.00000000 31.30162811 21.00000000
v 39.00000000 31.24991035 22.00000000
v 39.00000000 31.21033096 23.00000000
v 39.00000000 31.17065430 24.00000000
v 39.00000000 31.13504791 25.00000000
v 39.00000000 31.11756706 26.00000000
v 39.00000000 31.10191727 27.00000000
v 39.00000000 31.09272385 28.00000000
v 39.00000000 31.08076096 29.00000000
v 39.00000000 31.07135963 30.00000000
v 39.00000000 31.04958344 31.00000000
v 39.00000000 31.02294159 32.00000000
v 39.00000000 31.01156807 33.00000000
v 39.00000000 31.14826965 34.00000000
v 39.00000000 31.50298309 35.00000000
v 39.00000000 32.00000000 35.60689545
v 39.00000000 32.00000000 46.36185455
v 39.00000000 33.00000000 35.76193619
v 39.00000000 33.00000000 46.38432312
v 39.00000000 34.00000000 35.54477310
v 39.00000000 34.00000000 46.39479065
v 39.00000000 35.00000000 35.35605240
v 39.00000000 35.00000000 46.41306305
v 39.00000000 36.00000000 35.29092026
v 39.00000000 36.00000000 46.41710281
v 39.00000000 37.00000000 35.42709351
v 39.00000000 37.00000000 46.38877106
v 39.00000000 38.00000000 35.66805267
v 39.00000000 38.00000000 46.32380295
v 39.00000000 39.00000000 35.92882156
v 39.00000000 39.00000000 46.18469620
v 39.00000000 39.23340225 36.00000000
v 39.00000000 40.00000000 36.23624039
v 39.00000000 40.00000000 46.04170227
v 39.00000000 41.00000000 36.63913727
v 39.00000000 41.00000000 45.61281586
v 39.00000000 40.16369247 46.00000000
v 39.00000000 41.61653900 37.00000000
v 39.00000000 42.00000000 37.30777740
v 39.00000000 42.00000000 44.13712311
v 39.00000000 41.49751282 45.00000000
v 39.00000000 42.46641541 38.00000000
v 39.00000000 42.71238327 39.00000000
v 39.00000000 42.70151138 40.00000000
v 39.00000000 42.63024139 41.00000000
v 39.00000000 42.53697205 42.00000000
v 39.00000000 42.36273956 43.00000000
v 39.00000000 42.06061554 44.00000000
v 40.00000000 20.70691872 18.00000000
v 40.00000000 21.00000000 17.55543900
v 40.00000000 20.45753288 19.00000000
v 40.00000000 20.39555550 20.00000000
v 40.00000000 20.37346649 21.00000000
v 40.00000000 20.36519432 22.00000000
v 40.00000000 20.37264633 23.00000000
v 40.00000000 20.38787651 24.00000000
v 40.00000000 20.40418053 25.00000000
v 40.00000000 20.42157555 26.00000000
v 40.00000000 20.44505692 27.00000000
v 40.00000000 20.47137451 28.00000000
v 40.00000000 20.49627686 29.00000000
v 40.00000000 20.51081657 30.00000000
v 40.00000000 20.52565193 31.00000000
v 40.00000000 20.54064178 32.00000000
v 40.00000000 20.54784393 33.00000000
v 40.00000000 20.55215263 34.00000000
v 40.00000000 20.55105209 35.00000000
v 40.00000000 20.55359268 36.00000000
v 40.00000000 20.55958366 37.00000000
v 40.00000000 20.56255913 38.00000000
v 40.00000000 20.55278778 39.00000000
v 40.00000000 20.54302788 40.00000000
v 40.00000000 20.53798103 41.00000000
v 40.00000000 20.53358650 42.00000000
v 40.00000000 20.53722382 43.00000000
v 40.00000000 20.54362297 44.00000000
v 40.00000000 20.64411354 45.00000000
v 40.00000000 21.00000000 45.88082504
v 40.00000000 22.00000000 17.11782646
v 40.00000000 21.37030792 46.00000000
v 40.00000000 22.00000000 46.08076096
v 40.00000000 23.00000000 17.07815742
v 40.00000000 23.00000000 46.06898117
v 40.00000000 24.00000000 17.07971382
v 40.00000000 24.00000000 46.06605911
v 40.00000000 25.00000000 17.05273438
v 40.00000000 25.00000000 46.06344986
v 40.00000000 26.00000000 17.00813866
v 40.00000000 26.00000000 46.08227921
v 40.00000000 26.09755898 17.00000000
v 40.00000000 27.00000000 16.92885590
v 40.00000000 27.00000000 46.14017105
v 40.00000000 28.00000000 16.80982399
v 40.00000000 28.00000000 46.17833710
v 40.00000000 29.00000000 16.63576698
v 40.00000000 29.00000000 46.21747971
v 40.00000000 30.00000000 16.50234032
v 40.00000000 30.00000000 46.25783920
v 40.00000000 31.00000000 16.85015869
v 40.00000000 31.00000000 46.30995560
v 40.00000000 31.09663010 17.00000000
v 40.00000000 31.31068611 18.00000000
v 40.00000000 31.34181213 19.00000000
v 40.00000000 31.32787132 20.00000000
v 40.00000000 31.29767036 21.00000000
v 40.00000000 31.24720001 22.00000000
v 40.00000000 31.20792198 23.00000000
v 40.00000000 31.16990280 24.00000000
v 40.00000000 31.13675690 25.00000000
v 40.00000000 31.11710167 26.00000000
v 40.00000000 31.10020065 27.00000000
v 40.00000000 31.09291267 28.00000000
v 40.00000000 31.08164406 29.00000000
v 40.00000000 31.07123184 30.00000000
v 40.00000000 31.05210876 31.00000000
v 40.00000000 31.02227020 32.00000000
v 40.00000000 31.00601196 33.00000000
v 40.00000000 31.14130974 34.00000000
v 40.00000000 31.49350357 35.00000000
v 40.00000000 32.00000000 35.60920334
v 40.00000000 32.00000000 46.35684204
v 40.00000000 33.00000000 35.74716187
v 40.00000000 33.00000000 46.37722397
v 40.00000000 34.00000000 35.52072144
v 40.00000000 34.00000000 46.39038849
v 40.00000000 35.00000000 35.33971405
v 40.00000000 35.00000000 46.41073608
v 40.00000000 36.00000000 35.28534317
v 40.00000000 36.00000000 46.41544342
v 40.00000000 37.00000000 35.42022705
v 40.00000000 37.00000000 46.38726425
v 40.00000000 38.00000000 35.65877533
v 40.00000000 38.00000000 46.31965256
v 40.00000000 39.00000000 35.91992188
v 40.00000000 39.00000000 46.18357086
v 40.00000000 39.26068497 36.00000000
v 40.00000000 40.00000000 36.22798538
v 40.00000000 40.00000000 46.04282761
v 40.00000000 41.00000000 36.63754654
v 40.00000000 41.00000000 45.61543274
v 40.00000000 40.16962814 46.00000000
v 40.00000000 41.61084366 37.00000000
v 40.00000000 42.00000000 37.31430817
v 40.00000000 42.00000000 44.12807083
v 40.00000000 41.49581146 45.00000000
v 40.00000000 42.46079636 38.00000000
v 40.00000000 42.70660400 39.00000000
v 40.00000000 42.69887543 40.00000000
v 40.00000000 42.62915039 41.00000000
v 40.00000000 42.53619385 42.00000000
v 40.00000000 42.35940170 43.00000000
v 40.00000000 42.05632782 44.00000000
v 41.00000000 20.70820808 18.00000000
v 41.00000000 21.00000000 17.55128288
v 41.00000000 20.46030045 19.00000000
v 41.00000000 20.40077209 20.00000000
v 41.00000000 20.38032913 21.00000000
v 41.00000000 20.37052917 22.00000000
v 41.00000000 20.37928581 23.00000000
v 41.00000000 20.39461708 24.00000000
v 41.00000000 20.41126633 25.00000000
v 41.00000000 20.42869568 26.00000000
v 41.00000000 20.45247459 27.00000000
v 41.00000000 20.48087692 28.00000000
v 41.00000000 20.50733185 29.00000000
v 41.00000000 20.52285576 30.00000000
v 41.00000000 20.53794289 31.00000000
v 41.00000000 20.55230141 32.00000000
v 41.00000000 20.56008339 33.00000000
v 41.00000000 20.56061935 34.00000000
v 41.00000000 20.55790138 35.00000000
v 41.00000000 20.55798149 36.00000000
v 41.00000000 20.56299210 37.00000000
v 41.00000000 20.56616974 38.00000000
v 41.00000000 20.55679131 39.00000000
v 41.00000000 20.54800797 40.00000000
v 41.00000000 20.54110336 41.00000000
v 41.00000000 20.53709602 42.00000000
v 41.00000000 20.54082680 43.00000000
v 41.00000000 20.54529381 44.00000000
v 41.00000000 20.64655685 45.00000000
v 41.00000000 21.00000000 45.88178253
v 41.00000000 22.00000000 17.10381317
v 41.00000000 21.36182976 46.00000000
v 41.00000000 22.00000000 46.08220673
v 41.00000000 23.00000000 17.06496239
v 41.00000000 23.00000000 46.06591415
v 41.00000000 24.00000000 17.06918907
v 41.00000000 24.00000000 46.06254578
v 41.00000000 25.00000000 17.04626656
v 41.00000000 25.00000000 46.05604172
v 41.00000000 26.00000000 17.00484467
v 41.00000000 26.00000000 46.07224274
v 41.00000000 26.06157303 17.00000000
v 41.00000000 27.00000000 16.92969513
v 41.00000000 27.00000000 46.13327789
v 41.00000000 28.00000000 16.81449509
v 41.00000000 28.00000000 46.17308426
v 41.00000000 29.00000000 16.64089775
v 41.00000000 29.00000000 46.21157837
v 41.00000000 30.00000000 16.50692368
v 41.00000000 30.00000000 46.25377274
v 41.00000000 31.00000000 16.85720253
v 41.00000000 31.00000000 46.30540848
v 41.00000000 31.09227180 17.00000000
v 41.00000000 31.30443001 18.00000000
v 41.00000000 31.33696365 19.00000000
v 41.00000000 31.32333374 20.00000000
v 41.00000000 31.29485512 21.00000000
v 41.00000000 31.24433327 22.00000000
v 41.00000000 31.20522308 23.00000000
v 41.00000000 31.16974831 24.00000000
v 41.00000000 31.13823128 25.00000000
v 41.00000000 31.11602783 26.00000000
v 41.00000000 31.09963036 27.00000000
v 41.00000000 31.09286118 28.00000000
v 41.00000000 31.08211136 29.00000000
v 41.00000000 31.07131577 30.00000000
v 41.00000000 31.05170441 31.00000000
v 41.00000000 31.02639580 32.00000000
v 41.00000000 31.00127411 33.00000000
v 41.00000000 31.13586426 34.00000000
v 41.00000000 31.48648262 35.00000000
v 41.00000000 32.00000000 35.61077499
v 41.00000000 32.00000000 46.35148621
v 41.00000000 33.00000000 35.73246384
v 41.00000000 33.00000000 46.36944580
v 41.00000000 34.00000000 35.49928665
v 41.00000000 34.00000000 46.38637161
v 41.00000000 35.00000000 35.32073975
v 41.00000000 35.00000000 46.40860748
v 41.00000000 36.00000000 35.27999115
v 41.00000000 36.00000000 46.41366196
v 41.00000000 37.00000000 35.41286850
v 41.00000000 37.00000000 46.38415527
v 41.00000000 38.00000000 35.63227081
v 41.00000000 38.00000000 46.31938553
v 41.00000000 39.00000000 35.90270233
v 41.00000000 39.00000000 46.18643951
v 41.00000000 39.29871368 36.00000000
v 41.00000000 40.00000000 36.22153854
v 41.00000000 40.00000000 46.04475784
v 41.00000000 41.00000000 36.63512421
v 41.00000000 41.00000000 45.62068176
v 41.00000000 40.17933273 46.00000000
v 41.00000000 41.60751724 37.00000000
v 41.00000000 42.00000000 37.31843185
v 41.00000000 42.00000000 44.11861038
v 41.00000000 41.49409103 45.00000000
v 41.00000000 42.45562363 38.00000000
v 41.00000000 42.70206070 39.00000000
v 41.00000000 42.69730759 40.00000000
v 41.00000000 42.62858582 41.00000000
v 41.00000000 42.53546524 42.00000000
v 41.00000000 42.35537338 43.00000000
v 41.00000000 42.05178833 44.00000000
v 42.00000000 20.70875359 18.00000000
v 42.00000000 21.00000000 17.54033279
v 42.00000000 20.46328735 19.00000000
v 42.00000000 20.40700722 20.00000000
v 42.00000000 20.38895416 21.00000000
v 42.00000000 20.37810898 22.00000000
v 42.00000000 20.38809204 23.00000000
v 42.00000000 20.40406799 24.00000000
v 42.00000000 20.42202759 25.00000000
v 42.00000000 20.44055367 26.00000000
v 42.00000000 20.46311760 27.00000000
v 42.00000000 20.49309731 28.00000000
v 42.00000000 20.52070236 29.00000000
v 42.00000000 20.53844070 30.00000000
v 42.00000000 20.55244827 31.00000000
v 42.00000000 20.56410980 32.00000000
v 42.00000000 20.57242393 33.00000000
v 42.00000000 20.57319450 34.00000000
v 42.00000000 20.56687546 35.00000000
v 42.00000000 20.56513023 36.00000000
v 42.00000000 20.56662369 37.00000000
v 42.00000000 20.56859779 38.00000000
v 42.00000000 20.56062889 39.00000000
v 42.00000000 20.55297089 40.00000000
v 42.00000000 20.54416466 41.00000000
v 42.00000000 20.54098701 42.00000000
v 42.00000000 20.54309082 43.00000000
v 42.00000000 20.54756165 44.00000000
v 42.00000000 20.64895058 45.00000000
v 42.00000000 21.00000000 45.88143921
v 42.00000000 22.00000000 17.09027672
v 42.00000000 21.35417747 46.00000000
v 42.00000000 22.00000000 46.08458328
v 42.00000000 23.00000000 17.05213547
v 42.00000000 23.00000000 46.06478882
v 42.00000000 24.00000000 17.05871391
v 42.00000000 24.00000000 46.05704117
v 42.00000000 25.00000000 17.03788376
v 42.00000000 25.00000000 46.04754639
v 41.87435532 26.00000000 17.00000000
v 42.00000000 25.98189545 17.00000000
v 42.00000000 26.00000000 16.99935913
v 42.00000000 26.00000000 46.06042480
v 42.00000000 27.00000000 16.92993546
v 42.00000000 27.00000000 46.12617493
v 42.00000000 28.00000000 16.81749916
v 42.00000000 28.00000000 46.16616058
v 42.00000000 29.00000000 16.64578438
v 42.00000000 29.00000000 46.20412445
v 42.00000000 30.00000000 16.51092148
v 42.00000000 30.00000000 46.24949265
v 42.00000000 31.00000000 16.86423874
v 41.54012680 31.00000000 33.00000000
v 42.00000000 31.00000000 32.96284866
v 42.00000000 30.99927711 33.00000000
v 42.00000000 31.00000000 33.01319122
v 42.00000000 31.00000000 46.30039215
v 42.00000000 31.08772850 17.00000000
v 42.00000000 31.29907036 18.00000000
v 42.00000000 31.33254433 19.00000000
v 42.00000000 31.32006454 20.00000000
v 42.00000000 31.29277611 21.00000000
v 42.00000000 31.24108696 22.00000000
v 42.00000000 31.20238686 23.00000000
v 42.00000000 31.16880226 24.00000000
v 42.00000000 31.13786316 25.00000000
v 42.00000000 31.11571884 26.00000000
v 42.00000000 31.09906197 27.00000000
v 42.00000000 31.09153748 28.00000000
v 42.00000000 31.08235359 29.00000000
v 42.00000000 31.07112694 30.00000000
v 42.00000000 31.05112457 31.00000000
v 42.00000000 31.02346420 32.00000000
v 42.00000000 31.13104630 34.00000000
v 42.00000000 31.48116875 35.00000000
v 42.00000000 32.00000000 35.60948944
v 42.00000000 32.00000000 46.34492493
v 42.00000000 33.00000000 35.71930313
v 42.00000000 33.00000000 46.36144638
v 42.00000000 34.00000000 35.47789764
v 42.00000000 34.00000000 46.38319397
v 42.00000000 35.00000000 35.29930496
v 42.00000000 35.00000000 46.40617371
v 42.00000000 36.00000000 35.26955414
v 42.00000000 36.00000000 46.41030121
v 42.00000000 37.00000000 35.38373947
v 42.00000000 37.00000000 46.38212967
v 42.00000000 38.00000000 35.60087204
v 42.00000000 38.00000000 46.32010269
v 42.00000000 39.00000000 35.88395691
v 42.00000000 39.00000000 46.19152451
v 42.00000000 39.33399963 36.00000000
v 42.00000000 40.00000000 36.21804047
v 42.00000000 40.00000000 46.04649353
v 42.00000000 41.00000000 36.63417435
v 42.00000000 41.00000000 45.62567139
v 42.00000000 40.18860626 46.00000000
v 42.00000000 41.59620285 37.00000000
v 42.00000000 42.00000000 37.32989883
v 42.00000000 42.00000000 44.10926819
v 42.00000000 41.49218750 45.00000000
v 42.00000000 42.44993210 38.00000000
v 42.00000000 42.69690323 39.00000000
v 42.00000000 42.69528961 40.00000000
v 42.00000000 42.62833786 41.00000000
v 42.00000000 42.53461075 42.00000000
v 42.00000000 42.35090637 43.00000000
v 42.00000000 42.04733658 44.00000000
v 43.00000000 20.70843887 18.00000000
v 43.00000000 21.00000000 17.52866936
v 43.00000000 20.46873474 19.00000000
v 43.00000000 20.41450882 20.00000000
v 43.00000000 20.39710426 21.00000000
v 43.00000000 20.38660431 22.00000000
v 43.00000000 20.39665222 23.00000000
v 43.00000000 20.41461945 24.00000000
v 43.00000000 20.43291092 25.00000000
v 43.00000000 20.45139694 26.00000000
v 43.00000000 20.47605515 27.00000000
v 43.00000000 20.50636292 28.00000000
v 43.00000000 20.53435898 29.00000000
v 43.00000000 20.55427742 30.00000000
v 43.00000000 20.56847382 31.00000000
v 43.00000000 20.57977104 32.00000000
v 43.00000000 20.58500671 33.00000000
v 43.00000000 20.58527184 34.00000000
v 43.00000000 20.57776642 35.00000000
v 43.00000000 20.57402611 36.00000000
v 43.00000000 20.57346916 37.00000000
v 43.00000000 20.57249832 38.00000000
v 43.00000000 20.56582260 39.00000000
v 43.00000000 20.55900192 40.00000000
v 43.00000000 20.54870415 41.00000000
v 43.00000000 20.54494286 42.00000000
v 43.00000000 20.54429817 43.00000000
v 43.00000000 20.54916954 44.00000000
v 43.00000000 20.64941025 45.00000000
v 43.00000000 21.00000000 45.88179398
v 43.00000000 22.00000000 17.06309700
v 43.00000000 21.34589195 46.00000000
v 43.00000000 22.00000000 46.08747101
v 43.00000000 23.00000000 17.03381348
v 43.00000000 23.00000000 46.06630325
v 43.00000000 24.00000000 17.04846764
v 43.00000000 24.00000000 46.04999161
v 43.00000000 25.00000000 17.02780914
v 43.00000000 25.00000000 46.03804779
v 43.00000000 25.80151939 17.00000000
v 43.00000000 26.00000000 16.99361038
v 43.00000000 26.00000000 46.05169678
v 43.00000000 27.00000000 16.93106651
v 43.00000000 27.00000000 46.11861038
v 43.00000000 28.00000000 16.81976509
v 43.00000000 28.00000000 46.15884018
v 43.00000000 29.00000000 16.64931297
v 43.00000000 29.00000000 46.19622803
v 43.00000000 30.00000000 16.51471138
v 43.00000000 30.00000000 46.24314499
v 43.00000000 31.00000000 16.86909676
v 43.00000000 31.00000000 32.80081558
v 43.00000000 30.99593925 33.00000000
v 43.00000000 31.00000000 33.07395935
v 43.00000000 31.00000000 46.29453278
v 43.00000000 31.08458328 17.00000000
v 43.00000000 31.29493713 18.00000000
v 43.00000000 31.32847977 19.00000000
v 43.00000000 31.31721115 20.00000000
v 43.00000000 31.29018021 21.00000000
v 43.00000000 31.23808670 22.00000000
v 43.00000000 31.19885063 23.00000000
v 43.00000000 31.16641808 24.00000000
v 43.00000000 31.13746071 25.00000000
v 43.00000000 31.11627769 26.00000000
v 43.00000000 31.10040855 27.00000000
v 43.00000000 31.09037971 28.00000000
v 43.00000000 31.08194923 29.00000000
v 43.00000000 31.07024765 30.00000000
v 43.00000000 31.05129814 31.00000000
v 43.00000000 31.02073097 32.00000000
v 43.00000000 31.12415314 34.00000000
v 43.00000000 31.47382164 35.00000000
v 43.00000000 32.00000000 35.60933685
v 43.00000000 32.00000000 46.33797073
v 43.00000000 33.00000000 35.70742035
v 43.00000000 33.00000000 46.35548019
v 43.00000000 34.00000000 35.45461655
v 43.00000000 34.00000000 46.38002396
v 43.00000000 35.00000000 35.26954269
v 43.00000000 35.00000000 46.40325165
v 43.00000000 36.00000000 35.23636627
v 43.00000000 36.00000000 46.40787125
v 43.00000000 37.00000000 35.35507584
v 43.00000000 37.00000000 46.38203812
v 43.00000000 38.00000000 35.57415009
v 43.00000000 38.00000000 46.32387924
v 43.00000000 39.00000000 35.87074280
v 43.00000000 39.00000000 46.19641876
v 43.00000000 39.35078430 36.00000000
v 43.00000000 40.00000000 36.21768570
v 43.00000000 40.00000000 46.04824829
v 43.00000000 41.00000000 36.63822937
v 43.00000000 41.00000000 45.62966156
v 43.00000000 40.19712830 46.00000000
v 43.00000000 41.58417892 37.00000000
v 43.00000000 42.00000000 37.34215546
v 43.00000000 42.00000000 44.10029221
v 43.00000000 41.49053574 45.00000000
v 43.00000000 42.44355774 38.00000000
v 43.00000000 42.69150543 39.00000000
v 43.00000000 42.69275284 40.00000000
v 43.00000000 42.62715149 41.00000000
v 43.00000000 42.53349304 42.00000000
v 43.00000000 42.34846878 43.00000000
v 43.00000000 42.04306793 44.00000000
v 44.00000000 20.70584869 18.00000000
v 44.00000000 21.00000000 17.51405716
v 44.00000000 20.47403145 19.00000000
v 44.00000000 20.42289162 20.00000000
v 44.00000000 20.40570259 21.00000000
v 44.00000000 20.39638329 22.00000000
v 44.00000000 20.40629196 23.00000000
v 44.00000000 20.42374992 24.00000000
v 44.00000000 20.44178391 25.00000000
v 44.00000000 20.46122169 26.00000000
v 44.00000000 20.48882294 27.00000000
v 44.00000000 20.51895332 28.00000000
v 44.00000000 20.54701614 29.00000000
v 44.00000000 20.56681824 30.00000000
v 44.00000000 20.58273125 31.00000000
v 44.00000000 20.59545898 32.00000000
v 44.00000000 20.59939384 33.00000000
v 44.00000000 20.59835052 34.00000000
v 44.00000000 20.59083176 35.00000000
v 44.00000000 20.58583069 36.00000000
v 44.00000000 20.58259010 37.00000000
v 44.00000000 20.58028221 38.00000000
v 44.00000000 20.57182121 39.00000000
v 44.00000000 20.56700706 40.00000000
v 44.00000000 20.55424309 41.00000000
v 44.00000000 20.54857445 42.00000000
v 44.00000000 20.54557419 43.00000000
v 44.00000000 20.54877663 44.00000000
v 44.00000000 20.64980316 45.00000000
v 44.00000000 21.00000000 45.88053131
v 44.00000000 22.00000000 17.03865051
v 44.00000000 21.34593582 46.00000000
v 44.00000000 22.00000000 46.08877945
v 44.00000000 23.00000000 17.00989151
v 44.00000000 23.00000000 46.06692123
v 44.00000000 24.00000000 17.03255463
v 44.00000000 24.00000000 46.04654312
v 44.00000000 25.00000000 17.01737785
v 44.00000000 25.00000000 46.02785110
v 44.00000000 25.56821632 17.00000000
v 44.00000000 26.00000000 16.98759079
v 44.00000000 26.00000000 46.04573441
v 44.00000000 27.00000000 16.92841911
v 44.00000000 27.00000000 46.11212921
v 44.00000000 28.00000000 16.81941795
v 44.00000000 28.00000000 46.15196228
v 44.00000000 29.00000000 16.65180397
v 44.00000000 29.00000000 46.18817520
v 44.00000000 30.00000000 16.51900101
v 44.00000000 30.00000000 46.23522949
v 44.00000000 31.00000000 16.87306023
v 44.00000000 31.00000000 32.70772552
v 44.00000000 30.99434853 33.00000000
v 44.00000000 31.00000000 33.10846329
v 44.00000000 31.00000000 46.28641510
v 44.00000000 31.08281136 17.00000000
v 44.00000000 31.29242706 18.00000000
v 44.00000000 31.32778740 19.00000000
v 44.00000000 31.31824875 20.00000000
v 44.00000000 31.29024506 21.00000000
v 44.00000000 31.23683167 22.00000000
v 44.00000000 31.19684982 23.00000000
v 44.00000000 31.16378403 24.00000000
v 44.00000000 31.13607597 25.00000000
v 44.00000000 31.11712265 26.00000000
v 44.00000000 31.10198593 27.00000000
v 44.00000000 31.08922577 28.00000000
v 44.00000000 31.08080864 29.00000000
v 44.00000000 31.06890488 30.00000000
v 44.00000000 31.05195618 31.00000000
v 44.00000000 31.01775360 32.00000000
v 44.00000000 31.11473465 34.00000000
v 44.00000000 31.46359634 35.00000000
v 44.00000000 32.00000000 35.61441803
v 44.00000000 32.00000000 46.33108902
v 44.00000000 33.00000000 35.69334793
v 44.00000000 33.00000000 46.35005569
v 44.00000000 34.00000000 35.41723633
v 44.00000000 34.00000000 46.37599182
v 44.00000000 35.00000000 35.22270203
v 44.00000000 35.00000000 46.39988327
v 44.00000000 36.00000000 35.20103455
v 44.00000000 36.00000000 46.40501404
v 44.00000000 37.00000000 35.32635880
v 44.00000000 37.00000000 46.38115692
v 44.00000000 38.00000000 35.54673004
v 44.00000000 38.00000000 46.32840729
v 44.00000000 39.00000000 35.85611343
v 44.00000000 39.00000000 46.20066833
v 44.00000000 39.36571121 36.00000000
v 44.00000000 40.00000000 36.21810913
v 44.00000000 40.00000000 46.05062103
v 44.00000000 41.00000000 36.64654922
v 44.00000000 41.00000000 45.63423157
v 44.00000000 40.20783234 46.00000000
v 44.00000000 41.56748199 37.00000000
v 44.00000000 42.00000000 37.35450745
v 44.00000000 42.00000000 44.08447647
v 44.00000000 41.48760605 45.00000000
v 44.00000000 42.43627548 38.00000000
v 44.00000000 42.68532562 39.00000000
v 44.00000000 42.68835449 40.00000000
v 44.00000000 42.62290192 41.00000000
v 44.00000000 42.52875900 42.00000000
v 44.00000000 42.34321594 43.00000000
v 44.00000000 42.03590393 44.00000000
v 45.00000000 20.69696808 18.00000000
v 45.00000000 21.00000000 17.48742104
v 45.00000000 20.47518158 19.00000000
v 45.00000000 20.42911148 20.00000000
v 45.00000000 20.41417122 21.00000000
v 45.00000000 20.40654564 22.00000000
v 45.00000000 20.41766548 23.00000000
v 45.00000000 20.43491745 24.00000000
v 45.00000000 20.45196342 25.00000000
v 45.00000000 20.47289658 26.00000000
v 45.00000000 20.50135612 27.00000000
v 45.00000000 20.53183746 28.00000000
v 45.00000000 20.55905151 29.00000000
v 45.00000000 20.57885742 30.00000000
v 45.00000000 20.59636688 31.00000000
v 45.00000000 20.61273193 32.00000000
v 45.00000000 20.61443520 33.00000000
v 45.00000000 20.61225891 34.00000000
v 45.00000000 20.60532951 35.00000000
v 45.00000000 20.59854698 36.00000000
v 45.00000000 20.59170914 37.00000000
v 45.00000000 20.58820152 38.00000000
v 45.00000000 20.58038521 39.00000000
v 45.00000000 20.57498169 40.00000000
v 45.00000000 20.56052971 41.00000000
v 45.00000000 20.55174637 42.00000000
v 45.00000000 20.54589272 43.00000000
v 45.00000000 20.54827690 44.00000000
v 45.00000000 20.65008163 45.00000000
v 45.00000000 21.00000000 45.88553238
v 45.00000000 22.00000000 17.01593590
v 45.00000000 21.33339500 46.00000000
v 45.00000000 22.00000000 46.08990479
v 44.49977112 23.00000000 17.00000000
v 45.00000000 22.59565544 17.00000000
v 45.00000000 23.00000000 16.99057198
v 45.00000000 23.00000000 46.06786346
v 45.00000000 23.42270470 17.00000000
v 45.00000000 24.00000000 17.01405716
v 45.00000000 24.00000000 46.04380035
v 44.95395660 25.00000000 17.00000000
v 45.00000000 24.94832230 17.00000000
v 45.00000000 25.00000000 16.99923706
v 45.00000000 25.00000000 46.01743317
v 45.00000000 26.00000000 16.98010445
v 45.00000000 26.00000000 46.03963470
v 45.00000000 27.00000000 16.92624664
v 45.00000000 27.00000000 46.10636902
v 45.00000000 28.00000000 16.82038116
v 45.00000000 28.00000000 46.14448547
v 45.00000000 29.00000000 16.65549660
v 45.00000000 29.00000000 46.17988205
v 45.00000000 30.00000000 16.52524567
v 45.00000000 30.00000000 46.22771454
v 45.00000000 31.00000000 16.87357330
v 45.00000000 31.00000000 32.59255219
v 45.00000000 30.99158859 33.00000000
v 45.00000000 31.00000000 33.16621399
v 45.00000000 31.00000000 46.27739334
v 45.00000000 31.08338737 17.00000000
v 45.00000000 31.29094505 18.00000000
v 45.00000000 31.32681656 19.00000000
v 45.00000000 31.31815529 20.00000000
v 45.00000000 31.28968048 21.00000000
v 45.00000000 31.23613739 22.00000000
v 45.00000000 31.19568062 23.00000000
v 45.00000000 31.16398048 24.00000000
v 45.00000000 31.13848305 25.00000000
v 45.00000000 31.11947060 26.00000000
v 45.00000000 31.10325050 27.00000000
v 45.00000000 31.08762741 28.00000000
v 45.00000000 31.07937622 29.00000000
v 45.00000000 31.06785774 30.00000000
v 45.00000000 31.05073738 31.00000000
v 45.00000000 31.01632118 32.00000000
v 45.00000000 31.10551071 34.00000000
v 45.00000000 31.45630074 35.00000000
v 45.00000000 32.00000000 35.61413574
v 45.00000000 32.00000000 46.32243729
v 45.00000000 33.00000000 35.65562439
v 45.00000000 33.00000000 46.34464264
v 45.00000000 34.00000000 35.35924911
v 45.00000000 34.00000000 46.37114334
v 45.00000000 35.00000000 35.18733597
v 45.00000000 35.00000000 46.39561462
v 45.00000000 36.00000000 35.16159058
v 45.00000000 36.00000000 46.40325928
v 45.00000000 37.00000000 35.29957962
v 45.00000000 37.00000000 46.38306046
v 45.00000000 38.00000000 35.52027893
v 45.00000000 38.00000000 46.33376312
v 45.00000000 39.00000000 35.84193420
v 45.00000000 39.00000000 46.20677185
v 45.00000000 39.36700058 36.00000000
v 45.00000000 40.00000000 36.22662354
v 45.00000000 40.00000000 46.04933167
v 45.00000000 41.00000000 36.65380859
v 45.00000000 41.00000000 45.62983704
v 45.00000000 40.20251083 46.00000000
v 45.00000000 41.54655075 37.00000000
v 45.00000000 42.00000000 37.37280655
v 45.00000000 42.00000000 44.05929947
v 45.00000000 41.47967911 45.00000000
v 45.00000000 42.42404556 38.00000000
v 45.00000000 42.67659760 39.00000000
v 45.00000000 42.67948151 40.00000000
v 45.00000000 42.61352539 41.00000000
v 45.00000000 42.52083969 42.00000000
v 45.00000000 42.33462143 43.00000000
v 45.00000000 42.02503967 44.00000000
v 46.00000000 20.68861961 18.00000000
v 46.00000000 21.00000000 17.46031189
v 46.00000000 20.47664261 19.00000000
v 46.00000000 20.43127251 20.00000000
v 46.00000000 20.41977119 21.00000000
v 46.00000000 20.41449356 22.00000000
v 46.00000000 20.42857742 23.00000000
v 46.00000000 20.44529915 24.00000000
v 46.00000000 20.46317482 25.00000000
v 46.00000000 20.48688889 26.00000000
v 46.00000000 20.51686096 27.00000000
v 46.00000000 20.54726028 28.00000000
v 46.00000000 20.57407379 29.00000000
v 46.00000000 20.59181595 30.00000000
v 46.00000000 20.60995865 31.00000000
v 46.00000000 20.62857056 32.00000000
v 46.00000000 20.63063240 33.00000000
v 46.00000000 20.62746239 34.00000000
v 46.00000000 20.62064171 35.00000000
v 46.00000000 20.61238670 36.00000000
v 46.00000000 20.60282516 37.00000000
v 46.00000000 20.59677505 38.00000000
v 46.00000000 20.59010124 39.00000000
v 46.00000000 20.58154106 40.00000000
v 46.00000000 20.56572342 41.00000000
v 46.00000000 20.55471611 42.00000000
v 46.00000000 20.54525757 43.00000000
v 46.00000000 20.54819107 44.00000000
v 46.00000000 20.65165329 45.00000000
v 46.00000000 21.00000000 45.87314606
v 45.73866653 22.00000000 17.00000000
v 46.00000000 21.97920990 17.00000000
v 46.00000000 22.00000000 16.99494171
v 46.00000000 21.35708809 46.00000000
v 46.00000000 22.00000000 46.09024048
v 46.00000000 23.00000000 16.97297096
v 46.00000000 23.00000000 46.06953049
v 45.86319733 24.00000000 17.00000000
v 46.00000000 24.00000000 16.99786186
v 46.00000000 24.00000000 46.04349899
v 46.00000000 25.00000000 16.98066330
v 46.00000000 25.00000000 46.01530838
v 46.00000000 26.00000000 16.96591759
v 46.00000000 26.00000000 46.03356552
v 46.00000000 27.00000000 16.91855621
v 46.00000000 27.00000000 46.09888077
v 46.00000000 28.00000000 16.82326698
v 46.00000000 28.00000000 46.13795471
v 46.00000000 29.00000000 16.66076279
v 46.00000000 29.00000000 46.17167282
v 46.00000000 30.00000000 16.53527641
v 46.00000000 30.00000000 46.21944046
v 46.00000000 31.00000000 16.87075233
v 46.00000000 31.00000000 32.48038864
v 46.00000000 30.98846245 33.00000000
v 46.00000000 31.00000000 33.22579575
v 46.00000000 31.00000000 46.26755905
v 46.00000000 31.08820724 17.00000000
v 46.00000000 31.29596710 18.00000000
v 46.00000000 31.33260918 19.00000000
v 46.00000000 31.32211685 20.00000000
v 46.00000000 31.29051018 21.00000000
v 46.00000000 31.23402214 22.00000000
v 46.00000000 31.19422722 23.00000000
v 46.00000000 31.16346741 24.00000000
v 46.00000000 31.14254379 25.00000000
v 46.00000000 31.12405014 26.00000000
v 46.00000000 31.10869408 27.00000000
v 46.00000000 31.09205818 28.00000000
v 46.00000000 31.08045578 29.00000000
v 46.00000000 31.06777000 30.00000000
v 46.00000000 31.05068970 31.00000000
v 46.00000000 31.01489258 32.00000000
v 46.00000000 31.10089111 34.00000000
v 46.00000000 31.47057915 35.00000000
v 46.00000000 32.00000000 35.59594727
v 46.00000000 32.00000000 46.31202316
v 46.00000000 33.00000000 35.60403824
v 46.00000000 33.00000000 46.33739090
v 46.00000000 34.00000000 35.30291367
v 46.00000000 34.00000000 46.36398315
v 46.00000000 35.00000000 35.15166855
v 46.00000000 35.00000000 46.39062881
v 46.00000000 36.00000000 35.11989975
v 46.00000000 36.00000000 46.40168381
v 46.00000000 37.00000000 35.26797485
v 46.00000000 37.00000000 46.38529968
v 46.00000000 38.00000000 35.50083160
v 46.00000000 38.00000000 46.33532715
v 46.00000000 39.00000000 35.83247375
v 46.00000000 39.00000000 46.20836639
v 46.00000000 39.36190796 36.00000000
v 46.00000000 40.00000000 36.23843765
v 46.00000000 40.00000000 46.04680634
v 46.00000000 41.00000000 36.66730118
v 46.00000000 41.00000000 45.62541199
v 46.00000000 40.19350052 46.00000000
v 46.00000000 41.51704788 37.00000000
v 46.00000000 42.00000000 37.39599228
v 46.00000000 42.00000000 44.03997040
v 46.00000000 41.47127533 45.00000000
v 46.00000000 42.41053772 38.00000000
v 46.00000000 42.66631699 39.00000000
v 46.00000000 42.66950989 40.00000000
v 46.00000000 42.60403824 41.00000000
v 46.00000000 42.51160812 42.00000000
v 46.00000000 42.32757187 43.00000000
v 46.00000000 42.01680374 44.00000000
v 47.00000000 20.67954445 18.00000000
v 47.00000000 21.00000000 17.43141556
v 47.00000000 20.47688866 19.00000000
v 47.00000000 20.43341637 20.00000000
v 47.00000000 20.42441368 21.00000000
v 47.00000000 20.42191887 22.00000000
v 47.00000000 20.43729591 23.00000000
v 47.00000000 20.45343781 24.00000000
v 47.00000000 20.47305489 25.00000000
v 47.00000000 20.49851608 26.00000000
v 47.00000000 20.53139877 27.00000000
v 47.00000000 20.56355858 28.00000000
v 47.00000000 20.59070969 29.00000000
v 47.00000000 20.60602188 30.00000000
v 47.00000000 20.62540817 31.00000000
v 47.00000000 20.64288902 32.00000000
v 47.00000000 20.64753532 33.00000000
v 47.00000000 20.64295959 34.00000000
v 47.00000000 20.63642120 35.00000000
v 47.00000000 20.62637901 36.00000000
v 47.00000000 20.61540413 37.00000000
v 47.00000000 20.60809517 38.00000000
v 47.00000000 20.59993744 39.00000000
v 47.00000000 20.58709717 40.00000000
v 47.00000000 20.57019615 41.00000000
v 47.00000000 20.55733490 42.00000000
v 47.00000000 20.54685211 43.00000000
v 47.00000000 20.55142212 44.00000000
v 47.00000000 20.65602875 45.00000000
v 47.00000000 21.00000000 45.85828400
v 47.00000000 21.90926552 17.00000000
v 47.00000000 22.00000000 16.97810745
v 47.00000000 21.39071846 46.00000000
v 47.00000000 22.00000000 46.08716965
v 47.00000000 23.00000000 16.95838547
v 47.00000000 23.00000000 46.06584930
v 47.00000000 24.00000000 16.98407745
v 47.00000000 24.00000000 46.04368591
v 47.00000000 25.00000000 16.96438408
v 47.00000000 25.00000000 46.01709747
v 47.00000000 26.00000000 16.95202065
v 47.00000000 26.00000000 46.03369904
v 47.00000000 27.00000000 16.90939140
v 47.00000000 27.00000000 46.09346008
v 47.00000000 28.00000000 16.82036591
v 47.00000000 28.00000000 46.13182068
v 47.00000000 29.00000000 16.66845131
v 47.00000000 29.00000000 46.16421509
v 47.00000000 30.00000000 16.54962158
v 47.00000000 30.00000000 46.20960999
v 47.00000000 31.00000000 16.87736893
v 47.00000000 31.00000000 32.61026382
v 47.00000000 30.99068069 33.00000000
v 47.00000000 31.00000000 33.19353104
v 47.00000000 31.00000000 46.25596237
v 47.00000000 31.08858490 17.00000000
v 47.00000000 31.31679726 18.00000000
v 47.00000000 31.35227966 19.00000000
v 47.00000000 31.33862305 20.00000000
v 47.00000000 31.30583191 21.00000000
v 47.00000000 31.24648094 22.00000000
v 47.00000000 31.20549583 23.00000000
v 47.00000000 31.17046738 24.00000000
v 47.00000000 31.15032387 25.00000000
v 47.00000000 31.13427353 26.00000000
v 47.00000000 31.11801147 27.00000000
v 47.00000000 31.10046577 28.00000000
v 47.00000000 31.08666801 29.00000000
v 47.00000000 31.07679749 30.00000000
v 47.00000000 31.06143761 31.00000000
v 47.00000000 31.02153206 32.00000000
v 47.00000000 31.10112381 34.00000000
v 47.00000000 31.49833298 35.00000000
v 47.00000000 32.00000000 35.57250214
v 47.00000000 32.00000000 46.30313873
v 47.00000000 33.00000000 35.56445312
v 47.00000000 33.00000000 46.32995605
v 47.00000000 34.00000000 35.25122452
v 47.00000000 34.00000000 46.35535812
v 47.00000000 35.00000000 35.11427307
v 47.00000000 35.00000000 46.38878632
v 47.00000000 36.00000000 35.08208084
v 47.00000000 36.00000000 46.40290451
v 47.00000000 37.00000000 35.23506165
v 47.00000000 37.00000000 46.38249207
v 47.00000000 38.00000000 35.48405457
v 47.00000000 38.00000000 46.33161545
v 47.00000000 39.00000000 35.83922195
v 47.00000000 39.00000000 46.20911407
v 47.00000000 39.32293701 36.00000000
v 47.00000000 40.00000000 36.26249695
v 47.00000000 40.00000000 46.04158020
v 47.00000000 41.00000000 36.68321991
v 47.00000000 41.00000000 45.61562729
v 47.00000000 40.17238998 46.00000000
v 47.00000000 41.48975372 37.00000000
v 47.00000000 42.00000000 37.41591263
v 47.00000000 42.00000000 44.00844574
v 47.00000000 41.45995331 45.00000000
v 47.00000000 42.39474869 38.00000000
v 47.00000000 42.65304947 39.00000000
v 47.00000000 42.65665054 40.00000000
v 47.00000000 42.59144974 41.00000000
v 47.00000000 42.49853897 42.00000000
v 47.00000000 42.31505966 43.00000000
v 47.00000000 42.00351715 44.00000000
v 48.00000000 20.67143059 18.00000000
v 48.00000000 21.00000000 17.40309143
v 48.00000000 20.47907257 19.00000000
v 48.00000000 20.43666267 20.00000000
v 48.00000000 20.42826271 21.00000000
v 48.00000000 20.43071747 22.00000000
v 48.00000000 20.44765472 23.00000000
v 48.00000000 20.46314049 24.00000000
v 48.00000000 20.48362732 25.00000000
v 48.00000000 20.50788307 26.00000000
v 48.00000000 20.54249191 27.00000000
v 48.00000000 20.57663918 28.00000000
v 48.00000000 20.60413551 29.00000000
v 48.00000000 20.61867714 30.00000000
v 48.00000000 20.64010239 31.00000000
v 48.00000000 20.65641022 32.00000000
v 48.00000000 20.66424370 33.00000000
v 48.00000000 20.65987778 34.00000000
v 48.00000000 20.65437698 35.00000000
v 48.00000000 20.64102173 36.00000000
v 48.00000000 20.63087654 37.00000000
v 48.00000000 20.62232018 38.00000000
v 48.00000000 20.60974312 39.00000000
v 48.00000000 20.59470367 40.00000000
v 48.00000000 20.57474899 41.00000000
v 48.00000000 20.56158257 42.00000000
v 48.00000000 20.54961967 43.00000000
v 48.00000000 20.55481339 44.00000000
v 48.00000000 20.66121864 45.00000000
v 48.00000000 21.00000000 45.84029770
v 48.00000000 21.82478905 17.00000000
v 48.00000000 22.00000000 16.95743561
v 48.00000000 21.41789627 46.00000000
v 48.00000000 22.00000000 46.08731079
v 48.00000000 23.00000000 16.94544601
v 48.00000000 23.00000000 46.06102753
v 48.00000000 24.00000000 16.97138405
v 48.00000000 24.00000000 46.03783417
v 48.00000000 25.00000000 16.95177841
v 48.00000000 25.00000000 46.01996994
v 48.00000000 26.00000000 16.93843079
v 48.00000000 26.00000000 46.03896713
v 48.00000000 27.00000000 16.89725876
v 48.00000000 27.00000000 46.08834457
v 48.00000000 28.00000000 16.81591225
v 48.00000000 28.00000000 46.12731171
v 48.00000000 29.00000000 16.66781998
v 48.00000000 29.00000000 46.15822601
v 48.00000000 30.00000000 16.56559372
v 48.00000000 30.00000000 46.20050812
v 48.00000000 31.00000000 16.89779282
v 48.00000000 31.00000000 32.96529388
v 48.00000000 30.99918556 33.00000000
v 48.00000000 31.00000000 33.01937485
v 48.00000000 31.00000000 46.24437714
v 48.00000000 31.07691002 17.00000000
v 48.00000000 31.33212090 18.00000000
v 48.00000000 31.37882614 19.00000000
v 48.00000000 31.37301254 20.00000000
v 48.00000000 31.33459473 21.00000000
v 48.00000000 31.27457809 22.00000000
v 48.00000000 31.23638725 23.00000000
v 48.00000000 31.20573807 24.00000000
v 48.00000000 31.18276024 25.00000000
v 48.00000000 31.16484642 26.00000000
v 48.00000000 31.13918304 27.00000000
v 48.00000000 31.11646652 28.00000000
v 48.00000000 31.10305595 29.00000000
v 48.00000000 31.09271431 30.00000000
v 48.00000000 31.07459641 31.00000000
v 48.00000000 31.03514290 32.00000000
v 48.00000000 31.11274338 34.00000000
v 48.00000000 31.54525185 35.00000000
v 48.00000000 32.00000000 35.53664017
v 48.00000000 32.00000000 46.29489136
v 48.00000000 33.00000000 35.52534103
v 48.00000000 33.00000000 46.32120132
v 48.00000000 34.00000000 35.20564651
v 48.00000000 34.00000000 46.34396744
v 48.00000000 35.00000000 35.07165909
v 48.00000000 35.00000000 46.38626480
v 48.00000000 36.00000000 35.04916763
v 48.00000000 36.00000000 46.39940643
v 48.00000000 37.00000000 35.19717407
v 48.00000000 37.00000000 46.37615967
v 48.00000000 38.00000000 35.46925735
v 48.00000000 38.00000000 46.32572174
v 48.00000000 39.00000000 35.83340454
v 48.00000000 39.00000000 46.20520401
v 48.00000000 39.31296158 36.00000000
v 48.00000000 40.00000000 36.27384949
v 48.00000000 40.00000000 46.03258896
v 48.00000000 41.00000000 36.69727325
v 48.00000000 41.00000000 45.59909821
v 48.00000000 40.13529587 46.00000000
v 48.00000000 41.45925140 37.00000000
v 48.00000000 42.00000000 37.43991852
v 47.21335220 42.00000000 44.00000000
v 48.00000000 42.00000000 43.96213150
v 48.00000000 41.98268509 44.00000000
v 48.00000000 41.44726562 45.00000000
v 48.00000000 42.37733841 38.00000000
v 48.00000000 42.63488770 39.00000000
v 48.00000000 42.64244080 40.00000000
v 48.00000000 42.57774734 41.00000000
v 48.00000000 42.48419189 42.00000000
v 48.00000000 42.30036545 43.00000000
v 49.00000000 20.65810585 18.00000000
v 49.00000000 21.00000000 17.36158180
v 49.00000000 20.47712708 19.00000000
v 49.00000000 20.44075775 20.00000000
v 49.00000000 20.43256187 21.00000000
v 49.00000000 20.43953705 22.00000000
v 49.00000000 20.45766449 23.00000000
v 49.00000000 20.47522545 24.00000000
v 49.00000000 20.49610329 25.00000000
v 49.00000000 20.52108955 26.00000000
v 49.00000000 20.55529404 27.00000000
v 49.00000000 20.59149933 28.00000000
v 49.00000000 20.61976624 29.00000000
v 49.00000000 20.63447380 30.00000000
v 49.00000000 20.65200424 31.00000000
v 49.00000000 20.66553307 32.00000000
v 49.00000000 20.67652893 33.00000000
v 49.00000000 20.67665863 34.00000000
v 49.00000000 20.67217636 35.00000000
v 49.00000000 20.65965843 36.00000000
v 49.00000000 20.64980698 37.00000000
v 49.00000000 20.63996887 38.00000000
v 49.00000000 20.62178040 39.00000000
v 49.00000000 20.60097313 40.00000000
v 49.00000000 20.58130646 41.00000000
v 49.00000000 20.56689262 42.00000000
v 49.00000000 20.55382729 43.00000000
v 49.00000000 20.55861282 44.00000000
v 49.00000000 20.66662216 45.00000000
v 49.00000000 21.00000000 45.82148361
v 49.00000000 21.73102570 17.00000000
v 49.00000000 22.00000000 16.93559265
v 49.00000000 21.44222832 46.00000000
v 49.00000000 22.00000000 46.08797455
v 49.00000000 23.00000000 16.93144798
v 49.00000000 23.00000000 46.05617142
v 49.00000000 24.00000000 16.96070290
v 49.00000000 24.00000000 46.03257751
v 49.00000000 25.00000000 16.94358253
v 49.00000000 25.00000000 46.01821136
v 49.00000000 26.00000000 16.93028450
v 49.00000000 26.00000000 46.03800964
v 49.00000000 27.00000000 16.88877869
v 49.00000000 27.00000000 46.08666992
v 49.00000000 28.00000000 16.81980896
v 49.00000000 28.00000000 46.12405014
v 49.00000000 29.00000000 16.67746162
v 49.00000000 29.00000000 46.15171051
v 49.00000000 30.00000000 16.58912849
v 49.00000000 30.00000000 46.19261932
v 49.00000000 31.00000000 16.92115402
v 48.05858231 31.00000000 33.00000000
v 49.00000000 31.00000000 46.23568344
v 49.00000000 31.06303596 17.00000000
v 49.00000000 31.34742737 18.00000000
v 49.00000000 31.39441872 19.00000000
v 49.00000000 31.39382935 20.00000000
v 49.00000000 31.36506844 21.00000000
v 49.00000000 31.30907440 22.00000000
v 49.00000000 31.26976013 23.00000000
v 49.00000000 31.24765587 24.00000000
v 49.00000000 31.23800278 25.00000000
v 49.00000000 31.22674942 26.00000000
v 49.00000000 31.20668983 27.00000000
v 49.00000000 31.16898155 28.00000000
v 49.00000000 31.14231682 29.00000000
v 49.00000000 31.12203026 30.00000000
v 49.00000000 31.09917068 31.00000000
v 49.00000000 31.06294060 32.00000000
v 49.00000000 31.02644348 33.00000000
v 49.00000000 31.13897705 34.00000000
v 49.00000000 31.62622643 35.00000000
v 49.00000000 32.00000000 35.45605469
v 49.00000000 32.00000000 46.28561783
v 49.00000000 33.00000000 35.46404648
v 49.00000000 33.00000000 46.30751419
v 49.00000000 34.00000000 35.14043045
v 49.00000000 34.00000000 46.33515549
v 48.75453568 35.00000000 35.00000000
v 49.00000000 34.84258270 35.00000000
v 49.00000000 35.00000000 34.98162460
v 49.00000000 35.00000000 46.38219833
v 48.51391983 36.00000000 35.00000000
v 49.00000000 36.00000000 34.96852112
v 49.00000000 36.00000000 46.39069366
v 49.00000000 36.30956650 35.00000000
v 49.00000000 37.00000000 35.10938263
v 49.00000000 37.00000000 46.36592484
v 49.00000000 38.00000000 35.42136765
v 49.00000000 38.00000000 46.31585312
v 49.00000000 39.00000000 35.80269623
v 49.00000000 39.00000000 46.19726562
v 49.00000000 39.34543610 36.00000000
v 49.00000000 40.00000000 36.26664734
v 49.00000000 40.00000000 46.02392197
v 49.00000000 41.00000000 36.70109558
v 49.00000000 41.00000000 45.57688904
v 49.00000000 40.09763336 46.00000000
v 49.00000000 41.44073105 37.00000000
v 49.00000000 42.00000000 37.45777893
v 49.00000000 42.00000000 43.88716507
v 49.00000000 41.94995117 44.00000000
v 49.00000000 41.43263245 45.00000000
v 49.00000000 42.35936356 38.00000000
v 49.00000000 42.60416031 39.00000000
v 49.00000000 42.61458969 40.00000000
v 49.00000000 42.55373383 41.00000000
v 49.00000000 42.45986938 42.00000000
v 49.00000000 42.27410507 43.00000000
v 50.00000000 20.63860130 18.00000000
v 50.00000000 21.00000000 17.32267952
v 50.00000000 20.46567535 19.00000000
v 50.00000000 20.43661118 20.00000000
v 50.00000000 20.43007469 21.00000000
v 50.00000000 20.43812180 22.00000000
v 50.00000000 20.46092987 23.00000000
v 50.00000000 20.48362541 24.00000000
v 50.00000000 20.50855446 25.00000000
v 50.00000000 20.53543663 26.00000000
v 50.00000000 20.57075691 27.00000000
v 50.00000000 20.60884666 28.00000000
v 50.00000000 20.63700676 29.00000000
v 50.00000000 20.65045357 30.00000000
v 50.00000000 20.66438293 31.00000000
v 50.00000000 20.67611504 32.00000000
v 50.00000000 20.68668556 33.00000000
v 50.00000000 20.69127083 34.00000000
v 50.00000000 20.68855476 35.00000000
v 50.00000000 20.67718124 36.00000000
v 50.00000000 20.66754150 37.00000000
v 50.00000000 20.65552902 38.00000000
v 50.00000000 20.63586044 39.00000000
v 50.00000000 20.61208344 40.00000000
v 50.00000000 20.59237862 41.00000000
v 50.00000000 20.57467842 42.00000000
v 50.00000000 20.56155777 43.00000000
v 50.00000000 20.56504822 44.00000000
v 50.00000000 20.67252350 45.00000000
v 50.00000000 21.00000000 45.80291748
v 50.00000000 21.65080452 17.00000000
v 50.00000000 22.00000000 16.91656494
v 50.00000000 21.46166420 46.00000000
v 50.00000000 22.00000000 46.08975601
v 50.00000000 23.00000000 16.91954803
v 50.00000000 23.00000000 46.05324936
v 50.00000000 24.00000000 16.94806099
v 50.00000000 24.00000000 46.02792740
v 50.00000000 25.00000000 16.93866158
v 50.00000000 25.00000000 46.01721954
v 50.00000000 26.00000000 16.92595482
v 50.00000000 26.00000000 46.03469086
v 50.00000000 27.00000000 16.88683128
v 50.00000000 27.00000000 46.08385086
v 50.00000000 28.00000000 16.82170296
v 50.00000000 28.00000000 46.12127304
v 50.00000000 29.00000000 16.70233345
v 50.00000000 29.00000000 46.14719772
v 50.00000000 30.00000000 16.61604500
v 50.00000000 30.00000000 46.18481445
v 50.00000000 31.00000000 16.95177269
v 50.00000000 31.00000000 46.22303009
v 50.00000000 31.04729080 17.00000000
v 50.00000000 31.40072441 18.00000000
v 50.00000000 31.45976257 19.00000000
v 50.00000000 31.46099854 20.00000000
v 50.00000000 31.42296982 21.00000000
v 50.00000000 31.35969353 22.00000000
v 50.00000000 31.31745720 23.00000000
v 50.00000000 31.30088997 24.00000000
v 50.00000000 31.29590797 25.00000000
v 50.00000000 31.29557991 26.00000000
v 50.00000000 31.28257370 27.00000000
v 50.00000000 31.25564003 28.00000000
v 50.00000000 31.23569679 29.00000000
v 50.00000000 31.21276665 30.00000000
v 50.00000000 31.18270111 31.00000000
v 50.00000000 31.13572693 32.00000000
v 50.00000000 31.08376694 33.00000000
v 50.00000000 31.21777916 34.00000000
v 50.00000000 31.75732040 35.00000000
v 50.00000000 32.00000000 35.30155563
v 50.00000000 32.00000000 46.27413559
v 50.00000000 33.00000000 35.32450104
v 50.00000000 33.00000000 46.29563904
v 50.00000000 34.00000000 35.01807404
v 50.00000000 34.00000000 46.33169937
v 50.00000000 34.08729935 35.00000000
v 50.00000000 35.00000000 34.84492493
v 50.00000000 35.00000000 46.37843704
v 50.00000000 36.00000000 34.86989212
v 50.00000000 36.00000000 46.38168335
v 49.84895325 37.00000000 35.00000000
v 50.00000000 37.00000000 34.98412323
v 50.00000000 37.00000000 46.35578537
v 50.00000000 37.06044006 35.00000000
v 50.00000000 38.00000000 35.30519104
v 50.00000000 38.00000000 46.30145264
v 50.00000000 39.00000000 35.69592667
v 50.00000000 39.00000000 46.18301773
v 50.00000000 39.48422623 36.00000000
v 50.00000000 40.00000000 36.22291565
v 50.00000000 40.00000000 46.00785828
v 50.00000000 41.00000000 36.68541336
v 50.00000000 41.00000000 45.53934860
v 50.00000000 40.03188324 46.00000000
v 50.00000000 41.44793320 37.00000000
v 50.00000000 42.00000000 37.46257782
v 50.00000000 42.00000000 43.76789093
v 50.00000000 41.90184021 44.00000000
v 50.00000000 41.40607071 45.00000000
v 50.00000000 42.34197998 38.00000000
v 50.00000000 42.56332397 39.00000000
v 50.00000000 42.57551193 40.00000000
v 50.00000000 42.51746750 41.00000000
v 50.00000000 42.42355347 42.00000000
v 50.00000000 42.23334122 43.00000000
v 51.00000000 20.61708069 18.00000000
v 51.00000000 21.00000000 17.28028297
v 51.00000000 20.45262909 19.00000000
v 51.00000000 20.43108177 20.00000000
v 51.00000000 20.42731857 21.00000000
v 51.00000000 20.43231964 22.00000000
v 51.00000000 20.45455360 23.00000000
v 51.00000000 20.47877884 24.00000000
v 51.00000000 20.50456047 25.00000000
v 51.00000000 20.53392220 26.00000000
v 51.00000000 20.57254219 27.00000000
v 51.00000000 20.61383820 28.00000000
v 51.00000000 20.64407730 29.00000000
v 51.00000000 20.65778923 30.00000000
v 51.00000000 20.67083359 31.00000000
v 51.00000000 20.68360138 32.00000000
v 51.00000000 20.69528008 33.00000000
v 51.00000000 20.70402908 34.00000000
v 51.00000000 20.70211220 35.00000000
v 51.00000000 20.69161987 36.00000000
v 51.00000000 20.67918205 37.00000000
v 51.00000000 20.66321754 38.00000000
v 51.00000000 20.64303207 39.00000000
v 51.00000000 20.61977196 40.00000000
v 51.00000000 20.59749794 41.00000000
v 51.00000000 20.58044815 42.00000000
v 51.00000000 20.56800461 43.00000000
v 51.00000000 20.57333565 44.00000000
v 51.00000000 20.67825127 45.00000000
v 51.00000000 21.00000000 45.79416275
v 51.00000000 21.55798149 17.00000000
v 51.00000000 22.00000000 16.89407158
v 51.00000000 21.46240425 46.00000000
v 51.00000000 22.00000000 46.09225082
v 51.00000000 23.00000000 16.90342331
v 51.00000000 23.00000000 46.05527878
v 51.00000000 24.00000000 16.93261337
v 51.00000000 24.00000000 46.02498245
v 51.00000000 25.00000000 16.92913246
v 51.00000000 25.00000000 46.01828384
v 51.00000000 26.00000000 16.91855049
v 51.00000000 26.00000000 46.03142548
v 51.00000000 27.00000000 16.87872124
v 51.00000000 27.00000000 46.08067703
v 51.00000000 28.00000000 16.81229782
v 51.00000000 28.00000000 46.11600113
v 51.00000000 29.00000000 16.70937920
v 51.00000000 29.00000000 46.13361359
v 51.00000000 30.00000000 16.63461494
v 51.00000000 30.00000000 46.17024994
v 51.00000000 31.00000000 16.94635963
v 51.00000000 31.00000000 46.21102524
v 51.00000000 31.06775856 17.00000000
v 51.00000000 31.52573586 18.00000000
v 51.00000000 31.66017532 19.00000000
v 51.00000000 31.69783974 20.00000000
v 51.00000000 31.65977859 21.00000000
v 51.00000000 31.56832695 22.00000000
v 51.00000000 31.50821686 23.00000000
v 51.00000000 31.44951057 24.00000000
v 51.00000000 31.42146111 25.00000000
v 51.00000000 31.41419983 26.00000000
v 51.00000000 31.40807152 27.00000000
v 51.00000000 31.40024376 28.00000000
v 51.00000000 31.39678001 29.00000000
v 51.00000000 31.38378143 30.00000000
v 51.00000000 31.37655258 31.00000000
v 51.00000000 31.34759140 32.00000000
v 51.00000000 31.33091164 33.00000000
v 51.00000000 31.53658104 34.00000000
v 50.78630447 32.00000000 35.00000000
v 51.00000000 32.00000000 34.87673569
v 51.00000000 32.00000000 46.26156235
v 50.75284195 33.00000000 35.00000000
v 51.00000000 33.00000000 34.82384491
v 51.00000000 33.00000000 46.29081726
v 50.06369400 34.00000000 35.00000000
v 51.00000000 34.00000000 34.39226913
v 51.00000000 34.00000000 46.32674789
v 51.00000000 35.00000000 34.42022705
v 51.00000000 35.00000000 46.36845779
v 51.00000000 36.00000000 34.53483582
v 51.00000000 36.00000000 46.36479187
v 51.00000000 37.00000000 34.72107315
v 51.00000000 37.00000000 46.33811569
v 51.00000000 37.81825256 35.00000000
v 51.00000000 38.00000000 35.06556702
v 51.00000000 38.00000000 46.28174210
v 51.00000000 39.00000000 35.53292084
v 51.00000000 39.00000000 46.16418076
v 51.00000000 39.63516235 36.00000000
v 51.00000000 40.00000000 36.16451645
v 50.37205887 40.00000000 46.00000000
v 51.00000000 40.00000000 45.97716904
v 51.00000000 39.92950058 46.00000000
v 51.00000000 41.00000000 36.64209747
v 51.00000000 41.00000000 45.49303818
v 51.00000000 41.48475266 37.00000000
v 51.00000000 42.00000000 37.46081924
v 51.00000000 42.00000000 43.61138916
v 51.00000000 41.84495544 44.00000000
v 51.00000000 41.37196732 45.00000000
v 51.00000000 42.31190872 38.00000000
v 51.00000000 42.50069809 39.00000000
v 51.00000000 42.51536560 40.00000000
v 51.00000000 42.46094894 41.00000000
v 51.00000000 42.37246323 42.00000000
v 51.00000000 42.18141556 43.00000000
v 52.00000000 20.59519958 18.00000000
v 52.00000000 21.00000000 17.24422455
v 52.00000000 20.44218445 19.00000000
v 52.00000000 20.42242622 20.00000000
v 52.00000000 20.42163658 21.00000000
v 52.00000000 20.42702866 22.00000000
v 52.00000000 20.44825172 23.00000000
v 52.00000000 20.47262764 24.00000000
v 52.00000000 20.49898529 25.00000000
v 52.00000000 20.53012276 26.00000000
v 52.00000000 20.57056808 27.00000000
v 52.00000000 20.61462402 28.00000000
v 52.00000000 20.64290810 29.00000000
v 52.00000000 20.65616989 30.00000000
v 52.00000000 20.66698647 31.00000000
v 52.00000000 20.68088531 32.00000000
v 52.00000000 20.69287872 33.00000000
v 52.00000000 20.70208931 34.00000000
v 52.00000000 20.70316315 35.00000000
v 52.00000000 20.69418526 36.00000000
v 52.00000000 20.67877960 37.00000000
v 52.00000000 20.66139030 38.00000000
v 52.00000000 20.64193916 39.00000000
v 52.00000000 20.61961174 40.00000000
v 52.00000000 20.59561539 41.00000000
v 52.00000000 20.57880783 42.00000000
v 52.00000000 20.56779861 43.00000000
v 52.00000000 20.57225609 44.00000000
v 52.00000000 20.67537498 45.00000000
v 52.00000000 21.00000000 45.80546951
v 52.00000000 21.49323845 17.00000000
v 52.00000000 22.00000000 16.88052750
v 52.00000000 21.42486572 46.00000000
v 52.00000000 22.00000000 46.09963989
v 52.00000000 23.00000000 16.88970375
v 52.00000000 23.00000000 46.06083679
v 52.00000000 24.00000000 16.92252159
v 52.00000000 24.00000000 46.02062607
v 52.00000000 25.00000000 16.92273140
v 52.00000000 25.00000000 46.01452637
v 52.00000000 26.00000000 16.91038704
v 52.00000000 26.00000000 46.02160645
v 52.00000000 27.00000000 16.87069321
v 52.00000000 27.00000000 46.06961060
v 52.00000000 28.00000000 16.80081749
v 52.00000000 28.00000000 46.10412598
v 52.00000000 29.00000000 16.70937729
v 52.00000000 29.00000000 46.11594391
v 52.00000000 30.00000000 16.63639259
v 52.00000000 30.00000000 46.14475632
v 52.00000000 31.00000000 16.91367912
v 52.00000000 31.00000000 46.19388580
v 52.00000000 31.15650177 17.00000000
v 52.00000000 31.90860367 18.00000000
v 51.75259399 32.00000000 19.00000000
v 52.00000000 32.00000000 18.36381149
v 51.68883896 32.00000000 20.00000000
v 51.76694489 32.00000000 21.00000000
v 51.90151978 32.00000000 22.00000000
v 52.00000000 32.00000000 22.99005699
v 52.00000000 31.99911308 23.00000000
v 52.00000000 31.92878723 24.00000000
v 52.00000000 31.88882446 25.00000000
v 52.00000000 31.84823036 26.00000000
v 52.00000000 31.81729698 27.00000000
v 52.00000000 31.80342865 28.00000000
v 52.00000000 31.81479263 29.00000000
v 52.00000000 31.84347534 30.00000000
v 52.00000000 31.92754936 31.00000000
v 52.00000000 31.98767853 32.00000000
v 51.97791290 32.00000000 33.00000000
v 52.00000000 32.00000000 32.34413910
v 51.74033737 32.00000000 34.00000000
v 52.00000000 32.00000000 46.24760437
v 51.81636810 33.00000000 18.00000000
v 52.00000000 32.35015488 18.00000000
v 52.00000000 33.00000000 17.62953377
v 51.74734116 33.00000000 19.00000000
v 51.79801941 33.00000000 20.00000000
v 51.85512161 33.00000000 21.00000000
v 51.92462921 33.00000000 22.00000000
v 52.00000000 32.03461838 23.00000000
v 51.98466492 33.00000000 23.00000000
v 52.00000000 33.00000000 23.23056221
v 51.96844864 33.00000000 32.00000000
v 52.00000000 32.19398117 32.00000000
v 52.00000000 33.00000000 31.58859634
v 51.90925598 33.00000000 33.00000000
v 51.60744858 33.00000000 34.00000000
v 52.00000000 33.00000000 46.28367615
v 51.86683655 34.00000000 18.00000000
v 52.00000000 34.00000000 17.54649734
v 51.79950333 34.00000000 19.00000000
v 51.80780411 34.00000000 20.00000000
v 51.83674240 34.00000000 21.00000000
v 51.87398148 34.00000000 22.00000000
v 51.91571808 34.00000000 23.00000000
v 52.00000000 33.53054810 24.00000000
v 51.96074295 34.00000000 24.00000000
v 52.00000000 34.00000000 24.86115456
v 51.97189331 34.00000000 32.00000000
v 52.00000000 34.00000000 31.35624123
v 51.76279068 34.00000000 33.00000000
v 51.29679108 34.00000000 34.00000000
v 52.00000000 34.00000000 46.31701279
v 51.98615265 35.00000000 18.00000000
v 52.00000000 35.00000000 17.93983841
v 51.91209412 35.00000000 19.00000000
v 51.89803696 35.00000000 20.00000000
v 51.88757324 35.00000000 21.00000000
v 51.88489151 35.00000000 22.00000000
v 51.89648438 35.00000000 23.00000000
v 51.92389297 35.00000000 24.00000000
v 52.00000000 34.14352798 25.00000000
v 51.96306992 35.00000000 25.00000000
v 52.00000000 35.00000000 25.80346298
v 52.00000000 34.39179611 32.00000000
v 52.00000000 35.00000000 32.29774857
v 51.84611130 35.00000000 33.00000000
v 51.32106400 35.00000000 34.00000000
v 52.00000000 35.00000000 46.34743500
v 52.00000000 35.11228180 18.00000000
v 52.00000000 35.66257858 19.00000000
v 52.00000000 35.90464783 20.00000000
v 52.00000000 36.00000000 20.45396042
v 51.98667908 36.00000000 21.00000000
v 51.98778152 36.00000000 22.00000000
v 52.00000000 36.00000000 22.88152695
v 52.00000000 35.98653412 23.00000000
v 52.00000000 35.81710052 24.00000000
v 52.00000000 35.51261520 25.00000000
v 51.96145248 36.00000000 33.00000000
v 52.00000000 36.00000000 32.83784103
v 51.53351593 36.00000000 34.00000000
v 52.00000000 36.00000000 46.34068680
v 52.00000000 36.08917236 21.00000000
v 52.00000000 36.09525681 22.00000000
v 52.00000000 36.30134964 33.00000000
v 52.00000000 37.00000000 33.32299423
v 51.74669647 37.00000000 34.00000000
v 52.00000000 37.00000000 46.31608963
v 52.00000000 37.92963791 34.00000000
v 51.12821579 38.00000000 35.00000000
v 52.00000000 38.00000000 34.04210281
v 52.00000000 38.00000000 46.25618744
v 51.90484619 39.00000000 35.00000000
v 52.00000000 39.00000000 34.87264633
v 52.00000000 39.00000000 46.13597107
v 52.00000000 39.07248688 35.00000000
v 51.87298965 40.00000000 36.00000000
v 52.00000000 40.00000000 35.94837570
v 52.00000000 40.00000000 45.92198563
v 52.00000000 39.76388931 46.00000000
v 52.00000000 40.05179596 36.00000000
v 52.00000000 41.00000000 36.44738388
v 52.00000000 41.00000000 45.41762161
v 52.00000000 41.65004730 37.00000000
v 52.00000000 42.00000000 37.40697098
v 52.00000000 42.00000000 43.38778687
v 52.00000000 41.78288269 44.00000000
v 52.00000000 41.31001282 45.00000000
v 52.00000000 42.27092361 38.00000000
v 52.00000000 42.42100906 39.00000000
v 52.00000000 42.42366409 40.00000000
v 52.00000000 42.36693954 41.00000000
v 52.00000000 42.28122330 42.00000000
v 52.00000000 42.10453796 43.00000000
v 53.00000000 20.56305122 18.00000000
v 53.00000000 21.00000000 17.19851875
v 53.00000000 20.42895508 19.00000000
v 53.00000000 20.41443634 20.00000000
v 53.00000000 20.41523361 21.00000000
v 53.00000000 20.41952896 22.00000000
v 53.00000000 20.43987656 23.00000000
v 53.00000000 20.46383476 24.00000000
v 53.00000000 20.48849487 25.00000000
v 53.00000000 20.51984406 26.00000000
v 53.00000000 20.56086731 27.00000000
v 53.00000000 20.60646248 28.00000000
v 53.00000000 20.63534355 29.00000000
v 53.00000000 20.64864159 30.00000000
v 53.00000000 20.65948296 31.00000000
v 53.00000000 20.67218399 32.00000000
v 53.00000000 20.68285179 33.00000000
v 53.00000000 20.69050598 34.00000000
v 53.00000000 20.69350815 35.00000000
v 53.00000000 20.68368340 36.00000000
v 53.00000000 20.66495132 37.00000000
v 53.00000000 20.64580917 38.00000000
v 53.00000000 20.62516785 39.00000000
v 53.00000000 20.60563087 40.00000000
v 53.00000000 20.58294296 41.00000000
v 53.00000000 20.57154655 42.00000000
v 53.00000000 20.55913162 43.00000000
v 53.00000000 20.56241035 44.00000000
v 53.00000000 20.66218185 45.00000000
v 53.00000000 21.00000000 45.83722687
v 53.00000000 21.41152573 17.00000000
v 53.00000000 22.00000000 16.86496353
v 53.00000000 21.35782623 46.00000000
v 53.00000000 22.00000000 46.10900116
v 53.00000000 23.00000000 16.88136101
v 53.00000000 23.00000000 46.07448196
v 53.00000000 24.00000000 16.91444397
v 53.00000000 24.00000000 46.03227997
v 53.00000000 25.00000000 16.91354752
v 53.00000000 25.00000000 46.02414322
v 53.00000000 26.00000000 16.89992332
v 53.00000000 26.00000000 46.03077316
v 53.00000000 27.00000000 16.85883904
v 53.00000000 27.00000000 46.06916046
v 53.00000000 28.00000000 16.79680061
v 53.00000000 28.00000000 46.09955597
v 53.00000000 29.00000000 16.71112633
v 53.00000000 29.00000000 46.10667038
v 53.00000000 30.00000000 16.65091515
v 53.00000000 30.00000000 46.12347794
v 53.00000000 31.00000000 16.84565544
v 53.00000000 31.00000000 46.17266846
v 53.00000000 31.48527908 17.00000000
v 52.12962723 32.00000000 18.00000000
v 53.00000000 32.00000000 17.28203011
v 52.00083160 32.00000000 23.00000000
v 52.06817627 32.00000000 24.00000000
v 52.11388397 32.00000000 25.00000000
v 52.17127228 32.00000000 26.00000000
v 52.22519684 32.00000000 27.00000000
v 52.25101852 32.00000000 28.00000000
v 52.25795746 32.00000000 29.00000000
v 52.22858810 32.00000000 30.00000000
v 52.09516144 32.00000000 31.00000000
v 52.01554871 32.00000000 32.00000000
v 53.00000000 32.00000000 46.23526382
v 52.48957443 33.00000000 17.00000000
v 53.00000000 32.44511795 17.00000000
v 53.00000000 33.00000000 16.79833794
v 52.07560349 33.00000000 24.00000000
v 52.13365555 33.00000000 25.00000000
v 52.17428970 33.00000000 26.00000000
v 52.19309616 33.00000000 27.00000000
v 52.21318436 33.00000000 28.00000000
v 52.24085617 33.00000000 29.00000000
v 52.20312119 33.00000000 30.00000000
v 52.06597137 33.00000000 31.00000000
v 53.00000000 33.00000000 46.27286530
v 52.29687881 34.00000000 17.00000000
v 53.00000000 34.00000000 16.65852165
v 52.01128387 34.00000000 25.00000000
v 52.07349014 34.00000000 26.00000000
v 52.08308411 34.00000000 27.00000000
v 52.11288452 34.00000000 28.00000000
v 52.11299896 34.00000000 29.00000000
v 52.08770752 34.00000000 30.00000000
v 52.02273941 34.00000000 31.00000000
v 53.00000000 34.00000000 46.29872894
v 52.42070389 35.00000000 17.00000000
v 53.00000000 35.00000000 16.67795563
v 52.01699066 35.00000000 26.00000000
v 52.06213760 35.00000000 27.00000000
v 52.09117126 35.00000000 28.00000000
v 52.11510849 35.00000000 29.00000000
v 52.13459015 35.00000000 30.00000000
v 52.09308243 35.00000000 31.00000000
v 52.05887604 35.00000000 32.00000000
v 53.00000000 35.00000000 46.32260513
v 52.75129700 36.00000000 17.00000000
v 53.00000000 36.00000000 16.86187553
v 52.19542694 36.00000000 18.00000000
v 52.07632065 36.00000000 19.00000000
v 52.01881409 36.00000000 20.00000000
v 52.00255585 36.00000000 23.00000000
v 52.03146362 36.00000000 24.00000000
v 52.06709671 36.00000000 25.00000000
v 52.09391022 36.00000000 26.00000000
v 52.11943054 36.00000000 27.00000000
v 52.13468170 36.00000000 28.00000000
v 52.14741898 36.00000000 29.00000000
v 52.19910049 36.00000000 30.00000000
v 52.21044159 36.00000000 31.00000000
v 52.17906570 36.00000000 32.00000000
v 53.00000000 36.00000000 46.31063080
v 53.00000000 36.57222366 17.00000000
v 53.00000000 37.00000000 17.30429459
v 52.60138321 37.00000000 18.00000000
v 52.39957809 37.00000000 19.00000000
v 52.29813766 37.00000000 20.00000000
v 52.23054504 37.00000000 21.00000000
v 52.19615555 37.00000000 22.00000000
v 52.18673706 37.00000000 23.00000000
v 52.19449615 37.00000000 24.00000000
v 52.22508621 37.00000000 25.00000000
v 52.22985840 37.00000000 26.00000000
v 52.20641327 37.00000000 27.00000000
v 52.20699692 37.00000000 28.00000000
v 52.22482681 37.00000000 29.00000000
v 52.25174332 37.00000000 30.00000000
v 52.29736328 37.00000000 31.00000000
v 52.25301743 37.00000000 32.00000000
v 52.09178543 37.00000000 33.00000000
v 53.00000000 37.00000000 46.28033829
v 53.00000000 37.78392410 18.00000000
v 53.00000000 38.00000000 18.52786636
v 52.89837646 38.00000000 19.00000000
v 52.71842957 38.00000000 20.00000000
v 52.58024979 38.00000000 21.00000000
v 52.49575043 38.00000000 22.00000000
v 52.45441437 38.00000000 23.00000000
v 52.43075562 38.00000000 24.00000000
v 52.41407776 38.00000000 25.00000000
v 52.40240860 38.00000000 26.00000000
v 52.38031006 38.00000000 27.00000000
v 52.36232758 38.00000000 28.00000000
v 52.38030243 38.00000000 29.00000000
v 52.41324997 38.00000000 30.00000000
v 52.43112946 38.00000000 31.00000000
v 52.35727310 38.00000000 32.00000000
v 52.24946976 38.00000000 33.00000000
v 52.01742172 38.00000000 34.00000000
v 53.00000000 38.00000000 46.21445847
v 53.00000000 38.14225006 19.00000000
v 53.00000000 38.42548752 20.00000000
v 53.00000000 38.64588547 21.00000000
v 53.00000000 38.81145096 22.00000000
v 53.00000000 38.91711807 23.00000000
v 53.00000000 38.99821091 24.00000000
v 53.00000000 39.00000000 24.03407669
v 52.96409607 39.00000000 25.00000000
v 52.88941956 39.00000000 26.00000000
v 52.79701233 39.00000000 27.00000000
v 52.74620819 39.00000000 28.00000000
v 52.72094345 39.00000000 29.00000000
v 52.73864746 39.00000000 30.00000000
v 52.75469971 39.00000000 31.00000000
v 52.61334229 39.00000000 32.00000000
v 52.49483109 39.00000000 33.00000000
v 52.34529877 39.00000000 34.00000000
v 53.00000000 39.00000000 46.08863068
v 53.00000000 39.04537582 25.00000000
v 53.00000000 39.14166641 26.00000000
v 53.00000000 39.26562500 27.00000000
v 53.00000000 39.35016251 28.00000000
v 53.00000000 39.41129684 29.00000000
v 53.00000000 39.41868591 30.00000000
v 53.00000000 39.43535614 31.00000000
v 53.00000000 39.59151840 32.00000000
v 53.00000000 39.75672531 33.00000000
v 53.00000000 39.92990494 34.00000000
v 52.93736649 40.00000000 35.00000000
v 53.00000000 40.00000000 34.53389740
v 53.00000000 40.00000000 45.83325195
v 53.00000000 39.49832916 46.00000000
v 53.00000000 40.04561234 35.00000000
v 53.00000000 40.61713028 36.00000000
v 53.00000000 41.00000000 36.22203827
v 53.00000000 41.00000000 45.28754807
v 53.00000000 41.76755524 37.00000000
v 53.00000000 42.00000000 37.41076660
v 52.90032196 42.00000000 43.00000000
v 53.00000000 42.00000000 42.91992569
v 53.00000000 41.98382950 43.00000000
v 53.00000000 41.68492508 44.00000000
v 53.00000000 41.20634842 45.00000000
v 53.00000000 42.18714905 38.00000000
v 53.00000000 42.31360626 39.00000000
v 53.00000000 42.31337357 40.00000000
v 53.00000000 42.22794724 41.00000000
v 53.00000000 42.13646317 42.00000000
v 54.00000000 20.51191711 18.00000000
v 54.00000000 21.00000000 17.14549828
v 54.00000000 20.39804077 19.00000000
v 54.00000000 20.38495445 20.00000000
v 54.00000000 20.38595390 21.00000000
v 54.00000000 20.39213753 22.00000000
v 54.00000000 20.40970993 23.00000000
v 54.00000000 20.43478203 24.00000000
v 54.00000000 20.46043205 25.00000000
v 54.00000000 20.49177742 26.00000000
v 54.00000000 20.53155327 27.00000000
v 54.00000000 20.57393456 28.00000000
v 54.00000000 20.60177994 29.00000000
v 54.00000000 20.61806679 30.00000000
v 54.00000000 20.62900543 31.00000000
v 54.00000000 20.64205360 32.00000000
v 54.00000000 20.65130424 33.00000000
v 54.00000000 20.65929985 34.00000000
v 54.00000000 20.66570282 35.00000000
v 54.00000000 20.65862465 36.00000000
v 54.00000000 20.64187050 37.00000000
v 54.00000000 20.62376785 38.00000000
v 54.00000000 20.60748672 39.00000000
v 54.00000000 20.59138680 40.00000000
v 54.00000000 20.56840706 41.00000000
v 54.00000000 20.55251503 42.00000000
v 54.00000000 20.53944969 43.00000000
v 54.00000000 20.53508568 44.00000000
v 54.00000000 20.62822533 45.00000000
v 54.00000000 21.00000000 45.91012192
v 54.00000000 21.32119560 17.00000000
v 54.00000000 22.00000000 16.85124969
v 54.00000000 21.21548843 46.00000000
v 54.00000000 22.00000000 46.12109756
v 54.00000000 23.00000000 16.87388229
v 54.00000000 23.00000000 46.08984756
v 54.00000000 24.00000000 16.90836143
v 54.00000000 24.00000000 46.05250549
v 54.00000000 25.00000000 16.90785408
v 54.00000000 25.00000000 46.04097748
v 54.00000000 26.00000000 16.88545799
v 54.00000000 26.00000000 46.04845047
v 54.00000000 27.00000000 16.84547615
v 54.00000000 27.00000000 46.07895660
v 54.00000000 28.00000000 16.80240440
v 54.00000000 28.00000000 46.10537720
v 54.00000000 29.00000000 16.71220207
v 54.00000000 29.00000000 46.11114883
v 54.00000000 30.00000000 16.65431023
v 54.00000000 30.00000000 46.12183762
v 54.00000000 31.00000000 16.76617050
v 54.00000000 31.00000000 46.17234039
v 53.55922318 32.00000000 17.00000000
v 54.00000000 32.00000000 16.87198639
v 54.00000000 32.00000000 46.22779083
v 54.00000000 33.00000000 16.54269791
v 54.00000000 33.00000000 46.25663376
v 54.00000000 34.00000000 16.36800385
v 54.00000000 34.00000000 46.27821732
v 54.00000000 35.00000000 16.36189270
v 54.00000000 35.00000000 46.28889847
v 54.00000000 36.00000000 16.46914291
v 54.00000000 36.00000000 46.26337433
v 53.27831268 37.00000000 17.00000000
v 54.00000000 37.00000000 16.72967529
v 54.00000000 37.00000000 46.21543503
v 54.00000000 37.81177902 17.00000000
v 53.17163086 38.00000000 18.00000000
v 54.00000000 38.00000000 17.16505241
v 54.00000000 38.00000000 46.14229584
v 54.00000000 38.63215256 18.00000000
v 54.00000000 38.97389221 19.00000000
v 53.65262222 39.00000000 20.00000000
v 54.00000000 39.00000000 19.10659981
v 53.39218521 39.00000000 21.00000000
v 53.18713760 39.00000000 22.00000000
v 53.07356262 39.00000000 23.00000000
v 53.00151443 39.00000000 24.00000000
v 54.00000000 39.00000000 46.00108337
v 54.00000000 39.20813751 20.00000000
v 54.00000000 39.39229584 21.00000000
v 54.00000000 39.56446457 22.00000000
v 54.00000000 39.68575287 23.00000000
v 54.00000000 39.76794434 24.00000000
v 54.00000000 39.83726883 25.00000000
v 54.00000000 39.91671371 26.00000000
v 53.97973251 40.00000000 27.00000000
v 54.00000000 40.00000000 26.88463593
v 53.79623413 40.00000000 28.00000000
v 53.66810608 40.00000000 29.00000000
v 53.57329559 40.00000000 30.00000000
v 53.48398590 40.00000000 31.00000000
v 53.42623901 40.00000000 32.00000000
v 53.26572800 40.00000000 33.00000000
v 53.07412720 40.00000000 34.00000000
v 54.00000000 40.00000000 45.68570709
v 54.00000000 39.00675583 46.00000000
v 54.00000000 40.01015472 27.00000000
v 54.00000000 40.10892868 28.00000000
v 54.00000000 40.19581985 29.00000000
v 54.00000000 40.28664780 30.00000000
v 54.00000000 40.38018417 31.00000000
v 54.00000000 40.41812134 32.00000000
v 54.00000000 40.47216797 33.00000000
v 54.00000000 40.53065109 34.00000000
v 54.00000000 40.63309097 35.00000000
v 53.86178207 41.00000000 36.00000000
v 54.00000000 41.00000000 35.89743042
v 54.00000000 41.00000000 45.03158569
v 54.00000000 41.03160858 36.00000000
v 54.00000000 41.60700989 37.00000000
v 54.00000000 42.00000000 37.90271378
v 53.90152740 42.00000000 42.00000000
v 54.00000000 42.00000000 41.82492065
v 54.00000000 41.97967148 42.00000000
v 54.00000000 41.80369186 43.00000000
v 54.00000000 41.50435257 44.00000000
v 54.00000000 41.02159500 45.00000000
v 54.00000000 42.02618408 38.00000000
v 54.00000000 42.14406586 39.00000000
v 54.00000000 42.14805984 40.00000000
v 54.00000000 42.07258987 41.00000000
v 55.00000000 20.47554779 18.00000000
v 55.00000000 21.00000000 17.14170647
v 55.00000000 20.36393547 19.00000000
v 55.00000000 20.36467361 20.00000000
v 55.00000000 20.36970901 21.00000000
v 55.00000000 20.37397766 22.00000000
v 55.00000000 20.38970184 23.00000000
v 55.00000000 20.41102600 24.00000000
v 55.00000000 20.43430901 25.00000000
v 55.00000000 20.46549416 26.00000000
v 55.00000000 20.50432777 27.00000000
v 55.00000000 20.54279518 28.00000000
v 55.00000000 20.57107735 29.00000000
v 55.00000000 20.58843231 30.00000000
v 55.00000000 20.60300446 31.00000000
v 55.00000000 20.61617851 32.00000000
v 55.00000000 20.62529182 33.00000000
v 55.00000000 20.63294601 34.00000000
v 55.00000000 20.64008141 35.00000000
v 55.00000000 20.63500404 36.00000000
v 55.00000000 20.62236977 37.00000000
v 55.00000000 20.60940170 38.00000000
v 55.00000000 20.59042549 39.00000000
v 55.00000000 20.56905746 40.00000000
v 55.00000000 20.53988647 41.00000000
v 55.00000000 20.51859093 42.00000000
v 55.00000000 20.50308990 43.00000000
v 55.00000000 20.49020958 44.00000000
v 55.00000000 20.58091354 45.00000000
v 55.00000000 21.00000000 45.95910645
v 55.00000000 21.33300018 17.00000000
v 55.00000000 22.00000000 16.86453056
v 55.00000000 21.11336136 46.00000000
v 55.00000000 22.00000000 46.11913300
v 55.00000000 23.00000000 16.88454056
v 55.00000000 23.00000000 46.09226227
v 55.00000000 24.00000000 16.91959763
v 55.00000000 24.00000000 46.05938339
v 55.00000000 25.00000000 16.91894722
v 55.00000000 25.00000000 46.04341888
v 55.00000000 26.00000000 16.90101433
v 55.00000000 26.00000000 46.04195786
v 55.00000000 27.00000000 16.87048340
v 55.00000000 27.00000000 46.06869125
v 55.00000000 28.00000000 16.80305672
v 55.00000000 28.00000000 46.09113693
v 55.00000000 29.00000000 16.70419693
v 55.00000000 29.00000000 46.09820557
v 55.00000000 30.00000000 16.65358162
v 55.00000000 30.00000000 46.10400391
v 55.00000000 31.00000000 16.70474625
v 55.00000000 31.00000000 46.15056992
v 55.00000000 32.00000000 16.69856262
v 55.00000000 32.00000000 46.19232178
v 55.00000000 33.00000000 16.38611412
v 55.00000000 33.00000000 46.20692062
v 55.00000000 34.00000000 16.22789955
v 55.00000000 34.00000000 46.21912384
v 55.00000000 35.00000000 16.21648407
v 55.00000000 35.00000000 46.21325302
v 55.00000000 36.00000000 16.32283211
v 55.00000000 36.00000000 46.17230606
v 55.00000000 37.00000000 16.58539581
v 55.00000000 37.00000000 46.11119461
v 54.62637711 38.00000000 17.00000000
v 55.00000000 38.00000000 16.96078682
v 55.00000000 38.00000000 46.01897430
v 55.00000000 38.09509659 17.00000000
v 55.00000000 38.88210297 18.00000000
v 54.10174561 39.00000000 19.00000000
v 55.00000000 39.00000000 18.33574486
v 54.00949860 39.00000000 46.00000000
v 55.00000000 39.00000000 45.79051590
v 55.00000000 38.14596558 46.00000000
v 55.00000000 39.22305679 19.00000000
v 55.00000000 39.46480560 20.00000000
v 55.00000000 39.64799881 21.00000000
v 55.00000000 39.78933716 22.00000000
v 55.00000000 39.88246918 23.00000000
v 55.00000000 39.96718597 24.00000000
v 54.77294159 40.00000000 25.00000000
v 55.00000000 40.00000000 24.42304039
v 54.35036850 40.00000000 26.00000000
v 55.00000000 40.00000000 45.41653442
v 55.00000000 40.04401779 25.00000000
v 55.00000000 40.14093399 26.00000000
v 55.00000000 40.24905396 27.00000000
v 55.00000000 40.36177444 28.00000000
v 55.00000000 40.44615173 29.00000000
v 55.00000000 40.53084946 30.00000000
v 55.00000000 40.57705688 31.00000000
v 55.00000000 40.59294128 32.00000000
v 55.00000000 40.61491013 33.00000000
v 55.00000000 40.67369461 34.00000000
v 55.00000000 40.70906448 35.00000000
v 55.00000000 40.88856888 36.00000000
v 54.32174683 41.00000000 36.00000000
v 55.00000000 41.00000000 36.18914413
v 54.09136963 41.00000000 45.00000000
v 55.00000000 41.00000000 44.52320862
v 55.00000000 40.59976578 45.00000000
v 55.00000000 41.29663086 37.00000000
v 55.00000000 41.64169312 38.00000000
v 54.09986496 42.00000000 38.00000000
v 55.00000000 41.79176712 39.00000000
v 54.50677490 42.00000000 39.00000000
v 55.00000000 41.86308289 40.00000000
v 54.60957336 42.00000000 40.00000000
v 55.00000000 41.81447220 41.00000000
v 54.35358047 42.00000000 41.00000000
v 55.00000000 41.71555710 42.00000000
v 55.00000000 41.52612305 43.00000000
v 55.00000000 41.23963928 44.00000000
v 56.00000000 20.61704445 18.00000000
v 56.00000000 21.00000000 17.42737389
v 56.00000000 20.50692368 19.00000000
v 56.00000000 20.50954437 20.00000000
v 56.00000000 20.52191734 21.00000000
v 56.00000000 20.52543068 22.00000000
v 56.00000000 20.54204369 23.00000000
v 56.00000000 20.56255150 24.00000000
v 56.00000000 20.58150482 25.00000000
v 56.00000000 20.60049820 26.00000000
v 56.00000000 20.62980270 27.00000000
v 56.00000000 20.66144943 28.00000000
v 56.00000000 20.68692780 29.00000000
v 56.00000000 20.70024300 30.00000000
v 56.00000000 20.71239090 31.00000000
v 56.00000000 20.72211647 32.00000000
v 56.00000000 20.72718430 33.00000000
v 56.00000000 20.73551941 34.00000000
v 56.00000000 20.74490356 35.00000000
v 56.00000000 20.74655914 36.00000000
v 56.00000000 20.73816109 37.00000000
v 56.00000000 20.72956467 38.00000000
v 56.00000000 20.71252060 39.00000000
v 56.00000000 20.69045830 40.00000000
v 56.00000000 20.66343307 41.00000000
v 56.00000000 20.63675308 42.00000000
v 56.00000000 20.60720253 43.00000000
v 56.00000000 20.59414291 44.00000000
v 56.00000000 20.69335938 45.00000000
v 56.00000000 21.00000000 45.57726669
v 55.73648834 22.00000000 17.00000000
v 56.00000000 22.00000000 17.07667542
v 55.73176575 22.00000000 46.00000000
v 56.00000000 22.00000000 45.91124344
v 55.70768738 23.00000000 17.00000000
v 56.00000000 23.00000000 17.07267570
v 55.63047409 23.00000000 46.00000000
v 56.00000000 23.00000000 45.89522552
v 55.53303146 24.00000000 17.00000000
v 56.00000000 24.00000000 17.09647179
v 55.41689682 24.00000000 46.00000000
v 56.00000000 24.00000000 45.83646393
v 55.50125885 25.00000000 17.00000000
v 56.00000000 25.00000000 17.10227203
v 55.29757690 25.00000000 46.00000000
v 56.00000000 25.00000000 45.79761887
v 55.67652130 26.00000000 17.00000000
v 56.00000000 26.00000000 17.06296349
v 55.29637909 26.00000000 46.00000000
v 56.00000000 26.00000000 45.80001831
v 56.00000000 26.80878448 17.00000000
v 56.00000000 27.00000000 16.98824692
v 55.49060059 27.00000000 46.00000000
v 56.00000000 27.00000000 45.85760498
v 56.00000000 28.00000000 16.89554214
v 55.64963913 28.00000000 46.00000000
v 56.00000000 28.00000000 45.90404892
v 56.00000000 29.00000000 16.78824997
v 55.68201828 29.00000000 46.00000000
v 56.00000000 29.00000000 45.91697693
v 56.00000000 30.00000000 16.73118591
v 55.79615021 30.00000000 46.00000000
v 56.00000000 30.00000000 45.95297241
v 56.00000000 31.00000000 16.73896217
v 56.00000000 30.43323708 46.00000000
v 56.00000000 31.00000000 46.03549194
v 56.00000000 32.00000000 16.67879295
v 56.00000000 32.00000000 46.06200027
v 56.00000000 33.00000000 16.39816093
v 56.00000000 33.00000000 46.06108856
v 56.00000000 34.00000000 16.26250839
v 56.00000000 34.00000000 46.05745316
v 56.00000000 35.00000000 16.27859116
v 56.00000000 35.00000000 46.02262878
v 56.00000000 36.00000000 16.39237785
v 55.89049530 36.00000000 46.00000000
v 56.00000000 36.00000000 45.95732117
v 56.00000000 35.51060486 46.00000000
v 56.00000000 37.00000000 16.67052650
v 55.54170990 37.00000000 46.00000000
v 56.00000000 37.00000000 45.81784821
v 56.00000000 37.86391830 17.00000000
v 55.41495132 38.00000000 17.00000000
v 56.00000000 38.00000000 17.12642860
v 55.09494019 38.00000000 46.00000000
v 56.00000000 38.00000000 45.63881683
v 56.00000000 38.71962357 18.00000000
v 56.00000000 39.00000000 18.81567192
v 56.00000000 39.00000000 45.37022018
v 56.00000000 39.05674362 19.00000000
v 56.00000000 39.32418060 20.00000000
v 56.00000000 39.49694061 21.00000000
v 56.00000000 39.62882996 22.00000000
v 56.00000000 39.71303558 23.00000000
v 56.00000000 39.80201340 24.00000000
v 56.00000000 39.89851761 25.00000000
v 55.31227875 40.00000000 25.00000000
v 56.00000000 40.00000000 25.88469696
v 55.88693619 40.00000000 45.00000000
v 56.00000000 40.00000000 44.90261841
v 56.00000000 39.88075256 45.00000000
v 56.00000000 40.01146317 26.00000000
v 56.00000000 40.10783768 27.00000000
v 56.00000000 40.18778229 28.00000000
v 56.00000000 40.25340652 29.00000000
v 56.00000000 40.30561829 30.00000000
v 56.00000000 40.32090378 31.00000000
v 56.00000000 40.28491974 32.00000000
v 56.00000000 40.25419235 33.00000000
v 56.00000000 40.16184616 34.00000000
v 56.00000000 40.06914902 35.00000000
v 56.00000000 40.04134750 36.00000000
v 56.00000000 40.51582336 37.00000000
v 55.53097534 41.00000000 37.00000000
v 56.00000000 40.97607040 38.00000000
v 55.98216248 41.00000000 38.00000000
v 56.00000000 41.00000000 38.20551300
v 55.55121613 41.00000000 44.00000000
v 56.00000000 41.00000000 43.03962326
v 56.00000000 40.66463089 44.00000000
v 56.00000000 41.05362320 39.00000000
v 56.00000000 41.07682800 40.00000000
v 56.00000000 41.10129547 41.00000000
v 56.00000000 41.11060333 42.00000000
v 56.00000000 41.00895691 43.00000000
v 56.49626541 21.00000000 18.00000000
v 56.70655441 21.00000000 19.00000000
v 56.75085449 21.00000000 20.00000000
v 56.76594543 21.00000000 21.00000000
v 56.77642822 21.00000000 22.00000000
v 56.76798248 21.00000000 23.00000000
v 56.76609421 21.00000000 24.00000000
v 56.76279068 21.00000000 25.00000000
v 56.74591827 21.00000000 26.00000000
v 56.70559311 21.00000000 27.00000000
v 56.66857910 21.00000000 28.00000000
v 56.63090897 21.00000000 29.00000000
v 56.61761475 21.00000000 30.00000000
v 56.60103226 21.00000000 31.00000000
v 56.58736420 21.00000000 32.00000000
v 56.57385635 21.00000000 33.00000000
v 56.54656601 21.00000000 34.00000000
v 56.51370239 21.00000000 35.00000000
v 56.49671555 21.00000000 36.00000000
v 56.49969101 21.00000000 37.00000000
v 56.49937057 21.00000000 38.00000000
v 56.51408005 21.00000000 39.00000000
v 56.53172684 21.00000000 40.00000000
v 56.55047989 21.00000000 41.00000000
v 56.57155228 21.00000000 42.00000000
v 56.60327148 21.00000000 43.00000000
v 56.59305954 21.00000000 44.00000000
v 56.40233231 21.00000000 45.00000000
v 56.87640762 22.00000000 18.00000000
v 57.00000000 22.00000000 18.46517181
v 57.00000000 21.64249039 19.00000000
v 57.00000000 21.53018379 20.00000000
v 57.00000000 21.52023506 21.00000000
v 57.00000000 21.51636124 22.00000000
v 57.00000000 21.49936676 23.00000000
v 57.00000000 21.46382713 24.00000000
v 57.00000000 21.45246315 25.00000000
v 57.00000000 21.46697235 26.00000000
v 57.00000000 21.50040817 27.00000000
v 57.00000000 21.53431702 28.00000000
v 57.00000000 21.55661392 29.00000000
v 57.00000000 21.54781532 30.00000000
v 57.00000000 21.55274200 31.00000000
v 57.00000000 21.56635475 32.00000000
v 57.00000000 21.58257484 33.00000000
v 57.00000000 21.61171722 34.00000000
v 57.00000000 21.63158798 35.00000000
v 57.00000000 21.65239143 36.00000000
v 57.00000000 21.68334007 37.00000000
v 57.00000000 21.72177696 38.00000000
v 57.00000000 21.74068069 39.00000000
v 57.00000000 21.76804543 40.00000000
v 57.00000000 21.79045868 41.00000000
v 57.00000000 21.80354500 42.00000000
v 57.00000000 21.82359505 43.00000000
v 57.00000000 21.98882866 44.00000000
v 56.73427582 22.00000000 45.00000000
v 57.00000000 22.00000000 44.01774597
v 56.92573929 23.00000000 18.00000000
v 57.00000000 23.00000000 18.31407547
v 56.78169250 23.00000000 45.00000000
v 57.00000000 23.00000000 44.35549927
v 56.94402313 24.00000000 18.00000000
v 57.00000000 24.00000000 18.29971313
v 56.76369095 24.00000000 45.00000000
v 57.00000000 24.00000000 44.31535721
v 56.94458771 25.00000000 18.00000000
v 57.00000000 25.00000000 18.37689400
v 56.99710083 25.00000000 26.00000000
v 57.00000000 25.00000000 25.39727020
v 57.00000000 24.92958069 26.00000000
v 57.00000000 24.82369804 27.00000000
v 56.99227905 25.00000000 27.00000000
v 57.00000000 24.73793030 28.00000000
v 56.98836899 25.00000000 28.00000000
v 57.00000000 24.73295975 29.00000000
v 56.98846436 25.00000000 29.00000000
v 57.00000000 24.67241096 30.00000000
v 56.98638535 25.00000000 30.00000000
v 57.00000000 24.60662079 31.00000000
v 56.98616409 25.00000000 31.00000000
v 57.00000000 24.59992599 32.00000000
v 56.98431396 25.00000000 32.00000000
v 57.00000000 24.65444756 33.00000000
v 56.98660660 25.00000000 33.00000000
v 57.00000000 24.71562767 34.00000000
v 56.98873901 25.00000000 34.00000000
v 57.00000000 24.73878479 35.00000000
v 56.98983002 25.00000000 35.00000000
v 57.00000000 24.72561646 36.00000000
v 56.98887634 25.00000000 36.00000000
v 57.00000000 24.75139618 37.00000000
v 56.98968506 25.00000000 37.00000000
v 57.00000000 24.79139709 38.00000000
v 56.99180222 25.00000000 38.00000000
v 57.00000000 24.86095047 39.00000000
v 56.99514389 25.00000000 39.00000000
v 57.00000000 24.94295120 40.00000000
v 56.99849319 25.00000000 40.00000000
v 57.00000000 24.89520836 41.00000000
v 56.99807739 25.00000000 41.00000000
v 57.00000000 24.89731026 42.00000000
v 56.99778748 25.00000000 42.00000000
v 57.00000000 25.00000000 42.13599396
v 56.75368881 25.00000000 45.00000000
v 57.00000000 25.00000000 44.20230103
v 56.91641998 26.00000000 18.00000000
v 57.00000000 26.00000000 18.58128738
v 56.99556351 26.00000000 22.00000000
v 57.00000000 26.00000000 21.46302414
v 57.00000000 25.85627174 22.00000000
v 57.00000000 25.63507652 23.00000000
v 56.98964310 26.00000000 23.00000000
v 57.00000000 25.42020226 24.00000000
v 56.98575592 26.00000000 24.00000000
v 57.00000000 25.09982872 25.00000000
v 56.98237991 26.00000000 25.00000000
v 56.97952271 26.00000000 26.00000000
v 56.97743988 26.00000000 27.00000000
v 56.97365952 26.00000000 28.00000000
v 56.97330475 26.00000000 29.00000000
v 56.97133636 26.00000000 30.00000000
v 56.97367859 26.00000000 31.00000000
v 56.97433853 26.00000000 32.00000000
v 56.96834564 26.00000000 33.00000000
v 56.96353149 26.00000000 34.00000000
v 56.96087646 26.00000000 35.00000000
v 56.95902252 26.00000000 36.00000000
v 56.95928574 26.00000000 37.00000000
v 56.96131897 26.00000000 38.00000000
v 56.96289062 26.00000000 39.00000000
v 56.96717453 26.00000000 40.00000000
v 56.97782135 26.00000000 41.00000000
v 56.99549484 26.00000000 42.00000000
v 57.00000000 26.00000000 42.20038605
v 56.75553131 26.00000000 45.00000000
v 57.00000000 26.00000000 44.15695190
v 56.02153015 27.00000000 17.00000000
v 56.92776871 27.00000000 18.00000000
v 57.00000000 27.00000000 18.63789368
v 56.98956299 27.00000000 21.00000000
v 57.00000000 27.00000000 20.32403564
v 57.00000000 26.27618980 21.00000000
v 56.97806549 27.00000000 22.00000000
v 56.97314835 27.00000000 23.00000000
v 56.97015381 27.00000000 24.00000000
v 56.96859360 27.00000000 25.00000000
v 56.96608734 27.00000000 26.00000000
v 56.96410751 27.00000000 27.00000000
v 56.96562195 27.00000000 28.00000000
v 56.96720505 27.00000000 29.00000000
v 56.96603012 27.00000000 30.00000000
v 56.96503448 27.00000000 31.00000000
v 56.96329498 27.00000000 32.00000000
v 56.95513535 27.00000000 33.00000000
v 56.94297409 27.00000000 34.00000000
v 56.93281555 27.00000000 35.00000000
v 56.92993546 27.00000000 36.00000000
v 56.93331909 27.00000000 37.00000000
v 56.93508530 27.00000000 38.00000000
v 56.93186188 27.00000000 39.00000000
v 56.93576813 27.00000000 40.00000000
v 56.95484543 27.00000000 41.00000000
v 56.98939896 27.00000000 42.00000000
v 57.00000000 27.00000000 42.27996063
v 56.78750229 27.00000000 45.00000000
v 57.00000000 27.00000000 44.21344376
v 56.17783737 28.00000000 17.00000000
v 56.95120621 28.00000000 18.00000000
v 57.00000000 28.00000000 18.60412407
v 56.99283981 28.00000000 20.00000000
v 57.00000000 28.00000000 19.74242020
v 57.00000000 27.42897606 20.00000000
v 56.97399902 28.00000000 21.00000000
v 56.96096420 28.00000000 22.00000000
v 56.95765686 28.00000000 23.00000000
v 56.95386505 28.00000000 24.00000000
v 56.95808029 28.00000000 25.00000000
v 56.96055984 28.00000000 26.00000000
v 56.96559906 28.00000000 27.00000000
v 56.96720505 28.00000000 28.00000000
v 56.96813583 28.00000000 29.00000000
v 56.96467209 28.00000000 30.00000000
v 56.95974350 28.00000000 31.00000000
v 56.95130539 28.00000000 32.00000000
v 56.93990326 28.00000000 33.00000000
v 56.92953491 28.00000000 34.00000000
v 56.91970444 28.00000000 35.00000000
v 56.91330719 28.00000000 36.00000000
v 56.91225815 28.00000000 37.00000000
v 56.91454697 28.00000000 38.00000000
v 56.91603851 28.00000000 39.00000000
v 56.92639160 28.00000000 40.00000000
v 56.94921112 28.00000000 41.00000000
v 56.98378372 28.00000000 42.00000000
v 57.00000000 28.00000000 42.47478485
v 56.79016113 28.00000000 45.00000000
v 57.00000000 28.00000000 44.09148026
v 56.34400940 29.00000000 17.00000000
v 56.98335266 29.00000000 18.00000000
v 57.00000000 29.00000000 18.24491310
v 57.00000000 28.38088799 20.00000000
v 56.99071121 29.00000000 21.00000000
v 57.00000000 29.00000000 20.55983162
v 56.96859360 29.00000000 22.00000000
v 56.95259094 29.00000000 23.00000000
v 56.95516968 29.00000000 24.00000000
v 56.96671677 29.00000000 25.00000000
v 56.97787094 29.00000000 26.00000000
v 56.98220825 29.00000000 27.00000000
v 56.98392487 29.00000000 28.00000000
v 56.98258972 29.00000000 29.00000000
v 56.97607040 29.00000000 30.00000000
v 56.96928024 29.00000000 31.00000000
v 56.96101379 29.00000000 32.00000000
v 56.95161819 29.00000000 33.00000000
v 56.93787003 29.00000000 34.00000000
v 56.92539215 29.00000000 35.00000000
v 56.91963196 29.00000000 36.00000000
v 56.90977478 29.00000000 37.00000000
v 56.90523529 29.00000000 38.00000000
v 56.90795135 29.00000000 39.00000000
v 56.92101669 29.00000000 40.00000000
v 56.93938828 29.00000000 41.00000000
v 56.97317505 29.00000000 42.00000000
v 57.00000000 29.00000000 42.93978882
v 56.79710007 29.00000000 45.00000000
v 57.00000000 29.00000000 44.04851913
v 56.40536880 30.00000000 17.00000000
v 56.97296143 30.00000000 18.00000000
v 57.00000000 30.00000000 18.24220467
v 57.00000000 29.40475273 21.00000000
v 56.99773407 30.00000000 22.00000000
v 57.00000000 30.00000000 21.85354614
v 56.98706055 30.00000000 23.00000000
v 56.98162079 30.00000000 24.00000000
v 56.98260117 30.00000000 25.00000000
v 56.98834229 30.00000000 26.00000000
v 56.99018478 30.00000000 27.00000000
v 56.99580765 30.00000000 28.00000000
v 56.99288177 30.00000000 29.00000000
v 56.98359680 30.00000000 30.00000000
v 56.97595978 30.00000000 31.00000000
v 56.96706390 30.00000000 32.00000000
v 56.96069336 30.00000000 33.00000000
v 56.94627380 30.00000000 34.00000000
v 56.92969894 30.00000000 35.00000000
v 56.91491318 30.00000000 36.00000000
v 56.90713120 30.00000000 37.00000000
v 56.89756775 30.00000000 38.00000000
v 56.89761353 30.00000000 39.00000000
v 56.91057587 30.00000000 40.00000000
v 56.93508530 30.00000000 41.00000000
v 56.97257614 30.00000000 42.00000000
v 57.00000000 29.51162720 43.00000000
v 56.99806213 30.00000000 43.00000000
v 57.00000000 30.00000000 43.38279343
v 56.83851624 30.00000000 45.00000000
v 57.00000000 30.00000000 44.03736115
v 56.39770508 31.00000000 17.00000000
v 57.00000000 31.00000000 17.95975685
v 57.00000000 30.63124084 18.00000000
v 57.00000000 30.02141762 22.00000000
v 57.00000000 30.11798668 23.00000000
v 57.00000000 30.15968704 24.00000000
v 57.00000000 30.16300583 25.00000000
v 57.00000000 30.11082649 26.00000000
v 57.00000000 30.09316635 27.00000000
v 57.00000000 30.03968239 28.00000000
v 57.00000000 30.06468582 29.00000000
v 57.00000000 30.13939667 30.00000000
v 57.00000000 30.20957375 31.00000000
v 57.00000000 30.29792213 32.00000000
v 57.00000000 30.37240791 33.00000000
v 57.00000000 30.58879280 34.00000000
v 56.99684143 31.00000000 35.00000000
v 57.00000000 31.00000000 34.92104340
v 56.96254349 31.00000000 36.00000000
v 56.93301392 31.00000000 37.00000000
v 56.91872787 31.00000000 38.00000000
v 56.91893387 31.00000000 39.00000000
v 56.92750168 31.00000000 40.00000000
v 56.94652557 31.00000000 41.00000000
v 56.98675537 31.00000000 42.00000000
v 57.00000000 31.00000000 42.37547302
v 57.00000000 30.07176781 43.00000000
v 56.89941025 31.00000000 45.00000000
v 57.00000000 31.00000000 44.34519196
v 56.06649399 31.00000000 46.00000000
v 56.55380630 32.00000000 17.00000000
v 57.00000000 32.00000000 17.53119469
v 57.00000000 31.06597137 35.00000000
v 57.00000000 31.92823219 36.00000000
v 56.96736145 32.00000000 37.00000000
v 57.00000000 32.00000000 36.08299637
v 56.95234680 32.00000000 38.00000000
v 56.95078659 32.00000000 39.00000000
v 56.95565796 32.00000000 40.00000000
v 56.97098923 32.00000000 41.00000000
v 57.00000000 32.00000000 41.89731216
v 57.00000000 31.79882050 42.00000000
v 56.96046448 32.00000000 45.00000000
v 57.00000000 32.00000000 44.69095993
v 56.11786652 32.00000000 46.00000000
v 57.00000000 32.72246170 17.00000000
v 57.00000000 33.00000000 16.86689949
v 57.00000000 32.77778244 37.00000000
v 56.99337006 33.00000000 38.00000000
v 57.00000000 33.00000000 37.60321045
v 56.98443985 33.00000000 39.00000000
v 56.98287201 33.00000000 40.00000000
v 57.00000000 33.00000000 40.91504288
v 57.00000000 32.94832230 41.00000000
v 56.97115707 33.00000000 45.00000000
v 57.00000000 33.00000000 44.79460144
v 56.12419128 33.00000000 46.00000000
v 57.00000000 34.00000000 16.67304993
v 57.00000000 33.18355560 38.00000000
v 57.00000000 33.37959290 39.00000000
v 57.00000000 33.45251846 40.00000000
v 56.94027328 34.00000000 45.00000000
v 57.00000000 34.00000000 44.69587326
v 56.12430573 34.00000000 46.00000000
v 57.00000000 35.00000000 16.65861511
v 56.92508698 35.00000000 45.00000000
v 57.00000000 35.00000000 44.71493530
v 56.05035019 35.00000000 46.00000000
v 57.00000000 36.00000000 16.78236961
v 56.92384338 36.00000000 45.00000000
v 57.00000000 36.00000000 44.76224136
v 57.00000000 36.92253113 17.00000000
v 56.94681549 37.00000000 17.00000000
v 57.00000000 37.00000000 17.04688644
v 56.98860168 37.00000000 35.00000000
v 57.00000000 37.00000000 34.85760498
v 57.00000000 36.90671539 35.00000000
v 57.00000000 36.45114517 36.00000000
v 56.93479919 37.00000000 36.00000000
v 57.00000000 36.25625229 37.00000000
v 56.93155670 37.00000000 37.00000000
v 57.00000000 36.86047363 38.00000000
v 56.98901367 37.00000000 38.00000000
v 57.00000000 37.00000000 38.13323593
v 56.86560059 37.00000000 45.00000000
v 57.00000000 37.00000000 44.57906723
v 57.00000000 38.00000000 17.93054581
v 56.98755264 38.00000000 33.00000000
v 57.00000000 38.00000000 32.79477692
v 57.00000000 37.93309402 33.00000000
v 57.00000000 37.43450546 34.00000000
v 56.89431763 38.00000000 34.00000000
v 56.80679321 38.00000000 35.00000000
v 56.76021957 38.00000000 36.00000000
v 56.80360031 38.00000000 37.00000000
v 56.88378143 38.00000000 38.00000000
v 57.00000000 37.64752960 39.00000000
v 56.95404053 38.00000000 39.00000000
v 57.00000000 38.00000000 39.69825363
v 56.69544983 38.00000000 45.00000000
v 57.00000000 38.00000000 44.11179733
v 57.00000000 38.05083466 18.00000000
v 57.00000000 38.40912628 19.00000000
v 56.11662292 39.00000000 19.00000000
v 57.00000000 38.62975311 20.00000000
v 56.53415298 39.00000000 20.00000000
v 57.00000000 38.78008270 21.00000000
v 56.74467468 39.00000000 21.00000000
v 57.00000000 38.91814041 22.00000000
v 56.91453171 39.00000000 22.00000000
v 57.00000000 39.00000000 22.88251877
v 56.96076965 39.00000000 30.00000000
v 57.00000000 39.00000000 29.15333939
v 57.00000000 38.87125397 30.00000000
v 57.00000000 38.62406158 31.00000000
v 56.89568329 39.00000000 31.00000000
v 57.00000000 38.22788620 32.00000000
v 56.80152130 39.00000000 32.00000000
v 56.75155258 39.00000000 33.00000000
v 56.64891052 39.00000000 34.00000000
v 56.56008911 39.00000000 35.00000000
v 56.50905609 39.00000000 36.00000000
v 56.60520935 39.00000000 37.00000000
v 56.72169495 39.00000000 38.00000000
v 56.79335022 39.00000000 39.00000000
v 57.00000000 38.13392258 40.00000000
v 56.85406113 39.00000000 40.00000000
v 57.00000000 38.40988159 41.00000000
v 56.89179993 39.00000000 41.00000000
v 57.00000000 38.70556259 42.00000000
v 56.94606400 39.00000000 42.00000000
v 57.00000000 38.70883560 43.00000000
v 56.94580841 39.00000000 43.00000000
v 57.00000000 38.18447113 44.00000000
v 56.84759521 39.00000000 44.00000000
v 56.44533157 39.00000000 45.00000000
v 57.00000000 39.00889587 23.00000000
v 57.00000000 39.04762268 24.00000000
v 57.00000000 39.06367874 25.00000000
v 57.00000000 39.08084488 26.00000000
v 56.01831818 40.00000000 26.00000000
v 57.00000000 39.09466171 27.00000000
v 56.15850449 40.00000000 27.00000000
v 57.00000000 39.05050659 28.00000000
v 56.24229813 40.00000000 28.00000000
v 57.00000000 39.01439667 29.00000000
v 56.29355621 40.00000000 29.00000000
v 56.32504654 40.00000000 30.00000000
v 56.31861115 40.00000000 31.00000000
v 56.27513885 40.00000000 32.00000000
v 56.22479248 40.00000000 33.00000000
v 56.13097382 40.00000000 34.00000000
v 56.05220795 40.00000000 35.00000000
v 56.02525330 40.00000000 36.00000000
v 56.26906967 40.00000000 37.00000000
v 56.44196701 40.00000000 38.00000000
v 56.52078247 40.00000000 39.00000000
v 56.61349869 40.00000000 40.00000000
v 56.64159775 40.00000000 41.00000000
v 56.66133499 40.00000000 42.00000000
v 56.64518738 40.00000000 43.00000000
v 56.48683167 40.00000000 44.00000000
v 56.04798126 41.00000000 39.00000000
v 56.07199860 41.00000000 40.00000000
v 56.09701538 41.00000000 41.00000000
v 56.10929871 41.00000000 42.00000000
v 56.00968933 41.00000000 43.00000000
v 57.08058167 22.00000000 19.00000000
v 57.10833740 22.00000000 20.00000000
v 57.10673904 22.00000000 21.00000000
v 57.10557938 22.00000000 22.00000000
v 57.11652374 22.00000000 23.00000000
v 57.13164902 22.00000000 24.00000000
v 57.13595200 22.00000000 25.00000000
v 57.13441467 22.00000000 26.00000000
v 57.13273621 22.00000000 27.00000000
v 57.12495804 22.00000000 28.00000000
v 57.12239075 22.00000000 29.00000000
v 57.12771988 22.00000000 30.00000000
v 57.12746048 22.00000000 31.00000000
v 57.12252045 22.00000000 32.00000000
v 57.11791992 22.00000000 33.00000000
v 57.11087418 22.00000000 34.00000000
v 57.10926437 22.00000000 35.00000000
v 57.10482788 22.00000000 36.00000000
v 57.09328842 22.00000000 37.00000000
v 57.08006668 22.00000000 38.00000000
v 57.07292938 22.00000000 39.00000000
v 57.06293869 22.00000000 40.00000000
v 57.05587006 22.00000000 41.00000000
v 57.05014420 22.00000000 42.00000000
v 57.04114151 22.00000000 43.00000000
v 57.00226212 22.00000000 44.00000000
v 57.09054184 23.00000000 19.00000000
v 57.10161972 23.00000000 20.00000000
v 57.09146881 23.00000000 21.00000000
v 57.08269119 23.00000000 22.00000000
v 57.08705902 23.00000000 23.00000000
v 57.09414291 23.00000000 24.00000000
v 57.09576416 23.00000000 25.00000000
v 57.09808731 23.00000000 26.00000000
v 57.09811783 23.00000000 27.00000000
v 57.09828949 23.00000000 28.00000000
v 57.09109116 23.00000000 29.00000000
v 57.08528519 23.00000000 30.00000000
v 57.07825851 23.00000000 31.00000000
v 57.07332993 23.00000000 32.00000000
v 57.07366562 23.00000000 33.00000000
v 57.07745361 23.00000000 34.00000000
v 57.07874298 23.00000000 35.00000000
v 57.07823563 23.00000000 36.00000000
v 57.07960129 23.00000000 37.00000000
v 57.07944107 23.00000000 38.00000000
v 57.07565308 23.00000000 39.00000000
v 57.06314087 23.00000000 40.00000000
v 57.06050491 23.00000000 41.00000000
v 57.06860733 23.00000000 42.00000000
v 57.08359146 23.00000000 43.00000000
v 57.05316925 23.00000000 44.00000000
v 57.07754898 24.00000000 19.00000000
v 57.07984161 24.00000000 20.00000000
v 57.06769943 24.00000000 21.00000000
v 57.06298447 24.00000000 22.00000000
v 57.06001663 24.00000000 23.00000000
v 57.05486679 24.00000000 24.00000000
v 57.05182266 24.00000000 25.00000000
v 57.04771805 24.00000000 26.00000000
v 57.04465866 24.00000000 27.00000000
v 57.04005814 24.00000000 28.00000000
v 57.03868866 24.00000000 29.00000000
v 57.03387451 24.00000000 30.00000000
v 57.02580643 24.00000000 31.00000000
v 57.02825928 24.00000000 32.00000000
v 57.03030777 24.00000000 33.00000000
v 57.03413391 24.00000000 34.00000000
v 57.03497314 24.00000000 35.00000000
v 57.03644562 24.00000000 36.00000000
v 57.03952408 24.00000000 37.00000000
v 57.04077530 24.00000000 38.00000000
v 57.04039001 24.00000000 39.00000000
v 57.03336334 24.00000000 40.00000000
v 57.02162170 24.00000000 41.00000000
v 57.02352142 24.00000000 42.00000000
v 57.04271698 24.00000000 43.00000000
v 57.04558182 24.00000000 44.00000000
v 57.05712128 25.00000000 19.00000000
v 57.06044006 25.00000000 20.00000000
v 57.04313278 25.00000000 21.00000000
v 57.03376389 25.00000000 22.00000000
v 57.02282715 25.00000000 23.00000000
v 57.01298141 25.00000000 24.00000000
v 57.00244522 25.00000000 25.00000000
v 57.01736069 25.00000000 43.00000000
v 57.02604294 25.00000000 44.00000000
v 57.03919983 26.00000000 19.00000000
v 57.02765656 26.00000000 20.00000000
v 57.00498199 26.00000000 21.00000000
v 57.02163696 26.00000000 43.00000000
v 57.01928329 26.00000000 44.00000000
v 57.02930450 27.00000000 19.00000000
v 57.00645065 27.00000000 20.00000000
v 57.03179550 27.00000000 43.00000000
v 57.02594376 27.00000000 44.00000000
v 57.02586365 28.00000000 19.00000000
v 57.02059555 28.00000000 43.00000000
v 57.01013947 28.00000000 44.00000000
v 57.04584503 29.00000000 19.00000000
v 57.01501465 29.00000000 20.00000000
v 57.00196075 29.00000000 43.00000000
v 57.00522232 29.00000000 44.00000000
v 57.08113480 30.00000000 19.00000000
v 57.04816437 30.00000000 20.00000000
v 57.01794434 30.00000000 21.00000000
v 57.00317383 30.00000000 44.00000000
v 57.01724625 31.00000000 18.00000000
v 57.15724182 31.00000000 19.00000000
v 57.16022491 31.00000000 20.00000000
v 57.15600586 31.00000000 21.00000000
v 57.13793182 31.00000000 22.00000000
v 57.12906265 31.00000000 23.00000000
v 57.12782288 31.00000000 24.00000000
v 57.11957169 31.00000000 25.00000000
v 57.12604141 31.00000000 26.00000000
v 57.13048553 31.00000000 27.00000000
v 57.13796234 31.00000000 28.00000000
v 57.13838577 31.00000000 29.00000000
v 57.13536072 31.00000000 30.00000000
v 57.12089920 31.00000000 31.00000000
v 57.10269165 31.00000000 32.00000000
v 57.08539581 31.00000000 33.00000000
v 57.04800034 31.00000000 34.00000000
v 57.02421570 31.00000000 43.00000000
v 57.02703476 31.00000000 44.00000000
v 57.24968719 32.00000000 18.00000000
v 57.41065216 32.00000000 19.00000000
v 57.45959091 32.00000000 20.00000000
v 57.48747635 32.00000000 21.00000000
v 57.49001312 32.00000000 22.00000000
v 57.47456741 32.00000000 23.00000000
v 57.45582581 32.00000000 24.00000000
v 57.43759155 32.00000000 25.00000000
v 57.41289520 32.00000000 26.00000000
v 57.39277267 32.00000000 27.00000000
v 57.36046219 32.00000000 28.00000000
v 57.32851791 32.00000000 29.00000000
v 57.28118134 32.00000000 30.00000000
v 57.23437881 32.00000000 31.00000000
v 57.18702316 32.00000000 32.00000000
v 57.14895630 32.00000000 33.00000000
v 57.10367966 32.00000000 34.00000000
v 57.05862045 32.00000000 35.00000000
v 57.00391006 32.00000000 36.00000000
v 57.00377274 32.00000000 42.00000000
v 57.03769302 32.00000000 43.00000000
v 57.04578781 32.00000000 44.00000000
v 57.13657761 33.00000000 17.00000000
v 57.54847336 33.00000000 18.00000000
v 57.64461136 33.00000000 19.00000000
v 57.67000198 33.00000000 20.00000000
v 57.67284012 33.00000000 21.00000000
v 57.65789032 33.00000000 22.00000000
v 57.63116074 33.00000000 23.00000000
v 57.59668732 33.00000000 24.00000000
v 57.56228256 33.00000000 25.00000000
v 57.52462769 33.00000000 26.00000000
v 57.48589325 33.00000000 27.00000000
v 57.45178223 33.00000000 28.00000000
v 57.40666962 33.00000000 29.00000000
v 57.35087967 33.00000000 30.00000000
v 57.29498291 33.00000000 31.00000000
v 57.24407578 33.00000000 32.00000000
v 57.19527435 33.00000000 33.00000000
v 57.13441086 33.00000000 34.00000000
v 57.08706665 33.00000000 35.00000000
v 57.04386902 33.00000000 36.00000000
v 57.01267624 33.00000000 37.00000000
v 57.00190735 33.00000000 41.00000000
v 57.02299881 33.00000000 42.00000000
v 57.05014038 33.00000000 43.00000000
v 57.05822754 33.00000000 44.00000000
v 57.31215668 34.00000000 17.00000000
v 57.64285660 34.00000000 18.00000000
v 57.71442032 34.00000000 19.00000000
v 57.72386169 34.00000000 20.00000000
v 57.72358322 34.00000000 21.00000000
v 57.70789337 34.00000000 22.00000000
v 57.68128967 34.00000000 23.00000000
v 57.64746094 34.00000000 24.00000000
v 57.61377716 34.00000000 25.00000000
v 57.57584763 34.00000000 26.00000000
v 57.54026031 34.00000000 27.00000000
v 57.49428940 34.00000000 28.00000000
v 57.44944000 34.00000000 29.00000000
v 57.40424347 34.00000000 30.00000000
v 57.34036255 34.00000000 31.00000000
v 57.27665710 34.00000000 32.00000000
v 57.22806168 34.00000000 33.00000000
v 57.16927338 34.00000000 34.00000000
v 57.11520386 34.00000000 35.00000000
v 57.07205200 34.00000000 36.00000000
v 57.04835892 34.00000000 37.00000000
v 57.03819275 34.00000000 38.00000000
v 57.03325653 34.00000000 39.00000000
v 57.02643967 34.00000000 40.00000000
v 57.04781723 34.00000000 41.00000000
v 57.05838776 34.00000000 42.00000000
v 57.06769943 34.00000000 43.00000000
v 57.07271957 34.00000000 44.00000000
v 57.32800674 35.00000000 17.00000000
v 57.65152740 35.00000000 18.00000000
v 57.72609711 35.00000000 19.00000000
v 57.74204254 35.00000000 20.00000000
v 57.74032211 35.00000000 21.00000000
v 57.71886826 35.00000000 22.00000000
v 57.69241714 35.00000000 23.00000000
v 57.66806793 35.00000000 24.00000000
v 57.64550781 35.00000000 25.00000000
v 57.61131668 35.00000000 26.00000000
v 57.56477737 35.00000000 27.00000000
v 57.52182770 35.00000000 28.00000000
v 57.47502518 35.00000000 29.00000000
v 57.41872406 35.00000000 30.00000000
v 57.35592270 35.00000000 31.00000000
v 57.29503632 35.00000000 32.00000000
v 57.22838211 35.00000000 33.00000000
v 57.17061615 35.00000000 34.00000000
v 57.12114716 35.00000000 35.00000000
v 57.07927322 35.00000000 36.00000000
v 57.05637360 35.00000000 37.00000000
v 57.05647278 35.00000000 38.00000000
v 57.07219315 35.00000000 39.00000000
v 57.08205414 35.00000000 40.00000000
v 57.09630203 35.00000000 41.00000000
v 57.11282349 35.00000000 42.00000000
v 57.11813736 35.00000000 43.00000000
v 57.09878159 35.00000000 44.00000000
v 57.21321487 36.00000000 17.00000000
v 57.58878326 36.00000000 18.00000000
v 57.67440033 36.00000000 19.00000000
v 57.70330048 36.00000000 20.00000000
v 57.71430206 36.00000000 21.00000000
v 57.71232986 36.00000000 22.00000000
v 57.69509888 36.00000000 23.00000000
v 57.66755676 36.00000000 24.00000000
v 57.63731384 36.00000000 25.00000000
v 57.60580444 36.00000000 26.00000000
v 57.56901169 36.00000000 27.00000000
v 57.51212692 36.00000000 28.00000000
v 57.45313263 36.00000000 29.00000000
v 57.39215469 36.00000000 30.00000000
v 57.32645416 36.00000000 31.00000000
v 57.26167679 36.00000000 32.00000000
v 57.19967651 36.00000000 33.00000000
v 57.14619827 36.00000000 34.00000000
v 57.08731842 36.00000000 35.00000000
v 57.04346466 36.00000000 36.00000000
v 57.02000427 36.00000000 37.00000000
v 57.05482101 36.00000000 38.00000000
v 57.09440231 36.00000000 39.00000000
v 57.11392975 36.00000000 40.00000000
v 57.12548447 36.00000000 41.00000000
v 57.14197540 36.00000000 42.00000000
v 57.14649200 36.00000000 43.00000000
v 57.11810303 36.00000000 44.00000000
v 57.37613678 37.00000000 18.00000000
v 57.51531219 37.00000000 19.00000000
v 57.57588196 37.00000000 20.00000000
v 57.61221695 37.00000000 21.00000000
v 57.62549210 37.00000000 22.00000000
v 57.62582779 37.00000000 23.00000000
v 57.61529922 37.00000000 24.00000000
v 57.58330917 37.00000000 25.00000000
v 57.53534317 37.00000000 26.00000000
v 57.48843002 37.00000000 27.00000000
v 57.43326187 37.00000000 28.00000000
v 57.37566757 37.00000000 29.00000000
v 57.31374359 37.00000000 30.00000000
v 57.25271606 37.00000000 31.00000000
v 57.19035721 37.00000000 32.00000000
v 57.11813354 37.00000000 33.00000000
v 57.05760574 37.00000000 34.00000000
v 57.05897141 37.00000000 39.00000000
v 57.09378052 37.00000000 40.00000000
v 57.11416245 37.00000000 41.00000000
v 57.13391876 37.00000000 42.00000000
v 57.13352203 37.00000000 43.00000000
v 57.08609772 37.00000000 44.00000000
v 57.02135849 38.00000000 18.00000000
v 57.17888260 38.00000000 19.00000000
v 57.29011917 38.00000000 20.00000000
v 57.36336136 38.00000000 21.00000000
v 57.40428162 38.00000000 22.00000000
v 57.41551590 38.00000000 23.00000000
v 57.40795135 38.00000000 24.00000000
v 57.38333511 38.00000000 25.00000000
v 57.35171509 38.00000000 26.00000000
v 57.30915451 38.00000000 27.00000000
v 57.26765823 38.00000000 28.00000000
v 57.22459412 38.00000000 29.00000000
v 57.16720581 38.00000000 30.00000000
v 57.10982895 38.00000000 31.00000000
v 57.03711319 38.00000000 32.00000000
v 57.01482773 38.00000000 40.00000000
v 57.04798126 38.00000000 41.00000000
v 57.07679367 38.00000000 42.00000000
v 57.07588196 38.00000000 43.00000000
v 57.01769257 38.00000000 44.00000000
v 57.00471878 39.00000000 23.00000000
v 57.02398300 39.00000000 24.00000000
v 57.02996063 39.00000000 25.00000000
v 57.03521729 39.00000000 26.00000000
v 57.03794479 39.00000000 27.00000000
v 57.01857376 39.00000000 28.00000000
v 57.00488281 39.00000000 29.00000000
f 3 2 1
f 5 4 1
f 5 1 2
f 7 6 4
f 7 4 5
f 9 8 6
f 9 6 7
f 11 10 8
f 11 8 9
f 12 10 11
f 15 14 13
f 13 14 3
f 1 13 3
f 16 13 1
f 17 1 4
f 16 1 17
f 18 4 6
f 17 4 18
f 19 6 8
f 18 6 19
f 20 8 10
f 19 8 20
f 10 12 21
f 22 10 21
f 20 10 22
f 24 23 22
f 24 22 21
f 26 25 23
f 26 23 24
f 28 27 25
f 28 25 26
f 30 29 27
f 30 27 28
f 32 31 29
f 32 29 30
f 34 33 31
f 34 31 32
f 36 35 33
f 36 33 34
f 38 37 35
f 38 35 36
f 40 39 37
f 40 37 38
f 42 41 39
f 42 39 40
f 44 43 41
f 44 41 42
f 46 45 43
f 46 43 44
f 48 47 45
f 48 45 46
f 50 49 47
f 50 47 48
f 52 51 49
f 52 49 50
f 54 53 51
f 54 51 52
f 56 55 53
f 56 53 54
f 58 57 55
f 58 55 56
f 60 59 57
f 60 57 58
f 61 59 60
f 15 13 62
f 15 62 63
f 64 13 16
f 62 13 64
f 65 16 17
f 64 16 65
f 66 17 18
f 65 17 66
f 67 18 19
f 66 18 67
f 68 19 20
f 67 19 68
f 69 20 22
f 68 20 69
f 70 22 23
f 69 22 70
f 71 23 25
f 70 23 71
f 72 25 27
f 71 25 72
f 73 27 29
f 72 27 73
f 74 29 31
f 73 29 74
f 75 31 33
f 74 31 75
f 76 33 35
f 75 33 76
f 77 35 37
f 76 35 77
f 78 37 39
f 77 37 78
f 79 39 41
f 78 39 79
f 80 41 43
f 79 41 80
f 81 43 45
f 80 43 81
f 82 45 47
f 81 45 82
f 83 47 49
f 82 47 83
f 84 49 51
f 83 49 84
f 85 51 53
f 84 51 85
f 86 53 55
f 85 53 86
f 87 55 57
f 86 55 87
f 88 57 59
f 87 57 88
f 59 61 89
f 59 89 88
f 63 62 90
f 63 90 91
f 92 62 64
f 90 62 92
f 93 64 65
f 92 64 93
f 94 65 66
f 93 65 94
f 95 66 67
f 94 66 95
f 96 67 68
f 95 67 96
f 97 68 69
f 96 68 97
f 98 69 70
f 97 69 98
f 99 70 71
f 98 70 99
f 100 71 72
f 99 71 100
f 101 72 73
f 100 72 101
f 102 73 74
f 101 73 102
f 103 74 75
f 102 74 103
f 104 75 76
f 103 75 104
f 105 76 77
f 104 76 105
f 106 77 78
f 105 77 106
f 107 78 79
f 106 78 107
f 108 79 80
f 107 79 108
f 109 80 81
f 108 80 109
f 110 81 82
f 109 81 110
f 111 82 83
f 110 82 111
f 112 83 84
f 111 83 112
f 113 84 85
f 112 84 113
f 114 85 86
f 113 85 114
f 115 86 87
f 114 86 115
f 116 87 88
f 115 87 116
f 88 89 117
f 88 117 116
f 91 90 118
f 91 118 119
f 120 90 92
f 118 90 120
f 121 92 93
f 120 92 121
f 122 93 94
f 121 93 122
f 123 94 95
f 122 94 123
f 124 95 96
f 123 95 124
f 125 96 97
f 124 96 125
f 126 97 98
f 125 97 126
f 127 98 99
f 126 98 127
f 128 99 100
f 127 99 128
f 129 100 101
f 128 100 129
f 130 101 102
f 129 101 130
f 131 102 103
f 130 102 131
f 132 103 104
f 131 103 132
f 133 104 105
f 132 104 133
f 134 105 106
f 133 105 134
f 135 106 107
f 134 106 135
f 136 107 108
f 135 107 136
f 137 108 109
f 136 108 137
f 138 109 110
f 137 109 138
f 139 110 111
f 138 110 139
f 140 111 112
f 139 111 140
f 141 112 113
f 140 112 141
f 142 113 114
f 141 113 142
f 143 114 115
f 142 114 143
f 144 115 116
f 143 115 144
f 116 117 145
f 116 145 144
f 119 118 146
f 119 146 147
f 148 118 120
f 146 118 148
f 149 120 121
f 148 120 149
f 150 121 122
f 149 121 150
f 151 122 123
f 150 122 151
f 152 123 124
f 151 123 152
f 153 124 125
f 152 124 153
f 154 125 126
f 153 125 154
f 155 126 127
f 154 126 155
f 156 127 128
f 155 127 156
f 157 128 129
f 156 128 157
f 158 129 130
f 157 129 158
f 159 130 131
f 158 130 159
f 160 131 132
f 159 131 160
f 161 132 133
f 160 132 161
f 162 133 134
f 161 133 162
f 163 134 135
f 162 134 163
f 164 135 136
f 163 135 164
f 165 136 137
f 164 136 165
f 166 137 138
f 165 137 166
f 167 138 139
f 166 138 167
f 168 139 140
f 167 139 168
f 169 140 141
f 168 140 169
f 170 141 142
f 169 141 170
f 171 142 143
f 170 142 171
f 172 143 144
f 171 143 172
f 144 145 173
f 144 173 172
f 147 146 174
f 147 174 175
f 176 146 148
f 174 146 176
f 177 148 149
f 176 148 177
f 178 149 150
f 177 149 178
f 179 150 151
f 178 150 179
f 180 151 152
f 179 151 180
f 181 152 153
f 180 152 181
f 182 153 154
f 181 153 182
f 183 154 155
f 182 154 183
f 184 155 156
f 183 155 184
f 185 156 157
f 184 156 185
f 186 157 158
f 185 157 186
f 187 158 159
f 186 158 187
f 188 159 160
f 187 159 188
f 189 160 161
f 188 160 189
f 190 161 162
f 189 161 190
f 191 162 163
f 190 162 191
f 192 163 164
f 191 163 192
f 193 164 165
f 192 164 193
f 194 165 166
f 193 165 194
f 195 166 167
f 194 166 195
f 196 167 168
f 195 167 196
f 197 168 169
f 196 168 197
f 198 169 170
f 197 169 198
f 199 170 171
f 198 170 199
f 200 171 172
f 199 171 200
f 172 173 201
f 172 201 200
f 175 174 202
f 175 202 203
f 204 174 176
f 202 174 204
f 205 176 177
f 204 176 205
f 206 177 178
f 205 177 206
f 207 178 179
f 206 178 207
f 208 179 180
f 207 179 208
f 209 180 181
f 208 180 209
f 210 181 182
f 209 181 210
f 211 182 183
f 210 182 211
f 212 183 184
f 211 183 212
f 213 184 185
f 212 184 213
f 214 185 186
f 213 185 214
f 215 186 187
f 214 186 215
f 216 187 188
f 215 187 216
f 217 188 189
f 216 188 217
f 218 189 190
f 217 189 218
f 219 190 191
f 218 190 219
f 220 191 192
f 219 191 220
f 221 192 193
f 220 192 221
f 222 193 194
f 221 193 222
f 223 194 195
f 222 194 223
f 224 195 196
f 223 195 224
f 225 196 197
f 224 196 225
f 226 197 198
f 225 197 226
f 227 198 199
f 226 198 227
f 228 199 200
f 227 199 228
f 200 201 229
f 200 229 228
f 203 202 230
f 203 230 231
f 232 202 204
f 230 202 232
f 233 204 205
f 232 204 233
f 234 205 206
f 233 205 234
f 235 206 207
f 234 206 235
f 236 207 208
f 235 207 236
f 237 208 209
f 236 208 237
f 238 209 210
f 237 209 238
f 239 210 211
f 238 210 239
f 240 211 212
f 239 211 240
f 241 212 213
f 240 212 241
f 242 213 214
f 241 213 242
f 243 214 215
f 242 214 243
f 244 215 216
f 243 215 244
f 245 216 217
f 244 216 245
f 246 217 218
f 245 217 246
f 247 218 219
f 246 218 247
f 248 219 220
f 247 219 248
f 249 220 221
f 248 220 249
f 250 221 222
f 249 221 250
f 251 222 223
f 250 222 251
f 252 223 224
f 251 223 252
f 253 224 225
f 252 224 253
f 254 225 226
f 253 225 254
f 255 226 227
f 254 226 255
f 256 227 228
f 255 227 256
f 228 229 257
f 228 257 256
f 231 230 258
f 231 258 259
f 260 230 232
f 258 230 260
f 261 232 233
f 260 232 261
f 262 233 234
f 261 233 262
f 263 234 235
f 262 234 263
f 264 235 236
f 263 235 264
f 265 236 237
f 264 236 265
f 266 237 238
f 265 237 266
f 267 238 239
f 266 238 267
f 268 239 240
f 267 239 268
f 269 240 241
f 268 240 269
f 270 241 242
f 269 241 270
f 271 242 243
f 270 242 271
f 272 243 244
f 271 243 272
f 273 244 245
f 272 244 273
f 274 245 246
f 273 245 274
f 275 246 247
f 274 246 275
f 276 247 248
f 275 247 276
f 277 248 249
f 276 248 277
f 278 249 250
f 277 249 278
f 279 250 251
f 278 250 279
f 280 251 252
f 279 251 280
f 281 252 253
f 280 252 281
f 282 253 254
f 281 253 282
f 283 254 255
f 282 254 283
f 284 255 256
f 283 255 284
f 256 257 285
f 256 285 284
f 259 258 286
f 259 286 287
f 288 258 260
f 286 258 288
f 289 260 261
f 288 260 289
f 290 261 262
f 289 261 290
f 291 262 263
f 290 262 291
f 292 263 264
f 291 263 292
f 293 264 265
f 292 264 293
f 294 265 266
f 293 265 294
f 295 266 267
f 294 266 295
f 296 267 268
f 295 267 296
f 297 268 269
f 296 268 297
f 298 269 270
f 297 269 298
f 299 270 271
f 298 270 299
f 300 271 272
f 299 271 300
f 301 272 273
f 300 272 301
f 302 273 274
f 301 273 302
f 303 274 275
f 302 274 303
f 304 275 276
f 303 275 304
f 305 276 277
f 304 276 305
f 306 277 278
f 305 277 306
f 307 278 279
f 306 278 307
f 308 279 280
f 307 279 308
f 309 280 281
f 308 280 309
f 310 281 282
f 309 281 310
f 311 282 283
f 310 282 311
f 312 283 284
f 311 283 312
f 284 285 313
f 284 313 312
f 316 315 314
f 314 315 287
f 286 314 287
f 317 314 286
f 318 286 288
f 317 286 318
f 319 288 289
f 318 288 319
f 320 289 290
f 319 289 320
f 321 290 291
f 320 290 321
f 322 291 292
f 321 291 322
f 323 292 293
f 322 292 323
f 324 293 294
f 323 293 324
f 325 294 295
f 324 294 325
f 326 295 296
f 325 295 326
f 327 296 297
f 326 296 327
f 328 297 298
f 327 297 328
f 329 298 299
f 328 298 329
f 330 299 300
f 329 299 330
f 331 300 301
f 330 300 331
f 332 301 302
f 331 301 332
f 333 302 303
f 332 302 333
f 334 303 304
f 333 303 334
f 335 304 305
f 334 304 335
f 336 305 306
f 335 305 336
f 337 306 307
f 336 306 337
f 338 307 308
f 337 307 338
f 339 308 309
f 338 308 339
f 340 309 310
f 339 309 340
f 341 310 311
f 340 310 341
f 342 311 312
f 341 311 342
f 312 313 343
f 312 343 342
f 316 314 344
f 316 344 345
f 346 314 317
f 344 314 346
f 347 317 318
f 346 317 347
f 348 318 319
f 347 318 348
f 349 319 320
f 348 319 349
f 350 320 321
f 349 320 350
f 351 321 322
f 350 321 351
f 352 322 323
f 351 322 352
f 353 323 324
f 352 323 353
f 354 324 325
f 353 324 354
f 355 325 326
f 354 325 355
f 356 326 327
f 355 326 356
f 357 327 328
f 356 327 357
f 358 328 329
f 357 328 358
f 359 329 330
f 358 329 359
f 360 330 331
f 359 330 360
f 361 331 332
f 360 331 361
f 362 332 333
f 361 332 362
f 363 333 334
f 362 333 363
f 364 334 335
f 363 334 364
f 365 335 336
f 364 335 365
f 366 336 337
f 365 336 366
f 367 337 338
f 366 337 367
f 368 338 339
f 367 338 368
f 369 339 340
f 368 339 369
f 370 340 341
f 369 340 370
f 371 341 342
f 370 341 371
f 342 343 372
f 342 372 371
f 375 374 373
f 373 374 345
f 344 373 345
f 376 373 344
f 377 344 346
f 376 344 377
f 378 346 347
f 377 346 378
f 379 347 348
f 378 347 379
f 380 348 349
f 379 348 380
f 381 349 350
f 380 349 381
f 382 350 351
f 381 350 382
f 383 351 352
f 382 351 383
f 384 352 353
f 383 352 384
f 385 353 354
f 384 353 385
f 386 354 355
f 385 354 386
f 387 355 356
f 386 355 387
f 388 356 357
f 387 356 388
f 389 357 358
f 388 357 389
f 390 358 359
f 389 358 390
f 391 359 360
f 390 359 391
f 392 360 361
f 391 360 392
f 393 361 362
f 392 361 393
f 394 362 363
f 393 362 394
f 395 363 364
f 394 363 395
f 396 364 365
f 395 364 396
f 397 365 366
f 396 365 397
f 398 366 367
f 397 366 398
f 399 367 368
f 398 367 399
f 400 368 369
f 399 368 400
f 401 369 370
f 400 369 401
f 402 370 371
f 401 370 402
f 371 372 403
f 371 403 402
f 404 375 373
f 406 405 404
f 373 406 404
f 376 406 373
f 407 376 377
f 406 376 407
f 408 377 378
f 407 377 408
f 409 378 379
f 408 378 409
f 410 379 380
f 409 379 410
f 411 380 381
f 410 380 411
f 412 381 382
f 411 381 412
f 413 382 383
f 412 382 413
f 414 383 384
f 413 383 414
f 415 384 385
f 414 384 415
f 416 385 386
f 415 385 416
f 417 386 387
f 416 386 417
f 418 387 388
f 417 387 418
f 419 388 389
f 418 388 419
f 420 389 390
f 419 389 420
f 421 390 391
f 420 390 421
f 422 391 392
f 421 391 422
f 423 392 393
f 422 392 423
f 424 393 394
f 423 393 424
f 425 394 395
f 424 394 425
f 426 395 396
f 425 395 426
f 427 396 397
f 426 396 427
f 428 397 398
f 427 397 428
f 429 398 399
f 428 398 429
f 430 399 400
f 429 399 430
f 431 400 401
f 430 400 431
f 432 401 402
f 431 401 432
f 402 403 433
f 402 433 432
f 405 406 434
f 405 434 435
f 436 406 407
f 434 406 436
f 437 407 408
f 436 407 437
f 438 408 409
f 437 408 438
f 439 409 410
f 438 409 439
f 440 410 411
f 439 410 440
f 441 411 412
f 440 411 441
f 442 412 413
f 441 412 442
f 443 413 414
f 442 413 443
f 444 414 415
f 443 414 444
f 445 415 416
f 444 415 445
f 446 416 417
f 445 416 446
f 447 417 418
f 446 417 447
f 448 418 419
f 447 418 448
f 449 419 420
f 448 419 449
f 450 420 421
f 449 420 450
f 451 421 422
f 450 421 451
f 452 422 423
f 451 422 452
f 453 423 424
f 452 423 453
f 454 424 425
f 453 424 454
f 455 425 426
f 454 425 455
f 456 426 427
f 455 426 456
f 457 427 428
f 456 427 457
f 458 428 429
f 457 428 458
f 459 429 430
f 458 429 459
f 460 430 431
f 459 430 460
f 461 431 432
f 460 431 461
f 432 433 462
f 432 462 461
f 435 434 463
f 435 463 464
f 465 434 436
f 463 434 465
f 466 436 437
f 465 436 466
f 467 437 438
f 466 437 467
f 468 438 439
f 467 438 468
f 469 439 440
f 468 439 469
f 470 440 441
f 469 440 470
f 471 441 442
f 470 441 471
f 472 442 443
f 471 442 472
f 473 443 444
f 472 443 473
f 474 444 445
f 473 444 474
f 475 445 446
f 474 445 475
f 476 446 447
f 475 446 476
f 477 447 448
f 476 447 477
f 478 448 449
f 477 448 478
f 479 449 450
f 478 449 479
f 480 450 451
f 479 450 480
f 481 451 452
f 480 451 481
f 482 452 453
f 481 452 482
f 483 453 454
f 482 453 483
f 484 454 455
f 483 454 484
f 485 455 456
f 484 455 485
f 486 456 457
f 485 456 486
f 487 457 458
f 486 457 487
f 488 458 459
f 487 458 488
f 489 459 460
f 488 459 489
f 490 460 461
f 489 460 490
f 461 462 491
f 461 491 490
f 492 464 463
f 492 463 465
f 492 465 493
f 495 494 493
f 465 495 493
f 466 495 465
f 496 466 467
f 495 466 496
f 497 467 468
f 496 467 497
f 498 468 469
f 497 468 498
f 499 469 470
f 498 469 499
f 500 470 471
f 499 470 500
f 501 471 472
f 500 471 501
f 502 472 473
f 501 472 502
f 503 473 474
f 502 473 503
f 504 474 475
f 503 474 504
f 505 475 476
f 504 475 505
f 506 476 477
f 505 476 506
f 507 477 478
f 506 477 507
f 508 478 479
f 507 478 508
f 509 479 480
f 508 479 509
f 510 480 481
f 509 480 510
f 482 512 511
f 510 482 511
f 481 482 510
f 512 482 483
f 512 483 513
f 515 514 513
f 483 515 513
f 484 515 483
f 516 484 485
f 515 484 516
f 517 485 486
f 516 485 517
f 518 486 487
f 517 486 518
f 519 487 488
f 518 487 519
f 520 488 489
f 519 488 520
f 521 489 490
f 520 489 521
f 490 491 522
f 490 522 521
f 523 494 495
f 523 495 496
f 523 496 524
f 524 496 497
f 524 497 525
f 525 497 498
f 525 498 526
f 526 498 499
f 526 499 527
f 527 499 500
f 527 500 528
f 528 500 501
f 528 501 529
f 531 530 529
f 501 531 529
f 502 531 501
f 532 502 503
f 531 502 532
f 533 503 504
f 532 503 533
f 505 535 534
f 533 505 534
f 504 505 533
f 535 505 506
f 535 506 536
f 536 506 507
f 536 507 537
f 537 507 508
f 537 508 538
f 538 508 509
f 538 509 539
f 539 509 510
f 539 510 540
f 540 510 511
f 541 514 515
f 541 515 516
f 541 516 542
f 544 543 542
f 516 544 542
f 517 544 516
f 545 517 518
f 544 517 545
f 546 518 519
f 545 518 546
f 547 519 520
f 546 519 547
f 521 549 548
f 547 521 548
f 520 521 547
f 549 521 522
f 550 530 531
f 550 531 532
f 550 532 551
f 551 532 533
f 551 533 552
f 552 533 534
f 553 543 544
f 553 544 545
f 553 545 554
f 554 545 546
f 554 546 555
f 555 546 547
f 555 547 556
f 556 547 548
f 559 558 557
f 561 560 557
f 561 557 558
f 2 3 560
f 561 2 560
f 562 2 561
f 2 563 5
f 562 563 2
f 5 564 7
f 563 564 5
f 7 565 9
f 564 565 7
f 9 566 11
f 565 566 9
f 568 567 12
f 11 568 12
f 566 568 11
f 570 569 567
f 570 567 568
f 572 571 569
f 572 569 570
f 574 573 571
f 574 571 572
f 576 575 573
f 576 573 574
f 578 577 575
f 578 575 576
f 580 579 577
f 580 577 578
f 582 581 579
f 582 579 580
f 584 583 581
f 584 581 582
f 586 585 583
f 586 583 584
f 588 587 585
f 588 585 586
f 590 589 587
f 590 587 588
f 592 591 589
f 592 589 590
f 594 593 591
f 594 591 592
f 596 595 593
f 596 593 594
f 598 597 595
f 598 595 596
f 600 599 597
f 600 597 598
f 602 601 599
f 602 599 600
f 604 603 601
f 604 601 602
f 606 605 603
f 606 603 604
f 608 607 605
f 608 605 606
f 609 607 608
f 559 557 610
f 559 610 611
f 15 610 14
f 610 560 14
f 610 557 560
f 14 560 3
f 567 21 12
f 21 567 24
f 24 567 569
f 24 569 26
f 26 569 571
f 26 571 28
f 28 571 573
f 28 573 30
f 30 573 575
f 30 575 32
f 32 575 577
f 32 577 34
f 34 577 579
f 34 579 36
f 36 579 581
f 36 581 38
f 38 581 583
f 38 583 40
f 40 583 585
f 40 585 42
f 42 585 587
f 42 587 44
f 44 587 589
f 44 589 46
f 46 589 591
f 46 591 48
f 48 591 593
f 48 593 50
f 50 593 595
f 50 595 52
f 52 595 597
f 52 597 54
f 54 597 599
f 54 599 56
f 56 599 601
f 56 601 58
f 58 601 603
f 58 603 60
f 60 603 605
f 60 605 61
f 605 612 61
f 605 607 612
f 607 609 613
f 607 613 612
f 611 610 614
f 611 614 615
f 63 614 15
f 15 614 610
f 616 89 612
f 612 89 61
f 612 613 617
f 612 617 616
f 615 614 618
f 615 618 619
f 91 618 63
f 63 618 614
f 620 117 616
f 616 117 89
f 616 617 621
f 616 621 620
f 619 618 622
f 619 622 623
f 119 622 91
f 91 622 618
f 624 145 620
f 620 145 117
f 620 621 625
f 620 625 624
f 623 622 626
f 623 626 627
f 147 626 119
f 119 626 622
f 628 173 624
f 624 173 145
f 624 625 629
f 624 629 628
f 627 626 630
f 627 630 631
f 175 630 147
f 147 630 626
f 632 201 628
f 628 201 173
f 628 629 633
f 628 633 632
f 631 630 634
f 631 634 635
f 203 634 175
f 175 634 630
f 636 229 632
f 632 229 201
f 632 633 637
f 632 637 636
f 635 634 638
f 635 638 639
f 231 638 203
f 203 638 634
f 640 257 636
f 636 257 229
f 636 637 641
f 636 641 640
f 644 643 642
f 642 643 639
f 638 642 639
f 645 642 638
f 259 645 231
f 231 645 638
f 646 285 640
f 640 285 257
f 640 641 647
f 640 647 646
f 648 644 642
f 650 649 648
f 642 650 648
f 645 650 642
f 287 650 259
f 259 650 645
f 651 313 646
f 646 313 285
f 646 647 652
f 646 652 651
f 655 654 653
f 653 654 649
f 653 649 650
f 316 653 650
f 315 316 650
f 315 650 287
f 656 343 651
f 651 343 313
f 651 652 657
f 651 657 656
f 655 653 658
f 655 658 659
f 345 658 316
f 316 658 653
f 660 372 656
f 656 372 343
f 656 657 661
f 656 661 660
f 659 658 374
f 375 659 374
f 662 659 375
f 374 658 345
f 663 403 660
f 660 403 372
f 660 661 664
f 665 660 664
f 663 660 665
f 666 665 664
f 375 404 667
f 668 375 667
f 662 375 668
f 405 667 404
f 669 433 663
f 663 433 403
f 670 663 665
f 669 663 670
f 665 666 671
f 665 671 670
f 668 667 672
f 668 672 673
f 435 672 405
f 405 672 667
f 674 462 669
f 669 462 433
f 675 669 670
f 674 669 675
f 670 671 676
f 670 676 675
f 673 672 677
f 673 677 678
f 464 677 435
f 435 677 672
f 679 491 674
f 674 491 462
f 680 674 675
f 679 674 680
f 675 676 681
f 675 681 680
f 682 678 677
f 684 682 683
f 683 682 492
f 682 677 492
f 677 464 492
f 493 685 492
f 492 685 683
f 494 685 493
f 686 511 512
f 513 687 512
f 512 687 686
f 514 687 513
f 688 522 679
f 679 522 491
f 680 690 689
f 688 680 689
f 679 680 688
f 690 680 681
f 691 684 683
f 691 683 685
f 691 685 692
f 694 692 693
f 693 692 523
f 692 685 523
f 685 494 523
f 524 695 523
f 523 695 693
f 525 696 524
f 524 696 695
f 526 697 525
f 525 697 696
f 527 698 526
f 526 698 697
f 528 699 527
f 527 699 698
f 529 700 528
f 528 700 699
f 530 700 529
f 701 534 535
f 536 702 535
f 535 702 701
f 537 703 536
f 536 703 702
f 538 704 537
f 537 704 703
f 539 705 538
f 538 705 704
f 540 706 539
f 539 706 705
f 511 686 540
f 686 706 540
f 686 707 706
f 708 686 687
f 707 686 708
f 541 709 514
f 709 687 514
f 709 708 687
f 542 710 541
f 541 710 709
f 543 710 542
f 711 548 549
f 522 688 549
f 688 711 549
f 688 712 711
f 688 689 713
f 688 713 712
f 714 694 693
f 714 693 695
f 714 695 715
f 715 695 696
f 715 696 716
f 716 696 697
f 716 697 717
f 717 697 698
f 717 698 718
f 720 719 718
f 698 720 718
f 699 720 698
f 721 699 700
f 720 699 721
f 550 722 530
f 722 700 530
f 722 721 700
f 551 723 550
f 550 723 722
f 552 724 551
f 551 724 723
f 534 701 552
f 701 724 552
f 701 725 724
f 726 701 702
f 725 701 726
f 727 702 703
f 726 702 727
f 728 703 704
f 727 703 728
f 729 704 705
f 728 704 729
f 730 705 706
f 729 705 730
f 731 706 707
f 730 706 731
f 732 707 708
f 731 707 732
f 733 708 709
f 732 708 733
f 734 709 710
f 733 709 734
f 553 735 543
f 735 710 543
f 735 734 710
f 554 736 553
f 553 736 735
f 555 737 554
f 554 737 736
f 556 738 555
f 555 738 737
f 548 711 556
f 711 738 556
f 711 739 738
f 740 711 712
f 739 711 740
f 712 713 741
f 712 741 740
f 742 719 720
f 742 720 721
f 742 721 743
f 743 721 722
f 743 722 744
f 744 722 723
f 744 723 745
f 745 723 724
f 745 724 746
f 746 724 725
f 746 725 747
f 747 725 726
f 747 726 748
f 748 726 727
f 748 727 749
f 749 727 728
f 749 728 750
f 750 728 729
f 750 729 751
f 751 729 730
f 751 730 752
f 752 730 731
f 752 731 753
f 753 731 732
f 753 732 754
f 754 732 733
f 754 733 755
f 757 756 755
f 733 757 755
f 734 757 733
f 758 734 735
f 757 734 758
f 759 735 736
f 758 735 759
f 760 736 737
f 759 736 760
f 761 737 738
f 760 737 761
f 762 738 739
f 761 738 762
f 740 764 763
f 762 740 763
f 739 740 762
f 764 740 741
f 765 756 757
f 765 757 758
f 765 758 766
f 766 758 759
f 766 759 767
f 767 759 760
f 767 760 768
f 768 760 761
f 768 761 769
f 769 761 762
f 769 762 770
f 770 762 763
f 772 771 558
f 772 558 559
f 558 773 561
f 771 773 558
f 561 774 562
f 773 774 561
f 562 775 563
f 774 775 562
f 563 776 564
f 775 776 563
f 564 777 565
f 776 777 564
f 565 778 566
f 777 778 565
f 566 779 568
f 778 779 566
f 568 780 570
f 779 780 568
f 570 781 572
f 780 781 570
f 572 782 574
f 781 782 572
f 574 783 576
f 782 783 574
f 576 784 578
f 783 784 576
f 578 785 580
f 784 785 578
f 580 786 582
f 785 786 580
f 582 787 584
f 786 787 582
f 584 788 586
f 787 788 584
f 586 789 588
f 788 789 586
f 588 790 590
f 789 790 588
f 590 791 592
f 790 791 590
f 592 792 594
f 791 792 592
f 594 793 596
f 792 793 594
f 596 794 598
f 793 794 596
f 598 795 600
f 794 795 598
f 600 796 602
f 795 796 600
f 602 797 604
f 796 797 602
f 604 798 606
f 797 798 604
f 606 799 608
f 798 799 606
f 609 608 799
f 609 799 800
f 611 772 559
f 611 801 772
f 803 613 802
f 613 800 802
f 613 609 800
f 804 803 802
f 615 801 611
f 615 805 801
f 806 617 803
f 803 617 613
f 803 804 807
f 803 807 806
f 619 805 615
f 619 808 805
f 809 621 806
f 806 621 617
f 806 807 810
f 806 810 809
f 623 808 619
f 623 811 808
f 812 625 809
f 809 625 621
f 809 810 813
f 809 813 812
f 627 811 623
f 627 814 811
f 815 629 812
f 812 629 625
f 812 813 816
f 812 816 815
f 631 814 627
f 631 817 814
f 818 633 815
f 815 633 629
f 815 816 819
f 815 819 818
f 822 821 820
f 821 817 820
f 817 635 820
f 817 631 635
f 823 637 818
f 818 637 633
f 818 819 824
f 818 824 823
f 822 820 825
f 822 825 826
f 639 825 635
f 635 825 820
f 827 641 823
f 823 641 637
f 823 824 828
f 823 828 827
f 826 825 643
f 644 826 643
f 829 826 644
f 643 825 639
f 830 647 827
f 827 647 641
f 827 828 831
f 827 831 830
f 644 648 832
f 833 644 832
f 829 644 833
f 649 832 648
f 834 652 830
f 830 652 647
f 830 831 835
f 830 835 834
f 833 832 654
f 655 833 654
f 836 833 655
f 654 832 649
f 837 657 834
f 834 657 652
f 834 835 838
f 834 838 837
f 659 836 655
f 659 839 836
f 840 661 837
f 837 661 657
f 837 838 841
f 837 841 840
f 662 839 659
f 662 842 839
f 840 664 661
f 666 664 840
f 841 666 840
f 843 666 841
f 668 842 662
f 668 844 842
f 843 671 666
f 845 671 843
f 673 844 668
f 673 846 844
f 845 676 671
f 847 676 845
f 678 846 673
f 678 848 846
f 847 681 676
f 849 681 847
f 850 848 678
f 850 678 682
f 682 684 850
f 850 684 851
f 852 689 690
f 853 852 690
f 681 853 690
f 849 853 681
f 854 851 684
f 854 684 691
f 856 854 855
f 854 692 855
f 854 691 692
f 694 855 692
f 857 713 852
f 852 713 689
f 852 853 858
f 852 858 857
f 859 856 855
f 859 855 694
f 714 859 694
f 860 859 714
f 861 714 715
f 861 860 714
f 862 715 716
f 862 861 715
f 863 716 717
f 863 862 716
f 865 863 864
f 863 718 864
f 863 717 718
f 719 864 718
f 867 866 857
f 866 713 857
f 866 741 713
f 867 857 858
f 868 865 864
f 868 864 719
f 742 868 719
f 869 868 742
f 870 742 743
f 870 869 742
f 871 743 744
f 871 870 743
f 872 744 745
f 872 871 744
f 873 745 746
f 873 872 745
f 874 746 747
f 874 873 746
f 875 747 748
f 875 874 747
f 876 748 749
f 876 875 748
f 877 749 750
f 877 876 749
f 878 750 751
f 878 877 750
f 879 751 752
f 879 878 751
f 880 752 753
f 880 879 752
f 882 880 881
f 880 754 881
f 880 753 754
f 755 883 754
f 754 883 881
f 756 883 755
f 885 884 764
f 764 884 763
f 764 741 866
f 764 866 885
f 886 882 881
f 886 881 883
f 886 883 887
f 887 883 756
f 765 887 756
f 888 887 765
f 889 765 766
f 889 888 765
f 890 766 767
f 890 889 766
f 891 767 768
f 891 890 767
f 892 768 769
f 892 891 768
f 893 769 770
f 893 892 769
f 770 763 884
f 770 884 893
f 895 894 771
f 895 771 772
f 771 896 773
f 894 896 771
f 773 897 774
f 896 897 773
f 774 898 775
f 897 898 774
f 775 899 776
f 898 899 775
f 776 900 777
f 899 900 776
f 777 901 778
f 900 901 777
f 778 902 779
f 901 902 778
f 779 903 780
f 902 903 779
f 780 904 781
f 903 904 780
f 781 905 782
f 904 905 781
f 782 906 783
f 905 906 782
f 783 907 784
f 906 907 783
f 784 908 785
f 907 908 784
f 785 909 786
f 908 909 785
f 786 910 787
f 909 910 786
f 787 911 788
f 910 911 787
f 788 912 789
f 911 912 788
f 789 913 790
f 912 913 789
f 790 914 791
f 913 914 790
f 791 915 792
f 914 915 791
f 792 916 793
f 915 916 792
f 793 917 794
f 916 917 793
f 794 918 795
f 917 918 794
f 795 919 796
f 918 919 795
f 796 920 797
f 919 920 796
f 797 921 798
f 920 921 797
f 798 922 799
f 921 922 798
f 924 923 800
f 799 924 800
f 922 924 799
f 925 923 924
f 801 895 772
f 801 926 895
f 923 802 800
f 804 802 923
f 925 804 923
f 927 804 925
f 805 926 801
f 805 928 926
f 927 807 804
f 929 807 927
f 808 928 805
f 808 930 928
f 929 810 807
f 931 810 929
f 811 930 808
f 811 932 930
f 931 813 810
f 933 813 931
f 814 932 811
f 814 934 932
f 933 816 813
f 935 816 933
f 817 934 814
f 817 936 934
f 935 819 816
f 937 819 935
f 939 938 821
f 939 821 822
f 817 821 936
f 936 821 938
f 937 824 819
f 940 824 937
f 826 939 822
f 826 941 939
f 940 828 824
f 942 828 940
f 829 941 826
f 829 943 941
f 942 831 828
f 944 831 942
f 833 943 829
f 833 945 943
f 944 835 831
f 946 835 944
f 836 945 833
f 836 947 945
f 946 838 835
f 948 838 946
f 839 947 836
f 839 949 947
f 948 841 838
f 950 841 948
f 842 949 839
f 842 951 949
f 950 843 841
f 952 843 950
f 844 951 842
f 844 953 951
f 952 845 843
f 954 845 952
f 846 953 844
f 846 955 953
f 954 847 845
f 956 847 954
f 848 955 846
f 848 957 955
f 956 849 847
f 958 849 956
f 959 957 848
f 959 848 850
f 850 851 959
f 959 851 960
f 958 853 849
f 961 853 958
f 962 960 851
f 962 851 854
f 854 856 962
f 962 856 963
f 961 858 853
f 964 858 961
f 965 963 856
f 965 856 859
f 966 859 860
f 966 965 859
f 967 860 861
f 967 966 860
f 968 861 862
f 968 967 861
f 969 862 863
f 969 968 862
f 863 865 969
f 969 865 970
f 972 971 867
f 867 971 866
f 867 858 964
f 867 964 972
f 973 970 865
f 973 865 868
f 974 868 869
f 974 973 868
f 975 869 870
f 975 974 869
f 976 870 871
f 976 975 870
f 977 871 872
f 977 976 871
f 978 872 873
f 978 977 872
f 979 873 874
f 979 978 873
f 980 874 875
f 980 979 874
f 981 875 876
f 981 980 875
f 982 876 877
f 982 981 876
f 983 877 878
f 983 982 877
f 984 878 879
f 984 983 878
f 985 879 880
f 985 984 879
f 880 882 985
f 985 882 986
f 987 884 885
f 988 987 885
f 866 988 885
f 971 988 866
f 989 986 882
f 989 882 886
f 990 886 887
f 990 989 886
f 991 887 888
f 991 990 887
f 993 991 992
f 991 889 992
f 991 888 889
f 890 994 889
f 889 994 992
f 994 890 995
f 890 996 995
f 890 891 996
f 997 891 892
f 997 996 891
f 998 892 893
f 998 997 892
f 893 884 987
f 999 893 987
f 998 893 999
f 999 987 988
f 1000 993 992
f 1000 992 994
f 1000 994 1001
f 1001 994 995
f 1003 1002 894
f 1003 894 895
f 894 1004 896
f 1002 1004 894
f 896 1005 897
f 1004 1005 896
f 897 1006 898
f 1005 1006 897
f 898 1007 899
f 1006 1007 898
f 899 1008 900
f 1007 1008 899
f 900 1009 901
f 1008 1009 900
f 901 1010 902
f 1009 1010 901
f 902 1011 903
f 1010 1011 902
f 903 1012 904
f 1011 1012 903
f 904 1013 905
f 1012 1013 904
f 905 1014 906
f 1013 1014 905
f 906 1015 907
f 1014 1015 906
f 907 1016 908
f 1015 1016 907
f 908 1017 909
f 1016 1017 908
f 909 1018 910
f 1017 1018 909
f 910 1019 911
f 1018 1019 910
f 911 1020 912
f 1019 1020 911
f 912 1021 913
f 1020 1021 912
f 913 1022 914
f 1021 1022 913
f 914 1023 915
f 1022 1023 914
f 915 1024 916
f 1023 1024 915
f 916 1025 917
f 1024 1025 916
f 917 1026 918
f 1025 1026 917
f 918 1027 919
f 1026 1027 918
f 919 1028 920
f 1027 1028 919
f 920 1029 921
f 1028 1029 920
f 921 1030 922
f 1029 1030 921
f 922 1031 924
f 1030 1031 922
f 925 924 1031
f 925 1031 1032
f 926 1003 895
f 926 1033 1003
f 1032 927 925
f 1034 927 1032
f 928 1033 926
f 928 1035 1033
f 1034 929 927
f 1036 929 1034
f 930 1035 928
f 930 1037 1035
f 1036 931 929
f 1038 931 1036
f 932 1037 930
f 932 1039 1037
f 1038 933 931
f 1040 933 1038
f 934 1039 932
f 934 1041 1039
f 1040 935 933
f 1042 935 1040
f 936 1041 934
f 936 1043 1041
f 1042 937 935
f 1044 937 1042
f 1046 1045 938
f 1046 938 939
f 936 938 1043
f 1043 938 1045
f 1044 940 937
f 1047 940 1044
f 941 1046 939
f 941 1048 1046
f 1047 942 940
f 1049 942 1047
f 943 1048 941
f 943 1050 1048
f 1049 944 942
f 1051 944 1049
f 945 1050 943
f 945 1052 1050
f 1051 946 944
f 1053 946 1051
f 947 1055 1054
f 1052 947 1054
f 945 947 1052
f 1055 1056 1054
f 1053 948 946
f 1057 948 1053
f 1059 1058 1055
f 947 1059 1055
f 949 1059 947
f 1055 1058 1056
f 1057 950 948
f 1060 950 1057
f 951 1059 949
f 951 1061 1059
f 1060 952 950
f 1062 952 1060
f 953 1061 951
f 953 1063 1061
f 1062 954 952
f 1064 954 1062
f 955 1063 953
f 955 1065 1063
f 1064 956 954
f 1066 956 1064
f 957 1065 955
f 957 1067 1065
f 1066 958 956
f 1068 958 1066
f 1069 1067 957
f 1069 957 959
f 959 960 1069
f 1069 960 1070
f 1068 961 958
f 1071 961 1068
f 1072 1070 960
f 1072 960 962
f 1074 1073 963
f 1073 962 963
f 1073 1072 962
f 1074 1075 1073
f 1071 964 961
f 1076 964 1071
f 965 1074 963
f 1077 1075 1074
f 965 1077 1074
f 966 1077 965
f 1078 966 967
f 1078 1077 966
f 1079 967 968
f 1079 1078 967
f 1080 968 969
f 1080 1079 968
f 1082 1081 970
f 1081 969 970
f 1081 1080 969
f 1084 1083 1082
f 1082 1083 1081
f 1086 1085 1084
f 1084 1085 1083
f 1086 1087 1085
f 1088 971 972
f 1089 1088 972
f 964 1089 972
f 1076 1089 964
f 973 1082 970
f 1082 973 974
f 1082 974 1084
f 1084 974 975
f 1084 975 1086
f 1090 1087 1086
f 975 1090 1086
f 976 1090 975
f 1091 976 977
f 1091 1090 976
f 1092 977 978
f 1092 1091 977
f 1093 978 979
f 1093 1092 978
f 1094 979 980
f 1094 1093 979
f 1095 980 981
f 1095 1094 980
f 1096 981 982
f 1096 1095 981
f 1097 982 983
f 1097 1096 982
f 1098 983 984
f 1098 1097 983
f 1099 984 985
f 1099 1098 984
f 985 986 1099
f 1099 986 1100
f 1102 1101 1088
f 1101 971 1088
f 1101 988 971
f 1102 1088 1089
f 1103 1100 986
f 1103 986 989
f 1105 1103 1104
f 1103 990 1104
f 1103 989 990
f 991 1106 990
f 990 1106 1104
f 993 1106 991
f 1107 995 996
f 997 1108 996
f 996 1108 1107
f 1108 997 1109
f 997 1110 1109
f 997 998 1110
f 1111 998 999
f 1111 1110 998
f 999 988 1101
f 999 1101 1111
f 1112 1105 1104
f 1112 1104 1106
f 1112 1106 1113
f 1113 1106 993
f 1000 1113 993
f 1114 1113 1000
f 1115 1000 1001
f 1115 1114 1000
f 1001 995 1107
f 1116 1001 1107
f 1115 1001 1116
f 1116 1107 1108
f 1116 1108 1117
f 1117 1108 1109
f 1119 1118 1002
f 1119 1002 1003
f 1002 1120 1004
f 1118 1120 1002
f 1004 1121 1005
f 1120 1121 1004
f 1005 1122 1006
f 1121 1122 1005
f 1006 1123 1007
f 1122 1123 1006
f 1007 1124 1008
f 1123 1124 1007
f 1008 1125 1009
f 1124 1125 1008
f 1009 1126 1010
f 1125 1126 1009
f 1010 1127 1011
f 1126 1127 1010
f 1011 1128 1012
f 1127 1128 1011
f 1012 1129 1013
f 1128 1129 1012
f 1013 1130 1014
f 1129 1130 1013
f 1014 1131 1015
f 1130 1131 1014
f 1015 1132 1016
f 1131 1132 1015
f 1016 1133 1017
f 1132 1133 1016
f 1017 1134 1018
f 1133 1134 1017
f 1018 1135 1019
f 1134 1135 1018
f 1019 1136 1020
f 1135 1136 1019
f 1020 1137 1021
f 1136 1137 1020
f 1021 1138 1022
f 1137 1138 1021
f 1022 1139 1023
f 1138 1139 1022
f 1023 1140 1024
f 1139 1140 1023
f 1024 1141 1025
f 1140 1141 1024
f 1025 1142 1026
f 1141 1142 1025
f 1026 1143 1027
f 1142 1143 1026
f 1027 1144 1028
f 1143 1144 1027
f 1028 1145 1029
f 1144 1145 1028
f 1029 1146 1030
f 1145 1146 1029
f 1030 1147 1031
f 1146 1147 1030
f 1032 1031 1147
f 1032 1147 1148
f 1033 1119 1003
f 1033 1149 1119
f 1148 1034 1032
f 1150 1034 1148
f 1035 1149 1033
f 1035 1151 1149
f 1150 1036 1034
f 1152 1036 1150
f 1037 1151 1035
f 1037 1153 1151
f 1152 1038 1036
f 1154 1038 1152
f 1039 1153 1037
f 1039 1155 1153
f 1154 1040 1038
f 1156 1040 1154
f 1041 1155 1039
f 1041 1157 1155
f 1156 1042 1040
f 1158 1042 1156
f 1043 1157 1041
f 1043 1159 1157
f 1158 1044 1042
f 1160 1044 1158
f 1162 1161 1045
f 1162 1045 1046
f 1043 1045 1159
f 1159 1045 1161
f 1160 1047 1044
f 1163 1047 1160
f 1048 1162 1046
f 1048 1164 1162
f 1163 1049 1047
f 1165 1049 1163
f 1050 1164 1048
f 1050 1166 1164
f 1165 1051 1049
f 1167 1051 1165
f 1052 1169 1168
f 1166 1052 1168
f 1050 1052 1166
f 1169 1170 1168
f 1167 1053 1051
f 1171 1053 1167
f 1054 1169 1052
f 1054 1056 1169
f 1056 1170 1169
f 1056 1172 1170
f 1171 1057 1053
f 1173 1057 1171
f 1175 1174 1058
f 1175 1058 1059
f 1056 1058 1172
f 1172 1058 1174
f 1173 1060 1057
f 1176 1060 1173
f 1061 1175 1059
f 1061 1177 1175
f 1176 1062 1060
f 1178 1062 1176
f 1063 1177 1061
f 1063 1179 1177
f 1178 1064 1062
f 1180 1064 1178
f 1065 1182 1181
f 1179 1065 1181
f 1063 1065 1179
f 1182 1183 1181
f 1180 1066 1064
f 1184 1066 1180
f 1067 1185 1182
f 1067 1182 1065
f 1183 1182 1186
f 1186 1182 1185
f 1184 1068 1066
f 1187 1068 1184
f 1069 1185 1067
f 1189 1188 1070
f 1070 1188 1069
f 1188 1186 1069
f 1186 1185 1069
f 1191 1190 1189
f 1189 1190 1188
f 1191 1192 1190
f 1187 1071 1068
f 1193 1071 1187
f 1072 1189 1070
f 1189 1072 1073
f 1189 1073 1191
f 1195 1194 1075
f 1075 1194 1073
f 1194 1192 1073
f 1192 1191 1073
f 1197 1196 1195
f 1195 1196 1194
f 1199 1198 1197
f 1197 1198 1196
f 1201 1200 1199
f 1199 1200 1198
f 1203 1202 1201
f 1201 1202 1200
f 1205 1204 1203
f 1203 1204 1202
f 1205 1206 1204
f 1209 1208 1207
f 1211 1210 1207
f 1207 1210 1209
f 1213 1212 1211
f 1211 1212 1210
f 1213 1214 1212
f 1193 1076 1071
f 1215 1076 1193
f 1077 1195 1075
f 1195 1077 1078
f 1195 1078 1197
f 1197 1078 1079
f 1197 1079 1199
f 1199 1079 1080
f 1199 1080 1201
f 1201 1080 1081
f 1201 1081 1203
f 1203 1081 1083
f 1203 1083 1205
f 1216 1206 1205
f 1083 1216 1205
f 1085 1216 1083
f 1218 1217 1087
f 1217 1085 1087
f 1217 1216 1085
f 1220 1219 1218
f 1218 1219 1217
f 1222 1221 1220
f 1220 1221 1219
f 1224 1223 1222
f 1222 1223 1221
f 1223 1224 1208
f 1224 1207 1208
f 1224 1225 1207
f 1207 1226 1211
f 1207 1225 1226
f 1211 1227 1213
f 1211 1226 1227
f 1214 1213 1228
f 1213 1229 1228
f 1213 1227 1229
f 1231 1230 1229
f 1229 1230 1228
f 1233 1232 1231
f 1231 1232 1230
f 1233 1234 1232
f 1215 1089 1076
f 1235 1089 1215
f 1090 1218 1087
f 1218 1090 1091
f 1218 1091 1220
f 1220 1091 1092
f 1220 1092 1222
f 1222 1092 1093
f 1222 1093 1224
f 1224 1093 1094
f 1224 1094 1225
f 1225 1094 1095
f 1225 1095 1226
f 1226 1095 1096
f 1226 1096 1227
f 1227 1096 1097
f 1227 1097 1229
f 1229 1097 1098
f 1229 1098 1231
f 1231 1098 1099
f 1231 1099 1233
f 1099 1100 1233
f 1100 1234 1233
f 1100 1236 1234
f 1238 1237 1102
f 1102 1237 1101
f 1102 1089 1235
f 1102 1235 1238
f 1239 1236 1100
f 1239 1100 1103
f 1103 1105 1239
f 1239 1105 1240
f 1242 1241 1110
f 1110 1241 1109
f 1243 1110 1111
f 1243 1242 1110
f 1111 1101 1237
f 1111 1237 1243
f 1244 1240 1105
f 1244 1105 1112
f 1245 1112 1113
f 1245 1244 1112
f 1246 1113 1114
f 1246 1245 1113
f 1247 1114 1115
f 1247 1246 1114
f 1248 1115 1116
f 1248 1247 1115
f 1249 1116 1117
f 1249 1248 1116
f 1117 1109 1241
f 1117 1241 1249
f 1251 1250 1118
f 1251 1118 1119
f 1118 1252 1120
f 1250 1252 1118
f 1120 1253 1121
f 1252 1253 1120
f 1121 1254 1122
f 1253 1254 1121
f 1122 1255 1123
f 1254 1255 1122
f 1123 1256 1124
f 1255 1256 1123
f 1124 1257 1125
f 1256 1257 1124
f 1125 1258 1126
f 1257 1258 1125
f 1126 1259 1127
f 1258 1259 1126
f 1127 1260 1128
f 1259 1260 1127
f 1128 1261 1129
f 1260 1261 1128
f 1129 1262 1130
f 1261 1262 1129
f 1130 1263 1131
f 1262 1263 1130
f 1131 1264 1132
f 1263 1264 1131
f 1132 1265 1133
f 1264 1265 1132
f 1133 1266 1134
f 1265 1266 1133
f 1134 1267 1135
f 1266 1267 1134
f 1135 1268 1136
f 1267 1268 1135
f 1136 1269 1137
f 1268 1269 1136
f 1137 1270 1138
f 1269 1270 1137
f 1138 1271 1139
f 1270 1271 1138
f 1139 1272 1140
f 1271 1272 1139
f 1140 1273 1141
f 1272 1273 1140
f 1141 1274 1142
f 1273 1274 1141
f 1142 1275 1143
f 1274 1275 1142
f 1143 1276 1144
f 1275 1276 1143
f 1144 1277 1145
f 1276 1277 1144
f 1145 1278 1146
f 1277 1278 1145
f 1278 1280 1279
f 1147 1278 1279
f 1146 1278 1147
f 1279 1148 1147
f 1149 1251 1119
f 1149 1281 1251
f 1280 1282 1279
f 1148 1279 1282
f 1283 1148 1282
f 1150 1148 1283
f 1151 1281 1149
f 1151 1284 1281
f 1283 1152 1150
f 1285 1152 1283
f 1153 1284 1151
f 1153 1286 1284
f 1289 1288 1287
f 1285 1289 1287
f 1154 1285 1287
f 1152 1285 1154
f 1155 1286 1153
f 1155 1290 1286
f 1287 1288 1291
f 1291 1288 1292
f 1291 1156 1154
f 1291 1154 1287
f 1157 1290 1155
f 1157 1293 1290
f 1291 1292 1294
f 1294 1292 1295
f 1294 1158 1156
f 1294 1156 1291
f 1159 1293 1157
f 1159 1296 1293
f 1295 1297 1294
f 1158 1294 1297
f 1298 1158 1297
f 1160 1158 1298
f 1300 1299 1161
f 1300 1161 1162
f 1159 1161 1296
f 1296 1161 1299
f 1298 1163 1160
f 1301 1163 1298
f 1164 1300 1162
f 1164 1302 1300
f 1301 1165 1163
f 1303 1165 1301
f 1166 1302 1164
f 1166 1304 1302
f 1303 1167 1165
f 1305 1167 1303
f 1306 1304 1166
f 1306 1166 1168
f 1168 1170 1306
f 1306 1170 1307
f 1305 1171 1167
f 1308 1171 1305
f 1172 1310 1309
f 1307 1172 1309
f 1170 1172 1307
f 1312 1311 1310
f 1310 1311 1309
f 1312 1313 1311
f 1316 1315 1314
f 1318 1317 1314
f 1314 1317 1316
f 1320 1319 1318
f 1318 1319 1317
f 1322 1321 1320
f 1320 1321 1319
f 1324 1323 1322
f 1322 1323 1321
f 1326 1325 1324
f 1324 1325 1323
f 1328 1327 1326
f 1326 1327 1325
f 1328 1329 1327
f 1308 1173 1171
f 1330 1173 1308
f 1175 1331 1174
f 1310 1172 1174
f 1331 1310 1174
f 1332 1310 1331
f 1334 1312 1333
f 1312 1332 1333
f 1312 1310 1332
f 1312 1334 1313
f 1337 1336 1335
f 1339 1338 1335
f 1335 1338 1337
f 1338 1339 1315
f 1339 1314 1315
f 1339 1340 1314
f 1314 1341 1318
f 1314 1340 1341
f 1318 1342 1320
f 1318 1341 1342
f 1320 1343 1322
f 1320 1342 1343
f 1322 1344 1324
f 1322 1343 1344
f 1324 1345 1326
f 1324 1344 1345
f 1326 1346 1328
f 1326 1345 1346
f 1329 1328 1347
f 1328 1348 1347
f 1328 1346 1348
f 1348 1349 1347
f 1330 1176 1173
f 1350 1176 1330
f 1177 1351 1331
f 1177 1331 1175
f 1331 1352 1332
f 1331 1351 1352
f 1333 1332 1353
f 1353 1332 1352
f 1336 1354 1335
f 1335 1354 1339
f 1339 1354 1355
f 1357 1356 1355
f 1356 1339 1355
f 1356 1340 1339
f 1340 1358 1341
f 1340 1356 1358
f 1341 1359 1342
f 1341 1358 1359
f 1342 1360 1343
f 1342 1359 1360
f 1343 1361 1344
f 1343 1360 1361
f 1344 1362 1345
f 1344 1361 1362
f 1345 1363 1346
f 1345 1362 1363
f 1365 1348 1364
f 1348 1363 1364
f 1348 1346 1363
f 1348 1365 1349
f 1350 1178 1176
f 1366 1178 1350
f 1179 1367 1351
f 1179 1351 1177
f 1351 1368 1352
f 1351 1367 1368
f 1353 1352 1369
f 1352 1370 1369
f 1352 1368 1370
f 1370 1371 1369
f 1357 1372 1356
f 1374 1373 1372
f 1373 1356 1372
f 1373 1358 1356
f 1358 1375 1359
f 1358 1373 1375
f 1359 1376 1360
f 1359 1375 1376
f 1360 1377 1361
f 1360 1376 1377
f 1361 1378 1362
f 1361 1377 1378
f 1362 1379 1363
f 1362 1378 1379
f 1364 1363 1380
f 1363 1381 1380
f 1363 1379 1381
f 1381 1382 1380
f 1366 1180 1178
f 1383 1180 1366
f 1181 1367 1179
f 1367 1181 1183
f 1384 1367 1183
f 1368 1367 1384
f 1368 1385 1370
f 1368 1384 1385
f 1371 1370 1386
f 1370 1387 1386
f 1370 1385 1387
f 1389 1388 1387
f 1387 1388 1386
f 1391 1390 1389
f 1389 1390 1388
f 1393 1392 1391
f 1391 1392 1390
f 1395 1394 1393
f 1393 1394 1392
f 1397 1396 1395
f 1395 1396 1394
f 1399 1398 1397
f 1397 1398 1396
f 1398 1399 1374
f 1399 1373 1374
f 1399 1400 1373
f 1373 1401 1375
f 1373 1400 1401
f 1375 1402 1376
f 1375 1401 1402
f 1376 1403 1377
f 1376 1402 1403
f 1377 1404 1378
f 1377 1403 1404
f 1378 1405 1379
f 1378 1404 1405
f 1379 1406 1381
f 1379 1405 1406
f 1382 1381 1407
f 1381 1408 1407
f 1381 1406 1408
f 1408 1409 1407
f 1383 1184 1180
f 1410 1184 1383
f 1186 1411 1384
f 1186 1384 1183
f 1384 1412 1385
f 1384 1411 1412
f 1385 1413 1387
f 1385 1412 1413
f 1387 1414 1389
f 1387 1413 1414
f 1389 1415 1391
f 1389 1414 1415
f 1391 1416 1393
f 1391 1415 1416
f 1393 1417 1395
f 1393 1416 1417
f 1395 1418 1397
f 1395 1417 1418
f 1397 1419 1399
f 1397 1418 1419
f 1399 1420 1400
f 1399 1419 1420
f 1400 1421 1401
f 1400 1420 1421
f 1401 1422 1402
f 1401 1421 1422
f 1402 1423 1403
f 1402 1422 1423
f 1403 1424 1404
f 1403 1423 1424
f 1404 1425 1405
f 1404 1424 1425
f 1405 1426 1406
f 1405 1425 1426
f 1406 1427 1408
f 1406 1426 1427
f 1409 1408 1428
f 1428 1408 1427
f 1410 1187 1184
f 1429 1187 1410
f 1188 1411 1186
f 1411 1188 1190
f 1411 1190 1412
f 1412 1190 1192
f 1430 1412 1192
f 1413 1412 1430
f 1413 1431 1414
f 1413 1430 1431
f 1414 1432 1415
f 1414 1431 1432
f 1415 1433 1416
f 1415 1432 1433
f 1416 1434 1417
f 1416 1433 1434
f 1417 1435 1418
f 1417 1434 1435
f 1418 1436 1419
f 1418 1435 1436
f 1419 1437 1420
f 1419 1436 1437
f 1420 1438 1421
f 1420 1437 1438
f 1421 1439 1422
f 1421 1438 1439
f 1422 1440 1423
f 1422 1439 1440
f 1423 1441 1424
f 1423 1440 1441
f 1424 1442 1425
f 1424 1441 1442
f 1425 1443 1426
f 1425 1442 1443
f 1426 1444 1427
f 1426 1443 1444
f 1428 1427 1445
f 1445 1427 1444
f 1429 1193 1187
f 1446 1193 1429
f 1194 1430 1192
f 1430 1194 1196
f 1430 1196 1431
f 1431 1196 1198
f 1431 1198 1432
f 1432 1198 1200
f 1432 1200 1433
f 1433 1200 1202
f 1433 1202 1434
f 1434 1202 1204
f 1434 1204 1435
f 1435 1204 1206
f 1447 1435 1206
f 1436 1435 1447
f 1436 1448 1437
f 1436 1447 1448
f 1437 1449 1438
f 1437 1448 1449
f 1438 1450 1439
f 1438 1449 1450
f 1439 1451 1440
f 1439 1450 1451
f 1451 1208 1209
f 1441 1451 1209
f 1440 1451 1441
f 1441 1209 1210
f 1441 1210 1442
f 1442 1210 1212
f 1442 1212 1443
f 1443 1212 1214
f 1452 1443 1214
f 1444 1443 1452
f 1445 1444 1453
f 1444 1454 1453
f 1444 1452 1454
f 1454 1455 1453
f 1446 1215 1193
f 1456 1215 1446
f 1216 1447 1206
f 1447 1216 1217
f 1447 1217 1448
f 1448 1217 1219
f 1448 1219 1449
f 1449 1219 1221
f 1449 1221 1450
f 1450 1221 1223
f 1450 1223 1451
f 1451 1223 1208
f 1228 1452 1214
f 1452 1228 1230
f 1452 1230 1454
f 1457 1455 1454
f 1230 1457 1454
f 1232 1457 1230
f 1232 1234 1457
f 1457 1234 1458
f 1456 1235 1215
f 1459 1235 1456
f 1236 1458 1234
f 1236 1460 1458
f 1462 1461 1238
f 1238 1461 1237
f 1238 1235 1459
f 1238 1459 1462
f 1463 1460 1236
f 1463 1236 1239
f 1239 1240 1463
f 1463 1240 1464
f 1466 1465 1242
f 1242 1465 1241
f 1467 1242 1243
f 1467 1466 1242
f 1243 1237 1461
f 1243 1461 1467
f 1468 1464 1240
f 1468 1240 1244
f 1469 1244 1245
f 1469 1468 1244
f 1470 1245 1246
f 1470 1469 1245
f 1471 1246 1247
f 1471 1470 1246
f 1472 1247 1248
f 1472 1471 1247
f 1473 1248 1249
f 1473 1472 1248
f 1249 1241 1465
f 1249 1465 1473
f 1475 1474 1250
f 1475 1250 1251
f 1250 1476 1252
f 1474 1476 1250
f 1252 1477 1253
f 1476 1477 1252
f 1253 1478 1254
f 1477 1478 1253
f 1254 1479 1255
f 1478 1479 1254
f 1255 1480 1256
f 1479 1480 1255
f 1256 1481 1257
f 1480 1481 1256
f 1257 1482 1258
f 1481 1482 1257
f 1258 1483 1259
f 1482 1483 1258
f 1259 1484 1260
f 1483 1484 1259
f 1260 1485 1261
f 1484 1485 1260
f 1261 1486 1262
f 1485 1486 1261
f 1262 1487 1263
f 1486 1487 1262
f 1263 1488 1264
f 1487 1488 1263
f 1264 1489 1265
f 1488 1489 1264
f 1265 1490 1266
f 1489 1490 1265
f 1266 1491 1267
f 1490 1491 1266
f 1267 1492 1268
f 1491 1492 1267
f 1268 1493 1269
f 1492 1493 1268
f 1269 1494 1270
f 1493 1494 1269
f 1270 1495 1271
f 1494 1495 1270
f 1271 1496 1272
f 1495 1496 1271
f 1272 1497 1273
f 1496 1497 1272
f 1273 1498 1274
f 1497 1498 1273
f 1274 1499 1275
f 1498 1499 1274
f 1275 1500 1276
f 1499 1500 1275
f 1276 1501 1277
f 1500 1501 1276
f 1277 1502 1278
f 1501 1502 1277
f 1280 1278 1502
f 1280 1502 1503
f 1281 1475 1251
f 1281 1504 1475
f 1503 1505 1280
f 1280 1505 1282
f 1283 1282 1505
f 1283 1505 1506
f 1284 1504 1281
f 1284 1507 1504
f 1506 1285 1283
f 1508 1285 1506
f 1286 1507 1284
f 1286 1509 1507
f 1511 1510 1289
f 1289 1510 1288
f 1289 1285 1508
f 1289 1508 1511
f 1290 1509 1286
f 1290 1512 1509
f 1510 1292 1288
f 1513 1292 1510
f 1293 1512 1290
f 1293 1514 1512
f 1513 1295 1292
f 1515 1295 1513
f 1296 1514 1293
f 1296 1516 1514
f 1515 1517 1295
f 1295 1517 1297
f 1298 1297 1517
f 1298 1517 1518
f 1520 1519 1299
f 1520 1299 1300
f 1296 1299 1516
f 1516 1299 1519
f 1518 1301 1298
f 1521 1301 1518
f 1302 1520 1300
f 1302 1522 1520
f 1521 1303 1301
f 1523 1303 1521
f 1304 1522 1302
f 1304 1524 1522
f 1523 1305 1303
f 1525 1305 1523
f 1304 1306 1526
f 1527 1304 1526
f 1524 1304 1527
f 1307 1526 1306
f 1525 1308 1305
f 1528 1308 1525
f 1529 1527 1526
f 1529 1526 1307
f 1309 1529 1307
f 1530 1529 1309
f 1531 1309 1311
f 1531 1530 1309
f 1533 1532 1313
f 1532 1311 1313
f 1532 1531 1311
f 1535 1534 1533
f 1533 1534 1532
f 1537 1536 1535
f 1535 1536 1534
f 1539 1538 1537
f 1537 1538 1536
f 1541 1540 1539
f 1539 1540 1538
f 1543 1542 1541
f 1541 1542 1540
f 1315 1316 1543
f 1316 1542 1543
f 1316 1544 1542
f 1545 1316 1317
f 1545 1544 1316
f 1546 1317 1319
f 1546 1545 1317
f 1547 1319 1321
f 1547 1546 1319
f 1548 1321 1323
f 1548 1547 1321
f 1549 1323 1325
f 1549 1548 1323
f 1550 1325 1327
f 1550 1549 1325
f 1552 1551 1329
f 1551 1327 1329
f 1551 1550 1327
f 1554 1553 1552
f 1552 1553 1551
f 1556 1555 1554
f 1554 1555 1553
f 1556 1557 1555
f 1528 1330 1308
f 1558 1330 1528
f 1333 1559 1334
f 1533 1313 1334
f 1559 1533 1334
f 1560 1533 1559
f 1533 1561 1535
f 1533 1560 1561
f 1535 1562 1537
f 1535 1561 1562
f 1537 1563 1539
f 1537 1562 1563
f 1563 1336 1337
f 1541 1563 1337
f 1539 1563 1541
f 1541 1337 1338
f 1541 1338 1543
f 1543 1338 1315
f 1347 1552 1329
f 1552 1347 1349
f 1564 1552 1349
f 1554 1552 1564
f 1554 1565 1556
f 1554 1564 1565
f 1557 1556 1566
f 1566 1556 1565
f 1558 1350 1330
f 1567 1350 1558
f 1353 1568 1559
f 1353 1559 1333
f 1559 1569 1560
f 1559 1568 1569
f 1560 1570 1561
f 1560 1569 1570
f 1561 1571 1562
f 1561 1570 1571
f 1562 1572 1563
f 1562 1571 1572
f 1573 1354 1336
f 1563 1573 1336
f 1572 1573 1563
f 1574 1355 1354
f 1574 1354 1573
f 1574 1357 1355
f 1364 1575 1365
f 1564 1349 1365
f 1575 1564 1365
f 1576 1564 1575
f 1578 1565 1577
f 1565 1576 1577
f 1565 1564 1576
f 1565 1578 1566
f 1567 1366 1350
f 1579 1366 1567
f 1369 1568 1353
f 1568 1369 1371
f 1580 1568 1371
f 1569 1568 1580
f 1569 1581 1570
f 1569 1580 1581
f 1570 1582 1571
f 1570 1581 1582
f 1571 1583 1572
f 1571 1582 1583
f 1572 1584 1573
f 1572 1583 1584
f 1573 1585 1574
f 1573 1584 1585
f 1586 1372 1357
f 1574 1586 1357
f 1585 1586 1574
f 1586 1374 1372
f 1380 1575 1364
f 1575 1380 1382
f 1587 1575 1382
f 1576 1575 1587
f 1577 1576 1588
f 1588 1576 1587
f 1579 1383 1366
f 1589 1383 1579
f 1386 1580 1371
f 1580 1386 1388
f 1580 1388 1581
f 1581 1388 1390
f 1581 1390 1582
f 1582 1390 1392
f 1582 1392 1583
f 1583 1392 1394
f 1583 1394 1584
f 1584 1394 1396
f 1584 1396 1585
f 1585 1396 1398
f 1585 1398 1586
f 1586 1398 1374
f 1407 1587 1382
f 1407 1409 1587
f 1409 1588 1587
f 1409 1590 1588
f 1589 1410 1383
f 1591 1410 1589
f 1428 1593 1592
f 1590 1428 1592
f 1409 1428 1590
f 1593 1594 1592
f 1591 1429 1410
f 1595 1429 1591
f 1445 1596 1593
f 1445 1593 1428
f 1594 1593 1597
f 1597 1593 1596
f 1595 1446 1429
f 1598 1446 1595
f 1453 1596 1445
f 1453 1455 1596
f 1455 1597 1596
f 1455 1599 1597
f 1598 1456 1446
f 1600 1456 1598
f 1601 1599 1455
f 1601 1455 1457
f 1457 1458 1601
f 1601 1458 1602
f 1600 1459 1456
f 1603 1459 1600
f 1460 1602 1458
f 1460 1604 1602
f 1606 1605 1462
f 1462 1605 1461
f 1462 1459 1603
f 1462 1603 1606
f 1607 1604 1460
f 1607 1460 1463
f 1463 1464 1607
f 1607 1464 1608
f 1610 1609 1466
f 1466 1609 1465
f 1611 1466 1467
f 1611 1610 1466
f 1467 1461 1605
f 1467 1605 1611
f 1612 1608 1464
f 1612 1464 1468
f 1613 1468 1469
f 1613 1612 1468
f 1614 1469 1470
f 1614 1613 1469
f 1615 1470 1471
f 1615 1614 1470
f 1616 1471 1472
f 1616 1615 1471
f 1617 1472 1473
f 1617 1616 1472
f 1473 1465 1609
f 1473 1609 1617
f 1619 1618 1474
f 1619 1474 1475
f 1474 1620 1476
f 1618 1620 1474
f 1476 1621 1477
f 1620 1621 1476
f 1477 1622 1478
f 1621 1622 1477
f 1478 1623 1479
f 1622 1623 1478
f 1479 1624 1480
f 1623 1624 1479
f 1480 1625 1481
f 1624 1625 1480
f 1481 1626 1482
f 1625 1626 1481
f 1482 1627 1483
f 1626 1627 1482
f 1483 1628 1484
f 1627 1628 1483
f 1484 1629 1485
f 1628 1629 1484
f 1485 1630 1486
f 1629 1630 1485
f 1486 1631 1487
f 1630 1631 1486
f 1487 1632 1488
f 1631 1632 1487
f 1488 1633 1489
f 1632 1633 1488
f 1489 1634 1490
f 1633 1634 1489
f 1490 1635 1491
f 1634 1635 1490
f 1491 1636 1492
f 1635 1636 1491
f 1492 1637 1493
f 1636 1637 1492
f 1493 1638 1494
f 1637 1638 1493
f 1494 1639 1495
f 1638 1639 1494
f 1495 1640 1496
f 1639 1640 1495
f 1496 1641 1497
f 1640 1641 1496
f 1497 1642 1498
f 1641 1642 1497
f 1498 1643 1499
f 1642 1643 1498
f 1499 1644 1500
f 1643 1644 1499
f 1500 1645 1501
f 1644 1645 1500
f 1501 1646 1502
f 1645 1646 1501
f 1503 1502 1646
f 1503 1646 1647
f 1504 1619 1475
f 1504 1648 1619
f 1647 1649 1503
f 1503 1649 1505
f 1506 1505 1649
f 1506 1649 1650
f 1507 1648 1504
f 1507 1651 1648
f 1650 1508 1506
f 1652 1508 1650
f 1509 1651 1507
f 1509 1653 1651
f 1655 1654 1511
f 1511 1654 1510
f 1511 1508 1652
f 1511 1652 1655
f 1512 1653 1509
f 1512 1656 1653
f 1654 1513 1510
f 1657 1513 1654
f 1514 1656 1512
f 1514 1658 1656
f 1657 1515 1513
f 1659 1515 1657
f 1516 1658 1514
f 1516 1660 1658
f 1659 1661 1515
f 1515 1661 1517
f 1518 1517 1661
f 1518 1661 1662
f 1664 1663 1519
f 1664 1519 1520
f 1516 1519 1660
f 1660 1519 1663
f 1662 1521 1518
f 1665 1521 1662
f 1522 1664 1520
f 1522 1666 1664
f 1665 1523 1521
f 1667 1523 1665
f 1524 1666 1522
f 1524 1668 1666
f 1667 1525 1523
f 1669 1525 1667
f 1527 1668 1524
f 1527 1670 1668
f 1669 1528 1525
f 1671 1528 1669
f 1672 1670 1527
f 1672 1527 1529
f 1673 1529 1530
f 1673 1672 1529
f 1674 1530 1531
f 1674 1673 1530
f 1675 1531 1532
f 1675 1674 1531
f 1676 1532 1534
f 1676 1675 1532
f 1677 1534 1536
f 1677 1676 1534
f 1678 1536 1538
f 1678 1677 1536
f 1679 1538 1540
f 1679 1678 1538
f 1680 1540 1542
f 1680 1679 1540
f 1681 1542 1544
f 1681 1680 1542
f 1682 1544 1545
f 1682 1681 1544
f 1683 1545 1546
f 1683 1682 1545
f 1684 1546 1547
f 1684 1683 1546
f 1685 1547 1548
f 1685 1684 1547
f 1686 1548 1549
f 1686 1685 1548
f 1687 1549 1550
f 1687 1686 1549
f 1688 1550 1551
f 1688 1687 1550
f 1689 1551 1553
f 1689 1688 1551
f 1690 1553 1555
f 1690 1689 1553
f 1555 1557 1690
f 1690 1557 1691
f 1671 1558 1528
f 1692 1558 1671
f 1566 1691 1557
f 1566 1693 1691
f 1692 1567 1558
f 1694 1567 1692
f 1577 1695 1578
f 1695 1696 1578
f 1696 1566 1578
f 1696 1693 1566
f 1694 1579 1567
f 1697 1579 1694
f 1699 1698 1695
f 1577 1699 1695
f 1588 1699 1577
f 1695 1698 1696
f 1697 1589 1579
f 1700 1589 1697
f 1590 1699 1588
f 1590 1701 1699
f 1700 1591 1589
f 1702 1591 1700
f 1703 1701 1590
f 1703 1590 1592
f 1592 1594 1703
f 1703 1594 1704
f 1702 1595 1591
f 1705 1595 1702
f 1597 1704 1594
f 1597 1706 1704
f 1705 1598 1595
f 1707 1598 1705
f 1599 1709 1708
f 1706 1599 1708
f 1597 1599 1706
f 1709 1710 1708
f 1707 1600 1598
f 1711 1600 1707
f 1601 1709 1599
f 1601 1602 1709
f 1602 1710 1709
f 1602 1712 1710
f 1711 1603 1600
f 1713 1603 1711
f 1604 1712 1602
f 1604 1714 1712
f 1716 1715 1606
f 1606 1715 1605
f 1606 1603 1713
f 1606 1713 1716
f 1717 1714 1604
f 1717 1604 1607
f 1607 1608 1717
f 1717 1608 1718
f 1719 1609 1610
f 1719 1610 1720
f 1610 1721 1720
f 1610 1611 1721
f 1611 1605 1715
f 1611 1715 1721
f 1722 1718 1608
f 1722 1608 1612
f 1723 1612 1613
f 1723 1722 1612
f 1724 1613 1614
f 1724 1723 1613
f 1725 1614 1615
f 1725 1724 1614
f 1726 1615 1616
f 1726 1725 1615
f 1727 1616 1617
f 1727 1726 1616
f 1617 1609 1719
f 1728 1617 1719
f 1727 1617 1728
f 1728 1719 1720
f 1730 1729 1618
f 1730 1618 1619
f 1618 1731 1620
f 1729 1731 1618
f 1620 1732 1621
f 1731 1732 1620
f 1621 1733 1622
f 1732 1733 1621
f 1622 1734 1623
f 1733 1734 1622
f 1623 1735 1624
f 1734 1735 1623
f 1624 1736 1625
f 1735 1736 1624
f 1625 1737 1626
f 1736 1737 1625
f 1626 1738 1627
f 1737 1738 1626
f 1627 1739 1628
f 1738 1739 1627
f 1628 1740 1629
f 1739 1740 1628
f 1629 1741 1630
f 1740 1741 1629
f 1630 1742 1631
f 1741 1742 1630
f 1631 1743 1632
f 1742 1743 1631
f 1632 1744 1633
f 1743 1744 1632
f 1633 1745 1634
f 1744 1745 1633
f 1634 1746 1635
f 1745 1746 1634
f 1635 1747 1636
f 1746 1747 1635
f 1636 1748 1637
f 1747 1748 1636
f 1637 1749 1638
f 1748 1749 1637
f 1638 1750 1639
f 1749 1750 1638
f 1639 1751 1640
f 1750 1751 1639
f 1640 1752 1641
f 1751 1752 1640
f 1641 1753 1642
f 1752 1753 1641
f 1642 1754 1643
f 1753 1754 1642
f 1643 1755 1644
f 1754 1755 1643
f 1644 1756 1645
f 1755 1756 1644
f 1645 1757 1646
f 1756 1757 1645
f 1647 1646 1757
f 1647 1757 1758
f 1648 1730 1619
f 1648 1759 1730
f 1758 1760 1647
f 1647 1760 1649
f 1650 1649 1760
f 1650 1760 1761
f 1651 1759 1648
f 1651 1762 1759
f 1765 1764 1763
f 1761 1765 1763
f 1652 1761 1763
f 1650 1761 1652
f 1653 1762 1651
f 1653 1766 1762
f 1763 1764 1655
f 1764 1654 1655
f 1764 1767 1654
f 1763 1655 1652
f 1656 1766 1653
f 1656 1768 1766
f 1767 1657 1654
f 1769 1657 1767
f 1658 1768 1656
f 1658 1770 1768
f 1769 1659 1657
f 1771 1659 1769
f 1660 1770 1658
f 1660 1772 1770
f 1771 1773 1659
f 1659 1773 1661
f 1662 1661 1773
f 1662 1773 1774
f 1776 1775 1663
f 1776 1663 1664
f 1660 1663 1772
f 1772 1663 1775
f 1774 1665 1662
f 1777 1665 1774
f 1666 1776 1664
f 1666 1778 1776
f 1777 1667 1665
f 1779 1667 1777
f 1668 1778 1666
f 1668 1780 1778
f 1779 1669 1667
f 1781 1669 1779
f 1670 1780 1668
f 1670 1782 1780
f 1781 1671 1669
f 1783 1671 1781
f 1784 1782 1670
f 1784 1670 1672
f 1785 1672 1673
f 1785 1784 1672
f 1786 1673 1674
f 1786 1785 1673
f 1787 1674 1675
f 1787 1786 1674
f 1788 1675 1676
f 1788 1787 1675
f 1789 1676 1677
f 1789 1788 1676
f 1790 1677 1678
f 1790 1789 1677
f 1791 1678 1679
f 1791 1790 1678
f 1792 1679 1680
f 1792 1791 1679
f 1793 1680 1681
f 1793 1792 1680
f 1794 1681 1682
f 1794 1793 1681
f 1795 1682 1683
f 1795 1794 1682
f 1796 1683 1684
f 1796 1795 1683
f 1797 1684 1685
f 1797 1796 1684
f 1798 1685 1686
f 1798 1797 1685
f 1799 1686 1687
f 1799 1798 1686
f 1800 1687 1688
f 1800 1799 1687
f 1801 1688 1689
f 1801 1800 1688
f 1802 1689 1690
f 1802 1801 1689
f 1690 1691 1802
f 1802 1691 1803
f 1783 1692 1671
f 1804 1692 1783
f 1693 1803 1691
f 1693 1805 1803
f 1804 1694 1692
f 1806 1694 1804
f 1696 1805 1693
f 1696 1807 1805
f 1806 1697 1694
f 1808 1697 1806
f 1810 1809 1698
f 1810 1698 1699
f 1696 1698 1807
f 1807 1698 1809
f 1808 1700 1697
f 1811 1700 1808
f 1701 1813 1812
f 1810 1701 1812
f 1699 1701 1810
f 1813 1814 1812
f 1811 1702 1700
f 1815 1702 1811
f 1703 1813 1701
f 1703 1704 1813
f 1704 1814 1813
f 1704 1816 1814
f 1815 1705 1702
f 1817 1705 1815
f 1706 1816 1704
f 1706 1818 1816
f 1817 1707 1705
f 1819 1707 1817
f 1820 1818 1706
f 1820 1706 1708
f 1708 1710 1820
f 1820 1710 1821
f 1819 1711 1707
f 1822 1711 1819
f 1712 1821 1710
f 1712 1823 1821
f 1822 1713 1711
f 1824 1713 1822
f 1714 1823 1712
f 1714 1825 1823
f 1827 1826 1716
f 1716 1826 1715
f 1716 1713 1824
f 1716 1824 1827
f 1828 1825 1714
f 1828 1714 1717
f 1717 1718 1828
f 1828 1718 1829
f 1831 1830 1721
f 1721 1830 1720
f 1721 1715 1826
f 1721 1826 1831
f 1832 1829 1718
f 1832 1718 1722
f 1833 1722 1723
f 1833 1832 1722
f 1834 1723 1724
f 1834 1833 1723
f 1835 1724 1725
f 1835 1834 1724
f 1836 1725 1726
f 1836 1835 1725
f 1837 1726 1727
f 1837 1836 1726
f 1838 1727 1728
f 1838 1837 1727
f 1728 1720 1830
f 1728 1830 1838
f 1840 1839 1729
f 1840 1729 1730
f 1729 1841 1731
f 1839 1841 1729
f 1731 1842 1732
f 1841 1842 1731
f 1732 1843 1733
f 1842 1843 1732
f 1733 1844 1734
f 1843 1844 1733
f 1734 1845 1735
f 1844 1845 1734
f 1735 1846 1736
f 1845 1846 1735
f 1736 1847 1737
f 1846 1847 1736
f 1737 1848 1738
f 1847 1848 1737
f 1738 1849 1739
f 1848 1849 1738
f 1739 1850 1740
f 1849 1850 1739
f 1740 1851 1741
f 1850 1851 1740
f 1741 1852 1742
f 1851 1852 1741
f 1742 1853 1743
f 1852 1853 1742
f 1743 1854 1744
f 1853 1854 1743
f 1744 1855 1745
f 1854 1855 1744
f 1745 1856 1746
f 1855 1856 1745
f 1746 1857 1747
f 1856 1857 1746
f 1747 1858 1748
f 1857 1858 1747
f 1748 1859 1749
f 1858 1859 1748
f 1749 1860 1750
f 1859 1860 1749
f 1750 1861 1751
f 1860 1861 1750
f 1751 1862 1752
f 1861 1862 1751
f 1752 1863 1753
f 1862 1863 1752
f 1753 1864 1754
f 1863 1864 1753
f 1754 1865 1755
f 1864 1865 1754
f 1755 1866 1756
f 1865 1866 1755
f 1756 1867 1757
f 1866 1867 1756
f 1758 1757 1867
f 1758 1867 1868
f 1759 1840 1730
f 1759 1869 1840
f 1868 1870 1758
f 1758 1870 1760
f 1761 1760 1870
f 1761 1870 1871
f 1762 1869 1759
f 1762 1872 1869
f 1874 1873 1765
f 1765 1873 1764
f 1765 1761 1871
f 1765 1871 1874
f 1766 1872 1762
f 1766 1875 1872
f 1873 1767 1764
f 1876 1767 1873
f 1768 1875 1766
f 1768 1877 1875
f 1876 1769 1767
f 1878 1769 1876
f 1770 1877 1768
f 1770 1879 1877
f 1878 1771 1769
f 1880 1771 1878
f 1772 1879 1770
f 1772 1881 1879
f 1880 1882 1771
f 1771 1882 1773
f 1774 1773 1882
f 1774 1882 1883
f 1885 1884 1775
f 1885 1775 1776
f 1772 1775 1881
f 1881 1775 1884
f 1883 1777 1774
f 1886 1777 1883
f 1778 1885 1776
f 1778 1887 1885
f 1886 1779 1777
f 1888 1779 1886
f 1780 1887 1778
f 1780 1889 1887
f 1888 1781 1779
f 1890 1781 1888
f 1782 1889 1780
f 1782 1891 1889
f 1890 1783 1781
f 1892 1783 1890
f 1893 1891 1782
f 1893 1782 1784
f 1894 1784 1785
f 1894 1893 1784
f 1895 1785 1786
f 1895 1894 1785
f 1896 1786 1787
f 1896 1895 1786
f 1897 1787 1788
f 1897 1896 1787
f 1898 1788 1789
f 1898 1897 1788
f 1899 1789 1790
f 1899 1898 1789
f 1900 1790 1791
f 1900 1899 1790
f 1901 1791 1792
f 1901 1900 1791
f 1902 1792 1793
f 1902 1901 1792
f 1903 1793 1794
f 1903 1902 1793
f 1904 1794 1795
f 1904 1903 1794
f 1905 1795 1796
f 1905 1904 1795
f 1906 1796 1797
f 1906 1905 1796
f 1907 1797 1798
f 1907 1906 1797
f 1908 1798 1799
f 1908 1907 1798
f 1909 1799 1800
f 1909 1908 1799
f 1910 1800 1801
f 1910 1909 1800
f 1911 1801 1802
f 1911 1910 1801
f 1802 1803 1911
f 1911 1803 1912
f 1892 1804 1783
f 1913 1804 1892
f 1805 1912 1803
f 1805 1914 1912
f 1913 1806 1804
f 1915 1806 1913
f 1807 1914 1805
f 1807 1916 1914
f 1915 1808 1806
f 1917 1808 1915
f 1919 1918 1809
f 1919 1809 1810
f 1807 1809 1916
f 1916 1809 1918
f 1917 1811 1808
f 1920 1811 1917
f 1921 1919 1810
f 1921 1810 1812
f 1812 1814 1921
f 1921 1814 1922
f 1920 1815 1811
f 1923 1815 1920
f 1816 1922 1814
f 1816 1924 1922
f 1923 1817 1815
f 1925 1817 1923
f 1818 1924 1816
f 1818 1926 1924
f 1925 1819 1817
f 1927 1819 1925
f 1928 1926 1818
f 1928 1818 1820
f 1820 1821 1928
f 1928 1821 1929
f 1927 1822 1819
f 1930 1822 1927
f 1823 1929 1821
f 1823 1931 1929
f 1930 1824 1822
f 1932 1824 1930
f 1825 1931 1823
f 1825 1933 1931
f 1935 1934 1827
f 1827 1934 1826
f 1827 1824 1932
f 1827 1932 1935
f 1936 1933 1825
f 1936 1825 1828
f 1828 1829 1936
f 1936 1829 1937
f 1939 1938 1831
f 1831 1938 1830
f 1831 1826 1934
f 1831 1934 1939
f 1940 1937 1829
f 1940 1829 1832
f 1941 1832 1833
f 1941 1940 1832
f 1942 1833 1834
f 1942 1941 1833
f 1943 1834 1835
f 1943 1942 1834
f 1944 1835 1836
f 1944 1943 1835
f 1945 1836 1837
f 1945 1944 1836
f 1946 1837 1838
f 1946 1945 1837
f 1838 1830 1938
f 1838 1938 1946
f 1948 1947 1839
f 1948 1839 1840
f 1839 1949 1841
f 1947 1949 1839
f 1841 1950 1842
f 1949 1950 1841
f 1842 1951 1843
f 1950 1951 1842
f 1843 1952 1844
f 1951 1952 1843
f 1844 1953 1845
f 1952 1953 1844
f 1845 1954 1846
f 1953 1954 1845
f 1846 1955 1847
f 1954 1955 1846
f 1847 1956 1848
f 1955 1956 1847
f 1848 1957 1849
f 1956 1957 1848
f 1849 1958 1850
f 1957 1958 1849
f 1850 1959 1851
f 1958 1959 1850
f 1851 1960 1852
f 1959 1960 1851
f 1852 1961 1853
f 1960 1961 1852
f 1853 1962 1854
f 1961 1962 1853
f 1854 1963 1855
f 1962 1963 1854
f 1855 1964 1856
f 1963 1964 1855
f 1856 1965 1857
f 1964 1965 1856
f 1857 1966 1858
f 1965 1966 1857
f 1858 1967 1859
f 1966 1967 1858
f 1859 1968 1860
f 1967 1968 1859
f 1860 1969 1861
f 1968 1969 1860
f 1861 1970 1862
f 1969 1970 1861
f 1862 1971 1863
f 1970 1971 1862
f 1863 1972 1864
f 1971 1972 1863
f 1864 1973 1865
f 1972 1973 1864
f 1865 1974 1866
f 1973 1974 1865
f 1866 1975 1867
f 1974 1975 1866
f 1868 1867 1975
f 1868 1975 1976
f 1869 1948 1840
f 1869 1977 1948
f 1976 1978 1868
f 1868 1978 1870
f 1871 1870 1978
f 1871 1978 1979
f 1872 1977 1869
f 1872 1980 1977
f 1982 1981 1874
f 1874 1981 1873
f 1874 1871 1979
f 1874 1979 1982
f 1875 1980 1872
f 1875 1983 1980
f 1981 1876 1873
f 1984 1876 1981
f 1877 1983 1875
f 1877 1985 1983
f 1984 1878 1876
f 1986 1878 1984
f 1879 1985 1877
f 1879 1987 1985
f 1986 1880 1878
f 1988 1880 1986
f 1881 1987 1879
f 1881 1989 1987
f 1988 1990 1880
f 1880 1990 1882
f 1883 1882 1990
f 1883 1990 1991
f 1993 1992 1884
f 1993 1884 1885
f 1881 1884 1989
f 1989 1884 1992
f 1991 1886 1883
f 1994 1886 1991
f 1887 1993 1885
f 1887 1995 1993
f 1994 1888 1886
f 1996 1888 1994
f 1889 1995 1887
f 1889 1997 1995
f 1996 1890 1888
f 1998 1890 1996
f 1891 1997 1889
f 1891 1999 1997
f 1998 1892 1890
f 2000 1892 1998
f 2001 1999 1891
f 2001 1891 1893
f 2002 1893 1894
f 2002 2001 1893
f 2003 1894 1895
f 2003 2002 1894
f 2004 1895 1896
f 2004 2003 1895
f 2005 1896 1897
f 2005 2004 1896
f 2006 1897 1898
f 2006 2005 1897
f 2007 1898 1899
f 2007 2006 1898
f 2008 1899 1900
f 2008 2007 1899
f 2009 1900 1901
f 2009 2008 1900
f 2010 1901 1902
f 2010 2009 1901
f 2011 1902 1903
f 2011 2010 1902
f 2012 1903 1904
f 2012 2011 1903
f 2013 1904 1905
f 2013 2012 1904
f 2014 1905 1906
f 2014 2013 1905
f 2015 1906 1907
f 2015 2014 1906
f 2016 1907 1908
f 2016 2015 1907
f 2017 1908 1909
f 2017 2016 1908
f 2018 1909 1910
f 2018 2017 1909
f 2019 1910 1911
f 2019 2018 1910
f 1911 1912 2019
f 2019 1912 2020
f 2000 1913 1892
f 2021 1913 2000
f 1914 2020 1912
f 1914 2022 2020
f 2021 1915 1913
f 2023 1915 2021
f 1916 2022 1914
f 1916 2024 2022
f 2023 1917 1915
f 2025 1917 2023
f 1919 2026 1918
f 2026 2027 1918
f 2027 1916 1918
f 2027 2024 1916
f 2025 1920 1917
f 2028 1920 2025
f 1921 2026 1919
f 1921 1922 2026
f 1922 2027 2026
f 1922 2029 2027
f 2028 1923 1920
f 2030 1923 2028
f 1924 2029 1922
f 1924 2031 2029
f 2030 1925 1923
f 2032 1925 2030
f 1926 2031 1924
f 1926 2033 2031
f 2032 1927 1925
f 2034 1927 2032
f 2035 2033 1926
f 2035 1926 1928
f 1928 1929 2035
f 2035 1929 2036
f 2034 1930 1927
f 2037 1930 2034
f 1931 2036 1929
f 1931 2038 2036
f 2037 1932 1930
f 2039 1932 2037
f 1933 2038 1931
f 1933 2040 2038
f 2042 2041 1935
f 1935 2041 1934
f 1935 1932 2039
f 1935 2039 2042
f 2043 2040 1933
f 2043 1933 1936
f 1936 1937 2043
f 2043 1937 2044
f 2046 2045 1939
f 1939 2045 1938
f 1939 1934 2041
f 1939 2041 2046
f 2047 2044 1937
f 2047 1937 1940
f 2048 1940 1941
f 2048 2047 1940
f 2049 1941 1942
f 2049 2048 1941
f 2050 1942 1943
f 2050 2049 1942
f 2051 1943 1944
f 2051 2050 1943
f 2052 1944 1945
f 2052 2051 1944
f 2053 1945 1946
f 2053 2052 1945
f 1946 1938 2045
f 1946 2045 2053
f 2055 2054 1947
f 2055 1947 1948
f 1947 2056 1949
f 2054 2056 1947
f 1949 2057 1950
f 2056 2057 1949
f 1950 2058 1951
f 2057 2058 1950
f 1951 2059 1952
f 2058 2059 1951
f 1952 2060 1953
f 2059 2060 1952
f 1953 2061 1954
f 2060 2061 1953
f 1954 2062 1955
f 2061 2062 1954
f 1955 2063 1956
f 2062 2063 1955
f 1956 2064 1957
f 2063 2064 1956
f 1957 2065 1958
f 2064 2065 1957
f 1958 2066 1959
f 2065 2066 1958
f 1959 2067 1960
f 2066 2067 1959
f 1960 2068 1961
f 2067 2068 1960
f 1961 2069 1962
f 2068 2069 1961
f 1962 2070 1963
f 2069 2070 1962
f 1963 2071 1964
f 2070 2071 1963
f 1964 2072 1965
f 2071 2072 1964
f 1965 2073 1966
f 2072 2073 1965
f 1966 2074 1967
f 2073 2074 1966
f 1967 2075 1968
f 2074 2075 1967
f 1968 2076 1969
f 2075 2076 1968
f 1969 2077 1970
f 2076 2077 1969
f 1970 2078 1971
f 2077 2078 1970
f 1971 2079 1972
f 2078 2079 1971
f 1972 2080 1973
f 2079 2080 1972
f 1973 2081 1974
f 2080 2081 1973
f 1974 2082 1975
f 2081 2082 1974
f 1976 1975 2082
f 1976 2082 2083
f 1977 2055 1948
f 1977 2084 2055
f 2083 2085 1976
f 1976 2085 1978
f 1979 1978 2085
f 1979 2085 2086
f 1980 2084 1977
f 1980 2087 2084
f 2089 2088 1982
f 1982 2088 1981
f 1982 1979 2086
f 1982 2086 2089
f 1983 2087 1980
f 1983 2090 2087
f 2088 1984 1981
f 2091 1984 2088
f 1985 2090 1983
f 1985 2092 2090
f 2091 1986 1984
f 2093 1986 2091
f 1987 2092 1985
f 1987 2094 2092
f 2093 1988 1986
f 2095 1988 2093
f 2098 2097 2096
f 2097 2094 2096
f 2094 1989 2096
f 2094 1987 1989
f 2095 2099 1988
f 1988 2099 1990
f 1991 1990 2099
f 1991 2099 2100
f 2098 2096 1992
f 1993 2098 1992
f 2101 2098 1993
f 1992 2096 1989
f 2100 1994 1991
f 2102 1994 2100
f 1995 2101 1993
f 1995 2103 2101
f 2102 1996 1994
f 2104 1996 2102
f 1997 2103 1995
f 1997 2105 2103
f 2104 1998 1996
f 2106 1998 2104
f 1999 2105 1997
f 1999 2107 2105
f 2106 2000 1998
f 2108 2000 2106
f 2109 2107 1999
f 2109 1999 2001
f 2110 2001 2002
f 2110 2109 2001
f 2111 2002 2003
f 2111 2110 2002
f 2112 2003 2004
f 2112 2111 2003
f 2113 2004 2005
f 2113 2112 2004
f 2114 2005 2006
f 2114 2113 2005
f 2115 2006 2007
f 2115 2114 2006
f 2116 2007 2008
f 2116 2115 2007
f 2117 2008 2009
f 2117 2116 2008
f 2118 2009 2010
f 2118 2117 2009
f 2119 2010 2011
f 2119 2118 2010
f 2120 2011 2012
f 2120 2119 2011
f 2121 2012 2013
f 2121 2120 2012
f 2122 2013 2014
f 2122 2121 2013
f 2123 2014 2015
f 2123 2122 2014
f 2124 2015 2016
f 2124 2123 2015
f 2125 2016 2017
f 2125 2124 2016
f 2126 2017 2018
f 2126 2125 2017
f 2127 2018 2019
f 2127 2126 2018
f 2019 2020 2127
f 2127 2020 2128
f 2108 2021 2000
f 2129 2021 2108
f 2022 2128 2020
f 2022 2130 2128
f 2129 2023 2021
f 2131 2023 2129
f 2024 2130 2022
f 2024 2132 2130
f 2131 2025 2023
f 2133 2025 2131
f 2027 2132 2024
f 2027 2134 2132
f 2133 2028 2025
f 2135 2028 2133
f 2029 2134 2027
f 2029 2136 2134
f 2135 2030 2028
f 2137 2030 2135
f 2031 2136 2029
f 2031 2138 2136
f 2137 2032 2030
f 2139 2032 2137
f 2033 2138 2031
f 2033 2140 2138
f 2139 2034 2032
f 2141 2034 2139
f 2142 2140 2033
f 2142 2033 2035
f 2035 2036 2142
f 2142 2036 2143
f 2141 2037 2034
f 2144 2037 2141
f 2038 2143 2036
f 2038 2145 2143
f 2144 2039 2037
f 2146 2039 2144
f 2040 2145 2038
f 2040 2147 2145
f 2149 2148 2042
f 2042 2148 2041
f 2042 2039 2146
f 2042 2146 2149
f 2150 2147 2040
f 2150 2040 2043
f 2043 2044 2150
f 2150 2044 2151
f 2153 2152 2046
f 2046 2152 2045
f 2046 2041 2148
f 2046 2148 2153
f 2154 2151 2044
f 2154 2044 2047
f 2155 2047 2048
f 2155 2154 2047
f 2156 2048 2049
f 2156 2155 2048
f 2157 2049 2050
f 2157 2156 2049
f 2158 2050 2051
f 2158 2157 2050
f 2159 2051 2052
f 2159 2158 2051
f 2160 2052 2053
f 2160 2159 2052
f 2053 2045 2152
f 2053 2152 2160
f 2162 2161 2054
f 2162 2054 2055
f 2054 2163 2056
f 2161 2163 2054
f 2056 2164 2057
f 2163 2164 2056
f 2057 2165 2058
f 2164 2165 2057
f 2058 2166 2059
f 2165 2166 2058
f 2059 2167 2060
f 2166 2167 2059
f 2060 2168 2061
f 2167 2168 2060
f 2061 2169 2062
f 2168 2169 2061
f 2062 2170 2063
f 2169 2170 2062
f 2063 2171 2064
f 2170 2171 2063
f 2064 2172 2065
f 2171 2172 2064
f 2065 2173 2066
f 2172 2173 2065
f 2066 2174 2067
f 2173 2174 2066
f 2067 2175 2068
f 2174 2175 2067
f 2068 2176 2069
f 2175 2176 2068
f 2069 2177 2070
f 2176 2177 2069
f 2070 2178 2071
f 2177 2178 2070
f 2071 2179 2072
f 2178 2179 2071
f 2072 2180 2073
f 2179 2180 2072
f 2073 2181 2074
f 2180 2181 2073
f 2074 2182 2075
f 2181 2182 2074
f 2075 2183 2076
f 2182 2183 2075
f 2076 2184 2077
f 2183 2184 2076
f 2077 2185 2078
f 2184 2185 2077
f 2078 2186 2079
f 2185 2186 2078
f 2079 2187 2080
f 2186 2187 2079
f 2080 2188 2081
f 2187 2188 2080
f 2081 2189 2082
f 2188 2189 2081
f 2083 2082 2189
f 2083 2189 2190
f 2084 2162 2055
f 2084 2191 2162
f 2190 2192 2083
f 2083 2192 2085
f 2086 2085 2192
f 2086 2192 2193
f 2087 2191 2084
f 2087 2194 2191
f 2196 2195 2089
f 2089 2195 2088
f 2089 2086 2193
f 2089 2193 2196
f 2090 2194 2087
f 2090 2197 2194
f 2195 2091 2088
f 2198 2091 2195
f 2092 2197 2090
f 2092 2199 2197
f 2198 2093 2091
f 2200 2093 2198
f 2094 2199 2092
f 2094 2201 2199
f 2200 2095 2093
f 2202 2095 2200
f 2204 2203 2097
f 2204 2097 2098
f 2094 2097 2201
f 2201 2097 2203
f 2202 2205 2095
f 2095 2205 2099
f 2100 2099 2205
f 2100 2205 2206
f 2101 2204 2098
f 2101 2207 2204
f 2206 2102 2100
f 2208 2102 2206
f 2103 2207 2101
f 2103 2209 2207
f 2208 2104 2102
f 2210 2104 2208
f 2105 2209 2103
f 2105 2211 2209
f 2210 2106 2104
f 2212 2106 2210
f 2107 2211 2105
f 2107 2213 2211
f 2212 2108 2106
f 2214 2108 2212
f 2215 2213 2107
f 2215 2107 2109
f 2216 2109 2110
f 2216 2215 2109
f 2217 2110 2111
f 2217 2216 2110
f 2218 2111 2112
f 2218 2217 2111
f 2219 2112 2113
f 2219 2218 2112
f 2220 2113 2114
f 2220 2219 2113
f 2221 2114 2115
f 2221 2220 2114
f 2222 2115 2116
f 2222 2221 2115
f 2223 2116 2117
f 2223 2222 2116
f 2224 2117 2118
f 2224 2223 2117
f 2225 2118 2119
f 2225 2224 2118
f 2226 2119 2120
f 2226 2225 2119
f 2227 2120 2121
f 2227 2226 2120
f 2228 2121 2122
f 2228 2227 2121
f 2229 2122 2123
f 2229 2228 2122
f 2230 2123 2124
f 2230 2229 2123
f 2231 2124 2125
f 2231 2230 2124
f 2232 2125 2126
f 2232 2231 2125
f 2233 2126 2127
f 2233 2232 2126
f 2127 2128 2233
f 2233 2128 2234
f 2214 2129 2108
f 2235 2129 2214
f 2130 2234 2128
f 2130 2236 2234
f 2235 2131 2129
f 2237 2131 2235
f 2132 2236 2130
f 2132 2238 2236
f 2237 2133 2131
f 2239 2133 2237
f 2134 2238 2132
f 2134 2240 2238
f 2239 2135 2133
f 2241 2135 2239
f 2136 2240 2134
f 2136 2242 2240
f 2241 2137 2135
f 2243 2137 2241
f 2138 2242 2136
f 2138 2244 2242
f 2243 2139 2137
f 2245 2139 2243
f 2140 2244 2138
f 2140 2246 2244
f 2245 2141 2139
f 2247 2141 2245
f 2248 2246 2140
f 2248 2140 2142
f 2142 2143 2248
f 2248 2143 2249
f 2247 2144 2141
f 2250 2144 2247
f 2145 2249 2143
f 2145 2251 2249
f 2250 2146 2144
f 2252 2146 2250
f 2147 2251 2145
f 2147 2253 2251
f 2255 2254 2149
f 2149 2254 2148
f 2149 2146 2252
f 2149 2252 2255
f 2256 2253 2147
f 2256 2147 2150
f 2150 2151 2256
f 2256 2151 2257
f 2259 2258 2153
f 2153 2258 2152
f 2153 2148 2254
f 2153 2254 2259
f 2260 2257 2151
f 2260 2151 2154
f 2261 2154 2155
f 2261 2260 2154
f 2262 2155 2156
f 2262 2261 2155
f 2263 2156 2157
f 2263 2262 2156
f 2264 2157 2158
f 2264 2263 2157
f 2265 2158 2159
f 2265 2264 2158
f 2266 2159 2160
f 2266 2265 2159
f 2160 2152 2258
f 2160 2258 2266
f 2268 2267 2161
f 2268 2161 2162
f 2161 2269 2163
f 2267 2269 2161
f 2163 2270 2164
f 2269 2270 2163
f 2164 2271 2165
f 2270 2271 2164
f 2165 2272 2166
f 2271 2272 2165
f 2166 2273 2167
f 2272 2273 2166
f 2167 2274 2168
f 2273 2274 2167
f 2168 2275 2169
f 2274 2275 2168
f 2169 2276 2170
f 2275 2276 2169
f 2170 2277 2171
f 2276 2277 2170
f 2171 2278 2172
f 2277 2278 2171
f 2172 2279 2173
f 2278 2279 2172
f 2173 2280 2174
f 2279 2280 2173
f 2174 2281 2175
f 2280 2281 2174
f 2175 2282 2176
f 2281 2282 2175
f 2176 2283 2177
f 2282 2283 2176
f 2177 2284 2178
f 2283 2284 2177
f 2178 2285 2179
f 2284 2285 2178
f 2179 2286 2180
f 2285 2286 2179
f 2180 2287 2181
f 2286 2287 2180
f 2181 2288 2182
f 2287 2288 2181
f 2182 2289 2183
f 2288 2289 2182
f 2183 2290 2184
f 2289 2290 2183
f 2184 2291 2185
f 2290 2291 2184
f 2185 2292 2186
f 2291 2292 2185
f 2186 2293 2187
f 2292 2293 2186
f 2187 2294 2188
f 2293 2294 2187
f 2188 2295 2189
f 2294 2295 2188
f 2190 2189 2295
f 2190 2295 2296
f 2191 2268 2162
f 2191 2297 2268
f 2296 2298 2190
f 2190 2298 2192
f 2193 2192 2298
f 2193 2298 2299
f 2194 2297 2191
f 2194 2300 2297
f 2302 2301 2196
f 2196 2301 2195
f 2196 2193 2299
f 2196 2299 2302
f 2197 2300 2194
f 2197 2303 2300
f 2301 2198 2195
f 2304 2198 2301
f 2199 2303 2197
f 2199 2305 2303
f 2304 2200 2198
f 2306 2200 2304
f 2201 2305 2199
f 2201 2307 2305
f 2306 2202 2200
f 2308 2202 2306
f 2310 2309 2203
f 2310 2203 2204
f 2201 2203 2307
f 2307 2203 2309
f 2308 2311 2202
f 2202 2311 2205
f 2206 2205 2311
f 2206 2311 2312
f 2207 2310 2204
f 2207 2313 2310
f 2312 2208 2206
f 2314 2208 2312
f 2209 2313 2207
f 2209 2315 2313
f 2314 2210 2208
f 2316 2210 2314
f 2211 2315 2209
f 2211 2317 2315
f 2316 2212 2210
f 2318 2212 2316
f 2213 2317 2211
f 2213 2319 2317
f 2318 2214 2212
f 2320 2214 2318
f 2321 2319 2213
f 2321 2213 2215
f 2322 2215 2216
f 2322 2321 2215
f 2323 2216 2217
f 2323 2322 2216
f 2324 2217 2218
f 2324 2323 2217
f 2325 2218 2219
f 2325 2324 2218
f 2326 2219 2220
f 2326 2325 2219
f 2327 2220 2221
f 2327 2326 2220
f 2328 2221 2222
f 2328 2327 2221
f 2329 2222 2223
f 2329 2328 2222
f 2330 2223 2224
f 2330 2329 2223
f 2331 2224 2225
f 2331 2330 2224
f 2332 2225 2226
f 2332 2331 2225
f 2333 2226 2227
f 2333 2332 2226
f 2334 2227 2228
f 2334 2333 2227
f 2335 2228 2229
f 2335 2334 2228
f 2336 2229 2230
f 2336 2335 2229
f 2337 2230 2231
f 2337 2336 2230
f 2338 2231 2232
f 2338 2337 2231
f 2339 2232 2233
f 2339 2338 2232
f 2233 2234 2339
f 2339 2234 2340
f 2320 2235 2214
f 2341 2235 2320
f 2236 2340 2234
f 2236 2342 2340
f 2341 2237 2235
f 2343 2237 2341
f 2238 2342 2236
f 2238 2344 2342
f 2343 2239 2237
f 2345 2239 2343
f 2240 2344 2238
f 2240 2346 2344
f 2345 2241 2239
f 2347 2241 2345
f 2242 2346 2240
f 2242 2348 2346
f 2347 2243 2241
f 2349 2243 2347
f 2244 2348 2242
f 2244 2350 2348
f 2349 2245 2243
f 2351 2245 2349
f 2246 2350 2244
f 2246 2352 2350
f 2351 2247 2245
f 2353 2247 2351
f 2354 2352 2246
f 2354 2246 2248
f 2248 2249 2354
f 2354 2249 2355
f 2353 2250 2247
f 2356 2250 2353
f 2251 2355 2249
f 2251 2357 2355
f 2356 2252 2250
f 2358 2252 2356
f 2253 2357 2251
f 2253 2359 2357
f 2361 2360 2255
f 2255 2360 2254
f 2255 2252 2358
f 2255 2358 2361
f 2362 2359 2253
f 2362 2253 2256
f 2256 2257 2362
f 2362 2257 2363
f 2365 2364 2259
f 2259 2364 2258
f 2259 2254 2360
f 2259 2360 2365
f 2366 2363 2257
f 2366 2257 2260
f 2367 2260 2261
f 2367 2366 2260
f 2368 2261 2262
f 2368 2367 2261
f 2369 2262 2263
f 2369 2368 2262
f 2370 2263 2264
f 2370 2369 2263
f 2371 2264 2265
f 2371 2370 2264
f 2372 2265 2266
f 2372 2371 2265
f 2266 2258 2364
f 2266 2364 2372
f 2374 2373 2267
f 2374 2267 2268
f 2267 2375 2269
f 2373 2375 2267
f 2269 2376 2270
f 2375 2376 2269
f 2270 2377 2271
f 2376 2377 2270
f 2271 2378 2272
f 2377 2378 2271
f 2272 2379 2273
f 2378 2379 2272
f 2273 2380 2274
f 2379 2380 2273
f 2274 2381 2275
f 2380 2381 2274
f 2275 2382 2276
f 2381 2382 2275
f 2276 2383 2277
f 2382 2383 2276
f 2277 2384 2278
f 2383 2384 2277
f 2278 2385 2279
f 2384 2385 2278
f 2279 2386 2280
f 2385 2386 2279
f 2280 2387 2281
f 2386 2387 2280
f 2281 2388 2282
f 2387 2388 2281
f 2282 2389 2283
f 2388 2389 2282
f 2283 2390 2284
f 2389 2390 2283
f 2284 2391 2285
f 2390 2391 2284
f 2285 2392 2286
f 2391 2392 2285
f 2286 2393 2287
f 2392 2393 2286
f 2287 2394 2288
f 2393 2394 2287
f 2288 2395 2289
f 2394 2395 2288
f 2289 2396 2290
f 2395 2396 2289
f 2290 2397 2291
f 2396 2397 2290
f 2291 2398 2292
f 2397 2398 2291
f 2292 2399 2293
f 2398 2399 2292
f 2293 2400 2294
f 2399 2400 2293
f 2294 2401 2295
f 2400 2401 2294
f 2296 2295 2401
f 2296 2401 2402
f 2297 2374 2268
f 2297 2403 2374
f 2402 2404 2296
f 2296 2404 2298
f 2299 2298 2404
f 2299 2404 2405
f 2300 2403 2297
f 2300 2406 2403
f 2408 2407 2302
f 2302 2407 2301
f 2302 2299 2405
f 2302 2405 2408
f 2303 2406 2300
f 2303 2409 2406
f 2407 2304 2301
f 2410 2304 2407
f 2305 2409 2303
f 2305 2411 2409
f 2410 2306 2304
f 2412 2306 2410
f 2307 2411 2305
f 2307 2413 2411
f 2415 2308 2414
f 2308 2412 2414
f 2308 2306 2412
f 2416 2415 2414
f 2418 2417 2309
f 2418 2309 2310
f 2307 2309 2413
f 2413 2309 2417
f 2415 2311 2308
f 2312 2311 2415
f 2416 2312 2415
f 2419 2312 2416
f 2313 2418 2310
f 2313 2420 2418
f 2419 2314 2312
f 2421 2314 2419
f 2315 2420 2313
f 2315 2422 2420
f 2421 2316 2314
f 2423 2316 2421
f 2317 2422 2315
f 2317 2424 2422
f 2423 2318 2316
f 2425 2318 2423
f 2319 2424 2317
f 2319 2426 2424
f 2425 2320 2318
f 2427 2320 2425
f 2428 2426 2319
f 2428 2319 2321
f 2429 2321 2322
f 2429 2428 2321
f 2430 2322 2323
f 2430 2429 2322
f 2431 2323 2324
f 2431 2430 2323
f 2432 2324 2325
f 2432 2431 2324
f 2433 2325 2326
f 2433 2432 2325
f 2434 2326 2327
f 2434 2433 2326
f 2435 2327 2328
f 2435 2434 2327
f 2436 2328 2329
f 2436 2435 2328
f 2437 2329 2330
f 2437 2436 2329
f 2438 2330 2331
f 2438 2437 2330
f 2439 2331 2332
f 2439 2438 2331
f 2440 2332 2333
f 2440 2439 2332
f 2441 2333 2334
f 2441 2440 2333
f 2442 2334 2335
f 2442 2441 2334
f 2443 2335 2336
f 2443 2442 2335
f 2444 2336 2337
f 2444 2443 2336
f 2445 2337 2338
f 2445 2444 2337
f 2446 2338 2339
f 2446 2445 2338
f 2339 2340 2446
f 2446 2340 2447
f 2427 2341 2320
f 2448 2341 2427
f 2342 2447 2340
f 2342 2449 2447
f 2448 2343 2341
f 2450 2343 2448
f 2344 2449 2342
f 2344 2451 2449
f 2450 2345 2343
f 2452 2345 2450
f 2346 2451 2344
f 2346 2453 2451
f 2452 2347 2345
f 2454 2347 2452
f 2348 2453 2346
f 2348 2455 2453
f 2454 2349 2347
f 2456 2349 2454
f 2350 2455 2348
f 2350 2457 2455
f 2456 2351 2349
f 2458 2351 2456
f 2352 2457 2350
f 2352 2459 2457
f 2458 2353 2351
f 2460 2353 2458
f 2461 2459 2352
f 2461 2352 2354
f 2354 2355 2461
f 2461 2355 2462
f 2460 2356 2353
f 2463 2356 2460
f 2357 2462 2355
f 2357 2464 2462
f 2463 2358 2356
f 2465 2358 2463
f 2359 2464 2357
f 2359 2466 2464
f 2468 2467 2361
f 2361 2467 2360
f 2361 2358 2465
f 2361 2465 2468
f 2469 2466 2359
f 2469 2359 2362
f 2362 2363 2469
f 2469 2363 2470
f 2472 2471 2365
f 2365 2471 2364
f 2365 2360 2467
f 2365 2467 2472
f 2473 2470 2363
f 2473 2363 2366
f 2474 2366 2367
f 2474 2473 2366
f 2475 2367 2368
f 2475 2474 2367
f 2476 2368 2369
f 2476 2475 2368
f 2477 2369 2370
f 2477 2476 2369
f 2478 2370 2371
f 2478 2477 2370
f 2479 2371 2372
f 2479 2478 2371
f 2372 2364 2471
f 2372 2471 2479
f 2481 2480 2373
f 2481 2373 2374
f 2373 2482 2375
f 2480 2482 2373
f 2375 2483 2376
f 2482 2483 2375
f 2376 2484 2377
f 2483 2484 2376
f 2377 2485 2378
f 2484 2485 2377
f 2378 2486 2379
f 2485 2486 2378
f 2379 2487 2380
f 2486 2487 2379
f 2380 2488 2381
f 2487 2488 2380
f 2381 2489 2382
f 2488 2489 2381
f 2382 2490 2383
f 2489 2490 2382
f 2383 2491 2384
f 2490 2491 2383
f 2384 2492 2385
f 2491 2492 2384
f 2385 2493 2386
f 2492 2493 2385
f 2386 2494 2387
f 2493 2494 2386
f 2387 2495 2388
f 2494 2495 2387
f 2388 2496 2389
f 2495 2496 2388
f 2389 2497 2390
f 2496 2497 2389
f 2390 2498 2391
f 2497 2498 2390
f 2391 2499 2392
f 2498 2499 2391
f 2392 2500 2393
f 2499 2500 2392
f 2393 2501 2394
f 2500 2501 2393
f 2394 2502 2395
f 2501 2502 2394
f 2395 2503 2396
f 2502 2503 2395
f 2396 2504 2397
f 2503 2504 2396
f 2397 2505 2398
f 2504 2505 2397
f 2398 2506 2399
f 2505 2506 2398
f 2399 2507 2400
f 2506 2507 2399
f 2400 2508 2401
f 2507 2508 2400
f 2402 2401 2508
f 2402 2508 2509
f 2403 2481 2374
f 2403 2510 2481
f 2509 2511 2402
f 2402 2511 2404
f 2405 2404 2511
f 2405 2511 2512
f 2406 2510 2403
f 2406 2513 2510
f 2514 2407 2408
f 2515 2514 2408
f 2405 2515 2408
f 2512 2515 2405
f 2409 2513 2406
f 2409 2516 2513
f 2518 2517 2514
f 2517 2407 2514
f 2517 2410 2407
f 2518 2514 2515
f 2411 2516 2409
f 2411 2519 2516
f 2517 2412 2410
f 2520 2412 2517
f 2413 2519 2411
f 2413 2521 2519
f 2520 2522 2412
f 2412 2522 2414
f 2416 2414 2522
f 2416 2522 2523
f 2525 2524 2417
f 2525 2417 2418
f 2413 2417 2521
f 2521 2417 2524
f 2523 2419 2416
f 2526 2419 2523
f 2420 2525 2418
f 2420 2527 2525
f 2526 2421 2419
f 2528 2421 2526
f 2422 2527 2420
f 2422 2529 2527
f 2528 2423 2421
f 2530 2423 2528
f 2424 2529 2422
f 2424 2531 2529
f 2530 2425 2423
f 2532 2425 2530
f 2426 2531 2424
f 2426 2533 2531
f 2532 2427 2425
f 2534 2427 2532
f 2535 2533 2426
f 2535 2426 2428
f 2536 2428 2429
f 2536 2535 2428
f 2537 2429 2430
f 2537 2536 2429
f 2538 2430 2431
f 2538 2537 2430
f 2539 2431 2432
f 2539 2538 2431
f 2540 2432 2433
f 2540 2539 2432
f 2541 2433 2434
f 2541 2540 2433
f 2542 2434 2435
f 2542 2541 2434
f 2543 2435 2436
f 2543 2542 2435
f 2544 2436 2437
f 2544 2543 2436
f 2545 2437 2438
f 2545 2544 2437
f 2546 2438 2439
f 2546 2545 2438
f 2547 2439 2440
f 2547 2546 2439
f 2548 2440 2441
f 2548 2547 2440
f 2549 2441 2442
f 2549 2548 2441
f 2550 2442 2443
f 2550 2549 2442
f 2551 2443 2444
f 2551 2550 2443
f 2552 2444 2445
f 2552 2551 2444
f 2553 2445 2446
f 2553 2552 2445
f 2446 2447 2553
f 2553 2447 2554
f 2534 2448 2427
f 2555 2448 2534
f 2449 2554 2447
f 2449 2556 2554
f 2555 2450 2448
f 2557 2450 2555
f 2451 2556 2449
f 2451 2558 2556
f 2557 2452 2450
f 2559 2452 2557
f 2453 2558 2451
f 2453 2560 2558
f 2559 2454 2452
f 2561 2454 2559
f 2455 2560 2453
f 2455 2562 2560
f 2561 2456 2454
f 2563 2456 2561
f 2457 2562 2455
f 2457 2564 2562
f 2563 2458 2456
f 2565 2458 2563
f 2459 2564 2457
f 2459 2566 2564
f 2565 2460 2458
f 2567 2460 2565
f 2568 2566 2459
f 2568 2459 2461
f 2461 2462 2568
f 2568 2462 2569
f 2567 2463 2460
f 2570 2463 2567
f 2464 2569 2462
f 2464 2571 2569
f 2570 2465 2463
f 2572 2465 2570
f 2466 2571 2464
f 2466 2573 2571
f 2575 2574 2468
f 2468 2574 2467
f 2468 2465 2572
f 2468 2572 2575
f 2576 2573 2466
f 2576 2466 2469
f 2469 2470 2576
f 2576 2470 2577
f 2579 2578 2472
f 2472 2578 2471
f 2472 2467 2574
f 2472 2574 2579
f 2580 2577 2470
f 2580 2470 2473
f 2581 2473 2474
f 2581 2580 2473
f 2582 2474 2475
f 2582 2581 2474
f 2583 2475 2476
f 2583 2582 2475
f 2584 2476 2477
f 2584 2583 2476
f 2585 2477 2478
f 2585 2584 2477
f 2586 2478 2479
f 2586 2585 2478
f 2479 2471 2578
f 2479 2578 2586
f 2588 2587 2480
f 2588 2480 2481
f 2480 2589 2482
f 2587 2589 2480
f 2482 2590 2483
f 2589 2590 2482
f 2483 2591 2484
f 2590 2591 2483
f 2484 2592 2485
f 2591 2592 2484
f 2485 2593 2486
f 2592 2593 2485
f 2486 2594 2487
f 2593 2594 2486
f 2487 2595 2488
f 2594 2595 2487
f 2488 2596 2489
f 2595 2596 2488
f 2489 2597 2490
f 2596 2597 2489
f 2490 2598 2491
f 2597 2598 2490
f 2491 2599 2492
f 2598 2599 2491
f 2492 2600 2493
f 2599 2600 2492
f 2493 2601 2494
f 2600 2601 2493
f 2494 2602 2495
f 2601 2602 2494
f 2495 2603 2496
f 2602 2603 2495
f 2496 2604 2497
f 2603 2604 2496
f 2497 2605 2498
f 2604 2605 2497
f 2498 2606 2499
f 2605 2606 2498
f 2499 2607 2500
f 2606 2607 2499
f 2500 2608 2501
f 2607 2608 2500
f 2501 2609 2502
f 2608 2609 2501
f 2502 2610 2503
f 2609 2610 2502
f 2503 2611 2504
f 2610 2611 2503
f 2504 2612 2505
f 2611 2612 2504
f 2505 2613 2506
f 2612 2613 2505
f 2506 2614 2507
f 2613 2614 2506
f 2507 2615 2508
f 2614 2615 2507
f 2509 2508 2615
f 2509 2615 2616
f 2510 2588 2481
f 2510 2617 2588
f 2616 2618 2509
f 2509 2618 2511
f 2512 2511 2618
f 2512 2618 2619
f 2513 2617 2510
f 2513 2620 2617
f 2619 2515 2512
f 2621 2515 2619
f 2516 2620 2513
f 2516 2622 2620
f 2624 2623 2518
f 2518 2623 2517
f 2518 2515 2621
f 2518 2621 2624
f 2519 2622 2516
f 2519 2625 2622
f 2623 2520 2517
f 2626 2520 2623
f 2521 2625 2519
f 2521 2627 2625
f 2626 2628 2520
f 2520 2628 2522
f 2523 2522 2628
f 2523 2628 2629
f 2631 2630 2524
f 2631 2524 2525
f 2521 2524 2627
f 2627 2524 2630
f 2629 2526 2523
f 2632 2526 2629
f 2527 2631 2525
f 2527 2633 2631
f 2632 2528 2526
f 2634 2528 2632
f 2529 2633 2527
f 2529 2635 2633
f 2634 2530 2528
f 2636 2530 2634
f 2531 2635 2529
f 2531 2637 2635
f 2636 2532 2530
f 2638 2532 2636
f 2533 2637 2531
f 2533 2639 2637
f 2638 2534 2532
f 2640 2534 2638
f 2641 2639 2533
f 2641 2533 2535
f 2642 2535 2536
f 2642 2641 2535
f 2643 2536 2537
f 2643 2642 2536
f 2644 2537 2538
f 2644 2643 2537
f 2645 2538 2539
f 2645 2644 2538
f 2646 2539 2540
f 2646 2645 2539
f 2647 2540 2541
f 2647 2646 2540
f 2648 2541 2542
f 2648 2647 2541
f 2649 2542 2543
f 2649 2648 2542
f 2650 2543 2544
f 2650 2649 2543
f 2651 2544 2545
f 2651 2650 2544
f 2652 2545 2546
f 2652 2651 2545
f 2653 2546 2547
f 2653 2652 2546
f 2654 2547 2548
f 2654 2653 2547
f 2655 2548 2549
f 2655 2654 2548
f 2656 2549 2550
f 2656 2655 2549
f 2657 2550 2551
f 2657 2656 2550
f 2658 2551 2552
f 2658 2657 2551
f 2659 2552 2553
f 2659 2658 2552
f 2553 2554 2659
f 2659 2554 2660
f 2640 2555 2534
f 2661 2555 2640
f 2556 2660 2554
f 2556 2662 2660
f 2661 2557 2555
f 2663 2557 2661
f 2558 2662 2556
f 2558 2664 2662
f 2663 2559 2557
f 2665 2559 2663
f 2560 2664 2558
f 2560 2666 2664
f 2665 2561 2559
f 2667 2561 2665
f 2562 2666 2560
f 2562 2668 2666
f 2667 2563 2561
f 2669 2563 2667
f 2564 2668 2562
f 2564 2670 2668
f 2669 2565 2563
f 2671 2565 2669
f 2566 2670 2564
f 2566 2672 2670
f 2671 2567 2565
f 2673 2567 2671
f 2566 2568 2674
f 2675 2566 2674
f 2672 2566 2675
f 2569 2674 2568
f 2673 2570 2567
f 2676 2570 2673
f 2677 2675 2674
f 2674 2569 2677
f 2569 2678 2677
f 2569 2571 2678
f 2676 2572 2570
f 2679 2572 2676
f 2573 2678 2571
f 2573 2680 2678
f 2682 2681 2575
f 2575 2681 2574
f 2575 2572 2679
f 2575 2679 2682
f 2683 2680 2573
f 2683 2573 2576
f 2576 2577 2683
f 2683 2577 2684
f 2686 2685 2579
f 2579 2685 2578
f 2579 2574 2681
f 2579 2681 2686
f 2687 2684 2577
f 2687 2577 2580
f 2688 2580 2581
f 2688 2687 2580
f 2689 2581 2582
f 2689 2688 2581
f 2690 2582 2583
f 2690 2689 2582
f 2691 2583 2584
f 2691 2690 2583
f 2692 2584 2585
f 2692 2691 2584
f 2693 2585 2586
f 2693 2692 2585
f 2586 2578 2685
f 2586 2685 2693
f 2695 2694 2587
f 2695 2587 2588
f 2587 2696 2589
f 2694 2696 2587
f 2589 2697 2590
f 2696 2697 2589
f 2590 2698 2591
f 2697 2698 2590
f 2591 2699 2592
f 2698 2699 2591
f 2592 2700 2593
f 2699 2700 2592
f 2593 2701 2594
f 2700 2701 2593
f 2594 2702 2595
f 2701 2702 2594
f 2595 2703 2596
f 2702 2703 2595
f 2596 2704 2597
f 2703 2704 2596
f 2597 2705 2598
f 2704 2705 2597
f 2598 2706 2599
f 2705 2706 2598
f 2599 2707 2600
f 2706 2707 2599
f 2600 2708 2601
f 2707 2708 2600
f 2601 2709 2602
f 2708 2709 2601
f 2602 2710 2603
f 2709 2710 2602
f 2603 2711 2604
f 2710 2711 2603
f 2604 2712 2605
f 2711 2712 2604
f 2605 2713 2606
f 2712 2713 2605
f 2606 2714 2607
f 2713 2714 2606
f 2607 2715 2608
f 2714 2715 2607
f 2608 2716 2609
f 2715 2716 2608
f 2609 2717 2610
f 2716 2717 2609
f 2610 2718 2611
f 2717 2718 2610
f 2611 2719 2612
f 2718 2719 2611
f 2612 2720 2613
f 2719 2720 2612
f 2613 2721 2614
f 2720 2721 2613
f 2614 2722 2615
f 2721 2722 2614
f 2616 2615 2722
f 2616 2722 2723
f 2617 2695 2588
f 2617 2724 2695
f 2723 2725 2616
f 2616 2725 2618
f 2619 2618 2725
f 2619 2725 2726
f 2620 2724 2617
f 2620 2727 2724
f 2726 2621 2619
f 2728 2621 2726
f 2622 2727 2620
f 2622 2729 2727
f 2730 2623 2624
f 2731 2730 2624
f 2621 2731 2624
f 2728 2731 2621
f 2625 2729 2622
f 2625 2732 2729
f 2734 2733 2730
f 2733 2623 2730
f 2733 2626 2623
f 2734 2730 2731
f 2627 2732 2625
f 2627 2735 2732
f 2733 2736 2626
f 2626 2736 2628
f 2629 2628 2736
f 2629 2736 2737
f 2739 2738 2630
f 2739 2630 2631
f 2627 2630 2735
f 2735 2630 2738
f 2737 2632 2629
f 2740 2632 2737
f 2633 2739 2631
f 2633 2741 2739
f 2740 2634 2632
f 2742 2634 2740
f 2635 2741 2633
f 2635 2743 2741
f 2742 2636 2634
f 2744 2636 2742
f 2637 2743 2635
f 2637 2745 2743
f 2744 2638 2636
f 2746 2638 2744
f 2639 2745 2637
f 2639 2747 2745
f 2746 2640 2638
f 2748 2640 2746
f 2749 2747 2639
f 2749 2639 2641
f 2750 2641 2642
f 2750 2749 2641
f 2751 2642 2643
f 2751 2750 2642
f 2752 2643 2644
f 2752 2751 2643
f 2753 2644 2645
f 2753 2752 2644
f 2754 2645 2646
f 2754 2753 2645
f 2755 2646 2647
f 2755 2754 2646
f 2756 2647 2648
f 2756 2755 2647
f 2757 2648 2649
f 2757 2756 2648
f 2758 2649 2650
f 2758 2757 2649
f 2759 2650 2651
f 2759 2758 2650
f 2760 2651 2652
f 2760 2759 2651
f 2761 2652 2653
f 2761 2760 2652
f 2762 2653 2654
f 2762 2761 2653
f 2763 2654 2655
f 2763 2762 2654
f 2764 2655 2656
f 2764 2763 2655
f 2765 2656 2657
f 2765 2764 2656
f 2766 2657 2658
f 2766 2765 2657
f 2767 2658 2659
f 2767 2766 2658
f 2659 2660 2767
f 2767 2660 2768
f 2748 2661 2640
f 2769 2661 2748
f 2662 2768 2660
f 2662 2770 2768
f 2769 2663 2661
f 2771 2663 2769
f 2664 2770 2662
f 2664 2772 2770
f 2771 2665 2663
f 2773 2665 2771
f 2666 2772 2664
f 2666 2774 2772
f 2773 2667 2665
f 2775 2667 2773
f 2668 2774 2666
f 2668 2776 2774
f 2775 2669 2667
f 2777 2669 2775
f 2670 2776 2668
f 2670 2778 2776
f 2777 2671 2669
f 2779 2671 2777
f 2672 2778 2670
f 2672 2780 2778
f 2779 2673 2671
f 2781 2673 2779
f 2675 2780 2672
f 2675 2782 2780
f 2781 2676 2673
f 2783 2676 2781
f 2784 2782 2675
f 2784 2675 2677
f 2677 2678 2784
f 2784 2678 2785
f 2783 2679 2676
f 2786 2679 2783
f 2680 2785 2678
f 2680 2787 2785
f 2789 2788 2682
f 2682 2788 2681
f 2682 2679 2786
f 2682 2786 2789
f 2790 2787 2680
f 2790 2680 2683
f 2683 2684 2790
f 2790 2684 2791
f 2793 2792 2686
f 2686 2792 2685
f 2686 2681 2788
f 2686 2788 2793
f 2794 2791 2684
f 2794 2684 2687
f 2795 2687 2688
f 2795 2794 2687
f 2796 2688 2689
f 2796 2795 2688
f 2797 2689 2690
f 2797 2796 2689
f 2798 2690 2691
f 2798 2797 2690
f 2799 2691 2692
f 2799 2798 2691
f 2800 2692 2693
f 2800 2799 2692
f 2693 2685 2792
f 2693 2792 2800
f 2802 2801 2694
f 2802 2694 2695
f 2694 2803 2696
f 2801 2803 2694
f 2696 2804 2697
f 2803 2804 2696
f 2697 2805 2698
f 2804 2805 2697
f 2698 2806 2699
f 2805 2806 2698
f 2699 2807 2700
f 2806 2807 2699
f 2700 2808 2701
f 2807 2808 2700
f 2701 2809 2702
f 2808 2809 2701
f 2702 2810 2703
f 2809 2810 2702
f 2703 2811 2704
f 2810 2811 2703
f 2704 2812 2705
f 2811 2812 2704
f 2705 2813 2706
f 2812 2813 2705
f 2706 2814 2707
f 2813 2814 2706
f 2707 2815 2708
f 2814 2815 2707
f 2708 2816 2709
f 2815 2816 2708
f 2709 2817 2710
f 2816 2817 2709
f 2710 2818 2711
f 2817 2818 2710
f 2711 2819 2712
f 2818 2819 2711
f 2712 2820 2713
f 2819 2820 2712
f 2713 2821 2714
f 2820 2821 2713
f 2714 2822 2715
f 2821 2822 2714
f 2715 2823 2716
f 2822 2823 2715
f 2716 2824 2717
f 2823 2824 2716
f 2717 2825 2718
f 2824 2825 2717
f 2718 2826 2719
f 2825 2826 2718
f 2719 2827 2720
f 2826 2827 2719
f 2720 2828 2721
f 2827 2828 2720
f 2721 2829 2722
f 2828 2829 2721
f 2723 2722 2829
f 2723 2829 2830
f 2724 2802 2695
f 2724 2831 2802
f 2830 2832 2723
f 2723 2832 2725
f 2726 2725 2832
f 2726 2832 2833
f 2727 2831 2724
f 2727 2834 2831
f 2833 2728 2726
f 2835 2728 2833
f 2729 2834 2727
f 2729 2836 2834
f 2835 2731 2728
f 2837 2731 2835
f 2732 2836 2729
f 2732 2838 2836
f 2839 2733 2734
f 2840 2839 2734
f 2731 2840 2734
f 2837 2840 2731
f 2735 2838 2732
f 2735 2841 2838
f 2839 2736 2733
f 2737 2736 2839
f 2840 2737 2839
f 2842 2737 2840
f 2844 2843 2738
f 2844 2738 2739
f 2735 2738 2841
f 2841 2738 2843
f 2842 2740 2737
f 2845 2740 2842
f 2741 2844 2739
f 2741 2846 2844
f 2845 2742 2740
f 2847 2742 2845
f 2743 2846 2741
f 2743 2848 2846
f 2847 2744 2742
f 2849 2744 2847
f 2745 2848 2743
f 2745 2850 2848
f 2849 2746 2744
f 2851 2746 2849
f 2747 2850 2745
f 2747 2852 2850
f 2851 2748 2746
f 2853 2748 2851
f 2854 2852 2747
f 2854 2747 2749
f 2855 2749 2750
f 2855 2854 2749
f 2856 2750 2751
f 2856 2855 2750
f 2857 2751 2752
f 2857 2856 2751
f 2858 2752 2753
f 2858 2857 2752
f 2859 2753 2754
f 2859 2858 2753
f 2860 2754 2755
f 2860 2859 2754
f 2861 2755 2756
f 2861 2860 2755
f 2862 2756 2757
f 2862 2861 2756
f 2863 2757 2758
f 2863 2862 2757
f 2864 2758 2759
f 2864 2863 2758
f 2865 2759 2760
f 2865 2864 2759
f 2866 2760 2761
f 2866 2865 2760
f 2867 2761 2762
f 2867 2866 2761
f 2868 2762 2763
f 2868 2867 2762
f 2869 2763 2764
f 2869 2868 2763
f 2870 2764 2765
f 2870 2869 2764
f 2871 2765 2766
f 2871 2870 2765
f 2872 2766 2767
f 2872 2871 2766
f 2767 2768 2872
f 2872 2768 2873
f 2853 2769 2748
f 2874 2769 2853
f 2770 2873 2768
f 2770 2875 2873
f 2874 2771 2769
f 2876 2771 2874
f 2772 2875 2770
f 2772 2877 2875
f 2876 2773 2771
f 2878 2773 2876
f 2774 2877 2772
f 2774 2879 2877
f 2878 2775 2773
f 2880 2775 2878
f 2776 2879 2774
f 2776 2881 2879
f 2880 2777 2775
f 2882 2777 2880
f 2778 2881 2776
f 2778 2883 2881
f 2882 2779 2777
f 2884 2779 2882
f 2780 2883 2778
f 2780 2885 2883
f 2884 2781 2779
f 2886 2781 2884
f 2782 2885 2780
f 2782 2887 2885
f 2886 2783 2781
f 2888 2783 2886
f 2889 2887 2782
f 2889 2782 2784
f 2784 2785 2889
f 2889 2785 2890
f 2888 2786 2783
f 2891 2786 2888
f 2787 2890 2785
f 2787 2892 2890
f 2894 2893 2789
f 2789 2893 2788
f 2789 2786 2891
f 2789 2891 2894
f 2895 2892 2787
f 2895 2787 2790
f 2790 2791 2895
f 2895 2791 2896
f 2898 2897 2793
f 2793 2897 2792
f 2793 2788 2893
f 2793 2893 2898
f 2899 2896 2791
f 2899 2791 2794
f 2900 2794 2795
f 2900 2899 2794
f 2901 2795 2796
f 2901 2900 2795
f 2902 2796 2797
f 2902 2901 2796
f 2903 2797 2798
f 2903 2902 2797
f 2904 2798 2799
f 2904 2903 2798
f 2905 2799 2800
f 2905 2904 2799
f 2800 2792 2897
f 2800 2897 2905
f 2907 2906 2801
f 2907 2801 2802
f 2801 2908 2803
f 2906 2908 2801
f 2803 2909 2804
f 2908 2909 2803
f 2804 2910 2805
f 2909 2910 2804
f 2805 2911 2806
f 2910 2911 2805
f 2806 2912 2807
f 2911 2912 2806
f 2807 2913 2808
f 2912 2913 2807
f 2808 2914 2809
f 2913 2914 2808
f 2809 2915 2810
f 2914 2915 2809
f 2810 2916 2811
f 2915 2916 2810
f 2811 2917 2812
f 2916 2917 2811
f 2812 2918 2813
f 2917 2918 2812
f 2813 2919 2814
f 2918 2919 2813
f 2814 2920 2815
f 2919 2920 2814
f 2815 2921 2816
f 2920 2921 2815
f 2816 2922 2817
f 2921 2922 2816
f 2817 2923 2818
f 2922 2923 2817
f 2818 2924 2819
f 2923 2924 2818
f 2819 2925 2820
f 2924 2925 2819
f 2820 2926 2821
f 2925 2926 2820
f 2821 2927 2822
f 2926 2927 2821
f 2822 2928 2823
f 2927 2928 2822
f 2823 2929 2824
f 2928 2929 2823
f 2824 2930 2825
f 2929 2930 2824
f 2825 2931 2826
f 2930 2931 2825
f 2826 2932 2827
f 2931 2932 2826
f 2827 2933 2828
f 2932 2933 2827
f 2828 2934 2829
f 2933 2934 2828
f 2830 2829 2934
f 2830 2934 2935
f 2831 2907 2802
f 2831 2936 2907
f 2935 2937 2830
f 2830 2937 2832
f 2833 2832 2937
f 2833 2937 2938
f 2834 2936 2831
f 2834 2939 2936
f 2938 2835 2833
f 2940 2835 2938
f 2836 2939 2834
f 2836 2941 2939
f 2940 2837 2835
f 2942 2837 2940
f 2838 2941 2836
f 2838 2943 2941
f 2942 2840 2837
f 2944 2840 2942
f 2841 2943 2838
f 2841 2945 2943
f 2944 2842 2840
f 2946 2842 2944
f 2948 2947 2843
f 2948 2843 2844
f 2841 2843 2945
f 2945 2843 2947
f 2946 2845 2842
f 2949 2845 2946
f 2846 2948 2844
f 2846 2950 2948
f 2949 2847 2845
f 2951 2847 2949
f 2848 2950 2846
f 2848 2952 2950
f 2951 2849 2847
f 2953 2849 2951
f 2850 2952 2848
f 2850 2954 2952
f 2953 2851 2849
f 2955 2851 2953
f 2852 2954 2850
f 2852 2956 2954
f 2955 2853 2851
f 2957 2853 2955
f 2958 2956 2852
f 2958 2852 2854
f 2959 2854 2855
f 2959 2958 2854
f 2960 2855 2856
f 2960 2959 2855
f 2961 2856 2857
f 2961 2960 2856
f 2962 2857 2858
f 2962 2961 2857
f 2963 2858 2859
f 2963 2962 2858
f 2964 2859 2860
f 2964 2963 2859
f 2965 2860 2861
f 2965 2964 2860
f 2966 2861 2862
f 2966 2965 2861
f 2967 2862 2863
f 2967 2966 2862
f 2968 2863 2864
f 2968 2967 2863
f 2969 2864 2865
f 2969 2968 2864
f 2970 2865 2866
f 2970 2969 2865
f 2971 2866 2867
f 2971 2970 2866
f 2972 2867 2868
f 2972 2971 2867
f 2973 2868 2869
f 2973 2972 2868
f 2974 2869 2870
f 2974 2973 2869
f 2975 2870 2871
f 2975 2974 2870
f 2976 2871 2872
f 2976 2975 2871
f 2872 2873 2976
f 2976 2873 2977
f 2957 2874 2853
f 2978 2874 2957
f 2875 2977 2873
f 2875 2979 2977
f 2978 2876 2874
f 2980 2876 2978
f 2877 2979 2875
f 2877 2981 2979
f 2980 2878 2876
f 2982 2878 2980
f 2879 2981 2877
f 2879 2983 2981
f 2982 2880 2878
f 2984 2880 2982
f 2881 2983 2879
f 2881 2985 2983
f 2984 2882 2880
f 2986 2882 2984
f 2883 2985 2881
f 2883 2987 2985
f 2986 2884 2882
f 2988 2884 2986
f 2885 2987 2883
f 2885 2989 2987
f 2988 2886 2884
f 2990 2886 2988
f 2887 2989 2885
f 2887 2991 2989
f 2990 2888 2886
f 2992 2888 2990
f 2993 2991 2887
f 2993 2887 2889
f 2889 2890 2993
f 2993 2890 2994
f 2992 2891 2888
f 2995 2891 2992
f 2892 2994 2890
f 2892 2996 2994
f 2998 2997 2894
f 2894 2997 2893
f 2894 2891 2995
f 2894 2995 2998
f 2999 2996 2892
f 2999 2892 2895
f 2895 2896 2999
f 2999 2896 3000
f 3002 3001 2898
f 2898 3001 2897
f 2898 2893 2997
f 2898 2997 3002
f 3003 3000 2896
f 3003 2896 2899
f 3004 2899 2900
f 3004 3003 2899
f 3005 2900 2901
f 3005 3004 2900
f 3006 2901 2902
f 3006 3005 2901
f 3007 2902 2903
f 3007 3006 2902
f 3008 2903 2904
f 3008 3007 2903
f 3009 2904 2905
f 3009 3008 2904
f 2905 2897 3001
f 2905 3001 3009
f 3011 3010 2906
f 3011 2906 2907
f 2906 3012 2908
f 3010 3012 2906
f 2908 3013 2909
f 3012 3013 2908
f 2909 3014 2910
f 3013 3014 2909
f 2910 3015 2911
f 3014 3015 2910
f 2911 3016 2912
f 3015 3016 2911
f 2912 3017 2913
f 3016 3017 2912
f 2913 3018 2914
f 3017 3018 2913
f 2914 3019 2915
f 3018 3019 2914
f 2915 3020 2916
f 3019 3020 2915
f 2916 3021 2917
f 3020 3021 2916
f 2917 3022 2918
f 3021 3022 2917
f 2918 3023 2919
f 3022 3023 2918
f 2919 3024 2920
f 3023 3024 2919
f 2920 3025 2921
f 3024 3025 2920
f 2921 3026 2922
f 3025 3026 2921
f 2922 3027 2923
f 3026 3027 2922
f 2923 3028 2924
f 3027 3028 2923
f 2924 3029 2925
f 3028 3029 2924
f 2925 3030 2926
f 3029 3030 2925
f 2926 3031 2927
f 3030 3031 2926
f 2927 3032 2928
f 3031 3032 2927
f 2928 3033 2929
f 3032 3033 2928
f 2929 3034 2930
f 3033 3034 2929
f 2930 3035 2931
f 3034 3035 2930
f 2931 3036 2932
f 3035 3036 2931
f 2932 3037 2933
f 3036 3037 2932
f 2933 3038 2934
f 3037 3038 2933
f 2935 2934 3038
f 2935 3038 3039
f 2936 3011 2907
f 2936 3040 3011
f 3039 3041 2935
f 2935 3041 2937
f 2938 2937 3041
f 2938 3041 3042
f 2939 3040 2936
f 2939 3043 3040
f 3042 2940 2938
f 3044 2940 3042
f 2941 3043 2939
f 2941 3045 3043
f 3044 2942 2940
f 3046 2942 3044
f 2943 3045 2941
f 2943 3047 3045
f 3046 2944 2942
f 3048 2944 3046
f 2945 3047 2943
f 2945 3049 3047
f 3048 2946 2944
f 3050 2946 3048
f 3052 3051 2947
f 3052 2947 2948
f 2945 2947 3049
f 3049 2947 3051
f 3050 2949 2946
f 3053 2949 3050
f 2950 3052 2948
f 2950 3054 3052
f 3053 2951 2949
f 3055 2951 3053
f 2952 3054 2950
f 2952 3056 3054
f 3055 2953 2951
f 3057 2953 3055
f 2954 3056 2952
f 2954 3058 3056
f 3057 2955 2953
f 3059 2955 3057
f 2956 3058 2954
f 2956 3060 3058
f 3059 2957 2955
f 3061 2957 3059
f 3062 3060 2956
f 3062 2956 2958
f 3063 2958 2959
f 3063 3062 2958
f 3064 2959 2960
f 3064 3063 2959
f 3065 2960 2961
f 3065 3064 2960
f 3066 2961 2962
f 3066 3065 2961
f 3067 2962 2963
f 3067 3066 2962
f 3068 2963 2964
f 3068 3067 2963
f 3069 2964 2965
f 3069 3068 2964
f 3070 2965 2966
f 3070 3069 2965
f 3071 2966 2967
f 3071 3070 2966
f 3072 2967 2968
f 3072 3071 2967
f 3073 2968 2969
f 3073 3072 2968
f 3074 2969 2970
f 3074 3073 2969
f 3075 2970 2971
f 3075 3074 2970
f 3076 2971 2972
f 3076 3075 2971
f 3077 2972 2973
f 3077 3076 2972
f 3078 2973 2974
f 3078 3077 2973
f 3079 2974 2975
f 3079 3078 2974
f 3080 2975 2976
f 3080 3079 2975
f 2976 2977 3080
f 3080 2977 3081
f 3061 2978 2957
f 3082 2978 3061
f 2979 3081 2977
f 2979 3083 3081
f 3082 2980 2978
f 3084 2980 3082
f 2981 3083 2979
f 2981 3085 3083
f 3084 2982 2980
f 3086 2982 3084
f 2983 3085 2981
f 2983 3087 3085
f 3086 2984 2982
f 3088 2984 3086
f 2985 3087 2983
f 2985 3089 3087
f 3088 2986 2984
f 3090 2986 3088
f 2987 3089 2985
f 2987 3091 3089
f 3090 2988 2986
f 3092 2988 3090
f 2989 3091 2987
f 2989 3093 3091
f 3092 2990 2988
f 3094 2990 3092
f 2991 3093 2989
f 2991 3095 3093
f 3094 2992 2990
f 3096 2992 3094
f 3097 3095 2991
f 3097 2991 2993
f 2993 2994 3097
f 3097 2994 3098
f 3096 2995 2992
f 3099 2995 3096
f 2996 3098 2994
f 2996 3100 3098
f 3102 3101 2998
f 2998 3101 2997
f 2998 2995 3099
f 2998 3099 3102
f 3103 3100 2996
f 3103 2996 2999
f 2999 3000 3103
f 3103 3000 3104
f 3106 3105 3002
f 3002 3105 3001
f 3002 2997 3101
f 3002 3101 3106
f 3107 3104 3000
f 3107 3000 3003
f 3108 3003 3004
f 3108 3107 3003
f 3109 3004 3005
f 3109 3108 3004
f 3110 3005 3006
f 3110 3109 3005
f 3111 3006 3007
f 3111 3110 3006
f 3112 3007 3008
f 3112 3111 3007
f 3113 3008 3009
f 3113 3112 3008
f 3009 3001 3105
f 3009 3105 3113
f 3115 3114 3010
f 3115 3010 3011
f 3010 3116 3012
f 3114 3116 3010
f 3012 3117 3013
f 3116 3117 3012
f 3013 3118 3014
f 3117 3118 3013
f 3014 3119 3015
f 3118 3119 3014
f 3015 3120 3016
f 3119 3120 3015
f 3016 3121 3017
f 3120 3121 3016
f 3017 3122 3018
f 3121 3122 3017
f 3018 3123 3019
f 3122 3123 3018
f 3019 3124 3020
f 3123 3124 3019
f 3020 3125 3021
f 3124 3125 3020
f 3021 3126 3022
f 3125 3126 3021
f 3022 3127 3023
f 3126 3127 3022
f 3023 3128 3024
f 3127 3128 3023
f 3024 3129 3025
f 3128 3129 3024
f 3025 3130 3026
f 3129 3130 3025
f 3026 3131 3027
f 3130 3131 3026
f 3027 3132 3028
f 3131 3132 3027
f 3028 3133 3029
f 3132 3133 3028
f 3029 3134 3030
f 3133 3134 3029
f 3030 3135 3031
f 3134 3135 3030
f 3031 3136 3032
f 3135 3136 3031
f 3032 3137 3033
f 3136 3137 3032
f 3033 3138 3034
f 3137 3138 3033
f 3034 3139 3035
f 3138 3139 3034
f 3035 3140 3036
f 3139 3140 3035
f 3036 3141 3037
f 3140 3141 3036
f 3037 3142 3038
f 3141 3142 3037
f 3039 3038 3142
f 3039 3142 3143
f 3040 3115 3011
f 3040 3144 3115
f 3143 3145 3039
f 3039 3145 3041
f 3042 3041 3145
f 3042 3145 3146
f 3043 3144 3040
f 3043 3147 3144
f 3146 3044 3042
f 3148 3044 3146
f 3045 3147 3043
f 3045 3149 3147
f 3148 3046 3044
f 3150 3046 3148
f 3047 3149 3045
f 3047 3151 3149
f 3150 3048 3046
f 3152 3048 3150
f 3049 3151 3047
f 3049 3153 3151
f 3152 3050 3048
f 3154 3050 3152
f 3156 3155 3051
f 3156 3051 3052
f 3049 3051 3153
f 3153 3051 3155
f 3154 3053 3050
f 3157 3053 3154
f 3054 3156 3052
f 3054 3158 3156
f 3157 3055 3053
f 3159 3055 3157
f 3056 3158 3054
f 3056 3160 3158
f 3159 3057 3055
f 3161 3057 3159
f 3058 3160 3056
f 3058 3162 3160
f 3161 3059 3057
f 3163 3059 3161
f 3060 3162 3058
f 3060 3164 3162
f 3163 3061 3059
f 3165 3061 3163
f 3166 3164 3060
f 3166 3060 3062
f 3167 3062 3063
f 3167 3166 3062
f 3168 3063 3064
f 3168 3167 3063
f 3169 3064 3065
f 3169 3168 3064
f 3170 3065 3066
f 3170 3169 3065
f 3171 3066 3067
f 3171 3170 3066
f 3172 3067 3068
f 3172 3171 3067
f 3173 3068 3069
f 3173 3172 3068
f 3174 3069 3070
f 3174 3173 3069
f 3175 3070 3071
f 3175 3174 3070
f 3176 3071 3072
f 3176 3175 3071
f 3177 3072 3073
f 3177 3176 3072
f 3178 3073 3074
f 3178 3177 3073
f 3179 3074 3075
f 3179 3178 3074
f 3180 3075 3076
f 3180 3179 3075
f 3181 3076 3077
f 3181 3180 3076
f 3182 3077 3078
f 3182 3181 3077
f 3183 3078 3079
f 3183 3182 3078
f 3184 3079 3080
f 3184 3183 3079
f 3080 3081 3184
f 3184 3081 3185
f 3165 3082 3061
f 3186 3082 3165
f 3083 3185 3081
f 3083 3187 3185
f 3186 3084 3082
f 3188 3084 3186
f 3085 3187 3083
f 3085 3189 3187
f 3188 3086 3084
f 3190 3086 3188
f 3087 3189 3085
f 3087 3191 3189
f 3190 3088 3086
f 3192 3088 3190
f 3089 3191 3087
f 3089 3193 3191
f 3192 3090 3088
f 3194 3090 3192
f 3091 3193 3089
f 3091 3195 3193
f 3194 3092 3090
f 3196 3092 3194
f 3093 3195 3091
f 3093 3197 3195
f 3196 3094 3092
f 3198 3094 3196
f 3095 3197 3093
f 3095 3199 3197
f 3198 3096 3094
f 3200 3096 3198
f 3201 3199 3095
f 3201 3095 3097
f 3097 3098 3201
f 3201 3098 3202
f 3200 3099 3096
f 3203 3099 3200
f 3100 3202 3098
f 3100 3204 3202
f 3206 3205 3102
f 3102 3205 3101
f 3102 3099 3203
f 3102 3203 3206
f 3207 3204 3100
f 3207 3100 3103
f 3103 3104 3207
f 3207 3104 3208
f 3210 3209 3106
f 3106 3209 3105
f 3106 3101 3205
f 3106 3205 3210
f 3211 3208 3104
f 3211 3104 3107
f 3212 3107 3108
f 3212 3211 3107
f 3213 3108 3109
f 3213 3212 3108
f 3214 3109 3110
f 3214 3213 3109
f 3215 3110 3111
f 3215 3214 3110
f 3216 3111 3112
f 3216 3215 3111
f 3217 3112 3113
f 3217 3216 3112
f 3113 3105 3209
f 3113 3209 3217
f 3219 3218 3114
f 3219 3114 3115
f 3114 3220 3116
f 3218 3220 3114
f 3116 3221 3117
f 3220 3221 3116
f 3117 3222 3118
f 3221 3222 3117
f 3118 3223 3119
f 3222 3223 3118
f 3119 3224 3120
f 3223 3224 3119
f 3120 3225 3121
f 3224 3225 3120
f 3121 3226 3122
f 3225 3226 3121
f 3122 3227 3123
f 3226 3227 3122
f 3123 3228 3124
f 3227 3228 3123
f 3124 3229 3125
f 3228 3229 3124
f 3125 3230 3126
f 3229 3230 3125
f 3126 3231 3127
f 3230 3231 3126
f 3127 3232 3128
f 3231 3232 3127
f 3128 3233 3129
f 3232 3233 3128
f 3129 3234 3130
f 3233 3234 3129
f 3130 3235 3131
f 3234 3235 3130
f 3131 3236 3132
f 3235 3236 3131
f 3132 3237 3133
f 3236 3237 3132
f 3133 3238 3134
f 3237 3238 3133
f 3134 3239 3135
f 3238 3239 3134
f 3135 3240 3136
f 3239 3240 3135
f 3136 3241 3137
f 3240 3241 3136
f 3137 3242 3138
f 3241 3242 3137
f 3138 3243 3139
f 3242 3243 3138
f 3139 3244 3140
f 3243 3244 3139
f 3140 3245 3141
f 3244 3245 3140
f 3141 3246 3142
f 3245 3246 3141
f 3143 3142 3246
f 3143 3246 3247
f 3144 3219 3115
f 3144 3248 3219
f 3247 3249 3143
f 3143 3249 3145
f 3146 3145 3249
f 3146 3249 3250
f 3147 3248 3144
f 3147 3251 3248
f 3250 3148 3146
f 3252 3148 3250
f 3149 3251 3147
f 3149 3253 3251
f 3252 3150 3148
f 3254 3150 3252
f 3151 3253 3149
f 3151 3255 3253
f 3254 3152 3150
f 3256 3152 3254
f 3153 3255 3151
f 3153 3257 3255
f 3256 3154 3152
f 3258 3154 3256
f 3260 3259 3155
f 3260 3155 3156
f 3153 3155 3257
f 3257 3155 3259
f 3258 3157 3154
f 3261 3157 3258
f 3158 3260 3156
f 3158 3262 3260
f 3261 3159 3157
f 3263 3159 3261
f 3160 3262 3158
f 3160 3264 3262
f 3263 3161 3159
f 3265 3161 3263
f 3162 3264 3160
f 3162 3266 3264
f 3265 3163 3161
f 3267 3163 3265
f 3164 3266 3162
f 3164 3268 3266
f 3267 3165 3163
f 3269 3165 3267
f 3270 3268 3164
f 3270 3164 3166
f 3271 3166 3167
f 3271 3270 3166
f 3272 3167 3168
f 3272 3271 3167
f 3273 3168 3169
f 3273 3272 3168
f 3274 3169 3170
f 3274 3273 3169
f 3275 3170 3171
f 3275 3274 3170
f 3276 3171 3172
f 3276 3275 3171
f 3277 3172 3173
f 3277 3276 3172
f 3278 3173 3174
f 3278 3277 3173
f 3279 3174 3175
f 3279 3278 3174
f 3280 3175 3176
f 3280 3279 3175
f 3281 3176 3177
f 3281 3280 3176
f 3282 3177 3178
f 3282 3281 3177
f 3283 3178 3179
f 3283 3282 3178
f 3284 3179 3180
f 3284 3283 3179
f 3285 3180 3181
f 3285 3284 3180
f 3286 3181 3182
f 3286 3285 3181
f 3287 3182 3183
f 3287 3286 3182
f 3288 3183 3184
f 3288 3287 3183
f 3184 3185 3288
f 3288 3185 3289
f 3269 3186 3165
f 3290 3186 3269
f 3187 3289 3185
f 3187 3291 3289
f 3290 3188 3186
f 3292 3188 3290
f 3189 3291 3187
f 3189 3293 3291
f 3292 3190 3188
f 3294 3190 3292
f 3191 3293 3189
f 3191 3295 3293
f 3294 3192 3190
f 3296 3192 3294
f 3193 3295 3191
f 3193 3297 3295
f 3296 3194 3192
f 3298 3194 3296
f 3195 3297 3193
f 3195 3299 3297
f 3298 3196 3194
f 3300 3196 3298
f 3197 3299 3195
f 3197 3301 3299
f 3300 3198 3196
f 3302 3198 3300
f 3199 3301 3197
f 3199 3303 3301
f 3302 3200 3198
f 3304 3200 3302
f 3305 3303 3199
f 3305 3199 3201
f 3201 3202 3305
f 3305 3202 3306
f 3304 3203 3200
f 3307 3203 3304
f 3204 3306 3202
f 3204 3308 3306
f 3310 3309 3206
f 3206 3309 3205
f 3206 3203 3307
f 3206 3307 3310
f 3311 3308 3204
f 3311 3204 3207
f 3207 3208 3311
f 3311 3208 3312
f 3314 3313 3210
f 3210 3313 3209
f 3210 3205 3309
f 3210 3309 3314
f 3315 3312 3208
f 3315 3208 3211
f 3316 3211 3212
f 3316 3315 3211
f 3317 3212 3213
f 3317 3316 3212
f 3318 3213 3214
f 3318 3317 3213
f 3319 3214 3215
f 3319 3318 3214
f 3320 3215 3216
f 3320 3319 3215
f 3321 3216 3217
f 3321 3320 3216
f 3217 3209 3313
f 3217 3313 3321
f 3323 3322 3218
f 3323 3218 3219
f 3218 3324 3220
f 3322 3324 3218
f 3220 3325 3221
f 3324 3325 3220
f 3221 3326 3222
f 3325 3326 3221
f 3222 3327 3223
f 3326 3327 3222
f 3223 3328 3224
f 3327 3328 3223
f 3224 3329 3225
f 3328 3329 3224
f 3225 3330 3226
f 3329 3330 3225
f 3226 3331 3227
f 3330 3331 3226
f 3227 3332 3228
f 3331 3332 3227
f 3228 3333 3229
f 3332 3333 3228
f 3229 3334 3230
f 3333 3334 3229
f 3230 3335 3231
f 3334 3335 3230
f 3231 3336 3232
f 3335 3336 3231
f 3232 3337 3233
f 3336 3337 3232
f 3233 3338 3234
f 3337 3338 3233
f 3234 3339 3235
f 3338 3339 3234
f 3235 3340 3236
f 3339 3340 3235
f 3236 3341 3237
f 3340 3341 3236
f 3237 3342 3238
f 3341 3342 3237
f 3238 3343 3239
f 3342 3343 3238
f 3239 3344 3240
f 3343 3344 3239
f 3240 3345 3241
f 3344 3345 3240
f 3241 3346 3242
f 3345 3346 3241
f 3242 3347 3243
f 3346 3347 3242
f 3243 3348 3244
f 3347 3348 3243
f 3244 3349 3245
f 3348 3349 3244
f 3245 3350 3246
f 3349 3350 3245
f 3247 3246 3350
f 3247 3350 3351
f 3248 3323 3219
f 3248 3352 3323
f 3351 3353 3247
f 3247 3353 3249
f 3250 3249 3353
f 3250 3353 3354
f 3251 3352 3248
f 3251 3355 3352
f 3354 3252 3250
f 3356 3252 3354
f 3253 3355 3251
f 3253 3357 3355
f 3356 3254 3252
f 3358 3254 3356
f 3255 3357 3253
f 3255 3359 3357
f 3358 3256 3254
f 3360 3256 3358
f 3257 3359 3255
f 3257 3361 3359
f 3360 3258 3256
f 3362 3258 3360
f 3364 3363 3259
f 3364 3259 3260
f 3257 3259 3361
f 3361 3259 3363
f 3362 3261 3258
f 3365 3261 3362
f 3262 3364 3260
f 3262 3366 3364
f 3365 3263 3261
f 3367 3263 3365
f 3264 3366 3262
f 3264 3368 3366
f 3367 3265 3263
f 3369 3265 3367
f 3266 3368 3264
f 3266 3370 3368
f 3369 3267 3265
f 3371 3267 3369
f 3268 3370 3266
f 3268 3372 3370
f 3371 3269 3267
f 3373 3269 3371
f 3374 3372 3268
f 3374 3268 3270
f 3375 3270 3271
f 3375 3374 3270
f 3376 3271 3272
f 3376 3375 3271
f 3377 3272 3273
f 3377 3376 3272
f 3378 3273 3274
f 3378 3377 3273
f 3379 3274 3275
f 3379 3378 3274
f 3380 3275 3276
f 3380 3379 3275
f 3381 3276 3277
f 3381 3380 3276
f 3382 3277 3278
f 3382 3381 3277
f 3383 3278 3279
f 3383 3382 3278
f 3384 3279 3280
f 3384 3383 3279
f 3385 3280 3281
f 3385 3384 3280
f 3386 3281 3282
f 3386 3385 3281
f 3387 3282 3283
f 3387 3386 3282
f 3388 3283 3284
f 3388 3387 3283
f 3389 3284 3285
f 3389 3388 3284
f 3390 3285 3286
f 3390 3389 3285
f 3391 3286 3287
f 3391 3390 3286
f 3392 3287 3288
f 3392 3391 3287
f 3288 3289 3392
f 3392 3289 3393
f 3373 3290 3269
f 3394 3290 3373
f 3291 3393 3289
f 3291 3395 3393
f 3394 3292 3290
f 3396 3292 3394
f 3293 3395 3291
f 3293 3397 3395
f 3396 3294 3292
f 3398 3294 3396
f 3295 3397 3293
f 3295 3399 3397
f 3398 3296 3294
f 3400 3296 3398
f 3297 3399 3295
f 3297 3401 3399
f 3400 3298 3296
f 3402 3298 3400
f 3299 3401 3297
f 3299 3403 3401
f 3402 3300 3298
f 3404 3300 3402
f 3301 3403 3299
f 3301 3405 3403
f 3404 3302 3300
f 3406 3302 3404
f 3303 3405 3301
f 3303 3407 3405
f 3406 3304 3302
f 3408 3304 3406
f 3409 3407 3303
f 3409 3303 3305
f 3305 3306 3409
f 3409 3306 3410
f 3408 3307 3304
f 3411 3307 3408
f 3308 3410 3306
f 3308 3412 3410
f 3414 3413 3310
f 3310 3413 3309
f 3310 3307 3411
f 3310 3411 3414
f 3415 3412 3308
f 3415 3308 3311
f 3311 3312 3415
f 3415 3312 3416
f 3418 3417 3314
f 3314 3417 3313
f 3314 3309 3413
f 3314 3413 3418
f 3419 3416 3312
f 3419 3312 3315
f 3420 3315 3316
f 3420 3419 3315
f 3421 3316 3317
f 3421 3420 3316
f 3422 3317 3318
f 3422 3421 3317
f 3423 3318 3319
f 3423 3422 3318
f 3424 3319 3320
f 3424 3423 3319
f 3425 3320 3321
f 3425 3424 3320
f 3321 3313 3417
f 3321 3417 3425
f 3427 3426 3322
f 3427 3322 3323
f 3322 3428 3324
f 3426 3428 3322
f 3324 3429 3325
f 3428 3429 3324
f 3325 3430 3326
f 3429 3430 3325
f 3326 3431 3327
f 3430 3431 3326
f 3327 3432 3328
f 3431 3432 3327
f 3328 3433 3329
f 3432 3433 3328
f 3329 3434 3330
f 3433 3434 3329
f 3330 3435 3331
f 3434 3435 3330
f 3331 3436 3332
f 3435 3436 3331
f 3332 3437 3333
f 3436 3437 3332
f 3333 3438 3334
f 3437 3438 3333
f 3334 3439 3335
f 3438 3439 3334
f 3335 3440 3336
f 3439 3440 3335
f 3336 3441 3337
f 3440 3441 3336
f 3337 3442 3338
f 3441 3442 3337
f 3338 3443 3339
f 3442 3443 3338
f 3339 3444 3340
f 3443 3444 3339
f 3340 3445 3341
f 3444 3445 3340
f 3341 3446 3342
f 3445 3446 3341
f 3342 3447 3343
f 3446 3447 3342
f 3343 3448 3344
f 3447 3448 3343
f 3344 3449 3345
f 3448 3449 3344
f 3345 3450 3346
f 3449 3450 3345
f 3346 3451 3347
f 3450 3451 3346
f 3347 3452 3348
f 3451 3452 3347
f 3348 3453 3349
f 3452 3453 3348
f 3349 3454 3350
f 3453 3454 3349
f 3351 3350 3454
f 3351 3454 3455
f 3352 3427 3323
f 3352 3456 3427
f 3455 3457 3351
f 3351 3457 3353
f 3354 3353 3457
f 3354 3457 3458
f 3355 3456 3352
f 3355 3459 3456
f 3458 3356 3354
f 3460 3356 3458
f 3357 3459 3355
f 3357 3461 3459
f 3460 3358 3356
f 3462 3358 3460
f 3359 3461 3357
f 3359 3463 3461
f 3462 3360 3358
f 3464 3360 3462
f 3361 3463 3359
f 3361 3465 3463
f 3464 3362 3360
f 3466 3362 3464
f 3468 3467 3363
f 3468 3363 3364
f 3361 3363 3465
f 3465 3363 3467
f 3466 3365 3362
f 3469 3365 3466
f 3366 3468 3364
f 3366 3470 3468
f 3469 3367 3365
f 3471 3367 3469
f 3368 3470 3366
f 3368 3472 3470
f 3471 3369 3367
f 3473 3369 3471
f 3370 3472 3368
f 3370 3474 3472
f 3473 3371 3369
f 3475 3371 3473
f 3372 3474 3370
f 3372 3476 3474
f 3475 3373 3371
f 3477 3373 3475
f 3478 3476 3372
f 3478 3372 3374
f 3479 3374 3375
f 3479 3478 3374
f 3480 3375 3376
f 3480 3479 3375
f 3481 3376 3377
f 3481 3480 3376
f 3482 3377 3378
f 3482 3481 3377
f 3483 3378 3379
f 3483 3482 3378
f 3484 3379 3380
f 3484 3483 3379
f 3485 3380 3381
f 3485 3484 3380
f 3486 3381 3382
f 3486 3485 3381
f 3487 3382 3383
f 3487 3486 3382
f 3488 3383 3384
f 3488 3487 3383
f 3489 3384 3385
f 3489 3488 3384
f 3490 3385 3386
f 3490 3489 3385
f 3491 3386 3387
f 3491 3490 3386
f 3492 3387 3388
f 3492 3491 3387
f 3493 3388 3389
f 3493 3492 3388
f 3494 3389 3390
f 3494 3493 3389
f 3495 3390 3391
f 3495 3494 3390
f 3496 3391 3392
f 3496 3495 3391
f 3392 3393 3496
f 3496 3393 3497
f 3477 3394 3373
f 3498 3394 3477
f 3395 3497 3393
f 3395 3499 3497
f 3498 3396 3394
f 3500 3396 3498
f 3397 3499 3395
f 3397 3501 3499
f 3500 3398 3396
f 3502 3398 3500
f 3399 3501 3397
f 3399 3503 3501
f 3502 3400 3398
f 3504 3400 3502
f 3401 3503 3399
f 3401 3505 3503
f 3504 3402 3400
f 3506 3402 3504
f 3403 3505 3401
f 3403 3507 3505
f 3506 3404 3402
f 3508 3404 3506
f 3405 3507 3403
f 3405 3509 3507
f 3508 3406 3404
f 3510 3406 3508
f 3407 3509 3405
f 3407 3511 3509
f 3510 3408 3406
f 3512 3408 3510
f 3513 3511 3407
f 3513 3407 3409
f 3409 3410 3513
f 3513 3410 3514
f 3512 3411 3408
f 3515 3411 3512
f 3412 3514 3410
f 3412 3516 3514
f 3518 3517 3414
f 3414 3517 3413
f 3414 3411 3515
f 3414 3515 3518
f 3519 3516 3412
f 3519 3412 3415
f 3415 3416 3519
f 3519 3416 3520
f 3522 3521 3418
f 3418 3521 3417
f 3418 3413 3517
f 3418 3517 3522
f 3523 3520 3416
f 3523 3416 3419
f 3524 3419 3420
f 3524 3523 3419
f 3525 3420 3421
f 3525 3524 3420
f 3526 3421 3422
f 3526 3525 3421
f 3527 3422 3423
f 3527 3526 3422
f 3528 3423 3424
f 3528 3527 3423
f 3529 3424 3425
f 3529 3528 3424
f 3425 3417 3521
f 3425 3521 3529
f 3531 3530 3426
f 3531 3426 3427
f 3426 3532 3428
f 3530 3532 3426
f 3428 3533 3429
f 3532 3533 3428
f 3429 3534 3430
f 3533 3534 3429
f 3430 3535 3431
f 3534 3535 3430
f 3431 3536 3432
f 3535 3536 3431
f 3432 3537 3433
f 3536 3537 3432
f 3433 3538 3434
f 3537 3538 3433
f 3434 3539 3435
f 3538 3539 3434
f 3435 3540 3436
f 3539 3540 3435
f 3436 3541 3437
f 3540 3541 3436
f 3437 3542 3438
f 3541 3542 3437
f 3438 3543 3439
f 3542 3543 3438
f 3439 3544 3440
f 3543 3544 3439
f 3440 3545 3441
f 3544 3545 3440
f 3441 3546 3442
f 3545 3546 3441
f 3442 3547 3443
f 3546 3547 3442
f 3443 3548 3444
f 3547 3548 3443
f 3444 3549 3445
f 3548 3549 3444
f 3445 3550 3446
f 3549 3550 3445
f 3446 3551 3447
f 3550 3551 3446
f 3447 3552 3448
f 3551 3552 3447
f 3448 3553 3449
f 3552 3553 3448
f 3449 3554 3450
f 3553 3554 3449
f 3450 3555 3451
f 3554 3555 3450
f 3451 3556 3452
f 3555 3556 3451
f 3452 3557 3453
f 3556 3557 3452
f 3453 3558 3454
f 3557 3558 3453
f 3455 3454 3558
f 3455 3558 3559
f 3456 3531 3427
f 3456 3560 3531
f 3559 3561 3455
f 3455 3561 3457
f 3458 3457 3561
f 3458 3561 3562
f 3459 3560 3456
f 3459 3563 3560
f 3562 3460 3458
f 3564 3460 3562
f 3461 3563 3459
f 3461 3565 3563
f 3564 3462 3460
f 3566 3462 3564
f 3463 3565 3461
f 3463 3567 3565
f 3566 3464 3462
f 3568 3464 3566
f 3465 3567 3463
f 3465 3569 3567
f 3568 3466 3464
f 3570 3466 3568
f 3572 3571 3467
f 3572 3467 3468
f 3465 3467 3569
f 3569 3467 3571
f 3570 3469 3466
f 3573 3469 3570
f 3470 3572 3468
f 3470 3574 3572
f 3573 3471 3469
f 3575 3471 3573
f 3472 3574 3470
f 3472 3576 3574
f 3575 3473 3471
f 3577 3473 3575
f 3474 3576 3472
f 3474 3578 3576
f 3577 3475 3473
f 3579 3475 3577
f 3476 3578 3474
f 3476 3580 3578
f 3579 3477 3475
f 3581 3477 3579
f 3582 3580 3476
f 3582 3476 3478
f 3583 3478 3479
f 3583 3582 3478
f 3584 3479 3480
f 3584 3583 3479
f 3585 3480 3481
f 3585 3584 3480
f 3586 3481 3482
f 3586 3585 3481
f 3587 3482 3483
f 3587 3586 3482
f 3588 3483 3484
f 3588 3587 3483
f 3589 3484 3485
f 3589 3588 3484
f 3590 3485 3486
f 3590 3589 3485
f 3591 3486 3487
f 3591 3590 3486
f 3592 3487 3488
f 3592 3591 3487
f 3593 3488 3489
f 3593 3592 3488
f 3594 3489 3490
f 3594 3593 3489
f 3595 3490 3491
f 3595 3594 3490
f 3596 3491 3492
f 3596 3595 3491
f 3597 3492 3493
f 3597 3596 3492
f 3598 3493 3494
f 3598 3597 3493
f 3599 3494 3495
f 3599 3598 3494
f 3600 3495 3496
f 3600 3599 3495
f 3496 3497 3600
f 3600 3497 3601
f 3581 3498 3477
f 3602 3498 3581
f 3499 3601 3497
f 3499 3603 3601
f 3602 3500 3498
f 3604 3500 3602
f 3501 3603 3499
f 3501 3605 3603
f 3604 3502 3500
f 3606 3502 3604
f 3503 3605 3501
f 3503 3607 3605
f 3606 3504 3502
f 3608 3504 3606
f 3505 3607 3503
f 3505 3609 3607
f 3608 3506 3504
f 3610 3506 3608
f 3507 3609 3505
f 3507 3611 3609
f 3610 3508 3506
f 3612 3508 3610
f 3509 3611 3507
f 3509 3613 3611
f 3612 3510 3508
f 3614 3510 3612
f 3511 3613 3509
f 3511 3615 3613
f 3614 3512 3510
f 3616 3512 3614
f 3617 3615 3511
f 3617 3511 3513
f 3513 3514 3617
f 3617 3514 3618
f 3616 3515 3512
f 3619 3515 3616
f 3516 3618 3514
f 3516 3620 3618
f 3622 3621 3518
f 3518 3621 3517
f 3518 3515 3619
f 3518 3619 3622
f 3623 3620 3516
f 3623 3516 3519
f 3519 3520 3623
f 3623 3520 3624
f 3626 3625 3522
f 3522 3625 3521
f 3522 3517 3621
f 3522 3621 3626
f 3627 3624 3520
f 3627 3520 3523
f 3628 3523 3524
f 3628 3627 3523
f 3629 3524 3525
f 3629 3628 3524
f 3630 3525 3526
f 3630 3629 3525
f 3631 3526 3527
f 3631 3630 3526
f 3632 3527 3528
f 3632 3631 3527
f 3633 3528 3529
f 3633 3632 3528
f 3529 3521 3625
f 3529 3625 3633
f 3635 3634 3530
f 3635 3530 3531
f 3530 3636 3532
f 3634 3636 3530
f 3532 3637 3533
f 3636 3637 3532
f 3533 3638 3534
f 3637 3638 3533
f 3534 3639 3535
f 3638 3639 3534
f 3535 3640 3536
f 3639 3640 3535
f 3536 3641 3537
f 3640 3641 3536
f 3537 3642 3538
f 3641 3642 3537
f 3538 3643 3539
f 3642 3643 3538
f 3539 3644 3540
f 3643 3644 3539
f 3540 3645 3541
f 3644 3645 3540
f 3541 3646 3542
f 3645 3646 3541
f 3542 3647 3543
f 3646 3647 3542
f 3543 3648 3544
f 3647 3648 3543
f 3544 3649 3545
f 3648 3649 3544
f 3545 3650 3546
f 3649 3650 3545
f 3546 3651 3547
f 3650 3651 3546
f 3547 3652 3548
f 3651 3652 3547
f 3548 3653 3549
f 3652 3653 3548
f 3549 3654 3550
f 3653 3654 3549
f 3550 3655 3551
f 3654 3655 3550
f 3551 3656 3552
f 3655 3656 3551
f 3552 3657 3553
f 3656 3657 3552
f 3553 3658 3554
f 3657 3658 3553
f 3554 3659 3555
f 3658 3659 3554
f 3555 3660 3556
f 3659 3660 3555
f 3556 3661 3557
f 3660 3661 3556
f 3557 3662 3558
f 3661 3662 3557
f 3559 3558 3662
f 3559 3662 3663
f 3560 3635 3531
f 3560 3664 3635
f 3663 3665 3559
f 3559 3665 3561
f 3562 3561 3665
f 3562 3665 3666
f 3563 3664 3560
f 3563 3667 3664
f 3666 3564 3562
f 3668 3564 3666
f 3565 3667 3563
f 3565 3669 3667
f 3668 3566 3564
f 3670 3566 3668
f 3567 3669 3565
f 3567 3671 3669
f 3670 3568 3566
f 3672 3568 3670
f 3569 3671 3567
f 3569 3673 3671
f 3672 3570 3568
f 3674 3570 3672
f 3676 3675 3571
f 3676 3571 3572
f 3569 3571 3673
f 3673 3571 3675
f 3674 3573 3570
f 3677 3573 3674
f 3574 3676 3572
f 3574 3678 3676
f 3677 3575 3573
f 3679 3575 3677
f 3576 3678 3574
f 3576 3680 3678
f 3679 3577 3575
f 3681 3577 3679
f 3578 3680 3576
f 3578 3682 3680
f 3681 3579 3577
f 3683 3579 3681
f 3580 3682 3578
f 3580 3684 3682
f 3683 3581 3579
f 3685 3581 3683
f 3686 3684 3580
f 3686 3580 3582
f 3687 3582 3583
f 3687 3686 3582
f 3688 3583 3584
f 3688 3687 3583
f 3689 3584 3585
f 3689 3688 3584
f 3690 3585 3586
f 3690 3689 3585
f 3691 3586 3587
f 3691 3690 3586
f 3692 3587 3588
f 3692 3691 3587
f 3693 3588 3589
f 3693 3692 3588
f 3694 3589 3590
f 3694 3693 3589
f 3695 3590 3591
f 3695 3694 3590
f 3696 3591 3592
f 3696 3695 3591
f 3697 3592 3593
f 3697 3696 3592
f 3698 3593 3594
f 3698 3697 3593
f 3699 3594 3595
f 3699 3698 3594
f 3700 3595 3596
f 3700 3699 3595
f 3701 3596 3597
f 3701 3700 3596
f 3702 3597 3598
f 3702 3701 3597
f 3703 3598 3599
f 3703 3702 3598
f 3704 3599 3600
f 3704 3703 3599
f 3600 3601 3704
f 3704 3601 3705
f 3685 3602 3581
f 3706 3602 3685
f 3603 3705 3601
f 3603 3707 3705
f 3706 3604 3602
f 3708 3604 3706
f 3605 3707 3603
f 3605 3709 3707
f 3708 3606 3604
f 3710 3606 3708
f 3607 3709 3605
f 3607 3711 3709
f 3710 3608 3606
f 3712 3608 3710
f 3609 3711 3607
f 3609 3713 3711
f 3712 3610 3608
f 3714 3610 3712
f 3611 3713 3609
f 3611 3715 3713
f 3714 3612 3610
f 3716 3612 3714
f 3613 3715 3611
f 3613 3717 3715
f 3716 3614 3612
f 3718 3614 3716
f 3615 3717 3613
f 3615 3719 3717
f 3718 3616 3614
f 3720 3616 3718
f 3721 3719 3615
f 3721 3615 3617
f 3617 3618 3721
f 3721 3618 3722
f 3720 3619 3616
f 3723 3619 3720
f 3620 3722 3618
f 3620 3724 3722
f 3726 3725 3622
f 3622 3725 3621
f 3622 3619 3723
f 3622 3723 3726
f 3727 3724 3620
f 3727 3620 3623
f 3623 3624 3727
f 3727 3624 3728
f 3730 3729 3626
f 3626 3729 3625
f 3626 3621 3725
f 3626 3725 3730
f 3731 3728 3624
f 3731 3624 3627
f 3732 3627 3628
f 3732 3731 3627
f 3733 3628 3629
f 3733 3732 3628
f 3734 3629 3630
f 3734 3733 3629
f 3735 3630 3631
f 3735 3734 3630
f 3736 3631 3632
f 3736 3735 3631
f 3737 3632 3633
f 3737 3736 3632
f 3633 3625 3729
f 3633 3729 3737
f 3739 3738 3634
f 3739 3634 3635
f 3634 3740 3636
f 3738 3740 3634
f 3636 3741 3637
f 3740 3741 3636
f 3637 3742 3638
f 3741 3742 3637
f 3638 3743 3639
f 3742 3743 3638
f 3639 3744 3640
f 3743 3744 3639
f 3640 3745 3641
f 3744 3745 3640
f 3641 3746 3642
f 3745 3746 3641
f 3642 3747 3643
f 3746 3747 3642
f 3643 3748 3644
f 3747 3748 3643
f 3644 3749 3645
f 3748 3749 3644
f 3645 3750 3646
f 3749 3750 3645
f 3646 3751 3647
f 3750 3751 3646
f 3647 3752 3648
f 3751 3752 3647
f 3648 3753 3649
f 3752 3753 3648
f 3649 3754 3650
f 3753 3754 3649
f 3650 3755 3651
f 3754 3755 3650
f 3651 3756 3652
f 3755 3756 3651
f 3652 3757 3653
f 3756 3757 3652
f 3653 3758 3654
f 3757 3758 3653
f 3654 3759 3655
f 3758 3759 3654
f 3655 3760 3656
f 3759 3760 3655
f 3656 3761 3657
f 3760 3761 3656
f 3657 3762 3658
f 3761 3762 3657
f 3658 3763 3659
f 3762 3763 3658
f 3659 3764 3660
f 3763 3764 3659
f 3660 3765 3661
f 3764 3765 3660
f 3661 3766 3662
f 3765 3766 3661
f 3663 3662 3766
f 3663 3766 3767
f 3664 3739 3635
f 3664 3768 3739
f 3767 3769 3663
f 3663 3769 3665
f 3666 3665 3769
f 3666 3769 3770
f 3667 3768 3664
f 3667 3771 3768
f 3770 3668 3666
f 3772 3668 3770
f 3669 3771 3667
f 3669 3773 3771
f 3772 3670 3668
f 3774 3670 3772
f 3671 3773 3669
f 3671 3775 3773
f 3774 3672 3670
f 3776 3672 3774
f 3673 3775 3671
f 3673 3777 3775
f 3776 3674 3672
f 3778 3674 3776
f 3780 3779 3675
f 3780 3675 3676
f 3673 3675 3777
f 3777 3675 3779
f 3778 3677 3674
f 3781 3677 3778
f 3678 3780 3676
f 3678 3782 3780
f 3781 3679 3677
f 3783 3679 3781
f 3680 3782 3678
f 3680 3784 3782
f 3783 3681 3679
f 3785 3681 3783
f 3682 3784 3680
f 3682 3786 3784
f 3785 3683 3681
f 3787 3683 3785
f 3684 3786 3682
f 3684 3788 3786
f 3787 3685 3683
f 3789 3685 3787
f 3790 3788 3684
f 3790 3684 3686
f 3791 3686 3687
f 3791 3790 3686
f 3792 3687 3688
f 3792 3791 3687
f 3793 3688 3689
f 3793 3792 3688
f 3794 3689 3690
f 3794 3793 3689
f 3795 3690 3691
f 3795 3794 3690
f 3796 3691 3692
f 3796 3795 3691
f 3797 3692 3693
f 3797 3796 3692
f 3798 3693 3694
f 3798 3797 3693
f 3799 3694 3695
f 3799 3798 3694
f 3800 3695 3696
f 3800 3799 3695
f 3801 3696 3697
f 3801 3800 3696
f 3802 3697 3698
f 3802 3801 3697
f 3803 3698 3699
f 3803 3802 3698
f 3804 3699 3700
f 3804 3803 3699
f 3805 3700 3701
f 3805 3804 3700
f 3806 3701 3702
f 3806 3805 3701
f 3807 3702 3703
f 3807 3806 3702
f 3808 3703 3704
f 3808 3807 3703
f 3704 3705 3808
f 3808 3705 3809
f 3789 3706 3685
f 3810 3706 3789
f 3707 3809 3705
f 3707 3811 3809
f 3810 3708 3706
f 3812 3708 3810
f 3709 3811 3707
f 3709 3813 3811
f 3812 3710 3708
f 3814 3710 3812
f 3711 3813 3709
f 3711 3815 3813
f 3814 3712 3710
f 3816 3712 3814
f 3713 3815 3711
f 3713 3817 3815
f 3816 3714 3712
f 3818 3714 3816
f 3715 3817 3713
f 3715 3819 3817
f 3818 3716 3714
f 3820 3716 3818
f 3717 3819 3715
f 3717 3821 3819
f 3820 3718 3716
f 3822 3718 3820
f 3719 3821 3717
f 3719 3823 3821
f 3822 3720 3718
f 3824 3720 3822
f 3825 3823 3719
f 3825 3719 3721
f 3721 3722 3825
f 3825 3722 3826
f 3824 3723 3720
f 3827 3723 3824
f 3724 3826 3722
f 3724 3828 3826
f 3830 3829 3726
f 3726 3829 3725
f 3726 3723 3827
f 3726 3827 3830
f 3831 3828 3724
f 3831 3724 3727
f 3727 3728 3831
f 3831 3728 3832
f 3834 3833 3730
f 3730 3833 3729
f 3730 3725 3829
f 3730 3829 3834
f 3835 3832 3728
f 3835 3728 3731
f 3836 3731 3732
f 3836 3835 3731
f 3837 3732 3733
f 3837 3836 3732
f 3838 3733 3734
f 3838 3837 3733
f 3839 3734 3735
f 3839 3838 3734
f 3840 3735 3736
f 3840 3839 3735
f 3841 3736 3737
f 3841 3840 3736
f 3737 3729 3833
f 3737 3833 3841
f 3843 3842 3738
f 3843 3738 3739
f 3738 3844 3740
f 3842 3844 3738
f 3740 3845 3741
f 3844 3845 3740
f 3741 3846 3742
f 3845 3846 3741
f 3742 3847 3743
f 3846 3847 3742
f 3743 3848 3744
f 3847 3848 3743
f 3744 3849 3745
f 3848 3849 3744
f 3745 3850 3746
f 3849 3850 3745
f 3746 3851 3747
f 3850 3851 3746
f 3747 3852 3748
f 3851 3852 3747
f 3748 3853 3749
f 3852 3853 3748
f 3749 3854 3750
f 3853 3854 3749
f 3750 3855 3751
f 3854 3855 3750
f 3751 3856 3752
f 3855 3856 3751
f 3752 3857 3753
f 3856 3857 3752
f 3753 3858 3754
f 3857 3858 3753
f 3754 3859 3755
f 3858 3859 3754
f 3755 3860 3756
f 3859 3860 3755
f 3756 3861 3757
f 3860 3861 3756
f 3757 3862 3758
f 3861 3862 3757
f 3758 3863 3759
f 3862 3863 3758
f 3759 3864 3760
f 3863 3864 3759
f 3760 3865 3761
f 3864 3865 3760
f 3761 3866 3762
f 3865 3866 3761
f 3762 3867 3763
f 3866 3867 3762
f 3763 3868 3764
f 3867 3868 3763
f 3764 3869 3765
f 3868 3869 3764
f 3765 3870 3766
f 3869 3870 3765
f 3767 3766 3870
f 3767 3870 3871
f 3768 3843 3739
f 3768 3872 3843
f 3871 3873 3767
f 3767 3873 3769
f 3770 3769 3873
f 3770 3873 3874
f 3771 3872 3768
f 3771 3875 3872
f 3874 3772 3770
f 3876 3772 3874
f 3773 3875 3771
f 3773 3877 3875
f 3876 3774 3772
f 3878 3774 3876
f 3775 3877 3773
f 3775 3879 3877
f 3878 3776 3774
f 3880 3776 3878
f 3777 3879 3775
f 3777 3881 3879
f 3880 3778 3776
f 3882 3778 3880
f 3884 3883 3779
f 3884 3779 3780
f 3777 3779 3881
f 3881 3779 3883
f 3882 3781 3778
f 3885 3781 3882
f 3782 3884 3780
f 3782 3886 3884
f 3885 3783 3781
f 3887 3783 3885
f 3784 3886 3782
f 3784 3888 3886
f 3887 3785 3783
f 3889 3785 3887
f 3786 3888 3784
f 3786 3890 3888
f 3889 3787 3785
f 3891 3787 3889
f 3788 3890 3786
f 3788 3892 3890
f 3891 3789 3787
f 3893 3789 3891
f 3894 3892 3788
f 3894 3788 3790
f 3895 3790 3791
f 3895 3894 3790
f 3896 3791 3792
f 3896 3895 3791
f 3897 3792 3793
f 3897 3896 3792
f 3898 3793 3794
f 3898 3897 3793
f 3899 3794 3795
f 3899 3898 3794
f 3900 3795 3796
f 3900 3899 3795
f 3901 3796 3797
f 3901 3900 3796
f 3902 3797 3798
f 3902 3901 3797
f 3903 3798 3799
f 3903 3902 3798
f 3904 3799 3800
f 3904 3903 3799
f 3905 3800 3801
f 3905 3904 3800
f 3906 3801 3802
f 3906 3905 3801
f 3907 3802 3803
f 3907 3906 3802
f 3908 3803 3804
f 3908 3907 3803
f 3909 3804 3805
f 3909 3908 3804
f 3910 3805 3806
f 3910 3909 3805
f 3911 3806 3807
f 3911 3910 3806
f 3912 3807 3808
f 3912 3911 3807
f 3808 3809 3912
f 3912 3809 3913
f 3893 3810 3789
f 3914 3810 3893
f 3811 3913 3809
f 3811 3915 3913
f 3914 3812 3810
f 3916 3812 3914
f 3813 3915 3811
f 3813 3917 3915
f 3916 3814 3812
f 3918 3814 3916
f 3815 3917 3813
f 3815 3919 3917
f 3918 3816 3814
f 3920 3816 3918
f 3817 3919 3815
f 3817 3921 3919
f 3920 3818 3816
f 3922 3818 3920
f 3819 3921 3817
f 3819 3923 3921
f 3922 3820 3818
f 3924 3820 3922
f 3821 3923 3819
f 3821 3925 3923
f 3924 3822 3820
f 3926 3822 3924
f 3823 3925 3821
f 3823 3927 3925
f 3926 3824 3822
f 3928 3824 3926
f 3929 3927 3823
f 3929 3823 3825
f 3825 3826 3929
f 3929 3826 3930
f 3928 3827 3824
f 3931 3827 3928
f 3828 3930 3826
f 3828 3932 3930
f 3934 3933 3830
f 3830 3933 3829
f 3830 3827 3931
f 3830 3931 3934
f 3935 3932 3828
f 3935 3828 3831
f 3831 3832 3935
f 3935 3832 3936
f 3938 3937 3834
f 3834 3937 3833
f 3834 3829 3933
f 3834 3933 3938
f 3939 3936 3832
f 3939 3832 3835
f 3940 3835 3836
f 3940 3939 3835
f 3941 3836 3837
f 3941 3940 3836
f 3942 3837 3838
f 3942 3941 3837
f 3943 3838 3839
f 3943 3942 3838
f 3944 3839 3840
f 3944 3943 3839
f 3945 3840 3841
f 3945 3944 3840
f 3841 3833 3937
f 3841 3937 3945
f 3947 3946 3842
f 3947 3842 3843
f 3842 3948 3844
f 3946 3948 3842
f 3844 3949 3845
f 3948 3949 3844
f 3845 3950 3846
f 3949 3950 3845
f 3846 3951 3847
f 3950 3951 3846
f 3847 3952 3848
f 3951 3952 3847
f 3848 3953 3849
f 3952 3953 3848
f 3849 3954 3850
f 3953 3954 3849
f 3850 3955 3851
f 3954 3955 3850
f 3851 3956 3852
f 3955 3956 3851
f 3852 3957 3853
f 3956 3957 3852
f 3853 3958 3854
f 3957 3958 3853
f 3854 3959 3855
f 3958 3959 3854
f 3855 3960 3856
f 3959 3960 3855
f 3856 3961 3857
f 3960 3961 3856
f 3857 3962 3858
f 3961 3962 3857
f 3858 3963 3859
f 3962 3963 3858
f 3859 3964 3860
f 3963 3964 3859
f 3860 3965 3861
f 3964 3965 3860
f 3861 3966 3862
f 3965 3966 3861
f 3862 3967 3863
f 3966 3967 3862
f 3863 3968 3864
f 3967 3968 3863
f 3864 3969 3865
f 3968 3969 3864
f 3865 3970 3866
f 3969 3970 3865
f 3866 3971 3867
f 3970 3971 3866
f 3867 3972 3868
f 3971 3972 3867
f 3868 3973 3869
f 3972 3973 3868
f 3869 3974 3870
f 3973 3974 3869
f 3871 3870 3974
f 3871 3974 3975
f 3872 3947 3843
f 3872 3976 3947
f 3975 3977 3871
f 3871 3977 3873
f 3874 3873 3977
f 3874 3977 3978
f 3875 3976 3872
f 3875 3979 3976
f 3978 3876 3874
f 3980 3876 3978
f 3877 3979 3875
f 3877 3981 3979
f 3980 3878 3876
f 3982 3878 3980
f 3879 3981 3877
f 3879 3983 3981
f 3982 3880 3878
f 3984 3880 3982
f 3881 3983 3879
f 3881 3985 3983
f 3984 3882 3880
f 3986 3882 3984
f 3988 3987 3883
f 3988 3883 3884
f 3881 3883 3985
f 3985 3883 3987
f 3986 3885 3882
f 3989 3885 3986
f 3886 3988 3884
f 3886 3990 3988
f 3989 3887 3885
f 3991 3887 3989
f 3888 3990 3886
f 3888 3992 3990
f 3991 3889 3887
f 3993 3889 3991
f 3890 3992 3888
f 3890 3994 3992
f 3993 3891 3889
f 3995 3891 3993
f 3892 3994 3890
f 3892 3996 3994
f 3995 3893 3891
f 3997 3893 3995
f 3998 3996 3892
f 3998 3892 3894
f 3999 3894 3895
f 3999 3998 3894
f 4000 3895 3896
f 4000 3999 3895
f 4001 3896 3897
f 4001 4000 3896
f 4002 3897 3898
f 4002 4001 3897
f 4003 3898 3899
f 4003 4002 3898
f 4004 3899 3900
f 4004 4003 3899
f 4005 3900 3901
f 4005 4004 3900
f 4006 3901 3902
f 4006 4005 3901
f 4007 3902 3903
f 4007 4006 3902
f 4008 3903 3904
f 4008 4007 3903
f 4009 3904 3905
f 4009 4008 3904
f 4010 3905 3906
f 4010 4009 3905
f 4011 3906 3907
f 4011 4010 3906
f 4012 3907 3908
f 4012 4011 3907
f 4013 3908 3909
f 4013 4012 3908
f 4014 3909 3910
f 4014 4013 3909
f 4015 3910 3911
f 4015 4014 3910
f 4016 3911 3912
f 4016 4015 3911
f 3912 3913 4016
f 4016 3913 4017
f 3997 3914 3893
f 4018 3914 3997
f 3915 4017 3913
f 3915 4019 4017
f 4018 3916 3914
f 4020 3916 4018
f 3917 4019 3915
f 3917 4021 4019
f 4020 3918 3916
f 4022 3918 4020
f 3919 4021 3917
f 3919 4023 4021
f 4022 3920 3918
f 4024 3920 4022
f 3921 4023 3919
f 3921 4025 4023
f 4024 3922 3920
f 4026 3922 4024
f 3923 4025 3921
f 3923 4027 4025
f 4026 3924 3922
f 4028 3924 4026
f 3925 4027 3923
f 3925 4029 4027
f 4028 3926 3924
f 4030 3926 4028
f 3927 4029 3925
f 3927 4031 4029
f 4030 3928 3926
f 4032 3928 4030
f 4033 4031 3927
f 4033 3927 3929
f 3929 3930 4033
f 4033 3930 4034
f 4032 3931 3928
f 4035 3931 4032
f 3932 4034 3930
f 3932 4036 4034
f 4038 4037 3934
f 3934 4037 3933
f 3934 3931 4035
f 3934 4035 4038
f 4039 4036 3932
f 4039 3932 3935
f 3935 3936 4039
f 4039 3936 4040
f 4042 4041 3938
f 3938 4041 3937
f 3938 3933 4037
f 3938 4037 4042
f 4043 4040 3936
f 4043 3936 3939
f 4044 3939 3940
f 4044 4043 3939
f 4045 3940 3941
f 4045 4044 3940
f 4046 3941 3942
f 4046 4045 3941
f 4047 3942 3943
f 4047 4046 3942
f 4048 3943 3944
f 4048 4047 3943
f 4049 3944 3945
f 4049 4048 3944
f 3945 3937 4041
f 3945 4041 4049
f 4051 4050 3946
f 4051 3946 3947
f 3946 4052 3948
f 4050 4052 3946
f 3948 4053 3949
f 4052 4053 3948
f 3949 4054 3950
f 4053 4054 3949
f 3950 4055 3951
f 4054 4055 3950
f 3951 4056 3952
f 4055 4056 3951
f 3952 4057 3953
f 4056 4057 3952
f 3953 4058 3954
f 4057 4058 3953
f 3954 4059 3955
f 4058 4059 3954
f 3955 4060 3956
f 4059 4060 3955
f 3956 4061 3957
f 4060 4061 3956
f 3957 4062 3958
f 4061 4062 3957
f 3958 4063 3959
f 4062 4063 3958
f 3959 4064 3960
f 4063 4064 3959
f 3960 4065 3961
f 4064 4065 3960
f 3961 4066 3962
f 4065 4066 3961
f 3962 4067 3963
f 4066 4067 3962
f 3963 4068 3964
f 4067 4068 3963
f 3964 4069 3965
f 4068 4069 3964
f 3965 4070 3966
f 4069 4070 3965
f 3966 4071 3967
f 4070 4071 3966
f 3967 4072 3968
f 4071 4072 3967
f 3968 4073 3969
f 4072 4073 3968
f 3969 4074 3970
f 4073 4074 3969
f 3970 4075 3971
f 4074 4075 3970
f 3971 4076 3972
f 4075 4076 3971
f 3972 4077 3973
f 4076 4077 3972
f 3973 4078 3974
f 4077 4078 3973
f 3975 3974 4078
f 3975 4078 4079
f 3976 4051 3947
f 3976 4080 4051
f 4079 4081 3975
f 3975 4081 3977
f 3978 3977 4081
f 3978 4081 4082
f 3979 4080 3976
f 3979 4083 4080
f 4082 3980 3978
f 4084 3980 4082
f 3981 4083 3979
f 3981 4085 4083
f 4084 3982 3980
f 4086 3982 4084
f 3983 4085 3981
f 3983 4087 4085
f 4086 3984 3982
f 4088 3984 4086
f 3985 4087 3983
f 3985 4089 4087
f 4088 3986 3984
f 4090 3986 4088
f 4092 4091 3987
f 4092 3987 3988
f 3985 3987 4089
f 4089 3987 4091
f 4090 3989 3986
f 4093 3989 4090
f 3990 4092 3988
f 3990 4094 4092
f 4093 3991 3989
f 4095 3991 4093
f 3992 4094 3990
f 3992 4096 4094
f 4095 3993 3991
f 4097 3993 4095
f 3994 4096 3992
f 3994 4098 4096
f 4097 3995 3993
f 4099 3995 4097
f 3996 4098 3994
f 3996 4100 4098
f 4099 3997 3995
f 4101 3997 4099
f 4102 4100 3996
f 4102 3996 3998
f 4103 3998 3999
f 4103 4102 3998
f 4104 3999 4000
f 4104 4103 3999
f 4105 4000 4001
f 4105 4104 4000
f 4106 4001 4002
f 4106 4105 4001
f 4107 4002 4003
f 4107 4106 4002
f 4108 4003 4004
f 4108 4107 4003
f 4109 4004 4005
f 4109 4108 4004
f 4110 4005 4006
f 4110 4109 4005
f 4111 4006 4007
f 4111 4110 4006
f 4112 4007 4008
f 4112 4111 4007
f 4113 4008 4009
f 4113 4112 4008
f 4114 4009 4010
f 4114 4113 4009
f 4115 4010 4011
f 4115 4114 4010
f 4116 4011 4012
f 4116 4115 4011
f 4117 4012 4013
f 4117 4116 4012
f 4118 4013 4014
f 4118 4117 4013
f 4119 4014 4015
f 4119 4118 4014
f 4120 4015 4016
f 4120 4119 4015
f 4016 4017 4120
f 4120 4017 4121
f 4101 4018 3997
f 4122 4018 4101
f 4019 4121 4017
f 4019 4123 4121
f 4122 4020 4018
f 4124 4020 4122
f 4021 4123 4019
f 4021 4125 4123
f 4124 4022 4020
f 4126 4022 4124
f 4023 4125 4021
f 4023 4127 4125
f 4126 4024 4022
f 4128 4024 4126
f 4025 4127 4023
f 4025 4129 4127
f 4128 4026 4024
f 4130 4026 4128
f 4027 4129 4025
f 4027 4131 4129
f 4130 4028 4026
f 4132 4028 4130
f 4029 4131 4027
f 4029 4133 4131
f 4132 4030 4028
f 4134 4030 4132
f 4031 4133 4029
f 4031 4135 4133
f 4134 4032 4030
f 4136 4032 4134
f 4137 4135 4031
f 4137 4031 4033
f 4033 4034 4137
f 4137 4034 4138
f 4136 4035 4032
f 4139 4035 4136
f 4036 4138 4034
f 4036 4140 4138
f 4142 4141 4038
f 4038 4141 4037
f 4038 4035 4139
f 4038 4139 4142
f 4143 4140 4036
f 4143 4036 4039
f 4039 4040 4143
f 4143 4040 4144
f 4146 4145 4042
f 4042 4145 4041
f 4042 4037 4141
f 4042 4141 4146
f 4147 4144 4040
f 4147 4040 4043
f 4148 4043 4044
f 4148 4147 4043
f 4149 4044 4045
f 4149 4148 4044
f 4150 4045 4046
f 4150 4149 4045
f 4151 4046 4047
f 4151 4150 4046
f 4152 4047 4048
f 4152 4151 4047
f 4153 4048 4049
f 4153 4152 4048
f 4049 4041 4145
f 4049 4145 4153
f 4155 4154 4050
f 4155 4050 4051
f 4050 4156 4052
f 4154 4156 4050
f 4052 4157 4053
f 4156 4157 4052
f 4053 4158 4054
f 4157 4158 4053
f 4054 4159 4055
f 4158 4159 4054
f 4055 4160 4056
f 4159 4160 4055
f 4056 4161 4057
f 4160 4161 4056
f 4057 4162 4058
f 4161 4162 4057
f 4058 4163 4059
f 4162 4163 4058
f 4059 4164 4060
f 4163 4164 4059
f 4060 4165 4061
f 4164 4165 4060
f 4061 4166 4062
f 4165 4166 4061
f 4062 4167 4063
f 4166 4167 4062
f 4063 4168 4064
f 4167 4168 4063
f 4064 4169 4065
f 4168 4169 4064
f 4065 4170 4066
f 4169 4170 4065
f 4066 4171 4067
f 4170 4171 4066
f 4067 4172 4068
f 4171 4172 4067
f 4068 4173 4069
f 4172 4173 4068
f 4069 4174 4070
f 4173 4174 4069
f 4070 4175 4071
f 4174 4175 4070
f 4071 4176 4072
f 4175 4176 4071
f 4072 4177 4073
f 4176 4177 4072
f 4073 4178 4074
f 4177 4178 4073
f 4074 4179 4075
f 4178 4179 4074
f 4075 4180 4076
f 4179 4180 4075
f 4076 4181 4077
f 4180 4181 4076
f 4077 4182 4078
f 4181 4182 4077
f 4079 4078 4182
f 4079 4182 4183
f 4080 4155 4051
f 4080 4184 4155
f 4183 4185 4079
f 4079 4185 4081
f 4082 4081 4185
f 4082 4185 4186
f 4083 4184 4080
f 4083 4187 4184
f 4186 4084 4082
f 4188 4084 4186
f 4085 4187 4083
f 4085 4189 4187
f 4188 4086 4084
f 4190 4086 4188
f 4087 4189 4085
f 4087 4191 4189
f 4190 4088 4086
f 4192 4088 4190
f 4089 4191 4087
f 4089 4193 4191
f 4192 4090 4088
f 4194 4090 4192
f 4196 4195 4091
f 4196 4091 4092
f 4089 4091 4193
f 4193 4091 4195
f 4194 4093 4090
f 4197 4093 4194
f 4094 4196 4092
f 4094 4198 4196
f 4197 4095 4093
f 4199 4095 4197
f 4096 4198 4094
f 4096 4200 4198
f 4199 4097 4095
f 4201 4097 4199
f 4098 4200 4096
f 4098 4202 4200
f 4201 4099 4097
f 4203 4099 4201
f 4100 4202 4098
f 4100 4204 4202
f 4203 4101 4099
f 4205 4101 4203
f 4206 4204 4100
f 4206 4100 4102
f 4207 4102 4103
f 4207 4206 4102
f 4208 4103 4104
f 4208 4207 4103
f 4209 4104 4105
f 4209 4208 4104
f 4210 4105 4106
f 4210 4209 4105
f 4211 4106 4107
f 4211 4210 4106
f 4212 4107 4108
f 4212 4211 4107
f 4213 4108 4109
f 4213 4212 4108
f 4214 4109 4110
f 4214 4213 4109
f 4215 4110 4111
f 4215 4214 4110
f 4216 4111 4112
f 4216 4215 4111
f 4217 4112 4113
f 4217 4216 4112
f 4218 4113 4114
f 4218 4217 4113
f 4219 4114 4115
f 4219 4218 4114
f 4220 4115 4116
f 4220 4219 4115
f 4221 4116 4117
f 4221 4220 4116
f 4222 4117 4118
f 4222 4221 4117
f 4223 4118 4119
f 4223 4222 4118
f 4224 4119 4120
f 4224 4223 4119
f 4120 4121 4224
f 4224 4121 4225
f 4205 4122 4101
f 4226 4122 4205
f 4123 4225 4121
f 4123 4227 4225
f 4226 4124 4122
f 4228 4124 4226
f 4125 4227 4123
f 4125 4229 4227
f 4228 4126 4124
f 4230 4126 4228
f 4127 4229 4125
f 4127 4231 4229
f 4230 4128 4126
f 4232 4128 4230
f 4129 4231 4127
f 4129 4233 4231
f 4232 4130 4128
f 4234 4130 4232
f 4131 4233 4129
f 4131 4235 4233
f 4234 4132 4130
f 4236 4132 4234
f 4133 4235 4131
f 4133 4237 4235
f 4236 4134 4132
f 4238 4134 4236
f 4135 4237 4133
f 4135 4239 4237
f 4238 4136 4134
f 4240 4136 4238
f 4241 4239 4135
f 4241 4135 4137
f 4137 4138 4241
f 4241 4138 4242
f 4240 4139 4136
f 4243 4139 4240
f 4140 4242 4138
f 4140 4244 4242
f 4246 4245 4142
f 4142 4245 4141
f 4142 4139 4243
f 4142 4243 4246
f 4247 4244 4140
f 4247 4140 4143
f 4143 4144 4247
f 4247 4144 4248
f 4250 4249 4146
f 4146 4249 4145
f 4146 4141 4245
f 4146 4245 4250
f 4251 4248 4144
f 4251 4144 4147
f 4252 4147 4148
f 4252 4251 4147
f 4253 4148 4149
f 4253 4252 4148
f 4254 4149 4150
f 4254 4253 4149
f 4255 4150 4151
f 4255 4254 4150
f 4256 4151 4152
f 4256 4255 4151
f 4257 4152 4153
f 4257 4256 4152
f 4153 4145 4249
f 4153 4249 4257
f 4259 4258 4154
f 4259 4154 4155
f 4154 4260 4156
f 4258 4260 4154
f 4156 4261 4157
f 4260 4261 4156
f 4157 4262 4158
f 4261 4262 4157
f 4158 4263 4159
f 4262 4263 4158
f 4159 4264 4160
f 4263 4264 4159
f 4160 4265 4161
f 4264 4265 4160
f 4161 4266 4162
f 4265 4266 4161
f 4162 4267 4163
f 4266 4267 4162
f 4163 4268 4164
f 4267 4268 4163
f 4164 4269 4165
f 4268 4269 4164
f 4165 4270 4166
f 4269 4270 4165
f 4166 4271 4167
f 4270 4271 4166
f 4167 4272 4168
f 4271 4272 4167
f 4168 4273 4169
f 4272 4273 4168
f 4169 4274 4170
f 4273 4274 4169
f 4170 4275 4171
f 4274 4275 4170
f 4171 4276 4172
f 4275 4276 4171
f 4172 4277 4173
f 4276 4277 4172
f 4173 4278 4174
f 4277 4278 4173
f 4174 4279 4175
f 4278 4279 4174
f 4175 4280 4176
f 4279 4280 4175
f 4176 4281 4177
f 4280 4281 4176
f 4177 4282 4178
f 4281 4282 4177
f 4178 4283 4179
f 4282 4283 4178
f 4179 4284 4180
f 4283 4284 4179
f 4180 4285 4181
f 4284 4285 4180
f 4181 4286 4182
f 4285 4286 4181
f 4183 4182 4286
f 4183 4286 4287
f 4184 4259 4155
f 4184 4288 4259
f 4287 4289 4183
f 4183 4289 4185
f 4186 4185 4289
f 4186 4289 4290
f 4187 4288 4184
f 4187 4291 4288
f 4290 4188 4186
f 4292 4188 4290
f 4189 4291 4187
f 4189 4293 4291
f 4292 4190 4188
f 4294 4190 4292
f 4191 4293 4189
f 4191 4295 4293
f 4294 4192 4190
f 4296 4192 4294
f 4193 4295 4191
f 4193 4297 4295
f 4296 4194 4192
f 4298 4194 4296
f 4300 4299 4195
f 4300 4195 4196
f 4193 4195 4297
f 4297 4195 4299
f 4298 4197 4194
f 4301 4197 4298
f 4198 4300 4196
f 4198 4302 4300
f 4301 4199 4197
f 4303 4199 4301
f 4200 4302 4198
f 4200 4304 4302
f 4303 4201 4199
f 4305 4201 4303
f 4202 4304 4200
f 4202 4306 4304
f 4305 4203 4201
f 4307 4203 4305
f 4204 4306 4202
f 4204 4308 4306
f 4307 4205 4203
f 4309 4205 4307
f 4310 4308 4204
f 4310 4204 4206
f 4311 4206 4207
f 4311 4310 4206
f 4312 4207 4208
f 4312 4311 4207
f 4313 4208 4209
f 4313 4312 4208
f 4314 4209 4210
f 4314 4313 4209
f 4315 4210 4211
f 4315 4314 4210
f 4316 4211 4212
f 4316 4315 4211
f 4317 4212 4213
f 4317 4316 4212
f 4318 4213 4214
f 4318 4317 4213
f 4319 4214 4215
f 4319 4318 4214
f 4320 4215 4216
f 4320 4319 4215
f 4321 4216 4217
f 4321 4320 4216
f 4322 4217 4218
f 4322 4321 4217
f 4323 4218 4219
f 4323 4322 4218
f 4324 4219 4220
f 4324 4323 4219
f 4325 4220 4221
f 4325 4324 4220
f 4326 4221 4222
f 4326 4325 4221
f 4327 4222 4223
f 4327 4326 4222
f 4328 4223 4224
f 4328 4327 4223
f 4224 4225 4328
f 4328 4225 4329
f 4309 4226 4205
f 4330 4226 4309
f 4227 4329 4225
f 4227 4331 4329
f 4330 4228 4226
f 4332 4228 4330
f 4229 4331 4227
f 4229 4333 4331
f 4332 4230 4228
f 4334 4230 4332
f 4231 4333 4229
f 4231 4335 4333
f 4334 4232 4230
f 4336 4232 4334
f 4233 4335 4231
f 4233 4337 4335
f 4336 4234 4232
f 4338 4234 4336
f 4235 4337 4233
f 4235 4339 4337
f 4338 4236 4234
f 4340 4236 4338
f 4237 4339 4235
f 4237 4341 4339
f 4340 4238 4236
f 4342 4238 4340
f 4239 4341 4237
f 4239 4343 4341
f 4342 4240 4238
f 4344 4240 4342
f 4345 4343 4239
f 4345 4239 4241
f 4241 4242 4345
f 4345 4242 4346
f 4344 4243 4240
f 4347 4243 4344
f 4244 4346 4242
f 4244 4348 4346
f 4350 4349 4246
f 4246 4349 4245
f 4246 4243 4347
f 4246 4347 4350
f 4351 4348 4244
f 4351 4244 4247
f 4247 4248 4351
f 4351 4248 4352
f 4354 4353 4250
f 4250 4353 4249
f 4250 4245 4349
f 4250 4349 4354
f 4355 4352 4248
f 4355 4248 4251
f 4356 4251 4252
f 4356 4355 4251
f 4357 4252 4253
f 4357 4356 4252
f 4358 4253 4254
f 4358 4357 4253
f 4359 4254 4255
f 4359 4358 4254
f 4360 4255 4256
f 4360 4359 4255
f 4361 4256 4257
f 4361 4360 4256
f 4257 4249 4353
f 4257 4353 4361
f 4363 4362 4258
f 4363 4258 4259
f 4258 4364 4260
f 4362 4364 4258
f 4260 4365 4261
f 4364 4365 4260
f 4261 4366 4262
f 4365 4366 4261
f 4262 4367 4263
f 4366 4367 4262
f 4263 4368 4264
f 4367 4368 4263
f 4264 4369 4265
f 4368 4369 4264
f 4265 4370 4266
f 4369 4370 4265
f 4266 4371 4267
f 4370 4371 4266
f 4267 4372 4268
f 4371 4372 4267
f 4268 4373 4269
f 4372 4373 4268
f 4269 4374 4270
f 4373 4374 4269
f 4270 4375 4271
f 4374 4375 4270
f 4271 4376 4272
f 4375 4376 4271
f 4272 4377 4273
f 4376 4377 4272
f 4273 4378 4274
f 4377 4378 4273
f 4274 4379 4275
f 4378 4379 4274
f 4275 4380 4276
f 4379 4380 4275
f 4276 4381 4277
f 4380 4381 4276
f 4277 4382 4278
f 4381 4382 4277
f 4278 4383 4279
f 4382 4383 4278
f 4279 4384 4280
f 4383 4384 4279
f 4280 4385 4281
f 4384 4385 4280
f 4281 4386 4282
f 4385 4386 4281
f 4282 4387 4283
f 4386 4387 4282
f 4283 4388 4284
f 4387 4388 4283
f 4284 4389 4285
f 4388 4389 4284
f 4285 4390 4286
f 4389 4390 4285
f 4287 4286 4390
f 4287 4390 4391
f 4288 4363 4259
f 4288 4392 4363
f 4391 4393 4287
f 4287 4393 4289
f 4290 4289 4393
f 4290 4393 4394
f 4291 4392 4288
f 4291 4395 4392
f 4394 4292 4290
f 4396 4292 4394
f 4293 4395 4291
f 4293 4397 4395
f 4396 4294 4292
f 4398 4294 4396
f 4295 4397 4293
f 4295 4399 4397
f 4398 4296 4294
f 4400 4296 4398
f 4297 4399 4295
f 4297 4401 4399
f 4400 4298 4296
f 4402 4298 4400
f 4404 4403 4299
f 4404 4299 4300
f 4297 4299 4401
f 4401 4299 4403
f 4402 4301 4298
f 4405 4301 4402
f 4302 4404 4300
f 4302 4406 4404
f 4405 4303 4301
f 4407 4303 4405
f 4304 4406 4302
f 4304 4408 4406
f 4407 4305 4303
f 4409 4305 4407
f 4306 4408 4304
f 4306 4410 4408
f 4409 4307 4305
f 4411 4307 4409
f 4308 4410 4306
f 4308 4412 4410
f 4411 4309 4307
f 4413 4309 4411
f 4414 4412 4308
f 4414 4308 4310
f 4415 4310 4311
f 4415 4414 4310
f 4416 4311 4312
f 4416 4415 4311
f 4417 4312 4313
f 4417 4416 4312
f 4418 4313 4314
f 4418 4417 4313
f 4419 4314 4315
f 4419 4418 4314
f 4420 4315 4316
f 4420 4419 4315
f 4421 4316 4317
f 4421 4420 4316
f 4422 4317 4318
f 4422 4421 4317
f 4423 4318 4319
f 4423 4422 4318
f 4424 4319 4320
f 4424 4423 4319
f 4425 4320 4321
f 4425 4424 4320
f 4426 4321 4322
f 4426 4425 4321
f 4427 4322 4323
f 4427 4426 4322
f 4428 4323 4324
f 4428 4427 4323
f 4429 4324 4325
f 4429 4428 4324
f 4430 4325 4326
f 4430 4429 4325
f 4431 4326 4327
f 4431 4430 4326
f 4432 4327 4328
f 4432 4431 4327
f 4328 4329 4432
f 4432 4329 4433
f 4413 4330 4309
f 4434 4330 4413
f 4331 4433 4329
f 4331 4435 4433
f 4434 4332 4330
f 4436 4332 4434
f 4333 4435 4331
f 4333 4437 4435
f 4436 4334 4332
f 4438 4334 4436
f 4335 4437 4333
f 4335 4439 4437
f 4438 4336 4334
f 4440 4336 4438
f 4337 4439 4335
f 4337 4441 4439
f 4440 4338 4336
f 4442 4338 4440
f 4339 4441 4337
f 4339 4443 4441
f 4442 4340 4338
f 4444 4340 4442
f 4341 4443 4339
f 4341 4445 4443
f 4444 4342 4340
f 4446 4342 4444
f 4343 4445 4341
f 4343 4447 4445
f 4446 4344 4342
f 4448 4344 4446
f 4449 4447 4343
f 4449 4343 4345
f 4345 4346 4449
f 4449 4346 4450
f 4448 4347 4344
f 4451 4347 4448
f 4348 4450 4346
f 4348 4452 4450
f 4454 4453 4350
f 4350 4453 4349
f 4350 4347 4451
f 4350 4451 4454
f 4455 4452 4348
f 4455 4348 4351
f 4351 4352 4455
f 4455 4352 4456
f 4458 4457 4354
f 4354 4457 4353
f 4354 4349 4453
f 4354 4453 4458
f 4459 4456 4352
f 4459 4352 4355
f 4460 4355 4356
f 4460 4459 4355
f 4461 4356 4357
f 4461 4460 4356
f 4462 4357 4358
f 4462 4461 4357
f 4463 4358 4359
f 4463 4462 4358
f 4464 4359 4360
f 4464 4463 4359
f 4465 4360 4361
f 4465 4464 4360
f 4361 4353 4457
f 4361 4457 4465
f 4467 4466 4362
f 4467 4362 4363
f 4362 4468 4364
f 4466 4468 4362
f 4364 4469 4365
f 4468 4469 4364
f 4365 4470 4366
f 4469 4470 4365
f 4366 4471 4367
f 4470 4471 4366
f 4367 4472 4368
f 4471 4472 4367
f 4368 4473 4369
f 4472 4473 4368
f 4369 4474 4370
f 4473 4474 4369
f 4370 4475 4371
f 4474 4475 4370
f 4371 4476 4372
f 4475 4476 4371
f 4372 4477 4373
f 4476 4477 4372
f 4373 4478 4374
f 4477 4478 4373
f 4374 4479 4375
f 4478 4479 4374
f 4375 4480 4376
f 4479 4480 4375
f 4376 4481 4377
f 4480 4481 4376
f 4377 4482 4378
f 4481 4482 4377
f 4378 4483 4379
f 4482 4483 4378
f 4379 4484 4380
f 4483 4484 4379
f 4380 4485 4381
f 4484 4485 4380
f 4381 4486 4382
f 4485 4486 4381
f 4382 4487 4383
f 4486 4487 4382
f 4383 4488 4384
f 4487 4488 4383
f 4384 4489 4385
f 4488 4489 4384
f 4385 4490 4386
f 4489 4490 4385
f 4386 4491 4387
f 4490 4491 4386
f 4387 4492 4388
f 4491 4492 4387
f 4388 4493 4389
f 4492 4493 4388
f 4389 4494 4390
f 4493 4494 4389
f 4391 4390 4494
f 4391 4494 4495
f 4392 4467 4363
f 4392 4496 4467
f 4495 4497 4391
f 4391 4497 4393
f 4394 4393 4497
f 4394 4497 4498
f 4395 4496 4392
f 4395 4499 4496
f 4498 4396 4394
f 4500 4396 4498
f 4397 4499 4395
f 4397 4501 4499
f 4500 4398 4396
f 4502 4398 4500
f 4399 4501 4397
f 4399 4503 4501
f 4502 4400 4398
f 4504 4400 4502
f 4401 4503 4399
f 4401 4505 4503
f 4504 4402 4400
f 4506 4402 4504
f 4508 4507 4403
f 4508 4403 4404
f 4401 4403 4505
f 4505 4403 4507
f 4506 4405 4402
f 4509 4405 4506
f 4406 4508 4404
f 4406 4510 4508
f 4509 4407 4405
f 4511 4407 4509
f 4408 4510 4406
f 4408 4512 4510
f 4511 4409 4407
f 4513 4409 4511
f 4410 4512 4408
f 4410 4514 4512
f 4513 4411 4409
f 4515 4411 4513
f 4412 4514 4410
f 4412 4516 4514
f 4515 4413 4411
f 4517 4413 4515
f 4518 4516 4412
f 4518 4412 4414
f 4519 4414 4415
f 4519 4518 4414
f 4520 4415 4416
f 4520 4519 4415
f 4521 4416 4417
f 4521 4520 4416
f 4522 4417 4418
f 4522 4521 4417
f 4523 4418 4419
f 4523 4522 4418
f 4524 4419 4420
f 4524 4523 4419
f 4525 4420 4421
f 4525 4524 4420
f 4526 4421 4422
f 4526 4525 4421
f 4527 4422 4423
f 4527 4526 4422
f 4528 4423 4424
f 4528 4527 4423
f 4529 4424 4425
f 4529 4528 4424
f 4530 4425 4426
f 4530 4529 4425
f 4531 4426 4427
f 4531 4530 4426
f 4532 4427 4428
f 4532 4531 4427
f 4533 4428 4429
f 4533 4532 4428
f 4534 4429 4430
f 4534 4533 4429
f 4535 4430 4431
f 4535 4534 4430
f 4536 4431 4432
f 4536 4535 4431
f 4432 4433 4536
f 4536 4433 4537
f 4517 4434 4413
f 4538 4434 4517
f 4435 4537 4433
f 4435 4539 4537
f 4538 4436 4434
f 4540 4436 4538
f 4437 4539 4435
f 4437 4541 4539
f 4540 4438 4436
f 4542 4438 4540
f 4439 4541 4437
f 4439 4543 4541
f 4542 4440 4438
f 4544 4440 4542
f 4441 4543 4439
f 4441 4545 4543
f 4544 4442 4440
f 4546 4442 4544
f 4443 4545 4441
f 4443 4547 4545
f 4546 4444 4442
f 4548 4444 4546
f 4445 4547 4443
f 4445 4549 4547
f 4548 4446 4444
f 4550 4446 4548
f 4447 4549 4445
f 4447 4551 4549
f 4550 4448 4446
f 4552 4448 4550
f 4553 4551 4447
f 4553 4447 4449
f 4449 4450 4553
f 4553 4450 4554
f 4552 4451 4448
f 4555 4451 4552
f 4452 4554 4450
f 4452 4556 4554
f 4558 4557 4454
f 4454 4557 4453
f 4454 4451 4555
f 4454 4555 4558
f 4559 4556 4452
f 4559 4452 4455
f 4455 4456 4559
f 4559 4456 4560
f 4562 4561 4458
f 4458 4561 4457
f 4458 4453 4557
f 4458 4557 4562
f 4563 4560 4456
f 4563 4456 4459
f 4564 4459 4460
f 4564 4563 4459
f 4565 4460 4461
f 4565 4564 4460
f 4566 4461 4462
f 4566 4565 4461
f 4567 4462 4463
f 4567 4566 4462
f 4568 4463 4464
f 4568 4567 4463
f 4569 4464 4465
f 4569 4568 4464
f 4465 4457 4561
f 4465 4561 4569
f 4571 4570 4466
f 4571 4466 4467
f 4466 4572 4468
f 4570 4572 4466
f 4468 4573 4469
f 4572 4573 4468
f 4469 4574 4470
f 4573 4574 4469
f 4470 4575 4471
f 4574 4575 4470
f 4471 4576 4472
f 4575 4576 4471
f 4472 4577 4473
f 4576 4577 4472
f 4473 4578 4474
f 4577 4578 4473
f 4474 4579 4475
f 4578 4579 4474
f 4475 4580 4476
f 4579 4580 4475
f 4476 4581 4477
f 4580 4581 4476
f 4477 4582 4478
f 4581 4582 4477
f 4478 4583 4479
f 4582 4583 4478
f 4479 4584 4480
f 4583 4584 4479
f 4480 4585 4481
f 4584 4585 4480
f 4481 4586 4482
f 4585 4586 4481
f 4482 4587 4483
f 4586 4587 4482
f 4483 4588 4484
f 4587 4588 4483
f 4484 4589 4485
f 4588 4589 4484
f 4485 4590 4486
f 4589 4590 4485
f 4486 4591 4487
f 4590 4591 4486
f 4487 4592 4488
f 4591 4592 4487
f 4488 4593 4489
f 4592 4593 4488
f 4489 4594 4490
f 4593 4594 4489
f 4490 4595 4491
f 4594 4595 4490
f 4491 4596 4492
f 4595 4596 4491
f 4492 4597 4493
f 4596 4597 4492
f 4493 4598 4494
f 4597 4598 4493
f 4495 4494 4598
f 4495 4598 4599
f 4496 4571 4467
f 4496 4600 4571
f 4599 4601 4495
f 4495 4601 4497
f 4498 4497 4601
f 4498 4601 4602
f 4499 4600 4496
f 4499 4603 4600
f 4602 4500 4498
f 4604 4500 4602
f 4501 4603 4499
f 4501 4605 4603
f 4604 4502 4500
f 4606 4502 4604
f 4503 4605 4501
f 4503 4607 4605
f 4606 4504 4502
f 4608 4504 4606
f 4611 4610 4609
f 4610 4607 4609
f 4607 4505 4609
f 4607 4503 4505
f 4608 4506 4504
f 4612 4506 4608
f 4611 4609 4507
f 4508 4611 4507
f 4613 4611 4508
f 4507 4609 4505
f 4612 4509 4506
f 4614 4509 4612
f 4510 4613 4508
f 4510 4615 4613
f 4614 4511 4509
f 4616 4511 4614
f 4512 4615 4510
f 4512 4617 4615
f 4616 4513 4511
f 4618 4513 4616
f 4514 4617 4512
f 4514 4619 4617
f 4618 4515 4513
f 4620 4515 4618
f 4516 4619 4514
f 4516 4621 4619
f 4624 4623 4622
f 4622 4625 4624
f 4620 4517 4515
f 4626 4517 4620
f 4627 4621 4516
f 4627 4516 4518
f 4628 4518 4519
f 4628 4627 4518
f 4629 4519 4520
f 4629 4628 4519
f 4630 4520 4521
f 4630 4629 4520
f 4631 4521 4522
f 4631 4630 4521
f 4632 4522 4523
f 4632 4631 4522
f 4633 4523 4524
f 4633 4632 4523
f 4634 4524 4525
f 4634 4633 4524
f 4635 4525 4526
f 4635 4634 4525
f 4636 4526 4527
f 4636 4635 4526
f 4637 4527 4528
f 4637 4636 4527
f 4638 4528 4529
f 4638 4637 4528
f 4639 4529 4530
f 4639 4638 4529
f 4640 4530 4531
f 4640 4639 4530
f 4641 4531 4532
f 4641 4640 4531
f 4642 4532 4533
f 4642 4641 4532
f 4534 4622 4623
f 4642 4534 4623
f 4533 4534 4642
f 4643 4625 4622
f 4534 4643 4622
f 4535 4643 4534
f 4644 4535 4536
f 4644 4643 4535
f 4536 4537 4644
f 4644 4537 4645
f 4626 4538 4517
f 4646 4538 4626
f 4539 4645 4537
f 4539 4647 4645
f 4646 4540 4538
f 4648 4540 4646
f 4541 4647 4539
f 4541 4649 4647
f 4648 4542 4540
f 4650 4542 4648
f 4543 4649 4541
f 4543 4651 4649
f 4650 4544 4542
f 4652 4544 4650
f 4545 4651 4543
f 4545 4653 4651
f 4652 4546 4544
f 4654 4546 4652
f 4547 4653 4545
f 4547 4655 4653
f 4654 4548 4546
f 4656 4548 4654
f 4549 4655 4547
f 4549 4657 4655
f 4656 4550 4548
f 4658 4550 4656
f 4551 4657 4549
f 4551 4659 4657
f 4658 4552 4550
f 4660 4552 4658
f 4661 4659 4551
f 4661 4551 4553
f 4553 4554 4661
f 4661 4554 4662
f 4660 4555 4552
f 4663 4555 4660
f 4556 4662 4554
f 4556 4664 4662
f 4666 4665 4558
f 4558 4665 4557
f 4558 4555 4663
f 4558 4663 4666
f 4667 4664 4556
f 4667 4556 4559
f 4559 4560 4667
f 4667 4560 4668
f 4670 4669 4562
f 4562 4669 4561
f 4562 4557 4665
f 4562 4665 4670
f 4671 4668 4560
f 4671 4560 4563
f 4672 4563 4564
f 4672 4671 4563
f 4673 4564 4565
f 4673 4672 4564
f 4674 4565 4566
f 4674 4673 4565
f 4675 4566 4567
f 4675 4674 4566
f 4676 4567 4568
f 4676 4675 4567
f 4677 4568 4569
f 4677 4676 4568
f 4569 4561 4669
f 4569 4669 4677
f 4679 4678 4570
f 4679 4570 4571
f 4570 4680 4572
f 4678 4680 4570
f 4572 4681 4573
f 4680 4681 4572
f 4573 4682 4574
f 4681 4682 4573
f 4574 4683 4575
f 4682 4683 4574
f 4575 4684 4576
f 4683 4684 4575
f 4576 4685 4577
f 4684 4685 4576
f 4577 4686 4578
f 4685 4686 4577
f 4578 4687 4579
f 4686 4687 4578
f 4579 4688 4580
f 4687 4688 4579
f 4580 4689 4581
f 4688 4689 4580
f 4581 4690 4582
f 4689 4690 4581
f 4582 4691 4583
f 4690 4691 4582
f 4583 4692 4584
f 4691 4692 4583
f 4584 4693 4585
f 4692 4693 4584
f 4585 4694 4586
f 4693 4694 4585
f 4586 4695 4587
f 4694 4695 4586
f 4587 4696 4588
f 4695 4696 4587
f 4588 4697 4589
f 4696 4697 4588
f 4589 4698 4590
f 4697 4698 4589
f 4590 4699 4591
f 4698 4699 4590
f 4591 4700 4592
f 4699 4700 4591
f 4592 4701 4593
f 4700 4701 4592
f 4593 4702 4594
f 4701 4702 4593
f 4594 4703 4595
f 4702 4703 4594
f 4595 4704 4596
f 4703 4704 4595
f 4596 4705 4597
f 4704 4705 4596
f 4597 4706 4598
f 4705 4706 4597
f 4599 4598 4706
f 4599 4706 4707
f 4600 4679 4571
f 4600 4708 4679
f 4707 4709 4599
f 4599 4709 4601
f 4602 4601 4709
f 4602 4709 4710
f 4603 4708 4600
f 4603 4711 4708
f 4710 4604 4602
f 4712 4604 4710
f 4605 4711 4603
f 4605 4713 4711
f 4712 4606 4604
f 4714 4606 4712
f 4607 4713 4605
f 4607 4715 4713
f 4714 4608 4606
f 4716 4608 4714
f 4718 4717 4610
f 4718 4610 4611
f 4607 4610 4715
f 4715 4610 4717
f 4716 4612 4608
f 4719 4612 4716
f 4613 4718 4611
f 4613 4720 4718
f 4719 4614 4612
f 4721 4614 4719
f 4615 4720 4613
f 4615 4722 4720
f 4721 4616 4614
f 4723 4616 4721
f 4617 4722 4615
f 4617 4724 4722
f 4723 4618 4616
f 4725 4618 4723
f 4619 4724 4617
f 4619 4726 4724
f 4725 4620 4618
f 4727 4620 4725
f 4621 4726 4619
f 4621 4728 4726
f 4730 4729 4624
f 4624 4729 4623
f 4624 4625 4730
f 4730 4625 4731
f 4727 4626 4620
f 4732 4626 4727
f 4733 4728 4621
f 4733 4621 4627
f 4734 4627 4628
f 4734 4733 4627
f 4735 4628 4629
f 4735 4734 4628
f 4736 4629 4630
f 4736 4735 4629
f 4737 4630 4631
f 4737 4736 4630
f 4738 4631 4632
f 4738 4737 4631
f 4739 4632 4633
f 4739 4738 4632
f 4740 4633 4634
f 4740 4739 4633
f 4741 4634 4635
f 4741 4740 4634
f 4742 4635 4636
f 4742 4741 4635
f 4743 4636 4637
f 4743 4742 4636
f 4744 4637 4638
f 4744 4743 4637
f 4745 4638 4639
f 4745 4744 4638
f 4746 4639 4640
f 4746 4745 4639
f 4747 4640 4641
f 4747 4746 4640
f 4748 4641 4642
f 4748 4747 4641
f 4642 4623 4729
f 4642 4729 4748
f 4749 4731 4625
f 4749 4625 4643
f 4750 4643 4644
f 4750 4749 4643
f 4644 4645 4750
f 4750 4645 4751
f 4732 4646 4626
f 4752 4646 4732
f 4647 4751 4645
f 4647 4753 4751
f 4752 4648 4646
f 4754 4648 4752
f 4649 4753 4647
f 4649 4755 4753
f 4754 4650 4648
f 4756 4650 4754
f 4651 4755 4649
f 4651 4757 4755
f 4756 4652 4650
f 4758 4652 4756
f 4653 4757 4651
f 4653 4759 4757
f 4758 4654 4652
f 4760 4654 4758
f 4655 4759 4653
f 4655 4761 4759
f 4760 4656 4654
f 4762 4656 4760
f 4657 4761 4655
f 4657 4763 4761
f 4762 4658 4656
f 4764 4658 4762
f 4659 4763 4657
f 4659 4765 4763
f 4764 4660 4658
f 4766 4660 4764
f 4767 4765 4659
f 4767 4659 4661
f 4661 4662 4767
f 4767 4662 4768
f 4766 4663 4660
f 4769 4663 4766
f 4664 4768 4662
f 4664 4770 4768
f 4772 4771 4666
f 4666 4771 4665
f 4666 4663 4769
f 4666 4769 4772
f 4773 4770 4664
f 4773 4664 4667
f 4667 4668 4773
f 4773 4668 4774
f 4776 4775 4670
f 4670 4775 4669
f 4670 4665 4771
f 4670 4771 4776
f 4777 4774 4668
f 4777 4668 4671
f 4778 4671 4672
f 4778 4777 4671
f 4779 4672 4673
f 4779 4778 4672
f 4780 4673 4674
f 4780 4779 4673
f 4781 4674 4675
f 4781 4780 4674
f 4782 4675 4676
f 4782 4781 4675
f 4783 4676 4677
f 4783 4782 4676
f 4677 4669 4775
f 4677 4775 4783
f 4785 4784 4678
f 4785 4678 4679
f 4678 4786 4680
f 4784 4786 4678
f 4680 4787 4681
f 4786 4787 4680
f 4681 4788 4682
f 4787 4788 4681
f 4682 4789 4683
f 4788 4789 4682
f 4683 4790 4684
f 4789 4790 4683
f 4684 4791 4685
f 4790 4791 4684
f 4685 4792 4686
f 4791 4792 4685
f 4686 4793 4687
f 4792 4793 4686
f 4687 4794 4688
f 4793 4794 4687
f 4688 4795 4689
f 4794 4795 4688
f 4689 4796 4690
f 4795 4796 4689
f 4690 4797 4691
f 4796 4797 4690
f 4691 4798 4692
f 4797 4798 4691
f 4692 4799 4693
f 4798 4799 4692
f 4693 4800 4694
f 4799 4800 4693
f 4694 4801 4695
f 4800 4801 4694
f 4695 4802 4696
f 4801 4802 4695
f 4696 4803 4697
f 4802 4803 4696
f 4697 4804 4698
f 4803 4804 4697
f 4698 4805 4699
f 4804 4805 4698
f 4699 4806 4700
f 4805 4806 4699
f 4700 4807 4701
f 4806 4807 4700
f 4701 4808 4702
f 4807 4808 4701
f 4702 4809 4703
f 4808 4809 4702
f 4703 4810 4704
f 4809 4810 4703
f 4704 4811 4705
f 4810 4811 4704
f 4705 4812 4706
f 4811 4812 4705
f 4707 4706 4812
f 4707 4812 4813
f 4708 4785 4679
f 4708 4814 4785
f 4813 4815 4707
f 4707 4815 4709
f 4710 4709 4815
f 4710 4815 4816
f 4711 4814 4708
f 4711 4817 4814
f 4816 4712 4710
f 4818 4712 4816
f 4713 4817 4711
f 4713 4819 4817
f 4818 4714 4712
f 4820 4714 4818
f 4715 4819 4713
f 4715 4821 4819
f 4820 4716 4714
f 4822 4716 4820
f 4824 4823 4717
f 4824 4717 4718
f 4715 4717 4821
f 4821 4717 4823
f 4822 4719 4716
f 4825 4719 4822
f 4720 4824 4718
f 4720 4826 4824
f 4825 4721 4719
f 4827 4721 4825
f 4722 4826 4720
f 4722 4828 4826
f 4827 4723 4721
f 4829 4723 4827
f 4724 4828 4722
f 4724 4830 4828
f 4829 4725 4723
f 4831 4725 4829
f 4726 4830 4724
f 4726 4832 4830
f 4831 4727 4725
f 4833 4727 4831
f 4728 4832 4726
f 4728 4834 4832
f 4836 4835 4730
f 4730 4835 4729
f 4730 4731 4836
f 4836 4731 4837
f 4833 4732 4727
f 4838 4732 4833
f 4839 4834 4728
f 4839 4728 4733
f 4840 4733 4734
f 4840 4839 4733
f 4841 4734 4735
f 4841 4840 4734
f 4842 4735 4736
f 4842 4841 4735
f 4843 4736 4737
f 4843 4842 4736
f 4844 4737 4738
f 4844 4843 4737
f 4845 4738 4739
f 4845 4844 4738
f 4846 4739 4740
f 4846 4845 4739
f 4847 4740 4741
f 4847 4846 4740
f 4848 4741 4742
f 4848 4847 4741
f 4849 4742 4743
f 4849 4848 4742
f 4850 4743 4744
f 4850 4849 4743
f 4851 4744 4745
f 4851 4850 4744
f 4852 4745 4746
f 4852 4851 4745
f 4853 4746 4747
f 4853 4852 4746
f 4854 4747 4748
f 4854 4853 4747
f 4748 4729 4835
f 4748 4835 4854
f 4855 4837 4731
f 4855 4731 4749
f 4856 4749 4750
f 4856 4855 4749
f 4750 4751 4856
f 4856 4751 4857
f 4838 4752 4732
f 4858 4752 4838
f 4753 4857 4751
f 4753 4859 4857
f 4858 4754 4752
f 4860 4754 4858
f 4755 4859 4753
f 4755 4861 4859
f 4860 4756 4754
f 4862 4756 4860
f 4757 4861 4755
f 4757 4863 4861
f 4862 4758 4756
f 4864 4758 4862
f 4759 4863 4757
f 4759 4865 4863
f 4864 4760 4758
f 4866 4760 4864
f 4761 4865 4759
f 4761 4867 4865
f 4866 4762 4760
f 4868 4762 4866
f 4763 4867 4761
f 4763 4869 4867
f 4868 4764 4762
f 4870 4764 4868
f 4765 4869 4763
f 4765 4871 4869
f 4870 4766 4764
f 4872 4766 4870
f 4873 4871 4765
f 4873 4765 4767
f 4767 4768 4873
f 4873 4768 4874
f 4872 4769 4766
f 4875 4769 4872
f 4770 4874 4768
f 4770 4876 4874
f 4878 4877 4772
f 4772 4877 4771
f 4772 4769 4875
f 4772 4875 4878
f 4879 4876 4770
f 4879 4770 4773
f 4773 4774 4879
f 4879 4774 4880
f 4882 4881 4776
f 4776 4881 4775
f 4776 4771 4877
f 4776 4877 4882
f 4883 4880 4774
f 4883 4774 4777
f 4884 4777 4778
f 4884 4883 4777
f 4885 4778 4779
f 4885 4884 4778
f 4886 4779 4780
f 4886 4885 4779
f 4887 4780 4781
f 4887 4886 4780
f 4888 4781 4782
f 4888 4887 4781
f 4889 4782 4783
f 4889 4888 4782
f 4783 4775 4881
f 4783 4881 4889
f 4891 4890 4784
f 4891 4784 4785
f 4784 4892 4786
f 4890 4892 4784
f 4786 4893 4787
f 4892 4893 4786
f 4787 4894 4788
f 4893 4894 4787
f 4788 4895 4789
f 4894 4895 4788
f 4789 4896 4790
f 4895 4896 4789
f 4790 4897 4791
f 4896 4897 4790
f 4791 4898 4792
f 4897 4898 4791
f 4792 4899 4793
f 4898 4899 4792
f 4793 4900 4794
f 4899 4900 4793
f 4794 4901 4795
f 4900 4901 4794
f 4795 4902 4796
f 4901 4902 4795
f 4796 4903 4797
f 4902 4903 4796
f 4797 4904 4798
f 4903 4904 4797
f 4798 4905 4799
f 4904 4905 4798
f 4799 4906 4800
f 4905 4906 4799
f 4800 4907 4801
f 4906 4907 4800
f 4801 4908 4802
f 4907 4908 4801
f 4802 4909 4803
f 4908 4909 4802
f 4803 4910 4804
f 4909 4910 4803
f 4804 4911 4805
f 4910 4911 4804
f 4805 4912 4806
f 4911 4912 4805
f 4806 4913 4807
f 4912 4913 4806
f 4807 4914 4808
f 4913 4914 4807
f 4808 4915 4809
f 4914 4915 4808
f 4809 4916 4810
f 4915 4916 4809
f 4810 4917 4811
f 4916 4917 4810
f 4811 4918 4812
f 4917 4918 4811
f 4813 4812 4918
f 4813 4918 4919
f 4814 4891 4785
f 4814 4920 4891
f 4919 4921 4813
f 4813 4921 4815
f 4816 4815 4921
f 4816 4921 4922
f 4925 4924 4923
f 4924 4920 4923
f 4920 4817 4923
f 4920 4814 4817
f 4922 4818 4816
f 4926 4818 4922
f 4927 4925 4923
f 4923 4817 4927
f 4817 4928 4927
f 4817 4819 4928
f 4926 4820 4818
f 4929 4820 4926
f 4932 4931 4930
f 4931 4928 4930
f 4928 4821 4930
f 4928 4819 4821
f 4929 4822 4820
f 4933 4822 4929
f 4932 4930 4823
f 4824 4932 4823
f 4934 4932 4824
f 4823 4930 4821
f 4933 4825 4822
f 4935 4825 4933
f 4826 4934 4824
f 4826 4936 4934
f 4935 4827 4825
f 4937 4827 4935
f 4828 4936 4826
f 4828 4938 4936
f 4937 4829 4827
f 4939 4829 4937
f 4830 4938 4828
f 4830 4940 4938
f 4939 4831 4829
f 4941 4831 4939
f 4832 4940 4830
f 4832 4942 4940
f 4941 4833 4831
f 4943 4833 4941
f 4834 4942 4832
f 4834 4944 4942
f 4946 4945 4836
f 4836 4945 4835
f 4836 4837 4946
f 4946 4837 4947
f 4943 4838 4833
f 4948 4838 4943
f 4949 4944 4834
f 4949 4834 4839
f 4950 4839 4840
f 4950 4949 4839
f 4951 4840 4841
f 4951 4950 4840
f 4952 4841 4842
f 4952 4951 4841
f 4953 4842 4843
f 4953 4952 4842
f 4954 4843 4844
f 4954 4953 4843
f 4955 4844 4845
f 4955 4954 4844
f 4956 4845 4846
f 4956 4955 4845
f 4957 4846 4847
f 4957 4956 4846
f 4958 4847 4848
f 4958 4957 4847
f 4959 4848 4849
f 4959 4958 4848
f 4960 4849 4850
f 4960 4959 4849
f 4961 4850 4851
f 4961 4960 4850
f 4962 4851 4852
f 4962 4961 4851
f 4963 4852 4853
f 4963 4962 4852
f 4964 4853 4854
f 4964 4963 4853
f 4854 4835 4945
f 4854 4945 4964
f 4965 4947 4837
f 4965 4837 4855
f 4966 4855 4856
f 4966 4965 4855
f 4856 4857 4966
f 4966 4857 4967
f 4948 4858 4838
f 4968 4858 4948
f 4859 4967 4857
f 4859 4969 4967
f 4968 4860 4858
f 4970 4860 4968
f 4861 4969 4859
f 4861 4971 4969
f 4970 4862 4860
f 4972 4862 4970
f 4863 4971 4861
f 4863 4973 4971
f 4972 4864 4862
f 4974 4864 4972
f 4865 4973 4863
f 4865 4975 4973
f 4974 4866 4864
f 4976 4866 4974
f 4867 4975 4865
f 4867 4977 4975
f 4976 4868 4866
f 4978 4868 4976
f 4869 4977 4867
f 4869 4979 4977
f 4978 4870 4868
f 4980 4870 4978
f 4871 4979 4869
f 4871 4981 4979
f 4980 4872 4870
f 4982 4872 4980
f 4983 4981 4871
f 4983 4871 4873
f 4873 4874 4983
f 4983 4874 4984
f 4982 4875 4872
f 4985 4875 4982
f 4876 4984 4874
f 4876 4986 4984
f 4988 4987 4878
f 4878 4987 4877
f 4878 4875 4985
f 4878 4985 4988
f 4989 4986 4876
f 4989 4876 4879
f 4879 4880 4989
f 4989 4880 4990
f 4992 4991 4882
f 4882 4991 4881
f 4882 4877 4987
f 4882 4987 4992
f 4993 4990 4880
f 4993 4880 4883
f 4994 4883 4884
f 4994 4993 4883
f 4995 4884 4885
f 4995 4994 4884
f 4996 4885 4886
f 4996 4995 4885
f 4997 4886 4887
f 4997 4996 4886
f 4998 4887 4888
f 4998 4997 4887
f 4999 4888 4889
f 4999 4998 4888
f 4889 4881 4991
f 4889 4991 4999
f 5001 5000 4890
f 5001 4890 4891
f 4890 5002 4892
f 5000 5002 4890
f 4892 5003 4893
f 5002 5003 4892
f 4893 5004 4894
f 5003 5004 4893
f 4894 5005 4895
f 5004 5005 4894
f 4895 5006 4896
f 5005 5006 4895
f 4896 5007 4897
f 5006 5007 4896
f 4897 5008 4898
f 5007 5008 4897
f 4898 5009 4899
f 5008 5009 4898
f 4899 5010 4900
f 5009 5010 4899
f 4900 5011 4901
f 5010 5011 4900
f 4901 5012 4902
f 5011 5012 4901
f 4902 5013 4903
f 5012 5013 4902
f 4903 5014 4904
f 5013 5014 4903
f 4904 5015 4905
f 5014 5015 4904
f 4905 5016 4906
f 5015 5016 4905
f 4906 5017 4907
f 5016 5017 4906
f 4907 5018 4908
f 5017 5018 4907
f 4908 5019 4909
f 5018 5019 4908
f 4909 5020 4910
f 5019 5020 4909
f 4910 5021 4911
f 5020 5021 4910
f 4911 5022 4912
f 5021 5022 4911
f 4912 5023 4913
f 5022 5023 4912
f 4913 5024 4914
f 5023 5024 4913
f 4914 5025 4915
f 5024 5025 4914
f 4915 5026 4916
f 5025 5026 4915
f 4916 5027 4917
f 5026 5027 4916
f 4917 5028 4918
f 5027 5028 4917
f 4919 4918 5028
f 4919 5028 5029
f 5032 5031 5030
f 5031 5001 5030
f 5001 4920 5030
f 5001 4891 4920
f 5029 5033 4919
f 4919 5033 4921
f 4922 4921 5033
f 4922 5033 5034
f 5032 5030 4924
f 4925 5032 4924
f 5035 5032 4925
f 4924 5030 4920
f 5034 4926 4922
f 5036 4926 5034
f 4925 4927 5037
f 5038 4925 5037
f 5035 4925 5038
f 4928 5037 4927
f 5036 4929 4926
f 5039 4929 5036
f 5038 5037 4931
f 4932 5038 4931
f 5040 5038 4932
f 4931 5037 4928
f 5039 4933 4929
f 5041 4933 5039
f 4934 5040 4932
f 4934 5042 5040
f 5041 4935 4933
f 5043 4935 5041
f 4936 5042 4934
f 4936 5044 5042
f 5043 4937 4935
f 5045 4937 5043
f 4938 5044 4936
f 4938 5046 5044
f 5045 4939 4937
f 5047 4939 5045
f 4940 5046 4938
f 4940 5048 5046
f 5047 4941 4939
f 5049 4941 5047
f 4942 5048 4940
f 4942 5050 5048
f 5049 4943 4941
f 5051 4943 5049
f 4944 5050 4942
f 4944 5052 5050
f 5054 5053 4946
f 4946 5053 4945
f 4946 4947 5054
f 5054 4947 5055
f 5051 4948 4943
f 5056 4948 5051
f 5057 5052 4944
f 5057 4944 4949
f 5058 4949 4950
f 5058 5057 4949
f 5059 4950 4951
f 5059 5058 4950
f 5060 4951 4952
f 5060 5059 4951
f 5061 4952 4953
f 5061 5060 4952
f 5062 4953 4954
f 5062 5061 4953
f 5063 4954 4955
f 5063 5062 4954
f 5064 4955 4956
f 5064 5063 4955
f 5065 4956 4957
f 5065 5064 4956
f 5066 4957 4958
f 5066 5065 4957
f 5067 4958 4959
f 5067 5066 4958
f 5068 4959 4960
f 5068 5067 4959
f 5069 4960 4961
f 5069 5068 4960
f 5070 4961 4962
f 5070 5069 4961
f 5071 4962 4963
f 5071 5070 4962
f 5072 4963 4964
f 5072 5071 4963
f 4964 4945 5053
f 4964 5053 5072
f 5073 5055 4947
f 5073 4947 4965
f 5074 4965 4966
f 5074 5073 4965
f 4966 4967 5074
f 5074 4967 5075
f 5056 4968 4948
f 5076 4968 5056
f 4969 5075 4967
f 4969 5077 5075
f 5076 4970 4968
f 5078 4970 5076
f 4971 5077 4969
f 4971 5079 5077
f 5078 4972 4970
f 5080 4972 5078
f 4973 5079 4971
f 4973 5081 5079
f 5080 4974 4972
f 5082 4974 5080
f 4975 5081 4973
f 4975 5083 5081
f 5082 4976 4974
f 5084 4976 5082
f 4977 5083 4975
f 4977 5085 5083
f 5084 4978 4976
f 5086 4978 5084
f 4979 5085 4977
f 4979 5087 5085
f 5086 4980 4978
f 5088 4980 5086
f 4981 5087 4979
f 4981 5089 5087
f 5088 4982 4980
f 5090 4982 5088
f 5091 5089 4981
f 5091 4981 4983
f 4983 4984 5091
f 5091 4984 5092
f 5090 4985 4982
f 5093 4985 5090
f 4986 5092 4984
f 4986 5094 5092
f 5096 5095 4988
f 4988 5095 4987
f 4988 4985 5093
f 4988 5093 5096
f 5097 5094 4986
f 5097 4986 4989
f 4989 4990 5097
f 5097 4990 5098
f 5100 5099 4992
f 4992 5099 4991
f 4992 4987 5095
f 4992 5095 5100
f 5101 5098 4990
f 5101 4990 4993
f 5102 4993 4994
f 5102 5101 4993
f 5103 4994 4995
f 5103 5102 4994
f 5104 4995 4996
f 5104 5103 4995
f 5105 4996 4997
f 5105 5104 4996
f 5106 4997 4998
f 5106 5105 4997
f 5107 4998 4999
f 5107 5106 4998
f 4999 4991 5099
f 4999 5099 5107
f 5109 5108 5000
f 5109 5000 5001
f 5000 5110 5002
f 5108 5110 5000
f 5002 5111 5003
f 5110 5111 5002
f 5003 5112 5004
f 5111 5112 5003
f 5004 5113 5005
f 5112 5113 5004
f 5005 5114 5006
f 5113 5114 5005
f 5006 5115 5007
f 5114 5115 5006
f 5007 5116 5008
f 5115 5116 5007
f 5008 5117 5009
f 5116 5117 5008
f 5009 5118 5010
f 5117 5118 5009
f 5010 5119 5011
f 5118 5119 5010
f 5011 5120 5012
f 5119 5120 5011
f 5012 5121 5013
f 5120 5121 5012
f 5013 5122 5014
f 5121 5122 5013
f 5014 5123 5015
f 5122 5123 5014
f 5015 5124 5016
f 5123 5124 5015
f 5016 5125 5017
f 5124 5125 5016
f 5017 5126 5018
f 5125 5126 5017
f 5018 5127 5019
f 5126 5127 5018
f 5019 5128 5020
f 5127 5128 5019
f 5020 5129 5021
f 5128 5129 5020
f 5021 5130 5022
f 5129 5130 5021
f 5022 5131 5023
f 5130 5131 5022
f 5023 5132 5024
f 5131 5132 5023
f 5024 5133 5025
f 5132 5133 5024
f 5025 5134 5026
f 5133 5134 5025
f 5026 5135 5027
f 5134 5135 5026
f 5027 5136 5028
f 5135 5136 5027
f 5029 5028 5136
f 5029 5136 5137
f 5139 5138 5031
f 5139 5031 5032
f 5001 5031 5109
f 5109 5031 5138
f 5137 5140 5029
f 5029 5140 5033
f 5034 5033 5140
f 5034 5140 5141
f 5035 5139 5032
f 5035 5142 5139
f 5141 5036 5034
f 5143 5036 5141
f 5038 5142 5035
f 5038 5144 5142
f 5143 5039 5036
f 5145 5039 5143
f 5040 5144 5038
f 5040 5146 5144
f 5145 5041 5039
f 5147 5041 5145
f 5042 5146 5040
f 5042 5148 5146
f 5147 5043 5041
f 5149 5043 5147
f 5044 5148 5042
f 5044 5150 5148
f 5149 5045 5043
f 5151 5045 5149
f 5046 5150 5044
f 5046 5152 5150
f 5151 5047 5045
f 5153 5047 5151
f 5048 5152 5046
f 5048 5154 5152
f 5153 5049 5047
f 5155 5049 5153
f 5050 5154 5048
f 5050 5156 5154
f 5155 5051 5049
f 5157 5051 5155
f 5052 5156 5050
f 5052 5158 5156
f 5160 5159 5054
f 5054 5159 5053
f 5054 5055 5160
f 5160 5055 5161
f 5157 5056 5051
f 5162 5056 5157
f 5163 5158 5052
f 5163 5052 5057
f 5164 5057 5058
f 5164 5163 5057
f 5165 5058 5059
f 5165 5164 5058
f 5166 5059 5060
f 5166 5165 5059
f 5167 5060 5061
f 5167 5166 5060
f 5168 5061 5062
f 5168 5167 5061
f 5169 5062 5063
f 5169 5168 5062
f 5170 5063 5064
f 5170 5169 5063
f 5171 5064 5065
f 5171 5170 5064
f 5172 5065 5066
f 5172 5171 5065
f 5173 5066 5067
f 5173 5172 5066
f 5174 5067 5068
f 5174 5173 5067
f 5175 5068 5069
f 5175 5174 5068
f 5176 5069 5070
f 5176 5175 5069
f 5177 5070 5071
f 5177 5176 5070
f 5178 5071 5072
f 5178 5177 5071
f 5072 5053 5159
f 5072 5159 5178
f 5179 5161 5055
f 5179 5055 5073
f 5180 5073 5074
f 5180 5179 5073
f 5074 5075 5180
f 5180 5075 5181
f 5162 5076 5056
f 5182 5076 5162
f 5077 5181 5075
f 5077 5183 5181
f 5182 5078 5076
f 5184 5078 5182
f 5079 5183 5077
f 5079 5185 5183
f 5184 5080 5078
f 5186 5080 5184
f 5081 5185 5079
f 5081 5187 5185
f 5186 5082 5080
f 5188 5082 5186
f 5083 5187 5081
f 5083 5189 5187
f 5188 5084 5082
f 5190 5084 5188
f 5085 5189 5083
f 5085 5191 5189
f 5190 5086 5084
f 5192 5086 5190
f 5087 5191 5085
f 5087 5193 5191
f 5192 5088 5086
f 5194 5088 5192
f 5089 5193 5087
f 5089 5195 5193
f 5194 5090 5088
f 5196 5090 5194
f 5197 5195 5089
f 5197 5089 5091
f 5091 5092 5197
f 5197 5092 5198
f 5196 5093 5090
f 5199 5093 5196
f 5094 5198 5092
f 5094 5200 5198
f 5202 5201 5096
f 5096 5201 5095
f 5096 5093 5199
f 5096 5199 5202
f 5203 5200 5094
f 5203 5094 5097
f 5097 5098 5203
f 5203 5098 5204
f 5206 5205 5100
f 5100 5205 5099
f 5100 5095 5201
f 5100 5201 5206
f 5207 5204 5098
f 5207 5098 5101
f 5208 5101 5102
f 5208 5207 5101
f 5209 5102 5103
f 5209 5208 5102
f 5210 5103 5104
f 5210 5209 5103
f 5211 5104 5105
f 5211 5210 5104
f 5212 5105 5106
f 5212 5211 5105
f 5213 5106 5107
f 5213 5212 5106
f 5107 5099 5205
f 5107 5205 5213
f 5215 5214 5108
f 5215 5108 5109
f 5108 5216 5110
f 5214 5216 5108
f 5110 5217 5111
f 5216 5217 5110
f 5111 5218 5112
f 5217 5218 5111
f 5112 5219 5113
f 5218 5219 5112
f 5113 5220 5114
f 5219 5220 5113
f 5114 5221 5115
f 5220 5221 5114
f 5115 5222 5116
f 5221 5222 5115
f 5116 5223 5117
f 5222 5223 5116
f 5117 5224 5118
f 5223 5224 5117
f 5118 5225 5119
f 5224 5225 5118
f 5119 5226 5120
f 5225 5226 5119
f 5120 5227 5121
f 5226 5227 5120
f 5121 5228 5122
f 5227 5228 5121
f 5122 5229 5123
f 5228 5229 5122
f 5123 5230 5124
f 5229 5230 5123
f 5124 5231 5125
f 5230 5231 5124
f 5125 5232 5126
f 5231 5232 5125
f 5126 5233 5127
f 5232 5233 5126
f 5127 5234 5128
f 5233 5234 5127
f 5128 5235 5129
f 5234 5235 5128
f 5129 5236 5130
f 5235 5236 5129
f 5130 5237 5131
f 5236 5237 5130
f 5131 5238 5132
f 5237 5238 5131
f 5132 5239 5133
f 5238 5239 5132
f 5133 5240 5134
f 5239 5240 5133
f 5134 5241 5135
f 5240 5241 5134
f 5135 5242 5136
f 5241 5242 5135
f 5137 5136 5242
f 5137 5242 5243
f 5245 5244 5138
f 5245 5138 5139
f 5109 5138 5215
f 5215 5138 5244
f 5243 5246 5137
f 5137 5246 5140
f 5141 5140 5246
f 5141 5246 5247
f 5142 5245 5139
f 5142 5248 5245
f 5247 5143 5141
f 5249 5143 5247
f 5144 5248 5142
f 5144 5250 5248
f 5249 5145 5143
f 5251 5145 5249
f 5146 5250 5144
f 5146 5252 5250
f 5251 5147 5145
f 5253 5147 5251
f 5148 5252 5146
f 5148 5254 5252
f 5253 5149 5147
f 5255 5149 5253
f 5150 5254 5148
f 5150 5256 5254
f 5255 5151 5149
f 5257 5151 5255
f 5152 5256 5150
f 5152 5258 5256
f 5257 5153 5151
f 5259 5153 5257
f 5154 5258 5152
f 5154 5260 5258
f 5259 5155 5153
f 5261 5155 5259
f 5156 5260 5154
f 5156 5262 5260
f 5261 5157 5155
f 5263 5157 5261
f 5158 5262 5156
f 5158 5264 5262
f 5266 5265 5160
f 5160 5265 5159
f 5160 5161 5266
f 5266 5161 5267
f 5263 5162 5157
f 5268 5162 5263
f 5269 5264 5158
f 5269 5158 5163
f 5270 5163 5164
f 5270 5269 5163
f 5271 5164 5165
f 5271 5270 5164
f 5272 5165 5166
f 5272 5271 5165
f 5273 5166 5167
f 5273 5272 5166
f 5274 5167 5168
f 5274 5273 5167
f 5275 5168 5169
f 5275 5274 5168
f 5276 5169 5170
f 5276 5275 5169
f 5277 5170 5171
f 5277 5276 5170
f 5278 5171 5172
f 5278 5277 5171
f 5279 5172 5173
f 5279 5278 5172
f 5280 5173 5174
f 5280 5279 5173
f 5281 5174 5175
f 5281 5280 5174
f 5282 5175 5176
f 5282 5281 5175
f 5283 5176 5177
f 5283 5282 5176
f 5284 5177 5178
f 5284 5283 5177
f 5178 5159 5265
f 5178 5265 5284
f 5285 5267 5161
f 5285 5161 5179
f 5286 5179 5180
f 5286 5285 5179
f 5180 5181 5286
f 5286 5181 5287
f 5268 5182 5162
f 5288 5182 5268
f 5183 5287 5181
f 5183 5289 5287
f 5288 5184 5182
f 5290 5184 5288
f 5185 5289 5183
f 5185 5291 5289
f 5290 5186 5184
f 5292 5186 5290
f 5187 5291 5185
f 5187 5293 5291
f 5292 5188 5186
f 5294 5188 5292
f 5189 5293 5187
f 5189 5295 5293
f 5294 5190 5188
f 5296 5190 5294
f 5191 5295 5189
f 5191 5297 5295
f 5296 5192 5190
f 5298 5192 5296
f 5193 5297 5191
f 5193 5299 5297
f 5298 5194 5192
f 5300 5194 5298
f 5195 5299 5193
f 5195 5301 5299
f 5300 5196 5194
f 5302 5196 5300
f 5303 5301 5195
f 5303 5195 5197
f 5197 5198 5303
f 5303 5198 5304
f 5302 5199 5196
f 5305 5199 5302
f 5200 5304 5198
f 5200 5306 5304
f 5308 5307 5202
f 5202 5307 5201
f 5202 5199 5305
f 5202 5305 5308
f 5309 5306 5200
f 5309 5200 5203
f 5203 5204 5309
f 5309 5204 5310
f 5313 5312 5311
f 5205 5206 5311
f 5206 5313 5311
f 5206 5314 5313
f 5206 5201 5307
f 5206 5307 5314
f 5315 5310 5204
f 5315 5204 5207
f 5316 5207 5208
f 5316 5315 5207
f 5317 5208 5209
f 5317 5316 5208
f 5318 5209 5210
f 5318 5317 5209
f 5319 5210 5211
f 5319 5318 5210
f 5320 5211 5212
f 5320 5319 5211
f 5213 5311 5312
f 5320 5213 5312
f 5212 5213 5320
f 5311 5213 5205
f 5322 5321 5214
f 5322 5214 5215
f 5214 5323 5216
f 5321 5323 5214
f 5216 5324 5217
f 5323 5324 5216
f 5217 5325 5218
f 5324 5325 5217
f 5218 5326 5219
f 5325 5326 5218
f 5219 5327 5220
f 5326 5327 5219
f 5220 5328 5221
f 5327 5328 5220
f 5221 5329 5222
f 5328 5329 5221
f 5222 5330 5223
f 5329 5330 5222
f 5223 5331 5224
f 5330 5331 5223
f 5224 5332 5225
f 5331 5332 5224
f 5225 5333 5226
f 5332 5333 5225
f 5226 5334 5227
f 5333 5334 5226
f 5227 5335 5228
f 5334 5335 5227
f 5228 5336 5229
f 5335 5336 5228
f 5229 5337 5230
f 5336 5337 5229
f 5230 5338 5231
f 5337 5338 5230
f 5231 5339 5232
f 5338 5339 5231
f 5232 5340 5233
f 5339 5340 5232
f 5233 5341 5234
f 5340 5341 5233
f 5234 5342 5235
f 5341 5342 5234
f 5235 5343 5236
f 5342 5343 5235
f 5236 5344 5237
f 5343 5344 5236
f 5237 5345 5238
f 5344 5345 5237
f 5238 5346 5239
f 5345 5346 5238
f 5239 5347 5240
f 5346 5347 5239
f 5240 5348 5241
f 5347 5348 5240
f 5241 5349 5242
f 5348 5349 5241
f 5243 5242 5349
f 5243 5349 5350
f 5352 5351 5244
f 5352 5244 5245
f 5215 5244 5322
f 5322 5244 5351
f 5350 5353 5243
f 5243 5353 5246
f 5247 5246 5353
f 5247 5353 5354
f 5248 5352 5245
f 5248 5355 5352
f 5354 5249 5247
f 5356 5249 5354
f 5250 5355 5248
f 5250 5357 5355
f 5356 5251 5249
f 5358 5251 5356
f 5252 5357 5250
f 5252 5359 5357
f 5358 5253 5251
f 5360 5253 5358
f 5254 5359 5252
f 5254 5361 5359
f 5360 5255 5253
f 5362 5255 5360
f 5256 5361 5254
f 5256 5363 5361
f 5362 5257 5255
f 5364 5257 5362
f 5258 5363 5256
f 5258 5365 5363
f 5364 5259 5257
f 5366 5259 5364
f 5260 5365 5258
f 5260 5367 5365
f 5366 5261 5259
f 5368 5261 5366
f 5262 5367 5260
f 5262 5369 5367
f 5368 5263 5261
f 5370 5263 5368
f 5264 5369 5262
f 5264 5371 5369
f 5372 5265 5266
f 5267 5372 5266
f 5370 5268 5263
f 5373 5268 5370
f 5374 5371 5264
f 5374 5264 5269
f 5375 5269 5270
f 5375 5374 5269
f 5376 5270 5271
f 5376 5375 5270
f 5377 5271 5272
f 5377 5376 5271
f 5378 5272 5273
f 5378 5377 5272
f 5379 5273 5274
f 5379 5378 5273
f 5380 5274 5275
f 5380 5379 5274
f 5381 5275 5276
f 5381 5380 5275
f 5382 5276 5277
f 5382 5381 5276
f 5383 5277 5278
f 5383 5382 5277
f 5384 5278 5279
f 5384 5383 5278
f 5385 5279 5280
f 5385 5384 5279
f 5386 5280 5281
f 5386 5385 5280
f 5387 5281 5282
f 5387 5386 5281
f 5388 5282 5283
f 5388 5387 5282
f 5389 5283 5284
f 5389 5388 5283
f 5284 5265 5372
f 5390 5284 5372
f 5389 5284 5390
f 5390 5372 5267
f 5285 5390 5267
f 5391 5390 5285
f 5392 5285 5286
f 5392 5391 5285
f 5286 5287 5392
f 5392 5287 5393
f 5373 5288 5268
f 5394 5288 5373
f 5289 5393 5287
f 5289 5395 5393
f 5394 5290 5288
f 5396 5290 5394
f 5291 5395 5289
f 5291 5397 5395
f 5396 5292 5290
f 5398 5292 5396
f 5401 5400 5399
f 5400 5397 5399
f 5397 5293 5399
f 5397 5291 5293
f 5398 5294 5292
f 5402 5294 5398
f 5401 5399 5403
f 5401 5403 5404
f 5295 5403 5293
f 5293 5403 5399
f 5402 5296 5294
f 5405 5296 5402
f 5406 5404 5403
f 5403 5295 5406
f 5295 5407 5406
f 5295 5297 5407
f 5405 5298 5296
f 5408 5298 5405
f 5299 5407 5297
f 5299 5409 5407
f 5408 5300 5298
f 5410 5300 5408
f 5301 5409 5299
f 5301 5411 5409
f 5410 5302 5300
f 5412 5302 5410
f 5413 5411 5301
f 5413 5301 5303
f 5303 5304 5413
f 5413 5304 5414
f 5412 5305 5302
f 5415 5305 5412
f 5306 5414 5304
f 5306 5416 5414
f 5418 5417 5308
f 5308 5417 5307
f 5308 5305 5415
f 5308 5415 5418
f 5419 5416 5306
f 5419 5306 5309
f 5309 5310 5419
f 5419 5310 5420
f 5422 5421 5313
f 5313 5421 5312
f 5423 5313 5314
f 5423 5422 5313
f 5314 5307 5417
f 5314 5417 5423
f 5424 5420 5310
f 5424 5310 5315
f 5425 5315 5316
f 5425 5424 5315
f 5426 5316 5317
f 5426 5425 5316
f 5427 5317 5318
f 5427 5426 5317
f 5428 5318 5319
f 5428 5427 5318
f 5429 5319 5320
f 5429 5428 5319
f 5320 5312 5421
f 5320 5421 5429
f 5431 5430 5321
f 5431 5321 5322
f 5321 5432 5323
f 5430 5432 5321
f 5323 5433 5324
f 5432 5433 5323
f 5324 5434 5325
f 5433 5434 5324
f 5325 5435 5326
f 5434 5435 5325
f 5326 5436 5327
f 5435 5436 5326
f 5327 5437 5328
f 5436 5437 5327
f 5328 5438 5329
f 5437 5438 5328
f 5329 5439 5330
f 5438 5439 5329
f 5330 5440 5331
f 5439 5440 5330
f 5331 5441 5332
f 5440 5441 5331
f 5332 5442 5333
f 5441 5442 5332
f 5333 5443 5334
f 5442 5443 5333
f 5334 5444 5335
f 5443 5444 5334
f 5335 5445 5336
f 5444 5445 5335
f 5336 5446 5337
f 5445 5446 5336
f 5337 5447 5338
f 5446 5447 5337
f 5338 5448 5339
f 5447 5448 5338
f 5339 5449 5340
f 5448 5449 5339
f 5340 5450 5341
f 5449 5450 5340
f 5341 5451 5342
f 5450 5451 5341
f 5342 5452 5343
f 5451 5452 5342
f 5343 5453 5344
f 5452 5453 5343
f 5344 5454 5345
f 5453 5454 5344
f 5345 5455 5346
f 5454 5455 5345
f 5346 5456 5347
f 5455 5456 5346
f 5347 5457 5348
f 5456 5457 5347
f 5348 5458 5349
f 5457 5458 5348
f 5350 5349 5458
f 5350 5458 5459
f 5461 5460 5351
f 5461 5351 5352
f 5322 5351 5431
f 5431 5351 5460
f 5459 5462 5350
f 5350 5462 5353
f 5354 5353 5462
f 5354 5462 5463
f 5355 5461 5352
f 5355 5464 5461
f 5463 5356 5354
f 5465 5356 5463
f 5357 5464 5355
f 5357 5466 5464
f 5465 5358 5356
f 5467 5358 5465
f 5359 5466 5357
f 5359 5468 5466
f 5467 5360 5358
f 5469 5360 5467
f 5361 5468 5359
f 5361 5470 5468
f 5469 5362 5360
f 5471 5362 5469
f 5363 5470 5361
f 5363 5472 5470
f 5471 5364 5362
f 5473 5364 5471
f 5365 5472 5363
f 5365 5474 5472
f 5473 5366 5364
f 5475 5366 5473
f 5367 5474 5365
f 5367 5476 5474
f 5475 5368 5366
f 5477 5368 5475
f 5369 5476 5367
f 5369 5478 5476
f 5477 5370 5368
f 5479 5370 5477
f 5371 5478 5369
f 5371 5480 5478
f 5479 5373 5370
f 5481 5373 5479
f 5482 5480 5371
f 5482 5371 5374
f 5483 5374 5375
f 5483 5482 5374
f 5484 5375 5376
f 5484 5483 5375
f 5485 5376 5377
f 5485 5484 5376
f 5486 5377 5378
f 5486 5485 5377
f 5487 5378 5379
f 5487 5486 5378
f 5488 5379 5380
f 5488 5487 5379
f 5489 5380 5381
f 5489 5488 5380
f 5490 5381 5382
f 5490 5489 5381
f 5491 5382 5383
f 5491 5490 5382
f 5492 5383 5384
f 5492 5491 5383
f 5493 5384 5385
f 5493 5492 5384
f 5494 5385 5386
f 5494 5493 5385
f 5495 5386 5387
f 5495 5494 5386
f 5496 5387 5388
f 5496 5495 5387
f 5497 5388 5389
f 5497 5496 5388
f 5498 5389 5390
f 5498 5497 5389
f 5499 5390 5391
f 5499 5498 5390
f 5500 5391 5392
f 5500 5499 5391
f 5392 5393 5500
f 5500 5393 5501
f 5481 5394 5373
f 5502 5394 5481
f 5395 5501 5393
f 5395 5503 5501
f 5502 5396 5394
f 5504 5396 5502
f 5397 5503 5395
f 5397 5505 5503
f 5504 5398 5396
f 5506 5398 5504
f 5508 5507 5400
f 5508 5400 5401
f 5397 5400 5505
f 5505 5400 5507
f 5506 5402 5398
f 5509 5402 5506
f 5404 5508 5401
f 5404 5510 5508
f 5509 5405 5402
f 5511 5405 5509
f 5404 5406 5512
f 5513 5404 5512
f 5510 5404 5513
f 5407 5512 5406
f 5511 5408 5405
f 5514 5408 5511
f 5515 5513 5512
f 5512 5407 5515
f 5407 5516 5515
f 5407 5409 5516
f 5514 5410 5408
f 5517 5410 5514
f 5411 5516 5409
f 5411 5518 5516
f 5517 5412 5410
f 5519 5412 5517
f 5520 5518 5411
f 5520 5411 5413
f 5413 5414 5520
f 5520 5414 5521
f 5519 5415 5412
f 5522 5415 5519
f 5416 5521 5414
f 5416 5523 5521
f 5525 5524 5418
f 5418 5524 5417
f 5418 5415 5522
f 5418 5522 5525
f 5526 5523 5416
f 5526 5416 5419
f 5419 5420 5526
f 5526 5420 5527
f 5529 5528 5422
f 5422 5528 5421
f 5530 5422 5423
f 5530 5529 5422
f 5423 5417 5524
f 5423 5524 5530
f 5531 5527 5420
f 5531 5420 5424
f 5532 5424 5425
f 5532 5531 5424
f 5533 5425 5426
f 5533 5532 5425
f 5534 5426 5427
f 5534 5533 5426
f 5535 5427 5428
f 5535 5534 5427
f 5536 5428 5429
f 5536 5535 5428
f 5429 5421 5528
f 5429 5528 5536
f 5538 5537 5430
f 5538 5430 5431
f 5430 5539 5432
f 5537 5539 5430
f 5432 5540 5433
f 5539 5540 5432
f 5433 5541 5434
f 5540 5541 5433
f 5434 5542 5435
f 5541 5542 5434
f 5435 5543 5436
f 5542 5543 5435
f 5436 5544 5437
f 5543 5544 5436
f 5437 5545 5438
f 5544 5545 5437
f 5438 5546 5439
f 5545 5546 5438
f 5439 5547 5440
f 5546 5547 5439
f 5440 5548 5441
f 5547 5548 5440
f 5441 5549 5442
f 5548 5549 5441
f 5442 5550 5443
f 5549 5550 5442
f 5443 5551 5444
f 5550 5551 5443
f 5444 5552 5445
f 5551 5552 5444
f 5445 5553 5446
f 5552 5553 5445
f 5446 5554 5447
f 5553 5554 5446
f 5447 5555 5448
f 5554 5555 5447
f 5448 5556 5449
f 5555 5556 5448
f 5449 5557 5450
f 5556 5557 5449
f 5450 5558 5451
f 5557 5558 5450
f 5451 5559 5452
f 5558 5559 5451
f 5452 5560 5453
f 5559 5560 5452
f 5453 5561 5454
f 5560 5561 5453
f 5454 5562 5455
f 5561 5562 5454
f 5455 5563 5456
f 5562 5563 5455
f 5456 5564 5457
f 5563 5564 5456
f 5457 5565 5458
f 5564 5565 5457
f 5459 5458 5565
f 5459 5565 5566
f 5568 5567 5460
f 5568 5460 5461
f 5431 5460 5538
f 5538 5460 5567
f 5566 5569 5459
f 5459 5569 5462
f 5463 5462 5569
f 5463 5569 5570
f 5464 5568 5461
f 5464 5571 5568
f 5570 5465 5463
f 5572 5465 5570
f 5466 5571 5464
f 5466 5573 5571
f 5572 5467 5465
f 5574 5467 5572
f 5468 5573 5466
f 5468 5575 5573
f 5574 5469 5467
f 5576 5469 5574
f 5470 5575 5468
f 5470 5577 5575
f 5576 5471 5469
f 5578 5471 5576
f 5472 5577 5470
f 5472 5579 5577
f 5578 5473 5471
f 5580 5473 5578
f 5474 5579 5472
f 5474 5581 5579
f 5580 5475 5473
f 5582 5475 5580
f 5476 5581 5474
f 5476 5583 5581
f 5582 5477 5475
f 5584 5477 5582
f 5478 5583 5476
f 5478 5585 5583
f 5584 5479 5477
f 5586 5479 5584
f 5480 5585 5478
f 5480 5587 5585
f 5586 5481 5479
f 5588 5481 5586
f 5589 5587 5480
f 5589 5480 5482
f 5590 5482 5483
f 5590 5589 5482
f 5591 5483 5484
f 5591 5590 5483
f 5592 5484 5485
f 5592 5591 5484
f 5593 5485 5486
f 5593 5592 5485
f 5594 5486 5487
f 5594 5593 5486
f 5595 5487 5488
f 5595 5594 5487
f 5596 5488 5489
f 5596 5595 5488
f 5597 5489 5490
f 5597 5596 5489
f 5598 5490 5491
f 5598 5597 5490
f 5599 5491 5492
f 5599 5598 5491
f 5600 5492 5493
f 5600 5599 5492
f 5601 5493 5494
f 5601 5600 5493
f 5602 5494 5495
f 5602 5601 5494
f 5603 5495 5496
f 5603 5602 5495
f 5604 5496 5497
f 5604 5603 5496
f 5605 5497 5498
f 5605 5604 5497
f 5606 5498 5499
f 5606 5605 5498
f 5608 5606 5607
f 5606 5500 5607
f 5606 5499 5500
f 5501 5607 5500
f 5588 5502 5481
f 5609 5502 5588
f 5608 5607 5610
f 5608 5610 5611
f 5503 5610 5501
f 5501 5610 5607
f 5609 5504 5502
f 5612 5504 5609
f 5611 5610 5613
f 5611 5613 5614
f 5505 5613 5503
f 5503 5613 5610
f 5612 5506 5504
f 5615 5506 5612
f 5614 5613 5507
f 5508 5614 5507
f 5616 5614 5508
f 5507 5613 5505
f 5615 5509 5506
f 5617 5509 5615
f 5510 5616 5508
f 5510 5618 5616
f 5617 5511 5509
f 5619 5511 5617
f 5513 5618 5510
f 5513 5620 5618
f 5619 5514 5511
f 5621 5514 5619
f 5622 5620 5513
f 5622 5513 5515
f 5515 5516 5622
f 5622 5516 5623
f 5621 5517 5514
f 5624 5517 5621
f 5518 5623 5516
f 5518 5625 5623
f 5624 5519 5517
f 5626 5519 5624
f 5627 5625 5518
f 5627 5518 5520
f 5520 5521 5627
f 5627 5521 5628
f 5631 5630 5629
f 5626 5631 5629
f 5522 5626 5629
f 5519 5626 5522
f 5523 5628 5521
f 5523 5632 5628
f 5629 5630 5525
f 5630 5524 5525
f 5630 5633 5524
f 5629 5525 5522
f 5634 5632 5523
f 5634 5523 5526
f 5526 5527 5634
f 5634 5527 5635
f 5637 5636 5529
f 5529 5636 5528
f 5638 5529 5530
f 5638 5637 5529
f 5530 5524 5633
f 5530 5633 5638
f 5639 5635 5527
f 5639 5527 5531
f 5640 5531 5532
f 5640 5639 5531
f 5641 5532 5533
f 5641 5640 5532
f 5642 5533 5534
f 5642 5641 5533
f 5643 5534 5535
f 5643 5642 5534
f 5644 5535 5536
f 5644 5643 5535
f 5536 5528 5636
f 5536 5636 5644
f 5646 5645 5537
f 5646 5537 5538
f 5537 5647 5539
f 5645 5647 5537
f 5539 5648 5540
f 5647 5648 5539
f 5540 5649 5541
f 5648 5649 5540
f 5541 5650 5542
f 5649 5650 5541
f 5542 5651 5543
f 5650 5651 5542
f 5543 5652 5544
f 5651 5652 5543
f 5544 5653 5545
f 5652 5653 5544
f 5545 5654 5546
f 5653 5654 5545
f 5546 5655 5547
f 5654 5655 5546
f 5547 5656 5548
f 5655 5656 5547
f 5548 5657 5549
f 5656 5657 5548
f 5549 5658 5550
f 5657 5658 5549
f 5550 5659 5551
f 5658 5659 5550
f 5551 5660 5552
f 5659 5660 5551
f 5552 5661 5553
f 5660 5661 5552
f 5553 5662 5554
f 5661 5662 5553
f 5554 5663 5555
f 5662 5663 5554
f 5555 5664 5556
f 5663 5664 5555
f 5556 5665 5557
f 5664 5665 5556
f 5557 5666 5558
f 5665 5666 5557
f 5558 5667 5559
f 5666 5667 5558
f 5559 5668 5560
f 5667 5668 5559
f 5560 5669 5561
f 5668 5669 5560
f 5561 5670 5562
f 5669 5670 5561
f 5562 5671 5563
f 5670 5671 5562
f 5563 5672 5564
f 5671 5672 5563
f 5564 5673 5565
f 5672 5673 5564
f 5566 5565 5673
f 5566 5673 5674
f 5676 5675 5567
f 5676 5567 5568
f 5538 5567 5646
f 5646 5567 5675
f 5674 5677 5566
f 5566 5677 5569
f 5570 5569 5677
f 5570 5677 5678
f 5571 5676 5568
f 5571 5679 5676
f 5678 5572 5570
f 5680 5572 5678
f 5573 5679 5571
f 5573 5681 5679
f 5680 5574 5572
f 5682 5574 5680
f 5575 5681 5573
f 5575 5683 5681
f 5682 5576 5574
f 5684 5576 5682
f 5577 5683 5575
f 5577 5685 5683
f 5684 5578 5576
f 5686 5578 5684
f 5579 5685 5577
f 5579 5687 5685
f 5686 5580 5578
f 5688 5580 5686
f 5581 5687 5579
f 5581 5689 5687
f 5688 5582 5580
f 5690 5582 5688
f 5583 5689 5581
f 5583 5691 5689
f 5690 5584 5582
f 5692 5584 5690
f 5585 5691 5583
f 5585 5693 5691
f 5692 5586 5584
f 5694 5586 5692
f 5587 5693 5585
f 5587 5695 5693
f 5694 5588 5586
f 5696 5588 5694
f 5697 5695 5587
f 5697 5587 5589
f 5698 5589 5590
f 5698 5697 5589
f 5700 5698 5699
f 5698 5591 5699
f 5698 5590 5591
f 5592 5701 5591
f 5591 5701 5699
f 5593 5702 5592
f 5592 5702 5701
f 5594 5703 5593
f 5593 5703 5702
f 5703 5594 5704
f 5594 5705 5704
f 5594 5595 5705
f 5706 5595 5596
f 5706 5705 5595
f 5707 5596 5597
f 5707 5706 5596
f 5708 5597 5598
f 5708 5707 5597
f 5709 5598 5599
f 5709 5708 5598
f 5710 5599 5600
f 5710 5709 5599
f 5711 5600 5601
f 5711 5710 5600
f 5712 5601 5602
f 5712 5711 5601
f 5713 5602 5603
f 5713 5712 5602
f 5714 5603 5604
f 5714 5713 5603
f 5716 5714 5715
f 5714 5605 5715
f 5714 5604 5605
f 5606 5717 5605
f 5605 5717 5715
f 5608 5717 5606
f 5696 5609 5588
f 5718 5609 5696
f 5721 5720 5719
f 5719 5720 5700
f 5699 5719 5700
f 5722 5719 5699
f 5723 5699 5701
f 5722 5699 5723
f 5724 5701 5702
f 5723 5701 5724
f 5725 5702 5703
f 5724 5702 5725
f 5703 5704 5726
f 5727 5703 5726
f 5725 5703 5727
f 5728 5727 5726
f 5731 5730 5729
f 5729 5730 5716
f 5715 5729 5716
f 5732 5729 5715
f 5733 5715 5717
f 5732 5715 5733
f 5611 5733 5608
f 5608 5733 5717
f 5718 5612 5609
f 5734 5612 5718
f 5721 5719 5735
f 5721 5735 5736
f 5737 5719 5722
f 5735 5719 5737
f 5738 5722 5723
f 5737 5722 5738
f 5739 5723 5724
f 5738 5723 5739
f 5740 5724 5725
f 5739 5724 5740
f 5741 5725 5727
f 5740 5725 5741
f 5727 5728 5742
f 5743 5727 5742
f 5741 5727 5743
f 5744 5743 5742
f 5731 5729 5745
f 5731 5745 5746
f 5747 5729 5732
f 5745 5729 5747
f 5748 5732 5733
f 5747 5732 5748
f 5614 5748 5611
f 5611 5748 5733
f 5734 5615 5612
f 5749 5615 5734
f 5736 5735 5750
f 5736 5750 5751
f 5752 5735 5737
f 5750 5735 5752
f 5753 5737 5738
f 5752 5737 5753
f 5754 5738 5739
f 5753 5738 5754
f 5755 5739 5740
f 5754 5739 5755
f 5756 5740 5741
f 5755 5740 5756
f 5757 5741 5743
f 5756 5741 5757
f 5743 5744 5758
f 5759 5743 5758
f 5757 5743 5759
f 5760 5759 5758
f 5761 5746 5745
f 5763 5762 5761
f 5745 5763 5761
f 5747 5763 5745
f 5764 5747 5748
f 5763 5747 5764
f 5616 5764 5614
f 5614 5764 5748
f 5749 5617 5615
f 5765 5617 5749
f 5766 5751 5750
f 5766 5750 5752
f 5766 5752 5767
f 5767 5752 5753
f 5767 5753 5768
f 5770 5769 5768
f 5753 5770 5768
f 5754 5770 5753
f 5771 5754 5755
f 5770 5754 5771
f 5756 5773 5772
f 5771 5756 5772
f 5755 5756 5771
f 5773 5756 5757
f 5773 5757 5774
f 5774 5757 5759
f 5774 5759 5775
f 5775 5759 5760
f 5762 5763 5776
f 5762 5776 5777
f 5778 5763 5764
f 5776 5763 5778
f 5618 5778 5616
f 5616 5778 5764
f 5765 5619 5617
f 5779 5619 5765
f 5780 5769 5770
f 5780 5770 5771
f 5780 5771 5781
f 5781 5771 5772
f 5782 5777 5776
f 5784 5783 5782
f 5776 5784 5782
f 5778 5784 5776
f 5620 5784 5618
f 5618 5784 5778
f 5779 5621 5619
f 5785 5621 5779
f 5786 5783 5784
f 5788 5786 5787
f 5787 5786 5622
f 5786 5784 5622
f 5784 5620 5622
f 5623 5787 5622
f 5785 5624 5621
f 5789 5624 5785
f 5788 5787 5790
f 5788 5790 5791
f 5625 5790 5623
f 5623 5790 5787
f 5789 5626 5624
f 5792 5626 5789
f 5793 5791 5790
f 5795 5793 5794
f 5794 5793 5627
f 5793 5790 5627
f 5790 5625 5627
f 5628 5794 5627
f 5797 5796 5631
f 5631 5796 5630
f 5631 5626 5792
f 5631 5792 5797
f 5798 5795 5794
f 5794 5628 5798
f 5628 5799 5798
f 5628 5632 5799
f 5796 5633 5630
f 5800 5633 5796
f 5801 5799 5632
f 5801 5632 5634
f 5634 5635 5801
f 5801 5635 5802
f 5804 5803 5637
f 5637 5803 5636
f 5805 5637 5638
f 5805 5804 5637
f 5638 5633 5800
f 5638 5800 5805
f 5806 5802 5635
f 5806 5635 5639
f 5807 5639 5640
f 5807 5806 5639
f 5808 5640 5641
f 5808 5807 5640
f 5809 5641 5642
f 5809 5808 5641
f 5810 5642 5643
f 5810 5809 5642
f 5811 5643 5644
f 5811 5810 5643
f 5644 5636 5803
f 5644 5803 5811
f 5813 5812 5645
f 5813 5645 5646
f 5645 5814 5647
f 5812 5814 5645
f 5647 5815 5648
f 5814 5815 5647
f 5648 5816 5649
f 5815 5816 5648
f 5649 5817 5650
f 5816 5817 5649
f 5650 5818 5651
f 5817 5818 5650
f 5651 5819 5652
f 5818 5819 5651
f 5652 5820 5653
f 5819 5820 5652
f 5653 5821 5654
f 5820 5821 5653
f 5654 5822 5655
f 5821 5822 5654
f 5655 5823 5656
f 5822 5823 5655
f 5656 5824 5657
f 5823 5824 5656
f 5657 5825 5658
f 5824 5825 5657
f 5658 5826 5659
f 5825 5826 5658
f 5659 5827 5660
f 5826 5827 5659
f 5660 5828 5661
f 5827 5828 5660
f 5661 5829 5662
f 5828 5829 5661
f 5662 5830 5663
f 5829 5830 5662
f 5663 5831 5664
f 5830 5831 5663
f 5664 5832 5665
f 5831 5832 5664
f 5665 5833 5666
f 5832 5833 5665
f 5666 5834 5667
f 5833 5834 5666
f 5667 5835 5668
f 5834 5835 5667
f 5668 5836 5669
f 5835 5836 5668
f 5669 5837 5670
f 5836 5837 5669
f 5670 5838 5671
f 5837 5838 5670
f 5671 5839 5672
f 5838 5839 5671
f 5672 5840 5673
f 5839 5840 5672
f 5674 5673 5840
f 5674 5840 5841
f 5843 5842 5675
f 5843 5675 5676
f 5646 5675 5813
f 5813 5675 5842
f 5841 5844 5674
f 5674 5844 5677
f 5678 5677 5844
f 5678 5844 5845
f 5679 5843 5676
f 5679 5846 5843
f 5845 5680 5678
f 5847 5680 5845
f 5681 5846 5679
f 5681 5848 5846
f 5847 5682 5680
f 5849 5682 5847
f 5683 5848 5681
f 5683 5850 5848
f 5849 5684 5682
f 5851 5684 5849
f 5685 5850 5683
f 5685 5852 5850
f 5851 5686 5684
f 5853 5686 5851
f 5687 5852 5685
f 5687 5854 5852
f 5853 5688 5686
f 5855 5688 5853
f 5689 5854 5687
f 5689 5856 5854
f 5855 5690 5688
f 5857 5690 5855
f 5691 5856 5689
f 5691 5858 5856
f 5857 5692 5690
f 5859 5692 5857
f 5693 5858 5691
f 5693 5860 5858
f 5859 5694 5692
f 5861 5694 5859
f 5695 5860 5693
f 5695 5862 5860
f 5861 5696 5694
f 5863 5696 5861
f 5864 5862 5695
f 5864 5695 5697
f 5866 5864 5865
f 5864 5698 5865
f 5864 5697 5698
f 5700 5865 5698
f 5867 5704 5705
f 5706 5868 5705
f 5705 5868 5867
f 5707 5869 5706
f 5706 5869 5868
f 5708 5870 5707
f 5707 5870 5869
f 5709 5871 5708
f 5708 5871 5870
f 5710 5872 5709
f 5709 5872 5871
f 5711 5873 5710
f 5710 5873 5872
f 5712 5874 5711
f 5711 5874 5873
f 5713 5875 5712
f 5712 5875 5874
f 5714 5876 5713
f 5713 5876 5875
f 5716 5876 5714
f 5863 5718 5696
f 5877 5718 5863
f 5880 5879 5878
f 5878 5879 5866
f 5878 5866 5865
f 5721 5878 5865
f 5720 5721 5865
f 5720 5865 5700
f 5867 5726 5704
f 5726 5867 5728
f 5867 5881 5728
f 5867 5868 5881
f 5882 5868 5869
f 5881 5868 5882
f 5883 5869 5870
f 5882 5869 5883
f 5884 5870 5871
f 5883 5870 5884
f 5885 5871 5872
f 5884 5871 5885
f 5886 5872 5873
f 5885 5872 5886
f 5887 5873 5874
f 5886 5873 5887
f 5888 5874 5875
f 5887 5874 5888
f 5731 5888 5730
f 5888 5876 5730
f 5888 5875 5876
f 5730 5876 5716
f 5877 5734 5718
f 5889 5734 5877
f 5880 5878 5890
f 5880 5890 5891
f 5736 5890 5721
f 5721 5890 5878
f 5881 5742 5728
f 5742 5881 5744
f 5881 5892 5744
f 5881 5882 5892
f 5893 5882 5883
f 5892 5882 5893
f 5894 5883 5884
f 5893 5883 5894
f 5895 5884 5885
f 5894 5884 5895
f 5896 5885 5886
f 5895 5885 5896
f 5897 5886 5887
f 5896 5886 5897
f 5898 5887 5888
f 5897 5887 5898
f 5746 5898 5731
f 5731 5898 5888
f 5889 5749 5734
f 5899 5749 5889
f 5891 5890 5900
f 5891 5900 5901
f 5751 5900 5736
f 5736 5900 5890
f 5892 5758 5744
f 5758 5892 5760
f 5892 5902 5760
f 5892 5893 5902
f 5903 5893 5894
f 5902 5893 5903
f 5904 5894 5895
f 5903 5894 5904
f 5905 5895 5896
f 5904 5895 5905
f 5906 5896 5897
f 5905 5896 5906
f 5907 5897 5898
f 5906 5897 5907
f 5761 5908 5746
f 5908 5898 5746
f 5908 5907 5898
f 5762 5908 5761
f 5899 5765 5749
f 5909 5765 5899
f 5901 5900 5910
f 5901 5910 5911
f 5766 5912 5751
f 5912 5900 5751
f 5912 5910 5900
f 5767 5913 5766
f 5766 5913 5912
f 5768 5914 5767
f 5767 5914 5913
f 5769 5914 5768
f 5915 5772 5773
f 5774 5916 5773
f 5773 5916 5915
f 5775 5917 5774
f 5774 5917 5916
f 5760 5902 5775
f 5902 5917 5775
f 5902 5918 5917
f 5919 5902 5903
f 5918 5902 5919
f 5920 5903 5904
f 5919 5903 5920
f 5921 5904 5905
f 5920 5904 5921
f 5922 5905 5906
f 5921 5905 5922
f 5923 5906 5907
f 5922 5906 5923
f 5924 5907 5908
f 5923 5907 5924
f 5777 5924 5762
f 5762 5924 5908
f 5909 5779 5765
f 5925 5779 5909
f 5926 5911 5910
f 5928 5927 5926
f 5910 5928 5926
f 5912 5928 5910
f 5929 5912 5913
f 5928 5912 5929
f 5930 5913 5914
f 5929 5913 5930
f 5780 5931 5769
f 5931 5914 5769
f 5931 5930 5914
f 5781 5932 5780
f 5780 5932 5931
f 5772 5915 5781
f 5915 5932 5781
f 5915 5933 5932
f 5934 5915 5916
f 5933 5915 5934
f 5935 5916 5917
f 5934 5916 5935
f 5936 5917 5918
f 5935 5917 5936
f 5937 5918 5919
f 5936 5918 5937
f 5938 5919 5920
f 5937 5919 5938
f 5939 5920 5921
f 5938 5920 5939
f 5940 5921 5922
f 5939 5921 5940
f 5941 5922 5923
f 5940 5922 5941
f 5942 5923 5924
f 5941 5923 5942
f 5782 5943 5777
f 5943 5924 5777
f 5943 5942 5924
f 5783 5943 5782
f 5925 5785 5779
f 5944 5785 5925
f 5945 5927 5928
f 5947 5946 5945
f 5928 5947 5945
f 5929 5947 5928
f 5948 5929 5930
f 5947 5929 5948
f 5949 5930 5931
f 5948 5930 5949
f 5950 5931 5932
f 5949 5931 5950
f 5951 5932 5933
f 5950 5932 5951
f 5952 5933 5934
f 5951 5933 5952
f 5953 5934 5935
f 5952 5934 5953
f 5954 5935 5936
f 5953 5935 5954
f 5955 5936 5937
f 5954 5936 5955
f 5956 5937 5938
f 5955 5937 5956
f 5957 5938 5939
f 5956 5938 5957
f 5958 5939 5940
f 5957 5939 5958
f 5959 5940 5941
f 5958 5940 5959
f 5960 5941 5942
f 5959 5941 5960
f 5961 5942 5943
f 5960 5942 5961
f 5786 5962 5783
f 5962 5943 5783
f 5962 5961 5943
f 5788 5962 5786
f 5944 5789 5785
f 5963 5789 5944
f 5964 5946 5947
f 5964 5947 5948
f 5964 5948 5965
f 5965 5948 5949
f 5965 5949 5966
f 5966 5949 5950
f 5966 5950 5967
f 5967 5950 5951
f 5967 5951 5968
f 5968 5951 5952
f 5968 5952 5969
f 5971 5970 5969
f 5952 5971 5969
f 5953 5971 5952
f 5972 5953 5954
f 5971 5953 5972
f 5973 5954 5955
f 5972 5954 5973
f 5974 5955 5956
f 5973 5955 5974
f 5975 5956 5957
f 5974 5956 5975
f 5976 5957 5958
f 5975 5957 5976
f 5977 5958 5959
f 5976 5958 5977
f 5978 5959 5960
f 5977 5959 5978
f 5979 5960 5961
f 5978 5960 5979
f 5980 5961 5962
f 5979 5961 5980
f 5791 5980 5788
f 5788 5980 5962
f 5963 5792 5789
f 5981 5792 5963
f 5982 5970 5971
f 5982 5971 5972
f 5982 5972 5983
f 5983 5972 5973
f 5983 5973 5984
f 5984 5973 5974
f 5984 5974 5985
f 5985 5974 5975
f 5985 5975 5986
f 5986 5975 5976
f 5986 5976 5987
f 5987 5976 5977
f 5987 5977 5988
f 5988 5977 5978
f 5988 5978 5989
f 5989 5978 5979
f 5989 5979 5990
f 5990 5979 5980
f 5990 5980 5991
f 5993 5991 5992
f 5992 5991 5793
f 5991 5980 5793
f 5980 5791 5793
f 5795 5992 5793
f 5995 5994 5797
f 5797 5994 5796
f 5797 5792 5981
f 5797 5981 5995
f 5996 5993 5992
f 5996 5992 5795
f 5798 5996 5795
f 5997 5996 5798
f 5798 5799 5997
f 5997 5799 5998
f 5994 5800 5796
f 5999 5800 5994
f 6000 5998 5799
f 6000 5799 5801
f 5801 5802 6000
f 6000 5802 6001
f 6004 6003 6002
f 5803 5804 6002
f 5804 6004 6002
f 5804 6005 6004
f 6006 5804 5805
f 6006 6005 5804
f 5805 5800 5999
f 5805 5999 6006
f 6007 6001 5802
f 6007 5802 5806
f 6008 5806 5807
f 6008 6007 5806
f 6009 5807 5808
f 6009 6008 5807
f 6010 5808 5809
f 6010 6009 5808
f 6011 5809 5810
f 6011 6010 5809
f 5811 6002 6003
f 6011 5811 6003
f 5810 5811 6011
f 6002 5811 5803
f 6013 6012 5812
f 6013 5812 5813
f 5812 6014 5814
f 6012 6014 5812
f 5814 6015 5815
f 6014 6015 5814
f 5815 6016 5816
f 6015 6016 5815
f 5816 6017 5817
f 6016 6017 5816
f 5817 6018 5818
f 6017 6018 5817
f 5818 6019 5819
f 6018 6019 5818
f 5819 6020 5820
f 6019 6020 5819
f 5820 6021 5821
f 6020 6021 5820
f 5821 6022 5822
f 6021 6022 5821
f 5822 6023 5823
f 6022 6023 5822
f 5823 6024 5824
f 6023 6024 5823
f 5824 6025 5825
f 6024 6025 5824
f 5825 6026 5826
f 6025 6026 5825
f 5826 6027 5827
f 6026 6027 5826
f 5827 6028 5828
f 6027 6028 5827
f 5828 6029 5829
f 6028 6029 5828
f 5829 6030 5830
f 6029 6030 5829
f 5830 6031 5831
f 6030 6031 5830
f 5831 6032 5832
f 6031 6032 5831
f 5832 6033 5833
f 6032 6033 5832
f 5833 6034 5834
f 6033 6034 5833
f 5834 6035 5835
f 6034 6035 5834
f 5835 6036 5836
f 6035 6036 5835
f 5836 6037 5837
f 6036 6037 5836
f 5837 6038 5838
f 6037 6038 5837
f 5838 6039 5839
f 6038 6039 5838
f 5839 6040 5840
f 6039 6040 5839
f 5841 5840 6040
f 5841 6040 6041
f 6043 6042 5842
f 6043 5842 5843
f 5813 5842 6013
f 6013 5842 6042
f 6041 6044 5841
f 5841 6044 5844
f 5845 5844 6044
f 5845 6044 6045
f 5846 6043 5843
f 5846 6046 6043
f 6045 5847 5845
f 6047 5847 6045
f 5848 6046 5846
f 5848 6048 6046
f 6047 5849 5847
f 6049 5849 6047
f 5850 6048 5848
f 5850 6050 6048
f 6049 5851 5849
f 6051 5851 6049
f 5852 6050 5850
f 5852 6052 6050
f 6051 5853 5851
f 6053 5853 6051
f 5854 6052 5852
f 5854 6054 6052
f 6053 5855 5853
f 6055 5855 6053
f 5856 6054 5854
f 5856 6056 6054
f 6055 5857 5855
f 6057 5857 6055
f 5858 6056 5856
f 5858 6058 6056
f 6057 5859 5857
f 6059 5859 6057
f 5860 6058 5858
f 5860 6060 6058
f 6059 5861 5859
f 6061 5861 6059
f 5862 6060 5860
f 5862 6062 6060
f 6061 5863 5861
f 6063 5863 6061
f 5862 5864 6064
f 6065 5862 6064
f 6062 5862 6065
f 5866 6064 5864
f 6063 5877 5863
f 6066 5877 6063
f 6065 6064 5879
f 5880 6065 5879
f 6067 6065 5880
f 5879 6064 5866
f 6066 5889 5877
f 6068 5889 6066
f 5891 6067 5880
f 5891 6069 6067
f 6068 5899 5889
f 6070 5899 6068
f 5901 6069 5891
f 5901 6071 6069
f 6070 5909 5899
f 6072 5909 6070
f 5911 6071 5901
f 5911 6073 6071
f 6072 5925 5909
f 6074 5925 6072
f 5911 5926 6075
f 6076 5911 6075
f 6073 5911 6076
f 5927 6075 5926
f 6074 5944 5925
f 6077 5944 6074
f 6078 6076 6075
f 6080 6078 6079
f 6079 6078 5945
f 6078 6075 5945
f 6075 5927 5945
f 5946 6079 5945
f 6077 5963 5944
f 6081 5963 6077
f 6082 6080 6079
f 6082 6079 5946
f 5964 6082 5946
f 6083 6082 5964
f 6085 6083 6084
f 6083 5965 6084
f 6083 5964 5965
f 5966 6086 5965
f 5965 6086 6084
f 5967 6087 5966
f 5966 6087 6086
f 5968 6088 5967
f 5967 6088 6087
f 5969 6089 5968
f 5968 6089 6088
f 5970 6089 5969
f 6081 5981 5963
f 6090 5981 6081
f 6091 6085 6084
f 6091 6084 6086
f 6091 6086 6092
f 6092 6086 6087
f 6092 6087 6093
f 6093 6087 6088
f 6093 6088 6094
f 6094 6088 6089
f 6094 6089 6095
f 6095 6089 5970
f 5982 6095 5970
f 6096 6095 5982
f 6097 5982 5983
f 6097 6096 5982
f 6099 6097 6098
f 6097 5984 6098
f 6097 5983 5984
f 5985 6100 5984
f 5984 6100 6098
f 5986 6101 5985
f 5985 6101 6100
f 5987 6102 5986
f 5986 6102 6101
f 5988 6103 5987
f 5987 6103 6102
f 5989 6104 5988
f 5988 6104 6103
f 5990 6105 5989
f 5989 6105 6104
f 5991 6106 5990
f 5990 6106 6105
f 5993 6106 5991
f 6108 6107 5995
f 5995 6107 5994
f 5995 5981 6090
f 5995 6090 6108
f 6109 6099 6098
f 6109 6098 6100
f 6109 6100 6110
f 6110 6100 6101
f 6110 6101 6111
f 6111 6101 6102
f 6111 6102 6112
f 6112 6102 6103
f 6112 6103 6113
f 6113 6103 6104
f 6113 6104 6114
f 6114 6104 6105
f 6114 6105 6115
f 6115 6105 6106
f 6115 6106 6116
f 6116 6106 5993
f 5996 6116 5993
f 6117 6116 5996
f 6119 6117 6118
f 6117 5997 6118
f 6117 5996 5997
f 5998 6118 5997
f 6107 5999 5994
f 6120 5999 6107
f 6121 6119 6118
f 6121 6118 5998
f 6000 6121 5998
f 6122 6121 6000
f 6000 6001 6122
f 6122 6001 6123
f 6126 6125 6124
f 6003 6004 6124
f 6004 6126 6124
f 6004 6127 6126
f 6128 6004 6005
f 6128 6127 6004
f 6129 6005 6006
f 6129 6128 6005
f 6006 5999 6120
f 6006 6120 6129
f 6130 6123 6001
f 6130 6001 6007
f 6131 6007 6008
f 6131 6130 6007
f 6132 6008 6009
f 6132 6131 6008
f 6133 6009 6010
f 6133 6132 6009
f 6011 6124 6125
f 6133 6011 6125
f 6010 6011 6133
f 6124 6011 6003
f 6135 6134 6012
f 6135 6012 6013
f 6012 6136 6014
f 6134 6136 6012
f 6014 6137 6015
f 6136 6137 6014
f 6015 6138 6016
f 6137 6138 6015
f 6016 6139 6017
f 6138 6139 6016
f 6017 6140 6018
f 6139 6140 6017
f 6018 6141 6019
f 6140 6141 6018
f 6019 6142 6020
f 6141 6142 6019
f 6020 6143 6021
f 6142 6143 6020
f 6021 6144 6022
f 6143 6144 6021
f 6022 6145 6023
f 6144 6145 6022
f 6023 6146 6024
f 6145 6146 6023
f 6024 6147 6025
f 6146 6147 6024
f 6025 6148 6026
f 6147 6148 6025
f 6026 6149 6027
f 6148 6149 6026
f 6027 6150 6028
f 6149 6150 6027
f 6028 6151 6029
f 6150 6151 6028
f 6029 6152 6030
f 6151 6152 6029
f 6030 6153 6031
f 6152 6153 6030
f 6031 6154 6032
f 6153 6154 6031
f 6032 6155 6033
f 6154 6155 6032
f 6033 6156 6034
f 6155 6156 6033
f 6034 6157 6035
f 6156 6157 6034
f 6035 6158 6036
f 6157 6158 6035
f 6036 6159 6037
f 6158 6159 6036
f 6037 6160 6038
f 6159 6160 6037
f 6038 6161 6039
f 6160 6161 6038
f 6039 6162 6040
f 6161 6162 6039
f 6041 6040 6162
f 6041 6162 6163
f 6165 6164 6042
f 6165 6042 6043
f 6013 6042 6135
f 6135 6042 6164
f 6163 6166 6041
f 6041 6166 6044
f 6045 6044 6166
f 6045 6166 6167
f 6046 6165 6043
f 6046 6168 6165
f 6167 6047 6045
f 6169 6047 6167
f 6048 6168 6046
f 6048 6170 6168
f 6169 6049 6047
f 6171 6049 6169
f 6050 6170 6048
f 6050 6172 6170
f 6171 6051 6049
f 6173 6051 6171
f 6052 6172 6050
f 6052 6174 6172
f 6173 6053 6051
f 6175 6053 6173
f 6054 6174 6052
f 6054 6176 6174
f 6175 6055 6053
f 6177 6055 6175
f 6056 6176 6054
f 6056 6178 6176
f 6177 6057 6055
f 6179 6057 6177
f 6058 6178 6056
f 6058 6180 6178
f 6179 6059 6057
f 6181 6059 6179
f 6060 6180 6058
f 6060 6182 6180
f 6181 6061 6059
f 6183 6061 6181
f 6062 6182 6060
f 6062 6184 6182
f 6183 6063 6061
f 6185 6063 6183
f 6065 6184 6062
f 6065 6186 6184
f 6185 6066 6063
f 6187 6066 6185
f 6067 6186 6065
f 6067 6188 6186
f 6187 6068 6066
f 6189 6068 6187
f 6069 6188 6067
f 6069 6190 6188
f 6189 6070 6068
f 6191 6070 6189
f 6071 6190 6069
f 6071 6192 6190
f 6191 6072 6070
f 6193 6072 6191
f 6073 6192 6071
f 6073 6194 6192
f 6193 6074 6072
f 6195 6074 6193
f 6076 6194 6073
f 6076 6196 6194
f 6195 6077 6074
f 6197 6077 6195
f 6076 6078 6198
f 6199 6076 6198
f 6196 6076 6199
f 6080 6198 6078
f 6197 6081 6077
f 6200 6081 6197
f 6201 6199 6198
f 6201 6198 6080
f 6082 6201 6080
f 6202 6201 6082
f 6204 6202 6203
f 6202 6083 6203
f 6202 6082 6083
f 6085 6203 6083
f 6207 6206 6205
f 6200 6207 6205
f 6090 6200 6205
f 6081 6200 6090
f 6208 6204 6203
f 6208 6203 6085
f 6091 6208 6085
f 6209 6208 6091
f 6210 6091 6092
f 6210 6209 6091
f 6211 6092 6093
f 6211 6210 6092
f 6212 6093 6094
f 6212 6211 6093
f 6213 6094 6095
f 6213 6212 6094
f 6215 6213 6214
f 6213 6096 6214
f 6213 6095 6096
f 6097 6216 6096
f 6096 6216 6214
f 6099 6216 6097
f 6205 6206 6108
f 6206 6107 6108
f 6206 6217 6107
f 6205 6108 6090
f 6218 6215 6214
f 6218 6214 6216
f 6218 6216 6219
f 6219 6216 6099
f 6109 6219 6099
f 6220 6219 6109
f 6221 6109 6110
f 6221 6220 6109
f 6222 6110 6111
f 6222 6221 6110
f 6223 6111 6112
f 6223 6222 6111
f 6224 6112 6113
f 6224 6223 6112
f 6225 6113 6114
f 6225 6224 6113
f 6226 6114 6115
f 6226 6225 6114
f 6227 6115 6116
f 6227 6226 6115
f 6228 6116 6117
f 6228 6227 6116
f 6230 6229 6119
f 6229 6117 6119
f 6229 6228 6117
f 6230 6231 6229
f 6234 6233 6232
f 6217 6234 6232
f 6120 6217 6232
f 6107 6217 6120
f 6121 6230 6119
f 6235 6231 6230
f 6121 6235 6230
f 6122 6235 6121
f 6237 6236 6123
f 6236 6122 6123
f 6236 6235 6122
f 6239 6238 6237
f 6237 6238 6236
f 6241 6240 6239
f 6239 6240 6238
f 6243 6242 6241
f 6241 6242 6240
f 6125 6126 6243
f 6126 6242 6243
f 6126 6244 6242
f 6245 6126 6127
f 6245 6244 6126
f 6246 6127 6128
f 6246 6245 6127
f 6129 6232 6233
f 6246 6129 6233
f 6128 6129 6246
f 6232 6129 6120
f 6130 6237 6123
f 6237 6130 6131
f 6237 6131 6239
f 6239 6131 6132
f 6239 6132 6241
f 6241 6132 6133
f 6241 6133 6243
f 6243 6133 6125
f 6248 6247 6134
f 6248 6134 6135
f 6134 6249 6136
f 6247 6249 6134
f 6136 6250 6137
f 6249 6250 6136
f 6137 6251 6138
f 6250 6251 6137
f 6138 6252 6139
f 6251 6252 6138
f 6139 6253 6140
f 6252 6253 6139
f 6140 6254 6141
f 6253 6254 6140
f 6141 6255 6142
f 6254 6255 6141
f 6142 6256 6143
f 6255 6256 6142
f 6143 6257 6144
f 6256 6257 6143
f 6144 6258 6145
f 6257 6258 6144
f 6145 6259 6146
f 6258 6259 6145
f 6146 6260 6147
f 6259 6260 6146
f 6147 6261 6148
f 6260 6261 6147
f 6148 6262 6149
f 6261 6262 6148
f 6149 6263 6150
f 6262 6263 6149
f 6150 6264 6151
f 6263 6264 6150
f 6151 6265 6152
f 6264 6265 6151
f 6152 6266 6153
f 6265 6266 6152
f 6153 6267 6154
f 6266 6267 6153
f 6154 6268 6155
f 6267 6268 6154
f 6155 6269 6156
f 6268 6269 6155
f 6156 6270 6157
f 6269 6270 6156
f 6157 6271 6158
f 6270 6271 6157
f 6158 6272 6159
f 6271 6272 6158
f 6159 6273 6160
f 6272 6273 6159
f 6160 6274 6161
f 6273 6274 6160
f 6161 6275 6162
f 6274 6275 6161
f 6163 6162 6275
f 6163 6275 6276
f 6165 6277 6164
f 6277 6278 6164
f 6278 6135 6164
f 6278 6248 6135
f 6166 6163 6279
f 6163 6280 6279
f 6163 6276 6280
f 6279 6167 6166
f 6168 6281 6277
f 6168 6277 6165
f 6278 6277 6282
f 6282 6277 6281
f 6279 6280 6283
f 6283 6280 6284
f 6283 6169 6167
f 6283 6167 6279
f 6170 6285 6281
f 6170 6281 6168
f 6282 6281 6286
f 6286 6281 6285
f 6283 6284 6287
f 6287 6284 6288
f 6287 6171 6169
f 6287 6169 6283
f 6172 6289 6285
f 6172 6285 6170
f 6286 6285 6290
f 6290 6285 6289
f 6287 6288 6291
f 6291 6288 6292
f 6291 6173 6171
f 6291 6171 6287
f 6174 6293 6289
f 6174 6289 6172
f 6290 6289 6294
f 6294 6289 6293
f 6291 6292 6295
f 6295 6292 6296
f 6295 6175 6173
f 6295 6173 6291
f 6298 6297 6293
f 6174 6298 6293
f 6176 6298 6174
f 6293 6297 6294
f 6295 6296 6299
f 6299 6296 6300
f 6299 6177 6175
f 6299 6175 6295
f 6178 6298 6176
f 6178 6301 6298
f 6299 6300 6302
f 6302 6300 6303
f 6302 6179 6177
f 6302 6177 6299
f 6180 6301 6178
f 6180 6304 6301
f 6302 6303 6305
f 6305 6303 6306
f 6305 6181 6179
f 6305 6179 6302
f 6182 6304 6180
f 6182 6307 6304
f 6305 6306 6308
f 6308 6306 6309
f 6308 6183 6181
f 6308 6181 6305
f 6184 6307 6182
f 6184 6310 6307
f 6309 6311 6308
f 6183 6308 6311
f 6312 6183 6311
f 6185 6183 6312
f 6186 6310 6184
f 6186 6313 6310
f 6312 6187 6185
f 6314 6187 6312
f 6188 6313 6186
f 6188 6315 6313
f 6314 6189 6187
f 6316 6189 6314
f 6190 6315 6188
f 6190 6317 6315
f 6316 6191 6189
f 6318 6191 6316
f 6192 6317 6190
f 6192 6319 6317
f 6318 6193 6191
f 6320 6193 6318
f 6194 6319 6192
f 6194 6321 6319
f 6324 6323 6322
f 6320 6324 6322
f 6195 6320 6322
f 6193 6320 6195
f 6196 6321 6194
f 6196 6325 6321
f 6322 6323 6326
f 6326 6323 6327
f 6326 6197 6195
f 6326 6195 6322
f 6199 6329 6328
f 6325 6199 6328
f 6196 6199 6325
f 6329 6330 6328
f 6326 6327 6331
f 6331 6327 6332
f 6331 6200 6197
f 6331 6197 6326
f 6201 6329 6199
f 6333 6330 6329
f 6201 6333 6329
f 6202 6333 6201
f 6202 6204 6333
f 6333 6204 6334
f 6331 6332 6207
f 6332 6206 6207
f 6332 6335 6206
f 6331 6207 6200
f 6336 6334 6204
f 6336 6204 6208
f 6337 6208 6209
f 6337 6336 6208
f 6338 6209 6210
f 6338 6337 6209
f 6339 6210 6211
f 6339 6338 6210
f 6340 6211 6212
f 6340 6339 6211
f 6341 6212 6213
f 6341 6340 6212
f 6343 6342 6215
f 6342 6213 6215
f 6342 6341 6213
f 6343 6344 6342
f 6347 6346 6345
f 6335 6347 6345
f 6217 6335 6345
f 6206 6335 6217
f 6218 6343 6215
f 6348 6344 6343
f 6218 6348 6343
f 6219 6348 6218
f 6349 6219 6220
f 6349 6348 6219
f 6350 6220 6221
f 6350 6349 6220
f 6351 6221 6222
f 6351 6350 6221
f 6352 6222 6223
f 6352 6351 6222
f 6353 6223 6224
f 6353 6352 6223
f 6354 6224 6225
f 6354 6353 6224
f 6355 6225 6226
f 6355 6354 6225
f 6356 6226 6227
f 6356 6355 6226
f 6357 6227 6228
f 6357 6356 6227
f 6358 6228 6229
f 6358 6357 6228
f 6360 6359 6231
f 6359 6229 6231
f 6359 6358 6229
f 6362 6361 6360
f 6360 6361 6359
f 6362 6363 6361
f 6366 6365 6364
f 6366 6364 6346
f 6346 6364 6345
f 6364 6233 6345
f 6233 6234 6345
f 6345 6234 6217
f 6235 6360 6231
f 6360 6235 6236
f 6360 6236 6362
f 6367 6363 6362
f 6236 6367 6362
f 6238 6367 6236
f 6368 6238 6240
f 6368 6367 6238
f 6369 6240 6242
f 6369 6368 6240
f 6370 6242 6244
f 6370 6369 6242
f 6371 6244 6245
f 6371 6370 6244
f 6246 6364 6365
f 6371 6246 6365
f 6245 6246 6371
f 6364 6246 6233
f 6248 6372 6247
f 6373 6249 6247
f 6373 6247 6372
f 6374 6250 6249
f 6374 6249 6373
f 6375 6251 6250
f 6375 6250 6374
f 6376 6252 6251
f 6376 6251 6375
f 6377 6253 6252
f 6377 6252 6376
f 6378 6254 6253
f 6378 6253 6377
f 6379 6255 6254
f 6379 6254 6378
f 6380 6256 6255
f 6380 6255 6379
f 6381 6257 6256
f 6381 6256 6380
f 6382 6258 6257
f 6382 6257 6381
f 6383 6259 6258
f 6383 6258 6382
f 6384 6260 6259
f 6384 6259 6383
f 6385 6261 6260
f 6385 6260 6384
f 6386 6262 6261
f 6386 6261 6385
f 6387 6263 6262
f 6387 6262 6386
f 6388 6264 6263
f 6388 6263 6387
f 6389 6265 6264
f 6389 6264 6388
f 6390 6266 6265
f 6390 6265 6389
f 6391 6267 6266
f 6391 6266 6390
f 6392 6268 6267
f 6392 6267 6391
f 6393 6269 6268
f 6393 6268 6392
f 6394 6270 6269
f 6394 6269 6393
f 6395 6271 6270
f 6395 6270 6394
f 6396 6272 6271
f 6396 6271 6395
f 6397 6273 6272
f 6397 6272 6396
f 6398 6274 6273
f 6398 6273 6397
f 6399 6275 6274
f 6399 6274 6398
f 6399 6276 6275
f 6278 6400 6372
f 6278 6372 6248
f 6402 6373 6401
f 6373 6400 6401
f 6373 6372 6400
f 6373 6402 6374
f 6374 6402 6403
f 6374 6403 6375
f 6375 6403 6404
f 6375 6404 6376
f 6376 6404 6405
f 6376 6405 6377
f 6377 6405 6406
f 6377 6406 6378
f 6378 6406 6407
f 6378 6407 6379
f 6379 6407 6408
f 6379 6408 6380
f 6380 6408 6409
f 6380 6409 6381
f 6381 6409 6410
f 6381 6410 6382
f 6382 6410 6411
f 6382 6411 6383
f 6383 6411 6412
f 6383 6412 6384
f 6384 6412 6413
f 6384 6413 6385
f 6385 6413 6414
f 6385 6414 6386
f 6386 6414 6415
f 6386 6415 6387
f 6387 6415 6416
f 6387 6416 6388
f 6388 6416 6417
f 6388 6417 6389
f 6389 6417 6418
f 6389 6418 6390
f 6390 6418 6419
f 6390 6419 6391
f 6391 6419 6420
f 6391 6420 6392
f 6392 6420 6421
f 6392 6421 6393
f 6393 6421 6422
f 6393 6422 6394
f 6394 6422 6423
f 6394 6423 6395
f 6395 6423 6424
f 6395 6424 6396
f 6396 6424 6425
f 6396 6425 6397
f 6397 6425 6426
f 6397 6426 6398
f 6398 6426 6427
f 6429 6428 6427
f 6428 6398 6427
f 6428 6399 6398
f 6428 6280 6276
f 6428 6276 6399
f 6282 6430 6400
f 6282 6400 6278
f 6401 6400 6431
f 6431 6400 6430
f 6428 6429 6432
f 6432 6429 6433
f 6432 6284 6280
f 6432 6280 6428
f 6286 6434 6430
f 6286 6430 6282
f 6431 6430 6435
f 6435 6430 6434
f 6432 6433 6436
f 6436 6433 6437
f 6436 6288 6284
f 6436 6284 6432
f 6290 6438 6434
f 6290 6434 6286
f 6435 6434 6439
f 6439 6434 6438
f 6442 6441 6440
f 6444 6443 6440
f 6440 6443 6442
f 6446 6445 6444
f 6444 6445 6443
f 6448 6447 6446
f 6446 6447 6445
f 6450 6449 6448
f 6448 6449 6447
f 6452 6451 6450
f 6450 6451 6449
f 6454 6453 6452
f 6452 6453 6451
f 6456 6455 6454
f 6454 6455 6453
f 6458 6457 6456
f 6456 6457 6455
f 6460 6459 6458
f 6458 6459 6457
f 6462 6461 6460
f 6460 6461 6459
f 6464 6463 6462
f 6462 6463 6461
f 6466 6465 6464
f 6464 6465 6463
f 6468 6467 6466
f 6466 6467 6465
f 6470 6469 6468
f 6468 6469 6467
f 6472 6471 6470
f 6470 6471 6469
f 6474 6473 6472
f 6472 6473 6471
f 6474 6475 6473
f 6436 6437 6476
f 6476 6437 6477
f 6476 6292 6288
f 6476 6288 6436
f 6294 6478 6438
f 6294 6438 6290
f 6439 6438 6479
f 6479 6438 6478
f 6482 6481 6480
f 6484 6483 6480
f 6480 6483 6482
f 6486 6485 6484
f 6484 6485 6483
f 6488 6487 6486
f 6486 6487 6485
f 6487 6488 6441
f 6488 6440 6441
f 6488 6489 6440
f 6440 6490 6444
f 6440 6489 6490
f 6444 6491 6446
f 6444 6490 6491
f 6446 6492 6448
f 6446 6491 6492
f 6448 6493 6450
f 6448 6492 6493
f 6450 6494 6452
f 6450 6493 6494
f 6452 6495 6454
f 6452 6494 6495
f 6454 6496 6456
f 6454 6495 6496
f 6456 6497 6458
f 6456 6496 6497
f 6458 6498 6460
f 6458 6497 6498
f 6460 6499 6462
f 6460 6498 6499
f 6462 6500 6464
f 6462 6499 6500
f 6464 6501 6466
f 6464 6500 6501
f 6466 6502 6468
f 6466 6501 6502
f 6468 6503 6470
f 6468 6502 6503
f 6470 6504 6472
f 6470 6503 6504
f 6472 6505 6474
f 6472 6504 6505
f 6475 6474 6506
f 6506 6474 6505
f 6476 6477 6507
f 6507 6477 6508
f 6507 6296 6292
f 6507 6292 6476
f 6298 6509 6297
f 6478 6294 6297
f 6509 6478 6297
f 6510 6478 6509
f 6479 6478 6511
f 6511 6478 6510
f 6514 6513 6512
f 6514 6512 6481
f 6512 6480 6481
f 6512 6515 6480
f 6480 6516 6484
f 6480 6515 6516
f 6484 6517 6486
f 6484 6516 6517
f 6486 6518 6488
f 6486 6517 6518
f 6488 6519 6489
f 6488 6518 6519
f 6489 6520 6490
f 6489 6519 6520
f 6490 6521 6491
f 6490 6520 6521
f 6491 6522 6492
f 6491 6521 6522
f 6492 6523 6493
f 6492 6522 6523
f 6493 6524 6494
f 6493 6523 6524
f 6494 6525 6495
f 6494 6524 6525
f 6495 6526 6496
f 6495 6525 6526
f 6496 6527 6497
f 6496 6526 6527
f 6497 6528 6498
f 6497 6527 6528
f 6498 6529 6499
f 6498 6528 6529
f 6499 6530 6500
f 6499 6529 6530
f 6500 6531 6501
f 6500 6530 6531
f 6501 6532 6502
f 6501 6531 6532
f 6502 6533 6503
f 6502 6532 6533
f 6503 6534 6504
f 6503 6533 6534
f 6504 6535 6505
f 6504 6534 6535
f 6506 6505 6536
f 6536 6505 6535
f 6507 6508 6537
f 6537 6508 6538
f 6537 6300 6296
f 6537 6296 6507
f 6301 6539 6509
f 6301 6509 6298
f 6509 6540 6510
f 6509 6539 6540
f 6511 6510 6541
f 6541 6510 6540
f 6544 6543 6542
f 6544 6542 6513
f 6542 6512 6513
f 6542 6545 6512
f 6512 6546 6515
f 6512 6545 6546
f 6515 6547 6516
f 6515 6546 6547
f 6516 6548 6517
f 6516 6547 6548
f 6517 6549 6518
f 6517 6548 6549
f 6518 6550 6519
f 6518 6549 6550
f 6519 6551 6520
f 6519 6550 6551
f 6520 6552 6521
f 6520 6551 6552
f 6521 6553 6522
f 6521 6552 6553
f 6522 6554 6523
f 6522 6553 6554
f 6523 6555 6524
f 6523 6554 6555
f 6524 6556 6525
f 6524 6555 6556
f 6525 6557 6526
f 6525 6556 6557
f 6526 6558 6527
f 6526 6557 6558
f 6527 6559 6528
f 6527 6558 6559
f 6528 6560 6529
f 6528 6559 6560
f 6529 6561 6530
f 6529 6560 6561
f 6530 6562 6531
f 6530 6561 6562
f 6531 6563 6532
f 6531 6562 6563
f 6532 6564 6533
f 6532 6563 6564
f 6533 6565 6534
f 6533 6564 6565
f 6534 6566 6535
f 6534 6565 6566
f 6536 6535 6567
f 6567 6535 6566
f 6537 6538 6568
f 6568 6538 6569
f 6568 6303 6300
f 6568 6300 6537
f 6304 6570 6539
f 6304 6539 6301
f 6539 6571 6540
f 6539 6570 6571
f 6541 6540 6572
f 6572 6540 6571
f 6543 6573 6542
f 6575 6574 6573
f 6574 6542 6573
f 6574 6545 6542
f 6545 6576 6546
f 6545 6574 6576
f 6546 6577 6547
f 6546 6576 6577
f 6547 6578 6548
f 6547 6577 6578
f 6548 6579 6549
f 6548 6578 6579
f 6549 6580 6550
f 6549 6579 6580
f 6550 6581 6551
f 6550 6580 6581
f 6551 6582 6552
f 6551 6581 6582
f 6552 6583 6553
f 6552 6582 6583
f 6553 6584 6554
f 6553 6583 6584
f 6554 6585 6555
f 6554 6584 6585
f 6555 6586 6556
f 6555 6585 6586
f 6556 6587 6557
f 6556 6586 6587
f 6557 6588 6558
f 6557 6587 6588
f 6558 6589 6559
f 6558 6588 6589
f 6559 6590 6560
f 6559 6589 6590
f 6560 6591 6561
f 6560 6590 6591
f 6561 6592 6562
f 6561 6591 6592
f 6562 6593 6563
f 6562 6592 6593
f 6563 6594 6564
f 6563 6593 6594
f 6564 6595 6565
f 6564 6594 6595
f 6565 6596 6566
f 6565 6595 6596
f 6567 6566 6597
f 6597 6566 6596
f 6568 6569 6598
f 6598 6569 6599
f 6598 6306 6303
f 6598 6303 6568
f 6307 6600 6570
f 6307 6570 6304
f 6570 6601 6571
f 6570 6600 6601
f 6572 6571 6602
f 6602 6571 6601
f 6575 6603 6574
f 6605 6604 6603
f 6604 6574 6603
f 6604 6576 6574
f 6576 6606 6577
f 6576 6604 6606
f 6577 6607 6578
f 6577 6606 6607
f 6578 6608 6579
f 6578 6607 6608
f 6579 6609 6580
f 6579 6608 6609
f 6580 6610 6581
f 6580 6609 6610
f 6581 6611 6582
f 6581 6610 6611
f 6582 6612 6583
f 6582 6611 6612
f 6583 6613 6584
f 6583 6612 6613
f 6584 6614 6585
f 6584 6613 6614
f 6585 6615 6586
f 6585 6614 6615
f 6586 6616 6587
f 6586 6615 6616
f 6587 6617 6588
f 6587 6616 6617
f 6588 6618 6589
f 6588 6617 6618
f 6589 6619 6590
f 6589 6618 6619
f 6590 6620 6591
f 6590 6619 6620
f 6591 6621 6592
f 6591 6620 6621
f 6592 6622 6593
f 6592 6621 6622
f 6593 6623 6594
f 6593 6622 6623
f 6594 6624 6595
f 6594 6623 6624
f 6595 6625 6596
f 6595 6624 6625
f 6597 6596 6626
f 6596 6627 6626
f 6596 6625 6627
f 6627 6628 6626
f 6598 6599 6629
f 6629 6599 6630
f 6629 6309 6306
f 6629 6306 6598
f 6310 6631 6600
f 6310 6600 6307
f 6633 6601 6632
f 6601 6631 6632
f 6601 6600 6631
f 6601 6633 6602
f 6605 6634 6604
f 6604 6634 6606
f 6606 6634 6635
f 6606 6635 6607
f 6607 6635 6636
f 6607 6636 6608
f 6608 6636 6637
f 6608 6637 6609
f 6609 6637 6638
f 6609 6638 6610
f 6610 6638 6639
f 6610 6639 6611
f 6611 6639 6640
f 6611 6640 6612
f 6612 6640 6641
f 6612 6641 6613
f 6613 6641 6642
f 6613 6642 6614
f 6614 6642 6643
f 6614 6643 6615
f 6615 6643 6644
f 6615 6644 6616
f 6616 6644 6645
f 6616 6645 6617
f 6617 6645 6646
f 6648 6647 6646
f 6647 6617 6646
f 6647 6618 6617
f 6618 6649 6619
f 6618 6647 6649
f 6619 6650 6620
f 6619 6649 6650
f 6620 6651 6621
f 6620 6650 6651
f 6621 6652 6622
f 6621 6651 6652
f 6622 6653 6623
f 6622 6652 6653
f 6623 6654 6624
f 6623 6653 6654
f 6624 6655 6625
f 6624 6654 6655
f 6657 6627 6656
f 6627 6655 6656
f 6627 6625 6655
f 6627 6657 6628
f 6629 6630 6658
f 6658 6630 6659
f 6660 6311 6309
f 6629 6660 6309
f 6658 6660 6629
f 6660 6312 6311
f 6313 6661 6631
f 6313 6631 6310
f 6632 6631 6662
f 6662 6631 6661
f 6648 6663 6647
f 6647 6663 6649
f 6649 6663 6664
f 6666 6665 6664
f 6665 6649 6664
f 6665 6650 6649
f 6650 6667 6651
f 6650 6665 6667
f 6651 6668 6652
f 6651 6667 6668
f 6652 6669 6653
f 6652 6668 6669
f 6653 6670 6654
f 6653 6669 6670
f 6672 6655 6671
f 6655 6670 6671
f 6655 6654 6670
f 6655 6672 6656
f 6658 6659 6673
f 6673 6659 6674
f 6658 6675 6660
f 6658 6673 6675
f 6675 6314 6312
f 6675 6312 6660
f 6677 6676 6661
f 6313 6677 6661
f 6315 6677 6313
f 6661 6676 6662
f 6666 6678 6665
f 6680 6679 6678
f 6679 6665 6678
f 6679 6667 6665
f 6667 6681 6668
f 6667 6679 6681
f 6668 6682 6669
f 6668 6681 6682
f 6684 6670 6683
f 6670 6682 6683
f 6670 6669 6682
f 6670 6684 6671
f 6673 6674 6685
f 6685 6674 6686
f 6673 6687 6675
f 6673 6685 6687
f 6687 6316 6314
f 6687 6314 6675
f 6317 6677 6315
f 6317 6688 6677
f 6680 6689 6679
f 6679 6689 6681
f 6681 6689 6690
f 6681 6690 6682
f 6682 6690 6691
f 6682 6691 6683
f 6685 6686 6692
f 6692 6686 6693
f 6685 6694 6687
f 6685 6692 6694
f 6694 6318 6316
f 6694 6316 6687
f 6319 6688 6317
f 6319 6695 6688
f 6692 6693 6696
f 6696 6693 6697
f 6692 6698 6694
f 6692 6696 6698
f 6698 6320 6318
f 6698 6318 6694
f 6321 6695 6319
f 6321 6699 6695
f 6696 6697 6700
f 6700 6697 6701
f 6700 6323 6324
f 6698 6700 6324
f 6696 6700 6698
f 6698 6324 6320
f 6325 6703 6702
f 6699 6325 6702
f 6321 6325 6699
f 6703 6704 6702
f 6707 6706 6705
f 6709 6708 6705
f 6705 6708 6707
f 6711 6710 6709
f 6709 6710 6708
f 6713 6712 6711
f 6711 6712 6710
f 6713 6714 6712
f 6700 6701 6715
f 6715 6701 6716
f 6715 6327 6323
f 6715 6323 6700
f 6328 6703 6325
f 6328 6330 6703
f 6330 6704 6703
f 6330 6717 6704
f 6720 6719 6718
f 6722 6721 6718
f 6718 6721 6720
f 6721 6722 6706
f 6722 6705 6706
f 6722 6723 6705
f 6705 6724 6709
f 6705 6723 6724
f 6709 6725 6711
f 6709 6724 6725
f 6711 6726 6713
f 6711 6725 6726
f 6714 6713 6727
f 6713 6728 6727
f 6713 6726 6728
f 6728 6729 6727
f 6715 6716 6730
f 6730 6716 6731
f 6730 6332 6327
f 6730 6327 6715
f 6732 6717 6330
f 6732 6330 6333
f 6734 6733 6334
f 6733 6333 6334
f 6733 6732 6333
f 6736 6735 6734
f 6734 6735 6733
f 6738 6737 6736
f 6736 6737 6735
f 6740 6739 6738
f 6738 6739 6737
f 6740 6741 6739
f 6744 6743 6742
f 6746 6745 6742
f 6742 6745 6744
f 6748 6747 6746
f 6746 6747 6745
f 6747 6748 6719
f 6748 6718 6719
f 6748 6749 6718
f 6718 6750 6722
f 6718 6749 6750
f 6722 6751 6723
f 6722 6750 6751
f 6723 6752 6724
f 6723 6751 6752
f 6724 6753 6725
f 6724 6752 6753
f 6725 6754 6726
f 6725 6753 6754
f 6726 6755 6728
f 6726 6754 6755
f 6729 6728 6756
f 6728 6757 6756
f 6728 6755 6757
f 6759 6758 6757
f 6757 6758 6756
f 6761 6760 6759
f 6759 6760 6758
f 6763 6762 6761
f 6761 6762 6760
f 6765 6764 6763
f 6763 6764 6762
f 6764 6765 6731
f 6765 6730 6731
f 6765 6766 6730
f 6766 6335 6332
f 6766 6332 6730
f 6336 6734 6334
f 6734 6336 6337
f 6734 6337 6736
f 6736 6337 6338
f 6736 6338 6738
f 6738 6338 6339
f 6738 6339 6740
f 6767 6741 6740
f 6339 6767 6740
f 6340 6767 6339
f 6768 6340 6341
f 6768 6767 6340
f 6769 6341 6342
f 6769 6768 6341
f 6771 6770 6344
f 6770 6342 6344
f 6770 6769 6342
f 6773 6772 6771
f 6771 6772 6770
f 6775 6774 6773
f 6773 6774 6772
f 6777 6776 6775
f 6775 6776 6774
f 6776 6777 6743
f 6777 6742 6743
f 6777 6778 6742
f 6742 6779 6746
f 6742 6778 6779
f 6746 6780 6748
f 6746 6779 6780
f 6748 6781 6749
f 6748 6780 6781
f 6749 6782 6750
f 6749 6781 6782
f 6750 6783 6751
f 6750 6782 6783
f 6751 6784 6752
f 6751 6783 6784
f 6752 6785 6753
f 6752 6784 6785
f 6753 6786 6754
f 6753 6785 6786
f 6754 6787 6755
f 6754 6786 6787
f 6755 6788 6757
f 6755 6787 6788
f 6757 6789 6759
f 6757 6788 6789
f 6759 6790 6761
f 6759 6789 6790
f 6761 6791 6763
f 6761 6790 6791
f 6763 6792 6765
f 6763 6791 6792
f 6792 6346 6347
f 6766 6792 6347
f 6765 6792 6766
f 6766 6347 6335
f 6348 6771 6344
f 6771 6348 6349
f 6771 6349 6773
f 6773 6349 6350
f 6773 6350 6775
f 6775 6350 6351
f 6775 6351 6777
f 6777 6351 6352
f 6777 6352 6778
f 6778 6352 6353
f 6778 6353 6779
f 6779 6353 6354
f 6779 6354 6780
f 6780 6354 6355
f 6780 6355 6781
f 6781 6355 6356
f 6781 6356 6782
f 6782 6356 6357
f 6782 6357 6783
f 6783 6357 6358
f 6783 6358 6784
f 6784 6358 6359
f 6784 6359 6785
f 6785 6359 6361
f 6785 6361 6786
f 6786 6361 6363
f 6793 6786 6363
f 6787 6786 6793
f 6787 6794 6788
f 6787 6793 6794
f 6788 6795 6789
f 6788 6794 6795
f 6789 6796 6790
f 6789 6795 6796
f 6790 6797 6791
f 6790 6796 6797
f 6797 6365 6366
f 6792 6797 6366
f 6791 6797 6792
f 6792 6366 6346
f 6367 6793 6363
f 6793 6367 6368
f 6793 6368 6794
f 6794 6368 6369
f 6794 6369 6795
f 6795 6369 6370
f 6795 6370 6796
f 6796 6370 6371
f 6796 6371 6797
f 6797 6371 6365
f 6401 6798 6402
f 6799 6403 6402
f 6799 6402 6798
f 6800 6404 6403
f 6800 6403 6799
f 6801 6405 6404
f 6801 6404 6800
f 6802 6406 6405
f 6802 6405 6801
f 6803 6407 6406
f 6803 6406 6802
f 6804 6408 6407
f 6804 6407 6803
f 6805 6409 6408
f 6805 6408 6804
f 6806 6410 6409
f 6806 6409 6805
f 6807 6411 6410
f 6807 6410 6806
f 6808 6412 6411
f 6808 6411 6807
f 6809 6413 6412
f 6809 6412 6808
f 6810 6414 6413
f 6810 6413 6809
f 6811 6415 6414
f 6811 6414 6810
f 6812 6416 6415
f 6812 6415 6811
f 6813 6417 6416
f 6813 6416 6812
f 6814 6418 6417
f 6814 6417 6813
f 6815 6419 6418
f 6815 6418 6814
f 6816 6420 6419
f 6816 6419 6815
f 6817 6421 6420
f 6817 6420 6816
f 6818 6422 6421
f 6818 6421 6817
f 6819 6423 6422
f 6819 6422 6818
f 6820 6424 6423
f 6820 6423 6819
f 6821 6425 6424
f 6821 6424 6820
f 6822 6426 6425
f 6822 6425 6821
f 6823 6427 6426
f 6823 6426 6822
f 6823 6429 6427
f 6431 6824 6798
f 6431 6798 6401
f 6798 6825 6799
f 6798 6824 6825
f 6799 6826 6800
f 6799 6825 6826
f 6800 6827 6801
f 6800 6826 6827
f 6801 6828 6802
f 6801 6827 6828
f 6802 6829 6803
f 6802 6828 6829
f 6803 6830 6804
f 6803 6829 6830
f 6804 6831 6805
f 6804 6830 6831
f 6805 6832 6806
f 6805 6831 6832
f 6806 6833 6807
f 6806 6832 6833
f 6807 6834 6808
f 6807 6833 6834
f 6808 6835 6809
f 6808 6834 6835
f 6809 6836 6810
f 6809 6835 6836
f 6810 6837 6811
f 6810 6836 6837
f 6811 6838 6812
f 6811 6837 6838
f 6812 6839 6813
f 6812 6838 6839
f 6813 6840 6814
f 6813 6839 6840
f 6814 6841 6815
f 6814 6840 6841
f 6815 6842 6816
f 6815 6841 6842
f 6816 6843 6817
f 6816 6842 6843
f 6817 6844 6818
f 6817 6843 6844
f 6818 6845 6819
f 6818 6844 6845
f 6819 6846 6820
f 6819 6845 6846
f 6820 6847 6821
f 6820 6846 6847
f 6821 6848 6822
f 6821 6847 6848
f 6822 6849 6823
f 6822 6848 6849
f 6849 6433 6429
f 6849 6429 6823
f 6435 6850 6824
f 6435 6824 6431
f 6824 6851 6825
f 6824 6850 6851
f 6825 6852 6826
f 6825 6851 6852
f 6826 6853 6827
f 6826 6852 6853
f 6827 6854 6828
f 6827 6853 6854
f 6828 6855 6829
f 6828 6854 6855
f 6829 6856 6830
f 6829 6855 6856
f 6830 6857 6831
f 6830 6856 6857
f 6831 6858 6832
f 6831 6857 6858
f 6832 6859 6833
f 6832 6858 6859
f 6833 6860 6834
f 6833 6859 6860
f 6834 6861 6835
f 6834 6860 6861
f 6835 6862 6836
f 6835 6861 6862
f 6836 6863 6837
f 6836 6862 6863
f 6837 6864 6838
f 6837 6863 6864
f 6838 6865 6839
f 6838 6864 6865
f 6839 6866 6840
f 6839 6865 6866
f 6840 6867 6841
f 6840 6866 6867
f 6841 6868 6842
f 6841 6867 6868
f 6842 6869 6843
f 6842 6868 6869
f 6843 6870 6844
f 6843 6869 6870
f 6844 6871 6845
f 6844 6870 6871
f 6845 6872 6846
f 6845 6871 6872
f 6846 6873 6847
f 6846 6872 6873
f 6847 6874 6848
f 6847 6873 6874
f 6848 6875 6849
f 6848 6874 6875
f 6875 6437 6433
f 6875 6433 6849
f 6439 6876 6850
f 6439 6850 6435
f 6850 6877 6851
f 6850 6876 6877
f 6851 6878 6852
f 6851 6877 6878
f 6852 6879 6853
f 6852 6878 6879
f 6853 6880 6854
f 6853 6879 6880
f 6854 6881 6855
f 6854 6880 6881
f 6855 6882 6856
f 6855 6881 6882
f 6882 6441 6442
f 6857 6882 6442
f 6856 6882 6857
f 6857 6442 6443
f 6857 6443 6858
f 6858 6443 6445
f 6858 6445 6859
f 6859 6445 6447
f 6859 6447 6860
f 6860 6447 6449
f 6860 6449 6861
f 6861 6449 6451
f 6861 6451 6862
f 6862 6451 6453
f 6862 6453 6863
f 6863 6453 6455
f 6863 6455 6864
f 6864 6455 6457
f 6864 6457 6865
f 6865 6457 6459
f 6865 6459 6866
f 6866 6459 6461
f 6866 6461 6867
f 6867 6461 6463
f 6867 6463 6868
f 6868 6463 6465
f 6868 6465 6869
f 6869 6465 6467
f 6869 6467 6870
f 6870 6467 6469
f 6870 6469 6871
f 6871 6469 6471
f 6871 6471 6872
f 6872 6471 6473
f 6872 6473 6873
f 6873 6473 6475
f 6883 6873 6475
f 6874 6873 6883
f 6874 6884 6875
f 6874 6883 6884
f 6884 6477 6437
f 6884 6437 6875
f 6479 6885 6876
f 6479 6876 6439
f 6876 6886 6877
f 6876 6885 6886
f 6877 6887 6878
f 6877 6886 6887
f 6887 6481 6482
f 6879 6887 6482
f 6878 6887 6879
f 6879 6482 6483
f 6879 6483 6880
f 6880 6483 6485
f 6880 6485 6881
f 6881 6485 6487
f 6881 6487 6882
f 6882 6487 6441
f 6506 6888 6883
f 6506 6883 6475
f 6883 6889 6884
f 6883 6888 6889
f 6889 6508 6477
f 6889 6477 6884
f 6511 6890 6885
f 6511 6885 6479
f 6885 6891 6886
f 6885 6890 6891
f 6891 6513 6514
f 6887 6891 6514
f 6886 6891 6887
f 6887 6514 6481
f 6536 6892 6888
f 6536 6888 6506
f 6888 6893 6889
f 6888 6892 6893
f 6893 6538 6508
f 6893 6508 6889
f 6541 6894 6890
f 6541 6890 6511
f 6894 6543 6544
f 6891 6894 6544
f 6890 6894 6891
f 6891 6544 6513
f 6567 6895 6892
f 6567 6892 6536
f 6892 6896 6893
f 6892 6895 6896
f 6896 6569 6538
f 6896 6538 6893
f 6572 6897 6894
f 6572 6894 6541
f 6898 6573 6543
f 6894 6898 6543
f 6897 6898 6894
f 6898 6575 6573
f 6597 6899 6895
f 6597 6895 6567
f 6895 6900 6896
f 6895 6899 6900
f 6900 6599 6569
f 6900 6569 6896
f 6602 6901 6897
f 6602 6897 6572
f 6897 6902 6898
f 6897 6901 6902
f 6903 6603 6575
f 6898 6903 6575
f 6902 6903 6898
f 6903 6605 6603
f 6626 6899 6597
f 6899 6626 6628
f 6904 6899 6628
f 6900 6899 6904
f 6904 6630 6599
f 6904 6599 6900
f 6632 6905 6633
f 6901 6602 6633
f 6905 6901 6633
f 6906 6901 6905
f 6901 6907 6902
f 6901 6906 6907
f 6902 6908 6903
f 6902 6907 6908
f 6909 6634 6605
f 6903 6909 6605
f 6908 6909 6903
f 6910 6635 6634
f 6910 6634 6909
f 6911 6636 6635
f 6911 6635 6910
f 6912 6637 6636
f 6912 6636 6911
f 6913 6638 6637
f 6913 6637 6912
f 6914 6639 6638
f 6914 6638 6913
f 6915 6640 6639
f 6915 6639 6914
f 6916 6641 6640
f 6916 6640 6915
f 6917 6642 6641
f 6917 6641 6916
f 6918 6643 6642
f 6918 6642 6917
f 6919 6644 6643
f 6919 6643 6918
f 6920 6645 6644
f 6920 6644 6919
f 6921 6646 6645
f 6921 6645 6920
f 6921 6648 6646
f 6656 6922 6657
f 6904 6628 6657
f 6922 6904 6657
f 6923 6904 6922
f 6923 6659 6630
f 6923 6630 6904
f 6662 6924 6905
f 6662 6905 6632
f 6905 6925 6906
f 6905 6924 6925
f 6906 6926 6907
f 6906 6925 6926
f 6907 6927 6908
f 6907 6926 6927
f 6908 6928 6909
f 6908 6927 6928
f 6909 6929 6910
f 6909 6928 6929
f 6910 6930 6911
f 6910 6929 6930
f 6911 6931 6912
f 6911 6930 6931
f 6912 6932 6913
f 6912 6931 6932
f 6913 6933 6914
f 6913 6932 6933
f 6914 6934 6915
f 6914 6933 6934
f 6915 6935 6916
f 6915 6934 6935
f 6916 6936 6917
f 6916 6935 6936
f 6917 6937 6918
f 6917 6936 6937
f 6918 6938 6919
f 6918 6937 6938
f 6919 6939 6920
f 6919 6938 6939
f 6920 6940 6921
f 6920 6939 6940
f 6941 6663 6648
f 6921 6941 6648
f 6940 6941 6921
f 6942 6664 6663
f 6942 6663 6941
f 6942 6666 6664
f 6671 6943 6672
f 6922 6656 6672
f 6943 6922 6672
f 6944 6922 6943
f 6922 6945 6923
f 6922 6944 6945
f 6945 6674 6659
f 6945 6659 6923
f 6677 6946 6676
f 6924 6662 6676
f 6946 6924 6676
f 6947 6924 6946
f 6924 6948 6925
f 6924 6947 6948
f 6925 6949 6926
f 6925 6948 6949
f 6926 6950 6927
f 6926 6949 6950
f 6927 6951 6928
f 6927 6950 6951
f 6928 6952 6929
f 6928 6951 6952
f 6929 6953 6930
f 6929 6952 6953
f 6930 6954 6931
f 6930 6953 6954
f 6931 6955 6932
f 6931 6954 6955
f 6932 6956 6933
f 6932 6955 6956
f 6933 6957 6934
f 6933 6956 6957
f 6934 6958 6935
f 6934 6957 6958
f 6935 6959 6936
f 6935 6958 6959
f 6936 6960 6937
f 6936 6959 6960
f 6937 6961 6938
f 6937 6960 6961
f 6938 6962 6939
f 6938 6961 6962
f 6939 6963 6940
f 6939 6962 6963
f 6940 6964 6941
f 6940 6963 6964
f 6941 6965 6942
f 6941 6964 6965
f 6966 6678 6666
f 6942 6966 6666
f 6965 6966 6942
f 6966 6680 6678
f 6683 6967 6684
f 6943 6671 6684
f 6967 6943 6684
f 6968 6943 6967
f 6943 6969 6944
f 6943 6968 6969
f 6944 6970 6945
f 6944 6969 6970
f 6970 6686 6674
f 6970 6674 6945
f 6688 6971 6946
f 6688 6946 6677
f 6946 6972 6947
f 6946 6971 6972
f 6947 6973 6948
f 6947 6972 6973
f 6948 6974 6949
f 6948 6973 6974
f 6949 6975 6950
f 6949 6974 6975
f 6950 6976 6951
f 6950 6975 6976
f 6951 6977 6952
f 6951 6976 6977
f 6952 6978 6953
f 6952 6977 6978
f 6953 6979 6954
f 6953 6978 6979
f 6954 6980 6955
f 6954 6979 6980
f 6955 6981 6956
f 6955 6980 6981
f 6956 6982 6957
f 6956 6981 6982
f 6957 6983 6958
f 6957 6982 6983
f 6958 6984 6959
f 6958 6983 6984
f 6959 6985 6960
f 6959 6984 6985
f 6960 6986 6961
f 6960 6985 6986
f 6961 6987 6962
f 6961 6986 6987
f 6962 6988 6963
f 6962 6987 6988
f 6963 6989 6964
f 6963 6988 6989
f 6964 6990 6965
f 6964 6989 6990
f 6965 6991 6966
f 6965 6990 6991
f 6992 6689 6680
f 6966 6992 6680
f 6991 6992 6966
f 6993 6690 6689
f 6993 6689 6992
f 6994 6691 6690
f 6994 6690 6993
f 6967 6683 6691
f 6994 6967 6691
f 6995 6967 6994
f 6967 6996 6968
f 6967 6995 6996
f 6968 6997 6969
f 6968 6996 6997
f 6969 6998 6970
f 6969 6997 6998
f 6998 6693 6686
f 6998 6686 6970
f 6695 6999 6971
f 6695 6971 6688
f 6971 7000 6972
f 6971 6999 7000
f 6972 7001 6973
f 6972 7000 7001
f 6973 7002 6974
f 6973 7001 7002
f 6974 7003 6975
f 6974 7002 7003
f 6975 7004 6976
f 6975 7003 7004
f 6976 7005 6977
f 6976 7004 7005
f 6977 7006 6978
f 6977 7005 7006
f 6978 7007 6979
f 6978 7006 7007
f 6979 7008 6980
f 6979 7007 7008
f 6980 7009 6981
f 6980 7008 7009
f 6981 7010 6982
f 6981 7009 7010
f 6982 7011 6983
f 6982 7010 7011
f 6983 7012 6984
f 6983 7011 7012
f 6984 7013 6985
f 6984 7012 7013
f 6985 7014 6986
f 6985 7013 7014
f 6986 7015 6987
f 6986 7014 7015
f 6987 7016 6988
f 6987 7015 7016
f 6988 7017 6989
f 6988 7016 7017
f 6989 7018 6990
f 6989 7017 7018
f 6990 7019 6991
f 6990 7018 7019
f 6991 7020 6992
f 6991 7019 7020
f 6992 7021 6993
f 6992 7020 7021
f 6993 7022 6994
f 6993 7021 7022
f 6994 7023 6995
f 6994 7022 7023
f 6995 7024 6996
f 6995 7023 7024
f 6996 7025 6997
f 6996 7024 7025
f 6997 7026 6998
f 6997 7025 7026
f 7026 6697 6693
f 7026 6693 6998
f 6699 7027 6999
f 6699 6999 6695
f 6999 7028 7000
f 6999 7027 7028
f 7000 7029 7001
f 7000 7028 7029
f 7001 7030 7002
f 7001 7029 7030
f 7002 7031 7003
f 7002 7030 7031
f 7003 7032 7004
f 7003 7031 7032
f 7004 7033 7005
f 7004 7032 7033
f 7005 7034 7006
f 7005 7033 7034
f 7006 7035 7007
f 7006 7034 7035
f 7007 7036 7008
f 7007 7035 7036
f 7008 7037 7009
f 7008 7036 7037
f 7009 7038 7010
f 7009 7037 7038
f 7010 7039 7011
f 7010 7038 7039
f 7011 7040 7012
f 7011 7039 7040
f 7012 7041 7013
f 7012 7040 7041
f 7013 7042 7014
f 7013 7041 7042
f 7014 7043 7015
f 7014 7042 7043
f 7015 7044 7016
f 7015 7043 7044
f 7016 7045 7017
f 7016 7044 7045
f 7017 7046 7018
f 7017 7045 7046
f 7018 7047 7019
f 7018 7046 7047
f 7019 7048 7020
f 7019 7047 7048
f 7020 7049 7021
f 7020 7048 7049
f 7021 7050 7022
f 7021 7049 7050
f 7022 7051 7023
f 7022 7050 7051
f 7023 7052 7024
f 7023 7051 7052
f 7024 7053 7025
f 7024 7052 7053
f 7025 7054 7026
f 7025 7053 7054
f 7054 6701 6697
f 7054 6697 7026
f 6702 7027 6699
f 7027 6702 6704
f 7055 7027 6704
f 7028 7027 7055
f 7028 7056 7029
f 7028 7055 7056
f 7029 7057 7030
f 7029 7056 7057
f 7030 7058 7031
f 7030 7057 7058
f 7031 7059 7032
f 7031 7058 7059
f 7032 7060 7033
f 7032 7059 7060
f 7033 7061 7034
f 7033 7060 7061
f 7034 7062 7035
f 7034 7061 7062
f 7035 7063 7036
f 7035 7062 7063
f 7036 7064 7037
f 7036 7063 7064
f 7037 7065 7038
f 7037 7064 7065
f 7038 7066 7039
f 7038 7065 7066
f 7039 7067 7040
f 7039 7066 7067
f 7040 7068 7041
f 7040 7067 7068
f 7041 7069 7042
f 7041 7068 7069
f 7042 7070 7043
f 7042 7069 7070
f 7043 7071 7044
f 7043 7070 7071
f 7071 6706 6707
f 7045 7071 6707
f 7044 7071 7045
f 7045 6707 6708
f 7045 6708 7046
f 7046 6708 6710
f 7046 6710 7047
f 7047 6710 6712
f 7047 6712 7048
f 7048 6712 6714
f 7072 7048 6714
f 7049 7048 7072
f 7049 7073 7050
f 7049 7072 7073
f 7050 7074 7051
f 7050 7073 7074
f 7051 7075 7052
f 7051 7074 7075
f 7052 7076 7053
f 7052 7075 7076
f 7053 7077 7054
f 7053 7076 7077
f 7077 6716 6701
f 7077 6701 7054
f 6717 7078 7055
f 6717 7055 6704
f 7055 7079 7056
f 7055 7078 7079
f 7056 7080 7057
f 7056 7079 7080
f 7057 7081 7058
f 7057 7080 7081
f 7058 7082 7059
f 7058 7081 7082
f 7059 7083 7060
f 7059 7082 7083
f 7060 7084 7061
f 7060 7083 7084
f 7061 7085 7062
f 7061 7084 7085
f 7062 7086 7063
f 7062 7085 7086
f 7063 7087 7064
f 7063 7086 7087
f 7064 7088 7065
f 7064 7087 7088
f 7065 7089 7066
f 7065 7088 7089
f 7066 7090 7067
f 7066 7089 7090
f 7067 7091 7068
f 7067 7090 7091
f 7068 7092 7069
f 7068 7091 7092
f 7092 6719 6720
f 7070 7092 6720
f 7069 7092 7070
f 7070 6720 6721
f 7070 6721 7071
f 7071 6721 6706
f 6727 7072 6714
f 7072 6727 6729
f 7093 7072 6729
f 7073 7072 7093
f 7073 7094 7074
f 7073 7093 7094
f 7074 7095 7075
f 7074 7094 7095
f 7075 7096 7076
f 7075 7095 7096
f 7076 7097 7077
f 7076 7096 7097
f 7097 6731 6716
f 7097 6716 7077
f 6732 7078 6717
f 7078 6732 6733
f 7078 6733 7079
f 7079 6733 6735
f 7079 6735 7080
f 7080 6735 6737
f 7080 6737 7081
f 7081 6737 6739
f 7081 6739 7082
f 7082 6739 6741
f 7098 7082 6741
f 7083 7082 7098
f 7083 7099 7084
f 7083 7098 7099
f 7084 7100 7085
f 7084 7099 7100
f 7085 7101 7086
f 7085 7100 7101
f 7086 7102 7087
f 7086 7101 7102
f 7087 7103 7088
f 7087 7102 7103
f 7088 7104 7089
f 7088 7103 7104
f 7104 6743 6744
f 7090 7104 6744
f 7089 7104 7090
f 7090 6744 6745
f 7090 6745 7091
f 7091 6745 6747
f 7091 6747 7092
f 7092 6747 6719
f 6756 7093 6729
f 7093 6756 6758
f 7093 6758 7094
f 7094 6758 6760
f 7094 6760 7095
f 7095 6760 6762
f 7095 6762 7096
f 7096 6762 6764
f 7096 6764 7097
f 7097 6764 6731
f 6767 7098 6741
f 7098 6767 6768
f 7098 6768 7099
f 7099 6768 6769
f 7099 6769 7100
f 7100 6769 6770
f 7100 6770 7101
f 7101 6770 6772
f 7101 6772 7102
f 7102 6772 6774
f 7102 6774 7103
f 7103 6774 6776
f 7103 6776 7104
f 7104 6776 6743

