# https://github.com/mikedh/trimesh
v 4.97408152 33.00000000 20.00000000
v 5.00000000 32.88196182 20.00000000
v 5.00000000 33.00000000 19.54865646
v 4.94408941 33.00000000 21.00000000
v 5.00000000 32.70445251 21.00000000
v 4.92724800 33.00000000 22.00000000
v 5.00000000 32.57106400 22.00000000
v 4.92891121 33.00000000 23.00000000
v 5.00000000 32.52499771 23.00000000
v 4.93882561 33.00000000 24.00000000
v 5.00000000 32.55583191 24.00000000
v 4.96340752 33.00000000 25.00000000
v 5.00000000 32.66127014 25.00000000
v 4.97856569 33.00000000 26.00000000
v 5.00000000 32.78150940 26.00000000
v 5.00000000 33.00000000 26.91986465
v 4.99854088 34.00000000 19.00000000
v 5.00000000 33.95980072 19.00000000
v 5.00000000 34.00000000 18.99011993
v 4.93972111 34.00000000 20.00000000
v 4.91630793 34.00000000 21.00000000
v 4.91441965 34.00000000 22.00000000
v 4.91965246 34.00000000 23.00000000
v 4.92944765 34.00000000 24.00000000
v 4.94260406 34.00000000 25.00000000
v 4.96791267 34.00000000 26.00000000
v 5.00000000 33.21205902 27.00000000
v 4.99294329 34.00000000 27.00000000
v 5.00000000 34.00000000 27.19211006
v 5.00000000 34.03971863 19.00000000
v 5.00000000 35.00000000 19.62025261
v 4.97737503 35.00000000 20.00000000
v 4.94463253 35.00000000 21.00000000
v 4.93536615 35.00000000 22.00000000
v 4.92749357 35.00000000 23.00000000
v 4.93510723 35.00000000 24.00000000
v 4.95560598 35.00000000 25.00000000
v 4.98581982 35.00000000 26.00000000
v 5.00000000 35.00000000 26.50612450
v 5.00000000 34.35091400 27.00000000
v 5.00000000 35.32586670 20.00000000
v 5.00000000 35.83841705 21.00000000
v 5.00000000 36.00000000 21.52003670
v 4.98966646 36.00000000 22.00000000
v 4.98088646 36.00000000 23.00000000
v 4.98847198 36.00000000 24.00000000
v 5.00000000 36.00000000 24.73224068
v 5.00000000 35.92154312 25.00000000
v 5.00000000 35.45791626 26.00000000
v 5.00000000 36.09466553 22.00000000
v 5.00000000 36.18104553 23.00000000
v 5.00000000 36.13025284 24.00000000
v 5.82419777 21.00000000 19.00000000
v 6.00000000 20.81619072 19.00000000
v 6.00000000 21.00000000 18.53950310
v 5.72894287 21.00000000 20.00000000
v 6.00000000 20.72863388 20.00000000
v 5.70600843 21.00000000 21.00000000
v 6.00000000 20.71313858 21.00000000
v 5.70133638 21.00000000 22.00000000
v 6.00000000 20.71764183 22.00000000
v 5.71777105 21.00000000 23.00000000
v 6.00000000 20.73986053 23.00000000
v 5.74723148 21.00000000 24.00000000
v 6.00000000 20.77190399 24.00000000
v 5.77112770 21.00000000 25.00000000
v 6.00000000 20.79781151 25.00000000
v 5.78690338 21.00000000 26.00000000
v 6.00000000 20.81440353 26.00000000
v 5.79392624 21.00000000 27.00000000
v 6.00000000 20.82278061 27.00000000
v 5.80852795 21.00000000 28.00000000
v 6.00000000 20.83635139 28.00000000
v 5.82099819 21.00000000 29.00000000
v 6.00000000 20.84893608 29.00000000
v 5.82528639 21.00000000 30.00000000
v 6.00000000 20.85473633 30.00000000
v 5.83077478 21.00000000 31.00000000
v 6.00000000 20.86260605 31.00000000
v 5.84004736 21.00000000 32.00000000
v 6.00000000 20.87189674 32.00000000
v 5.85117817 21.00000000 33.00000000
v 6.00000000 20.88192177 33.00000000
v 5.85904741 21.00000000 34.00000000
v 6.00000000 20.88995171 34.00000000
v 5.85625553 21.00000000 35.00000000
v 6.00000000 20.88846970 35.00000000
v 5.85281563 21.00000000 36.00000000
v 6.00000000 20.88526535 36.00000000
v 5.84702778 21.00000000 37.00000000
v 6.00000000 20.87870216 37.00000000
v 5.83858967 21.00000000 38.00000000
v 6.00000000 20.86733818 38.00000000
v 5.82576752 21.00000000 39.00000000
v 6.00000000 20.85079193 39.00000000
v 5.81701374 21.00000000 40.00000000
v 6.00000000 20.83487511 40.00000000
v 5.81616068 21.00000000 41.00000000
v 6.00000000 20.82472038 41.00000000
v 5.82440615 21.00000000 42.00000000
v 6.00000000 20.82268143 42.00000000
v 5.84160757 21.00000000 43.00000000
v 6.00000000 20.82622719 43.00000000
v 5.88934183 21.00000000 44.00000000
v 6.00000000 20.86823845 44.00000000
v 6.00000000 21.00000000 44.42222214
v 5.96434450 22.00000000 18.00000000
v 6.00000000 21.84507751 18.00000000
v 6.00000000 22.00000000 17.96452141
v 5.52556372 22.00000000 19.00000000
v 5.41683149 22.00000000 20.00000000
v 5.40316629 22.00000000 21.00000000
v 5.38825703 22.00000000 22.00000000
v 5.39148521 22.00000000 23.00000000
v 5.41877747 22.00000000 24.00000000
v 5.44223833 22.00000000 25.00000000
v 5.45643330 22.00000000 26.00000000
v 5.46418142 22.00000000 27.00000000
v 5.47542715 22.00000000 28.00000000
v 5.49211597 22.00000000 29.00000000
v 5.49648619 22.00000000 30.00000000
v 5.48643780 22.00000000 31.00000000
v 5.48136806 22.00000000 32.00000000
v 5.48040485 22.00000000 33.00000000
v 5.47652149 22.00000000 34.00000000
v 5.46426773 22.00000000 35.00000000
v 5.44738817 22.00000000 36.00000000
v 5.43273830 22.00000000 37.00000000
v 5.43745136 22.00000000 38.00000000
v 5.45974827 22.00000000 39.00000000
v 5.48851204 22.00000000 40.00000000
v 5.51749229 22.00000000 41.00000000
v 5.54701662 22.00000000 42.00000000
v 5.59151125 22.00000000 43.00000000
v 5.66849136 22.00000000 44.00000000
v 6.00000000 21.67380142 45.00000000
v 5.92448187 22.00000000 45.00000000
v 6.00000000 22.00000000 45.09965515
v 5.97053623 23.00000000 18.00000000
v 6.00000000 23.00000000 17.97015572
v 5.51308012 23.00000000 19.00000000
v 5.39384985 23.00000000 20.00000000
v 5.36427402 23.00000000 21.00000000
v 5.34785175 23.00000000 22.00000000
v 5.33866882 23.00000000 23.00000000
v 5.35000706 23.00000000 24.00000000
v 5.37273169 23.00000000 25.00000000
v 5.39240265 23.00000000 26.00000000
v 5.40727854 23.00000000 27.00000000
v 5.42042589 23.00000000 28.00000000
v 5.42871332 23.00000000 29.00000000
v 5.43265486 23.00000000 30.00000000
v 5.43013954 23.00000000 31.00000000
v 5.42666864 23.00000000 32.00000000
v 5.41135406 23.00000000 33.00000000
v 5.39557362 23.00000000 34.00000000
v 5.37868547 23.00000000 35.00000000
v 5.36277914 23.00000000 36.00000000
v 5.34882259 23.00000000 37.00000000
v 5.35578108 23.00000000 38.00000000
v 5.37515020 23.00000000 39.00000000
v 5.42077208 23.00000000 40.00000000
v 5.46741629 23.00000000 41.00000000
v 5.49695873 23.00000000 42.00000000
v 5.52946329 23.00000000 43.00000000
v 5.61581707 23.00000000 44.00000000
v 5.93721247 23.00000000 45.00000000
v 6.00000000 23.00000000 45.07878876
v 5.98498106 24.00000000 18.00000000
v 6.00000000 24.00000000 17.98328590
v 5.54027128 24.00000000 19.00000000
v 5.40966463 24.00000000 20.00000000
v 5.35376120 24.00000000 21.00000000
v 5.32940388 24.00000000 22.00000000
v 5.31560421 24.00000000 23.00000000
v 5.31818199 24.00000000 24.00000000
v 5.32675552 24.00000000 25.00000000
v 5.34626579 24.00000000 26.00000000
v 5.37036562 24.00000000 27.00000000
v 5.39107132 24.00000000 28.00000000
v 5.41240120 24.00000000 29.00000000
v 5.42570972 24.00000000 30.00000000
v 5.42153263 24.00000000 31.00000000
v 5.40995741 24.00000000 32.00000000
v 5.39627695 24.00000000 33.00000000
v 5.38641167 24.00000000 34.00000000
v 5.36939812 24.00000000 35.00000000
v 5.35528803 24.00000000 36.00000000
v 5.35018206 24.00000000 37.00000000
v 5.35626268 24.00000000 38.00000000
v 5.37527037 24.00000000 39.00000000
v 5.40955448 24.00000000 40.00000000
v 5.45818472 24.00000000 41.00000000
v 5.48990297 24.00000000 42.00000000
v 5.51102877 24.00000000 43.00000000
v 5.60343027 24.00000000 44.00000000
v 5.95702887 24.00000000 45.00000000
v 6.00000000 24.00000000 45.05503082
v 5.92585850 25.00000000 18.00000000
v 6.00000000 25.00000000 17.91222763
v 5.54708338 25.00000000 19.00000000
v 5.39959955 25.00000000 20.00000000
v 5.34861326 25.00000000 21.00000000
v 5.31524420 25.00000000 22.00000000
v 5.30008411 25.00000000 23.00000000
v 5.29795647 25.00000000 24.00000000
v 5.31037426 25.00000000 25.00000000
v 5.32362127 25.00000000 26.00000000
v 5.34921932 25.00000000 27.00000000
v 5.37042522 25.00000000 28.00000000
v 5.38555431 25.00000000 29.00000000
v 5.40122080 25.00000000 30.00000000
v 5.41189575 25.00000000 31.00000000
v 5.41118908 25.00000000 32.00000000
v 5.40565252 25.00000000 33.00000000
v 5.39885378 25.00000000 34.00000000
v 5.39124393 25.00000000 35.00000000
v 5.38519764 25.00000000 36.00000000
v 5.38831234 25.00000000 37.00000000
v 5.39573574 25.00000000 38.00000000
v 5.40242386 25.00000000 39.00000000
v 5.42423916 25.00000000 40.00000000
v 5.45604515 25.00000000 41.00000000
v 5.46662521 25.00000000 42.00000000
v 5.48423433 25.00000000 43.00000000
v 5.61324549 25.00000000 44.00000000
v 5.95224476 25.00000000 45.00000000
v 6.00000000 25.00000000 45.06048203
v 5.88217497 26.00000000 18.00000000
v 6.00000000 26.00000000 17.85643196
v 5.53061199 26.00000000 19.00000000
v 5.39817715 26.00000000 20.00000000
v 5.34729242 26.00000000 21.00000000
v 5.31668043 26.00000000 22.00000000
v 5.29996920 26.00000000 23.00000000
v 5.30033255 26.00000000 24.00000000
v 5.31120396 26.00000000 25.00000000
v 5.32530403 26.00000000 26.00000000
v 5.33482265 26.00000000 27.00000000
v 5.34600258 26.00000000 28.00000000
v 5.36176348 26.00000000 29.00000000
v 5.37699938 26.00000000 30.00000000
v 5.39130974 26.00000000 31.00000000
v 5.40440702 26.00000000 32.00000000
v 5.41314030 26.00000000 33.00000000
v 5.41394186 26.00000000 34.00000000
v 5.41100645 26.00000000 35.00000000
v 5.40626192 26.00000000 36.00000000
v 5.41054630 26.00000000 37.00000000
v 5.41729641 26.00000000 38.00000000
v 5.42966986 26.00000000 39.00000000
v 5.44327402 26.00000000 40.00000000
v 5.45686340 26.00000000 41.00000000
v 5.45726919 26.00000000 42.00000000
v 5.48378563 26.00000000 43.00000000
v 5.64834929 26.00000000 44.00000000
v 5.96476698 26.00000000 45.00000000
v 6.00000000 26.00000000 45.04427338
v 5.82268524 27.00000000 18.00000000
v 6.00000000 27.00000000 17.76935577
v 5.51250839 27.00000000 19.00000000
v 5.40332127 27.00000000 20.00000000
v 5.36469555 27.00000000 21.00000000
v 5.33695698 27.00000000 22.00000000
v 5.31541586 27.00000000 23.00000000
v 5.30702162 27.00000000 24.00000000
v 5.31035519 27.00000000 25.00000000
v 5.32616091 27.00000000 26.00000000
v 5.33571005 27.00000000 27.00000000
v 5.34246111 27.00000000 28.00000000
v 5.34988308 27.00000000 29.00000000
v 5.35675526 27.00000000 30.00000000
v 5.36915636 27.00000000 31.00000000
v 5.38451481 27.00000000 32.00000000
v 5.40134382 27.00000000 33.00000000
v 5.40798950 27.00000000 34.00000000
v 5.41201735 27.00000000 35.00000000
v 5.41369867 27.00000000 36.00000000
v 5.42524815 27.00000000 37.00000000
v 5.43455076 27.00000000 38.00000000
v 5.44580603 27.00000000 39.00000000
v 5.45211458 27.00000000 40.00000000
v 5.45867109 27.00000000 41.00000000
v 5.46750879 27.00000000 42.00000000
v 5.50247860 27.00000000 43.00000000
v 5.67412281 27.00000000 44.00000000
v 5.97266102 27.00000000 45.00000000
v 6.00000000 27.00000000 45.03478241
v 5.78051662 28.00000000 18.00000000
v 6.00000000 28.00000000 17.69632149
v 5.50181723 28.00000000 19.00000000
v 5.39979601 28.00000000 20.00000000
v 5.37806320 28.00000000 21.00000000
v 5.36029673 28.00000000 22.00000000
v 5.34829235 28.00000000 23.00000000
v 5.34200859 28.00000000 24.00000000
v 5.33282328 28.00000000 25.00000000
v 5.32217598 28.00000000 26.00000000
v 5.32420635 28.00000000 27.00000000
v 5.32990026 28.00000000 28.00000000
v 5.33547211 28.00000000 29.00000000
v 5.34030771 28.00000000 30.00000000
v 5.34840584 28.00000000 31.00000000
v 5.35586357 28.00000000 32.00000000
v 5.37153864 28.00000000 33.00000000
v 5.38014269 28.00000000 34.00000000
v 5.38779688 28.00000000 35.00000000
v 5.40154457 28.00000000 36.00000000
v 5.41438770 28.00000000 37.00000000
v 5.42320156 28.00000000 38.00000000
v 5.43803072 28.00000000 39.00000000
v 5.44683552 28.00000000 40.00000000
v 5.45956945 28.00000000 41.00000000
v 5.47657824 28.00000000 42.00000000
v 5.51244545 28.00000000 43.00000000
v 5.68008852 28.00000000 44.00000000
v 5.97246885 28.00000000 45.00000000
v 6.00000000 28.00000000 45.03477859
v 5.72806692 29.00000000 18.00000000
v 6.00000000 29.00000000 17.61684036
v 5.48883581 29.00000000 19.00000000
v 5.41964436 29.00000000 20.00000000
v 5.40543365 29.00000000 21.00000000
v 5.39237022 29.00000000 22.00000000
v 5.37621546 29.00000000 23.00000000
v 5.36671877 29.00000000 24.00000000
v 5.35478306 29.00000000 25.00000000
v 5.33812571 29.00000000 26.00000000
v 5.32255030 29.00000000 27.00000000
v 5.31768465 29.00000000 28.00000000
v 5.31774330 29.00000000 29.00000000
v 5.32186699 29.00000000 30.00000000
v 5.32839489 29.00000000 31.00000000
v 5.33590508 29.00000000 32.00000000
v 5.34646034 29.00000000 33.00000000
v 5.35694122 29.00000000 34.00000000
v 5.36688995 29.00000000 35.00000000
v 5.38265467 29.00000000 36.00000000
v 5.39887047 29.00000000 37.00000000
v 5.41563177 29.00000000 38.00000000
v 5.43054914 29.00000000 39.00000000
v 5.44889498 29.00000000 40.00000000
v 5.46491098 29.00000000 41.00000000
v 5.48070621 29.00000000 42.00000000
v 5.51428461 29.00000000 43.00000000
v 5.66744423 29.00000000 44.00000000
v 5.93697119 29.00000000 45.00000000
v 6.00000000 29.00000000 45.08057785
v 5.74949408 30.00000000 18.00000000
v 6.00000000 30.00000000 17.62938118
v 5.52617645 30.00000000 19.00000000
v 5.45750856 30.00000000 20.00000000
v 5.43914843 30.00000000 21.00000000
v 5.42454195 30.00000000 22.00000000
v 5.40667629 30.00000000 23.00000000
v 5.38772678 30.00000000 24.00000000
v 5.37194681 30.00000000 25.00000000
v 5.35581160 30.00000000 26.00000000
v 5.33980942 30.00000000 27.00000000
v 5.31906462 30.00000000 28.00000000
v 5.30710173 30.00000000 29.00000000
v 5.30999041 30.00000000 30.00000000
v 5.31617117 30.00000000 31.00000000
v 5.31987762 30.00000000 32.00000000
v 5.32479095 30.00000000 33.00000000
v 5.33770704 30.00000000 34.00000000
v 5.35416746 30.00000000 35.00000000
v 5.37361193 30.00000000 36.00000000
v 5.39520645 30.00000000 37.00000000
v 5.42098713 30.00000000 38.00000000
v 5.44054604 30.00000000 39.00000000
v 5.45372105 30.00000000 40.00000000
v 5.47339869 30.00000000 41.00000000
v 5.48913002 30.00000000 42.00000000
v 5.51544142 30.00000000 43.00000000
v 5.65354586 30.00000000 44.00000000
v 5.93717623 30.00000000 45.00000000
v 6.00000000 30.00000000 45.08193588
v 5.79715681 31.00000000 18.00000000
v 6.00000000 31.00000000 17.70195770
v 5.50248861 31.00000000 19.00000000
v 5.41673470 31.00000000 20.00000000
v 5.38735437 31.00000000 21.00000000
v 5.35822392 31.00000000 22.00000000
v 5.32912683 31.00000000 23.00000000
v 5.29966879 31.00000000 24.00000000
v 5.27103758 31.00000000 25.00000000
v 5.24884272 31.00000000 26.00000000
v 5.22964001 31.00000000 27.00000000
v 5.21732616 31.00000000 28.00000000
v 5.20464706 31.00000000 29.00000000
v 5.19437551 31.00000000 30.00000000
v 5.19902658 31.00000000 31.00000000
v 5.21823931 31.00000000 32.00000000
v 5.24871445 31.00000000 33.00000000
v 5.28038597 31.00000000 34.00000000
v 5.31735468 31.00000000 35.00000000
v 5.35572910 31.00000000 36.00000000
v 5.37690973 31.00000000 37.00000000
v 5.40490675 31.00000000 38.00000000
v 5.42904854 31.00000000 39.00000000
v 5.45379972 31.00000000 40.00000000
v 5.47813702 31.00000000 41.00000000
v 5.49917316 31.00000000 42.00000000
v 5.52705669 31.00000000 43.00000000
v 5.64116812 31.00000000 44.00000000
v 5.92766714 31.00000000 45.00000000
v 6.00000000 31.00000000 45.09691238
v 5.53854847 32.00000000 18.00000000
v 6.00000000 32.00000000 17.42153740
v 5.26303434 32.00000000 19.00000000
v 5.16752481 32.00000000 20.00000000
v 5.11567831 32.00000000 21.00000000
v 5.08527565 32.00000000 22.00000000
v 5.07034969 32.00000000 23.00000000
v 5.06820965 32.00000000 24.00000000
v 5.06320858 32.00000000 25.00000000
v 5.06589651 32.00000000 26.00000000
v 5.05898142 32.00000000 27.00000000
v 5.06510687 32.00000000 28.00000000
v 5.08066750 32.00000000 29.00000000
v 5.09368420 32.00000000 30.00000000
v 5.10693359 32.00000000 31.00000000
v 5.13118744 32.00000000 32.00000000
v 5.17386532 32.00000000 33.00000000
v 5.22589922 32.00000000 34.00000000
v 5.28268099 32.00000000 35.00000000
v 5.33104753 32.00000000 36.00000000
v 5.35694504 32.00000000 37.00000000
v 5.37482166 32.00000000 38.00000000
v 5.40662479 32.00000000 39.00000000
v 5.44124746 32.00000000 40.00000000
v 5.46868753 32.00000000 41.00000000
v 5.50183010 32.00000000 42.00000000
v 5.53198290 32.00000000 43.00000000
v 5.62492180 32.00000000 44.00000000
v 5.91587543 32.00000000 45.00000000
v 6.00000000 32.00000000 45.11598206
v 5.86077404 33.00000000 17.00000000
v 6.00000000 32.77603531 17.00000000
v 6.00000000 33.00000000 16.91519928
v 5.22355413 33.00000000 18.00000000
v 5.02860785 33.00000000 19.00000000
v 5.00164795 33.00000000 27.00000000
v 5.01966524 33.00000000 28.00000000
v 5.04196835 33.00000000 29.00000000
v 5.06960154 33.00000000 30.00000000
v 5.09464836 33.00000000 31.00000000
v 5.12210131 33.00000000 32.00000000
v 5.15855646 33.00000000 33.00000000
v 5.20432425 33.00000000 34.00000000
v 5.26338959 33.00000000 35.00000000
v 5.30986738 33.00000000 36.00000000
v 5.34099770 33.00000000 37.00000000
v 5.35515451 33.00000000 38.00000000
v 5.37945795 33.00000000 39.00000000
v 5.42131662 33.00000000 40.00000000
v 5.44998550 33.00000000 41.00000000
v 5.47658062 33.00000000 42.00000000
v 5.51816702 33.00000000 43.00000000
v 5.58996010 33.00000000 44.00000000
v 5.88572550 33.00000000 45.00000000
v 6.00000000 33.00000000 45.16031265
v 5.66852713 34.00000000 17.00000000
v 6.00000000 34.00000000 16.77914047
v 5.15869665 34.00000000 18.00000000
v 5.02688599 34.00000000 28.00000000
v 5.05056381 34.00000000 29.00000000
v 5.06594801 34.00000000 30.00000000
v 5.09922123 34.00000000 31.00000000
v 5.13530588 34.00000000 32.00000000
v 5.17011356 34.00000000 33.00000000
v 5.21194029 34.00000000 34.00000000
v 5.26524734 34.00000000 35.00000000
v 5.30445147 34.00000000 36.00000000
v 5.33122063 34.00000000 37.00000000
v 5.34440804 34.00000000 38.00000000
v 5.36301661 34.00000000 39.00000000
v 5.39050961 34.00000000 40.00000000
v 5.42239809 34.00000000 41.00000000
v 5.44646025 34.00000000 42.00000000
v 5.48919678 34.00000000 43.00000000
v 5.57056046 34.00000000 44.00000000
v 5.85222292 34.00000000 45.00000000
v 6.00000000 34.00000000 45.21492004
v 5.77530432 35.00000000 17.00000000
v 6.00000000 35.00000000 16.85619164
v 5.19897127 35.00000000 18.00000000
v 5.04136801 35.00000000 19.00000000
v 5.01315737 35.00000000 27.00000000
v 5.03794384 35.00000000 28.00000000
v 5.06361198 35.00000000 29.00000000
v 5.08800507 35.00000000 30.00000000
v 5.11775875 35.00000000 31.00000000
v 5.15814352 35.00000000 32.00000000
v 5.20400763 35.00000000 33.00000000
v 5.24809504 35.00000000 34.00000000
v 5.29719830 35.00000000 35.00000000
v 5.32235241 35.00000000 36.00000000
v 5.33968496 35.00000000 37.00000000
v 5.35349035 35.00000000 38.00000000
v 5.36446047 35.00000000 39.00000000
v 5.37043142 35.00000000 40.00000000
v 5.38800716 35.00000000 41.00000000
v 5.40766525 35.00000000 42.00000000
v 5.45099211 35.00000000 43.00000000
v 5.54647493 35.00000000 44.00000000
v 5.83100510 35.00000000 45.00000000
v 6.00000000 35.00000000 45.24983215
v 5.98689556 36.00000000 17.00000000
v 6.00000000 36.00000000 16.99216270
v 5.32172108 36.00000000 18.00000000
v 5.15060616 36.00000000 19.00000000
v 5.06016302 36.00000000 20.00000000
v 5.01278305 36.00000000 21.00000000
v 5.00398111 36.00000000 25.00000000
v 5.01781225 36.00000000 26.00000000
v 5.03863621 36.00000000 27.00000000
v 5.06379652 36.00000000 28.00000000
v 5.09816504 36.00000000 29.00000000
v 5.13024902 36.00000000 30.00000000
v 5.18177605 36.00000000 31.00000000
v 5.22623158 36.00000000 32.00000000
v 5.26308584 36.00000000 33.00000000
v 5.31025457 36.00000000 34.00000000
v 5.36258650 36.00000000 35.00000000
v 5.38959742 36.00000000 36.00000000
v 5.39223337 36.00000000 37.00000000
v 5.38844585 36.00000000 38.00000000
v 5.39350510 36.00000000 39.00000000
v 5.39403057 36.00000000 40.00000000
v 5.38862801 36.00000000 41.00000000
v 5.39368725 36.00000000 42.00000000
v 5.42856836 36.00000000 43.00000000
v 5.53260899 36.00000000 44.00000000
v 5.82183313 36.00000000 45.00000000
v 6.00000000 36.00000000 45.27029037
v 6.00000000 36.05084610 17.00000000
v 6.00000000 37.00000000 17.42154694
v 5.63357449 37.00000000 18.00000000
v 5.34847355 37.00000000 19.00000000
v 5.21910715 37.00000000 20.00000000
v 5.16624737 37.00000000 21.00000000
v 5.13332272 37.00000000 22.00000000
v 5.11026049 37.00000000 23.00000000
v 5.09354019 37.00000000 24.00000000
v 5.08627510 37.00000000 25.00000000
v 5.10050869 37.00000000 26.00000000
v 5.12019539 37.00000000 27.00000000
v 5.14767694 37.00000000 28.00000000
v 5.18496227 37.00000000 29.00000000
v 5.24010706 37.00000000 30.00000000
v 5.30272770 37.00000000 31.00000000
v 5.36317968 37.00000000 32.00000000
v 5.40280914 37.00000000 33.00000000
v 5.44656610 37.00000000 34.00000000
v 5.49431276 37.00000000 35.00000000
v 5.52079201 37.00000000 36.00000000
v 5.49786901 37.00000000 37.00000000
v 5.46903372 37.00000000 38.00000000
v 5.44618797 37.00000000 39.00000000
v 5.42655039 37.00000000 40.00000000
v 5.41996288 37.00000000 41.00000000
v 5.41915464 37.00000000 42.00000000
v 5.45120573 37.00000000 43.00000000
v 5.55065727 37.00000000 44.00000000
v 5.83621693 37.00000000 45.00000000
v 6.00000000 37.00000000 45.24821091
v 6.00000000 37.74148941 18.00000000
v 6.00000000 38.00000000 18.45531464
v 5.84148359 38.00000000 19.00000000
v 5.65728951 38.00000000 20.00000000
v 5.51801538 38.00000000 21.00000000
v 5.44368315 38.00000000 22.00000000
v 5.38875628 38.00000000 23.00000000
v 5.35211086 38.00000000 24.00000000
v 5.33875322 38.00000000 25.00000000
v 5.32728720 38.00000000 26.00000000
v 5.32320595 38.00000000 27.00000000
v 5.33166122 38.00000000 28.00000000
v 5.35505915 38.00000000 29.00000000
v 5.40266085 38.00000000 30.00000000
v 5.47175264 38.00000000 31.00000000
v 5.53839731 38.00000000 32.00000000
v 5.60047960 38.00000000 33.00000000
v 5.65065384 38.00000000 34.00000000
v 5.68878269 38.00000000 35.00000000
v 5.71360588 38.00000000 36.00000000
v 5.65600872 38.00000000 37.00000000
v 5.59942865 38.00000000 38.00000000
v 5.55111265 38.00000000 39.00000000
v 5.50387859 38.00000000 40.00000000
v 5.49177408 38.00000000 41.00000000
v 5.50441265 38.00000000 42.00000000
v 5.54426193 38.00000000 43.00000000
v 5.65927982 38.00000000 44.00000000
v 5.94896936 38.00000000 45.00000000
v 6.00000000 38.00000000 45.07660675
v 6.00000000 38.25982666 19.00000000
v 6.00000000 38.55643463 20.00000000
v 6.00000000 38.77147675 21.00000000
v 6.00000000 38.91836929 22.00000000
v 6.00000000 39.00000000 22.56869698
v 5.95870209 39.00000000 23.00000000
v 5.87558746 39.00000000 24.00000000
v 5.81268358 39.00000000 25.00000000
v 5.76999855 39.00000000 26.00000000
v 5.73210001 39.00000000 27.00000000
v 5.68477297 39.00000000 28.00000000
v 5.66880798 39.00000000 29.00000000
v 5.69698524 39.00000000 30.00000000
v 5.76022959 39.00000000 31.00000000
v 5.84347200 39.00000000 32.00000000
v 5.93203402 39.00000000 33.00000000
v 6.00000000 39.00000000 33.88035202
v 6.00000000 38.97792816 34.00000000
v 6.00000000 38.85048676 35.00000000
v 6.00000000 38.91711807 36.00000000
v 6.00000000 39.00000000 36.30900574
v 5.93470335 39.00000000 37.00000000
v 5.84343576 39.00000000 38.00000000
v 5.75149393 39.00000000 39.00000000
v 5.67677975 39.00000000 40.00000000
v 5.64300299 39.00000000 41.00000000
v 5.66138649 39.00000000 42.00000000
v 5.71819067 39.00000000 43.00000000
v 5.85343933 39.00000000 44.00000000
v 6.00000000 39.00000000 44.51504517
v 6.00000000 38.25719452 45.00000000
v 6.00000000 39.07065964 23.00000000
v 6.00000000 39.22139359 24.00000000
v 6.00000000 39.34675980 25.00000000
v 6.00000000 39.44145584 26.00000000
v 6.00000000 39.54234695 27.00000000
v 6.00000000 39.63558578 28.00000000
v 6.00000000 39.67145920 29.00000000
v 6.00000000 39.64431381 30.00000000
v 6.00000000 39.55144882 31.00000000
v 6.00000000 39.38650131 32.00000000
v 6.00000000 39.17501450 33.00000000
v 6.00000000 39.18317795 37.00000000
v 6.00000000 39.45553589 38.00000000
v 6.00000000 39.74805450 39.00000000
v 6.00000000 39.97180176 40.00000000
v 6.00000000 40.00000000 40.18705368
v 5.95207691 40.00000000 41.00000000
v 5.94727039 40.00000000 42.00000000
v 6.00000000 40.00000000 42.86788559
v 6.00000000 39.97354507 43.00000000
v 6.00000000 39.45711899 44.00000000
v 6.00000000 40.10405350 41.00000000
v 6.00000000 40.11370087 42.00000000
v 6.55567503 21.00000000 18.00000000
v 7.00000000 20.81744957 18.00000000
v 7.00000000 21.00000000 17.82817459
v 7.00000000 20.52200127 19.00000000
v 7.00000000 20.47085762 20.00000000
v 7.00000000 20.46317482 21.00000000
v 7.00000000 20.46054077 22.00000000
v 7.00000000 20.47000885 23.00000000
v 7.00000000 20.48904610 24.00000000
v 7.00000000 20.50724792 25.00000000
v 7.00000000 20.51541710 26.00000000
v 7.00000000 20.52228546 27.00000000
v 7.00000000 20.53641891 28.00000000
v 7.00000000 20.55046844 29.00000000
v 7.00000000 20.56204033 30.00000000
v 7.00000000 20.57391930 31.00000000
v 7.00000000 20.58540916 32.00000000
v 7.00000000 20.59866714 33.00000000
v 7.00000000 20.60583687 34.00000000
v 7.00000000 20.60540390 35.00000000
v 7.00000000 20.59273148 36.00000000
v 7.00000000 20.57569695 37.00000000
v 7.00000000 20.55807877 38.00000000
v 7.00000000 20.53790855 39.00000000
v 7.00000000 20.51971054 40.00000000
v 7.00000000 20.49960899 41.00000000
v 7.00000000 20.48306656 42.00000000
v 7.00000000 20.45616531 43.00000000
v 7.00000000 20.45056725 44.00000000
v 6.30246639 21.00000000 45.00000000
v 7.00000000 20.60154915 45.00000000
v 7.00000000 21.00000000 45.49682236
v 7.00000000 22.00000000 17.51212502
v 7.00000000 22.00000000 45.72495270
v 7.00000000 23.00000000 17.49095726
v 7.00000000 23.00000000 45.70759201
v 7.00000000 24.00000000 17.47820091
v 7.00000000 24.00000000 45.66688156
v 7.00000000 25.00000000 17.38619423
v 7.00000000 25.00000000 45.67091751
v 7.00000000 26.00000000 17.30594254
v 7.00000000 26.00000000 45.68132401
v 7.00000000 27.00000000 17.21732521
v 7.00000000 27.00000000 45.70687485
v 7.00000000 28.00000000 17.11614799
v 7.00000000 28.00000000 45.72172165
v 7.00000000 29.00000000 17.01963615
v 7.00000000 29.00000000 45.76501083
v 6.88764048 30.00000000 17.00000000
v 7.00000000 29.26289368 17.00000000
v 7.00000000 30.00000000 16.95846176
v 7.00000000 30.00000000 45.78215408
v 6.98558331 31.00000000 17.00000000
v 7.00000000 31.00000000 16.99419022
v 7.00000000 31.00000000 45.80731583
v 6.70876932 32.00000000 17.00000000
v 7.00000000 32.00000000 16.88217354
v 7.00000000 32.00000000 45.84680557
v 7.00000000 33.00000000 16.57144737
v 7.00000000 33.00000000 45.90143585
v 7.00000000 34.00000000 16.46043396
v 7.00000000 34.00000000 45.96064377
v 7.00000000 35.00000000 16.51335526
v 7.00000000 34.81157684 46.00000000
v 6.98364878 35.00000000 46.00000000
v 7.00000000 35.00000000 46.00617599
v 7.00000000 36.00000000 16.66504288
v 6.97363186 36.00000000 46.00000000
v 7.00000000 36.00000000 46.00933456
v 6.61911964 37.00000000 17.00000000
v 7.00000000 37.00000000 16.90131760
v 7.00000000 37.00000000 45.97998428
v 7.00000000 36.45324326 46.00000000
v 7.00000000 37.38849640 17.00000000
v 6.28906679 38.00000000 18.00000000
v 7.00000000 38.00000000 17.45145798
v 7.00000000 38.00000000 45.81260681
v 7.00000000 38.51190948 18.00000000
v 7.00000000 38.91461945 19.00000000
v 6.63849497 39.00000000 20.00000000
v 7.00000000 39.00000000 19.29700089
v 6.31826925 39.00000000 21.00000000
v 6.10545301 39.00000000 22.00000000
v 6.01326752 39.00000000 34.00000000
v 6.08617258 39.00000000 35.00000000
v 6.04081821 39.00000000 36.00000000
v 6.25279331 39.00000000 45.00000000
v 7.00000000 39.00000000 45.56864548
v 7.00000000 39.20592880 20.00000000
v 7.00000000 39.44702530 21.00000000
v 7.00000000 39.63349533 22.00000000
v 7.00000000 39.79319382 23.00000000
v 7.00000000 39.94837952 24.00000000
v 6.81753397 40.00000000 25.00000000
v 7.00000000 40.00000000 24.31080437
v 6.63536215 40.00000000 26.00000000
v 6.48165798 40.00000000 27.00000000
v 6.37578392 40.00000000 28.00000000
v 6.33193207 40.00000000 29.00000000
v 6.33334351 40.00000000 30.00000000
v 6.37366915 40.00000000 31.00000000
v 6.44644928 40.00000000 32.00000000
v 6.58778334 40.00000000 33.00000000
v 6.68652868 40.00000000 34.00000000
v 6.72985172 40.00000000 35.00000000
v 6.62122011 40.00000000 36.00000000
v 6.43878460 40.00000000 37.00000000
v 6.28819323 40.00000000 38.00000000
v 6.13983536 40.00000000 39.00000000
v 6.01567125 40.00000000 40.00000000
v 6.01262379 40.00000000 43.00000000
v 6.29953384 40.00000000 44.00000000
v 6.94842243 40.00000000 45.00000000
v 7.00000000 40.00000000 45.04418945
v 7.00000000 40.10037231 25.00000000
v 7.00000000 40.22900009 26.00000000
v 7.00000000 40.36192703 27.00000000
v 7.00000000 40.46694565 28.00000000
v 7.00000000 40.53883362 29.00000000
v 7.00000000 40.56044388 30.00000000
v 7.00000000 40.53841782 31.00000000
v 7.00000000 40.47580338 32.00000000
v 7.00000000 40.36432648 33.00000000
v 7.00000000 40.28757858 34.00000000
v 7.00000000 40.26293945 35.00000000
v 7.00000000 40.43772888 36.00000000
v 7.00000000 40.72247314 37.00000000
v 7.00000000 40.93424225 38.00000000
v 7.00000000 41.00000000 38.47743607
v 6.93370962 41.00000000 39.00000000
v 6.79387188 41.00000000 40.00000000
v 6.68284130 41.00000000 41.00000000
v 6.69731951 41.00000000 42.00000000
v 6.80483913 41.00000000 43.00000000
v 7.00000000 41.00000000 43.47475433
v 7.00000000 40.76320267 44.00000000
v 7.00000000 40.04860306 45.00000000
v 7.00000000 41.05095291 39.00000000
v 7.00000000 41.15135574 40.00000000
v 7.00000000 41.22383118 41.00000000
v 7.00000000 41.20696640 42.00000000
v 7.00000000 41.12694168 43.00000000
v 8.00000000 20.77642441 18.00000000
v 8.00000000 21.00000000 17.77127075
v 8.00000000 20.50331688 19.00000000
v 8.00000000 20.45022202 20.00000000
v 8.00000000 20.44218445 21.00000000
v 8.00000000 20.44246864 22.00000000
v 8.00000000 20.44877434 23.00000000
v 8.00000000 20.46132469 24.00000000
v 8.00000000 20.47504044 25.00000000
v 8.00000000 20.48201561 26.00000000
v 8.00000000 20.48780251 27.00000000
v 8.00000000 20.49599075 28.00000000
v 8.00000000 20.50495529 29.00000000
v 8.00000000 20.51264381 30.00000000
v 8.00000000 20.52224922 31.00000000
v 8.00000000 20.53378487 32.00000000
v 8.00000000 20.54789162 33.00000000
v 8.00000000 20.55723763 34.00000000
v 8.00000000 20.55877876 35.00000000
v 8.00000000 20.54660606 36.00000000
v 8.00000000 20.52689934 37.00000000
v 8.00000000 20.50601006 38.00000000
v 8.00000000 20.48449135 39.00000000
v 8.00000000 20.46699333 40.00000000
v 8.00000000 20.45554543 41.00000000
v 8.00000000 20.43979454 42.00000000
v 8.00000000 20.41874695 43.00000000
v 8.00000000 20.41949463 44.00000000
v 8.00000000 20.54886055 45.00000000
v 8.00000000 21.00000000 45.66874313
v 8.00000000 22.00000000 17.40837479
v 8.00000000 22.00000000 45.93354034
v 8.00000000 23.00000000 17.37912369
v 8.00000000 23.00000000 45.90447235
v 8.00000000 24.00000000 17.35590935
v 8.00000000 24.00000000 45.84035492
v 8.00000000 25.00000000 17.27275276
v 8.00000000 25.00000000 45.83155823
v 8.00000000 26.00000000 17.19264984
v 8.00000000 26.00000000 45.83754730
v 8.00000000 27.00000000 17.12506104
v 8.00000000 27.00000000 45.85450363
v 8.00000000 28.00000000 17.02912712
v 8.00000000 28.00000000 45.86996078
v 7.28698730 29.00000000 17.00000000
v 8.00000000 28.37551689 17.00000000
v 8.00000000 29.00000000 16.96114922
v 8.00000000 29.00000000 45.90887070
v 8.00000000 30.00000000 16.88243484
v 8.00000000 30.00000000 45.93610382
v 8.00000000 31.00000000 16.89962959
v 8.00000000 31.00000000 45.98490906
v 8.00000000 32.00000000 16.80402756
v 8.00000000 31.37655449 46.00000000
v 7.84155130 32.00000000 46.00000000
v 8.00000000 32.00000000 46.02013397
v 8.00000000 33.00000000 16.52540779
v 7.48212624 33.00000000 46.00000000
v 8.00000000 33.00000000 46.06934738
v 8.00000000 34.00000000 16.41012955
v 7.17160654 34.00000000 46.00000000
v 8.00000000 34.00000000 46.11669159
v 8.00000000 35.00000000 16.43222046
v 8.00000000 35.00000000 46.15415573
v 8.00000000 36.00000000 16.56259346
v 8.00000000 36.00000000 46.16448975
v 8.00000000 37.00000000 16.79631042
v 7.07216692 37.00000000 46.00000000
v 8.00000000 37.00000000 46.14209366
v 8.00000000 37.73414612 17.00000000
v 8.00000000 38.00000000 17.18924141
v 7.65448952 38.00000000 46.00000000
v 8.00000000 38.00000000 46.05266571
v 8.00000000 38.73393631 18.00000000
v 7.40719318 39.00000000 19.00000000
v 8.00000000 39.00000000 18.65067673
v 8.00000000 39.00000000 45.82825470
v 8.00000000 38.38016129 46.00000000
v 8.00000000 39.12997818 19.00000000
v 8.00000000 39.41621780 20.00000000
v 8.00000000 39.64580917 21.00000000
v 8.00000000 39.81700516 22.00000000
v 8.00000000 39.98418808 23.00000000
v 7.27500486 40.00000000 24.00000000
v 8.00000000 40.00000000 23.11020851
v 8.00000000 40.00000000 45.39384079
v 8.00000000 40.11737823 24.00000000
v 8.00000000 40.25481415 25.00000000
v 8.00000000 40.39793777 26.00000000
v 8.00000000 40.52326202 27.00000000
v 8.00000000 40.60775757 28.00000000
v 8.00000000 40.68524170 29.00000000
v 8.00000000 40.72960663 30.00000000
v 8.00000000 40.71544647 31.00000000
v 8.00000000 40.64679718 32.00000000
v 8.00000000 40.56537247 33.00000000
v 8.00000000 40.52769089 34.00000000
v 8.00000000 40.54462433 35.00000000
v 8.00000000 40.85082245 36.00000000
v 7.46436024 41.00000000 37.00000000
v 8.00000000 41.00000000 36.32642746
v 7.10400391 41.00000000 38.00000000
v 7.57403326 41.00000000 44.00000000
v 8.00000000 41.00000000 44.24540329
v 8.00000000 40.46251678 45.00000000
v 8.00000000 41.19752884 37.00000000
v 8.00000000 41.36268234 38.00000000
v 8.00000000 41.46230698 39.00000000
v 8.00000000 41.50472641 40.00000000
v 8.00000000 41.53258133 41.00000000
v 8.00000000 41.47802353 42.00000000
v 8.00000000 41.36355591 43.00000000
v 8.00000000 41.10226440 44.00000000
v 9.00000000 20.78706741 18.00000000
v 9.00000000 21.00000000 17.75977898
v 9.00000000 20.51741791 19.00000000
v 9.00000000 20.47005653 20.00000000
v 9.00000000 20.46387482 21.00000000
v 9.00000000 20.45772743 22.00000000
v 9.00000000 20.45737839 23.00000000
v 9.00000000 20.46991539 24.00000000
v 9.00000000 20.48452187 25.00000000
v 9.00000000 20.49473763 26.00000000
v 9.00000000 20.50410080 27.00000000
v 9.00000000 20.51488113 28.00000000
v 9.00000000 20.52649498 29.00000000
v 9.00000000 20.53537178 30.00000000
v 9.00000000 20.54835129 31.00000000
v 9.00000000 20.56540871 32.00000000
v 9.00000000 20.58232117 33.00000000
v 9.00000000 20.59494781 34.00000000
v 9.00000000 20.59475327 35.00000000
v 9.00000000 20.58016396 36.00000000
v 9.00000000 20.55902100 37.00000000
v 9.00000000 20.53677177 38.00000000
v 9.00000000 20.51138687 39.00000000
v 9.00000000 20.49283409 40.00000000
v 9.00000000 20.47972107 41.00000000
v 9.00000000 20.46391106 42.00000000
v 9.00000000 20.44806671 43.00000000
v 9.00000000 20.45485687 44.00000000
v 9.00000000 20.59180260 45.00000000
v 9.00000000 21.00000000 45.68849564
v 9.00000000 22.00000000 17.36799049
v 9.00000000 22.00000000 45.98524094
v 9.00000000 23.00000000 17.35121536
v 9.00000000 23.00000000 45.91912842
v 9.00000000 24.00000000 17.33708382
v 9.00000000 24.00000000 45.84202576
v 9.00000000 25.00000000 17.25113297
v 9.00000000 25.00000000 45.83713150
v 9.00000000 26.00000000 17.16271210
v 9.00000000 26.00000000 45.84447098
v 9.00000000 27.00000000 17.09939194
v 9.00000000 27.00000000 45.86415100
v 9.00000000 28.00000000 17.01698685
v 9.00000000 28.00000000 45.88533783
v 9.00000000 28.22091866 17.00000000
v 9.00000000 29.00000000 16.95115280
v 9.00000000 29.00000000 45.93568039
v 9.00000000 30.00000000 16.89137459
v 9.00000000 30.00000000 45.96253586
v 9.00000000 31.00000000 16.95047379
v 9.00000000 30.65083885 46.00000000
v 8.40755463 31.00000000 46.00000000
v 9.00000000 31.00000000 46.01688766
v 9.00000000 32.00000000 16.94945145
v 9.00000000 32.00000000 46.06418610
v 9.00000000 33.00000000 16.62533188
v 9.00000000 33.00000000 46.11935043
v 9.00000000 34.00000000 16.49847603
v 9.00000000 34.00000000 46.18021393
v 9.00000000 35.00000000 16.49874496
v 9.00000000 35.00000000 46.21830750
v 9.00000000 36.00000000 16.57421684
v 9.00000000 36.00000000 46.23380280
v 9.00000000 37.00000000 16.80673790
v 9.00000000 37.00000000 46.21590805
v 9.00000000 37.72515488 17.00000000
v 9.00000000 38.00000000 17.19488525
v 9.00000000 38.00000000 46.12542343
v 9.00000000 38.74460983 18.00000000
v 9.00000000 39.00000000 18.62008476
v 9.00000000 39.00000000 45.97895813
v 9.00000000 38.92329025 46.00000000
v 9.00000000 39.12943649 19.00000000
v 9.00000000 39.38743973 20.00000000
v 9.00000000 39.60403442 21.00000000
v 9.00000000 39.77137375 22.00000000
v 9.00000000 39.90893173 23.00000000
v 9.00000000 40.00000000 23.76391792
v 9.00000000 40.00000000 45.57183075
v 9.00000000 40.02568436 24.00000000
v 9.00000000 40.13045120 25.00000000
v 9.00000000 40.24775314 26.00000000
v 9.00000000 40.36687088 27.00000000
v 9.00000000 40.46558762 28.00000000
v 9.00000000 40.54032135 29.00000000
v 9.00000000 40.61654282 30.00000000
v 9.00000000 40.64760971 31.00000000
v 9.00000000 40.59992981 32.00000000
v 9.00000000 40.51528549 33.00000000
v 9.00000000 40.45400620 34.00000000
v 9.00000000 40.51708984 35.00000000
v 8.79016018 41.00000000 36.00000000
v 9.00000000 41.00000000 35.93533707
v 9.00000000 41.00000000 44.59475708
v 9.00000000 40.70721436 45.00000000
v 9.00000000 41.02378082 36.00000000
v 9.00000000 41.38583374 37.00000000
v 9.00000000 41.64799500 38.00000000
v 9.00000000 41.73317337 39.00000000
v 9.00000000 41.75481415 40.00000000
v 9.00000000 41.71990204 41.00000000
v 9.00000000 41.64027405 42.00000000
v 9.00000000 41.51607895 43.00000000
v 9.00000000 41.24972534 44.00000000
v 10.00000000 20.81004524 18.00000000
v 10.00000000 21.00000000 17.77182007
v 10.00000000 20.53540993 19.00000000
v 10.00000000 20.49599457 20.00000000
v 10.00000000 20.48266029 21.00000000
v 10.00000000 20.47612953 22.00000000
v 10.00000000 20.48176384 23.00000000
v 10.00000000 20.49883080 24.00000000
v 10.00000000 20.51332664 25.00000000
v 10.00000000 20.52625275 26.00000000
v 10.00000000 20.53441238 27.00000000
v 10.00000000 20.54366684 28.00000000
v 10.00000000 20.55683708 29.00000000
v 10.00000000 20.57072258 30.00000000
v 10.00000000 20.58655357 31.00000000
v 10.00000000 20.60267639 32.00000000
v 10.00000000 20.61763954 33.00000000
v 10.00000000 20.62754822 34.00000000
v 10.00000000 20.62674332 35.00000000
v 10.00000000 20.61199379 36.00000000
v 10.00000000 20.58844757 37.00000000
v 10.00000000 20.56579590 38.00000000
v 10.00000000 20.54577255 39.00000000
v 10.00000000 20.52564240 40.00000000
v 10.00000000 20.51274109 41.00000000
v 10.00000000 20.49920654 42.00000000
v 10.00000000 20.48576736 43.00000000
v 10.00000000 20.49818802 44.00000000
v 10.00000000 20.63761520 45.00000000
v 10.00000000 21.00000000 45.63803864
v 10.00000000 22.00000000 17.35413170
v 10.00000000 22.00000000 45.95513535
v 10.00000000 23.00000000 17.35695267
v 10.00000000 23.00000000 45.87485123
v 10.00000000 24.00000000 17.35285378
v 10.00000000 24.00000000 45.80708694
v 10.00000000 25.00000000 17.27630806
v 10.00000000 25.00000000 45.80961609
v 10.00000000 26.00000000 17.18099022
v 10.00000000 26.00000000 45.81821442
v 10.00000000 27.00000000 17.10748863
v 10.00000000 27.00000000 45.84431076
v 10.00000000 28.00000000 17.03001022
v 10.00000000 28.00000000 45.87004852
v 10.00000000 28.32815552 17.00000000
v 10.00000000 29.00000000 16.95047951
v 10.00000000 29.00000000 45.92277527
v 10.00000000 30.00000000 16.91312599
v 10.00000000 30.00000000 45.96197128
v 10.00000000 30.66634369 17.00000000
v 9.52185535 31.00000000 17.00000000
v 10.00000000 31.00000000 17.05028915
v 10.00000000 30.68220329 46.00000000
v 10.00000000 31.00000000 46.01457214
v 9.22401333 32.00000000 17.00000000
v 10.00000000 32.00000000 17.20406914
v 10.00000000 32.00000000 46.06707764
v 10.00000000 32.42934799 17.00000000
v 10.00000000 33.00000000 16.80197716
v 10.00000000 33.00000000 46.12984467
v 10.00000000 34.00000000 16.67674065
v 10.00000000 34.00000000 46.20320511
v 10.00000000 35.00000000 16.66281319
v 10.00000000 35.00000000 46.24185181
v 10.00000000 36.00000000 16.76347351
v 10.00000000 36.00000000 46.25730896
v 10.00000000 37.00000000 16.94437218
v 10.00000000 37.00000000 46.24137878
v 10.00000000 37.24824142 17.00000000
v 10.00000000 38.00000000 17.51054955
v 10.00000000 38.00000000 46.15126801
v 10.00000000 38.42744827 18.00000000
v 10.00000000 38.77083588 19.00000000
v 9.39342785 39.00000000 19.00000000
v 10.00000000 38.99656296 20.00000000
v 9.99210739 39.00000000 20.00000000
v 10.00000000 39.00000000 20.01886749
v 9.24484730 39.00000000 46.00000000
v 10.00000000 39.00000000 46.03238678
v 10.00000000 39.17644882 21.00000000
v 10.00000000 39.32605362 22.00000000
v 10.00000000 39.48225021 23.00000000
v 10.00000000 39.61810303 24.00000000
v 9.08364582 40.00000000 24.00000000
v 10.00000000 39.74031448 25.00000000
v 9.38783932 40.00000000 25.00000000
v 10.00000000 39.84515381 26.00000000
v 9.65985680 40.00000000 26.00000000
v 10.00000000 39.92886734 27.00000000
v 9.86649799 40.00000000 27.00000000
v 10.00000000 39.99573135 28.00000000
v 9.99314022 40.00000000 28.00000000
v 10.00000000 40.00000000 28.09225082
v 10.00000000 40.00000000 45.67851639
v 10.00000000 39.17560959 46.00000000
v 10.00000000 40.03945923 29.00000000
v 10.00000000 40.09971237 30.00000000
v 10.00000000 40.13662720 31.00000000
v 10.00000000 40.13944626 32.00000000
v 10.00000000 40.11829376 33.00000000
v 10.00000000 40.07415009 34.00000000
v 10.00000000 40.13301468 35.00000000
v 10.00000000 40.82983780 36.00000000
v 9.21460152 41.00000000 36.00000000
v 10.00000000 41.00000000 36.14484787
v 10.00000000 41.00000000 44.82863617
v 10.00000000 40.86451340 45.00000000
v 10.00000000 41.52043533 37.00000000
v 10.00000000 41.83227539 38.00000000
v 10.00000000 41.91034698 39.00000000
v 10.00000000 41.90262604 40.00000000
v 10.00000000 41.84714508 41.00000000
v 10.00000000 41.76675797 42.00000000
v 10.00000000 41.61574554 43.00000000
v 10.00000000 41.36079407 44.00000000
v 11.00000000 20.82737732 18.00000000
v 11.00000000 21.00000000 17.78740692
v 11.00000000 20.55538368 19.00000000
v 11.00000000 20.50406837 20.00000000
v 11.00000000 20.48741722 21.00000000
v 11.00000000 20.48354149 22.00000000
v 11.00000000 20.49486160 23.00000000
v 11.00000000 20.51362610 24.00000000
v 11.00000000 20.53144836 25.00000000
v 11.00000000 20.54560471 26.00000000
v 11.00000000 20.55114937 27.00000000
v 11.00000000 20.55845261 28.00000000
v 11.00000000 20.57223320 29.00000000
v 11.00000000 20.58815956 30.00000000
v 11.00000000 20.60743141 31.00000000
v 11.00000000 20.62572098 32.00000000
v 11.00000000 20.63918114 33.00000000
v 11.00000000 20.64730072 34.00000000
v 11.00000000 20.64525414 35.00000000
v 11.00000000 20.62944984 36.00000000
v 11.00000000 20.60994720 37.00000000
v 11.00000000 20.58838272 38.00000000
v 11.00000000 20.56816673 39.00000000
v 11.00000000 20.54906273 40.00000000
v 11.00000000 20.53531456 41.00000000
v 11.00000000 20.52193260 42.00000000
v 11.00000000 20.51255608 43.00000000
v 11.00000000 20.52358437 44.00000000
v 11.00000000 20.66800117 45.00000000
v 11.00000000 21.00000000 45.58581924
v 11.00000000 22.00000000 17.36479378
v 11.00000000 22.00000000 45.89408112
v 11.00000000 23.00000000 17.36902809
v 11.00000000 23.00000000 45.83642578
v 11.00000000 24.00000000 17.36880302
v 11.00000000 24.00000000 45.77507782
v 11.00000000 25.00000000 17.29646873
v 11.00000000 25.00000000 45.77487946
v 11.00000000 26.00000000 17.19190216
v 11.00000000 26.00000000 45.78359604
v 11.00000000 27.00000000 17.11825180
v 11.00000000 27.00000000 45.81697083
v 11.00000000 28.00000000 17.03363800
v 11.00000000 28.00000000 45.84407043
v 11.00000000 28.32827568 17.00000000
v 11.00000000 29.00000000 16.94295311
v 11.00000000 29.00000000 45.89214325
v 11.00000000 30.00000000 16.89514351
v 11.00000000 30.00000000 45.94280624
v 11.00000000 30.52520370 17.00000000
v 11.00000000 31.00000000 17.14119148
v 11.00000000 30.76895332 46.00000000
v 11.00000000 31.00000000 46.01409531
v 11.00000000 32.00000000 17.65230942
v 11.00000000 32.00000000 46.07268906
v 10.86371708 33.00000000 17.00000000
v 11.00000000 33.00000000 17.09315681
v 11.00000000 33.00000000 46.13961411
v 11.00000000 33.47111511 17.00000000
v 11.00000000 34.00000000 16.95046234
v 11.00000000 34.00000000 46.20886993
v 11.00000000 35.00000000 16.99173355
v 11.00000000 35.00000000 46.25363541
v 11.00000000 35.09799576 17.00000000
v 10.75364494 36.00000000 17.00000000
v 11.00000000 36.00000000 17.24329567
v 11.00000000 36.00000000 46.26836014
v 10.18541527 37.00000000 17.00000000
v 11.00000000 37.00000000 17.87839127
v 11.00000000 37.00000000 46.25498199
v 11.00000000 37.16748047 18.00000000
v 10.48985767 38.00000000 18.00000000
v 11.00000000 37.66259766 19.00000000
v 10.80020428 38.00000000 19.00000000
v 11.00000000 37.93336105 20.00000000
v 10.96249294 38.00000000 20.00000000
v 11.00000000 38.00000000 20.32527351
v 11.00000000 38.00000000 46.16738510
v 11.00000000 38.12557602 21.00000000
v 10.24157715 39.00000000 21.00000000
v 11.00000000 38.27869415 22.00000000
v 10.41731262 39.00000000 22.00000000
v 11.00000000 38.42736435 23.00000000
v 10.57027912 39.00000000 23.00000000
v 11.00000000 38.54904175 24.00000000
v 10.68418217 39.00000000 24.00000000
v 11.00000000 38.64791489 25.00000000
v 10.77139187 39.00000000 25.00000000
v 11.00000000 38.74972534 26.00000000
v 10.84576797 39.00000000 26.00000000
v 11.00000000 38.80657196 27.00000000
v 10.87564754 39.00000000 27.00000000
v 11.00000000 38.82724380 28.00000000
v 10.89433289 39.00000000 28.00000000
v 11.00000000 38.82654190 29.00000000
v 10.90565491 39.00000000 29.00000000
v 11.00000000 38.81758881 30.00000000
v 10.91735363 39.00000000 30.00000000
v 11.00000000 38.77581024 31.00000000
v 10.91012478 39.00000000 31.00000000
v 11.00000000 38.76002884 32.00000000
v 10.89044476 39.00000000 32.00000000
v 11.00000000 38.97502899 33.00000000
v 10.98621082 39.00000000 33.00000000
v 11.00000000 39.00000000 33.09308243
v 11.00000000 39.00000000 46.04978180
v 10.04932594 40.00000000 29.00000000
v 10.12365150 40.00000000 30.00000000
v 10.16198635 40.00000000 31.00000000
v 10.16732502 40.00000000 32.00000000
v 10.15078926 40.00000000 33.00000000
v 11.00000000 39.15135574 34.00000000
v 10.10570431 40.00000000 34.00000000
v 11.00000000 39.41658783 35.00000000
v 10.23666763 40.00000000 35.00000000
v 11.00000000 40.00000000 35.49578857
v 11.00000000 40.00000000 45.75178528
v 11.00000000 39.29559708 46.00000000
v 11.00000000 40.54191971 36.00000000
v 11.00000000 41.00000000 36.29102707
v 11.00000000 41.00000000 44.96468353
v 11.00000000 40.97074509 45.00000000
v 11.00000000 41.53611755 37.00000000
v 11.00000000 41.95051956 38.00000000
v 10.88594627 42.00000000 39.00000000
v 11.00000000 42.00000000 38.79988480
v 10.93551254 42.00000000 40.00000000
v 11.00000000 42.00000000 40.10816193
v 11.00000000 41.94575119 41.00000000
v 11.00000000 41.85407639 42.00000000
v 11.00000000 41.68262482 43.00000000
v 11.00000000 41.42564774 44.00000000
v 11.00000000 42.00873184 39.00000000
v 11.00000000 42.00539017 40.00000000
v 12.00000000 20.83711433 18.00000000
v 12.00000000 21.00000000 17.79675102
v 12.00000000 20.56831932 19.00000000
v 12.00000000 20.50923157 20.00000000
v 12.00000000 20.49574089 21.00000000
v 12.00000000 20.49788857 22.00000000
v 12.00000000 20.51083183 23.00000000
v 12.00000000 20.53027344 24.00000000
v 12.00000000 20.54999924 25.00000000
v 12.00000000 20.55939865 26.00000000
v 12.00000000 20.56282234 27.00000000
v 12.00000000 20.56806374 28.00000000
v 12.00000000 20.57845688 29.00000000
v 12.00000000 20.59318733 30.00000000
v 12.00000000 20.61493301 31.00000000
v 12.00000000 20.63415718 32.00000000
v 12.00000000 20.64672089 33.00000000
v 12.00000000 20.65393639 34.00000000
v 12.00000000 20.65071869 35.00000000
v 12.00000000 20.63490486 36.00000000
v 12.00000000 20.61940765 37.00000000
v 12.00000000 20.60025024 38.00000000
v 12.00000000 20.57947159 39.00000000
v 12.00000000 20.56175232 40.00000000
v 12.00000000 20.54959297 41.00000000
v 12.00000000 20.53835106 42.00000000
v 12.00000000 20.52877808 43.00000000
v 12.00000000 20.54294968 44.00000000
v 12.00000000 20.69267464 45.00000000
v 12.00000000 21.00000000 45.53067398
v 12.00000000 22.00000000 17.36871338
v 12.00000000 22.00000000 45.83319855
v 12.00000000 23.00000000 17.37414551
v 12.00000000 23.00000000 45.79450226
v 12.00000000 24.00000000 17.37322426
v 12.00000000 24.00000000 45.74685669
v 12.00000000 25.00000000 17.30818939
v 12.00000000 25.00000000 45.74968338
v 12.00000000 26.00000000 17.20239449
v 12.00000000 26.00000000 45.76094055
v 12.00000000 27.00000000 17.12871933
v 12.00000000 27.00000000 45.80396271
v 12.00000000 28.00000000 17.04092407
v 12.00000000 28.00000000 45.82930756
v 12.00000000 28.37546349 17.00000000
v 12.00000000 29.00000000 16.94116402
v 12.00000000 29.00000000 45.87722778
v 12.00000000 30.00000000 16.87594604
v 12.00000000 30.00000000 45.93558502
v 12.00000000 30.51084709 17.00000000
v 12.00000000 31.00000000 17.21067619
v 12.00000000 30.77313805 46.00000000
v 12.00000000 31.00000000 46.01546860
v 12.00000000 31.62589455 18.00000000
v 11.42265129 32.00000000 18.00000000
v 12.00000000 31.98459625 19.00000000
v 11.97977638 32.00000000 19.00000000
v 12.00000000 32.00000000 19.07688713
v 11.98211002 32.00000000 25.00000000
v 12.00000000 32.00000000 24.72610283
v 12.00000000 31.98173141 25.00000000
v 12.00000000 31.90023422 26.00000000
v 11.90039158 32.00000000 26.00000000
v 12.00000000 31.83373260 27.00000000
v 11.83127213 32.00000000 27.00000000
v 12.00000000 31.75408173 28.00000000
v 11.74725056 32.00000000 28.00000000
v 12.00000000 31.70849228 29.00000000
v 11.69234085 32.00000000 29.00000000
v 12.00000000 31.69186020 30.00000000
v 11.68693638 32.00000000 30.00000000
v 12.00000000 31.75628281 31.00000000
v 11.76390076 32.00000000 31.00000000
v 12.00000000 31.95431900 32.00000000
v 11.95069599 32.00000000 32.00000000
v 12.00000000 32.00000000 32.29196548
v 12.00000000 32.00000000 46.07866669
v 11.76475048 33.00000000 18.00000000
v 12.00000000 33.00000000 18.85167122
v 12.00000000 32.34235764 19.00000000
v 11.95760822 33.00000000 24.00000000
v 12.00000000 33.00000000 23.32355881
v 12.00000000 32.52296066 24.00000000
v 11.88047600 33.00000000 25.00000000
v 11.81901073 33.00000000 26.00000000
v 11.75729370 33.00000000 27.00000000
v 11.69244099 33.00000000 28.00000000
v 11.62950420 33.00000000 29.00000000
v 11.61570072 33.00000000 30.00000000
v 11.72897148 33.00000000 31.00000000
v 11.97849369 33.00000000 32.00000000
v 12.00000000 33.00000000 32.13791656
v 12.00000000 33.00000000 46.14902115
v 11.10515213 34.00000000 17.00000000
v 11.75218391 34.00000000 18.00000000
v 12.00000000 33.82678986 19.00000000
v 11.99113846 34.00000000 19.00000000
v 12.00000000 34.00000000 19.13906860
v 12.00000000 33.49275208 24.00000000
v 12.00000000 33.99704742 25.00000000
v 11.91578770 34.00000000 26.00000000
v 12.00000000 34.00000000 25.00463486
v 11.83640194 34.00000000 27.00000000
v 11.75096512 34.00000000 28.00000000
v 11.68543053 34.00000000 29.00000000
v 11.65270710 34.00000000 30.00000000
v 11.75192451 34.00000000 31.00000000
v 11.95154476 34.00000000 32.00000000
v 12.00000000 34.00000000 32.20874786
v 12.00000000 34.00000000 46.21394730
v 11.01771927 35.00000000 17.00000000
v 11.65874863 35.00000000 18.00000000
v 11.87786961 35.00000000 19.00000000
v 12.00000000 34.45158768 20.00000000
v 11.92985439 35.00000000 20.00000000
v 12.00000000 34.62958145 21.00000000
v 11.95327187 35.00000000 21.00000000
v 12.00000000 34.57746506 22.00000000
v 11.95648861 35.00000000 22.00000000
v 12.00000000 34.96672440 23.00000000
v 11.99779034 35.00000000 23.00000000
v 12.00000000 35.00000000 23.06032562
v 11.97416210 35.00000000 26.00000000
v 12.00000000 35.00000000 25.58040428
v 11.89045143 35.00000000 27.00000000
v 11.78829861 35.00000000 28.00000000
v 11.68536472 35.00000000 29.00000000
v 11.60981274 35.00000000 30.00000000
v 11.68876362 35.00000000 31.00000000
v 11.81240368 35.00000000 32.00000000
v 12.00000000 35.00000000 32.83860397
v 12.00000000 35.00000000 46.25894547
v 11.44353962 36.00000000 18.00000000
v 11.64976597 36.00000000 19.00000000
v 11.72573662 36.00000000 20.00000000
v 11.78604126 36.00000000 21.00000000
v 11.82914352 36.00000000 22.00000000
v 11.84345055 36.00000000 23.00000000
v 12.00000000 35.20303726 24.00000000
v 11.86366081 36.00000000 24.00000000
v 12.00000000 35.21053314 25.00000000
v 11.86754513 36.00000000 25.00000000
v 11.83780766 36.00000000 26.00000000
v 11.76647282 36.00000000 27.00000000
v 11.69928265 36.00000000 28.00000000
v 11.61837769 36.00000000 29.00000000
v 11.55020809 36.00000000 30.00000000
v 11.59518719 36.00000000 31.00000000
v 11.68242645 36.00000000 32.00000000
v 12.00000000 35.24209213 33.00000000
v 11.87165737 36.00000000 33.00000000
v 12.00000000 36.00000000 33.27625275
v 12.00000000 36.00000000 46.27606964
v 11.06827545 37.00000000 18.00000000
v 11.30067062 37.00000000 19.00000000
v 11.42606068 37.00000000 20.00000000
v 11.51146317 37.00000000 21.00000000
v 11.56014252 37.00000000 22.00000000
v 11.60092449 37.00000000 23.00000000
v 11.62392139 37.00000000 24.00000000
v 11.63824177 37.00000000 25.00000000
v 11.64163017 37.00000000 26.00000000
v 11.63014603 37.00000000 27.00000000
v 11.58341980 37.00000000 28.00000000
v 11.48915768 37.00000000 29.00000000
v 11.43888187 37.00000000 30.00000000
v 11.47551537 37.00000000 31.00000000
v 11.56724358 37.00000000 32.00000000
v 11.71934223 37.00000000 33.00000000
v 12.00000000 37.00000000 33.60687637
v 12.00000000 37.00000000 46.26289749
v 11.07130432 38.00000000 21.00000000
v 11.14997196 38.00000000 22.00000000
v 11.22230244 38.00000000 23.00000000
v 11.28096962 38.00000000 24.00000000
v 11.32182503 38.00000000 25.00000000
v 11.36272335 38.00000000 26.00000000
v 11.40136909 38.00000000 27.00000000
v 11.39078522 38.00000000 28.00000000
v 11.35520363 38.00000000 29.00000000
v 11.30443764 38.00000000 30.00000000
v 11.27329922 38.00000000 31.00000000
v 11.31178951 38.00000000 32.00000000
v 11.47774601 38.00000000 33.00000000
v 12.00000000 37.58180237 34.00000000
v 11.83056450 38.00000000 34.00000000
v 12.00000000 38.00000000 34.20666122
v 12.00000000 38.00000000 46.17645264
v 11.15914154 39.00000000 34.00000000
v 12.00000000 38.85235596 35.00000000
v 11.78007126 39.00000000 35.00000000
v 12.00000000 39.00000000 35.08637238
v 12.00000000 39.00000000 46.05608368
v 12.00000000 40.00000000 35.76921844
v 12.00000000 40.00000000 45.79513931
v 12.00000000 39.35290146 46.00000000
v 12.00000000 40.32365799 36.00000000
v 12.00000000 41.00000000 36.40710831
v 11.31577110 41.00000000 45.00000000
v 12.00000000 41.00000000 45.06026077
v 12.00000000 41.52663803 37.00000000
v 11.60579967 42.00000000 38.00000000
v 12.00000000 42.00000000 37.93368149
v 11.58764267 42.00000000 41.00000000
v 12.00000000 42.00000000 41.36233902
v 12.00000000 41.92985535 42.00000000
v 12.00000000 41.73807144 43.00000000
v 12.00000000 41.47816086 44.00000000
v 12.00000000 41.03821564 45.00000000
v 12.00000000 42.02220917 38.00000000
v 12.00000000 42.06775284 39.00000000
v 12.00000000 42.07556915 40.00000000
v 12.00000000 42.03201294 41.00000000
v 13.00000000 20.84882355 18.00000000
v 13.00000000 21.00000000 17.80780983
v 13.00000000 20.57360649 19.00000000
v 13.00000000 20.50985909 20.00000000
v 13.00000000 20.50032616 21.00000000
v 13.00000000 20.50108528 22.00000000
v 13.00000000 20.51822281 23.00000000
v 13.00000000 20.54142189 24.00000000
v 13.00000000 20.55926704 25.00000000
v 13.00000000 20.57049179 26.00000000
v 13.00000000 20.57464218 27.00000000
v 13.00000000 20.57859612 28.00000000
v 13.00000000 20.58740997 29.00000000
v 13.00000000 20.60084915 30.00000000
v 13.00000000 20.62395859 31.00000000
v 13.00000000 20.64475822 32.00000000
v 13.00000000 20.65672874 33.00000000
v 13.00000000 20.66093063 34.00000000
v 13.00000000 20.65696335 35.00000000
v 13.00000000 20.64158440 36.00000000
v 13.00000000 20.62635803 37.00000000
v 13.00000000 20.60798073 38.00000000
v 13.00000000 20.58914566 39.00000000
v 13.00000000 20.56967926 40.00000000
v 13.00000000 20.55767059 41.00000000
v 13.00000000 20.54662132 42.00000000
v 13.00000000 20.53638077 43.00000000
v 13.00000000 20.55200768 44.00000000
v 13.00000000 20.70407104 45.00000000
v 13.00000000 21.00000000 45.49403763
v 13.00000000 22.00000000 17.36933327
v 13.00000000 22.00000000 45.79256439
v 13.00000000 23.00000000 17.37644577
v 13.00000000 23.00000000 45.76992035
v 13.00000000 24.00000000 17.37388992
v 13.00000000 24.00000000 45.72802353
v 13.00000000 25.00000000 17.31196022
v 13.00000000 25.00000000 45.72806549
v 13.00000000 26.00000000 17.20181656
v 13.00000000 26.00000000 45.73736954
v 13.00000000 27.00000000 17.12528038
v 13.00000000 27.00000000 45.79009628
v 13.00000000 28.00000000 17.03750801
v 13.00000000 28.00000000 45.82517242
v 13.00000000 28.31982422 17.00000000
v 13.00000000 29.00000000 16.92874527
v 13.00000000 29.00000000 45.86880112
v 13.00000000 30.00000000 16.84638977
v 13.00000000 30.00000000 45.93307495
v 13.00000000 30.62979317 17.00000000
v 13.00000000 31.00000000 17.17958260
v 13.00000000 30.75494003 46.00000000
v 13.00000000 31.00000000 46.01781082
v 13.00000000 31.40282440 18.00000000
v 13.00000000 31.54831505 19.00000000
v 13.00000000 31.63872528 20.00000000
v 12.25326824 32.00000000 20.00000000
v 13.00000000 31.61999130 21.00000000
v 12.25951004 32.00000000 21.00000000
v 13.00000000 31.56850624 22.00000000
v 12.21753693 32.00000000 22.00000000
v 13.00000000 31.49077034 23.00000000
v 12.12966537 32.00000000 23.00000000
v 13.00000000 31.42988968 24.00000000
v 12.04102612 32.00000000 24.00000000
v 13.00000000 31.39953613 25.00000000
v 13.00000000 31.36613464 26.00000000
v 13.00000000 31.33619308 27.00000000
v 13.00000000 31.31013107 28.00000000
v 13.00000000 31.27959442 29.00000000
v 13.00000000 31.24964142 30.00000000
v 13.00000000 31.21870422 31.00000000
v 13.00000000 31.28433228 32.00000000
v 13.00000000 31.51314354 33.00000000
v 12.15303898 32.00000000 33.00000000
v 13.00000000 31.72933578 34.00000000
v 12.43356800 32.00000000 34.00000000
v 13.00000000 32.00000000 34.62420273
v 13.00000000 32.00000000 46.09052277
v 12.02998257 33.00000000 19.00000000
v 12.08719635 33.00000000 20.00000000
v 12.07132912 33.00000000 21.00000000
v 12.03753090 33.00000000 22.00000000
v 12.01355743 33.00000000 23.00000000
v 12.15397358 33.00000000 33.00000000
v 12.50098705 33.00000000 34.00000000
v 13.00000000 33.00000000 34.47390366
v 13.00000000 33.00000000 46.15779114
v 12.03521729 34.00000000 20.00000000
v 12.04756546 34.00000000 21.00000000
v 12.03449249 34.00000000 22.00000000
v 12.03531837 34.00000000 23.00000000
v 12.02600861 34.00000000 24.00000000
v 12.00019741 34.00000000 25.00000000
v 12.19216442 34.00000000 33.00000000
v 12.75670242 34.00000000 34.00000000
v 13.00000000 34.00000000 34.14744186
v 13.00000000 34.00000000 46.21693802
v 12.01865292 35.00000000 24.00000000
v 12.01838589 35.00000000 25.00000000
v 12.04498100 35.00000000 33.00000000
v 12.96413708 35.00000000 34.00000000
v 13.00000000 35.00000000 34.01471710
v 13.00000000 35.00000000 46.26823425
v 12.69569016 36.00000000 34.00000000
v 13.00000000 36.00000000 34.13059616
v 13.00000000 36.00000000 46.28601456
v 12.35161686 37.00000000 34.00000000
v 13.00000000 37.00000000 34.34661484
v 13.00000000 37.00000000 46.26947021
v 13.00000000 38.00000000 34.72978592
v 13.00000000 38.00000000 46.17962646
v 13.00000000 38.45056534 35.00000000
v 13.00000000 39.00000000 35.27978516
v 13.00000000 39.00000000 46.05952072
v 13.00000000 40.00000000 35.88399506
v 13.00000000 40.00000000 45.81476212
v 13.00000000 39.38019180 46.00000000
v 13.00000000 40.17634964 36.00000000
v 13.00000000 41.00000000 36.45992661
v 13.00000000 41.00000000 45.12880325
v 13.00000000 41.52686691 37.00000000
v 13.00000000 42.00000000 37.82358932
v 12.94344330 42.00000000 42.00000000
v 13.00000000 42.00000000 42.02108002
v 13.00000000 41.79352570 43.00000000
v 13.00000000 41.52197647 44.00000000
v 13.00000000 41.08316803 45.00000000
v 13.00000000 42.06668472 38.00000000
v 13.00000000 42.12966537 39.00000000
v 13.00000000 42.13594818 40.00000000
v 13.00000000 42.09292984 41.00000000
v 13.00000000 42.00346756 42.00000000
v 14.00000000 20.84496117 18.00000000
v 14.00000000 21.00000000 17.79842567
v 14.00000000 20.57211494 19.00000000
v 14.00000000 20.51166916 20.00000000
v 14.00000000 20.50319672 21.00000000
v 14.00000000 20.50467682 22.00000000
v 14.00000000 20.52208328 23.00000000
v 14.00000000 20.54616356 24.00000000
v 14.00000000 20.56224632 25.00000000
v 14.00000000 20.57355118 26.00000000
v 14.00000000 20.57709503 27.00000000
v 14.00000000 20.58055687 28.00000000
v 14.00000000 20.58812523 29.00000000
v 14.00000000 20.60197258 30.00000000
v 14.00000000 20.62598610 31.00000000
v 14.00000000 20.64793205 32.00000000
v 14.00000000 20.65901947 33.00000000
v 14.00000000 20.65970421 34.00000000
v 14.00000000 20.65477180 35.00000000
v 14.00000000 20.63910866 36.00000000
v 14.00000000 20.62725449 37.00000000
v 14.00000000 20.60874939 38.00000000
v 14.00000000 20.59006119 39.00000000
v 14.00000000 20.57077980 40.00000000
v 14.00000000 20.55990601 41.00000000
v 14.00000000 20.54975128 42.00000000
v 14.00000000 20.54124641 43.00000000
v 14.00000000 20.55803871 44.00000000
v 14.00000000 20.71117401 45.00000000
v 14.00000000 21.00000000 45.47718430
v 14.00000000 22.00000000 17.35699272
v 14.00000000 22.00000000 45.77786255
v 14.00000000 23.00000000 17.36877251
v 14.00000000 23.00000000 45.75484085
v 14.00000000 24.00000000 17.36427689
v 14.00000000 24.00000000 45.71711731
v 14.00000000 25.00000000 17.30356407
v 14.00000000 25.00000000 45.71495819
v 14.00000000 26.00000000 17.19300461
v 14.00000000 26.00000000 45.72713089
v 14.00000000 27.00000000 17.11159897
v 14.00000000 27.00000000 45.78810120
v 14.00000000 28.00000000 17.02160072
v 14.00000000 28.00000000 45.82797623
v 14.00000000 28.17421913 17.00000000
v 14.00000000 29.00000000 16.90369034
v 14.00000000 29.00000000 45.86747360
v 14.00000000 30.00000000 16.79935646
v 14.00000000 30.00000000 45.93165207
v 14.00000000 30.74933243 17.00000000
v 14.00000000 31.00000000 17.14540672
v 14.00000000 30.75419617 46.00000000
v 14.00000000 31.00000000 46.01834488
v 14.00000000 31.32881546 18.00000000
v 14.00000000 31.41734695 19.00000000
v 14.00000000 31.44730949 20.00000000
v 14.00000000 31.42950058 21.00000000
v 14.00000000 31.38726997 22.00000000
v 14.00000000 31.33735275 23.00000000
v 14.00000000 31.30726814 24.00000000
v 14.00000000 31.28472519 25.00000000
v 14.00000000 31.26002502 26.00000000
v 14.00000000 31.23465157 27.00000000
v 14.00000000 31.19205284 28.00000000
v 14.00000000 31.14668083 29.00000000
v 14.00000000 31.10288239 30.00000000
v 14.00000000 31.05626488 31.00000000
v 14.00000000 31.07457161 32.00000000
v 14.00000000 31.23685646 33.00000000
v 14.00000000 31.55852890 34.00000000
v 14.00000000 32.00000000 34.91407394
v 14.00000000 32.00000000 46.09910965
v 14.00000000 33.00000000 34.73151398
v 14.00000000 33.00000000 46.16569138
v 14.00000000 34.00000000 34.36334229
v 14.00000000 34.00000000 46.22088623
v 14.00000000 35.00000000 34.21992493
v 14.00000000 35.00000000 46.27399826
v 14.00000000 36.00000000 34.33645248
v 14.00000000 36.00000000 46.29424667
v 14.00000000 37.00000000 34.60037231
v 14.00000000 37.00000000 46.27639389
v 14.00000000 38.00000000 34.97272110
v 14.00000000 38.00000000 46.18389511
v 14.00000000 38.05303574 35.00000000
v 14.00000000 39.00000000 35.48122406
v 14.00000000 39.00000000 46.06299210
v 14.00000000 39.94299698 36.00000000
v 13.81426620 40.00000000 36.00000000
v 14.00000000 40.00000000 36.02255630
v 14.00000000 40.00000000 45.82855988
v 14.00000000 39.40480042 46.00000000
v 14.00000000 41.00000000 36.52266693
v 14.00000000 41.00000000 45.16921616
v 14.00000000 41.50558090 37.00000000
v 14.00000000 42.00000000 37.73703766
v 14.00000000 42.00000000 42.30836868
v 14.00000000 41.83507156 43.00000000
v 14.00000000 41.54653549 44.00000000
v 14.00000000 41.11107254 45.00000000
v 14.00000000 42.11253357 38.00000000
v 14.00000000 42.18928909 39.00000000
v 14.00000000 42.18643188 40.00000000
v 14.00000000 42.15045547 41.00000000
v 14.00000000 42.05698395 42.00000000
v 15.00000000 20.84615898 18.00000000
v 15.00000000 21.00000000 17.79713821
v 15.00000000 20.57096100 19.00000000
v 15.00000000 20.50992966 20.00000000
v 15.00000000 20.49897385 21.00000000
v 15.00000000 20.50209999 22.00000000
v 15.00000000 20.52130699 23.00000000
v 15.00000000 20.54424477 24.00000000
v 15.00000000 20.56003761 25.00000000
v 15.00000000 20.57358551 26.00000000
v 15.00000000 20.57742119 27.00000000
v 15.00000000 20.58146286 28.00000000
v 15.00000000 20.59090233 29.00000000
v 15.00000000 20.60463524 30.00000000
v 15.00000000 20.62762833 31.00000000
v 15.00000000 20.65033340 32.00000000
v 15.00000000 20.65836143 33.00000000
v 15.00000000 20.65793037 34.00000000
v 15.00000000 20.65165901 35.00000000
v 15.00000000 20.63811493 36.00000000
v 15.00000000 20.62867928 37.00000000
v 15.00000000 20.61111450 38.00000000
v 15.00000000 20.59542465 39.00000000
v 15.00000000 20.57669830 40.00000000
v 15.00000000 20.56416702 41.00000000
v 15.00000000 20.55311203 42.00000000
v 15.00000000 20.54655075 43.00000000
v 15.00000000 20.56346321 44.00000000
v 15.00000000 20.71527672 45.00000000
v 15.00000000 21.00000000 45.46990585
v 15.00000000 22.00000000 17.34762764
v 15.00000000 22.00000000 45.76911545
v 15.00000000 23.00000000 17.35836411
v 15.00000000 23.00000000 45.74425888
v 15.00000000 24.00000000 17.35410118
v 15.00000000 24.00000000 45.71006775
v 15.00000000 25.00000000 17.29306412
v 15.00000000 25.00000000 45.70710373
v 15.00000000 26.00000000 17.17761040
v 15.00000000 26.00000000 45.72225571
v 15.00000000 27.00000000 17.09525871
v 15.00000000 27.00000000 45.78692627
v 15.00000000 28.00000000 17.00069618
v 15.00000000 28.00000000 45.83168411
v 15.00000000 28.00555229 17.00000000
v 15.00000000 29.00000000 16.87616730
v 15.00000000 29.00000000 45.86892700
v 15.00000000 30.00000000 16.75471878
v 15.00000000 30.00000000 45.92758179
v 15.00000000 30.86394882 17.00000000
v 15.00000000 31.00000000 17.08859062
v 15.00000000 30.78138542 46.00000000
v 15.00000000 31.00000000 46.01671982
v 15.00000000 31.31938553 18.00000000
v 15.00000000 31.40451050 19.00000000
v 15.00000000 31.41960907 20.00000000
v 15.00000000 31.39236832 21.00000000
v 15.00000000 31.34185600 22.00000000
v 15.00000000 31.28697205 23.00000000
v 15.00000000 31.25074577 24.00000000
v 15.00000000 31.21911430 25.00000000
v 15.00000000 31.18806648 26.00000000
v 15.00000000 31.14543152 27.00000000
v 15.00000000 31.10786629 28.00000000
v 15.00000000 31.07333755 29.00000000
v 15.00000000 31.04021454 30.00000000
v 15.00000000 31.00794411 31.00000000
v 15.00000000 31.02720451 32.00000000
v 15.00000000 31.17226219 33.00000000
v 15.00000000 31.51547050 34.00000000
v 15.00000000 32.00000000 34.92043304
v 15.00000000 32.00000000 46.10258484
v 15.00000000 33.00000000 34.75613022
v 15.00000000 33.00000000 46.16943741
v 15.00000000 34.00000000 34.42967606
v 15.00000000 34.00000000 46.21975327
v 15.00000000 35.00000000 34.27782822
v 15.00000000 35.00000000 46.27148056
v 15.00000000 36.00000000 34.37491226
v 15.00000000 36.00000000 46.29341888
v 15.00000000 37.00000000 34.67841339
v 15.00000000 37.00000000 46.27811813
v 15.00000000 37.97868347 35.00000000
v 14.76352501 38.00000000 35.00000000
v 15.00000000 38.00000000 35.00819016
v 15.00000000 38.00000000 46.18930054
v 15.00000000 39.00000000 35.51601791
v 15.00000000 39.00000000 46.06586456
v 15.00000000 39.92892838 36.00000000
v 15.00000000 40.00000000 36.02785492
v 15.00000000 40.00000000 45.84062958
v 15.00000000 39.42847443 46.00000000
v 15.00000000 41.00000000 36.51484680
v 15.00000000 41.00000000 45.19459152
v 15.00000000 41.53343964 37.00000000
v 15.00000000 42.00000000 37.65559387
v 15.00000000 42.00000000 42.45714188
v 15.00000000 41.86327362 43.00000000
v 15.00000000 41.56382370 44.00000000
v 15.00000000 41.13062668 45.00000000
v 15.00000000 42.15516281 38.00000000
v 15.00000000 42.24167633 39.00000000
v 15.00000000 42.22770691 40.00000000
v 15.00000000 42.18495178 41.00000000
v 15.00000000 42.08838654 42.00000000
v 16.00000000 20.84310722 18.00000000
v 16.00000000 21.00000000 17.79135132
v 16.00000000 20.56857109 19.00000000
v 16.00000000 20.50795746 20.00000000
v 16.00000000 20.49623299 21.00000000
v 16.00000000 20.50231552 22.00000000
v 16.00000000 20.52046204 23.00000000
v 16.00000000 20.54292679 24.00000000
v 16.00000000 20.56159210 25.00000000
v 16.00000000 20.57790565 26.00000000
v 16.00000000 20.58040810 27.00000000
v 16.00000000 20.58355141 28.00000000
v 16.00000000 20.59187698 29.00000000
v 16.00000000 20.60492134 30.00000000
v 16.00000000 20.62737656 31.00000000
v 16.00000000 20.64841843 32.00000000
v 16.00000000 20.65653992 33.00000000
v 16.00000000 20.65874481 34.00000000
v 16.00000000 20.65305519 35.00000000
v 16.00000000 20.63989830 36.00000000
v 16.00000000 20.62834358 37.00000000
v 16.00000000 20.61257553 38.00000000
v 16.00000000 20.59943008 39.00000000
v 16.00000000 20.58156204 40.00000000
v 16.00000000 20.56731987 41.00000000
v 16.00000000 20.55509377 42.00000000
v 16.00000000 20.55014801 43.00000000
v 16.00000000 20.56726646 44.00000000
v 16.00000000 20.71883774 45.00000000
v 16.00000000 21.00000000 45.46446609
v 16.00000000 22.00000000 17.34021950
v 16.00000000 22.00000000 45.76577377
v 16.00000000 23.00000000 17.34449577
v 16.00000000 23.00000000 45.74144363
v 16.00000000 24.00000000 17.33815002
v 16.00000000 24.00000000 45.71199799
v 16.00000000 25.00000000 17.27239609
v 16.00000000 25.00000000 45.70582199
v 16.00000000 26.00000000 17.15935898
v 16.00000000 26.00000000 45.72338486
v 16.00000000 27.00000000 17.07979202
v 16.00000000 27.00000000 45.78804779
v 15.03192997 28.00000000 17.00000000
v 16.00000000 27.78492165 17.00000000
v 16.00000000 28.00000000 16.97941971
v 16.00000000 28.00000000 45.83589554
v 16.00000000 29.00000000 16.84770584
v 16.00000000 29.00000000 45.87419510
v 16.00000000 30.00000000 16.71683884
v 16.00000000 30.00000000 45.92034531
v 16.00000000 30.94791603 17.00000000
v 16.00000000 31.00000000 17.03812599
v 15.51738739 31.00000000 31.00000000
v 16.00000000 31.00000000 30.68744278
v 16.00000000 30.99419403 31.00000000
v 16.00000000 31.00000000 31.48554802
v 16.00000000 30.82057762 46.00000000
v 16.00000000 31.00000000 46.01441574
v 16.00000000 31.30474472 18.00000000
v 16.00000000 31.37993431 19.00000000
v 16.00000000 31.38373375 20.00000000
v 16.00000000 31.34990501 21.00000000
v 16.00000000 31.29383659 22.00000000
v 16.00000000 31.23669434 23.00000000
v 16.00000000 31.19857788 24.00000000
v 16.00000000 31.16494560 25.00000000
v 16.00000000 31.13514328 26.00000000
v 16.00000000 31.09995270 27.00000000
v 16.00000000 31.06844902 28.00000000
v 16.00000000 31.03781319 29.00000000
v 16.00000000 31.01435471 30.00000000
v 16.00000000 31.00973701 32.00000000
v 16.00000000 31.14345932 33.00000000
v 16.00000000 31.46913528 34.00000000
v 16.00000000 32.00000000 34.94295502
v 16.00000000 32.00000000 46.10546494
v 16.00000000 33.00000000 34.77012253
v 16.00000000 33.00000000 46.17396164
v 16.00000000 34.00000000 34.45518112
v 16.00000000 34.00000000 46.22134399
v 16.00000000 35.00000000 34.30286026
v 16.00000000 35.00000000 46.26749039
v 16.00000000 36.00000000 34.42409134
v 16.00000000 36.00000000 46.28848267
v 16.00000000 37.00000000 34.70623016
v 16.00000000 37.00000000 46.27577209
v 16.00000000 37.94266510 35.00000000
v 16.00000000 38.00000000 35.02227402
v 16.00000000 38.00000000 46.18909836
v 16.00000000 39.00000000 35.50369263
v 16.00000000 39.00000000 46.06513214
v 16.00000000 39.98476410 36.00000000
v 16.00000000 40.00000000 36.00590897
v 16.00000000 40.00000000 45.84400177
v 16.00000000 39.42624283 46.00000000
v 16.00000000 41.00000000 36.49466705
v 16.00000000 41.00000000 45.20878983
v 16.00000000 41.57689285 37.00000000
v 16.00000000 42.00000000 37.58430862
v 16.00000000 42.00000000 42.55834961
v 16.00000000 41.88376999 43.00000000
v 16.00000000 41.57471085 44.00000000
v 16.00000000 41.14288712 45.00000000
v 16.00000000 42.18857956 38.00000000
v 16.00000000 42.28162003 39.00000000
v 16.00000000 42.26122284 40.00000000
v 16.00000000 42.21387482 41.00000000
v 16.00000000 42.11182404 42.00000000
v 17.00000000 20.84155083 18.00000000
v 17.00000000 21.00000000 17.78522110
v 17.00000000 20.56689072 19.00000000
v 17.00000000 20.50827217 20.00000000
v 17.00000000 20.49935150 21.00000000
v 17.00000000 20.50658607 22.00000000
v 17.00000000 20.51892853 23.00000000
v 17.00000000 20.53843498 24.00000000
v 17.00000000 20.55819511 25.00000000
v 17.00000000 20.57719231 26.00000000
v 17.00000000 20.57862282 27.00000000
v 17.00000000 20.58021355 28.00000000
v 17.00000000 20.58942604 29.00000000
v 17.00000000 20.59981918 30.00000000
v 17.00000000 20.62531471 31.00000000
v 17.00000000 20.64449120 32.00000000
v 17.00000000 20.65653610 33.00000000
v 17.00000000 20.66014862 34.00000000
v 17.00000000 20.65477562 35.00000000
v 17.00000000 20.64207458 36.00000000
v 17.00000000 20.62852859 37.00000000
v 17.00000000 20.61309052 38.00000000
v 17.00000000 20.60146523 39.00000000
v 17.00000000 20.58739471 40.00000000
v 17.00000000 20.57101440 41.00000000
v 17.00000000 20.55855370 42.00000000
v 17.00000000 20.55416107 43.00000000
v 17.00000000 20.57168961 44.00000000
v 17.00000000 20.72275734 45.00000000
v 17.00000000 21.00000000 45.46079636
v 17.00000000 22.00000000 17.32985878
v 17.00000000 22.00000000 45.76720810
v 17.00000000 23.00000000 17.32697678
v 17.00000000 23.00000000 45.74187088
v 17.00000000 24.00000000 17.31813240
v 17.00000000 24.00000000 45.71451950
v 17.00000000 25.00000000 17.24731064
v 17.00000000 25.00000000 45.70919800
v 17.00000000 26.00000000 17.14235115
v 17.00000000 26.00000000 45.73045731
v 17.00000000 27.00000000 17.06553459
v 17.00000000 27.00000000 45.79995728
v 17.00000000 27.61555290 17.00000000
v 17.00000000 28.00000000 16.96069717
v 17.00000000 28.00000000 45.84986877
v 17.00000000 29.00000000 16.82216454
v 17.00000000 29.00000000 45.88960648
v 17.00000000 30.00000000 16.67736816
v 17.00000000 30.00000000 45.92234421
v 17.00000000 30.97180367 17.00000000
v 17.00000000 31.00000000 17.02390480
v 16.97246933 31.00000000 30.00000000
v 17.00000000 31.00000000 29.98025513
v 17.00000000 30.99964333 30.00000000
v 17.00000000 30.98511314 31.00000000
v 17.00000000 30.99366951 32.00000000
v 16.50464821 31.00000000 32.00000000
v 17.00000000 31.00000000 32.08818054
v 17.00000000 30.78448486 46.00000000
v 17.00000000 31.00000000 46.01767349
v 17.00000000 31.27908897 18.00000000
v 17.00000000 31.34406090 19.00000000
v 17.00000000 31.34302711 20.00000000
v 17.00000000 31.30753708 21.00000000
v 17.00000000 31.25786781 22.00000000
v 17.00000000 31.20679665 23.00000000
v 17.00000000 31.17481041 24.00000000
v 17.00000000 31.14358139 25.00000000
v 17.00000000 31.11307144 26.00000000
v 17.00000000 31.07968140 27.00000000
v 17.00000000 31.04869270 28.00000000
v 17.00000000 31.01848412 29.00000000
v 17.00000000 31.12510490 33.00000000
v 17.00000000 31.42751884 34.00000000
v 17.00000000 32.00000000 34.94451141
v 17.00000000 32.00000000 46.11010742
v 17.00000000 33.00000000 34.78731155
v 17.00000000 33.00000000 46.17840195
v 17.00000000 34.00000000 34.49320984
v 17.00000000 34.00000000 46.22459793
v 17.00000000 35.00000000 34.34802628
v 17.00000000 35.00000000 46.26311111
v 17.00000000 36.00000000 34.46455383
v 17.00000000 36.00000000 46.28255844
v 17.00000000 37.00000000 34.73620987
v 17.00000000 37.00000000 46.27329636
v 17.00000000 37.87633514 35.00000000
v 17.00000000 38.00000000 35.04815292
v 17.00000000 38.00000000 46.18677139
v 17.00000000 39.00000000 35.51298141
v 17.00000000 39.00000000 46.06148911
v 16.18763733 40.00000000 36.00000000
v 17.00000000 40.00000000 35.97444534
v 17.00000000 40.00000000 45.84394455
v 17.00000000 39.40834427 46.00000000
v 17.00000000 40.04772568 36.00000000
v 17.00000000 41.00000000 36.46370316
v 17.00000000 41.00000000 45.20793152
v 17.00000000 41.62480927 37.00000000
v 17.00000000 42.00000000 37.51820755
v 17.00000000 42.00000000 42.61756897
v 17.00000000 41.89403152 43.00000000
v 17.00000000 41.57880402 44.00000000
v 17.00000000 41.14455795 45.00000000
v 17.00000000 42.21712875 38.00000000
v 17.00000000 42.30976486 39.00000000
v 17.00000000 42.29145432 40.00000000
v 17.00000000 42.23587418 41.00000000
v 17.00000000 42.12997437 42.00000000
v 18.00000000 20.83942604 18.00000000
v 18.00000000 21.00000000 17.77812767
v 18.00000000 20.56847382 19.00000000
v 18.00000000 20.50966644 20.00000000
v 18.00000000 20.49939728 21.00000000
v 18.00000000 20.50313950 22.00000000
v 18.00000000 20.51182365 23.00000000
v 18.00000000 20.52997398 24.00000000
v 18.00000000 20.55088234 25.00000000
v 18.00000000 20.57242775 26.00000000
v 18.00000000 20.57839394 27.00000000
v 18.00000000 20.57968140 28.00000000
v 18.00000000 20.58827019 29.00000000
v 18.00000000 20.59600067 30.00000000
v 18.00000000 20.62142563 31.00000000
v 18.00000000 20.64061928 32.00000000
v 18.00000000 20.65490913 33.00000000
v 18.00000000 20.66112518 34.00000000
v 18.00000000 20.65662766 35.00000000
v 18.00000000 20.64338493 36.00000000
v 18.00000000 20.62950325 37.00000000
v 18.00000000 20.61289787 38.00000000
v 18.00000000 20.60251617 39.00000000
v 18.00000000 20.59286499 40.00000000
v 18.00000000 20.57581711 41.00000000
v 18.00000000 20.56321335 42.00000000
v 18.00000000 20.55971909 43.00000000
v 18.00000000 20.57839775 44.00000000
v 18.00000000 20.72829628 45.00000000
v 18.00000000 21.00000000 45.45706940
v 18.00000000 22.00000000 17.31855965
v 18.00000000 22.00000000 45.76865387
v 18.00000000 23.00000000 17.31144714
v 18.00000000 23.00000000 45.74362183
v 18.00000000 24.00000000 17.29680824
v 18.00000000 24.00000000 45.72191620
v 18.00000000 25.00000000 17.22176552
v 18.00000000 25.00000000 45.71581650
v 18.00000000 26.00000000 17.12511063
v 18.00000000 26.00000000 45.74537659
v 18.00000000 27.00000000 17.05418777
v 18.00000000 27.00000000 45.81650925
v 18.00000000 27.49721527 17.00000000
v 18.00000000 28.00000000 16.94550323
v 18.00000000 28.00000000 45.87004852
v 18.00000000 29.00000000 16.79527092
v 18.00000000 29.00000000 45.91032028
v 18.00000000 30.00000000 16.63814163
v 18.00000000 30.00000000 45.93373108
v 18.00000000 30.94666672 17.00000000
v 18.00000000 31.00000000 17.05333138
v 18.00000000 31.00000000 29.22510719
v 18.00000000 30.98329735 30.00000000
v 18.00000000 30.97376442 31.00000000
v 18.00000000 30.98316002 32.00000000
v 18.00000000 31.00000000 32.22218323
v 18.00000000 30.69196320 46.00000000
v 18.00000000 31.00000000 46.02441025
v 18.00000000 31.24794388 18.00000000
v 18.00000000 31.30957985 19.00000000
v 18.00000000 31.31735229 20.00000000
v 18.00000000 31.29203606 21.00000000
v 18.00000000 31.24648476 22.00000000
v 18.00000000 31.19724083 23.00000000
v 18.00000000 31.16054535 24.00000000
v 18.00000000 31.12603951 25.00000000
v 18.00000000 31.09424019 26.00000000
v 18.00000000 31.06498337 27.00000000
v 18.00000000 31.03368759 28.00000000
v 18.00000000 31.00493431 29.00000000
v 18.00000000 31.11194801 33.00000000
v 18.00000000 31.39476776 34.00000000
v 18.00000000 32.00000000 34.93351746
v 18.00000000 32.00000000 46.11842346
v 18.00000000 33.00000000 34.80202866
v 18.00000000 33.00000000 46.18745041
v 18.00000000 34.00000000 34.52360916
v 18.00000000 34.00000000 46.23078156
v 18.00000000 35.00000000 34.40159607
v 18.00000000 35.00000000 46.26170731
v 18.00000000 36.00000000 34.48749924
v 18.00000000 36.00000000 46.27717972
v 18.00000000 37.00000000 34.74308014
v 18.00000000 37.00000000 46.27018356
v 18.00000000 37.85960007 35.00000000
v 18.00000000 38.00000000 35.05508041
v 18.00000000 38.00000000 46.18221664
v 18.00000000 39.00000000 35.50617599
v 18.00000000 39.00000000 46.05930710
v 18.00000000 40.00000000 35.95236588
v 18.00000000 40.00000000 45.83913803
v 18.00000000 39.39065170 46.00000000
v 18.00000000 40.09238052 36.00000000
v 18.00000000 41.00000000 36.43783569
v 18.00000000 41.00000000 45.20565414
v 18.00000000 41.67215729 37.00000000
v 18.00000000 42.00000000 37.45331192
v 18.00000000 42.00000000 42.67592239
v 18.00000000 41.90659714 43.00000000
v 18.00000000 41.58206940 44.00000000
v 18.00000000 41.14498520 45.00000000
v 18.00000000 42.24179459 38.00000000
v 18.00000000 42.33621979 39.00000000
v 18.00000000 42.31866074 40.00000000
v 18.00000000 42.25618744 41.00000000
v 18.00000000 42.14752579 42.00000000
v 19.00000000 20.83649635 18.00000000
v 19.00000000 21.00000000 17.77172661
v 19.00000000 20.56842041 19.00000000
v 19.00000000 20.50729370 20.00000000
v 19.00000000 20.49593925 21.00000000
v 19.00000000 20.49774933 22.00000000
v 19.00000000 20.50688171 23.00000000
v 19.00000000 20.52395058 24.00000000
v 19.00000000 20.54549599 25.00000000
v 19.00000000 20.56888199 26.00000000
v 19.00000000 20.57817268 27.00000000
v 19.00000000 20.58009148 28.00000000
v 19.00000000 20.58426857 29.00000000
v 19.00000000 20.59540749 30.00000000
v 19.00000000 20.61768913 31.00000000
v 19.00000000 20.63699532 32.00000000
v 19.00000000 20.65220070 33.00000000
v 19.00000000 20.65991783 34.00000000
v 19.00000000 20.65808487 35.00000000
v 19.00000000 20.64522362 36.00000000
v 19.00000000 20.63081169 37.00000000
v 19.00000000 20.61409760 38.00000000
v 19.00000000 20.60323524 39.00000000
v 19.00000000 20.59556580 40.00000000
v 19.00000000 20.58165741 41.00000000
v 19.00000000 20.57050705 42.00000000
v 19.00000000 20.56651306 43.00000000
v 19.00000000 20.58518028 44.00000000
v 19.00000000 20.73189926 45.00000000
v 19.00000000 21.00000000 45.46039200
v 19.00000000 22.00000000 17.30740356
v 19.00000000 22.00000000 45.77493286
v 19.00000000 23.00000000 17.29933739
v 19.00000000 23.00000000 45.75218582
v 19.00000000 24.00000000 17.27969742
v 19.00000000 24.00000000 45.73070145
v 19.00000000 25.00000000 17.20585251
v 19.00000000 25.00000000 45.72634888
v 19.00000000 26.00000000 17.11702156
v 19.00000000 26.00000000 45.76223755
v 19.00000000 27.00000000 17.05098915
v 19.00000000 27.00000000 45.83552170
v 19.00000000 27.46780777 17.00000000
v 19.00000000 28.00000000 16.94144249
v 19.00000000 28.00000000 45.89250565
v 19.00000000 29.00000000 16.77833176
v 19.00000000 29.00000000 45.93099594
v 19.00000000 30.00000000 16.61556625
v 19.00000000 30.00000000 45.95071411
v 19.00000000 30.92664909 17.00000000
v 19.00000000 31.00000000 17.07798386
v 18.37323952 31.00000000 29.00000000
v 19.00000000 31.00000000 28.74147606
v 19.00000000 30.99185562 29.00000000
v 19.00000000 30.97252083 30.00000000
v 19.00000000 30.96418762 31.00000000
v 19.00000000 30.97674751 32.00000000
v 19.00000000 31.00000000 32.29693222
v 19.00000000 30.54417229 46.00000000
v 19.00000000 31.00000000 46.03408051
v 19.00000000 31.24025917 18.00000000
v 19.00000000 31.30045509 19.00000000
v 19.00000000 31.30874634 20.00000000
v 19.00000000 31.28632355 21.00000000
v 19.00000000 31.23860168 22.00000000
v 19.00000000 31.18793488 23.00000000
v 19.00000000 31.14840508 24.00000000
v 19.00000000 31.11237526 25.00000000
v 19.00000000 31.08213234 26.00000000
v 19.00000000 31.05434799 27.00000000
v 19.00000000 31.02226639 28.00000000
v 19.00000000 31.10538292 33.00000000
v 19.00000000 31.38971329 34.00000000
v 19.00000000 32.00000000 34.92295074
v 19.00000000 32.00000000 46.12691879
v 19.00000000 33.00000000 34.80179977
v 19.00000000 33.00000000 46.19521713
v 19.00000000 34.00000000 34.53635025
v 19.00000000 34.00000000 46.23485565
v 19.00000000 35.00000000 34.41231918
v 19.00000000 35.00000000 46.26085281
v 19.00000000 36.00000000 34.51094437
v 19.00000000 36.00000000 46.27324295
v 19.00000000 37.00000000 34.75279999
v 19.00000000 37.00000000 46.26789093
v 19.00000000 37.86632538 35.00000000
v 19.00000000 38.00000000 35.04938889
v 19.00000000 38.00000000 46.17967987
v 19.00000000 39.00000000 35.49135208
v 19.00000000 39.00000000 46.05881882
v 19.00000000 40.00000000 35.93486786
v 19.00000000 40.00000000 45.83393860
v 19.00000000 39.37969971 46.00000000
v 19.00000000 40.12964249 36.00000000
v 19.00000000 41.00000000 36.42039871
v 19.00000000 41.00000000 45.18764496
v 19.00000000 41.70510864 37.00000000
v 19.00000000 42.00000000 37.40950012
v 19.00000000 42.00000000 42.69582367
v 19.00000000 41.91091919 43.00000000
v 19.00000000 41.58033371 44.00000000
v 19.00000000 41.13391876 45.00000000
v 19.00000000 42.25923157 38.00000000
v 19.00000000 42.35575485 39.00000000
v 19.00000000 42.33720016 40.00000000
v 19.00000000 42.27175522 41.00000000
v 19.00000000 42.15618134 42.00000000
v 20.00000000 20.83550835 18.00000000
v 20.00000000 21.00000000 17.77057648
v 20.00000000 20.56664848 19.00000000
v 20.00000000 20.50569534 20.00000000
v 20.00000000 20.49311829 21.00000000
v 20.00000000 20.49208260 22.00000000
v 20.00000000 20.50275612 23.00000000
v 20.00000000 20.51844788 24.00000000
v 20.00000000 20.54063034 25.00000000
v 20.00000000 20.56433105 26.00000000
v 20.00000000 20.57593918 27.00000000
v 20.00000000 20.58015442 28.00000000
v 20.00000000 20.58319664 29.00000000
v 20.00000000 20.59303474 30.00000000
v 20.00000000 20.61527443 31.00000000
v 20.00000000 20.63551712 32.00000000
v 20.00000000 20.64924622 33.00000000
v 20.00000000 20.65813446 34.00000000
v 20.00000000 20.65663147 35.00000000
v 20.00000000 20.64398193 36.00000000
v 20.00000000 20.63269043 37.00000000
v 20.00000000 20.61648178 38.00000000
v 20.00000000 20.60438538 39.00000000
v 20.00000000 20.59666634 40.00000000
v 20.00000000 20.58776855 41.00000000
v 20.00000000 20.57652664 42.00000000
v 20.00000000 20.57151794 43.00000000
v 20.00000000 20.59021568 44.00000000
v 20.00000000 20.73386955 45.00000000
v 20.00000000 21.00000000 45.46475601
v 20.00000000 22.00000000 17.30445671
v 20.00000000 22.00000000 45.78277206
v 20.00000000 23.00000000 17.29493523
v 20.00000000 23.00000000 45.76204300
v 20.00000000 24.00000000 17.27284813
v 20.00000000 24.00000000 45.73932648
v 20.00000000 25.00000000 17.20173264
v 20.00000000 25.00000000 45.73583603
v 20.00000000 26.00000000 17.11490822
v 20.00000000 26.00000000 45.77940750
v 20.00000000 27.00000000 17.05166817
v 20.00000000 27.00000000 45.85372925
v 20.00000000 27.47263145 17.00000000
v 20.00000000 28.00000000 16.94175529
v 20.00000000 28.00000000 45.91588593
v 20.00000000 29.00000000 16.76745033
v 20.00000000 29.00000000 45.95084763
v 20.00000000 30.00000000 16.60223198
v 20.00000000 30.00000000 45.96884155
v 20.00000000 30.93045616 17.00000000
v 20.00000000 31.00000000 17.07714462
v 20.00000000 31.00000000 28.35104561
v 20.00000000 30.97830963 29.00000000
v 20.00000000 30.96551514 30.00000000
v 20.00000000 30.95851707 31.00000000
v 20.00000000 30.97383308 32.00000000
v 20.00000000 31.00000000 32.32865524
v 20.00000000 30.35815239 46.00000000
v 20.00000000 31.00000000 46.04646301
v 20.00000000 31.23487282 18.00000000
v 20.00000000 31.29211426 19.00000000
v 20.00000000 31.30038261 20.00000000
v 20.00000000 31.28214264 21.00000000
v 20.00000000 31.23295212 22.00000000
v 20.00000000 31.18169022 23.00000000
v 20.00000000 31.13682365 24.00000000
v 20.00000000 31.09883118 25.00000000
v 20.00000000 31.07050514 26.00000000
v 20.00000000 31.04189301 27.00000000
v 20.00000000 31.01096916 28.00000000
v 20.00000000 31.10327911 33.00000000
v 20.00000000 31.38784027 34.00000000
v 20.00000000 32.00000000 34.91610336
v 20.00000000 32.00000000 46.13682556
v 20.00000000 33.00000000 34.80994415
v 20.00000000 33.00000000 46.20404816
v 20.00000000 34.00000000 34.55643463
v 20.00000000 34.00000000 46.23987198
v 20.00000000 35.00000000 34.42897034
v 20.00000000 35.00000000 46.26171112
v 20.00000000 36.00000000 34.51306534
v 20.00000000 36.00000000 46.26956940
v 20.00000000 37.00000000 34.75343323
v 20.00000000 37.00000000 46.26168442
v 20.00000000 37.84171295 35.00000000
v 20.00000000 38.00000000 35.05852890
v 20.00000000 38.00000000 46.17589569
v 20.00000000 39.00000000 35.47336578
v 20.00000000 39.00000000 46.05929565
v 20.00000000 40.00000000 35.91141510
v 20.00000000 40.00000000 45.83096313
v 20.00000000 39.37692261 46.00000000
v 20.00000000 40.17890549 36.00000000
v 20.00000000 41.00000000 36.40225220
v 20.00000000 41.00000000 45.16734695
v 20.00000000 41.73020172 37.00000000
v 20.00000000 42.00000000 37.37947464
v 20.00000000 42.00000000 42.67628098
v 20.00000000 41.90460205 43.00000000
v 20.00000000 41.57438278 44.00000000
v 20.00000000 41.12010574 45.00000000
v 20.00000000 42.27074814 38.00000000
v 20.00000000 42.36881256 39.00000000
v 20.00000000 42.34857941 40.00000000
v 20.00000000 42.28101349 41.00000000
v 20.00000000 42.15648651 42.00000000
v 21.00000000 20.83308029 18.00000000
v 21.00000000 21.00000000 17.76635361
v 21.00000000 20.56536865 19.00000000
v 21.00000000 20.50390816 20.00000000
v 21.00000000 20.49020576 21.00000000
v 21.00000000 20.48703575 22.00000000
v 21.00000000 20.49715614 23.00000000
v 21.00000000 20.51368141 24.00000000
v 21.00000000 20.53739548 25.00000000
v 21.00000000 20.55969620 26.00000000
v 21.00000000 20.57544899 27.00000000
v 21.00000000 20.57801628 28.00000000
v 21.00000000 20.58254814 29.00000000
v 21.00000000 20.59166527 30.00000000
v 21.00000000 20.61377907 31.00000000
v 21.00000000 20.63376808 32.00000000
v 21.00000000 20.64635658 33.00000000
v 21.00000000 20.65425110 34.00000000
v 21.00000000 20.65301323 35.00000000
v 21.00000000 20.64117813 36.00000000
v 21.00000000 20.63077545 37.00000000
v 21.00000000 20.61825943 38.00000000
v 21.00000000 20.60516930 39.00000000
v 21.00000000 20.59610939 40.00000000
v 21.00000000 20.59226227 41.00000000
v 21.00000000 20.58260155 42.00000000
v 21.00000000 20.57789993 43.00000000
v 21.00000000 20.59646034 44.00000000
v 21.00000000 20.73653603 45.00000000
v 21.00000000 21.00000000 45.46716309
v 21.00000000 22.00000000 17.29841995
v 21.00000000 22.00000000 45.78948212
v 21.00000000 23.00000000 17.28558922
v 21.00000000 23.00000000 45.77202606
v 21.00000000 24.00000000 17.26268578
v 21.00000000 24.00000000 45.74922180
v 21.00000000 25.00000000 17.19705963
v 21.00000000 25.00000000 45.74563217
v 21.00000000 26.00000000 17.11376381
v 21.00000000 26.00000000 45.79625702
v 21.00000000 27.00000000 17.05187607
v 21.00000000 27.00000000 45.87310028
v 21.00000000 27.46837044 17.00000000
v 21.00000000 28.00000000 16.94049263
v 21.00000000 28.00000000 45.93750000
v 21.00000000 29.00000000 16.75689697
v 21.00000000 29.00000000 45.97047043
v 21.00000000 30.00000000 16.59013748
v 21.00000000 30.00000000 45.98971939
v 21.00000000 30.93304062 17.00000000
v 21.00000000 31.00000000 17.07675362
v 21.00000000 31.00000000 28.15548515
v 21.00000000 30.97153854 29.00000000
v 21.00000000 30.96107483 30.00000000
v 21.00000000 30.95430565 31.00000000
v 21.00000000 30.97020531 32.00000000
v 21.00000000 31.00000000 32.36520386
v 21.00000000 30.12304878 46.00000000
v 21.00000000 31.00000000 46.06111145
v 21.00000000 31.23134613 18.00000000
v 21.00000000 31.28771591 19.00000000
v 21.00000000 31.29454803 20.00000000
v 21.00000000 31.27962494 21.00000000
v 21.00000000 31.22875595 22.00000000
v 21.00000000 31.17378426 23.00000000
v 21.00000000 31.12372208 24.00000000
v 21.00000000 31.08560371 25.00000000
v 21.00000000 31.05672264 26.00000000
v 21.00000000 31.03128242 27.00000000
v 21.00000000 31.00486374 28.00000000
v 21.00000000 31.10107231 33.00000000
v 21.00000000 31.38556671 34.00000000
v 21.00000000 32.00000000 34.90938187
v 21.00000000 32.00000000 46.14588547
v 21.00000000 33.00000000 34.81806183
v 21.00000000 33.00000000 46.21280670
v 21.00000000 34.00000000 34.57788467
v 21.00000000 34.00000000 46.24676514
v 21.00000000 35.00000000 34.44973373
v 21.00000000 35.00000000 46.26443863
v 21.00000000 36.00000000 34.52117157
v 21.00000000 36.00000000 46.26850891
v 21.00000000 37.00000000 34.74849319
v 21.00000000 37.00000000 46.25289917
v 21.00000000 37.85272217 35.00000000
v 21.00000000 38.00000000 35.05391693
v 21.00000000 38.00000000 46.16897583
v 21.00000000 39.00000000 35.45772552
v 21.00000000 39.00000000 46.05425644
v 21.00000000 40.00000000 35.88805771
v 21.00000000 40.00000000 45.82492065
v 21.00000000 39.34656906 46.00000000
v 21.00000000 40.23148727 36.00000000
v 21.00000000 41.00000000 36.38024139
v 21.00000000 41.00000000 45.15119553
v 21.00000000 41.75710297 37.00000000
v 21.00000000 42.00000000 37.34795761
v 21.00000000 42.00000000 42.65742111
v 21.00000000 41.89868164 43.00000000
v 21.00000000 41.56912231 44.00000000
v 21.00000000 41.10964966 45.00000000
v 21.00000000 42.27961731 38.00000000
v 21.00000000 42.37976074 39.00000000
v 21.00000000 42.35726929 40.00000000
v 21.00000000 42.28968811 41.00000000
v 21.00000000 42.15549088 42.00000000
v 22.00000000 20.83039093 18.00000000
v 22.00000000 21.00000000 17.76064491
v 22.00000000 20.56476974 19.00000000
v 22.00000000 20.50194168 20.00000000
v 22.00000000 20.48644447 21.00000000
v 22.00000000 20.48291969 22.00000000
v 22.00000000 20.49181938 23.00000000
v 22.00000000 20.50949097 24.00000000
v 22.00000000 20.53386879 25.00000000
v 22.00000000 20.55591393 26.00000000
v 22.00000000 20.57210541 27.00000000
v 22.00000000 20.57597923 28.00000000
v 22.00000000 20.57967949 29.00000000
v 22.00000000 20.58943558 30.00000000
v 22.00000000 20.61081696 31.00000000
v 22.00000000 20.63098717 32.00000000
v 22.00000000 20.64385796 33.00000000
v 22.00000000 20.65114784 34.00000000
v 22.00000000 20.65077019 35.00000000
v 22.00000000 20.63988686 36.00000000
v 22.00000000 20.62912560 37.00000000
v 22.00000000 20.61758804 38.00000000
v 22.00000000 20.60704613 39.00000000
v 22.00000000 20.59806252 40.00000000
v 22.00000000 20.59670639 41.00000000
v 22.00000000 20.59034157 42.00000000
v 22.00000000 20.58628654 43.00000000
v 22.00000000 20.60435677 44.00000000
v 22.00000000 20.73962212 45.00000000
v 22.00000000 21.00000000 45.46932220
v 22.00000000 22.00000000 17.29052353
v 22.00000000 22.00000000 45.79679108
v 22.00000000 23.00000000 17.27449608
v 22.00000000 23.00000000 45.78278351
v 22.00000000 24.00000000 17.25284958
v 22.00000000 24.00000000 45.75981903
v 22.00000000 25.00000000 17.19123459
v 22.00000000 25.00000000 45.75665283
v 22.00000000 26.00000000 17.11461067
v 22.00000000 26.00000000 45.81216049
v 22.00000000 27.00000000 17.05111122
v 22.00000000 27.00000000 45.89461899
v 22.00000000 27.44529152 17.00000000
v 22.00000000 28.00000000 16.93590927
v 22.00000000 28.00000000 45.95784760
v 22.00000000 29.00000000 16.74654579
v 22.00000000 29.00000000 45.98958588
v 22.00000000 30.00000000 16.57955360
v 22.00000000 29.47737694 46.00000000
v 21.47913361 30.00000000 46.00000000
v 22.00000000 30.00000000 46.00942612
v 22.00000000 30.93984032 17.00000000
v 22.00000000 31.00000000 17.06972885
v 21.82273674 31.00000000 28.00000000
v 22.00000000 31.00000000 27.95696831
v 22.00000000 30.99882889 28.00000000
v 22.00000000 30.96563148 29.00000000
v 22.00000000 30.95687675 30.00000000
v 22.00000000 30.94981575 31.00000000
v 22.00000000 30.96750069 32.00000000
v 22.00000000 31.00000000 32.39290619
v 22.00000000 31.00000000 46.07781982
v 22.00000000 31.23121643 18.00000000
v 22.00000000 31.28649521 19.00000000
v 22.00000000 31.28929138 20.00000000
v 22.00000000 31.27505684 21.00000000
v 22.00000000 31.22408104 22.00000000
v 22.00000000 31.16777802 23.00000000
v 22.00000000 31.11493111 24.00000000
v 22.00000000 31.07393456 25.00000000
v 22.00000000 31.04530334 26.00000000
v 22.00000000 31.02207756 27.00000000
v 22.00000000 31.09861946 33.00000000
v 22.00000000 31.38414192 34.00000000
v 22.00000000 32.00000000 34.90209198
v 22.00000000 32.00000000 46.15603638
v 22.00000000 33.00000000 34.82776642
v 22.00000000 33.00000000 46.22016907
v 22.00000000 34.00000000 34.60352325
v 22.00000000 34.00000000 46.25187302
v 22.00000000 35.00000000 34.47175217
v 22.00000000 35.00000000 46.26550674
v 22.00000000 36.00000000 34.52842712
v 22.00000000 36.00000000 46.26891327
v 22.00000000 37.00000000 34.74357605
v 22.00000000 37.00000000 46.24454498
v 22.00000000 37.90700912 35.00000000
v 22.00000000 38.00000000 35.03327179
v 22.00000000 38.00000000 46.16458893
v 22.00000000 39.00000000 35.43176651
v 22.00000000 39.00000000 46.04952621
v 22.00000000 40.00000000 35.86697388
v 22.00000000 40.00000000 45.81361771
v 22.00000000 39.31045914 46.00000000
v 22.00000000 40.28255081 36.00000000
v 22.00000000 41.00000000 36.35607529
v 22.00000000 41.00000000 45.13204575
v 22.00000000 41.78709412 37.00000000
v 22.00000000 42.00000000 37.31148529
v 22.00000000 42.00000000 42.62909698
v 22.00000000 41.88883591 43.00000000
v 22.00000000 41.56077957 44.00000000
v 22.00000000 41.09681320 45.00000000
v 22.00000000 42.28747940 38.00000000
v 22.00000000 42.38692474 39.00000000
v 22.00000000 42.36376953 40.00000000
v 22.00000000 42.29583359 41.00000000
v 22.00000000 42.15364456 42.00000000
v 23.00000000 20.82780075 18.00000000
v 23.00000000 21.00000000 17.75419617
v 23.00000000 20.56381416 19.00000000
v 23.00000000 20.49979401 20.00000000
v 23.00000000 20.48248291 21.00000000
v 23.00000000 20.47931671 22.00000000
v 23.00000000 20.48756981 23.00000000
v 23.00000000 20.50535774 24.00000000
v 23.00000000 20.52930260 25.00000000
v 23.00000000 20.55171967 26.00000000
v 23.00000000 20.56584930 27.00000000
v 23.00000000 20.57291031 28.00000000
v 23.00000000 20.57526207 29.00000000
v 23.00000000 20.58834267 30.00000000
v 23.00000000 20.61170006 31.00000000
v 23.00000000 20.63208961 32.00000000
v 23.00000000 20.64414787 33.00000000
v 23.00000000 20.65020943 34.00000000
v 23.00000000 20.65027046 35.00000000
v 23.00000000 20.64062691 36.00000000
v 23.00000000 20.63034058 37.00000000
v 23.00000000 20.61639214 38.00000000
v 23.00000000 20.60689354 39.00000000
v 23.00000000 20.60050964 40.00000000
v 23.00000000 20.60083199 41.00000000
v 23.00000000 20.59889030 42.00000000
v 23.00000000 20.59495354 43.00000000
v 23.00000000 20.61293983 44.00000000
v 23.00000000 20.74285316 45.00000000
v 23.00000000 21.00000000 45.47150040
v 23.00000000 22.00000000 17.28245926
v 23.00000000 22.00000000 45.80930710
v 23.00000000 23.00000000 17.26204491
v 23.00000000 23.00000000 45.79502106
v 23.00000000 24.00000000 17.24129486
v 23.00000000 24.00000000 45.76976395
v 23.00000000 25.00000000 17.18468285
v 23.00000000 25.00000000 45.76760864
v 23.00000000 26.00000000 17.11689949
v 23.00000000 26.00000000 45.82609177
v 23.00000000 27.00000000 17.05156898
v 23.00000000 27.00000000 45.91469574
v 23.00000000 27.41876411 17.00000000
v 23.00000000 28.00000000 16.92842293
v 23.00000000 28.00000000 45.97773361
v 23.00000000 29.00000000 16.73688698
v 23.00000000 28.73711014 46.00000000
v 22.57151604 29.00000000 46.00000000
v 23.00000000 29.00000000 46.00631714
v 23.00000000 30.00000000 16.57398796
v 23.00000000 30.00000000 46.02656937
v 23.00000000 30.94794273 17.00000000
v 23.00000000 31.00000000 17.06039238
v 23.00000000 31.00000000 27.73500633
v 23.00000000 30.99380112 28.00000000
v 23.00000000 30.96200180 29.00000000
v 23.00000000 30.95187378 30.00000000
v 23.00000000 30.94500923 31.00000000
v 23.00000000 30.96496773 32.00000000
v 23.00000000 31.00000000 32.41862488
v 23.00000000 31.00000000 46.09118652
v 23.00000000 31.23121834 18.00000000
v 23.00000000 31.28689957 19.00000000
v 23.00000000 31.28749847 20.00000000
v 23.00000000 31.27326202 21.00000000
v 23.00000000 31.22228432 22.00000000
v 23.00000000 31.16238976 23.00000000
v 23.00000000 31.10390472 24.00000000
v 23.00000000 31.06291389 25.00000000
v 23.00000000 31.03444672 26.00000000
v 23.00000000 31.01447296 27.00000000
v 23.00000000 31.09614944 33.00000000
v 23.00000000 31.38388252 34.00000000
v 23.00000000 32.00000000 34.89422607
v 23.00000000 32.00000000 46.16513824
v 23.00000000 33.00000000 34.83645630
v 23.00000000 33.00000000 46.22421265
v 23.00000000 34.00000000 34.62876892
v 23.00000000 34.00000000 46.25487900
v 23.00000000 35.00000000 34.49801636
v 23.00000000 35.00000000 46.26818848
v 23.00000000 36.00000000 34.53848267
v 23.00000000 36.00000000 46.26926041
v 23.00000000 37.00000000 34.74523544
v 23.00000000 37.00000000 46.23862076
v 23.00000000 37.93488312 35.00000000
v 23.00000000 38.00000000 35.02273560
v 23.00000000 38.00000000 46.16005707
v 23.00000000 39.00000000 35.40559006
v 23.00000000 39.00000000 46.04525375
v 23.00000000 40.00000000 35.83880997
v 23.00000000 40.00000000 45.80176544
v 23.00000000 39.27774811 46.00000000
v 23.00000000 40.34201813 36.00000000
v 23.00000000 41.00000000 36.33063507
v 23.00000000 41.00000000 45.11403656
v 23.00000000 41.81429672 37.00000000
v 23.00000000 42.00000000 37.27538300
v 23.00000000 42.00000000 42.59187317
v 23.00000000 41.87554169 43.00000000
v 23.00000000 41.55117416 44.00000000
v 23.00000000 41.08398056 45.00000000
v 23.00000000 42.29733658 38.00000000
v 23.00000000 42.39458466 39.00000000
v 23.00000000 42.36832428 40.00000000
v 23.00000000 42.29875183 41.00000000
v 23.00000000 42.14920425 42.00000000
v 24.00000000 20.82414246 18.00000000
v 24.00000000 21.00000000 17.74577332
v 24.00000000 20.56250572 19.00000000
v 24.00000000 20.49892044 20.00000000
v 24.00000000 20.47983360 21.00000000
v 24.00000000 20.47518539 22.00000000
v 24.00000000 20.48295021 23.00000000
v 24.00000000 20.50093269 24.00000000
v 24.00000000 20.52485847 25.00000000
v 24.00000000 20.54734230 26.00000000
v 24.00000000 20.56218529 27.00000000
v 24.00000000 20.57046318 28.00000000
v 24.00000000 20.57617569 29.00000000
v 24.00000000 20.59069061 30.00000000
v 24.00000000 20.61609077 31.00000000
v 24.00000000 20.63583565 32.00000000
v 24.00000000 20.64689827 33.00000000
v 24.00000000 20.65114021 34.00000000
v 24.00000000 20.65019226 35.00000000
v 24.00000000 20.64235115 36.00000000
v 24.00000000 20.63206482 37.00000000
v 24.00000000 20.61620331 38.00000000
v 24.00000000 20.60527992 39.00000000
v 24.00000000 20.60142899 40.00000000
v 24.00000000 20.60264015 41.00000000
v 24.00000000 20.60475922 42.00000000
v 24.00000000 20.60237694 43.00000000
v 24.00000000 20.62030983 44.00000000
v 24.00000000 20.74619293 45.00000000
v 24.00000000 21.00000000 45.47360992
v 24.00000000 22.00000000 17.27381516
v 24.00000000 22.00000000 45.82350159
v 24.00000000 23.00000000 17.25001717
v 24.00000000 23.00000000 45.80733490
v 24.00000000 24.00000000 17.22968483
v 24.00000000 24.00000000 45.77842712
v 24.00000000 25.00000000 17.17966652
v 24.00000000 25.00000000 45.77819061
v 24.00000000 26.00000000 17.11816978
v 24.00000000 26.00000000 45.84123993
v 24.00000000 27.00000000 17.05166626
v 24.00000000 27.00000000 45.93382645
v 24.00000000 27.40612793 17.00000000
v 24.00000000 28.00000000 16.92481422
v 24.00000000 28.00000000 45.99741364
v 24.00000000 29.00000000 16.72942162
v 24.00000000 28.09669113 46.00000000
v 24.00000000 29.00000000 46.01918793
v 24.00000000 30.00000000 16.56635857
v 24.00000000 30.00000000 46.03998184
v 24.00000000 30.96342087 17.00000000
v 24.00000000 31.00000000 17.04212189
v 24.00000000 31.00000000 27.46572876
v 24.00000000 30.98996735 28.00000000
v 24.00000000 30.95903587 29.00000000
v 24.00000000 30.94772148 30.00000000
v 24.00000000 30.94156075 31.00000000
v 24.00000000 30.96212387 32.00000000
v 24.00000000 31.00000000 32.44961548
v 24.00000000 31.00000000 46.10418701
v 24.00000000 31.23569489 18.00000000
v 24.00000000 31.28904533 19.00000000
v 24.00000000 31.28871346 20.00000000
v 24.00000000 31.27079773 21.00000000
v 24.00000000 31.21784782 22.00000000
v 24.00000000 31.15451813 23.00000000
v 24.00000000 31.09290123 24.00000000
v 24.00000000 31.05187798 25.00000000
v 24.00000000 31.02472687 26.00000000
v 24.00000000 31.00732040 27.00000000
v 24.00000000 31.09138489 33.00000000
v 24.00000000 31.37970734 34.00000000
v 24.00000000 32.00000000 34.89331818
v 24.00000000 32.00000000 46.17519379
v 24.00000000 33.00000000 34.84734726
v 24.00000000 33.00000000 46.22679901
v 24.00000000 34.00000000 34.65369415
v 24.00000000 34.00000000 46.25754929
v 24.00000000 35.00000000 34.52117538
v 24.00000000 35.00000000 46.27024460
v 24.00000000 36.00000000 34.55152130
v 24.00000000 36.00000000 46.26934814
v 24.00000000 37.00000000 34.74649429
v 24.00000000 37.00000000 46.23333359
v 24.00000000 37.95775986 35.00000000
v 24.00000000 38.00000000 35.01433563
v 24.00000000 38.00000000 46.15613937
v 24.00000000 39.00000000 35.39025116
v 24.00000000 39.00000000 46.04072952
v 24.00000000 40.00000000 35.80992126
v 24.00000000 40.00000000 45.78699875
v 24.00000000 39.24227524 46.00000000
v 24.00000000 40.40398026 36.00000000
v 24.00000000 41.00000000 36.30177689
v 24.00000000 41.00000000 45.09402847
v 24.00000000 41.84462738 37.00000000
v 24.00000000 42.00000000 37.23509979
v 24.00000000 42.00000000 42.55867386
v 24.00000000 41.86352539 43.00000000
v 24.00000000 41.53957748 44.00000000
v 24.00000000 41.06932449 45.00000000
v 24.00000000 42.30636978 38.00000000
v 24.00000000 42.40012360 39.00000000
v 24.00000000 42.37231445 40.00000000
v 24.00000000 42.29866028 41.00000000
v 24.00000000 42.14336777 42.00000000
v 25.00000000 20.82010269 18.00000000
v 25.00000000 21.00000000 17.73661995
v 25.00000000 20.55994034 19.00000000
v 25.00000000 20.49597931 20.00000000
v 25.00000000 20.47772789 21.00000000
v 25.00000000 20.47139168 22.00000000
v 25.00000000 20.47977448 23.00000000
v 25.00000000 20.49788857 24.00000000
v 25.00000000 20.52281570 25.00000000
v 25.00000000 20.54567719 26.00000000
v 25.00000000 20.56134796 27.00000000
v 25.00000000 20.57086372 28.00000000
v 25.00000000 20.57810020 29.00000000
v 25.00000000 20.59449768 30.00000000
v 25.00000000 20.62062836 31.00000000
v 25.00000000 20.63973045 32.00000000
v 25.00000000 20.64868355 33.00000000
v 25.00000000 20.65305519 34.00000000
v 25.00000000 20.65163803 35.00000000
v 25.00000000 20.64489365 36.00000000
v 25.00000000 20.63377190 37.00000000
v 25.00000000 20.61699486 38.00000000
v 25.00000000 20.60566330 39.00000000
v 25.00000000 20.60252762 40.00000000
v 25.00000000 20.60491562 41.00000000
v 25.00000000 20.60770416 42.00000000
v 25.00000000 20.60831833 43.00000000
v 25.00000000 20.62740898 44.00000000
v 25.00000000 20.74949265 45.00000000
v 25.00000000 21.00000000 45.47487259
v 25.00000000 22.00000000 17.26457214
v 25.00000000 22.00000000 45.83872986
v 25.00000000 23.00000000 17.23724556
v 25.00000000 23.00000000 45.81980515
v 25.00000000 24.00000000 17.21627045
v 25.00000000 24.00000000 45.78550720
v 25.00000000 25.00000000 17.17374992
v 25.00000000 25.00000000 45.78794098
v 25.00000000 26.00000000 17.11821938
v 25.00000000 26.00000000 45.85574341
v 25.00000000 27.00000000 17.05283356
v 25.00000000 27.00000000 45.94955826
v 25.00000000 27.40393639 17.00000000
v 25.00000000 28.00000000 16.92277527
v 25.00000000 27.79615974 46.00000000
v 24.16533470 28.00000000 46.00000000
v 25.00000000 28.00000000 46.01017761
v 25.00000000 29.00000000 16.72170448
v 25.00000000 29.00000000 46.02958298
v 25.00000000 30.00000000 16.55919266
v 25.00000000 30.00000000 46.05307388
v 25.00000000 30.98536682 17.00000000
v 25.00000000 31.00000000 17.01682854
v 25.00000000 31.00000000 27.19923973
v 25.00000000 30.98637390 28.00000000
v 25.00000000 30.95665550 29.00000000
v 25.00000000 30.94297791 30.00000000
v 25.00000000 30.93925667 31.00000000
v 25.00000000 30.96016312 32.00000000
v 25.00000000 31.00000000 32.47874069
v 25.00000000 31.00000000 46.11703873
v 25.00000000 31.23987198 18.00000000
v 25.00000000 31.29070282 19.00000000
v 25.00000000 31.28889084 20.00000000
v 25.00000000 31.26663589 21.00000000
v 25.00000000 31.21210480 22.00000000
v 25.00000000 31.14534569 23.00000000
v 25.00000000 31.08303261 24.00000000
v 25.00000000 31.04092979 25.00000000
v 25.00000000 31.01550674 26.00000000
v 25.00000000 31.00281143 27.00000000
v 25.00000000 31.08518410 33.00000000
v 25.00000000 31.37569237 34.00000000
v 25.00000000 32.00000000 34.89263535
v 25.00000000 32.00000000 46.18727112
v 25.00000000 33.00000000 34.86196518
v 25.00000000 33.00000000 46.22997284
v 25.00000000 34.00000000 34.67514038
v 25.00000000 34.00000000 46.26100922
v 25.00000000 35.00000000 34.54485321
v 25.00000000 35.00000000 46.27267838
v 25.00000000 36.00000000 34.56615067
v 25.00000000 36.00000000 46.26985168
v 25.00000000 37.00000000 34.75054550
v 25.00000000 37.00000000 46.22964096
v 25.00000000 37.97508240 35.00000000
v 25.00000000 38.00000000 35.00812149
v 25.00000000 38.00000000 46.15361404
v 25.00000000 39.00000000 35.37990189
v 25.00000000 39.00000000 46.03390121
v 25.00000000 40.00000000 35.78749084
v 25.00000000 40.00000000 45.77272797
v 25.00000000 39.19810104 46.00000000
v 25.00000000 40.45730591 36.00000000
v 25.00000000 41.00000000 36.27402115
v 25.00000000 41.00000000 45.07570648
v 25.00000000 41.87317657 37.00000000
v 25.00000000 42.00000000 37.19536972
v 25.00000000 42.00000000 42.53273773
v 25.00000000 41.85261154 43.00000000
v 25.00000000 41.52724838 44.00000000
v 25.00000000 41.05586624 45.00000000
v 25.00000000 42.31318665 38.00000000
v 25.00000000 42.40211105 39.00000000
v 25.00000000 42.37429047 40.00000000
v 25.00000000 42.29739380 41.00000000
v 25.00000000 42.13960266 42.00000000
v 26.00000000 20.81303978 18.00000000
v 26.00000000 21.00000000 17.72300339
v 26.00000000 20.55542755 19.00000000
v 26.00000000 20.49268150 20.00000000
v 26.00000000 20.47596169 21.00000000
v 26.00000000 20.46968651 22.00000000
v 26.00000000 20.47842407 23.00000000
v 26.00000000 20.49744225 24.00000000
v 26.00000000 20.52119637 25.00000000
v 26.00000000 20.54433823 26.00000000
v 26.00000000 20.55907822 27.00000000
v 26.00000000 20.57138062 28.00000000
v 26.00000000 20.57948112 29.00000000
v 26.00000000 20.59854126 30.00000000
v 26.00000000 20.62471008 31.00000000
v 26.00000000 20.64412498 32.00000000
v 26.00000000 20.65173912 33.00000000
v 26.00000000 20.65470123 34.00000000
v 26.00000000 20.65435791 35.00000000
v 26.00000000 20.64638710 36.00000000
v 26.00000000 20.63536263 37.00000000
v 26.00000000 20.61759377 38.00000000
v 26.00000000 20.60785294 39.00000000
v 26.00000000 20.60458755 40.00000000
v 26.00000000 20.60641098 41.00000000
v 26.00000000 20.60920715 42.00000000
v 26.00000000 20.61088371 43.00000000
v 26.00000000 20.63276482 44.00000000
v 26.00000000 20.75295448 45.00000000
v 26.00000000 21.00000000 45.47562790
v 26.00000000 22.00000000 17.25225067
v 26.00000000 22.00000000 45.85178757
v 26.00000000 23.00000000 17.22319412
v 26.00000000 23.00000000 45.83024979
v 26.00000000 24.00000000 17.20546532
v 26.00000000 24.00000000 45.79087830
v 26.00000000 25.00000000 17.17005348
v 26.00000000 25.00000000 45.79664993
v 26.00000000 26.00000000 17.11927986
v 26.00000000 26.00000000 45.86893082
v 26.00000000 27.00000000 17.05111313
v 26.00000000 27.00000000 45.96126556
v 26.00000000 27.38519096 17.00000000
v 26.00000000 28.00000000 16.91969490
v 26.00000000 27.61728477 46.00000000
v 26.00000000 28.00000000 46.01898956
v 26.00000000 29.00000000 16.71371078
v 26.00000000 29.00000000 46.04072571
v 26.00000000 30.00000000 16.55218697
v 26.00000000 30.00000000 46.06520081
v 25.69577789 31.00000000 17.00000000
v 26.00000000 31.00000000 16.99643707
v 25.84434891 31.00000000 27.00000000
v 26.00000000 31.00000000 26.94627953
v 26.00000000 30.99936104 27.00000000
v 26.00000000 30.98254776 28.00000000
v 26.00000000 30.95386887 29.00000000
v 26.00000000 30.93835449 30.00000000
v 26.00000000 30.93733597 31.00000000
v 26.00000000 30.95848846 32.00000000
v 26.00000000 31.00000000 32.51364517
v 26.00000000 31.00000000 46.12807465
v 26.00000000 31.00224495 17.00000000
v 26.00000000 31.24340820 18.00000000
v 26.00000000 31.29137802 19.00000000
v 26.00000000 31.28672409 20.00000000
v 26.00000000 31.26227379 21.00000000
v 26.00000000 31.20680428 22.00000000
v 26.00000000 31.13565254 23.00000000
v 26.00000000 31.07421875 24.00000000
v 26.00000000 31.03067780 25.00000000
v 26.00000000 31.00916100 26.00000000
v 26.00000000 31.07705116 33.00000000
v 26.00000000 31.37266922 34.00000000
v 26.00000000 32.00000000 34.89142609
v 26.00000000 32.00000000 46.19718170
v 26.00000000 33.00000000 34.87674332
v 26.00000000 33.00000000 46.23336029
v 26.00000000 34.00000000 34.69705963
v 26.00000000 34.00000000 46.26234055
v 26.00000000 35.00000000 34.56859207
v 26.00000000 35.00000000 46.27531052
v 26.00000000 36.00000000 34.58140182
v 26.00000000 36.00000000 46.26997757
v 26.00000000 37.00000000 34.75006485
v 26.00000000 37.00000000 46.23050690
v 26.00000000 37.98072052 35.00000000
v 26.00000000 38.00000000 35.00626373
v 26.00000000 38.00000000 46.15086746
v 26.00000000 39.00000000 35.36924362
v 26.00000000 39.00000000 46.02627182
v 26.00000000 40.00000000 35.77071381
v 26.00000000 40.00000000 45.75944901
v 26.00000000 39.15211868 46.00000000
v 26.00000000 40.49343491 36.00000000
v 26.00000000 41.00000000 36.25419617
v 26.00000000 41.00000000 45.05895996
v 26.00000000 41.89344406 37.00000000
v 26.00000000 42.00000000 37.16682434
v 26.00000000 42.00000000 42.51240921
v 26.00000000 41.84402084 43.00000000
v 26.00000000 41.51844406 44.00000000
v 26.00000000 41.04376221 45.00000000
v 26.00000000 42.31817627 38.00000000
v 26.00000000 42.40435410 39.00000000
v 26.00000000 42.37463379 40.00000000
v 26.00000000 42.29489136 41.00000000
v 26.00000000 42.13602448 42.00000000
v 27.00000000 20.80589676 18.00000000
v 27.00000000 21.00000000 17.70948601
v 27.00000000 20.55070114 19.00000000
v 27.00000000 20.48903465 20.00000000
v 27.00000000 20.47512817 21.00000000
v 27.00000000 20.47070694 22.00000000
v 27.00000000 20.47879601 23.00000000
v 27.00000000 20.49748039 24.00000000
v 27.00000000 20.51922989 25.00000000
v 27.00000000 20.54117012 26.00000000
v 27.00000000 20.55620575 27.00000000
v 27.00000000 20.57004166 28.00000000
v 27.00000000 20.58069611 29.00000000
v 27.00000000 20.60064316 30.00000000
v 27.00000000 20.62829018 31.00000000
v 27.00000000 20.64699936 32.00000000
v 27.00000000 20.65502167 33.00000000
v 27.00000000 20.65682602 34.00000000
v 27.00000000 20.65656281 35.00000000
v 27.00000000 20.64846230 36.00000000
v 27.00000000 20.63763809 37.00000000
v 27.00000000 20.61972809 38.00000000
v 27.00000000 20.61107635 39.00000000
v 27.00000000 20.60761070 40.00000000
v 27.00000000 20.60760498 41.00000000
v 27.00000000 20.61003494 42.00000000
v 27.00000000 20.61233521 43.00000000
v 27.00000000 20.63775826 44.00000000
v 27.00000000 20.75625229 45.00000000
v 27.00000000 21.00000000 45.47458649
v 27.00000000 22.00000000 17.23874474
v 27.00000000 22.00000000 45.85988617
v 27.00000000 23.00000000 17.21161842
v 27.00000000 23.00000000 45.83923340
v 27.00000000 24.00000000 17.19968605
v 27.00000000 24.00000000 45.79551315
v 27.00000000 25.00000000 17.16716576
v 27.00000000 25.00000000 45.80596161
v 27.00000000 26.00000000 17.11645317
v 27.00000000 26.00000000 45.88015747
v 27.00000000 27.00000000 17.04899979
v 27.00000000 27.00000000 45.97107315
v 27.00000000 27.36564445 17.00000000
v 27.00000000 28.00000000 16.91633606
v 27.00000000 27.46959305 46.00000000
v 27.00000000 28.00000000 46.02590179
v 27.00000000 29.00000000 16.70788383
v 27.00000000 29.00000000 46.04961395
v 27.00000000 30.00000000 16.54671669
v 27.00000000 30.00000000 46.07443237
v 27.00000000 31.00000000 16.98830414
v 27.00000000 31.00000000 26.53371048
v 27.00000000 30.99534225 27.00000000
v 27.00000000 30.97808266 28.00000000
v 27.00000000 30.95181084 29.00000000
v 27.00000000 30.93549347 30.00000000
v 27.00000000 30.93469048 31.00000000
v 27.00000000 30.95587730 32.00000000
v 27.00000000 31.00000000 32.55453491
v 27.00000000 31.00000000 46.13868713
v 27.00000000 31.00732613 17.00000000
v 27.00000000 31.24458313 18.00000000
v 27.00000000 31.29112434 19.00000000
v 27.00000000 31.28310585 20.00000000
v 27.00000000 31.25775528 21.00000000
v 27.00000000 31.20048714 22.00000000
v 27.00000000 31.12665367 23.00000000
v 27.00000000 31.06535912 24.00000000
v 27.00000000 31.02167702 25.00000000
v 27.00000000 31.00432396 26.00000000
v 27.00000000 31.06899834 33.00000000
v 27.00000000 31.36682701 34.00000000
v 27.00000000 32.00000000 34.89030075
v 27.00000000 32.00000000 46.20437241
v 27.00000000 33.00000000 34.89164734
v 27.00000000 33.00000000 46.23695374
v 27.00000000 34.00000000 34.72306824
v 27.00000000 34.00000000 46.26298523
v 27.00000000 35.00000000 34.59156799
v 27.00000000 35.00000000 46.27629089
v 27.00000000 36.00000000 34.59091949
v 27.00000000 36.00000000 46.26956177
v 27.00000000 37.00000000 34.75153732
v 27.00000000 37.00000000 46.22774887
v 27.00000000 37.96868134 35.00000000
v 27.00000000 38.00000000 35.01029587
v 27.00000000 38.00000000 46.14547348
v 27.00000000 39.00000000 35.35395432
v 27.00000000 39.00000000 46.01844788
v 27.00000000 40.00000000 35.75596237
v 27.00000000 40.00000000 45.74336624
v 27.00000000 39.10456085 46.00000000
v 27.00000000 40.52731323 36.00000000
v 27.00000000 41.00000000 36.23546219
v 27.00000000 41.00000000 45.04411316
v 27.00000000 41.90805435 37.00000000
v 27.00000000 42.00000000 37.14533615
v 27.00000000 42.00000000 42.49566269
v 27.00000000 41.83633041 43.00000000
v 27.00000000 41.51250458 44.00000000
v 27.00000000 41.03291702 45.00000000
v 27.00000000 42.32225800 38.00000000
v 27.00000000 42.40670395 39.00000000
v 27.00000000 42.37415314 40.00000000
v 27.00000000 42.29180908 41.00000000
v 27.00000000 42.13306046 42.00000000
v 28.00000000 20.80037880 18.00000000
v 28.00000000 21.00000000 17.69818878
v 28.00000000 20.54762459 19.00000000
v 28.00000000 20.48706436 20.00000000
v 28.00000000 20.47501945 21.00000000
v 28.00000000 20.47245407 22.00000000
v 28.00000000 20.48019791 23.00000000
v 28.00000000 20.49646568 24.00000000
v 28.00000000 20.51686478 25.00000000
v 28.00000000 20.53780937 26.00000000
v 28.00000000 20.55355835 27.00000000
v 28.00000000 20.56837463 28.00000000
v 28.00000000 20.58194542 29.00000000
v 28.00000000 20.60200691 30.00000000
v 28.00000000 20.63071823 31.00000000
v 28.00000000 20.64892769 32.00000000
v 28.00000000 20.65739059 33.00000000
v 28.00000000 20.66044998 34.00000000
v 28.00000000 20.65866852 35.00000000
v 28.00000000 20.65115166 36.00000000
v 28.00000000 20.63965607 37.00000000
v 28.00000000 20.62405396 38.00000000
v 28.00000000 20.61472893 39.00000000
v 28.00000000 20.61104393 40.00000000
v 28.00000000 20.60896683 41.00000000
v 28.00000000 20.60973930 42.00000000
v 28.00000000 20.61345291 43.00000000
v 28.00000000 20.64049149 44.00000000
v 28.00000000 20.75932503 45.00000000
v 28.00000000 21.00000000 45.47378540
v 28.00000000 22.00000000 17.22666740
v 28.00000000 22.00000000 45.86767578
v 28.00000000 23.00000000 17.20325089
v 28.00000000 23.00000000 45.84700012
v 28.00000000 24.00000000 17.19489288
v 28.00000000 24.00000000 45.80114746
v 28.00000000 25.00000000 17.16493034
v 28.00000000 25.00000000 45.81569672
v 28.00000000 26.00000000 17.11144066
v 28.00000000 26.00000000 45.89004135
v 28.00000000 27.00000000 17.04523849
v 28.00000000 27.00000000 45.97745514
v 28.00000000 27.33449745 17.00000000
v 28.00000000 28.00000000 16.91104317
v 28.00000000 27.35974503 46.00000000
v 28.00000000 28.00000000 46.03178787
v 28.00000000 29.00000000 16.70476913
v 28.00000000 29.00000000 46.05612183
v 28.00000000 30.00000000 16.54185104
v 28.00000000 30.00000000 46.08181000
v 28.00000000 31.00000000 16.98721313
v 28.00000000 31.00000000 26.03847504
v 28.00000000 30.99207687 27.00000000
v 28.00000000 30.97283936 28.00000000
v 28.00000000 30.95040321 29.00000000
v 28.00000000 30.93315697 30.00000000
v 28.00000000 30.93085098 31.00000000
v 28.00000000 30.95087814 32.00000000
v 28.00000000 31.00000000 32.61302567
v 28.00000000 31.00000000 46.14801788
v 28.00000000 31.00797462 17.00000000
v 28.00000000 31.24375153 18.00000000
v 28.00000000 31.29034996 19.00000000
v 28.00000000 31.28010559 20.00000000
v 28.00000000 31.25388527 21.00000000
v 28.00000000 31.19417572 22.00000000
v 28.00000000 31.12024689 23.00000000
v 28.00000000 31.05647659 24.00000000
v 28.00000000 31.01301003 25.00000000
v 28.00000000 31.00025558 26.00000000
v 28.00000000 31.06023026 33.00000000
v 28.00000000 31.35973167 34.00000000
v 28.00000000 32.00000000 34.88944244
v 28.00000000 32.00000000 46.20956802
v 28.00000000 33.00000000 34.90630722
v 28.00000000 33.00000000 46.24308777
v 28.00000000 34.00000000 34.74879837
v 28.00000000 34.00000000 46.26282120
v 28.00000000 35.00000000 34.61124802
v 28.00000000 35.00000000 46.27655792
v 28.00000000 36.00000000 34.60033798
v 28.00000000 36.00000000 46.26854706
v 28.00000000 37.00000000 34.75612259
v 28.00000000 37.00000000 46.22285843
v 28.00000000 37.97659302 35.00000000
v 28.00000000 38.00000000 35.00761032
v 28.00000000 38.00000000 46.13910675
v 28.00000000 39.00000000 35.33809662
v 28.00000000 39.00000000 46.01041412
v 28.00000000 40.00000000 35.74389648
v 28.00000000 40.00000000 45.72706223
v 28.00000000 39.05785751 46.00000000
v 28.00000000 40.55932999 36.00000000
v 28.00000000 41.00000000 36.21809769
v 28.00000000 41.00000000 45.03116989
v 28.00000000 41.92013931 37.00000000
v 28.00000000 42.00000000 37.12639236
v 28.00000000 42.00000000 42.48311615
v 28.00000000 41.83170319 43.00000000
v 28.00000000 41.50715637 44.00000000
v 28.00000000 41.02335358 45.00000000
v 28.00000000 42.32617950 38.00000000
v 28.00000000 42.40872574 39.00000000
v 28.00000000 42.37340546 40.00000000
v 28.00000000 42.28852844 41.00000000
v 28.00000000 42.12987137 42.00000000
v 29.00000000 20.79714012 18.00000000
v 29.00000000 21.00000000 17.69242096
v 29.00000000 20.54570580 19.00000000
v 29.00000000 20.48624611 20.00000000
v 29.00000000 20.47564888 21.00000000
v 29.00000000 20.47360802 22.00000000
v 29.00000000 20.48082542 23.00000000
v 29.00000000 20.49576950 24.00000000
v 29.00000000 20.51420593 25.00000000
v 29.00000000 20.53518486 26.00000000
v 29.00000000 20.55190086 27.00000000
v 29.00000000 20.56631279 28.00000000
v 29.00000000 20.58312988 29.00000000
v 29.00000000 20.60320854 30.00000000
v 29.00000000 20.63117409 31.00000000
v 29.00000000 20.65013313 32.00000000
v 29.00000000 20.65881920 33.00000000
v 29.00000000 20.66383553 34.00000000
v 29.00000000 20.66097832 35.00000000
v 29.00000000 20.65472794 36.00000000
v 29.00000000 20.64210510 37.00000000
v 29.00000000 20.62883568 38.00000000
v 29.00000000 20.61890793 39.00000000
v 29.00000000 20.61449623 40.00000000
v 29.00000000 20.61066246 41.00000000
v 29.00000000 20.60973740 42.00000000
v 29.00000000 20.61325645 43.00000000
v 29.00000000 20.64097786 44.00000000
v 29.00000000 20.76230240 45.00000000
v 29.00000000 21.00000000 45.47329330
v 29.00000000 22.00000000 17.21763611
v 29.00000000 22.00000000 45.87622452
v 29.00000000 23.00000000 17.19661140
v 29.00000000 23.00000000 45.85555649
v 29.00000000 24.00000000 17.19037247
v 29.00000000 24.00000000 45.80731201
v 29.00000000 25.00000000 17.16260910
v 29.00000000 25.00000000 45.82555771
v 29.00000000 26.00000000 17.10520935
v 29.00000000 26.00000000 45.89720917
v 29.00000000 27.00000000 17.04024315
v 29.00000000 27.00000000 45.98253632
v 29.00000000 27.29804993 17.00000000
v 29.00000000 28.00000000 16.90626144
v 29.00000000 27.29238319 46.00000000
v 29.00000000 28.00000000 46.03356171
v 29.00000000 29.00000000 16.70427322
v 29.00000000 29.00000000 46.06162643
v 29.00000000 30.00000000 16.53899765
v 29.00000000 30.00000000 46.08865738
v 29.00000000 31.00000000 16.98852158
v 28.10640717 31.00000000 26.00000000
v 29.00000000 31.00000000 25.79727554
v 29.00000000 30.99729347 26.00000000
v 29.00000000 30.98824883 27.00000000
v 29.00000000 30.96815872 28.00000000
v 29.00000000 30.94888115 29.00000000
v 29.00000000 30.93265724 30.00000000
v 29.00000000 30.92660713 31.00000000
v 29.00000000 30.94404793 32.00000000
v 29.00000000 31.00000000 32.69102097
v 29.00000000 31.00000000 46.15664673
v 29.00000000 31.00710869 17.00000000
v 29.00000000 31.24222374 18.00000000
v 29.00000000 31.28785133 19.00000000
v 29.00000000 31.27734566 20.00000000
v 29.00000000 31.25050163 21.00000000
v 29.00000000 31.18900871 22.00000000
v 29.00000000 31.11443329 23.00000000
v 29.00000000 31.05054092 24.00000000
v 29.00000000 31.00882721 25.00000000
v 29.00000000 31.04867744 33.00000000
v 29.00000000 31.35395241 34.00000000
v 29.00000000 32.00000000 34.89093399
v 29.00000000 32.00000000 46.21403122
v 29.00000000 33.00000000 34.92291260
v 29.00000000 33.00000000 46.24931717
v 29.00000000 34.00000000 34.77315521
v 29.00000000 34.00000000 46.26277542
v 29.00000000 35.00000000 34.62799072
v 29.00000000 35.00000000 46.27373886
v 29.00000000 36.00000000 34.60937119
v 29.00000000 36.00000000 46.26651382
v 29.00000000 37.00000000 34.76078796
v 29.00000000 37.00000000 46.21817780
v 28.37756920 38.00000000 35.00000000
v 29.00000000 38.00000000 34.99072647
v 29.00000000 38.00000000 46.13415909
v 29.00000000 38.03341675 35.00000000
v 29.00000000 39.00000000 35.32609558
v 29.00000000 39.00000000 46.00226974
v 29.00000000 40.00000000 35.73620224
v 29.00000000 40.00000000 45.71250534
v 29.00000000 39.01247025 46.00000000
v 29.00000000 40.57851791 36.00000000
v 29.00000000 41.00000000 36.20641327
v 29.00000000 41.00000000 45.02299881
v 29.00000000 41.92900467 37.00000000
v 29.00000000 42.00000000 37.11202621
v 29.00000000 42.00000000 42.47534180
v 29.00000000 41.83043671 43.00000000
v 29.00000000 41.50171280 44.00000000
v 29.00000000 41.01736450 45.00000000
v 29.00000000 42.32928085 38.00000000
v 29.00000000 42.41044617 39.00000000
v 29.00000000 42.37273026 40.00000000
v 29.00000000 42.28514099 41.00000000
v 29.00000000 42.12628555 42.00000000
v 30.00000000 20.79504395 18.00000000
v 30.00000000 21.00000000 17.68883133
v 30.00000000 20.54490662 19.00000000
v 30.00000000 20.48521805 20.00000000
v 30.00000000 20.47450447 21.00000000
v 30.00000000 20.47302246 22.00000000
v 30.00000000 20.48050117 23.00000000
v 30.00000000 20.49544334 24.00000000
v 30.00000000 20.51163864 25.00000000
v 30.00000000 20.53213120 26.00000000
v 30.00000000 20.55002022 27.00000000
v 30.00000000 20.56438065 28.00000000
v 30.00000000 20.58324051 29.00000000
v 30.00000000 20.60436440 30.00000000
v 30.00000000 20.63058090 31.00000000
v 30.00000000 20.65051270 32.00000000
v 30.00000000 20.66053772 33.00000000
v 30.00000000 20.66585350 34.00000000
v 30.00000000 20.66397095 35.00000000
v 30.00000000 20.65810394 36.00000000
v 30.00000000 20.64673996 37.00000000
v 30.00000000 20.63396072 38.00000000
v 30.00000000 20.62278748 39.00000000
v 30.00000000 20.61760902 40.00000000
v 30.00000000 20.61215019 41.00000000
v 30.00000000 20.60980606 42.00000000
v 30.00000000 20.61270142 43.00000000
v 30.00000000 20.63992691 44.00000000
v 30.00000000 20.76301765 45.00000000
v 30.00000000 21.00000000 45.47428513
v 30.00000000 22.00000000 17.21139145
v 30.00000000 22.00000000 45.88407516
v 30.00000000 23.00000000 17.19054985
v 30.00000000 23.00000000 45.86479187
v 30.00000000 24.00000000 17.18935204
v 30.00000000 24.00000000 45.81429291
v 30.00000000 25.00000000 17.16353798
v 30.00000000 25.00000000 45.83406067
v 30.00000000 26.00000000 17.09902000
v 30.00000000 26.00000000 45.90302277
v 30.00000000 27.00000000 17.03383827
v 30.00000000 27.00000000 45.98470688
v 30.00000000 27.25390244 17.00000000
v 30.00000000 28.00000000 16.90135193
v 30.00000000 27.25978088 46.00000000
v 30.00000000 28.00000000 46.03463745
v 30.00000000 29.00000000 16.70471573
v 30.00000000 29.00000000 46.06703949
v 30.00000000 30.00000000 16.54135513
v 30.00000000 30.00000000 46.09543610
v 30.00000000 31.00000000 16.98861885
v 30.00000000 31.00000000 25.65039253
v 30.00000000 30.99452782 26.00000000
v 30.00000000 30.98354149 27.00000000
v 30.00000000 30.96554375 28.00000000
v 30.00000000 30.94719315 29.00000000
v 30.00000000 30.93312645 30.00000000
v 30.00000000 30.92272949 31.00000000
v 30.00000000 30.93520164 32.00000000
v 30.00000000 31.00000000 32.77394867
v 30.00000000 31.00000000 46.16205215
v 30.00000000 31.00703812 17.00000000
v 30.00000000 31.23931694 18.00000000
v 30.00000000 31.28316116 19.00000000
v 30.00000000 31.27378464 20.00000000
v 30.00000000 31.24705124 21.00000000
v 30.00000000 31.18235779 22.00000000
v 30.00000000 31.10790062 23.00000000
v 30.00000000 31.04585457 24.00000000
v 30.00000000 31.00838089 25.00000000
v 30.00000000 31.03693581 33.00000000
v 30.00000000 31.34773254 34.00000000
v 30.00000000 32.00000000 34.89125824
v 30.00000000 32.00000000 46.21883011
v 30.00000000 33.00000000 34.94063950
v 30.00000000 33.00000000 46.25479507
v 30.00000000 34.00000000 34.79553223
v 30.00000000 34.00000000 46.26205444
v 30.00000000 35.00000000 34.64545059
v 30.00000000 35.00000000 46.27050018
v 30.00000000 36.00000000 34.61712646
v 30.00000000 36.00000000 46.26580048
v 30.00000000 37.00000000 34.75647354
v 30.00000000 37.00000000 46.21366882
v 30.00000000 38.00000000 34.97714615
v 30.00000000 38.00000000 46.12974167
v 30.00000000 38.08090973 35.00000000
v 30.00000000 39.00000000 35.31951141
v 29.28435135 39.00000000 46.00000000
v 30.00000000 39.00000000 45.99170303
v 30.00000000 38.95953751 46.00000000
v 30.00000000 40.00000000 35.72869492
v 30.00000000 40.00000000 45.69905090
v 30.00000000 40.59117126 36.00000000
v 30.00000000 41.00000000 36.19917297
v 30.00000000 41.00000000 45.01531982
v 30.00000000 41.93402100 37.00000000
v 30.00000000 42.00000000 37.10435486
v 30.00000000 42.00000000 42.47028351
v 30.00000000 41.82971191 43.00000000
v 30.00000000 41.49690247 44.00000000
v 30.00000000 41.01164246 45.00000000
v 30.00000000 42.32994461 38.00000000
v 30.00000000 42.41142654 39.00000000
v 30.00000000 42.37301636 40.00000000
v 30.00000000 42.28202057 41.00000000
v 30.00000000 42.12354660 42.00000000
v 31.00000000 20.79633904 18.00000000
v 31.00000000 21.00000000 17.69112968
v 31.00000000 20.54524422 19.00000000
v 31.00000000 20.48440552 20.00000000
v 31.00000000 20.47281647 21.00000000
v 31.00000000 20.47204781 22.00000000
v 31.00000000 20.47990799 23.00000000
v 31.00000000 20.49454498 24.00000000
v 31.00000000 20.51011467 25.00000000
v 31.00000000 20.52873993 26.00000000
v 31.00000000 20.54818153 27.00000000
v 31.00000000 20.56422043 28.00000000
v 31.00000000 20.58207512 29.00000000
v 31.00000000 20.60489082 30.00000000
v 31.00000000 20.62964439 31.00000000
v 31.00000000 20.64874077 32.00000000
v 31.00000000 20.66183853 33.00000000
v 31.00000000 20.66702843 34.00000000
v 31.00000000 20.66733360 35.00000000
v 31.00000000 20.66115189 36.00000000
v 31.00000000 20.65121269 37.00000000
v 31.00000000 20.63860893 38.00000000
v 31.00000000 20.62630272 39.00000000
v 31.00000000 20.62115479 40.00000000
v 31.00000000 20.61301804 41.00000000
v 31.00000000 20.60937691 42.00000000
v 31.00000000 20.61201096 43.00000000
v 31.00000000 20.63831520 44.00000000
v 31.00000000 20.76194763 45.00000000
v 31.00000000 21.00000000 45.47696304
v 31.00000000 22.00000000 17.20579910
v 31.00000000 22.00000000 45.89200592
v 31.00000000 23.00000000 17.18399048
v 31.00000000 23.00000000 45.87280273
v 31.00000000 24.00000000 17.18665314
v 31.00000000 24.00000000 45.82519150
v 31.00000000 25.00000000 17.16141891
v 31.00000000 25.00000000 45.84131241
v 31.00000000 26.00000000 17.09600830
v 31.00000000 26.00000000 45.90803528
v 31.00000000 27.00000000 17.02948761
v 31.00000000 27.00000000 45.98480225
v 31.00000000 27.22546768 17.00000000
v 31.00000000 28.00000000 16.89863396
v 31.00000000 27.24727249 46.00000000
v 31.00000000 28.00000000 46.03678513
v 31.00000000 29.00000000 16.70848846
v 31.00000000 29.00000000 46.07238007
v 31.00000000 30.00000000 16.54731178
v 31.00000000 30.00000000 46.10248947
v 31.00000000 31.00000000 16.98992538
v 31.00000000 31.00000000 25.60919762
v 31.00000000 30.99182129 26.00000000
v 31.00000000 30.98040390 27.00000000
v 31.00000000 30.96364975 28.00000000
v 31.00000000 30.94671249 29.00000000
v 31.00000000 30.93251610 30.00000000
v 31.00000000 30.91807365 31.00000000
v 31.00000000 30.92786026 32.00000000
v 31.00000000 31.00000000 32.84257126
v 31.00000000 31.00000000 46.16649628
v 31.00000000 31.00621986 17.00000000
v 31.00000000 31.23631477 18.00000000
v 31.00000000 31.27770042 19.00000000
v 31.00000000 31.26953697 20.00000000
v 31.00000000 31.24318886 21.00000000
v 31.00000000 31.17707443 22.00000000
v 31.00000000 31.10097313 23.00000000
v 31.00000000 31.04295349 24.00000000
v 31.00000000 31.01042366 25.00000000
v 31.00000000 31.02636147 33.00000000
v 31.00000000 31.33727074 34.00000000
v 31.00000000 32.00000000 34.89784622
v 31.00000000 32.00000000 46.22383499
v 31.00000000 33.00000000 34.95451355
v 31.00000000 33.00000000 46.25815582
v 31.00000000 34.00000000 34.81431198
v 31.00000000 34.00000000 46.26205826
v 31.00000000 35.00000000 34.66209412
v 31.00000000 35.00000000 46.26591873
v 31.00000000 36.00000000 34.62042999
v 31.00000000 36.00000000 46.26422882
v 31.00000000 37.00000000 34.74900818
v 31.00000000 37.00000000 46.20870590
v 31.00000000 38.00000000 34.96433640
v 31.00000000 38.00000000 46.12554550
v 31.00000000 38.12454605 35.00000000
v 31.00000000 39.00000000 35.31263733
v 31.00000000 39.00000000 45.98141861
v 31.00000000 38.91099167 46.00000000
v 31.00000000 40.00000000 35.72224808
v 31.00000000 40.00000000 45.68666840
v 31.00000000 40.59813690 36.00000000
v 31.00000000 41.00000000 36.19747162
v 31.00000000 41.00000000 45.00752640
v 31.00000000 41.92926788 37.00000000
v 31.00000000 42.00000000 37.11150742
v 31.00000000 42.00000000 42.47030258
v 31.00000000 41.83016586 43.00000000
v 31.00000000 41.49667740 44.00000000
v 31.00000000 41.00577545 45.00000000
v 31.00000000 42.32939148 38.00000000
v 31.00000000 42.41207886 39.00000000
v 31.00000000 42.37358093 40.00000000
v 31.00000000 42.27892685 41.00000000
v 31.00000000 42.12254715 42.00000000
v 32.00000000 20.79817772 18.00000000
v 32.00000000 21.00000000 17.69489670
v 32.00000000 20.54692650 19.00000000
v 32.00000000 20.48431206 20.00000000
v 32.00000000 20.47093201 21.00000000
v 32.00000000 20.46908379 22.00000000
v 32.00000000 20.47904587 23.00000000
v 32.00000000 20.49342918 24.00000000
v 32.00000000 20.50836754 25.00000000
v 32.00000000 20.52658463 26.00000000
v 32.00000000 20.54666710 27.00000000
v 32.00000000 20.56512260 28.00000000
v 32.00000000 20.58053017 29.00000000
v 32.00000000 20.60399628 30.00000000
v 32.00000000 20.62854767 31.00000000
v 32.00000000 20.64637184 32.00000000
v 32.00000000 20.66139412 33.00000000
v 32.00000000 20.66844749 34.00000000
v 32.00000000 20.66862679 35.00000000
v 32.00000000 20.66357613 36.00000000
v 32.00000000 20.65554237 37.00000000
v 32.00000000 20.64315224 38.00000000
v 32.00000000 20.63094330 39.00000000
v 32.00000000 20.62510300 40.00000000
v 32.00000000 20.61441612 41.00000000
v 32.00000000 20.60952568 42.00000000
v 32.00000000 20.61173248 43.00000000
v 32.00000000 20.63710213 44.00000000
v 32.00000000 20.75987244 45.00000000
v 32.00000000 21.00000000 45.48098373
v 32.00000000 22.00000000 17.20134735
v 32.00000000 22.00000000 45.89963913
v 32.00000000 23.00000000 17.17708778
v 32.00000000 23.00000000 45.88164520
v 32.00000000 24.00000000 17.18543243
v 32.00000000 24.00000000 45.83639908
v 32.00000000 25.00000000 17.16026115
v 32.00000000 25.00000000 45.84706116
v 32.00000000 26.00000000 17.09183121
v 32.00000000 26.00000000 45.90926743
v 32.00000000 27.00000000 17.02387238
v 32.00000000 27.00000000 45.98447037
v 32.00000000 27.18697357 17.00000000
v 32.00000000 28.00000000 16.89559174
v 32.00000000 27.24004173 46.00000000
v 32.00000000 28.00000000 46.03924942
v 32.00000000 29.00000000 16.71427727
v 32.00000000 29.00000000 46.07612991
v 32.00000000 30.00000000 16.55510712
v 32.00000000 30.00000000 46.10895157
v 32.00000000 31.00000000 16.99285316
v 32.00000000 31.00000000 25.66909599
v 32.00000000 30.99242592 26.00000000
v 32.00000000 30.97793198 27.00000000
v 32.00000000 30.96122360 28.00000000
v 32.00000000 30.94742966 29.00000000
v 32.00000000 30.93048859 30.00000000
v 32.00000000 30.91342735 31.00000000
v 32.00000000 30.91967392 32.00000000
v 32.00000000 31.00000000 32.91097260
v 32.00000000 31.00000000 46.17136002
v 32.00000000 31.00440407 17.00000000
v 32.00000000 31.23274994 18.00000000
v 32.00000000 31.27219772 19.00000000
v 32.00000000 31.26479912 20.00000000
v 32.00000000 31.23831749 21.00000000
v 32.00000000 31.17283058 22.00000000
v 32.00000000 31.09608459 23.00000000
v 32.00000000 31.04392242 24.00000000
v 32.00000000 31.01248741 25.00000000
v 32.00000000 31.01543236 33.00000000
v 32.00000000 31.32578659 34.00000000
v 32.00000000 32.00000000 34.90606308
v 32.00000000 32.00000000 46.22742462
v 32.00000000 33.00000000 34.96992111
v 32.00000000 33.00000000 46.25993729
v 32.00000000 34.00000000 34.82756424
v 32.00000000 34.00000000 46.26282883
v 32.00000000 35.00000000 34.67691803
v 32.00000000 35.00000000 46.26116562
v 32.00000000 36.00000000 34.62226105
v 32.00000000 36.00000000 46.26248932
v 32.00000000 37.00000000 34.73973465
v 32.00000000 37.00000000 46.20413208
v 32.00000000 38.00000000 34.95444489
v 32.00000000 38.00000000 46.12132645
v 32.00000000 38.15824127 35.00000000
v 32.00000000 39.00000000 35.30559158
v 32.00000000 39.00000000 45.97185898
v 32.00000000 38.86711121 46.00000000
v 32.00000000 40.00000000 35.72202682
v 32.00000000 40.00000000 45.67590714
v 32.00000000 40.59203720 36.00000000
v 32.00000000 41.00000000 36.20067596
v 32.00000000 41.00000000 45.00040054
v 32.00000000 41.92362213 37.00000000
v 32.00000000 42.00000000 37.11978531
v 32.00000000 42.00000000 42.47045135
v 32.00000000 41.83112335 43.00000000
v 32.00000000 41.49703598 44.00000000
v 32.00000000 41.00030899 45.00000000
v 32.00000000 42.32893372 38.00000000
v 32.00000000 42.41218185 39.00000000
v 32.00000000 42.37427139 40.00000000
v 32.00000000 42.27762604 41.00000000
v 32.00000000 42.12165451 42.00000000
v 33.00000000 20.79964256 18.00000000
v 33.00000000 21.00000000 17.69779968
v 33.00000000 20.54779816 19.00000000
v 33.00000000 20.48478508 20.00000000
v 33.00000000 20.46990585 21.00000000
v 33.00000000 20.46660233 22.00000000
v 33.00000000 20.47710228 23.00000000
v 33.00000000 20.49262428 24.00000000
v 33.00000000 20.50697517 25.00000000
v 33.00000000 20.52543449 26.00000000
v 33.00000000 20.54574394 27.00000000
v 33.00000000 20.56513214 28.00000000
v 33.00000000 20.58074951 29.00000000
v 33.00000000 20.60284615 30.00000000
v 33.00000000 20.62715340 31.00000000
v 33.00000000 20.64467430 32.00000000
v 33.00000000 20.66039085 33.00000000
v 33.00000000 20.66876602 34.00000000
v 33.00000000 20.66999435 35.00000000
v 33.00000000 20.66618538 36.00000000
v 33.00000000 20.66006279 37.00000000
v 33.00000000 20.64792633 38.00000000
v 33.00000000 20.63595963 39.00000000
v 33.00000000 20.62994957 40.00000000
v 33.00000000 20.61713791 41.00000000
v 33.00000000 20.60980034 42.00000000
v 33.00000000 20.61195755 43.00000000
v 33.00000000 20.63585281 44.00000000
v 33.00000000 20.75751877 45.00000000
v 33.00000000 21.00000000 45.48856354
v 33.00000000 22.00000000 17.19869804
v 33.00000000 22.00000000 45.90513611
v 33.00000000 23.00000000 17.17131615
v 33.00000000 23.00000000 45.88864899
v 33.00000000 24.00000000 17.18388367
v 33.00000000 24.00000000 45.84682083
v 33.00000000 25.00000000 17.15783882
v 33.00000000 25.00000000 45.84993744
v 33.00000000 26.00000000 17.08828735
v 33.00000000 26.00000000 45.90844727
v 33.00000000 27.00000000 17.01783943
v 33.00000000 27.00000000 45.98420334
v 33.00000000 27.14460754 17.00000000
v 33.00000000 28.00000000 16.89366150
v 33.00000000 27.23005867 46.00000000
v 33.00000000 28.00000000 46.04226685
v 33.00000000 29.00000000 16.71953011
v 33.00000000 29.00000000 46.07938385
v 33.00000000 30.00000000 16.56456375
v 33.00000000 30.00000000 46.11523438
v 33.00000000 31.00000000 16.99642944
v 33.00000000 31.00000000 25.77926064
v 33.00000000 30.99479675 26.00000000
v 33.00000000 30.97722435 27.00000000
v 33.00000000 30.95970345 28.00000000
v 33.00000000 30.94619370 29.00000000
v 33.00000000 30.92827225 30.00000000
v 33.00000000 30.90887642 31.00000000
v 33.00000000 30.91334343 32.00000000
v 33.00000000 31.00000000 32.98236084
v 33.00000000 31.00000000 46.17636108
v 33.00000000 31.00219727 17.00000000
v 33.00000000 31.22698402 18.00000000
v 33.00000000 31.26663971 19.00000000
v 33.00000000 31.25965881 20.00000000
v 33.00000000 31.23294067 21.00000000
v 33.00000000 31.16712189 22.00000000
v 33.00000000 31.09101486 23.00000000
v 33.00000000 31.04467583 24.00000000
v 33.00000000 31.01493454 25.00000000
v 33.00000000 31.00310326 33.00000000
v 33.00000000 31.31300926 34.00000000
v 33.00000000 32.00000000 34.91291428
v 33.00000000 32.00000000 46.22982407
v 33.00000000 33.00000000 34.98957825
v 33.00000000 33.00000000 46.26010513
v 33.00000000 34.00000000 34.83800125
v 33.00000000 34.00000000 46.26193237
v 33.00000000 35.00000000 34.68289185
v 33.00000000 35.00000000 46.25685120
v 33.00000000 36.00000000 34.61682510
v 33.00000000 36.00000000 46.26141357
v 33.00000000 37.00000000 34.73218155
v 33.00000000 37.00000000 46.20170593
v 33.00000000 38.00000000 34.94554138
v 33.00000000 38.00000000 46.11716461
v 33.00000000 38.18521118 35.00000000
v 33.00000000 39.00000000 35.30533981
v 33.00000000 39.00000000 45.96548462
v 33.00000000 38.83739471 46.00000000
v 33.00000000 40.00000000 35.72351456
v 33.00000000 40.00000000 45.66619492
v 33.00000000 40.58600235 36.00000000
v 33.00000000 41.00000000 36.20285416
v 32.27898026 41.00000000 45.00000000
v 33.00000000 41.00000000 44.99864578
v 33.00000000 40.99881744 45.00000000
v 33.00000000 41.91805267 37.00000000
v 33.00000000 42.00000000 37.12788391
v 33.00000000 42.00000000 42.47489548
v 33.00000000 41.83417892 43.00000000
v 33.00000000 41.49872208 44.00000000
v 33.00000000 42.32817841 38.00000000
v 33.00000000 42.41159058 39.00000000
v 33.00000000 42.37483215 40.00000000
v 33.00000000 42.27846527 41.00000000
v 33.00000000 42.12118149 42.00000000
v 34.00000000 20.80117607 18.00000000
v 34.00000000 21.00000000 17.70002365
v 34.00000000 20.54836082 19.00000000
v 34.00000000 20.48466873 20.00000000
v 34.00000000 20.46814728 21.00000000
v 34.00000000 20.46522522 22.00000000
v 34.00000000 20.47466087 23.00000000
v 34.00000000 20.49093246 24.00000000
v 34.00000000 20.50542641 25.00000000
v 34.00000000 20.52498245 26.00000000
v 34.00000000 20.54489517 27.00000000
v 34.00000000 20.56422424 28.00000000
v 34.00000000 20.58127022 29.00000000
v 34.00000000 20.60249329 30.00000000
v 34.00000000 20.62499619 31.00000000
v 34.00000000 20.64398766 32.00000000
v 34.00000000 20.65968704 33.00000000
v 34.00000000 20.66805077 34.00000000
v 34.00000000 20.67091370 35.00000000
v 34.00000000 20.66830254 36.00000000
v 34.00000000 20.66412735 37.00000000
v 34.00000000 20.65197754 38.00000000
v 34.00000000 20.63960266 39.00000000
v 34.00000000 20.63478851 40.00000000
v 34.00000000 20.62023926 41.00000000
v 34.00000000 20.61051369 42.00000000
v 34.00000000 20.61177635 43.00000000
v 34.00000000 20.63326645 44.00000000
v 34.00000000 20.75427437 45.00000000
v 34.00000000 21.00000000 45.49683762
v 34.00000000 22.00000000 17.19603157
v 34.00000000 22.00000000 45.90745163
v 34.00000000 23.00000000 17.16502571
v 34.00000000 23.00000000 45.89572906
v 34.00000000 24.00000000 17.17920685
v 34.00000000 24.00000000 45.85451126
v 34.00000000 25.00000000 17.15102386
v 34.00000000 25.00000000 45.85041428
v 34.00000000 26.00000000 17.08501816
v 34.00000000 26.00000000 45.90700531
v 34.00000000 27.00000000 17.01439857
v 34.00000000 27.00000000 45.98394012
v 34.00000000 27.11985588 17.00000000
v 34.00000000 28.00000000 16.89274406
v 34.00000000 27.22277641 46.00000000
v 34.00000000 28.00000000 46.04492950
v 34.00000000 29.00000000 16.72480965
v 34.00000000 29.00000000 46.08255005
v 34.00000000 30.00000000 16.57385063
v 34.00000000 30.00000000 46.12037659
v 34.00000000 30.99949837 17.00000000
v 33.93041611 31.00000000 17.00000000
v 34.00000000 31.00000000 17.00060272
v 34.00000000 31.00000000 25.88045883
v 34.00000000 30.99712753 26.00000000
v 34.00000000 30.98061371 27.00000000
v 34.00000000 30.95957375 28.00000000
v 34.00000000 30.94401550 29.00000000
v 34.00000000 30.92652321 30.00000000
v 34.00000000 30.90486336 31.00000000
v 34.00000000 30.90723228 32.00000000
v 34.00000000 30.99528503 33.00000000
v 33.25814056 31.00000000 33.00000000
v 34.00000000 31.00000000 33.03927231
v 34.00000000 31.00000000 46.18032455
v 34.00000000 31.22100639 18.00000000
v 34.00000000 31.26120377 19.00000000
v 34.00000000 31.25401115 20.00000000
v 34.00000000 31.22796631 21.00000000
v 34.00000000 31.16029739 22.00000000
v 34.00000000 31.08977699 23.00000000
v 34.00000000 31.04511642 24.00000000
v 34.00000000 31.01710320 25.00000000
v 34.00000000 31.29886055 34.00000000
v 34.00000000 32.00000000 34.92536545
v 34.00000000 32.00000000 46.23164368
v 34.00000000 32.95544052 35.00000000
v 33.81612778 33.00000000 35.00000000
v 34.00000000 33.00000000 35.00339508
v 34.00000000 33.00000000 46.25800705
v 34.00000000 33.01385498 35.00000000
v 34.00000000 34.00000000 34.83826065
v 34.00000000 34.00000000 46.26027298
v 34.00000000 35.00000000 34.67999649
v 34.00000000 35.00000000 46.25753784
v 34.00000000 36.00000000 34.61342621
v 34.00000000 36.00000000 46.25989532
v 34.00000000 37.00000000 34.72681046
v 34.00000000 37.00000000 46.19931030
v 34.00000000 38.00000000 34.94372940
v 34.00000000 38.00000000 46.11292267
v 34.00000000 38.18983078 35.00000000
v 34.00000000 39.00000000 35.30849457
v 34.00000000 39.00000000 45.95872498
v 34.00000000 38.80607224 46.00000000
v 34.00000000 40.00000000 35.72440338
v 34.00000000 40.00000000 45.65644455
v 34.00000000 40.57785034 36.00000000
v 34.00000000 41.00000000 36.20606232
v 34.00000000 41.00000000 44.99569321
v 34.00000000 40.99620056 45.00000000
v 34.00000000 41.91167450 37.00000000
v 34.00000000 42.00000000 37.13710022
v 34.00000000 42.00000000 42.48505020
v 34.00000000 41.83938980 43.00000000
v 34.00000000 41.50048828 44.00000000
v 34.00000000 42.32717133 38.00000000
v 34.00000000 42.41023636 39.00000000
v 34.00000000 42.37650681 40.00000000
v 34.00000000 42.28119278 41.00000000
v 34.00000000 42.12155151 42.00000000
v 35.00000000 20.80246162 18.00000000
v 35.00000000 21.00000000 17.70186996
v 35.00000000 20.54904366 19.00000000
v 35.00000000 20.48476791 20.00000000
v 35.00000000 20.46670723 21.00000000
v 35.00000000 20.46314049 22.00000000
v 35.00000000 20.47279358 23.00000000
v 35.00000000 20.48997879 24.00000000
v 35.00000000 20.50529671 25.00000000
v 35.00000000 20.52436256 26.00000000
v 35.00000000 20.54519463 27.00000000
v 35.00000000 20.56472206 28.00000000
v 35.00000000 20.58172226 29.00000000
v 35.00000000 20.60225487 30.00000000
v 35.00000000 20.62489891 31.00000000
v 35.00000000 20.64291382 32.00000000
v 35.00000000 20.65909767 33.00000000
v 35.00000000 20.66760635 34.00000000
v 35.00000000 20.67142105 35.00000000
v 35.00000000 20.67094231 36.00000000
v 35.00000000 20.66621590 37.00000000
v 35.00000000 20.65547562 38.00000000
v 35.00000000 20.64342117 39.00000000
v 35.00000000 20.63859558 40.00000000
v 35.00000000 20.62223053 41.00000000
v 35.00000000 20.61111450 42.00000000
v 35.00000000 20.61138916 43.00000000
v 35.00000000 20.63073349 44.00000000
v 35.00000000 20.75090599 45.00000000
v 35.00000000 21.00000000 45.50431824
v 35.00000000 22.00000000 17.19329453
v 35.00000000 22.00000000 45.90758514
v 35.00000000 23.00000000 17.16021538
v 35.00000000 23.00000000 45.90084457
v 35.00000000 24.00000000 17.17310524
v 35.00000000 24.00000000 45.85913467
v 35.00000000 25.00000000 17.14394379
v 35.00000000 25.00000000 45.85118484
v 35.00000000 26.00000000 17.08148956
v 35.00000000 26.00000000 45.90396500
v 35.00000000 27.00000000 17.01219559
v 35.00000000 27.00000000 45.98467255
v 35.00000000 27.10356903 17.00000000
v 35.00000000 28.00000000 16.89225388
v 35.00000000 27.20948410 46.00000000
v 35.00000000 28.00000000 46.04646301
v 35.00000000 29.00000000 16.72967529
v 35.00000000 29.00000000 46.08532715
v 35.00000000 30.00000000 16.58334732
v 35.00000000 30.00000000 46.12116623
v 35.00000000 30.98907471 17.00000000
v 35.00000000 31.00000000 17.01323128
v 35.00000000 31.00000000 25.99218559
v 35.00000000 30.99981689 26.00000000
v 35.00000000 30.98402786 27.00000000
v 35.00000000 30.96053314 28.00000000
v 35.00000000 30.94211006 29.00000000
v 35.00000000 30.92467880 30.00000000
v 35.00000000 30.90331650 31.00000000
v 35.00000000 30.90113449 32.00000000
v 35.00000000 30.98974037 33.00000000
v 35.00000000 31.00000000 33.08551788
v 35.00000000 31.00000000 46.18390274
v 35.00000000 31.21523094 18.00000000
v 35.00000000 31.25551224 19.00000000
v 35.00000000 31.24843597 20.00000000
v 35.00000000 31.22183228 21.00000000
v 35.00000000 31.15324593 22.00000000
v 35.00000000 31.08886719 23.00000000
v 35.00000000 31.04491425 24.00000000
v 35.00000000 31.01880074 25.00000000
v 35.00000000 31.28647614 34.00000000
v 35.00000000 32.00000000 34.94067764
v 35.00000000 32.00000000 46.23262405
v 35.00000000 32.90033340 35.00000000
v 35.00000000 33.00000000 35.00645828
v 35.00000000 33.00000000 46.25507736
v 35.00000000 33.02501678 35.00000000
v 35.00000000 34.00000000 34.82945251
v 35.00000000 34.00000000 46.25899887
v 35.00000000 35.00000000 34.67108917
v 35.00000000 35.00000000 46.25951385
v 35.00000000 36.00000000 34.60952759
v 35.00000000 36.00000000 46.25886536
v 35.00000000 37.00000000 34.72609329
v 35.00000000 37.00000000 46.19811249
v 35.00000000 38.00000000 34.94608688
v 35.00000000 38.00000000 46.10951233
v 35.00000000 38.18154907 35.00000000
v 35.00000000 39.00000000 35.31263351
v 35.00000000 39.00000000 45.95217896
v 35.00000000 38.77619934 46.00000000
v 35.00000000 40.00000000 35.72532272
v 35.00000000 40.00000000 45.64747238
v 35.00000000 40.56679916 36.00000000
v 35.00000000 41.00000000 36.21135712
v 35.00000000 41.00000000 44.99565506
v 35.00000000 40.99612045 45.00000000
v 35.00000000 41.90485382 37.00000000
v 35.00000000 42.00000000 37.14685059
v 35.00000000 42.00000000 42.49983597
v 35.00000000 41.84643555 43.00000000
v 35.00000000 41.50341034 44.00000000
v 35.00000000 42.32575226 38.00000000
v 35.00000000 42.40880966 39.00000000
v 35.00000000 42.37924957 40.00000000
v 35.00000000 42.28410721 41.00000000
v 35.00000000 42.12281799 42.00000000
v 36.00000000 20.80288315 18.00000000
v 36.00000000 21.00000000 17.70153809
v 36.00000000 20.55012321 19.00000000
v 36.00000000 20.48563004 20.00000000
v 36.00000000 20.46671677 21.00000000
v 36.00000000 20.46179199 22.00000000
v 36.00000000 20.47199821 23.00000000
v 36.00000000 20.48930550 24.00000000
v 36.00000000 20.50576782 25.00000000
v 36.00000000 20.52498817 26.00000000
v 36.00000000 20.54612732 27.00000000
v 36.00000000 20.56615067 28.00000000
v 36.00000000 20.58309555 29.00000000
v 36.00000000 20.60277557 30.00000000
v 36.00000000 20.62606621 31.00000000
v 36.00000000 20.64223480 32.00000000
v 36.00000000 20.65752983 33.00000000
v 36.00000000 20.66708946 34.00000000
v 36.00000000 20.67170715 35.00000000
v 36.00000000 20.67321777 36.00000000
v 36.00000000 20.66801071 37.00000000
v 36.00000000 20.65733337 38.00000000
v 36.00000000 20.64612770 39.00000000
v 36.00000000 20.63960648 40.00000000
v 36.00000000 20.62329865 41.00000000
v 36.00000000 20.61219215 42.00000000
v 36.00000000 20.61060143 43.00000000
v 36.00000000 20.62810707 44.00000000
v 36.00000000 20.74729729 45.00000000
v 36.00000000 21.00000000 45.51012421
v 36.00000000 22.00000000 17.19086266
v 36.00000000 22.00000000 45.90642929
v 36.00000000 23.00000000 17.15403557
v 36.00000000 23.00000000 45.90309906
v 36.00000000 24.00000000 17.16456795
v 36.00000000 24.00000000 45.86247253
v 36.00000000 25.00000000 17.13610458
v 36.00000000 25.00000000 45.85224533
v 36.00000000 26.00000000 17.07650185
v 36.00000000 26.00000000 45.90089035
v 36.00000000 27.00000000 17.01019859
v 36.00000000 27.00000000 45.98659515
v 36.00000000 27.08839989 17.00000000
v 36.00000000 28.00000000 16.89231873
v 36.00000000 27.18518639 46.00000000
v 36.00000000 28.00000000 46.04725266
v 36.00000000 29.00000000 16.73274422
v 36.00000000 29.00000000 46.08513260
v 36.00000000 30.00000000 16.59347343
v 36.00000000 30.00000000 46.12173462
v 36.00000000 30.97274590 17.00000000
v 36.00000000 31.00000000 17.03312683
v 35.05801773 31.00000000 26.00000000
v 36.00000000 31.00000000 26.19126892
v 36.00000000 30.98774338 27.00000000
v 36.00000000 30.96314049 28.00000000
v 36.00000000 30.94106293 29.00000000
v 36.00000000 30.92338562 30.00000000
v 36.00000000 30.90220451 31.00000000
v 36.00000000 30.89577293 32.00000000
v 36.00000000 30.98435211 33.00000000
v 36.00000000 31.00000000 33.12970352
v 36.00000000 31.00000000 46.18562317
v 36.00000000 31.20936584 18.00000000
v 36.00000000 31.25011063 19.00000000
v 36.00000000 31.24330902 20.00000000
v 36.00000000 31.21522713 21.00000000
v 36.00000000 31.14825439 22.00000000
v 36.00000000 31.08745193 23.00000000
v 36.00000000 31.04511642 24.00000000
v 36.00000000 31.01741028 25.00000000
v 36.00000000 31.00235748 26.00000000
v 36.00000000 31.27592087 34.00000000
v 36.00000000 32.00000000 34.95278931
v 36.00000000 32.00000000 46.23155975
v 35.52627182 33.00000000 35.00000000
v 36.00000000 33.00000000 34.99593353
v 36.00000000 33.00000000 46.25056839
v 36.00000000 34.00000000 34.81188202
v 36.00000000 34.00000000 46.25563812
v 36.00000000 35.00000000 34.65556335
v 36.00000000 35.00000000 46.26135254
v 36.00000000 36.00000000 34.60546112
v 36.00000000 36.00000000 46.25783157
v 36.00000000 37.00000000 34.72860718
v 36.00000000 37.00000000 46.19807434
v 36.00000000 38.00000000 34.94933319
v 36.00000000 38.00000000 46.10616302
v 36.00000000 38.17181015 35.00000000
v 36.00000000 39.00000000 35.31531906
v 36.00000000 39.00000000 45.94528580
v 36.00000000 38.74539948 46.00000000
v 36.00000000 40.00000000 35.72682571
v 36.00000000 40.00000000 45.63971710
v 36.00000000 40.55597687 36.00000000
v 36.00000000 41.00000000 36.21680450
v 36.00000000 41.00000000 44.99653244
v 36.00000000 40.99686432 45.00000000
v 36.00000000 41.89767456 37.00000000
v 36.00000000 42.00000000 37.15680313
v 36.00000000 42.00000000 42.52176285
v 36.00000000 41.85238647 43.00000000
v 36.00000000 41.50640106 44.00000000
v 36.00000000 42.32421494 38.00000000
v 36.00000000 42.40815353 39.00000000
v 36.00000000 42.38143158 40.00000000
v 36.00000000 42.28684616 41.00000000
v 36.00000000 42.12779236 42.00000000
v 37.00000000 20.80290031 18.00000000
v 37.00000000 21.00000000 17.70070648
v 37.00000000 20.55141258 19.00000000
v 37.00000000 20.48603058 20.00000000
v 37.00000000 20.46722412 21.00000000
v 37.00000000 20.46160889 22.00000000
v 37.00000000 20.47094727 23.00000000
v 37.00000000 20.48817062 24.00000000
v 37.00000000 20.50616455 25.00000000
v 37.00000000 20.52672577 26.00000000
v 37.00000000 20.54679871 27.00000000
v 37.00000000 20.56723976 28.00000000
v 37.00000000 20.58524323 29.00000000
v 37.00000000 20.60539627 30.00000000
v 37.00000000 20.62704086 31.00000000
v 37.00000000 20.64239311 32.00000000
v 37.00000000 20.65696907 33.00000000
v 37.00000000 20.66664124 34.00000000
v 37.00000000 20.67170715 35.00000000
v 37.00000000 20.67219734 36.00000000
v 37.00000000 20.66819000 37.00000000
v 37.00000000 20.65684319 38.00000000
v 37.00000000 20.64825439 39.00000000
v 37.00000000 20.64048386 40.00000000
v 37.00000000 20.62300110 41.00000000
v 37.00000000 20.61288071 42.00000000
v 37.00000000 20.61058426 43.00000000
v 37.00000000 20.62563324 44.00000000
v 37.00000000 20.74432564 45.00000000
v 37.00000000 21.00000000 45.51434326
v 37.00000000 22.00000000 17.18856049
v 37.00000000 22.00000000 45.90470123
v 37.00000000 23.00000000 17.14816093
v 37.00000000 23.00000000 45.90240097
v 37.00000000 24.00000000 17.15554237
v 37.00000000 24.00000000 45.86263657
v 37.00000000 25.00000000 17.12641144
v 37.00000000 25.00000000 45.85094070
v 37.00000000 26.00000000 17.07251549
v 37.00000000 26.00000000 45.89551544
v 37.00000000 27.00000000 17.00943184
v 37.00000000 27.00000000 45.98653412
v 37.00000000 27.08411026 17.00000000
v 37.00000000 28.00000000 16.89423180
v 37.00000000 27.19180298 46.00000000
v 37.00000000 28.00000000 46.04529572
v 37.00000000 29.00000000 16.73574638
v 37.00000000 29.00000000 46.08209991
v 37.00000000 30.00000000 16.60278320
v 37.00000000 30.00000000 46.12018585
v 37.00000000 30.95538139 17.00000000
v 37.00000000 31.00000000 17.05437660
v 37.00000000 31.00000000 26.21719551
v 37.00000000 30.99056053 27.00000000
v 37.00000000 30.96661758 28.00000000
v 37.00000000 30.94317055 29.00000000
v 37.00000000 30.92225647 30.00000000
v 37.00000000 30.90148354 31.00000000
v 37.00000000 30.89176941 32.00000000
v 37.00000000 30.97952652 33.00000000
v 37.00000000 31.00000000 33.16933823
v 37.00000000 31.00000000 46.18437576
v 37.00000000 31.20333290 18.00000000
v 37.00000000 31.24491692 19.00000000
v 37.00000000 31.23770332 20.00000000
v 37.00000000 31.20848846 21.00000000
v 37.00000000 31.14526558 22.00000000
v 37.00000000 31.08558083 23.00000000
v 37.00000000 31.04541397 24.00000000
v 37.00000000 31.01674080 25.00000000
v 37.00000000 31.00213814 26.00000000
v 37.00000000 31.26664734 34.00000000
v 37.00000000 32.00000000 34.95180511
v 37.00000000 32.00000000 46.22861481
v 37.00000000 33.00000000 34.98527527
v 37.00000000 33.00000000 46.24494171
v 37.00000000 34.00000000 34.79142761
v 37.00000000 34.00000000 46.25117111
v 37.00000000 35.00000000 34.63204193
v 37.00000000 35.00000000 46.26319504
v 37.00000000 36.00000000 34.59767532
v 37.00000000 36.00000000 46.25869370
v 37.00000000 37.00000000 34.73072433
v 37.00000000 37.00000000 46.19675064
v 37.00000000 38.00000000 34.94823074
v 37.00000000 38.00000000 46.10256577
v 37.00000000 38.17623901 35.00000000
v 37.00000000 39.00000000 35.31538391
v 37.00000000 39.00000000 45.93698502
v 37.00000000 38.70933533 46.00000000
v 37.00000000 40.00000000 35.72973633
v 37.00000000 40.00000000 45.63375854
v 37.00000000 40.54357147 36.00000000
v 37.00000000 41.00000000 36.22189713
v 37.00000000 41.00000000 44.99753571
v 37.00000000 40.99774933 45.00000000
v 37.00000000 41.89048004 37.00000000
v 37.00000000 42.00000000 37.16630173
v 37.00000000 42.00000000 42.53353500
v 37.00000000 41.85411835 43.00000000
v 37.00000000 41.50764084 44.00000000
v 37.00000000 42.32208633 38.00000000
v 37.00000000 42.40470505 39.00000000
v 37.00000000 42.38008118 40.00000000
v 37.00000000 42.28558350 41.00000000
v 37.00000000 42.13142776 42.00000000
v 38.00000000 20.80299187 18.00000000
v 38.00000000 21.00000000 17.69989204
v 38.00000000 20.55309105 19.00000000
v 38.00000000 20.48754501 20.00000000
v 38.00000000 20.46740532 21.00000000
v 38.00000000 20.46280861 22.00000000
v 38.00000000 20.47164917 23.00000000
v 38.00000000 20.48788452 24.00000000
v 38.00000000 20.50637627 25.00000000
v 38.00000000 20.52839470 26.00000000
v 38.00000000 20.54771042 27.00000000
v 38.00000000 20.56828117 28.00000000
v 38.00000000 20.58842850 29.00000000
v 38.00000000 20.60916328 30.00000000
v 38.00000000 20.62838936 31.00000000
v 38.00000000 20.64337158 32.00000000
v 38.00000000 20.65725517 33.00000000
v 38.00000000 20.66619492 34.00000000
v 38.00000000 20.67067909 35.00000000
v 38.00000000 20.67038155 36.00000000
v 38.00000000 20.66654587 37.00000000
v 38.00000000 20.65655708 38.00000000
v 38.00000000 20.64803123 39.00000000
v 38.00000000 20.64060593 40.00000000
v 38.00000000 20.62179184 41.00000000
v 38.00000000 20.61316681 42.00000000
v 38.00000000 20.61061859 43.00000000
v 38.00000000 20.62307358 44.00000000
v 38.00000000 20.74052429 45.00000000
v 38.00000000 21.00000000 45.51651764
v 38.00000000 22.00000000 17.18619919
v 38.00000000 22.00000000 45.89795685
v 38.00000000 23.00000000 17.13891983
v 38.00000000 23.00000000 45.89834595
v 38.00000000 24.00000000 17.14549065
v 38.00000000 24.00000000 45.85949707
v 38.00000000 25.00000000 17.11752129
v 38.00000000 25.00000000 45.84712982
v 38.00000000 26.00000000 17.06898308
v 38.00000000 26.00000000 45.88781738
v 38.00000000 27.00000000 17.00990105
v 38.00000000 27.00000000 45.98190689
v 38.00000000 27.09027672 17.00000000
v 38.00000000 28.00000000 16.89663315
v 38.00000000 27.25901794 46.00000000
v 38.00000000 28.00000000 46.04133224
v 38.00000000 29.00000000 16.73827362
v 38.00000000 29.00000000 46.07613754
v 38.00000000 30.00000000 16.61160278
v 38.00000000 30.00000000 46.11600113
v 38.00000000 30.93881416 17.00000000
v 38.00000000 31.00000000 17.07474899
v 37.80362320 31.00000000 26.00000000
v 38.00000000 31.00000000 25.97048187
v 38.00000000 30.99935532 26.00000000
v 38.00000000 30.99150848 27.00000000
v 38.00000000 30.97006798 28.00000000
v 38.00000000 30.94604492 29.00000000
v 38.00000000 30.92355347 30.00000000
v 38.00000000 30.90126610 31.00000000
v 38.00000000 30.89007187 32.00000000
v 38.00000000 30.97510529 33.00000000
v 38.00000000 31.00000000 33.20903778
v 38.00000000 31.00000000 46.18004990
v 38.00000000 31.19695282 18.00000000
v 38.00000000 31.23989105 19.00000000
v 38.00000000 31.23193169 20.00000000
v 38.00000000 31.20287323 21.00000000
v 38.00000000 31.14225578 22.00000000
v 38.00000000 31.08309364 23.00000000
v 38.00000000 31.04526138 24.00000000
v 38.00000000 31.01746178 25.00000000
v 38.00000000 31.25584030 34.00000000
v 38.00000000 32.00000000 34.95000458
v 38.00000000 32.00000000 46.22340393
v 38.00000000 33.00000000 34.97394180
v 38.00000000 33.00000000 46.23690033
v 38.00000000 34.00000000 34.76707458
v 38.00000000 34.00000000 46.24640656
v 38.00000000 35.00000000 34.61208344
v 38.00000000 35.00000000 46.26255417
v 38.00000000 36.00000000 34.58907318
v 38.00000000 36.00000000 46.25670624
v 38.00000000 37.00000000 34.73040009
v 38.00000000 37.00000000 46.19419479
v 38.00000000 38.00000000 34.94377518
v 38.00000000 38.00000000 46.10029602
v 38.00000000 38.19335175 35.00000000
v 38.00000000 39.00000000 35.31085205
v 38.00000000 39.00000000 45.92716599
v 38.00000000 38.67262268 46.00000000
v 38.00000000 40.00000000 35.73210526
v 38.00000000 40.00000000 45.62817764
v 38.00000000 40.53178406 36.00000000
v 38.00000000 41.00000000 36.22681046
v 38.00000000 41.00000000 44.99225616
v 38.00000000 40.99292374 45.00000000
v 38.00000000 41.88464737 37.00000000
v 38.00000000 42.00000000 37.17593002
v 38.00000000 42.00000000 42.52618027
v 38.00000000 41.85069275 43.00000000
v 38.00000000 41.50618744 44.00000000
v 38.00000000 42.31749725 38.00000000
v 38.00000000 42.39771652 39.00000000
v 38.00000000 42.37385559 40.00000000
v 38.00000000 42.28143311 41.00000000
v 38.00000000 42.13063049 42.00000000
v 39.00000000 20.80297470 18.00000000
v 39.00000000 21.00000000 17.69844437
v 39.00000000 20.55495644 19.00000000
v 39.00000000 20.48961830 20.00000000
v 39.00000000 20.46917915 21.00000000
v 39.00000000 20.46483421 22.00000000
v 39.00000000 20.47386169 23.00000000
v 39.00000000 20.48971558 24.00000000
v 39.00000000 20.50784492 25.00000000
v 39.00000000 20.53090286 26.00000000
v 39.00000000 20.55189705 27.00000000
v 39.00000000 20.57192230 28.00000000
v 39.00000000 20.59346390 29.00000000
v 39.00000000 20.61465454 30.00000000
v 39.00000000 20.63095665 31.00000000
v 39.00000000 20.64538956 32.00000000
v 39.00000000 20.65847588 33.00000000
v 39.00000000 20.66777039 34.00000000
v 39.00000000 20.66997337 35.00000000
v 39.00000000 20.66807556 36.00000000
v 39.00000000 20.66551208 37.00000000
v 39.00000000 20.65674210 38.00000000
v 39.00000000 20.64854431 39.00000000
v 39.00000000 20.64049911 40.00000000
v 39.00000000 20.62130356 41.00000000
v 39.00000000 20.61387634 42.00000000
v 39.00000000 20.61171722 43.00000000
v 39.00000000 20.62146187 44.00000000
v 39.00000000 20.73815918 45.00000000
v 39.00000000 21.00000000 45.52293777
v 39.00000000 22.00000000 17.18256187
v 39.00000000 22.00000000 45.89432907
v 39.00000000 23.00000000 17.13039780
v 39.00000000 23.00000000 45.89358902
v 39.00000000 24.00000000 17.13430214
v 39.00000000 24.00000000 45.85496140
v 39.00000000 25.00000000 17.11023140
v 39.00000000 25.00000000 45.84244919
v 39.00000000 26.00000000 17.06419182
v 39.00000000 26.00000000 45.87716293
v 39.00000000 27.00000000 17.01036263
v 39.00000000 27.00000000 45.97510910
v 39.00000000 27.09737396 17.00000000
v 39.00000000 28.00000000 16.90008545
v 39.00000000 27.35992813 46.00000000
v 39.00000000 28.00000000 46.03533173
v 39.00000000 29.00000000 16.74316406
v 39.00000000 29.00000000 46.07148361
v 39.00000000 30.00000000 16.61920547
v 39.00000000 30.00000000 46.11067200
v 39.00000000 30.92125511 17.00000000
v 39.00000000 31.00000000 17.09663582
v 39.00000000 31.00000000 25.80746269
v 39.00000000 30.99470329 26.00000000
v 39.00000000 30.99133682 27.00000000
v 39.00000000 30.97070122 28.00000000
v 39.00000000 30.94893265 29.00000000
v 39.00000000 30.92708015 30.00000000
v 39.00000000 30.90128517 31.00000000
v 39.00000000 30.89006805 32.00000000
v 39.00000000 30.97100639 33.00000000
v 39.00000000 31.00000000 33.24832535
v 39.00000000 31.00000000 46.17454147
v 39.00000000 31.19070625 18.00000000
v 39.00000000 31.23407364 19.00000000
v 39.00000000 31.22574806 20.00000000
v 39.00000000 31.19836235 21.00000000
v 39.00000000 31.13910675 22.00000000
v 39.00000000 31.08004379 23.00000000
v 39.00000000 31.04319000 24.00000000
v 39.00000000 31.01854897 25.00000000
v 39.00000000 31.24597740 34.00000000
v 39.00000000 32.00000000 34.94651413
v 39.00000000 32.00000000 46.21732330
v 39.00000000 33.00000000 34.96327591
v 39.00000000 33.00000000 46.22839355
v 39.00000000 34.00000000 34.74706268
v 39.00000000 34.00000000 46.24194717
v 39.00000000 35.00000000 34.59667969
v 39.00000000 35.00000000 46.26054001
v 39.00000000 36.00000000 34.58079529
v 39.00000000 36.00000000 46.25417328
v 39.00000000 37.00000000 34.72673035
v 39.00000000 37.00000000 46.19124603
v 39.00000000 38.00000000 34.93830109
v 39.00000000 38.00000000 46.09732056
v 39.00000000 38.21319580 35.00000000
v 39.00000000 39.00000000 35.30610657
v 39.00000000 39.00000000 45.91534805
v 39.00000000 38.63032150 46.00000000
v 39.00000000 40.00000000 35.73128128
v 39.00000000 40.00000000 45.62314224
v 39.00000000 40.52786255 36.00000000
v 39.00000000 41.00000000 36.22719955
v 39.00000000 41.00000000 44.99071884
v 39.00000000 40.99146271 45.00000000
v 39.00000000 41.87991333 37.00000000
v 39.00000000 42.00000000 37.18329239
v 39.00000000 42.00000000 42.51731491
v 39.00000000 41.84723663 43.00000000
v 39.00000000 41.50418472 44.00000000
v 39.00000000 42.31332016 38.00000000
v 39.00000000 42.39039612 39.00000000
v 39.00000000 42.36706924 40.00000000
v 39.00000000 42.27847672 41.00000000
v 39.00000000 42.12906265 42.00000000
v 40.00000000 20.80360985 18.00000000
v 40.00000000 21.00000000 17.69859886
v 40.00000000 20.55727005 19.00000000
v 40.00000000 20.49208641 20.00000000
v 40.00000000 20.47163200 21.00000000
v 40.00000000 20.46684265 22.00000000
v 40.00000000 20.47645378 23.00000000
v 40.00000000 20.49251556 24.00000000
v 40.00000000 20.51050568 25.00000000
v 40.00000000 20.53291893 26.00000000
v 40.00000000 20.55665016 27.00000000
v 40.00000000 20.57726097 28.00000000
v 40.00000000 20.59928513 29.00000000
v 40.00000000 20.61891556 30.00000000
v 40.00000000 20.63548660 31.00000000
v 40.00000000 20.65066719 32.00000000
v 40.00000000 20.66176987 33.00000000
v 40.00000000 20.67076492 34.00000000
v 40.00000000 20.67141151 35.00000000
v 40.00000000 20.66817856 36.00000000
v 40.00000000 20.66701889 37.00000000
v 40.00000000 20.65951157 38.00000000
v 40.00000000 20.65189552 39.00000000
v 40.00000000 20.64219475 40.00000000
v 40.00000000 20.62424850 41.00000000
v 40.00000000 20.61772346 42.00000000
v 40.00000000 20.61505318 43.00000000
v 40.00000000 20.62324333 44.00000000
v 40.00000000 20.73940468 45.00000000
v 40.00000000 21.00000000 45.52338791
v 40.00000000 22.00000000 17.17191887
v 40.00000000 22.00000000 45.89543915
v 40.00000000 23.00000000 17.12095642
v 40.00000000 23.00000000 45.88864136
v 40.00000000 24.00000000 17.12547302
v 40.00000000 24.00000000 45.84773636
v 40.00000000 25.00000000 17.10315895
v 40.00000000 25.00000000 45.83433533
v 40.00000000 26.00000000 17.06031799
v 40.00000000 26.00000000 45.86808014
v 40.00000000 27.00000000 17.01050949
v 40.00000000 27.00000000 45.96630096
v 40.00000000 27.10286713 17.00000000
v 40.00000000 28.00000000 16.90429115
v 40.00000000 27.48516846 46.00000000
v 40.00000000 28.00000000 46.02856827
v 40.00000000 29.00000000 16.74851418
v 40.00000000 29.00000000 46.06607056
v 40.00000000 30.00000000 16.62585258
v 40.00000000 30.00000000 46.10532379
v 40.00000000 30.90605736 17.00000000
v 40.00000000 31.00000000 17.11642647
v 40.00000000 31.00000000 25.81495285
v 40.00000000 30.99515343 26.00000000
v 40.00000000 30.99003601 27.00000000
v 40.00000000 30.97055244 28.00000000
v 40.00000000 30.94986916 29.00000000
v 40.00000000 30.93087578 30.00000000
v 40.00000000 30.90366745 31.00000000
v 40.00000000 30.89061165 32.00000000
v 40.00000000 30.96886635 33.00000000
v 40.00000000 31.00000000 33.27287292
v 40.00000000 31.00000000 46.16769409
v 40.00000000 31.18510056 18.00000000
v 40.00000000 31.22684860 19.00000000
v 40.00000000 31.21952438 20.00000000
v 40.00000000 31.19511223 21.00000000
v 40.00000000 31.13532066 22.00000000
v 40.00000000 31.07630348 23.00000000
v 40.00000000 31.04047203 24.00000000
v 40.00000000 31.01806831 25.00000000
v 40.00000000 31.24004364 34.00000000
v 40.00000000 32.00000000 34.94176483
v 40.00000000 32.00000000 46.21040344
v 40.00000000 33.00000000 34.95069122
v 40.00000000 33.00000000 46.21931076
v 40.00000000 34.00000000 34.72801208
v 40.00000000 34.00000000 46.23685074
v 40.00000000 35.00000000 34.58484650
v 40.00000000 35.00000000 46.25733185
v 40.00000000 36.00000000 34.57422638
v 40.00000000 36.00000000 46.25170517
v 40.00000000 37.00000000 34.71837234
v 40.00000000 37.00000000 46.18962479
v 40.00000000 38.00000000 34.93212128
v 40.00000000 38.00000000 46.09251785
v 40.00000000 38.23808289 35.00000000
v 40.00000000 39.00000000 35.29383850
v 40.00000000 39.00000000 45.90258408
v 40.00000000 38.58274078 46.00000000
v 40.00000000 40.00000000 35.72551346
v 40.00000000 40.00000000 45.62025452
v 40.00000000 40.52447128 36.00000000
v 40.00000000 41.00000000 36.22885895
v 40.00000000 41.00000000 44.98900986
v 40.00000000 40.98984909 45.00000000
v 40.00000000 41.87364578 37.00000000
v 40.00000000 42.00000000 37.19355392
v 40.00000000 42.00000000 42.50764465
v 40.00000000 41.84365463 43.00000000
v 40.00000000 41.50228500 44.00000000
v 40.00000000 42.30773926 38.00000000
v 40.00000000 42.38286209 39.00000000
v 40.00000000 42.36200714 40.00000000
v 40.00000000 42.27646255 41.00000000
v 40.00000000 42.12737656 42.00000000
v 41.00000000 20.80404282 18.00000000
v 41.00000000 21.00000000 17.69779778
v 41.00000000 20.55887985 19.00000000
v 41.00000000 20.49550819 20.00000000
v 41.00000000 20.47524452 21.00000000
v 41.00000000 20.46987724 22.00000000
v 41.00000000 20.48054695 23.00000000
v 41.00000000 20.49717140 24.00000000
v 41.00000000 20.51472282 25.00000000
v 41.00000000 20.53682518 26.00000000
v 41.00000000 20.56288528 27.00000000
v 41.00000000 20.58552361 28.00000000
v 41.00000000 20.60688400 29.00000000
v 41.00000000 20.62566566 30.00000000
v 41.00000000 20.64245415 31.00000000
v 41.00000000 20.65844154 32.00000000
v 41.00000000 20.66882133 33.00000000
v 41.00000000 20.67700958 34.00000000
v 41.00000000 20.67575455 35.00000000
v 41.00000000 20.67154694 36.00000000
v 41.00000000 20.67126656 37.00000000
v 41.00000000 20.66359138 38.00000000
v 41.00000000 20.65630913 39.00000000
v 41.00000000 20.64512444 40.00000000
v 41.00000000 20.62763023 41.00000000
v 41.00000000 20.62199783 42.00000000
v 41.00000000 20.61837959 43.00000000
v 41.00000000 20.62565994 44.00000000
v 41.00000000 20.74267769 45.00000000
v 41.00000000 21.00000000 45.51964569
v 41.00000000 22.00000000 17.16169167
v 41.00000000 22.00000000 45.90222168
v 41.00000000 23.00000000 17.10941315
v 41.00000000 23.00000000 45.88359833
v 41.00000000 24.00000000 17.11621857
v 41.00000000 24.00000000 45.84001160
v 41.00000000 25.00000000 17.09671021
v 41.00000000 25.00000000 45.82452393
v 41.00000000 26.00000000 17.05642509
v 41.00000000 26.00000000 45.85964966
v 41.00000000 27.00000000 17.00858307
v 41.00000000 27.00000000 45.95629501
v 41.00000000 27.08974457 17.00000000
v 41.00000000 28.00000000 16.90903091
v 41.00000000 27.63373566 46.00000000
v 41.00000000 28.00000000 46.02024841
v 41.00000000 29.00000000 16.75428581
v 41.00000000 29.00000000 46.06012344
v 41.00000000 30.00000000 16.63151741
v 41.00000000 30.00000000 46.09970856
v 41.00000000 30.89258575 17.00000000
v 41.00000000 31.00000000 17.13472557
v 41.00000000 31.00000000 25.89394951
v 41.00000000 30.99776268 26.00000000
v 41.00000000 30.98773956 27.00000000
v 41.00000000 30.96889114 28.00000000
v 41.00000000 30.95021820 29.00000000
v 41.00000000 30.93158340 30.00000000
v 41.00000000 30.90724182 31.00000000
v 41.00000000 30.89228821 32.00000000
v 41.00000000 30.96720314 33.00000000
v 41.00000000 31.00000000 33.29517746
v 41.00000000 31.00000000 46.15968704
v 41.00000000 31.17979431 18.00000000
v 41.00000000 31.21987915 19.00000000
v 41.00000000 31.21462822 20.00000000
v 41.00000000 31.19141960 21.00000000
v 41.00000000 31.13122749 22.00000000
v 41.00000000 31.07199669 23.00000000
v 41.00000000 31.03675461 24.00000000
v 41.00000000 31.01622963 25.00000000
v 41.00000000 31.23453522 34.00000000
v 41.00000000 32.00000000 34.93571091
v 41.00000000 32.00000000 46.20277023
v 41.00000000 33.00000000 34.93444061
v 41.00000000 33.00000000 46.21013641
v 41.00000000 34.00000000 34.71507645
v 41.00000000 34.00000000 46.23255539
v 41.00000000 35.00000000 34.57305908
v 41.00000000 35.00000000 46.25359344
v 41.00000000 36.00000000 34.56755447
v 41.00000000 36.00000000 46.24874496
v 41.00000000 37.00000000 34.70910263
v 41.00000000 37.00000000 46.18679810
v 41.00000000 38.00000000 34.91098404
v 41.00000000 38.00000000 46.08663559
v 41.00000000 38.31246567 35.00000000
v 41.00000000 39.00000000 35.26983261
v 41.00000000 39.00000000 45.89479446
v 41.00000000 38.54585266 46.00000000
v 41.00000000 40.00000000 35.72166061
v 41.00000000 40.00000000 45.61941147
v 41.00000000 40.52039719 36.00000000
v 41.00000000 41.00000000 36.23114014
v 41.00000000 41.00000000 44.98598862
v 41.00000000 40.98705673 45.00000000
v 41.00000000 41.86622620 37.00000000
v 41.00000000 42.00000000 37.20569611
v 41.00000000 42.00000000 42.49940491
v 41.00000000 41.84054947 43.00000000
v 41.00000000 41.49950790 44.00000000
v 41.00000000 42.30105972 38.00000000
v 41.00000000 42.37513733 39.00000000
v 41.00000000 42.35737228 40.00000000
v 41.00000000 42.27530670 41.00000000
v 41.00000000 42.12574768 42.00000000
v 42.00000000 20.79887581 18.00000000
v 42.00000000 21.00000000 17.68277168
v 42.00000000 20.55876732 19.00000000
v 42.00000000 20.49959564 20.00000000
v 42.00000000 20.47961998 21.00000000
v 42.00000000 20.47450829 22.00000000
v 42.00000000 20.48582458 23.00000000
v 42.00000000 20.50298309 24.00000000
v 42.00000000 20.52116394 25.00000000
v 42.00000000 20.54437828 26.00000000
v 42.00000000 20.57095718 27.00000000
v 42.00000000 20.59696007 28.00000000
v 42.00000000 20.61820602 29.00000000
v 42.00000000 20.63503075 30.00000000
v 42.00000000 20.65231705 31.00000000
v 42.00000000 20.66720581 32.00000000
v 42.00000000 20.67797279 33.00000000
v 42.00000000 20.68361664 34.00000000
v 42.00000000 20.68168449 35.00000000
v 42.00000000 20.67614746 36.00000000
v 42.00000000 20.67541313 37.00000000
v 42.00000000 20.66734695 38.00000000
v 42.00000000 20.66048622 39.00000000
v 42.00000000 20.64874268 40.00000000
v 42.00000000 20.63194656 41.00000000
v 42.00000000 20.62579346 42.00000000
v 42.00000000 20.62245369 43.00000000
v 42.00000000 20.62759972 44.00000000
v 42.00000000 20.74627304 45.00000000
v 42.00000000 21.00000000 45.51605988
v 42.00000000 22.00000000 17.14904022
v 42.00000000 22.00000000 45.90867615
v 42.00000000 23.00000000 17.09791374
v 42.00000000 23.00000000 45.88571930
v 42.00000000 24.00000000 17.10502434
v 42.00000000 24.00000000 45.83087540
v 42.00000000 25.00000000 17.08829880
v 42.00000000 25.00000000 45.81497574
v 42.00000000 26.00000000 17.05046844
v 42.00000000 26.00000000 45.85192490
v 42.00000000 27.00000000 17.00708580
v 42.00000000 27.00000000 45.94485092
v 42.00000000 27.07901192 17.00000000
v 42.00000000 28.00000000 16.91360855
v 42.00000000 27.80667877 46.00000000
v 42.00000000 28.00000000 46.01063156
v 42.00000000 29.00000000 16.76037979
v 42.00000000 29.00000000 46.05390930
v 42.00000000 30.00000000 16.63697433
v 42.00000000 30.00000000 46.09383774
v 42.00000000 30.87938690 17.00000000
v 42.00000000 31.00000000 17.15298271
v 42.00000000 31.00000000 25.98740196
v 42.00000000 30.99978638 26.00000000
v 42.00000000 30.98660660 27.00000000
v 42.00000000 30.96729279 28.00000000
v 42.00000000 30.95091820 29.00000000
v 42.00000000 30.93122673 30.00000000
v 42.00000000 30.90764618 31.00000000
v 42.00000000 30.89473915 32.00000000
v 42.00000000 30.96541405 33.00000000
v 42.00000000 31.00000000 33.31319427
v 42.00000000 31.00000000 46.15090942
v 42.00000000 31.17371750 18.00000000
v 42.00000000 31.21285629 19.00000000
v 42.00000000 31.21094894 20.00000000
v 42.00000000 31.18745422 21.00000000
v 42.00000000 31.12701607 22.00000000
v 42.00000000 31.06770706 23.00000000
v 42.00000000 31.03248215 24.00000000
v 42.00000000 31.01460075 25.00000000
v 42.00000000 31.23592186 34.00000000
v 42.00000000 32.00000000 34.92851257
v 42.00000000 32.00000000 46.19381332
v 42.00000000 33.00000000 34.92234802
v 42.00000000 33.00000000 46.20493698
v 42.00000000 34.00000000 34.69936371
v 42.00000000 34.00000000 46.22809601
v 42.00000000 35.00000000 34.55859375
v 42.00000000 35.00000000 46.24975967
v 42.00000000 36.00000000 34.56311417
v 42.00000000 36.00000000 46.24507523
v 42.00000000 37.00000000 34.68927765
v 42.00000000 37.00000000 46.18393707
v 42.00000000 38.00000000 34.88718796
v 42.00000000 38.00000000 46.08089828
v 42.00000000 38.38674927 35.00000000
v 42.00000000 39.00000000 35.24603271
v 42.00000000 39.00000000 45.89258194
v 42.00000000 38.52271652 46.00000000
v 42.00000000 40.00000000 35.71773148
v 42.00000000 40.00000000 45.61952209
v 42.00000000 40.51428604 36.00000000
v 42.00000000 41.00000000 36.23473358
v 42.00000000 41.00000000 44.98850250
v 42.00000000 40.98936844 45.00000000
v 42.00000000 41.85050583 37.00000000
v 42.00000000 42.00000000 37.22986221
v 42.00000000 42.00000000 42.49254608
v 42.00000000 41.83761215 43.00000000
v 42.00000000 41.49732590 44.00000000
v 42.00000000 42.29426956 38.00000000
v 42.00000000 42.36853409 39.00000000
v 42.00000000 42.35450363 40.00000000
v 42.00000000 42.27162552 41.00000000
v 42.00000000 42.12458801 42.00000000
v 43.00000000 20.79421997 18.00000000
v 43.00000000 21.00000000 17.66914940
v 43.00000000 20.55901718 19.00000000
v 43.00000000 20.50459862 20.00000000
v 43.00000000 20.48456955 21.00000000
v 43.00000000 20.47974777 22.00000000
v 43.00000000 20.49084473 23.00000000
v 43.00000000 20.50871277 24.00000000
v 43.00000000 20.52798271 25.00000000
v 43.00000000 20.55204964 26.00000000
v 43.00000000 20.57912254 27.00000000
v 43.00000000 20.60690308 28.00000000
v 43.00000000 20.63144875 29.00000000
v 43.00000000 20.64590454 30.00000000
v 43.00000000 20.66316032 31.00000000
v 43.00000000 20.67751884 32.00000000
v 43.00000000 20.68664360 33.00000000
v 43.00000000 20.69052696 34.00000000
v 43.00000000 20.68878365 35.00000000
v 43.00000000 20.68321609 36.00000000
v 43.00000000 20.68224907 37.00000000
v 43.00000000 20.67407417 38.00000000
v 43.00000000 20.66453743 39.00000000
v 43.00000000 20.65257835 40.00000000
v 43.00000000 20.63642883 41.00000000
v 43.00000000 20.62808418 42.00000000
v 43.00000000 20.62402153 43.00000000
v 43.00000000 20.62965965 44.00000000
v 43.00000000 20.74818039 45.00000000
v 43.00000000 21.00000000 45.51329041
v 43.00000000 22.00000000 17.12973595
v 43.00000000 22.00000000 45.91441345
v 43.00000000 23.00000000 17.08153534
v 43.00000000 23.00000000 45.88459778
v 43.00000000 24.00000000 17.09422493
v 43.00000000 24.00000000 45.82437515
v 43.00000000 25.00000000 17.07909775
v 43.00000000 25.00000000 45.80517578
v 43.00000000 26.00000000 17.04196548
v 43.00000000 26.00000000 45.84415817
v 43.00000000 27.00000000 17.00549507
v 43.00000000 27.00000000 45.93281174
v 43.00000000 27.06519318 17.00000000
v 43.00000000 28.00000000 16.91736603
v 43.00000000 27.98339462 46.00000000
v 43.00000000 28.00000000 46.00091553
v 43.00000000 29.00000000 16.76515388
v 43.00000000 29.00000000 46.04652023
v 43.00000000 30.00000000 16.64164925
v 43.00000000 30.00000000 46.08765411
v 43.00000000 30.86731529 17.00000000
v 43.00000000 31.00000000 17.17089653
v 42.17673492 31.00000000 26.00000000
v 43.00000000 31.00000000 26.07007790
v 43.00000000 30.98718643 27.00000000
v 43.00000000 30.96612930 28.00000000
v 43.00000000 30.95083427 29.00000000
v 43.00000000 30.93164062 30.00000000
v 43.00000000 30.90744400 31.00000000
v 43.00000000 30.89679337 32.00000000
v 43.00000000 30.96571350 33.00000000
v 43.00000000 31.00000000 33.31865311
v 43.00000000 31.00000000 46.14182281
v 43.00000000 31.16757202 18.00000000
v 43.00000000 31.20729065 19.00000000
v 43.00000000 31.20649719 20.00000000
v 43.00000000 31.18286324 21.00000000
v 43.00000000 31.12328911 22.00000000
v 43.00000000 31.06226540 23.00000000
v 43.00000000 31.02810478 24.00000000
v 43.00000000 31.01232338 25.00000000
v 43.00000000 31.00083542 26.00000000
v 43.00000000 31.23455429 34.00000000
v 43.00000000 32.00000000 34.91957092
v 43.00000000 32.00000000 46.18451691
v 43.00000000 33.00000000 34.91223526
v 43.00000000 33.00000000 46.20100021
v 43.00000000 34.00000000 34.68140030
v 43.00000000 34.00000000 46.22400284
v 43.00000000 35.00000000 34.53968048
v 43.00000000 35.00000000 46.24572372
v 43.00000000 36.00000000 34.53690338
v 43.00000000 36.00000000 46.23936081
v 43.00000000 37.00000000 34.66912842
v 43.00000000 37.00000000 46.18220139
v 43.00000000 38.00000000 34.86620331
v 43.00000000 38.00000000 46.07838058
v 43.00000000 38.44323730 35.00000000
v 43.00000000 39.00000000 35.22818375
v 43.00000000 39.00000000 45.89805984
v 43.00000000 38.52990723 46.00000000
v 43.00000000 40.00000000 35.71680450
v 43.00000000 40.00000000 45.62136459
v 43.00000000 40.49649048 36.00000000
v 43.00000000 41.00000000 36.24720001
v 43.00000000 41.00000000 44.99369431
v 43.00000000 40.99416351 45.00000000
v 43.00000000 41.83536148 37.00000000
v 43.00000000 42.00000000 37.25428391
v 43.00000000 42.00000000 42.48704529
v 43.00000000 41.83431625 43.00000000
v 43.00000000 41.49576187 44.00000000
v 43.00000000 42.28601456 38.00000000
v 43.00000000 42.36178207 39.00000000
v 43.00000000 42.35146713 40.00000000
v 43.00000000 42.26700974 41.00000000
v 43.00000000 42.12429047 42.00000000
v 44.00000000 20.78967285 18.00000000
v 44.00000000 21.00000000 17.65273285
v 44.00000000 20.56093025 19.00000000
v 44.00000000 20.51139450 20.00000000
v 44.00000000 20.49017334 21.00000000
v 44.00000000 20.48560905 22.00000000
v 44.00000000 20.49689674 23.00000000
v 44.00000000 20.51511002 24.00000000
v 44.00000000 20.53637123 25.00000000
v 44.00000000 20.56133461 26.00000000
v 44.00000000 20.58937645 27.00000000
v 44.00000000 20.61845589 28.00000000
v 44.00000000 20.64450836 29.00000000
v 44.00000000 20.65899277 30.00000000
v 44.00000000 20.67667580 31.00000000
v 44.00000000 20.69083977 32.00000000
v 44.00000000 20.69835281 33.00000000
v 44.00000000 20.69995880 34.00000000
v 44.00000000 20.69783783 35.00000000
v 44.00000000 20.69272995 36.00000000
v 44.00000000 20.68952560 37.00000000
v 44.00000000 20.67975426 38.00000000
v 44.00000000 20.66952324 39.00000000
v 44.00000000 20.65590668 40.00000000
v 44.00000000 20.63955879 41.00000000
v 44.00000000 20.62894440 42.00000000
v 44.00000000 20.62466812 43.00000000
v 44.00000000 20.63162231 44.00000000
v 44.00000000 20.75049591 45.00000000
v 44.00000000 21.00000000 45.50995255
v 44.00000000 22.00000000 17.11005974
v 44.00000000 22.00000000 45.91589355
v 44.00000000 23.00000000 17.06123352
v 44.00000000 23.00000000 45.88242340
v 44.00000000 24.00000000 17.07657623
v 44.00000000 24.00000000 45.82241440
v 44.00000000 25.00000000 17.06804848
v 44.00000000 25.00000000 45.79851913
v 44.00000000 26.00000000 17.03340340
v 44.00000000 26.00000000 45.83498764
v 44.00000000 27.00000000 17.00198364
v 44.00000000 27.00000000 45.92179871
v 44.00000000 27.02586555 17.00000000
v 44.00000000 28.00000000 16.92087364
v 43.10211563 28.00000000 46.00000000
v 44.00000000 28.00000000 45.99016190
v 44.00000000 29.00000000 16.76935196
v 44.00000000 28.17109299 46.00000000
v 44.00000000 29.00000000 46.03914261
v 44.00000000 30.00000000 16.64673424
v 44.00000000 30.00000000 46.08069992
v 44.00000000 30.85596275 17.00000000
v 44.00000000 31.00000000 17.18767548
v 44.00000000 31.00000000 26.08281517
v 44.00000000 30.98847771 27.00000000
v 44.00000000 30.96640778 28.00000000
v 44.00000000 30.95001221 29.00000000
v 44.00000000 30.93128586 30.00000000
v 44.00000000 30.90957069 31.00000000
v 44.00000000 30.89728737 32.00000000
v 44.00000000 30.96158028 33.00000000
v 44.00000000 31.00000000 33.35141754
v 44.00000000 31.00000000 46.13282394
v 44.00000000 31.16257477 18.00000000
v 44.00000000 31.20361900 19.00000000
v 44.00000000 31.20127869 20.00000000
v 44.00000000 31.17726707 21.00000000
v 44.00000000 31.11765671 22.00000000
v 44.00000000 31.05694008 23.00000000
v 44.00000000 31.02440834 24.00000000
v 44.00000000 31.01106644 25.00000000
v 44.00000000 31.00092316 26.00000000
v 44.00000000 31.23491669 34.00000000
v 44.00000000 32.00000000 34.92806244
v 44.00000000 32.00000000 46.17593765
v 44.00000000 33.00000000 34.89915848
v 44.00000000 33.00000000 46.19621658
v 44.00000000 34.00000000 34.64718246
v 44.00000000 34.00000000 46.21987915
v 44.00000000 35.00000000 34.49626160
v 44.00000000 35.00000000 46.24309158
v 44.00000000 36.00000000 34.51168823
v 44.00000000 36.00000000 46.23334122
v 44.00000000 37.00000000 34.65145493
v 44.00000000 37.00000000 46.17919540
v 44.00000000 38.00000000 34.85414505
v 44.00000000 38.00000000 46.08098221
v 44.00000000 38.46728516 35.00000000
v 44.00000000 39.00000000 35.21840286
v 44.00000000 39.00000000 45.90379333
v 44.00000000 38.55619431 46.00000000
v 44.00000000 40.00000000 35.72084427
v 44.00000000 40.00000000 45.62371063
v 44.00000000 40.47842026 36.00000000
v 44.00000000 41.00000000 36.26255417
v 44.00000000 41.00000000 44.99869919
v 44.00000000 40.99879456 45.00000000
v 44.00000000 41.81816101 37.00000000
v 44.00000000 42.00000000 37.27803802
v 44.00000000 42.00000000 42.47727585
v 44.00000000 41.82979965 43.00000000
v 44.00000000 41.49289322 44.00000000
v 44.00000000 42.27865219 38.00000000
v 44.00000000 42.35453796 39.00000000
v 44.00000000 42.34623718 40.00000000
v 44.00000000 42.26091003 41.00000000
v 44.00000000 42.12226105 42.00000000
v 45.00000000 20.78196716 18.00000000
v 45.00000000 21.00000000 17.62878227
v 45.00000000 20.56305885 19.00000000
v 45.00000000 20.51858521 20.00000000
v 45.00000000 20.49840546 21.00000000
v 45.00000000 20.49398041 22.00000000
v 45.00000000 20.50601387 23.00000000
v 45.00000000 20.52343369 24.00000000
v 45.00000000 20.54673958 25.00000000
v 45.00000000 20.57246971 26.00000000
v 45.00000000 20.60228157 27.00000000
v 45.00000000 20.63090324 28.00000000
v 45.00000000 20.65572357 29.00000000
v 45.00000000 20.67203140 30.00000000
v 45.00000000 20.69015312 31.00000000
v 45.00000000 20.70394135 32.00000000
v 45.00000000 20.71216583 33.00000000
v 45.00000000 20.71239281 34.00000000
v 45.00000000 20.70996475 35.00000000
v 45.00000000 20.70501518 36.00000000
v 45.00000000 20.69909477 37.00000000
v 45.00000000 20.68607521 38.00000000
v 45.00000000 20.67514992 39.00000000
v 45.00000000 20.66027641 40.00000000
v 45.00000000 20.64203835 41.00000000
v 45.00000000 20.63017845 42.00000000
v 45.00000000 20.62412071 43.00000000
v 45.00000000 20.63294029 44.00000000
v 45.00000000 20.75299454 45.00000000
v 45.00000000 21.00000000 45.50479126
v 45.00000000 22.00000000 17.08461380
v 45.00000000 22.00000000 45.91662598
v 45.00000000 23.00000000 17.04300308
v 45.00000000 23.00000000 45.87933350
v 45.00000000 24.00000000 17.05871010
v 45.00000000 24.00000000 45.81924438
v 45.00000000 25.00000000 17.04842758
v 45.00000000 25.00000000 45.79731369
v 45.00000000 26.00000000 17.02185631
v 45.00000000 26.00000000 45.82530212
v 44.49735641 27.00000000 17.00000000
v 45.00000000 26.91248322 17.00000000
v 45.00000000 27.00000000 16.99799538
v 45.00000000 27.00000000 45.91093826
v 45.00000000 28.00000000 16.92161560
v 45.00000000 28.00000000 45.97943878
v 45.00000000 29.00000000 16.77206230
v 45.00000000 28.34502220 46.00000000
v 45.00000000 29.00000000 46.03199005
v 45.00000000 30.00000000 16.65379906
v 45.00000000 30.00000000 46.07280350
v 45.00000000 30.85129166 17.00000000
v 45.00000000 31.00000000 17.19482994
v 45.00000000 31.00000000 26.05552483
v 45.00000000 30.98892212 27.00000000
v 45.00000000 30.96694374 28.00000000
v 45.00000000 30.94898224 29.00000000
v 45.00000000 30.93217468 30.00000000
v 45.00000000 30.91056061 31.00000000
v 45.00000000 30.89774132 32.00000000
v 45.00000000 30.95797157 33.00000000
v 45.00000000 31.00000000 33.38621902
v 45.00000000 31.00000000 46.12387085
v 45.00000000 31.15955734 18.00000000
v 45.00000000 31.20218277 19.00000000
v 45.00000000 31.19804955 20.00000000
v 45.00000000 31.17371178 21.00000000
v 45.00000000 31.11317062 22.00000000
v 45.00000000 31.05483437 23.00000000
v 45.00000000 31.02158546 24.00000000
v 45.00000000 31.01015091 25.00000000
v 45.00000000 31.00059509 26.00000000
v 45.00000000 31.23133087 34.00000000
v 45.00000000 32.00000000 34.94268417
v 45.00000000 32.00000000 46.16688156
v 45.00000000 33.00000000 34.86796951
v 45.00000000 33.00000000 46.19075012
v 45.00000000 34.00000000 34.59357071
v 45.00000000 34.00000000 46.21587372
v 45.00000000 35.00000000 34.45418930
v 45.00000000 35.00000000 46.23880386
v 45.00000000 36.00000000 34.48759842
v 45.00000000 36.00000000 46.22712326
v 45.00000000 37.00000000 34.63707733
v 45.00000000 37.00000000 46.17582321
v 45.00000000 38.00000000 34.84193420
v 45.00000000 38.00000000 46.08471680
v 45.00000000 38.48970032 35.00000000
v 45.00000000 39.00000000 35.20991516
v 45.00000000 39.00000000 45.90888977
v 45.00000000 38.58373260 46.00000000
v 45.00000000 40.00000000 35.73187256
v 45.00000000 40.00000000 45.62249374
v 45.00000000 40.45330429 36.00000000
v 45.00000000 41.00000000 36.27826691
v 45.00000000 41.00000000 44.99106216
v 45.00000000 40.99177170 45.00000000
v 45.00000000 41.79956436 37.00000000
v 45.00000000 42.00000000 37.30475616
v 45.00000000 42.00000000 42.43567276
v 45.00000000 41.81809998 43.00000000
v 45.00000000 41.48588943 44.00000000
v 45.00000000 42.26902390 38.00000000
v 45.00000000 42.34389877 39.00000000
v 45.00000000 42.33528519 40.00000000
v 45.00000000 42.24581146 41.00000000
v 45.00000000 42.11119080 42.00000000
v 46.00000000 20.77297211 18.00000000
v 46.00000000 21.00000000 17.60212135
v 46.00000000 20.56385994 19.00000000
v 46.00000000 20.52253342 20.00000000
v 46.00000000 20.50617027 21.00000000
v 46.00000000 20.50179291 22.00000000
v 46.00000000 20.51718712 23.00000000
v 46.00000000 20.53586578 24.00000000
v 46.00000000 20.55925941 25.00000000
v 46.00000000 20.58590508 26.00000000
v 46.00000000 20.61579132 27.00000000
v 46.00000000 20.64297295 28.00000000
v 46.00000000 20.66576004 29.00000000
v 46.00000000 20.68312454 30.00000000
v 46.00000000 20.70296478 31.00000000
v 46.00000000 20.71533012 32.00000000
v 46.00000000 20.72350502 33.00000000
v 46.00000000 20.72624969 34.00000000
v 46.00000000 20.72426987 35.00000000
v 46.00000000 20.71898460 36.00000000
v 46.00000000 20.71018982 37.00000000
v 46.00000000 20.69356346 38.00000000
v 46.00000000 20.67931938 39.00000000
v 46.00000000 20.66441345 40.00000000
v 46.00000000 20.64525604 41.00000000
v 46.00000000 20.63179588 42.00000000
v 46.00000000 20.62528992 43.00000000
v 46.00000000 20.63454819 44.00000000
v 46.00000000 20.75951195 45.00000000
v 46.00000000 21.00000000 45.49052811
v 46.00000000 22.00000000 17.05704880
v 46.00000000 22.00000000 45.91495132
v 46.00000000 23.00000000 17.02195358
v 46.00000000 23.00000000 45.87833023
v 46.00000000 24.00000000 17.04469490
v 46.00000000 24.00000000 45.81608200
v 46.00000000 25.00000000 17.02930260
v 46.00000000 25.00000000 45.79775620
v 46.00000000 26.00000000 17.00625420
v 46.00000000 26.00000000 45.81672668
v 46.00000000 26.33337593 17.00000000
v 46.00000000 27.00000000 16.98782158
v 46.00000000 27.00000000 45.90005875
v 46.00000000 28.00000000 16.92267418
v 46.00000000 28.00000000 45.97069550
v 46.00000000 29.00000000 16.77833939
v 46.00000000 28.49110031 46.00000000
v 46.00000000 29.00000000 46.02477264
v 46.00000000 30.00000000 16.66334534
v 46.00000000 30.00000000 46.06468201
v 46.00000000 30.85654449 17.00000000
v 46.00000000 31.00000000 17.18437576
v 46.00000000 31.00000000 26.18849945
v 46.00000000 30.98861885 27.00000000
v 46.00000000 30.96808434 28.00000000
v 46.00000000 30.94893456 29.00000000
v 46.00000000 30.93461227 30.00000000
v 46.00000000 30.91133118 31.00000000
v 46.00000000 30.89853477 32.00000000
v 46.00000000 30.95468903 33.00000000
v 46.00000000 31.00000000 33.41834641
v 46.00000000 31.00000000 46.11408997
v 46.00000000 31.16184044 18.00000000
v 46.00000000 31.20055771 19.00000000
v 46.00000000 31.19577026 20.00000000
v 46.00000000 31.16963387 21.00000000
v 46.00000000 31.10931015 22.00000000
v 46.00000000 31.05482101 23.00000000
v 46.00000000 31.02214813 24.00000000
v 46.00000000 31.01172066 25.00000000
v 46.00000000 31.00249672 26.00000000
v 46.00000000 31.23751259 34.00000000
v 46.00000000 32.00000000 34.93533325
v 46.00000000 32.00000000 46.16051483
v 46.00000000 33.00000000 34.81875610
v 46.00000000 33.00000000 46.18500900
v 46.00000000 34.00000000 34.54175568
v 46.00000000 34.00000000 46.21084595
v 46.00000000 35.00000000 34.41878891
v 46.00000000 35.00000000 46.23314285
v 46.00000000 36.00000000 34.46356964
v 46.00000000 36.00000000 46.21981812
v 46.00000000 37.00000000 34.62014008
v 46.00000000 37.00000000 46.17694473
v 46.00000000 38.00000000 34.83200073
v 46.00000000 38.00000000 46.08637619
v 46.00000000 38.48205566 35.00000000
v 46.00000000 39.00000000 35.21812439
v 46.00000000 39.00000000 45.90789032
v 46.00000000 38.58712387 46.00000000
v 46.00000000 40.00000000 35.74555206
v 46.00000000 40.00000000 45.61670685
v 46.00000000 40.42276764 36.00000000
v 46.00000000 41.00000000 36.29787445
v 46.00000000 41.00000000 44.98653030
v 46.00000000 40.98765945 45.00000000
v 46.00000000 41.77521515 37.00000000
v 46.00000000 42.00000000 37.33901978
v 46.00000000 42.00000000 42.38843155
v 46.00000000 41.80692291 43.00000000
v 46.00000000 41.47803497 44.00000000
v 46.00000000 42.25863266 38.00000000
v 46.00000000 42.33289719 39.00000000
v 46.00000000 42.32226562 40.00000000
v 46.00000000 42.22959900 41.00000000
v 46.00000000 42.09764862 42.00000000
v 47.00000000 20.76333237 18.00000000
v 47.00000000 21.00000000 17.57494545
v 47.00000000 20.56515121 19.00000000
v 47.00000000 20.52601814 20.00000000
v 47.00000000 20.51277351 21.00000000
v 47.00000000 20.50868607 22.00000000
v 47.00000000 20.52615547 23.00000000
v 47.00000000 20.54753113 24.00000000
v 47.00000000 20.57031441 25.00000000
v 47.00000000 20.59906006 26.00000000
v 47.00000000 20.63090706 27.00000000
v 47.00000000 20.65635681 28.00000000
v 47.00000000 20.67858124 29.00000000
v 47.00000000 20.69621658 30.00000000
v 47.00000000 20.71519852 31.00000000
v 47.00000000 20.72550964 32.00000000
v 47.00000000 20.73468590 33.00000000
v 47.00000000 20.74058914 34.00000000
v 47.00000000 20.73809433 35.00000000
v 47.00000000 20.73261833 36.00000000
v 47.00000000 20.72092628 37.00000000
v 47.00000000 20.70028305 38.00000000
v 47.00000000 20.68332863 39.00000000
v 47.00000000 20.66789436 40.00000000
v 47.00000000 20.64850044 41.00000000
v 47.00000000 20.63288498 42.00000000
v 47.00000000 20.62735367 43.00000000
v 47.00000000 20.63808632 44.00000000
v 47.00000000 20.76670074 45.00000000
v 47.00000000 21.00000000 45.47491837
v 47.00000000 22.00000000 17.03303146
v 47.00000000 22.00000000 45.90697098
v 46.96305847 23.00000000 17.00000000
v 47.00000000 22.97109795 17.00000000
v 47.00000000 23.00000000 16.99915886
v 47.00000000 23.00000000 45.87685013
v 47.00000000 23.02710533 17.00000000
v 47.00000000 24.00000000 17.03132057
v 47.00000000 24.00000000 45.81483841
v 47.00000000 25.00000000 17.01513672
v 47.00000000 25.00000000 45.79721832
v 46.44115067 26.00000000 17.00000000
v 47.00000000 25.65465355 17.00000000
v 47.00000000 26.00000000 16.99243546
v 47.00000000 26.00000000 45.81722641
v 47.00000000 27.00000000 16.97694016
v 47.00000000 27.00000000 45.88977051
v 47.00000000 28.00000000 16.91508293
v 47.00000000 28.00000000 45.96374130
v 47.00000000 29.00000000 16.78418732
v 47.00000000 28.62099266 46.00000000
v 47.00000000 29.00000000 46.01796722
v 47.00000000 30.00000000 16.67470741
v 47.00000000 30.00000000 46.05624008
v 47.00000000 30.85265160 17.00000000
v 47.00000000 31.00000000 17.18082237
v 47.00000000 31.00000000 26.67663765
v 47.00000000 30.99481010 27.00000000
v 47.00000000 30.97569847 28.00000000
v 47.00000000 30.95598030 29.00000000
v 47.00000000 30.94247246 30.00000000
v 47.00000000 30.91788101 31.00000000
v 47.00000000 30.90157890 32.00000000
v 47.00000000 30.95472908 33.00000000
v 47.00000000 31.00000000 33.42272949
v 47.00000000 31.00000000 46.10353851
v 47.00000000 31.17151070 18.00000000
v 47.00000000 31.21125984 19.00000000
v 47.00000000 31.20417786 20.00000000
v 47.00000000 31.17470551 21.00000000
v 47.00000000 31.11510849 22.00000000
v 47.00000000 31.06011581 23.00000000
v 47.00000000 31.02826500 24.00000000
v 47.00000000 31.01830101 25.00000000
v 47.00000000 31.01070786 26.00000000
v 47.00000000 31.25543594 34.00000000
v 47.00000000 32.00000000 34.88281631
v 47.00000000 32.00000000 46.15211487
v 47.00000000 33.00000000 34.76225281
v 47.00000000 33.00000000 46.17803955
v 47.00000000 34.00000000 34.48924637
v 47.00000000 34.00000000 46.20403671
v 47.00000000 35.00000000 34.38714218
v 47.00000000 35.00000000 46.22684860
v 47.00000000 36.00000000 34.43712616
v 47.00000000 36.00000000 46.21186066
v 47.00000000 37.00000000 34.60417938
v 47.00000000 37.00000000 46.17175674
v 47.00000000 38.00000000 34.82387924
v 47.00000000 38.00000000 46.08428574
v 47.00000000 38.46643066 35.00000000
v 47.00000000 39.00000000 35.23627090
v 47.00000000 39.00000000 45.90649796
v 47.00000000 38.57983017 46.00000000
v 47.00000000 40.00000000 35.77201462
v 47.00000000 40.00000000 45.61057663
v 47.00000000 40.37774658 36.00000000
v 47.00000000 41.00000000 36.32194519
v 47.00000000 41.00000000 44.98538208
v 47.00000000 40.98662186 45.00000000
v 47.00000000 41.74717331 37.00000000
v 47.00000000 42.00000000 37.37919235
v 47.00000000 42.00000000 42.33470154
v 47.00000000 41.79470825 43.00000000
v 47.00000000 41.47108459 44.00000000
v 47.00000000 42.24565125 38.00000000
v 47.00000000 42.32118225 39.00000000
v 47.00000000 42.30810165 40.00000000
v 47.00000000 42.21380234 41.00000000
v 47.00000000 42.08287811 42.00000000
v 48.00000000 20.75462151 18.00000000
v 48.00000000 21.00000000 17.55086327
v 48.00000000 20.56828499 19.00000000
v 48.00000000 20.53204346 20.00000000
v 48.00000000 20.51906395 21.00000000
v 48.00000000 20.51775932 22.00000000
v 48.00000000 20.53657532 23.00000000
v 48.00000000 20.55792046 24.00000000
v 48.00000000 20.58064461 25.00000000
v 48.00000000 20.60848427 26.00000000
v 48.00000000 20.64179802 27.00000000
v 48.00000000 20.66853333 28.00000000
v 48.00000000 20.69066620 29.00000000
v 48.00000000 20.70948410 30.00000000
v 48.00000000 20.72707939 31.00000000
v 48.00000000 20.73862457 32.00000000
v 48.00000000 20.74769974 33.00000000
v 48.00000000 20.75395966 34.00000000
v 48.00000000 20.75234604 35.00000000
v 48.00000000 20.74430084 36.00000000
v 48.00000000 20.73090553 37.00000000
v 48.00000000 20.70859909 38.00000000
v 48.00000000 20.68969345 39.00000000
v 48.00000000 20.67230606 40.00000000
v 48.00000000 20.65125465 41.00000000
v 48.00000000 20.63573837 42.00000000
v 48.00000000 20.62924576 43.00000000
v 48.00000000 20.64281082 44.00000000
v 48.00000000 20.77320480 45.00000000
v 48.00000000 21.00000000 45.46019363
v 48.00000000 22.00000000 17.00890160
v 48.00000000 22.00000000 45.90254593
v 48.00000000 22.28094864 17.00000000
v 48.00000000 23.00000000 16.98041153
v 48.00000000 23.00000000 45.87033844
v 48.00000000 23.52625275 17.00000000
v 48.00000000 24.00000000 17.01773262
v 48.00000000 24.00000000 45.80746460
v 48.00000000 25.00000000 17.00565910
v 48.00000000 25.00000000 45.79711914
v 48.00000000 25.23700905 17.00000000
v 48.00000000 26.00000000 16.98221397
v 48.00000000 26.00000000 45.82122803
v 48.00000000 27.00000000 16.96446609
v 48.00000000 27.00000000 45.88505554
v 48.00000000 28.00000000 16.90989304
v 48.00000000 28.00000000 45.95712280
v 48.00000000 29.00000000 16.78340149
v 48.00000000 28.76961708 46.00000000
v 48.00000000 29.00000000 46.01038742
v 48.00000000 30.00000000 16.68250465
v 48.00000000 30.00000000 46.04770279
v 48.00000000 30.83887100 17.00000000
v 48.00000000 31.00000000 17.18459892
v 47.38956451 31.00000000 27.00000000
v 48.00000000 31.00000000 27.48674202
v 48.00000000 30.99163628 28.00000000
v 48.00000000 30.97000504 29.00000000
v 48.00000000 30.95505142 30.00000000
v 48.00000000 30.93075371 31.00000000
v 48.00000000 30.90988922 32.00000000
v 48.00000000 30.95906639 33.00000000
v 48.00000000 31.00000000 33.40269852
v 48.00000000 31.00000000 46.09166336
v 48.00000000 31.19115448 18.00000000
v 48.00000000 31.23917389 19.00000000
v 48.00000000 31.23041153 20.00000000
v 48.00000000 31.19927406 21.00000000
v 48.00000000 31.14188576 22.00000000
v 48.00000000 31.08870125 23.00000000
v 48.00000000 31.05873108 24.00000000
v 48.00000000 31.04443550 25.00000000
v 48.00000000 31.02952766 26.00000000
v 48.00000000 31.00843048 27.00000000
v 48.00000000 31.28005409 34.00000000
v 48.00000000 32.00000000 34.82980347
v 48.00000000 32.00000000 46.14250183
v 48.00000000 33.00000000 34.71315384
v 48.00000000 33.00000000 46.16889572
v 48.00000000 34.00000000 34.44930649
v 48.00000000 34.00000000 46.19239807
v 48.00000000 35.00000000 34.36056137
v 48.00000000 35.00000000 46.21520233
v 48.00000000 36.00000000 34.40819550
v 48.00000000 36.00000000 46.20444489
v 48.00000000 37.00000000 34.58629608
v 48.00000000 37.00000000 46.16535950
v 48.00000000 38.00000000 34.83548355
v 48.00000000 38.00000000 46.08094406
v 48.00000000 38.41157532 35.00000000
v 48.00000000 39.00000000 35.26703644
v 48.00000000 39.00000000 45.90281296
v 48.00000000 38.56288528 46.00000000
v 48.00000000 40.00000000 35.79907608
v 48.00000000 40.00000000 45.60339737
v 48.00000000 40.33208084 36.00000000
v 48.00000000 41.00000000 36.34492111
v 48.00000000 41.00000000 44.97204208
v 48.00000000 40.97463989 45.00000000
v 48.00000000 41.71889877 37.00000000
v 48.00000000 42.00000000 37.42327118
v 48.00000000 42.00000000 42.26115036
v 48.00000000 41.77849960 43.00000000
v 48.00000000 41.46023941 44.00000000
v 48.00000000 42.22876358 38.00000000
v 48.00000000 42.30324936 39.00000000
v 48.00000000 42.28683853 40.00000000
v 48.00000000 42.19123840 41.00000000
v 48.00000000 42.06350708 42.00000000
v 49.00000000 20.74305534 18.00000000
v 49.00000000 21.00000000 17.51789093
v 49.00000000 20.56903648 19.00000000
v 49.00000000 20.53775024 20.00000000
v 49.00000000 20.52671814 21.00000000
v 49.00000000 20.52797318 22.00000000
v 49.00000000 20.54958153 23.00000000
v 49.00000000 20.57039261 24.00000000
v 49.00000000 20.59259987 25.00000000
v 49.00000000 20.61997414 26.00000000
v 49.00000000 20.65292931 27.00000000
v 49.00000000 20.68147850 28.00000000
v 49.00000000 20.70269585 29.00000000
v 49.00000000 20.71861839 30.00000000
v 49.00000000 20.73650932 31.00000000
v 49.00000000 20.74974823 32.00000000
v 49.00000000 20.76005363 33.00000000
v 49.00000000 20.76913452 34.00000000
v 49.00000000 20.76866531 35.00000000
v 49.00000000 20.75792694 36.00000000
v 49.00000000 20.74122429 37.00000000
v 49.00000000 20.71781921 38.00000000
v 49.00000000 20.69777489 39.00000000
v 49.00000000 20.67681503 40.00000000
v 49.00000000 20.65545273 41.00000000
v 49.00000000 20.63994598 42.00000000
v 49.00000000 20.63185120 43.00000000
v 49.00000000 20.64757156 44.00000000
v 49.00000000 20.77983665 45.00000000
v 49.00000000 21.00000000 45.44433975
v 48.34703827 22.00000000 17.00000000
v 49.00000000 21.94330978 17.00000000
v 49.00000000 22.00000000 16.98505211
v 49.00000000 22.00000000 45.90053558
v 49.00000000 23.00000000 16.96422577
v 49.00000000 23.00000000 45.86294937
v 49.00000000 23.85354042 17.00000000
v 49.00000000 24.00000000 17.00596428
v 49.00000000 24.00000000 45.80245209
v 48.47329712 25.00000000 17.00000000
v 49.00000000 24.51612663 17.00000000
v 49.00000000 25.00000000 16.99397850
v 49.00000000 25.00000000 45.79304123
v 49.00000000 26.00000000 16.97328568
v 49.00000000 26.00000000 45.81859589
v 49.00000000 27.00000000 16.95395660
v 49.00000000 27.00000000 45.88494492
v 49.00000000 28.00000000 16.90644455
v 49.00000000 28.00000000 45.95531464
v 49.00000000 29.00000000 16.78577232
v 49.00000000 28.90801430 46.00000000
v 49.00000000 29.00000000 46.00366974
v 49.00000000 30.00000000 16.69727707
v 49.00000000 30.00000000 46.03758621
v 49.00000000 30.80007362 17.00000000
v 49.00000000 31.00000000 17.21256638
v 48.31882477 31.00000000 28.00000000
v 49.00000000 31.00000000 28.75391388
v 49.00000000 30.99423409 29.00000000
v 49.00000000 30.97242928 30.00000000
v 49.00000000 30.94741058 31.00000000
v 49.00000000 30.92443275 32.00000000
v 49.00000000 30.96726990 33.00000000
v 49.00000000 31.00000000 33.33953857
v 49.00000000 31.00000000 46.07903671
v 49.00000000 31.20267487 18.00000000
v 49.00000000 31.25611687 19.00000000
v 49.00000000 31.25405502 20.00000000
v 49.00000000 31.22542381 21.00000000
v 49.00000000 31.16957474 22.00000000
v 49.00000000 31.12549973 23.00000000
v 49.00000000 31.10200119 24.00000000
v 49.00000000 31.09226227 25.00000000
v 49.00000000 31.08185387 26.00000000
v 49.00000000 31.05233765 27.00000000
v 49.00000000 31.02172279 28.00000000
v 49.00000000 31.34648514 34.00000000
v 49.00000000 32.00000000 34.72702026
v 49.00000000 32.00000000 46.13178253
v 49.00000000 33.00000000 34.63826752
v 49.00000000 33.00000000 46.15771484
v 49.00000000 34.00000000 34.38032150
v 49.00000000 34.00000000 46.17873764
v 49.00000000 35.00000000 34.31293869
v 49.00000000 35.00000000 46.20706177
v 49.00000000 36.00000000 34.36339569
v 49.00000000 36.00000000 46.19542313
v 49.00000000 37.00000000 34.53651047
v 49.00000000 37.00000000 46.15613174
v 49.00000000 38.00000000 34.81125641
v 49.00000000 38.00000000 46.07357407
v 49.00000000 38.45686340 35.00000000
v 49.00000000 39.00000000 35.24986649
v 49.00000000 39.00000000 45.89317703
v 49.00000000 38.51845551 46.00000000
v 49.00000000 40.00000000 35.79941559
v 49.00000000 40.00000000 45.59378433
v 49.00000000 40.32126999 36.00000000
v 49.00000000 41.00000000 36.35272217
v 49.00000000 41.00000000 44.95169830
v 49.00000000 40.95607376 45.00000000
v 49.00000000 41.68849182 37.00000000
v 49.00000000 42.00000000 37.47933197
v 49.00000000 42.00000000 42.16857910
v 49.00000000 41.75976181 43.00000000
v 49.00000000 41.44860458 44.00000000
v 49.00000000 42.20456696 38.00000000
v 49.00000000 42.27767181 39.00000000
v 49.00000000 42.25836945 40.00000000
v 49.00000000 42.16359711 41.00000000
v 49.00000000 42.03970337 42.00000000
v 50.00000000 20.72052574 18.00000000
v 50.00000000 21.00000000 17.47355270
v 50.00000000 20.56124306 19.00000000
v 50.00000000 20.53661346 20.00000000
v 50.00000000 20.52768517 21.00000000
v 50.00000000 20.53235245 22.00000000
v 50.00000000 20.55901337 23.00000000
v 50.00000000 20.58372879 24.00000000
v 50.00000000 20.60489273 25.00000000
v 50.00000000 20.63358116 26.00000000
v 50.00000000 20.66665840 27.00000000
v 50.00000000 20.69688606 28.00000000
v 50.00000000 20.71682930 29.00000000
v 50.00000000 20.72984314 30.00000000
v 50.00000000 20.74625587 31.00000000
v 50.00000000 20.75946426 32.00000000
v 50.00000000 20.77220154 33.00000000
v 50.00000000 20.78087425 34.00000000
v 50.00000000 20.78256989 35.00000000
v 50.00000000 20.77074814 36.00000000
v 50.00000000 20.75390053 37.00000000
v 50.00000000 20.73101425 38.00000000
v 50.00000000 20.70815086 39.00000000
v 50.00000000 20.68430138 40.00000000
v 50.00000000 20.66115189 41.00000000
v 50.00000000 20.64520454 42.00000000
v 50.00000000 20.63709831 43.00000000
v 50.00000000 20.65263367 44.00000000
v 50.00000000 20.78595543 45.00000000
v 50.00000000 21.00000000 45.42828751
v 50.00000000 21.86347771 17.00000000
v 50.00000000 22.00000000 16.96404266
v 50.00000000 22.00000000 45.89984894
v 50.00000000 23.00000000 16.94785309
v 50.00000000 23.00000000 45.85671234
v 49.50924301 24.00000000 17.00000000
v 50.00000000 24.00000000 16.99387550
v 50.00000000 24.00000000 45.80072021
v 50.00000000 25.00000000 16.98385239
v 50.00000000 25.00000000 45.79145432
v 50.00000000 26.00000000 16.96592903
v 50.00000000 26.00000000 45.81586456
v 50.00000000 27.00000000 16.94929695
v 50.00000000 27.00000000 45.87953949
v 50.00000000 28.00000000 16.91127586
v 50.00000000 28.00000000 45.95619202
v 50.00000000 29.00000000 16.79609680
v 49.68772507 29.00000000 46.00000000
v 50.00000000 29.00000000 45.99798203
v 50.00000000 30.00000000 16.72198677
v 50.00000000 29.05305099 46.00000000
v 50.00000000 30.00000000 46.02978134
v 50.00000000 30.72322083 17.00000000
v 50.00000000 31.00000000 17.26486778
v 49.12656021 31.00000000 29.00000000
v 49.70603561 31.00000000 30.00000000
v 50.00000000 31.00000000 30.36833954
v 50.00000000 30.97980118 31.00000000
v 50.00000000 30.95363998 32.00000000
v 50.00000000 30.97713852 33.00000000
v 50.00000000 31.00000000 33.23566818
v 50.00000000 31.00000000 46.07227707
v 50.00000000 31.24616623 18.00000000
v 50.00000000 31.29857254 19.00000000
v 50.00000000 31.29737473 20.00000000
v 50.00000000 31.26413345 21.00000000
v 50.00000000 31.21103287 22.00000000
v 50.00000000 31.16488838 23.00000000
v 50.00000000 31.14323997 24.00000000
v 50.00000000 31.14402008 25.00000000
v 50.00000000 31.13688850 26.00000000
v 50.00000000 31.11782455 27.00000000
v 50.00000000 31.08820343 28.00000000
v 50.00000000 31.05885696 29.00000000
v 50.00000000 31.01878166 30.00000000
v 50.00000000 31.47921753 34.00000000
v 50.00000000 32.00000000 34.56476212
v 50.00000000 32.00000000 46.12240982
v 50.00000000 33.00000000 34.52933884
v 50.00000000 33.00000000 46.14539719
v 50.00000000 34.00000000 34.21169281
v 50.00000000 34.00000000 46.16816711
v 50.00000000 35.00000000 34.18207550
v 50.00000000 35.00000000 46.20079041
v 50.00000000 36.00000000 34.23775482
v 50.00000000 36.00000000 46.18614960
v 50.00000000 37.00000000 34.42734528
v 50.00000000 37.00000000 46.14620209
v 50.00000000 38.00000000 34.71685410
v 50.00000000 38.00000000 46.06301880
v 50.00000000 38.65505219 35.00000000
v 50.00000000 39.00000000 35.17020035
v 50.00000000 39.00000000 45.87731934
v 50.00000000 38.44756699 46.00000000
v 50.00000000 40.00000000 35.77170181
v 50.00000000 40.00000000 45.57062531
v 50.00000000 40.34774780 36.00000000
v 50.00000000 41.00000000 36.34998703
v 50.00000000 41.00000000 44.89577103
v 50.00000000 40.90575790 45.00000000
v 50.00000000 41.66806793 37.00000000
v 50.00000000 42.00000000 37.54945374
v 49.86904144 42.00000000 42.00000000
v 50.00000000 42.00000000 41.95252609
v 50.00000000 41.99266434 42.00000000
v 50.00000000 41.72724915 43.00000000
v 50.00000000 41.42069626 44.00000000
v 50.00000000 42.16591263 38.00000000
v 50.00000000 42.23424911 39.00000000
v 50.00000000 42.21353912 40.00000000
v 50.00000000 42.11758041 41.00000000
v 51.00000000 20.70055962 18.00000000
v 51.00000000 21.00000000 17.43489265
v 51.00000000 20.55034065 19.00000000
v 51.00000000 20.53124046 20.00000000
v 51.00000000 20.52546310 21.00000000
v 51.00000000 20.52902222 22.00000000
v 51.00000000 20.55523300 23.00000000
v 51.00000000 20.58162117 24.00000000
v 51.00000000 20.60637474 25.00000000
v 51.00000000 20.63762856 26.00000000
v 51.00000000 20.67379379 27.00000000
v 51.00000000 20.70771599 28.00000000
v 51.00000000 20.72821617 29.00000000
v 51.00000000 20.74110794 30.00000000
v 51.00000000 20.75599670 31.00000000
v 51.00000000 20.76886559 32.00000000
v 51.00000000 20.78232384 33.00000000
v 51.00000000 20.79157829 34.00000000
v 51.00000000 20.79445076 35.00000000
v 51.00000000 20.78104782 36.00000000
v 51.00000000 20.76453972 37.00000000
v 51.00000000 20.73916054 38.00000000
v 51.00000000 20.71555519 39.00000000
v 51.00000000 20.69352531 40.00000000
v 51.00000000 20.66842079 41.00000000
v 51.00000000 20.65297127 42.00000000
v 51.00000000 20.64662552 43.00000000
v 51.00000000 20.66073227 44.00000000
v 51.00000000 20.79189491 45.00000000
v 51.00000000 21.00000000 45.41700745
v 51.00000000 21.78354645 17.00000000
v 51.00000000 22.00000000 16.94235992
v 51.00000000 22.00000000 45.90998077
v 51.00000000 23.00000000 16.93324471
v 51.00000000 23.00000000 45.85853577
v 51.00000000 24.00000000 16.98128128
v 51.00000000 24.00000000 45.80573654
v 51.00000000 25.00000000 16.97553444
v 51.00000000 25.00000000 45.79572678
v 51.00000000 26.00000000 16.95798683
v 51.00000000 26.00000000 45.81655884
v 51.00000000 27.00000000 16.94171906
v 51.00000000 27.00000000 45.87738037
v 51.00000000 28.00000000 16.90734673
v 51.00000000 28.00000000 45.95615387
v 51.00000000 29.00000000 16.80695152
v 51.00000000 29.00000000 45.98722839
v 51.00000000 30.00000000 16.74132347
v 51.00000000 29.34060287 46.00000000
v 51.00000000 30.00000000 46.02046585
v 51.00000000 30.67630959 17.00000000
v 51.00000000 31.00000000 17.28521919
v 50.44208908 31.00000000 31.00000000
v 50.95195770 31.00000000 32.00000000
v 50.42354584 31.00000000 33.00000000
v 51.00000000 31.00000000 46.06513214
v 51.00000000 31.37052917 18.00000000
v 51.00000000 31.49980927 19.00000000
v 51.00000000 31.50604057 20.00000000
v 51.00000000 31.43963814 21.00000000
v 51.00000000 31.34112167 22.00000000
v 51.00000000 31.26628494 23.00000000
v 51.00000000 31.24445724 24.00000000
v 51.00000000 31.24300385 25.00000000
v 51.00000000 31.24657440 26.00000000
v 51.00000000 31.24514771 27.00000000
v 51.00000000 31.22122383 28.00000000
v 51.00000000 31.19024849 29.00000000
v 51.00000000 31.13330078 30.00000000
v 51.00000000 31.06998825 31.00000000
v 51.00000000 31.00828362 32.00000000
v 51.00000000 31.19327164 33.00000000
v 51.00000000 31.85465813 34.00000000
v 51.00000000 32.00000000 34.16767502
v 51.00000000 32.00000000 46.11408997
v 51.00000000 33.00000000 34.02366257
v 51.00000000 33.00000000 46.13484192
v 50.56172943 34.00000000 34.00000000
v 51.00000000 33.07116318 34.00000000
v 51.00000000 34.00000000 33.75168610
v 51.00000000 34.00000000 46.16069412
v 50.59840012 35.00000000 34.00000000
v 51.00000000 35.00000000 33.82382965
v 51.00000000 35.00000000 46.18936157
v 50.87682724 36.00000000 34.00000000
v 51.00000000 36.00000000 33.95612335
v 51.00000000 36.00000000 46.17445755
v 51.00000000 36.14571381 34.00000000
v 51.00000000 37.00000000 34.21731186
v 51.00000000 37.00000000 46.12899399
v 51.00000000 38.00000000 34.54921341
v 51.00000000 38.00000000 46.04414368
v 51.00000000 38.90727615 35.00000000
v 51.00000000 39.00000000 35.05112076
v 51.00000000 39.00000000 45.84819031
v 51.00000000 38.31554031 46.00000000
v 51.00000000 40.00000000 35.72784042
v 51.00000000 40.00000000 45.53290176
v 51.00000000 40.39457703 36.00000000
v 51.00000000 41.00000000 36.33240509
v 51.00000000 41.00000000 44.81592941
v 51.00000000 40.83376312 45.00000000
v 51.00000000 41.64455414 37.00000000
v 51.00000000 42.00000000 37.66233063
v 51.00000000 42.00000000 41.50288773
v 51.00000000 41.92388535 42.00000000
v 51.00000000 41.68468475 43.00000000
v 51.00000000 41.38298416 44.00000000
v 51.00000000 42.11349487 38.00000000
v 51.00000000 42.17341232 39.00000000
v 51.00000000 42.15518570 40.00000000
v 51.00000000 42.06280518 41.00000000
v 52.00000000 20.68161392 18.00000000
v 52.00000000 21.00000000 17.39588547
v 52.00000000 20.53979301 19.00000000
v 52.00000000 20.52211571 20.00000000
v 52.00000000 20.52123070 21.00000000
v 52.00000000 20.52612495 22.00000000
v 52.00000000 20.54971886 23.00000000
v 52.00000000 20.57594681 24.00000000
v 52.00000000 20.60184479 25.00000000
v 52.00000000 20.63452530 26.00000000
v 52.00000000 20.67335892 27.00000000
v 52.00000000 20.70669556 28.00000000
v 52.00000000 20.72690201 29.00000000
v 52.00000000 20.73983574 30.00000000
v 52.00000000 20.75447464 31.00000000
v 52.00000000 20.76683235 32.00000000
v 52.00000000 20.78180313 33.00000000
v 52.00000000 20.79459953 34.00000000
v 52.00000000 20.79780769 35.00000000
v 52.00000000 20.78406715 36.00000000
v 52.00000000 20.76616669 37.00000000
v 52.00000000 20.74051476 38.00000000
v 52.00000000 20.71703720 39.00000000
v 52.00000000 20.69269562 40.00000000
v 52.00000000 20.66661644 41.00000000
v 52.00000000 20.65142441 42.00000000
v 52.00000000 20.64785767 43.00000000
v 52.00000000 20.66004753 44.00000000
v 52.00000000 20.78926468 45.00000000
v 52.00000000 21.00000000 45.42286301
v 52.00000000 21.71077156 17.00000000
v 52.00000000 22.00000000 16.92328072
v 52.00000000 22.00000000 45.92160416
v 52.00000000 23.00000000 16.91930962
v 52.00000000 23.00000000 45.85918808
v 52.00000000 24.00000000 16.96648979
v 52.00000000 24.00000000 45.80185699
v 52.00000000 25.00000000 16.96678352
v 52.00000000 25.00000000 45.78985596
v 52.00000000 26.00000000 16.94519234
v 52.00000000 26.00000000 45.80819702
v 52.00000000 27.00000000 16.92646980
v 52.00000000 27.00000000 45.86252975
v 52.00000000 28.00000000 16.88900185
v 52.00000000 28.00000000 45.94186401
v 52.00000000 29.00000000 16.80434418
v 52.00000000 29.00000000 45.97047806
v 52.00000000 30.00000000 16.74365044
v 51.89922714 30.00000000 46.00000000
v 52.00000000 30.00000000 45.99724960
v 52.00000000 30.76311111 17.00000000
v 52.00000000 31.00000000 17.17531395
v 52.00000000 30.04136276 46.00000000
v 52.00000000 31.00000000 46.05270767
v 52.00000000 31.73605347 18.00000000
v 52.00000000 31.99811554 19.00000000
v 51.94908142 32.00000000 20.00000000
v 52.00000000 32.00000000 19.03841209
v 52.00000000 32.00000000 20.81979561
v 52.00000000 31.98816299 21.00000000
v 52.00000000 31.87627983 22.00000000
v 52.00000000 31.77076912 23.00000000
v 52.00000000 31.70628357 24.00000000
v 52.00000000 31.67386055 25.00000000
v 52.00000000 31.63341713 26.00000000
v 52.00000000 31.59635735 27.00000000
v 52.00000000 31.56766701 28.00000000
v 52.00000000 31.56186676 29.00000000
v 52.00000000 31.59346962 30.00000000
v 52.00000000 31.68720436 31.00000000
v 52.00000000 31.81856346 32.00000000
v 51.92403030 32.00000000 33.00000000
v 52.00000000 32.00000000 32.69108200
v 51.22584152 32.00000000 34.00000000
v 52.00000000 32.00000000 46.10018158
v 51.99602890 33.00000000 19.00000000
v 52.00000000 32.23874664 19.00000000
v 52.00000000 33.00000000 18.95116806
v 52.00000000 33.00000000 19.18582535
v 52.00000000 32.64183044 20.00000000
v 51.73878098 33.00000000 33.00000000
v 52.00000000 33.00000000 32.09116745
v 51.02597809 33.00000000 34.00000000
v 52.00000000 33.00000000 46.12215042
v 52.00000000 33.05934143 19.00000000
v 51.97190857 34.00000000 32.00000000
v 52.00000000 33.32648468 32.00000000
v 52.00000000 34.00000000 31.89270401
v 51.55947113 34.00000000 33.00000000
v 52.00000000 34.00000000 46.14701462
v 52.00000000 34.27550125 32.00000000
v 52.00000000 35.00000000 32.26733017
v 51.67000961 35.00000000 33.00000000
v 52.00000000 35.00000000 46.16930008
v 51.84111023 36.00000000 33.00000000
v 52.00000000 36.00000000 32.67607880
v 52.00000000 36.00000000 46.15531921
v 52.00000000 36.64582062 33.00000000
v 51.36640549 37.00000000 34.00000000
v 52.00000000 37.00000000 33.18211746
v 52.00000000 37.00000000 46.10512543
v 51.81108093 38.00000000 34.00000000
v 52.00000000 38.00000000 33.73052597
v 52.00000000 38.00000000 46.01971054
v 52.00000000 38.30713654 34.00000000
v 51.18432999 39.00000000 35.00000000
v 52.00000000 39.00000000 34.58601379
v 52.00000000 39.00000000 45.80649948
v 52.00000000 38.14118576 46.00000000
v 52.00000000 39.27809906 35.00000000
v 52.00000000 40.00000000 35.51827621
v 52.00000000 40.00000000 45.48239517
v 52.00000000 40.65377045 36.00000000
v 52.00000000 41.00000000 36.19256973
v 52.00000000 41.00000000 44.70695877
v 52.00000000 40.74184036 45.00000000
v 52.00000000 41.67647171 37.00000000
v 52.00000000 42.00000000 37.77843094
v 51.76814270 42.00000000 41.00000000
v 52.00000000 42.00000000 40.81458282
v 52.00000000 41.97744370 41.00000000
v 52.00000000 41.83935928 42.00000000
v 52.00000000 41.62467957 43.00000000
v 52.00000000 41.32743073 44.00000000
v 52.00000000 42.05847168 38.00000000
v 52.00000000 42.10232162 39.00000000
v 52.00000000 42.07938385 40.00000000
v 53.00000000 20.65943909 18.00000000
v 53.00000000 21.00000000 17.35855484
v 53.00000000 20.53012657 19.00000000
v 53.00000000 20.51437187 20.00000000
v 53.00000000 20.51197243 21.00000000
v 53.00000000 20.52041626 22.00000000
v 53.00000000 20.54368210 23.00000000
v 53.00000000 20.56872940 24.00000000
v 53.00000000 20.59417915 25.00000000
v 53.00000000 20.62742043 26.00000000
v 53.00000000 20.66899300 27.00000000
v 53.00000000 20.70321655 28.00000000
v 53.00000000 20.72361374 29.00000000
v 53.00000000 20.73585701 30.00000000
v 53.00000000 20.74825096 31.00000000
v 53.00000000 20.75927544 32.00000000
v 53.00000000 20.77376556 33.00000000
v 53.00000000 20.78685570 34.00000000
v 53.00000000 20.78779602 35.00000000
v 53.00000000 20.77320671 36.00000000
v 53.00000000 20.75192642 37.00000000
v 53.00000000 20.73031044 38.00000000
v 53.00000000 20.70821953 39.00000000
v 53.00000000 20.68358231 40.00000000
v 53.00000000 20.65946579 41.00000000
v 53.00000000 20.64904785 42.00000000
v 53.00000000 20.64425659 43.00000000
v 53.00000000 20.65700531 44.00000000
v 53.00000000 20.78219414 45.00000000
v 53.00000000 21.00000000 45.44317245
v 53.00000000 21.64264297 17.00000000
v 53.00000000 22.00000000 16.90615463
v 53.00000000 22.00000000 45.94311523
v 53.00000000 23.00000000 16.91036224
v 53.00000000 23.00000000 45.87584305
v 53.00000000 24.00000000 16.95290947
v 53.00000000 24.00000000 45.81296921
v 53.00000000 25.00000000 16.95663071
v 53.00000000 25.00000000 45.79265213
v 53.00000000 26.00000000 16.93585205
v 53.00000000 26.00000000 45.80230331
v 53.00000000 27.00000000 16.91087723
v 53.00000000 27.00000000 45.85082245
v 53.00000000 28.00000000 16.87431335
v 53.00000000 28.00000000 45.92138290
v 53.00000000 29.00000000 16.80377197
v 53.00000000 29.00000000 45.94942856
v 53.00000000 30.00000000 16.75458527
v 53.00000000 30.00000000 45.97325134
v 53.00000000 30.99908829 17.00000000
v 53.00000000 31.00000000 17.00043106
v 53.00000000 30.40598106 46.00000000
v 53.00000000 31.00000000 46.03194046
v 52.34255600 32.00000000 18.00000000
v 53.00000000 32.00000000 17.43235016
v 52.00192261 32.00000000 19.00000000
v 52.01025391 32.00000000 21.00000000
v 52.09735489 32.00000000 22.00000000
v 52.17007828 32.00000000 23.00000000
v 52.23386002 32.00000000 24.00000000
v 52.29039001 32.00000000 25.00000000
v 52.36398697 32.00000000 26.00000000
v 52.42937088 32.00000000 27.00000000
v 52.47645950 32.00000000 28.00000000
v 52.50843430 32.00000000 29.00000000
v 52.44219971 32.00000000 30.00000000
v 52.32376862 32.00000000 31.00000000
v 52.18093109 32.00000000 32.00000000
v 53.00000000 32.00000000 46.08134460
v 52.79785919 33.00000000 17.00000000
v 53.00000000 32.71261597 17.00000000
v 53.00000000 33.00000000 16.91081238
v 52.11990356 33.00000000 18.00000000
v 52.02528000 33.00000000 20.00000000
v 52.06858063 33.00000000 21.00000000
v 52.14075089 33.00000000 22.00000000
v 52.22185516 33.00000000 23.00000000
v 52.28849411 33.00000000 24.00000000
v 52.35521698 33.00000000 25.00000000
v 52.41681290 33.00000000 26.00000000
v 52.46716309 33.00000000 27.00000000
v 52.50513077 33.00000000 28.00000000
v 52.50928497 33.00000000 29.00000000
v 52.38555908 33.00000000 30.00000000
v 52.23594666 33.00000000 31.00000000
v 52.02277374 33.00000000 32.00000000
v 53.00000000 33.00000000 46.10131836
v 52.65773392 34.00000000 17.00000000
v 53.00000000 34.00000000 16.81934547
v 52.18174362 34.00000000 18.00000000
v 52.09144592 34.00000000 19.00000000
v 52.07349014 34.00000000 20.00000000
v 52.09383392 34.00000000 21.00000000
v 52.13431168 34.00000000 22.00000000
v 52.16149139 34.00000000 23.00000000
v 52.22589111 34.00000000 24.00000000
v 52.26829910 34.00000000 25.00000000
v 52.32538223 34.00000000 26.00000000
v 52.35884094 34.00000000 27.00000000
v 52.39056778 34.00000000 28.00000000
v 52.40193176 34.00000000 29.00000000
v 52.34929657 34.00000000 30.00000000
v 52.25994492 34.00000000 31.00000000
v 53.00000000 34.00000000 46.12843704
v 52.83037186 35.00000000 17.00000000
v 53.00000000 35.00000000 16.90692329
v 52.33539200 35.00000000 18.00000000
v 52.21950531 35.00000000 19.00000000
v 52.19104004 35.00000000 20.00000000
v 52.17885971 35.00000000 21.00000000
v 52.15388107 35.00000000 22.00000000
v 52.15850830 35.00000000 23.00000000
v 52.18959427 35.00000000 24.00000000
v 52.23925400 35.00000000 25.00000000
v 52.29044342 35.00000000 26.00000000
v 52.32851791 35.00000000 27.00000000
v 52.36647034 35.00000000 28.00000000
v 52.39360809 35.00000000 29.00000000
v 52.38224792 35.00000000 30.00000000
v 52.34684372 35.00000000 31.00000000
v 52.09716797 35.00000000 32.00000000
v 53.00000000 35.00000000 46.14385605
v 53.00000000 35.62947845 17.00000000
v 53.00000000 36.00000000 17.16789627
v 52.55154037 36.00000000 18.00000000
v 52.40834045 36.00000000 19.00000000
v 52.34902954 36.00000000 20.00000000
v 52.32207870 36.00000000 21.00000000
v 52.30018997 36.00000000 22.00000000
v 52.30152893 36.00000000 23.00000000
v 52.31675720 36.00000000 24.00000000
v 52.34616852 36.00000000 25.00000000
v 52.37514877 36.00000000 26.00000000
v 52.38041306 36.00000000 27.00000000
v 52.38703537 36.00000000 28.00000000
v 52.40639496 36.00000000 29.00000000
v 52.41875839 36.00000000 30.00000000
v 52.39749146 36.00000000 31.00000000
v 52.25254440 36.00000000 32.00000000
v 53.00000000 36.00000000 46.12189865
v 52.93931198 37.00000000 18.00000000
v 53.00000000 37.00000000 17.87359428
v 52.75423050 37.00000000 19.00000000
v 52.64474106 37.00000000 20.00000000
v 52.55346298 37.00000000 21.00000000
v 52.50572968 37.00000000 22.00000000
v 52.47975540 37.00000000 23.00000000
v 52.47354889 37.00000000 24.00000000
v 52.48952866 37.00000000 25.00000000
v 52.51956940 37.00000000 26.00000000
v 52.51045990 37.00000000 27.00000000
v 52.49689484 37.00000000 28.00000000
v 52.49814987 37.00000000 29.00000000
v 52.50614166 37.00000000 30.00000000
v 52.45658112 37.00000000 31.00000000
v 52.34440613 37.00000000 32.00000000
v 52.08253860 37.00000000 33.00000000
v 53.00000000 37.00000000 46.06558228
v 53.00000000 37.15770721 18.00000000
v 53.00000000 37.64320755 19.00000000
v 53.00000000 37.93081284 20.00000000
v 53.00000000 38.00000000 20.30542374
v 52.93389511 38.00000000 21.00000000
v 52.85887909 38.00000000 22.00000000
v 52.81243896 38.00000000 23.00000000
v 52.76544952 38.00000000 24.00000000
v 52.74437332 38.00000000 25.00000000
v 52.73357010 38.00000000 26.00000000
v 52.71045685 38.00000000 27.00000000
v 52.69767761 38.00000000 28.00000000
v 52.70132828 38.00000000 29.00000000
v 52.71259308 38.00000000 30.00000000
v 52.58518219 38.00000000 31.00000000
v 52.46071243 38.00000000 32.00000000
v 52.32097626 38.00000000 33.00000000
v 52.52553177 38.00000000 46.00000000
v 53.00000000 38.00000000 45.97295380
v 53.00000000 37.79175949 46.00000000
v 53.00000000 38.12762833 21.00000000
v 53.00000000 38.29029465 22.00000000
v 53.00000000 38.39540482 23.00000000
v 53.00000000 38.48920822 24.00000000
v 53.00000000 38.54240417 25.00000000
v 53.00000000 38.62068939 26.00000000
v 53.00000000 38.72482681 27.00000000
v 53.00000000 38.76836395 28.00000000
v 53.00000000 38.79053497 29.00000000
v 53.00000000 38.80001450 30.00000000
v 53.00000000 39.00000000 30.79879379
v 52.97847366 39.00000000 31.00000000
v 52.81295013 39.00000000 32.00000000
v 52.64138794 39.00000000 33.00000000
v 52.38626099 39.00000000 34.00000000
v 53.00000000 39.00000000 45.74047470
v 53.00000000 39.03635406 31.00000000
v 53.00000000 39.27528000 32.00000000
v 53.00000000 39.47109985 33.00000000
v 53.00000000 39.59909439 34.00000000
v 53.00000000 39.91123962 35.00000000
v 53.00000000 40.00000000 35.07078171
v 53.00000000 40.00000000 45.40270615
v 52.92057037 41.00000000 36.00000000
v 53.00000000 41.00000000 35.97937012
v 53.00000000 41.00000000 44.52724838
v 53.00000000 40.60345840 45.00000000
v 53.00000000 41.01343536 36.00000000
v 53.00000000 41.66927719 37.00000000
v 53.00000000 41.97076416 38.00000000
v 52.75022125 42.00000000 38.00000000
v 53.00000000 42.00000000 38.49893951
v 52.86590576 42.00000000 40.00000000
v 53.00000000 42.00000000 39.63876343
v 53.00000000 41.98419952 40.00000000
v 53.00000000 41.86132431 41.00000000
v 53.00000000 41.72506714 42.00000000
v 53.00000000 41.53134537 43.00000000
v 53.00000000 41.24166870 44.00000000
v 53.00000000 42.02090836 39.00000000
v 54.00000000 20.61660194 18.00000000
v 54.00000000 21.00000000 17.29585648
v 54.00000000 20.50156593 19.00000000
v 54.00000000 20.48864746 20.00000000
v 54.00000000 20.49246216 21.00000000
v 54.00000000 20.49793434 22.00000000
v 54.00000000 20.52109337 23.00000000
v 54.00000000 20.54695892 24.00000000
v 54.00000000 20.57325745 25.00000000
v 54.00000000 20.60634613 26.00000000
v 54.00000000 20.64741898 27.00000000
v 54.00000000 20.68285370 28.00000000
v 54.00000000 20.70390892 29.00000000
v 54.00000000 20.71592522 30.00000000
v 54.00000000 20.72773743 31.00000000
v 54.00000000 20.73916817 32.00000000
v 54.00000000 20.75280571 33.00000000
v 54.00000000 20.76520157 34.00000000
v 54.00000000 20.76774216 35.00000000
v 54.00000000 20.75393677 36.00000000
v 54.00000000 20.73540306 37.00000000
v 54.00000000 20.71463013 38.00000000
v 54.00000000 20.69629860 39.00000000
v 54.00000000 20.67067719 40.00000000
v 54.00000000 20.64702415 41.00000000
v 54.00000000 20.63346481 42.00000000
v 54.00000000 20.62579727 43.00000000
v 54.00000000 20.63894844 44.00000000
v 54.00000000 20.76179504 45.00000000
v 54.00000000 21.00000000 45.48633957
v 54.00000000 21.55167770 17.00000000
v 54.00000000 22.00000000 16.88719177
v 54.00000000 22.00000000 45.97245026
v 54.00000000 23.00000000 16.89889526
v 54.00000000 23.00000000 45.90122604
v 54.00000000 24.00000000 16.94273376
v 54.00000000 24.00000000 45.83456802
v 54.00000000 25.00000000 16.94460678
v 54.00000000 25.00000000 45.81187439
v 54.00000000 26.00000000 16.91993332
v 54.00000000 26.00000000 45.82004929
v 54.00000000 27.00000000 16.88877869
v 54.00000000 27.00000000 45.86318207
v 54.00000000 28.00000000 16.87191200
v 54.00000000 28.00000000 45.92095566
v 54.00000000 29.00000000 16.79969788
v 54.00000000 29.00000000 45.94100952
v 54.00000000 30.00000000 16.75209618
v 54.00000000 30.00000000 45.96730804
v 53.00284195 31.00000000 17.00000000
v 54.00000000 31.00000000 16.90979004
v 54.00000000 30.63321686 46.00000000
v 54.00000000 31.00000000 46.01526642
v 53.85112381 32.00000000 17.00000000
v 54.00000000 32.00000000 16.96132088
v 54.00000000 32.00000000 46.06081390
v 54.00000000 33.00000000 16.64611626
v 54.00000000 33.00000000 46.08369446
v 54.00000000 34.00000000 16.51737213
v 54.00000000 34.00000000 46.10639572
v 54.00000000 35.00000000 16.52968025
v 54.00000000 35.00000000 46.10917282
v 53.13909912 36.00000000 17.00000000
v 54.00000000 36.00000000 16.65615845
v 54.00000000 36.00000000 46.07555771
v 53.76314163 37.00000000 17.00000000
v 54.00000000 37.00000000 16.91735649
v 54.00000000 37.00000000 46.01654053
v 54.00000000 37.28775787 17.00000000
v 53.59440231 38.00000000 18.00000000
v 54.00000000 38.00000000 17.59296989
v 53.21384811 38.00000000 19.00000000
v 53.03709412 38.00000000 20.00000000
v 54.00000000 38.00000000 45.88283157
v 54.00000000 37.18746948 46.00000000
v 54.00000000 38.31631470 18.00000000
v 54.00000000 38.68209839 19.00000000
v 54.00000000 38.94469070 20.00000000
v 53.81526566 39.00000000 21.00000000
v 54.00000000 39.00000000 20.30142784
v 53.61137009 39.00000000 22.00000000
v 53.49250031 39.00000000 23.00000000
v 53.38820267 39.00000000 24.00000000
v 53.31220245 39.00000000 25.00000000
v 53.22082520 39.00000000 26.00000000
v 53.14772034 39.00000000 27.00000000
v 53.12172699 39.00000000 28.00000000
v 53.10301971 39.00000000 29.00000000
v 53.09476089 39.00000000 30.00000000
v 54.00000000 39.00000000 45.63737106
v 54.00000000 39.11756516 21.00000000
v 54.00000000 39.25603104 22.00000000
v 54.00000000 39.35421371 23.00000000
v 54.00000000 39.45542145 24.00000000
v 54.00000000 39.54861069 25.00000000
v 54.00000000 39.64409256 26.00000000
v 54.00000000 39.74055099 27.00000000
v 54.00000000 39.83119202 28.00000000
v 54.00000000 39.91464996 29.00000000
v 54.00000000 40.00000000 29.79822540
v 53.97033310 40.00000000 30.00000000
v 53.84429550 40.00000000 31.00000000
v 53.74622345 40.00000000 32.00000000
v 53.65486145 40.00000000 33.00000000
v 53.47783661 40.00000000 34.00000000
v 53.11197281 40.00000000 35.00000000
v 54.00000000 40.00000000 45.27207565
v 54.00000000 40.01881409 30.00000000
v 54.00000000 40.10469055 31.00000000
v 54.00000000 40.16598511 32.00000000
v 54.00000000 40.18721771 33.00000000
v 54.00000000 40.26812363 34.00000000
v 54.00000000 40.46244812 35.00000000
v 54.00000000 41.00000000 35.82043839
v 54.00000000 41.00000000 44.19041061
v 54.00000000 40.38205338 45.00000000
v 54.00000000 41.07544708 36.00000000
v 54.00000000 41.53789902 37.00000000
v 54.00000000 41.78905106 38.00000000
v 54.00000000 41.84303284 39.00000000
v 53.15316010 42.00000000 39.00000000
v 54.00000000 41.82268143 40.00000000
v 54.00000000 41.70285034 41.00000000
v 54.00000000 41.58096695 42.00000000
v 54.00000000 41.38536453 43.00000000
v 54.00000000 41.08422852 44.00000000
v 55.00000000 20.57742691 18.00000000
v 55.00000000 21.00000000 17.26905823
v 55.00000000 20.47158051 19.00000000
v 55.00000000 20.46450806 20.00000000
v 55.00000000 20.46834564 21.00000000
v 55.00000000 20.47177505 22.00000000
v 55.00000000 20.49116135 23.00000000
v 55.00000000 20.51442146 24.00000000
v 55.00000000 20.54305077 25.00000000
v 55.00000000 20.57411957 26.00000000
v 55.00000000 20.61366844 27.00000000
v 55.00000000 20.64754868 28.00000000
v 55.00000000 20.66948318 29.00000000
v 55.00000000 20.68351555 30.00000000
v 55.00000000 20.69689178 31.00000000
v 55.00000000 20.70921135 32.00000000
v 55.00000000 20.72130775 33.00000000
v 55.00000000 20.73329163 34.00000000
v 55.00000000 20.73396301 35.00000000
v 55.00000000 20.72401428 36.00000000
v 55.00000000 20.70873070 37.00000000
v 55.00000000 20.69085312 38.00000000
v 55.00000000 20.67272377 39.00000000
v 55.00000000 20.64342499 40.00000000
v 55.00000000 20.61486816 41.00000000
v 55.00000000 20.59628677 42.00000000
v 55.00000000 20.58960724 43.00000000
v 55.00000000 20.60001564 44.00000000
v 55.00000000 20.71431351 45.00000000
v 55.00000000 21.00000000 45.55802917
v 55.00000000 21.53936386 17.00000000
v 55.00000000 22.00000000 16.89207840
v 55.00000000 22.00000000 45.98208618
v 55.00000000 23.00000000 16.90612602
v 55.00000000 23.00000000 45.92150497
v 55.00000000 24.00000000 16.94592857
v 55.00000000 24.00000000 45.85461426
v 55.00000000 25.00000000 16.94264603
v 55.00000000 25.00000000 45.82195282
v 55.00000000 26.00000000 16.91629791
v 55.00000000 26.00000000 45.82947922
v 55.00000000 27.00000000 16.90202522
v 55.00000000 27.00000000 45.86093903
v 55.00000000 28.00000000 16.87501144
v 55.00000000 28.00000000 45.90288925
v 55.00000000 29.00000000 16.78716660
v 55.00000000 29.00000000 45.91735458
v 55.00000000 30.00000000 16.74013519
v 55.00000000 30.00000000 45.94692993
v 55.00000000 31.00000000 16.82456017
v 55.00000000 30.88312531 46.00000000
v 55.00000000 31.00000000 46.00553513
v 55.00000000 32.00000000 16.76250076
v 55.00000000 32.00000000 46.03947067
v 55.00000000 33.00000000 16.48191071
v 55.00000000 33.00000000 46.05470657
v 55.00000000 34.00000000 16.34640503
v 55.00000000 34.00000000 46.06801224
v 55.00000000 35.00000000 16.36151695
v 55.00000000 35.00000000 46.04558182
v 55.00000000 36.00000000 16.45259285
v 54.91307068 36.00000000 46.00000000
v 55.00000000 36.00000000 45.98817444
v 55.00000000 35.86713409 46.00000000
v 55.00000000 37.00000000 16.74549866
v 54.18487930 37.00000000 46.00000000
v 55.00000000 37.00000000 45.88010406
v 55.00000000 37.75354385 17.00000000
v 55.00000000 38.00000000 17.19794846
v 55.00000000 38.00000000 45.71677399
v 55.00000000 38.67835236 18.00000000
v 54.88057709 39.00000000 19.00000000
v 55.00000000 39.00000000 18.88185883
v 54.14682388 39.00000000 20.00000000
v 55.00000000 39.00000000 45.45522308
v 55.00000000 39.03826904 19.00000000
v 55.00000000 39.30355072 20.00000000
v 55.00000000 39.49435043 21.00000000
v 55.00000000 39.63054657 22.00000000
v 55.00000000 39.72187805 23.00000000
v 55.00000000 39.80203629 24.00000000
v 55.00000000 39.88129425 25.00000000
v 55.00000000 39.98176956 26.00000000
v 54.72586441 40.00000000 27.00000000
v 55.00000000 40.00000000 26.17144203
v 54.41769028 40.00000000 28.00000000
v 54.18615341 40.00000000 29.00000000
v 55.00000000 40.00000000 45.04411697
v 55.00000000 40.08162308 27.00000000
v 55.00000000 40.18419647 28.00000000
v 55.00000000 40.28049850 29.00000000
v 55.00000000 40.35260773 30.00000000
v 55.00000000 40.39486694 31.00000000
v 55.00000000 40.43023300 32.00000000
v 55.00000000 40.44091034 33.00000000
v 55.00000000 40.49356842 34.00000000
v 55.00000000 40.57103729 35.00000000
v 55.00000000 40.95050812 36.00000000
v 54.75100327 41.00000000 36.00000000
v 55.00000000 41.00000000 36.07931900
v 54.40727615 41.00000000 44.00000000
v 55.00000000 41.00000000 43.55011368
v 55.00000000 40.80052567 44.00000000
v 55.00000000 40.05735779 45.00000000
v 55.00000000 41.29828644 37.00000000
v 55.00000000 41.49425125 38.00000000
v 55.00000000 41.57652283 39.00000000
v 55.00000000 41.55395889 40.00000000
v 55.00000000 41.48456192 41.00000000
v 55.00000000 41.37161636 42.00000000
v 55.00000000 41.15780258 43.00000000
v 56.00000000 20.62235069 18.00000000
v 56.00000000 21.00000000 17.37387085
v 56.00000000 20.53058052 19.00000000
v 56.00000000 20.52981567 20.00000000
v 56.00000000 20.54129791 21.00000000
v 56.00000000 20.54693413 22.00000000
v 56.00000000 20.56429482 23.00000000
v 56.00000000 20.58421898 24.00000000
v 56.00000000 20.60460091 25.00000000
v 56.00000000 20.62860870 26.00000000
v 56.00000000 20.66544342 27.00000000
v 56.00000000 20.69401741 28.00000000
v 56.00000000 20.71580505 29.00000000
v 56.00000000 20.73036385 30.00000000
v 56.00000000 20.74365807 31.00000000
v 56.00000000 20.75456047 32.00000000
v 56.00000000 20.76470184 33.00000000
v 56.00000000 20.77651405 34.00000000
v 56.00000000 20.78137779 35.00000000
v 56.00000000 20.77647018 36.00000000
v 56.00000000 20.76210022 37.00000000
v 56.00000000 20.73840141 38.00000000
v 56.00000000 20.71558380 39.00000000
v 56.00000000 20.68794823 40.00000000
v 56.00000000 20.65644646 41.00000000
v 56.00000000 20.63687706 42.00000000
v 56.00000000 20.62106133 43.00000000
v 56.00000000 20.61575127 44.00000000
v 56.00000000 20.74156570 45.00000000
v 56.00000000 21.00000000 45.44751358
v 56.00000000 21.86590576 17.00000000
v 56.00000000 22.00000000 16.97339821
v 56.00000000 22.00000000 45.81675720
v 56.00000000 23.00000000 16.96838951
v 56.00000000 23.00000000 45.78477097
v 56.00000000 23.83471107 17.00000000
v 55.89531708 24.00000000 17.00000000
v 56.00000000 24.00000000 17.00740242
v 56.00000000 24.00000000 45.73365021
v 56.00000000 24.40369987 17.00000000
v 56.00000000 25.00000000 16.99040222
v 56.00000000 25.00000000 45.70585632
v 56.00000000 26.00000000 16.98247147
v 56.00000000 26.00000000 45.70256805
v 56.00000000 27.00000000 16.96119308
v 56.00000000 27.00000000 45.72588730
v 56.00000000 28.00000000 16.90937996
v 56.00000000 28.00000000 45.76168442
v 56.00000000 29.00000000 16.79969025
v 56.00000000 29.00000000 45.77490997
v 56.00000000 30.00000000 16.76391029
v 56.00000000 30.00000000 45.80643463
v 56.00000000 31.00000000 16.80647659
v 55.06537247 31.00000000 46.00000000
v 56.00000000 31.00000000 45.87454224
v 56.00000000 32.00000000 16.69346809
v 55.40240479 32.00000000 46.00000000
v 56.00000000 32.00000000 45.90649414
v 56.00000000 33.00000000 16.43742561
v 55.49964523 33.00000000 46.00000000
v 56.00000000 33.00000000 45.90890884
v 56.00000000 34.00000000 16.32515144
v 55.54280853 34.00000000 46.00000000
v 56.00000000 34.00000000 45.89955902
v 56.00000000 35.00000000 16.34422112
v 55.30411148 35.00000000 46.00000000
v 56.00000000 35.00000000 45.81721497
v 56.00000000 36.00000000 16.46975136
v 56.00000000 36.00000000 45.72146225
v 56.00000000 37.00000000 16.75722313
v 56.00000000 37.00000000 45.61800385
v 56.00000000 37.69054794 17.00000000
v 56.00000000 38.00000000 17.26077652
v 56.00000000 38.00000000 45.43231583
v 56.00000000 38.64854431 18.00000000
v 56.00000000 39.00000000 18.95392227
v 56.00000000 39.00000000 45.14595413
v 56.00000000 39.01420212 19.00000000
v 56.00000000 39.28118515 20.00000000
v 56.00000000 39.46155930 21.00000000
v 56.00000000 39.59501648 22.00000000
v 56.00000000 39.67737579 23.00000000
v 56.00000000 39.75819778 24.00000000
v 56.00000000 39.84509277 25.00000000
v 56.00000000 39.95394135 26.00000000
v 56.00000000 40.00000000 26.38338089
v 55.13044739 40.00000000 45.00000000
v 56.00000000 40.00000000 44.45723724
v 56.00000000 39.35709000 45.00000000
v 56.00000000 40.06506348 27.00000000
v 56.00000000 40.15739822 28.00000000
v 56.00000000 40.23293304 29.00000000
v 56.00000000 40.28214264 30.00000000
v 56.00000000 40.30160904 31.00000000
v 56.00000000 40.29367065 32.00000000
v 56.00000000 40.26473236 33.00000000
v 56.00000000 40.15479660 34.00000000
v 56.00000000 40.12163162 35.00000000
v 56.00000000 40.32563782 36.00000000
v 56.00000000 40.71394730 37.00000000
v 55.64683151 41.00000000 37.00000000
v 56.00000000 40.96022797 38.00000000
v 55.95798111 41.00000000 38.00000000
v 56.00000000 41.00000000 38.61425400
v 55.88116074 41.00000000 42.00000000
v 56.00000000 41.00000000 41.34553909
v 56.00000000 40.92066193 42.00000000
v 56.00000000 40.68895340 43.00000000
v 55.44712067 41.00000000 43.00000000
v 56.00000000 40.30469131 44.00000000
v 56.00000000 41.01671600 39.00000000
v 56.00000000 41.03450775 40.00000000
v 56.00000000 41.03002930 41.00000000
v 56.74218750 21.00000000 18.00000000
v 57.00000000 21.00000000 18.78278732
v 57.00000000 20.96292114 19.00000000
v 57.00000000 20.93169212 20.00000000
v 57.00000000 20.93854523 21.00000000
v 57.00000000 20.94196320 22.00000000
v 57.00000000 20.94808197 23.00000000
v 57.00000000 20.95683289 24.00000000
v 57.00000000 20.97247696 25.00000000
v 57.00000000 20.98985863 26.00000000
v 56.95753860 21.00000000 27.00000000
v 57.00000000 21.00000000 26.35700607
v 56.88984680 21.00000000 28.00000000
v 56.83821106 21.00000000 29.00000000
v 56.80337906 21.00000000 30.00000000
v 56.76753235 21.00000000 31.00000000
v 56.73310471 21.00000000 32.00000000
v 56.70374680 21.00000000 33.00000000
v 56.66024017 21.00000000 34.00000000
v 56.62991333 21.00000000 35.00000000
v 56.61968613 21.00000000 36.00000000
v 56.63082886 21.00000000 37.00000000
v 56.68140411 21.00000000 38.00000000
v 56.71847534 21.00000000 39.00000000
v 56.77326202 21.00000000 40.00000000
v 56.83333969 21.00000000 41.00000000
v 56.87742615 21.00000000 42.00000000
v 56.91858673 21.00000000 43.00000000
v 56.90188599 21.00000000 44.00000000
v 56.51271057 21.00000000 45.00000000
v 56.06238174 22.00000000 17.00000000
v 57.00000000 22.00000000 17.71894836
v 57.00000000 21.39000320 18.00000000
v 57.00000000 21.03471184 27.00000000
v 57.00000000 21.08561897 28.00000000
v 57.00000000 21.11997414 29.00000000
v 57.00000000 21.13938522 30.00000000
v 57.00000000 21.16019058 31.00000000
v 57.00000000 21.18074608 32.00000000
v 57.00000000 21.19801140 33.00000000
v 57.00000000 21.22642326 34.00000000
v 57.00000000 21.25099754 35.00000000
v 57.00000000 21.26556396 36.00000000
v 57.00000000 21.26968193 37.00000000
v 57.00000000 21.24178123 38.00000000
v 57.00000000 21.22607422 39.00000000
v 57.00000000 21.19631767 40.00000000
v 57.00000000 21.15563774 41.00000000
v 57.00000000 21.12191391 42.00000000
v 57.00000000 21.08676720 43.00000000
v 57.00000000 21.12834167 44.00000000
v 57.00000000 21.80342293 45.00000000
v 57.00000000 22.00000000 45.08755112
v 56.07858276 23.00000000 17.00000000
v 57.00000000 23.00000000 17.69525528
v 57.00000000 23.00000000 45.09750366
v 57.00000000 24.00000000 17.72312927
v 57.00000000 24.00000000 45.08732224
v 56.02414703 25.00000000 17.00000000
v 57.00000000 25.00000000 17.72270203
v 57.00000000 25.00000000 45.08724594
v 56.04518509 26.00000000 17.00000000
v 57.00000000 26.00000000 17.70795631
v 57.00000000 26.00000000 45.07182312
v 56.10009003 27.00000000 17.00000000
v 57.00000000 27.00000000 17.66929626
v 57.00000000 27.00000000 45.06946945
v 56.22613144 28.00000000 17.00000000
v 57.00000000 28.00000000 17.61701393
v 57.00000000 28.00000000 45.07292175
v 56.47080612 29.00000000 17.00000000
v 57.00000000 29.00000000 17.49123383
v 57.00000000 29.00000000 45.09183121
v 56.53481674 30.00000000 17.00000000
v 57.00000000 30.00000000 17.42151070
v 57.00000000 30.00000000 45.12053299
v 56.51504517 31.00000000 17.00000000
v 57.00000000 31.00000000 17.31546593
v 57.00000000 31.00000000 45.20301819
v 56.99063110 32.00000000 17.00000000
v 57.00000000 32.00000000 17.00527954
v 57.00000000 32.00000000 45.26939774
v 57.00000000 32.01053238 17.00000000
v 57.00000000 33.00000000 16.65647125
v 57.00000000 33.00000000 45.29236603
v 57.00000000 34.00000000 16.52832794
v 57.00000000 34.00000000 45.27753067
v 57.00000000 35.00000000 16.57022095
v 57.00000000 35.00000000 45.23216248
v 57.00000000 36.00000000 16.73205757
v 57.00000000 36.00000000 45.19284821
v 57.00000000 37.00000000 16.98915672
v 57.00000000 37.00000000 45.07902527
v 57.00000000 37.04005432 17.00000000
v 57.00000000 38.00000000 17.77816200
v 56.82320786 38.00000000 45.00000000
v 57.00000000 38.00000000 44.72688675
v 57.00000000 37.43180466 45.00000000
v 57.00000000 38.18288422 18.00000000
v 57.00000000 38.56439590 19.00000000
v 56.04032135 39.00000000 19.00000000
v 57.00000000 38.80552292 20.00000000
v 56.62365341 39.00000000 20.00000000
v 57.00000000 39.00000000 20.96364021
v 56.90768051 39.00000000 34.00000000
v 57.00000000 39.00000000 33.48165512
v 57.00000000 38.78314209 34.00000000
v 57.00000000 38.46078873 35.00000000
v 56.79649734 39.00000000 35.00000000
v 57.00000000 38.38135147 36.00000000
v 56.79202652 39.00000000 36.00000000
v 57.00000000 38.87956238 37.00000000
v 56.96855927 39.00000000 37.00000000
v 57.00000000 39.00000000 37.53079224
v 56.27271652 39.00000000 45.00000000
v 57.00000000 39.00000000 44.08242416
v 57.00000000 39.00598145 21.00000000
v 57.00000000 39.12676239 22.00000000
v 57.00000000 39.22441864 23.00000000
v 57.00000000 39.31497574 24.00000000
v 57.00000000 39.37265396 25.00000000
v 57.00000000 39.41893005 26.00000000
v 57.00000000 39.46419907 27.00000000
v 56.14384079 40.00000000 27.00000000
v 57.00000000 39.48386002 28.00000000
v 56.30777359 40.00000000 28.00000000
v 57.00000000 39.48868179 29.00000000
v 56.40011215 40.00000000 29.00000000
v 57.00000000 39.46346664 30.00000000
v 56.44020081 40.00000000 30.00000000
v 57.00000000 39.36292648 31.00000000
v 56.43768311 40.00000000 31.00000000
v 57.00000000 39.25630569 32.00000000
v 56.40179825 40.00000000 32.00000000
v 57.00000000 39.13313675 33.00000000
v 56.33914185 40.00000000 33.00000000
v 56.18294525 40.00000000 34.00000000
v 56.12933350 40.00000000 35.00000000
v 56.29388046 40.00000000 36.00000000
v 56.56455612 40.00000000 37.00000000
v 57.00000000 39.08452988 38.00000000
v 56.68700027 40.00000000 38.00000000
v 57.00000000 39.29394913 39.00000000
v 56.76750565 40.00000000 39.00000000
v 57.00000000 39.43577957 40.00000000
v 56.80672836 40.00000000 40.00000000
v 57.00000000 39.56455994 41.00000000
v 56.82817078 40.00000000 41.00000000
v 57.00000000 39.62377930 42.00000000
v 56.81883621 40.00000000 42.00000000
v 57.00000000 39.54899216 43.00000000
v 56.71728897 40.00000000 43.00000000
v 57.00000000 39.08480072 44.00000000
v 56.36973572 40.00000000 44.00000000
v 56.02092361 41.00000000 39.00000000
v 56.04357910 41.00000000 40.00000000
v 56.03845596 41.00000000 41.00000000
v 57.02999115 21.00000000 19.00000000
v 57.05872345 21.00000000 20.00000000
v 57.05498886 21.00000000 21.00000000
v 57.05353928 21.00000000 22.00000000
v 57.04970932 21.00000000 23.00000000
v 57.04277420 21.00000000 24.00000000
v 57.02803421 21.00000000 25.00000000
v 57.01041412 21.00000000 26.00000000
v 57.15969467 22.00000000 18.00000000
v 57.33863068 22.00000000 19.00000000
v 57.37586975 22.00000000 20.00000000
v 57.37622070 22.00000000 21.00000000
v 57.37633514 22.00000000 22.00000000
v 57.38719559 22.00000000 23.00000000
v 57.40010071 22.00000000 24.00000000
v 57.40316772 22.00000000 25.00000000
v 57.40366364 22.00000000 26.00000000
v 57.39950562 22.00000000 27.00000000
v 57.38875580 22.00000000 28.00000000
v 57.38458252 22.00000000 29.00000000
v 57.38672638 22.00000000 30.00000000
v 57.38397598 22.00000000 31.00000000
v 57.38080597 22.00000000 32.00000000
v 57.37278366 22.00000000 33.00000000
v 57.36076355 22.00000000 34.00000000
v 57.34586716 22.00000000 35.00000000
v 57.33695984 22.00000000 36.00000000
v 57.33227539 22.00000000 37.00000000
v 57.33705139 22.00000000 38.00000000
v 57.33258438 22.00000000 39.00000000
v 57.32777023 22.00000000 40.00000000
v 57.32629776 22.00000000 41.00000000
v 57.31684113 22.00000000 42.00000000
v 57.30466843 22.00000000 43.00000000
v 57.24206161 22.00000000 44.00000000
v 57.04833221 22.00000000 45.00000000
v 57.17142105 23.00000000 18.00000000
v 57.36288071 23.00000000 19.00000000
v 57.39866257 23.00000000 20.00000000
v 57.39398193 23.00000000 21.00000000
v 57.38555527 23.00000000 22.00000000
v 57.38790894 23.00000000 23.00000000
v 57.38860321 23.00000000 24.00000000
v 57.38919830 23.00000000 25.00000000
v 57.38792038 23.00000000 26.00000000
v 57.38590240 23.00000000 27.00000000
v 57.38035583 23.00000000 28.00000000
v 57.37018204 23.00000000 29.00000000
v 57.36742020 23.00000000 30.00000000
v 57.36416245 23.00000000 31.00000000
v 57.36384583 23.00000000 32.00000000
v 57.36278915 23.00000000 33.00000000
v 57.36175156 23.00000000 34.00000000
v 57.36378479 23.00000000 35.00000000
v 57.36581039 23.00000000 36.00000000
v 57.37235641 23.00000000 37.00000000
v 57.38529968 23.00000000 38.00000000
v 57.39194107 23.00000000 39.00000000
v 57.39410400 23.00000000 40.00000000
v 57.38940811 23.00000000 41.00000000
v 57.38681030 23.00000000 42.00000000
v 57.36892319 23.00000000 43.00000000
v 57.30820847 23.00000000 44.00000000
v 57.05920792 23.00000000 45.00000000
v 57.15793991 24.00000000 18.00000000
v 57.34262085 24.00000000 19.00000000
v 57.37245941 24.00000000 20.00000000
v 57.36164474 24.00000000 21.00000000
v 57.35456848 24.00000000 22.00000000
v 57.34902573 24.00000000 23.00000000
v 57.34332275 24.00000000 24.00000000
v 57.34040833 24.00000000 25.00000000
v 57.33538818 24.00000000 26.00000000
v 57.32892990 24.00000000 27.00000000
v 57.31921768 24.00000000 28.00000000
v 57.31559753 24.00000000 29.00000000
v 57.30950928 24.00000000 30.00000000
v 57.30491638 24.00000000 31.00000000
v 57.31135941 24.00000000 32.00000000
v 57.32040405 24.00000000 33.00000000
v 57.32174683 24.00000000 34.00000000
v 57.32226944 24.00000000 35.00000000
v 57.32721710 24.00000000 36.00000000
v 57.33667755 24.00000000 37.00000000
v 57.34393311 24.00000000 38.00000000
v 57.34816360 24.00000000 39.00000000
v 57.35342789 24.00000000 40.00000000
v 57.35438538 24.00000000 41.00000000
v 57.36617661 24.00000000 42.00000000
v 57.36955261 24.00000000 43.00000000
v 57.31094742 24.00000000 44.00000000
v 57.05548477 24.00000000 45.00000000
v 57.16006851 25.00000000 18.00000000
v 57.32617569 25.00000000 19.00000000
v 57.35747910 25.00000000 20.00000000
v 57.34166718 25.00000000 21.00000000
v 57.33175278 25.00000000 22.00000000
v 57.31981659 25.00000000 23.00000000
v 57.30427170 25.00000000 24.00000000
v 57.29423904 25.00000000 25.00000000
v 57.28704834 25.00000000 26.00000000
v 57.28070450 25.00000000 27.00000000
v 57.27807236 25.00000000 28.00000000
v 57.27802277 25.00000000 29.00000000
v 57.28005219 25.00000000 30.00000000
v 57.27849579 25.00000000 31.00000000
v 57.27763748 25.00000000 32.00000000
v 57.27876282 25.00000000 33.00000000
v 57.28189850 25.00000000 34.00000000
v 57.28264618 25.00000000 35.00000000
v 57.28294373 25.00000000 36.00000000
v 57.28935242 25.00000000 37.00000000
v 57.28964615 25.00000000 38.00000000
v 57.29167938 25.00000000 39.00000000
v 57.30331802 25.00000000 40.00000000
v 57.31356430 25.00000000 41.00000000
v 57.33197021 25.00000000 42.00000000
v 57.35238647 25.00000000 43.00000000
v 57.28775024 25.00000000 44.00000000
v 57.05625534 25.00000000 45.00000000
v 57.16604996 26.00000000 18.00000000
v 57.31207275 26.00000000 19.00000000
v 57.32555389 26.00000000 20.00000000
v 57.30820465 26.00000000 21.00000000
v 57.30281830 26.00000000 22.00000000
v 57.29669952 26.00000000 23.00000000
v 57.28964615 26.00000000 24.00000000
v 57.28131866 26.00000000 25.00000000
v 57.27375793 26.00000000 26.00000000
v 57.26943588 26.00000000 27.00000000
v 57.26807785 26.00000000 28.00000000
v 57.26850510 26.00000000 29.00000000
v 57.26948929 26.00000000 30.00000000
v 57.27013397 26.00000000 31.00000000
v 57.26500702 26.00000000 32.00000000
v 57.25450516 26.00000000 33.00000000
v 57.25031281 26.00000000 34.00000000
v 57.24489212 26.00000000 35.00000000
v 57.24913406 26.00000000 36.00000000
v 57.25041199 26.00000000 37.00000000
v 57.24931717 26.00000000 38.00000000
v 57.25329590 26.00000000 39.00000000
v 57.26242828 26.00000000 40.00000000
v 57.28539658 26.00000000 41.00000000
v 57.31383133 26.00000000 42.00000000
v 57.33909225 26.00000000 43.00000000
v 57.27557755 26.00000000 44.00000000
v 57.04652023 26.00000000 45.00000000
v 57.18407059 27.00000000 18.00000000
v 57.31226349 27.00000000 19.00000000
v 57.30844879 27.00000000 20.00000000
v 57.29830933 27.00000000 21.00000000
v 57.28616333 27.00000000 22.00000000
v 57.28347397 27.00000000 23.00000000
v 57.28261185 27.00000000 24.00000000
v 57.27673340 27.00000000 25.00000000
v 57.27056122 27.00000000 26.00000000
v 57.26707077 27.00000000 27.00000000
v 57.27187729 27.00000000 28.00000000
v 57.27763367 27.00000000 29.00000000
v 57.27757645 27.00000000 30.00000000
v 57.27284622 27.00000000 31.00000000
v 57.26372147 27.00000000 32.00000000
v 57.25194931 27.00000000 33.00000000
v 57.22634888 27.00000000 34.00000000
v 57.21438599 27.00000000 35.00000000
v 57.22043228 27.00000000 36.00000000
v 57.22814178 27.00000000 37.00000000
v 57.22703552 27.00000000 38.00000000
v 57.22618484 27.00000000 39.00000000
v 57.23482895 27.00000000 40.00000000
v 57.26333618 27.00000000 41.00000000
v 57.31241226 27.00000000 42.00000000
v 57.33167648 27.00000000 43.00000000
v 57.27528000 27.00000000 44.00000000
v 57.04497528 27.00000000 45.00000000
v 57.20652771 28.00000000 18.00000000
v 57.33710480 28.00000000 19.00000000
v 57.31827164 28.00000000 20.00000000
v 57.29737854 28.00000000 21.00000000
v 57.28363800 28.00000000 22.00000000
v 57.28210449 28.00000000 23.00000000
v 57.27859879 28.00000000 24.00000000
v 57.27476501 28.00000000 25.00000000
v 57.28057098 28.00000000 26.00000000
v 57.28879929 28.00000000 27.00000000
v 57.29538345 28.00000000 28.00000000
v 57.29962921 28.00000000 29.00000000
v 57.29116440 28.00000000 30.00000000
v 57.27967453 28.00000000 31.00000000
v 57.26387787 28.00000000 32.00000000
v 57.24191284 28.00000000 33.00000000
v 57.23121643 28.00000000 34.00000000
v 57.22540283 28.00000000 35.00000000
v 57.21876526 28.00000000 36.00000000
v 57.21923065 28.00000000 37.00000000
v 57.22173309 28.00000000 38.00000000
v 57.22514725 28.00000000 39.00000000
v 57.23868179 28.00000000 40.00000000
v 57.26750946 28.00000000 41.00000000
v 57.30373001 28.00000000 42.00000000
v 57.31837463 28.00000000 43.00000000
v 57.27055740 28.00000000 44.00000000
v 57.04682541 28.00000000 45.00000000
v 57.25899124 29.00000000 18.00000000
v 57.39161682 29.00000000 19.00000000
v 57.37373352 29.00000000 20.00000000
v 57.34848022 29.00000000 21.00000000
v 57.32008362 29.00000000 22.00000000
v 57.29743195 29.00000000 23.00000000
v 57.29336166 29.00000000 24.00000000
v 57.30683899 29.00000000 25.00000000
v 57.31623459 29.00000000 26.00000000
v 57.32274628 29.00000000 27.00000000
v 57.32728195 29.00000000 28.00000000
v 57.32325363 29.00000000 29.00000000
v 57.30847549 29.00000000 30.00000000
v 57.29871368 29.00000000 31.00000000
v 57.29061127 29.00000000 32.00000000
v 57.27747726 29.00000000 33.00000000
v 57.25844193 29.00000000 34.00000000
v 57.24518585 29.00000000 35.00000000
v 57.23022079 29.00000000 36.00000000
v 57.21561813 29.00000000 37.00000000
v 57.21150970 29.00000000 38.00000000
v 57.22324753 29.00000000 39.00000000
v 57.24003983 29.00000000 40.00000000
v 57.26401138 29.00000000 41.00000000
v 57.30213547 29.00000000 42.00000000
v 57.31298065 29.00000000 43.00000000
v 57.26234436 29.00000000 44.00000000
v 57.05933380 29.00000000 45.00000000
v 57.29864120 30.00000000 18.00000000
v 57.43400574 30.00000000 19.00000000
v 57.42557526 30.00000000 20.00000000
v 57.39939880 30.00000000 21.00000000
v 57.37344742 30.00000000 22.00000000
v 57.35870743 30.00000000 23.00000000
v 57.35281754 30.00000000 24.00000000
v 57.34699249 30.00000000 25.00000000
v 57.34635925 30.00000000 26.00000000
v 57.35213852 30.00000000 27.00000000
v 57.35405731 30.00000000 28.00000000
v 57.34900284 30.00000000 29.00000000
v 57.33888245 30.00000000 30.00000000
v 57.32936096 30.00000000 31.00000000
v 57.31464005 30.00000000 32.00000000
v 57.29582977 30.00000000 33.00000000
v 57.27105713 30.00000000 34.00000000
v 57.24587631 30.00000000 35.00000000
v 57.23056412 30.00000000 36.00000000
v 57.21650696 30.00000000 37.00000000
v 57.20951462 30.00000000 38.00000000
v 57.21565628 30.00000000 39.00000000
v 57.23111343 30.00000000 40.00000000
v 57.26504135 30.00000000 41.00000000
v 57.30198288 30.00000000 42.00000000
v 57.31301498 30.00000000 43.00000000
v 57.27273178 30.00000000 44.00000000
v 57.07571793 30.00000000 45.00000000
v 57.37417221 31.00000000 18.00000000
v 57.50978088 31.00000000 19.00000000
v 57.51998520 31.00000000 20.00000000
v 57.52139282 31.00000000 21.00000000
v 57.52136230 31.00000000 22.00000000
v 57.52389908 31.00000000 23.00000000
v 57.52328491 31.00000000 24.00000000
v 57.52329254 31.00000000 25.00000000
v 57.51994324 31.00000000 26.00000000
v 57.51971436 31.00000000 27.00000000
v 57.52574921 31.00000000 28.00000000
v 57.52061844 31.00000000 29.00000000
v 57.50755310 31.00000000 30.00000000
v 57.48638916 31.00000000 31.00000000
v 57.46297073 31.00000000 32.00000000
v 57.42870712 31.00000000 33.00000000
v 57.38333893 31.00000000 34.00000000
v 57.33614731 31.00000000 35.00000000
v 57.28895187 31.00000000 36.00000000
v 57.24502182 31.00000000 37.00000000
v 57.23387527 31.00000000 38.00000000
v 57.24210358 31.00000000 39.00000000
v 57.25325012 31.00000000 40.00000000
v 57.27428818 31.00000000 41.00000000
v 57.31499481 31.00000000 42.00000000
v 57.33714294 31.00000000 43.00000000
v 57.30703735 31.00000000 44.00000000
v 57.12251282 31.00000000 45.00000000
v 57.60086060 32.00000000 18.00000000
v 57.74787521 32.00000000 19.00000000
v 57.78722382 32.00000000 20.00000000
v 57.81229401 32.00000000 21.00000000
v 57.80698776 32.00000000 22.00000000
v 57.79670715 32.00000000 23.00000000
v 57.78148270 32.00000000 24.00000000
v 57.76968384 32.00000000 25.00000000
v 57.75490952 32.00000000 26.00000000
v 57.73373413 32.00000000 27.00000000
v 57.70285416 32.00000000 28.00000000
v 57.66041565 32.00000000 29.00000000
v 57.61722946 32.00000000 30.00000000
v 57.57201004 32.00000000 31.00000000
v 57.52892303 32.00000000 32.00000000
v 57.48741531 32.00000000 33.00000000
v 57.44244766 32.00000000 34.00000000
v 57.38850784 32.00000000 35.00000000
v 57.33649063 32.00000000 36.00000000
v 57.30216217 32.00000000 37.00000000
v 57.29217911 32.00000000 38.00000000
v 57.28759766 32.00000000 39.00000000
v 57.28787994 32.00000000 40.00000000
v 57.31379318 32.00000000 41.00000000
v 57.33313370 32.00000000 42.00000000
v 57.36315918 32.00000000 43.00000000
v 57.33618164 32.00000000 44.00000000
v 57.15657043 32.00000000 45.00000000
v 57.43709564 33.00000000 17.00000000
v 57.83364105 33.00000000 18.00000000
v 57.93043900 33.00000000 19.00000000
v 57.95169449 33.00000000 20.00000000
v 57.95382309 33.00000000 21.00000000
v 57.94405746 33.00000000 22.00000000
v 57.91789627 33.00000000 23.00000000
v 57.89743805 33.00000000 24.00000000
v 57.87020874 33.00000000 25.00000000
v 57.83646011 33.00000000 26.00000000
v 57.80166626 33.00000000 27.00000000
v 57.75933456 33.00000000 28.00000000
v 57.71132278 33.00000000 29.00000000
v 57.66485596 33.00000000 30.00000000
v 57.62133408 33.00000000 31.00000000
v 57.57749176 33.00000000 32.00000000
v 57.52433777 33.00000000 33.00000000
v 57.47594452 33.00000000 34.00000000
v 57.42221832 33.00000000 35.00000000
v 57.38302994 33.00000000 36.00000000
v 57.35660934 33.00000000 37.00000000
v 57.34960938 33.00000000 38.00000000
v 57.32987595 33.00000000 39.00000000
v 57.33169174 33.00000000 40.00000000
v 57.35030365 33.00000000 41.00000000
v 57.36088181 33.00000000 42.00000000
v 57.37337875 33.00000000 43.00000000
v 57.34644318 33.00000000 44.00000000
v 57.16626358 33.00000000 45.00000000
v 57.57067108 34.00000000 17.00000000
v 57.89805603 34.00000000 18.00000000
v 57.97042847 34.00000000 19.00000000
v 57.98804855 34.00000000 20.00000000
v 57.99221039 34.00000000 21.00000000
v 57.98413467 34.00000000 22.00000000
v 57.96840286 34.00000000 23.00000000
v 57.94131851 34.00000000 24.00000000
v 57.91471481 34.00000000 25.00000000
v 57.87973785 34.00000000 26.00000000
v 57.83279419 34.00000000 27.00000000
v 57.79354477 34.00000000 28.00000000
v 57.74960327 34.00000000 29.00000000
v 57.70363998 34.00000000 30.00000000
v 57.64949036 34.00000000 31.00000000
v 57.59300232 34.00000000 32.00000000
v 57.54258347 34.00000000 33.00000000
v 57.48872757 34.00000000 34.00000000
v 57.43669128 34.00000000 35.00000000
v 57.40475464 34.00000000 36.00000000
v 57.38875198 34.00000000 37.00000000
v 57.39411545 34.00000000 38.00000000
v 57.39512253 34.00000000 39.00000000
v 57.39820480 34.00000000 40.00000000
v 57.40195465 34.00000000 41.00000000
v 57.40912628 34.00000000 42.00000000
v 57.39400101 34.00000000 43.00000000
v 57.34279251 34.00000000 44.00000000
v 57.15402985 34.00000000 45.00000000
v 57.54404449 35.00000000 17.00000000
v 57.89493179 35.00000000 18.00000000
v 57.96681595 35.00000000 19.00000000
v 57.99050140 35.00000000 20.00000000
v 57.99224091 35.00000000 21.00000000
v 57.98376846 35.00000000 22.00000000
v 57.96506882 35.00000000 23.00000000
v 57.94762802 35.00000000 24.00000000
v 57.92671967 35.00000000 25.00000000
v 57.88996124 35.00000000 26.00000000
v 57.84637451 35.00000000 27.00000000
v 57.80357742 35.00000000 28.00000000
v 57.76055145 35.00000000 29.00000000
v 57.71472168 35.00000000 30.00000000
v 57.65613174 35.00000000 31.00000000
v 57.59564972 35.00000000 32.00000000
v 57.52439880 35.00000000 33.00000000
v 57.46978760 35.00000000 34.00000000
v 57.41985321 35.00000000 35.00000000
v 57.39660263 35.00000000 36.00000000
v 57.38344193 35.00000000 37.00000000
v 57.40550995 35.00000000 38.00000000
v 57.42815399 35.00000000 39.00000000
v 57.43856049 35.00000000 40.00000000
v 57.43986511 35.00000000 41.00000000
v 57.43826294 35.00000000 42.00000000
v 57.41736221 35.00000000 43.00000000
v 57.34909058 35.00000000 44.00000000
v 57.14338684 35.00000000 45.00000000
v 57.38035583 36.00000000 17.00000000
v 57.82061768 36.00000000 18.00000000
v 57.92736435 36.00000000 19.00000000
v 57.95415497 36.00000000 20.00000000
v 57.96533585 36.00000000 21.00000000
v 57.96401978 36.00000000 22.00000000
v 57.94626617 36.00000000 23.00000000
v 57.92597580 36.00000000 24.00000000
v 57.89754868 36.00000000 25.00000000
v 57.87400818 36.00000000 26.00000000
v 57.84228516 36.00000000 27.00000000
v 57.79006195 36.00000000 28.00000000
v 57.73047256 36.00000000 29.00000000
v 57.67890549 36.00000000 30.00000000
v 57.61565781 36.00000000 31.00000000
v 57.54855728 36.00000000 32.00000000
v 57.48287582 36.00000000 33.00000000
v 57.42956161 36.00000000 34.00000000
v 57.36646271 36.00000000 35.00000000
v 57.34228897 36.00000000 36.00000000
v 57.33843613 36.00000000 37.00000000
v 57.37508011 36.00000000 38.00000000
v 57.41317749 36.00000000 39.00000000
v 57.42868805 36.00000000 40.00000000
v 57.44020844 36.00000000 41.00000000
v 57.44106293 36.00000000 42.00000000
v 57.41490936 36.00000000 43.00000000
v 57.34441376 36.00000000 44.00000000
v 57.12946320 36.00000000 45.00000000
v 57.01694107 37.00000000 17.00000000
v 57.60204315 37.00000000 18.00000000
v 57.76473236 37.00000000 19.00000000
v 57.84720230 37.00000000 20.00000000
v 57.87397385 37.00000000 21.00000000
v 57.88804626 37.00000000 22.00000000
v 57.88504791 37.00000000 23.00000000
v 57.86669922 37.00000000 24.00000000
v 57.83300018 37.00000000 25.00000000
v 57.79033661 37.00000000 26.00000000
v 57.75336456 37.00000000 27.00000000
v 57.70797729 37.00000000 28.00000000
v 57.65400314 37.00000000 29.00000000
v 57.59580994 37.00000000 30.00000000
v 57.53097916 37.00000000 31.00000000
v 57.46720123 37.00000000 32.00000000
v 57.40099716 37.00000000 33.00000000
v 57.33197784 37.00000000 34.00000000
v 57.25787735 37.00000000 35.00000000
v 57.23796082 37.00000000 36.00000000
v 57.24370193 37.00000000 37.00000000
v 57.28814697 37.00000000 38.00000000
v 57.32956696 37.00000000 39.00000000
v 57.36315155 37.00000000 40.00000000
v 57.38710022 37.00000000 41.00000000
v 57.39302444 37.00000000 42.00000000
v 57.36813354 37.00000000 43.00000000
v 57.29621506 37.00000000 44.00000000
v 57.05379486 37.00000000 45.00000000
v 57.11983871 38.00000000 18.00000000
v 57.37398529 38.00000000 19.00000000
v 57.53641510 38.00000000 20.00000000
v 57.63427734 38.00000000 21.00000000
v 57.68578339 38.00000000 22.00000000
v 57.68435287 38.00000000 23.00000000
v 57.66757584 38.00000000 24.00000000
v 57.64076996 38.00000000 25.00000000
v 57.60815811 38.00000000 26.00000000
v 57.57400894 38.00000000 27.00000000
v 57.54551315 38.00000000 28.00000000
v 57.50531387 38.00000000 29.00000000
v 57.45684814 38.00000000 30.00000000
v 57.38460541 38.00000000 31.00000000
v 57.32804489 38.00000000 32.00000000
v 57.26825714 38.00000000 33.00000000
v 57.17511749 38.00000000 34.00000000
v 57.09613037 38.00000000 35.00000000
v 57.07253265 38.00000000 36.00000000
v 57.13757324 38.00000000 37.00000000
v 57.17259216 38.00000000 38.00000000
v 57.21918106 38.00000000 39.00000000
v 57.26150894 38.00000000 40.00000000
v 57.30372620 38.00000000 41.00000000
v 57.32056808 38.00000000 42.00000000
v 57.29998016 38.00000000 43.00000000
v 57.18302536 38.00000000 44.00000000
v 57.00525665 39.00000000 21.00000000
v 57.10321045 39.00000000 22.00000000
v 57.17023087 39.00000000 23.00000000
v 57.22303391 39.00000000 24.00000000
v 57.24800491 39.00000000 25.00000000
v 57.25064850 39.00000000 26.00000000
v 57.25597000 39.00000000 27.00000000
v 57.24449158 39.00000000 28.00000000
v 57.23072815 39.00000000 29.00000000
v 57.20404816 39.00000000 30.00000000
v 57.14033508 39.00000000 31.00000000
v 57.09057617 39.00000000 32.00000000
v 57.04813385 39.00000000 33.00000000
v 57.01787186 39.00000000 38.00000000
v 57.06045914 39.00000000 39.00000000
v 57.09759903 39.00000000 40.00000000
v 57.13959885 39.00000000 41.00000000
v 57.17172623 39.00000000 42.00000000
v 57.16492081 39.00000000 43.00000000
v 57.02670288 39.00000000 44.00000000
f 3 2 1
f 5 4 1
f 5 1 2
f 7 6 4
f 7 4 5
f 9 8 6
f 9 6 7
f 11 10 8
f 11 8 9
f 13 12 10
f 13 10 11
f 15 14 12
f 15 12 13
f 16 14 15
f 19 18 17
f 17 18 3
f 1 17 3
f 20 17 1
f 21 1 4
f 20 1 21
f 22 4 6
f 21 4 22
f 23 6 8
f 22 6 23
f 24 8 10
f 23 8 24
f 25 10 12
f 24 10 25
f 26 12 14
f 25 12 26
f 14 16 27
f 28 14 27
f 26 14 28
f 29 28 27
f 30 19 17
f 32 31 30
f 17 32 30
f 20 32 17
f 33 20 21
f 32 20 33
f 34 21 22
f 33 21 34
f 35 22 23
f 34 22 35
f 36 23 24
f 35 23 36
f 37 24 25
f 36 24 37
f 38 25 26
f 37 25 38
f 28 40 39
f 38 28 39
f 26 28 38
f 40 28 29
f 41 31 32
f 41 32 33
f 41 33 42
f 44 43 42
f 33 44 42
f 34 44 33
f 45 34 35
f 44 34 45
f 46 35 36
f 45 35 46
f 37 48 47
f 46 37 47
f 36 37 46
f 48 37 38
f 48 38 49
f 49 38 39
f 50 43 44
f 50 44 45
f 50 45 51
f 51 45 46
f 51 46 52
f 52 46 47
f 55 54 53
f 57 56 53
f 57 53 54
f 59 58 56
f 59 56 57
f 61 60 58
f 61 58 59
f 63 62 60
f 63 60 61
f 65 64 62
f 65 62 63
f 67 66 64
f 67 64 65
f 69 68 66
f 69 66 67
f 71 70 68
f 71 68 69
f 73 72 70
f 73 70 71
f 75 74 72
f 75 72 73
f 77 76 74
f 77 74 75
f 79 78 76
f 79 76 77
f 81 80 78
f 81 78 79
f 83 82 80
f 83 80 81
f 85 84 82
f 85 82 83
f 87 86 84
f 87 84 85
f 89 88 86
f 89 86 87
f 91 90 88
f 91 88 89
f 93 92 90
f 93 90 91
f 95 94 92
f 95 92 93
f 97 96 94
f 97 94 95
f 99 98 96
f 99 96 97
f 101 100 98
f 101 98 99
f 103 102 100
f 103 100 101
f 105 104 102
f 105 102 103
f 106 104 105
f 109 108 107
f 107 108 55
f 53 107 55
f 110 107 53
f 111 53 56
f 110 53 111
f 112 56 58
f 111 56 112
f 113 58 60
f 112 58 113
f 114 60 62
f 113 60 114
f 115 62 64
f 114 62 115
f 116 64 66
f 115 64 116
f 117 66 68
f 116 66 117
f 118 68 70
f 117 68 118
f 119 70 72
f 118 70 119
f 120 72 74
f 119 72 120
f 121 74 76
f 120 74 121
f 122 76 78
f 121 76 122
f 123 78 80
f 122 78 123
f 124 80 82
f 123 80 124
f 125 82 84
f 124 82 125
f 126 84 86
f 125 84 126
f 127 86 88
f 126 86 127
f 128 88 90
f 127 88 128
f 129 90 92
f 128 90 129
f 130 92 94
f 129 92 130
f 131 94 96
f 130 94 131
f 132 96 98
f 131 96 132
f 133 98 100
f 132 98 133
f 134 100 102
f 133 100 134
f 135 102 104
f 134 102 135
f 104 106 136
f 137 104 136
f 135 104 137
f 138 137 136
f 109 107 139
f 109 139 140
f 141 107 110
f 139 107 141
f 142 110 111
f 141 110 142
f 143 111 112
f 142 111 143
f 144 112 113
f 143 112 144
f 145 113 114
f 144 113 145
f 146 114 115
f 145 114 146
f 147 115 116
f 146 115 147
f 148 116 117
f 147 116 148
f 149 117 118
f 148 117 149
f 150 118 119
f 149 118 150
f 151 119 120
f 150 119 151
f 152 120 121
f 151 120 152
f 153 121 122
f 152 121 153
f 154 122 123
f 153 122 154
f 155 123 124
f 154 123 155
f 156 124 125
f 155 124 156
f 157 125 126
f 156 125 157
f 158 126 127
f 157 126 158
f 159 127 128
f 158 127 159
f 160 128 129
f 159 128 160
f 161 129 130
f 160 129 161
f 162 130 131
f 161 130 162
f 163 131 132
f 162 131 163
f 164 132 133
f 163 132 164
f 165 133 134
f 164 133 165
f 166 134 135
f 165 134 166
f 167 135 137
f 166 135 167
f 137 138 168
f 137 168 167
f 140 139 169
f 140 169 170
f 171 139 141
f 169 139 171
f 172 141 142
f 171 141 172
f 173 142 143
f 172 142 173
f 174 143 144
f 173 143 174
f 175 144 145
f 174 144 175
f 176 145 146
f 175 145 176
f 177 146 147
f 176 146 177
f 178 147 148
f 177 147 178
f 179 148 149
f 178 148 179
f 180 149 150
f 179 149 180
f 181 150 151
f 180 150 181
f 182 151 152
f 181 151 182
f 183 152 153
f 182 152 183
f 184 153 154
f 183 153 184
f 185 154 155
f 184 154 185
f 186 155 156
f 185 155 186
f 187 156 157
f 186 156 187
f 188 157 158
f 187 157 188
f 189 158 159
f 188 158 189
f 190 159 160
f 189 159 190
f 191 160 161
f 190 160 191
f 192 161 162
f 191 161 192
f 193 162 163
f 192 162 193
f 194 163 164
f 193 163 194
f 195 164 165
f 194 164 195
f 196 165 166
f 195 165 196
f 197 166 167
f 196 166 197
f 167 168 198
f 167 198 197
f 170 169 199
f 170 199 200
f 201 169 171
f 199 169 201
f 202 171 172
f 201 171 202
f 203 172 173
f 202 172 203
f 204 173 174
f 203 173 204
f 205 174 175
f 204 174 205
f 206 175 176
f 205 175 206
f 207 176 177
f 206 176 207
f 208 177 178
f 207 177 208
f 209 178 179
f 208 178 209
f 210 179 180
f 209 179 210
f 211 180 181
f 210 180 211
f 212 181 182
f 211 181 212
f 213 182 183
f 212 182 213
f 214 183 184
f 213 183 214
f 215 184 185
f 214 184 215
f 216 185 186
f 215 185 216
f 217 186 187
f 216 186 217
f 218 187 188
f 217 187 218
f 219 188 189
f 218 188 219
f 220 189 190
f 219 189 220
f 221 190 191
f 220 190 221
f 222 191 192
f 221 191 222
f 223 192 193
f 222 192 223
f 224 193 194
f 223 193 224
f 225 194 195
f 224 194 225
f 226 195 196
f 225 195 226
f 227 196 197
f 226 196 227
f 197 198 228
f 197 228 227
f 200 199 229
f 200 229 230
f 231 199 201
f 229 199 231
f 232 201 202
f 231 201 232
f 233 202 203
f 232 202 233
f 234 203 204
f 233 203 234
f 235 204 205
f 234 204 235
f 236 205 206
f 235 205 236
f 237 206 207
f 236 206 237
f 238 207 208
f 237 207 238
f 239 208 209
f 238 208 239
f 240 209 210
f 239 209 240
f 241 210 211
f 240 210 241
f 242 211 212
f 241 211 242
f 243 212 213
f 242 212 243
f 244 213 214
f 243 213 244
f 245 214 215
f 244 214 245
f 246 215 216
f 245 215 246
f 247 216 217
f 246 216 247
f 248 217 218
f 247 217 248
f 249 218 219
f 248 218 249
f 250 219 220
f 249 219 250
f 251 220 221
f 250 220 251
f 252 221 222
f 251 221 252
f 253 222 223
f 252 222 253
f 254 223 224
f 253 223 254
f 255 224 225
f 254 224 255
f 256 225 226
f 255 225 256
f 257 226 227
f 256 226 257
f 227 228 258
f 227 258 257
f 230 229 259
f 230 259 260
f 261 229 231
f 259 229 261
f 262 231 232
f 261 231 262
f 263 232 233
f 262 232 263
f 264 233 234
f 263 233 264
f 265 234 235
f 264 234 265
f 266 235 236
f 265 235 266
f 267 236 237
f 266 236 267
f 268 237 238
f 267 237 268
f 269 238 239
f 268 238 269
f 270 239 240
f 269 239 270
f 271 240 241
f 270 240 271
f 272 241 242
f 271 241 272
f 273 242 243
f 272 242 273
f 274 243 244
f 273 243 274
f 275 244 245
f 274 244 275
f 276 245 246
f 275 245 276
f 277 246 247
f 276 246 277
f 278 247 248
f 277 247 278
f 279 248 249
f 278 248 279
f 280 249 250
f 279 249 280
f 281 250 251
f 280 250 281
f 282 251 252
f 281 251 282
f 283 252 253
f 282 252 283
f 284 253 254
f 283 253 284
f 285 254 255
f 284 254 285
f 286 255 256
f 285 255 286
f 287 256 257
f 286 256 287
f 257 258 288
f 257 288 287
f 260 259 289
f 260 289 290
f 291 259 261
f 289 259 291
f 292 261 262
f 291 261 292
f 293 262 263
f 292 262 293
f 294 263 264
f 293 263 294
f 295 264 265
f 294 264 295
f 296 265 266
f 295 265 296
f 297 266 267
f 296 266 297
f 298 267 268
f 297 267 298
f 299 268 269
f 298 268 299
f 300 269 270
f 299 269 300
f 301 270 271
f 300 270 301
f 302 271 272
f 301 271 302
f 303 272 273
f 302 272 303
f 304 273 274
f 303 273 304
f 305 274 275
f 304 274 305
f 306 275 276
f 305 275 306
f 307 276 277
f 306 276 307
f 308 277 278
f 307 277 308
f 309 278 279
f 308 278 309
f 310 279 280
f 309 279 310
f 311 280 281
f 310 280 311
f 312 281 282
f 311 281 312
f 313 282 283
f 312 282 313
f 314 283 284
f 313 283 314
f 315 284 285
f 314 284 315
f 316 285 286
f 315 285 316
f 317 286 287
f 316 286 317
f 287 288 318
f 287 318 317
f 290 289 319
f 290 319 320
f 321 289 291
f 319 289 321
f 322 291 292
f 321 291 322
f 323 292 293
f 322 292 323
f 324 293 294
f 323 293 324
f 325 294 295
f 324 294 325
f 326 295 296
f 325 295 326
f 327 296 297
f 326 296 327
f 328 297 298
f 327 297 328
f 329 298 299
f 328 298 329
f 330 299 300
f 329 299 330
f 331 300 301
f 330 300 331
f 332 301 302
f 331 301 332
f 333 302 303
f 332 302 333
f 334 303 304
f 333 303 334
f 335 304 305
f 334 304 335
f 336 305 306
f 335 305 336
f 337 306 307
f 336 306 337
f 338 307 308
f 337 307 338
f 339 308 309
f 338 308 339
f 340 309 310
f 339 309 340
f 341 310 311
f 340 310 341
f 342 311 312
f 341 311 342
f 343 312 313
f 342 312 343
f 344 313 314
f 343 313 344
f 345 314 315
f 344 314 345
f 346 315 316
f 345 315 346
f 347 316 317
f 346 316 347
f 317 318 348
f 317 348 347
f 320 319 349
f 320 349 350
f 351 319 321
f 349 319 351
f 352 321 322
f 351 321 352
f 353 322 323
f 352 322 353
f 354 323 324
f 353 323 354
f 355 324 325
f 354 324 355
f 356 325 326
f 355 325 356
f 357 326 327
f 356 326 357
f 358 327 328
f 357 327 358
f 359 328 329
f 358 328 359
f 360 329 330
f 359 329 360
f 361 330 331
f 360 330 361
f 362 331 332
f 361 331 362
f 363 332 333
f 362 332 363
f 364 333 334
f 363 333 364
f 365 334 335
f 364 334 365
f 366 335 336
f 365 335 366
f 367 336 337
f 366 336 367
f 368 337 338
f 367 337 368
f 369 338 339
f 368 338 369
f 370 339 340
f 369 339 370
f 371 340 341
f 370 340 371
f 372 341 342
f 371 341 372
f 373 342 343
f 372 342 373
f 374 343 344
f 373 343 374
f 375 344 345
f 374 344 375
f 376 345 346
f 375 345 376
f 377 346 347
f 376 346 377
f 347 348 378
f 347 378 377
f 350 349 379
f 350 379 380
f 381 349 351
f 379 349 381
f 382 351 352
f 381 351 382
f 383 352 353
f 382 352 383
f 384 353 354
f 383 353 384
f 385 354 355
f 384 354 385
f 386 355 356
f 385 355 386
f 387 356 357
f 386 356 387
f 388 357 358
f 387 357 388
f 389 358 359
f 388 358 389
f 390 359 360
f 389 359 390
f 391 360 361
f 390 360 391
f 392 361 362
f 391 361 392
f 393 362 363
f 392 362 393
f 394 363 364
f 393 363 394
f 395 364 365
f 394 364 395
f 396 365 366
f 395 365 396
f 397 366 367
f 396 366 397
f 398 367 368
f 397 367 398
f 399 368 369
f 398 368 399
f 400 369 370
f 399 369 400
f 401 370 371
f 400 370 401
f 402 371 372
f 401 371 402
f 403 372 373
f 402 372 403
f 404 373 374
f 403 373 404
f 405 374 375
f 404 374 405
f 406 375 376
f 405 375 406
f 407 376 377
f 406 376 407
f 377 378 408
f 377 408 407
f 380 379 409
f 380 409 410
f 411 379 381
f 409 379 411
f 412 381 382
f 411 381 412
f 413 382 383
f 412 382 413
f 414 383 384
f 413 383 414
f 415 384 385
f 414 384 415
f 416 385 386
f 415 385 416
f 417 386 387
f 416 386 417
f 418 387 388
f 417 387 418
f 419 388 389
f 418 388 419
f 420 389 390
f 419 389 420
f 421 390 391
f 420 390 421
f 422 391 392
f 421 391 422
f 423 392 393
f 422 392 423
f 424 393 394
f 423 393 424
f 425 394 395
f 424 394 425
f 426 395 396
f 425 395 426
f 427 396 397
f 426 396 427
f 428 397 398
f 427 397 428
f 429 398 399
f 428 398 429
f 430 399 400
f 429 399 430
f 431 400 401
f 430 400 431
f 432 401 402
f 431 401 432
f 433 402 403
f 432 402 433
f 434 403 404
f 433 403 434
f 435 404 405
f 434 404 435
f 436 405 406
f 435 405 436
f 437 406 407
f 436 406 437
f 407 408 438
f 407 438 437
f 441 440 439
f 439 440 410
f 409 439 410
f 442 439 409
f 443 409 411
f 442 409 443
f 3 443 2
f 443 412 2
f 443 411 412
f 2 412 5
f 5 412 413
f 5 413 7
f 7 413 414
f 7 414 9
f 9 414 415
f 9 415 11
f 11 415 416
f 11 416 13
f 13 416 417
f 13 417 15
f 15 417 418
f 15 418 16
f 418 444 16
f 418 419 444
f 445 419 420
f 444 419 445
f 446 420 421
f 445 420 446
f 447 421 422
f 446 421 447
f 448 422 423
f 447 422 448
f 449 423 424
f 448 423 449
f 450 424 425
f 449 424 450
f 451 425 426
f 450 425 451
f 452 426 427
f 451 426 452
f 453 427 428
f 452 427 453
f 454 428 429
f 453 428 454
f 455 429 430
f 454 429 455
f 456 430 431
f 455 430 456
f 457 431 432
f 456 431 457
f 458 432 433
f 457 432 458
f 459 433 434
f 458 433 459
f 460 434 435
f 459 434 460
f 461 435 436
f 460 435 461
f 462 436 437
f 461 436 462
f 437 438 463
f 437 463 462
f 441 439 464
f 441 464 465
f 466 439 442
f 464 439 466
f 19 466 18
f 466 443 18
f 466 442 443
f 18 443 3
f 444 27 16
f 27 444 29
f 444 467 29
f 444 445 467
f 468 445 446
f 467 445 468
f 469 446 447
f 468 446 469
f 470 447 448
f 469 447 470
f 471 448 449
f 470 448 471
f 472 449 450
f 471 449 472
f 473 450 451
f 472 450 473
f 474 451 452
f 473 451 474
f 475 452 453
f 474 452 475
f 476 453 454
f 475 453 476
f 477 454 455
f 476 454 477
f 478 455 456
f 477 455 478
f 479 456 457
f 478 456 479
f 480 457 458
f 479 457 480
f 481 458 459
f 480 458 481
f 482 459 460
f 481 459 482
f 483 460 461
f 482 460 483
f 484 461 462
f 483 461 484
f 462 463 485
f 462 485 484
f 465 464 486
f 465 486 487
f 488 464 466
f 486 464 488
f 30 489 19
f 489 466 19
f 489 488 466
f 31 489 30
f 490 39 40
f 29 467 40
f 467 490 40
f 467 491 490
f 492 467 468
f 491 467 492
f 493 468 469
f 492 468 493
f 494 469 470
f 493 469 494
f 495 470 471
f 494 470 495
f 496 471 472
f 495 471 496
f 497 472 473
f 496 472 497
f 498 473 474
f 497 473 498
f 499 474 475
f 498 474 499
f 500 475 476
f 499 475 500
f 501 476 477
f 500 476 501
f 502 477 478
f 501 477 502
f 503 478 479
f 502 478 503
f 504 479 480
f 503 479 504
f 505 480 481
f 504 480 505
f 506 481 482
f 505 481 506
f 507 482 483
f 506 482 507
f 508 483 484
f 507 483 508
f 484 485 509
f 484 509 508
f 487 486 510
f 487 510 511
f 512 486 488
f 510 486 512
f 513 488 489
f 512 488 513
f 41 514 31
f 514 489 31
f 514 513 489
f 42 515 41
f 41 515 514
f 43 515 42
f 516 47 48
f 49 517 48
f 48 517 516
f 39 490 49
f 490 517 49
f 490 518 517
f 519 490 491
f 518 490 519
f 520 491 492
f 519 491 520
f 521 492 493
f 520 492 521
f 522 493 494
f 521 493 522
f 523 494 495
f 522 494 523
f 524 495 496
f 523 495 524
f 525 496 497
f 524 496 525
f 526 497 498
f 525 497 526
f 527 498 499
f 526 498 527
f 528 499 500
f 527 499 528
f 529 500 501
f 528 500 529
f 530 501 502
f 529 501 530
f 531 502 503
f 530 502 531
f 532 503 504
f 531 503 532
f 533 504 505
f 532 504 533
f 534 505 506
f 533 505 534
f 535 506 507
f 534 506 535
f 536 507 508
f 535 507 536
f 508 509 537
f 508 537 536
f 538 511 510
f 540 539 538
f 510 540 538
f 512 540 510
f 541 512 513
f 540 512 541
f 542 513 514
f 541 513 542
f 543 514 515
f 542 514 543
f 50 544 43
f 544 515 43
f 544 543 515
f 51 545 50
f 50 545 544
f 52 546 51
f 51 546 545
f 47 516 52
f 516 546 52
f 516 547 546
f 548 516 517
f 547 516 548
f 549 517 518
f 548 517 549
f 550 518 519
f 549 518 550
f 551 519 520
f 550 519 551
f 552 520 521
f 551 520 552
f 553 521 522
f 552 521 553
f 554 522 523
f 553 522 554
f 555 523 524
f 554 523 555
f 556 524 525
f 555 524 556
f 557 525 526
f 556 525 557
f 558 526 527
f 557 526 558
f 559 527 528
f 558 527 559
f 560 528 529
f 559 528 560
f 561 529 530
f 560 529 561
f 562 530 531
f 561 530 562
f 563 531 532
f 562 531 563
f 564 532 533
f 563 532 564
f 565 533 534
f 564 533 565
f 566 534 535
f 565 534 566
f 567 535 536
f 566 535 567
f 536 537 568
f 536 568 567
f 569 539 540
f 571 570 569
f 540 571 569
f 541 571 540
f 572 541 542
f 571 541 572
f 573 542 543
f 572 542 573
f 574 543 544
f 573 543 574
f 575 544 545
f 574 544 575
f 576 545 546
f 575 545 576
f 577 546 547
f 576 546 577
f 578 547 548
f 577 547 578
f 579 548 549
f 578 548 579
f 580 549 550
f 579 549 580
f 581 550 551
f 580 550 581
f 582 551 552
f 581 551 582
f 583 552 553
f 582 552 583
f 584 553 554
f 583 553 584
f 585 554 555
f 584 554 585
f 586 555 556
f 585 555 586
f 587 556 557
f 586 556 587
f 588 557 558
f 587 557 588
f 589 558 559
f 588 558 589
f 590 559 560
f 589 559 590
f 591 560 561
f 590 560 591
f 592 561 562
f 591 561 592
f 593 562 563
f 592 562 593
f 594 563 564
f 593 563 594
f 595 564 565
f 594 564 595
f 596 565 566
f 595 565 596
f 597 566 567
f 596 566 597
f 567 568 598
f 567 598 597
f 599 570 571
f 599 571 572
f 599 572 600
f 600 572 573
f 600 573 601
f 601 573 574
f 601 574 602
f 604 603 602
f 574 604 602
f 575 604 574
f 605 575 576
f 604 575 605
f 606 576 577
f 605 576 606
f 607 577 578
f 606 577 607
f 608 578 579
f 607 578 608
f 609 579 580
f 608 579 609
f 610 580 581
f 609 580 610
f 611 581 582
f 610 581 611
f 612 582 583
f 611 582 612
f 613 583 584
f 612 583 613
f 614 584 585
f 613 584 614
f 586 616 615
f 614 586 615
f 585 586 614
f 616 586 587
f 616 587 617
f 617 587 588
f 617 588 618
f 620 619 618
f 588 620 618
f 589 620 588
f 621 589 590
f 620 589 621
f 622 590 591
f 621 590 622
f 623 591 592
f 622 591 623
f 624 592 593
f 623 592 624
f 625 593 594
f 624 593 625
f 626 594 595
f 625 594 626
f 627 595 596
f 626 595 627
f 597 629 628
f 627 597 628
f 596 597 627
f 629 597 598
f 630 603 604
f 630 604 605
f 630 605 631
f 631 605 606
f 631 606 632
f 632 606 607
f 632 607 633
f 633 607 608
f 633 608 634
f 634 608 609
f 634 609 635
f 635 609 610
f 635 610 636
f 636 610 611
f 636 611 637
f 637 611 612
f 637 612 638
f 638 612 613
f 638 613 639
f 639 613 614
f 639 614 640
f 640 614 615
f 641 619 620
f 641 620 621
f 641 621 642
f 642 621 622
f 642 622 643
f 643 622 623
f 643 623 644
f 646 645 644
f 623 646 644
f 624 646 623
f 647 624 625
f 646 624 647
f 626 649 648
f 647 626 648
f 625 626 647
f 649 626 627
f 649 627 650
f 650 627 628
f 651 645 646
f 651 646 647
f 651 647 652
f 652 647 648
f 655 654 653
f 54 55 653
f 654 54 653
f 656 54 654
f 54 657 57
f 656 657 54
f 57 658 59
f 657 658 57
f 59 659 61
f 658 659 59
f 61 660 63
f 659 660 61
f 63 661 65
f 660 661 63
f 65 662 67
f 661 662 65
f 67 663 69
f 662 663 67
f 69 664 71
f 663 664 69
f 71 665 73
f 664 665 71
f 73 666 75
f 665 666 73
f 75 667 77
f 666 667 75
f 77 668 79
f 667 668 77
f 79 669 81
f 668 669 79
f 81 670 83
f 669 670 81
f 83 671 85
f 670 671 83
f 85 672 87
f 671 672 85
f 87 673 89
f 672 673 87
f 89 674 91
f 673 674 89
f 91 675 93
f 674 675 91
f 93 676 95
f 675 676 93
f 95 677 97
f 676 677 95
f 97 678 99
f 677 678 97
f 99 679 101
f 678 679 99
f 101 680 103
f 679 680 101
f 103 681 105
f 680 681 103
f 683 682 106
f 105 683 106
f 681 683 105
f 684 682 683
f 655 653 108
f 109 655 108
f 685 655 109
f 108 653 55
f 682 136 106
f 138 136 682
f 684 138 682
f 686 138 684
f 140 685 109
f 140 687 685
f 686 168 138
f 688 168 686
f 170 687 140
f 170 689 687
f 688 198 168
f 690 198 688
f 200 689 170
f 200 691 689
f 690 228 198
f 692 228 690
f 230 691 200
f 230 693 691
f 692 258 228
f 694 258 692
f 260 693 230
f 260 695 693
f 694 288 258
f 696 288 694
f 290 695 260
f 290 697 695
f 696 318 288
f 698 318 696
f 320 697 290
f 320 699 697
f 698 348 318
f 700 348 698
f 703 702 701
f 702 699 701
f 699 350 701
f 699 320 350
f 700 378 348
f 704 378 700
f 703 701 705
f 703 705 706
f 380 705 350
f 350 705 701
f 704 408 378
f 707 408 704
f 706 705 708
f 706 708 709
f 410 708 380
f 380 708 705
f 707 438 408
f 710 438 707
f 709 708 440
f 441 709 440
f 711 709 441
f 440 708 410
f 710 463 438
f 712 463 710
f 465 711 441
f 465 713 711
f 712 485 463
f 714 485 712
f 487 713 465
f 487 715 713
f 717 509 716
f 509 714 716
f 509 485 714
f 718 717 716
f 511 715 487
f 511 719 715
f 720 537 717
f 717 537 509
f 717 718 721
f 717 721 720
f 511 538 722
f 723 511 722
f 719 511 723
f 539 722 538
f 725 724 720
f 724 537 720
f 724 568 537
f 725 720 721
f 726 723 722
f 728 726 727
f 727 726 569
f 726 722 569
f 722 539 569
f 570 727 569
f 724 598 568
f 729 598 724
f 730 728 727
f 730 727 570
f 599 730 570
f 731 730 599
f 733 731 732
f 731 600 732
f 731 599 600
f 601 734 600
f 600 734 732
f 602 735 601
f 601 735 734
f 603 735 602
f 736 615 616
f 617 737 616
f 616 737 736
f 618 738 617
f 617 738 737
f 619 738 618
f 739 628 629
f 740 739 629
f 598 740 629
f 729 740 598
f 741 733 732
f 741 732 734
f 741 734 742
f 742 734 735
f 742 735 743
f 743 735 603
f 630 743 603
f 744 743 630
f 745 630 631
f 745 744 630
f 747 745 746
f 745 632 746
f 745 631 632
f 633 748 632
f 632 748 746
f 634 749 633
f 633 749 748
f 635 750 634
f 634 750 749
f 636 751 635
f 635 751 750
f 637 752 636
f 636 752 751
f 638 753 637
f 637 753 752
f 639 754 638
f 638 754 753
f 640 755 639
f 639 755 754
f 615 736 640
f 736 755 640
f 736 756 755
f 757 736 737
f 756 736 757
f 758 737 738
f 757 737 758
f 641 759 619
f 759 738 619
f 759 758 738
f 642 760 641
f 641 760 759
f 643 761 642
f 642 761 760
f 644 762 643
f 643 762 761
f 645 762 644
f 763 648 649
f 650 764 649
f 649 764 763
f 628 739 650
f 739 764 650
f 739 765 764
f 739 740 766
f 739 766 765
f 767 747 746
f 767 746 748
f 767 748 768
f 768 748 749
f 768 749 769
f 769 749 750
f 769 750 770
f 770 750 751
f 770 751 771
f 771 751 752
f 771 752 772
f 772 752 753
f 772 753 773
f 773 753 754
f 773 754 774
f 774 754 755
f 774 755 775
f 775 755 756
f 775 756 776
f 776 756 757
f 776 757 777
f 777 757 758
f 777 758 778
f 778 758 759
f 778 759 779
f 779 759 760
f 779 760 780
f 782 781 780
f 760 782 780
f 761 782 760
f 783 761 762
f 782 761 783
f 651 784 645
f 784 762 645
f 784 783 762
f 652 785 651
f 651 785 784
f 648 763 652
f 763 785 652
f 763 786 785
f 764 788 787
f 786 764 787
f 763 764 786
f 788 764 765
f 788 765 789
f 789 765 766
f 790 781 782
f 790 782 783
f 790 783 791
f 791 783 784
f 791 784 792
f 792 784 785
f 792 785 793
f 793 785 786
f 793 786 794
f 794 786 787
f 796 795 654
f 796 654 655
f 654 797 656
f 795 797 654
f 656 798 657
f 797 798 656
f 657 799 658
f 798 799 657
f 658 800 659
f 799 800 658
f 659 801 660
f 800 801 659
f 660 802 661
f 801 802 660
f 661 803 662
f 802 803 661
f 662 804 663
f 803 804 662
f 663 805 664
f 804 805 663
f 664 806 665
f 805 806 664
f 665 807 666
f 806 807 665
f 666 808 667
f 807 808 666
f 667 809 668
f 808 809 667
f 668 810 669
f 809 810 668
f 669 811 670
f 810 811 669
f 670 812 671
f 811 812 670
f 671 813 672
f 812 813 671
f 672 814 673
f 813 814 672
f 673 815 674
f 814 815 673
f 674 816 675
f 815 816 674
f 675 817 676
f 816 817 675
f 676 818 677
f 817 818 676
f 677 819 678
f 818 819 677
f 678 820 679
f 819 820 678
f 679 821 680
f 820 821 679
f 680 822 681
f 821 822 680
f 681 823 683
f 822 823 681
f 684 683 823
f 684 823 824
f 685 796 655
f 685 825 796
f 824 686 684
f 826 686 824
f 687 825 685
f 687 827 825
f 826 688 686
f 828 688 826
f 689 827 687
f 689 829 827
f 828 690 688
f 830 690 828
f 691 829 689
f 691 831 829
f 830 692 690
f 832 692 830
f 693 831 691
f 693 833 831
f 832 694 692
f 834 694 832
f 695 833 693
f 695 835 833
f 834 696 694
f 836 696 834
f 697 835 695
f 697 837 835
f 836 698 696
f 838 698 836
f 841 840 839
f 840 837 839
f 837 699 839
f 837 697 699
f 838 700 698
f 842 700 838
f 841 839 702
f 703 841 702
f 843 841 703
f 702 839 699
f 842 704 700
f 844 704 842
f 706 843 703
f 706 845 843
f 844 707 704
f 846 707 844
f 709 845 706
f 709 847 845
f 849 710 848
f 710 846 848
f 710 707 846
f 850 849 848
f 711 847 709
f 711 851 847
f 852 712 849
f 849 712 710
f 849 850 853
f 849 853 852
f 713 851 711
f 713 854 851
f 855 714 852
f 852 714 712
f 852 853 856
f 852 856 855
f 715 854 713
f 715 857 854
f 855 716 714
f 718 716 855
f 856 718 855
f 858 718 856
f 719 857 715
f 719 859 857
f 858 721 718
f 860 721 858
f 723 859 719
f 723 861 859
f 862 724 725
f 863 862 725
f 721 863 725
f 860 863 721
f 864 861 723
f 864 723 726
f 726 728 864
f 864 728 865
f 866 729 862
f 862 729 724
f 862 863 867
f 862 867 866
f 868 865 728
f 868 728 730
f 870 868 869
f 868 731 869
f 868 730 731
f 733 869 731
f 872 871 866
f 871 729 866
f 871 740 729
f 872 866 867
f 873 870 869
f 873 869 733
f 741 873 733
f 874 873 741
f 875 741 742
f 875 874 741
f 876 742 743
f 876 875 742
f 877 743 744
f 877 876 743
f 879 877 878
f 877 745 878
f 877 744 745
f 747 878 745
f 871 766 740
f 880 766 871
f 881 879 878
f 881 878 747
f 767 881 747
f 882 881 767
f 883 767 768
f 883 882 767
f 884 768 769
f 884 883 768
f 885 769 770
f 885 884 769
f 886 770 771
f 886 885 770
f 887 771 772
f 887 886 771
f 888 772 773
f 888 887 772
f 889 773 774
f 889 888 773
f 890 774 775
f 890 889 774
f 891 775 776
f 891 890 775
f 892 776 777
f 892 891 776
f 893 777 778
f 893 892 777
f 895 893 894
f 893 779 894
f 893 778 779
f 780 896 779
f 779 896 894
f 781 896 780
f 897 787 788
f 897 788 898
f 788 899 898
f 788 789 899
f 789 766 880
f 789 880 899
f 900 895 894
f 900 894 896
f 900 896 901
f 901 896 781
f 790 901 781
f 902 901 790
f 903 790 791
f 903 902 790
f 904 791 792
f 904 903 791
f 905 792 793
f 905 904 792
f 906 793 794
f 906 905 793
f 794 787 897
f 907 794 897
f 906 794 907
f 907 897 898
f 909 908 795
f 909 795 796
f 795 910 797
f 908 910 795
f 797 911 798
f 910 911 797
f 798 912 799
f 911 912 798
f 799 913 800
f 912 913 799
f 800 914 801
f 913 914 800
f 801 915 802
f 914 915 801
f 802 916 803
f 915 916 802
f 803 917 804
f 916 917 803
f 804 918 805
f 917 918 804
f 805 919 806
f 918 919 805
f 806 920 807
f 919 920 806
f 807 921 808
f 920 921 807
f 808 922 809
f 921 922 808
f 809 923 810
f 922 923 809
f 810 924 811
f 923 924 810
f 811 925 812
f 924 925 811
f 812 926 813
f 925 926 812
f 813 927 814
f 926 927 813
f 814 928 815
f 927 928 814
f 815 929 816
f 928 929 815
f 816 930 817
f 929 930 816
f 817 931 818
f 930 931 817
f 818 932 819
f 931 932 818
f 819 933 820
f 932 933 819
f 820 934 821
f 933 934 820
f 821 935 822
f 934 935 821
f 822 936 823
f 935 936 822
f 824 823 936
f 824 936 937
f 825 909 796
f 825 938 909
f 937 826 824
f 939 826 937
f 827 938 825
f 827 940 938
f 939 828 826
f 941 828 939
f 829 940 827
f 829 942 940
f 941 830 828
f 943 830 941
f 831 942 829
f 831 944 942
f 943 832 830
f 945 832 943
f 833 944 831
f 833 946 944
f 945 834 832
f 947 834 945
f 835 946 833
f 835 948 946
f 947 836 834
f 949 836 947
f 837 948 835
f 837 950 948
f 949 838 836
f 951 838 949
f 953 952 840
f 953 840 841
f 837 840 950
f 950 840 952
f 951 842 838
f 954 842 951
f 843 953 841
f 843 955 953
f 954 844 842
f 956 844 954
f 845 955 843
f 845 957 955
f 959 846 958
f 846 956 958
f 846 844 956
f 960 959 958
f 847 957 845
f 847 961 957
f 959 848 846
f 850 848 959
f 960 850 959
f 962 850 960
f 851 961 847
f 851 963 961
f 962 853 850
f 964 853 962
f 854 963 851
f 854 965 963
f 964 856 853
f 966 856 964
f 857 965 854
f 857 967 965
f 966 858 856
f 968 858 966
f 859 967 857
f 859 969 967
f 968 860 858
f 970 860 968
f 861 969 859
f 861 971 969
f 970 863 860
f 972 863 970
f 973 971 861
f 973 861 864
f 864 865 973
f 973 865 974
f 972 867 863
f 975 867 972
f 976 974 865
f 976 865 868
f 868 870 976
f 976 870 977
f 979 978 872
f 872 978 871
f 872 867 975
f 872 975 979
f 980 977 870
f 980 870 873
f 981 873 874
f 981 980 873
f 982 874 875
f 982 981 874
f 983 875 876
f 983 982 875
f 984 876 877
f 984 983 876
f 877 879 984
f 984 879 985
f 978 880 871
f 986 880 978
f 987 985 879
f 987 879 881
f 988 881 882
f 988 987 881
f 989 882 883
f 989 988 882
f 990 883 884
f 990 989 883
f 991 884 885
f 991 990 884
f 992 885 886
f 992 991 885
f 993 886 887
f 993 992 886
f 994 887 888
f 994 993 887
f 995 888 889
f 995 994 888
f 996 889 890
f 996 995 889
f 997 890 891
f 997 996 890
f 998 891 892
f 998 997 891
f 1000 998 999
f 998 893 999
f 998 892 893
f 895 999 893
f 1002 1001 899
f 899 1001 898
f 899 880 986
f 899 986 1002
f 1003 1000 999
f 1003 999 895
f 900 1003 895
f 1004 1003 900
f 1005 900 901
f 1005 1004 900
f 1006 901 902
f 1006 1005 901
f 1007 902 903
f 1007 1006 902
f 1008 903 904
f 1008 1007 903
f 1009 904 905
f 1009 1008 904
f 1010 905 906
f 1010 1009 905
f 1011 906 907
f 1011 1010 906
f 907 898 1001
f 907 1001 1011
f 1013 1012 908
f 1013 908 909
f 908 1014 910
f 1012 1014 908
f 910 1015 911
f 1014 1015 910
f 911 1016 912
f 1015 1016 911
f 912 1017 913
f 1016 1017 912
f 913 1018 914
f 1017 1018 913
f 914 1019 915
f 1018 1019 914
f 915 1020 916
f 1019 1020 915
f 916 1021 917
f 1020 1021 916
f 917 1022 918
f 1021 1022 917
f 918 1023 919
f 1022 1023 918
f 919 1024 920
f 1023 1024 919
f 920 1025 921
f 1024 1025 920
f 921 1026 922
f 1025 1026 921
f 922 1027 923
f 1026 1027 922
f 923 1028 924
f 1027 1028 923
f 924 1029 925
f 1028 1029 924
f 925 1030 926
f 1029 1030 925
f 926 1031 927
f 1030 1031 926
f 927 1032 928
f 1031 1032 927
f 928 1033 929
f 1032 1033 928
f 929 1034 930
f 1033 1034 929
f 930 1035 931
f 1034 1035 930
f 931 1036 932
f 1035 1036 931
f 932 1037 933
f 1036 1037 932
f 933 1038 934
f 1037 1038 933
f 934 1039 935
f 1038 1039 934
f 935 1040 936
f 1039 1040 935
f 937 936 1040
f 937 1040 1041
f 938 1013 909
f 938 1042 1013
f 1041 939 937
f 1043 939 1041
f 940 1042 938
f 940 1044 1042
f 1043 941 939
f 1045 941 1043
f 942 1044 940
f 942 1046 1044
f 1045 943 941
f 1047 943 1045
f 944 1046 942
f 944 1048 1046
f 1047 945 943
f 1049 945 1047
f 946 1048 944
f 946 1050 1048
f 1049 947 945
f 1051 947 1049
f 948 1050 946
f 948 1052 1050
f 1051 949 947
f 1053 949 1051
f 950 1052 948
f 950 1054 1052
f 1053 951 949
f 1055 951 1053
f 1057 1056 952
f 1057 952 953
f 950 952 1054
f 1054 952 1056
f 1055 954 951
f 1058 954 1055
f 955 1057 953
f 955 1059 1057
f 1058 956 954
f 1060 956 1058
f 957 1062 1061
f 1059 957 1061
f 955 957 1059
f 1062 1063 1061
f 1060 1064 956
f 956 1064 958
f 960 958 1064
f 960 1064 1065
f 961 1066 1062
f 961 1062 957
f 1063 1062 1067
f 1067 1062 1066
f 1065 962 960
f 1068 962 1065
f 1070 1069 1066
f 961 1070 1066
f 963 1070 961
f 1066 1069 1067
f 1068 964 962
f 1071 964 1068
f 965 1070 963
f 965 1072 1070
f 1071 966 964
f 1073 966 1071
f 967 1072 965
f 967 1074 1072
f 1073 968 966
f 1075 968 1073
f 969 1074 967
f 969 1076 1074
f 1075 970 968
f 1077 970 1075
f 971 1076 969
f 971 1078 1076
f 1077 972 970
f 1079 972 1077
f 1080 1078 971
f 1080 971 973
f 973 974 1080
f 1080 974 1081
f 1079 975 972
f 1082 975 1079
f 1083 1081 974
f 1083 974 976
f 1085 1084 977
f 1084 976 977
f 1084 1083 976
f 1087 1086 1085
f 1085 1086 1084
f 1087 1088 1086
f 1089 978 979
f 1090 1089 979
f 975 1090 979
f 1082 1090 975
f 980 1085 977
f 1085 980 981
f 1085 981 1087
f 1091 1088 1087
f 981 1091 1087
f 982 1091 981
f 1092 982 983
f 1092 1091 982
f 1093 983 984
f 1093 1092 983
f 1095 1094 985
f 1094 984 985
f 1094 1093 984
f 1097 1096 1095
f 1095 1096 1094
f 1099 1098 1097
f 1097 1098 1096
f 1101 1100 1099
f 1099 1100 1098
f 1103 1102 1101
f 1101 1102 1100
f 1103 1104 1102
f 1106 1105 1089
f 1105 978 1089
f 1105 986 978
f 1106 1089 1090
f 987 1095 985
f 1095 987 988
f 1095 988 1097
f 1097 988 989
f 1097 989 1099
f 1099 989 990
f 1099 990 1101
f 1101 990 991
f 1101 991 1103
f 1107 1104 1103
f 991 1107 1103
f 992 1107 991
f 1108 992 993
f 1108 1107 992
f 1109 993 994
f 1109 1108 993
f 1110 994 995
f 1110 1109 994
f 1111 995 996
f 1111 1110 995
f 1112 996 997
f 1112 1111 996
f 1113 997 998
f 1113 1112 997
f 1115 1114 1000
f 1114 998 1000
f 1114 1113 998
f 1115 1116 1114
f 1118 1117 1002
f 1002 1117 1001
f 1002 986 1105
f 1002 1105 1118
f 1003 1115 1000
f 1119 1116 1115
f 1003 1119 1115
f 1004 1119 1003
f 1120 1004 1005
f 1120 1119 1004
f 1121 1005 1006
f 1121 1120 1005
f 1122 1006 1007
f 1122 1121 1006
f 1123 1007 1008
f 1123 1122 1007
f 1124 1008 1009
f 1124 1123 1008
f 1125 1009 1010
f 1125 1124 1009
f 1126 1010 1011
f 1126 1125 1010
f 1011 1001 1117
f 1011 1117 1126
f 1128 1127 1012
f 1128 1012 1013
f 1012 1129 1014
f 1127 1129 1012
f 1014 1130 1015
f 1129 1130 1014
f 1015 1131 1016
f 1130 1131 1015
f 1016 1132 1017
f 1131 1132 1016
f 1017 1133 1018
f 1132 1133 1017
f 1018 1134 1019
f 1133 1134 1018
f 1019 1135 1020
f 1134 1135 1019
f 1020 1136 1021
f 1135 1136 1020
f 1021 1137 1022
f 1136 1137 1021
f 1022 1138 1023
f 1137 1138 1022
f 1023 1139 1024
f 1138 1139 1023
f 1024 1140 1025
f 1139 1140 1024
f 1025 1141 1026
f 1140 1141 1025
f 1026 1142 1027
f 1141 1142 1026
f 1027 1143 1028
f 1142 1143 1027
f 1028 1144 1029
f 1143 1144 1028
f 1029 1145 1030
f 1144 1145 1029
f 1030 1146 1031
f 1145 1146 1030
f 1031 1147 1032
f 1146 1147 1031
f 1032 1148 1033
f 1147 1148 1032
f 1033 1149 1034
f 1148 1149 1033
f 1034 1150 1035
f 1149 1150 1034
f 1035 1151 1036
f 1150 1151 1035
f 1036 1152 1037
f 1151 1152 1036
f 1037 1153 1038
f 1152 1153 1037
f 1038 1154 1039
f 1153 1154 1038
f 1039 1155 1040
f 1154 1155 1039
f 1041 1040 1155
f 1041 1155 1156
f 1042 1128 1013
f 1042 1157 1128
f 1156 1043 1041
f 1158 1043 1156
f 1044 1157 1042
f 1044 1159 1157
f 1158 1045 1043
f 1160 1045 1158
f 1046 1159 1044
f 1046 1161 1159
f 1160 1047 1045
f 1162 1047 1160
f 1048 1161 1046
f 1048 1163 1161
f 1162 1049 1047
f 1164 1049 1162
f 1050 1163 1048
f 1050 1165 1163
f 1164 1051 1049
f 1166 1051 1164
f 1052 1165 1050
f 1052 1167 1165
f 1166 1053 1051
f 1168 1053 1166
f 1054 1167 1052
f 1054 1169 1167
f 1168 1055 1053
f 1170 1055 1168
f 1172 1171 1056
f 1172 1056 1057
f 1054 1056 1169
f 1169 1056 1171
f 1170 1058 1055
f 1173 1058 1170
f 1059 1172 1057
f 1059 1174 1172
f 1173 1060 1058
f 1175 1060 1173
f 1176 1174 1059
f 1176 1059 1061
f 1061 1063 1176
f 1176 1063 1177
f 1175 1178 1060
f 1060 1178 1064
f 1065 1064 1178
f 1065 1178 1179
f 1067 1177 1063
f 1067 1180 1177
f 1179 1068 1065
f 1181 1068 1179
f 1070 1182 1069
f 1182 1183 1069
f 1183 1067 1069
f 1183 1180 1067
f 1181 1071 1068
f 1184 1071 1181
f 1186 1185 1182
f 1070 1186 1182
f 1072 1186 1070
f 1182 1185 1183
f 1184 1073 1071
f 1187 1073 1184
f 1074 1186 1072
f 1074 1188 1186
f 1187 1075 1073
f 1189 1075 1187
f 1076 1191 1190
f 1188 1076 1190
f 1074 1076 1188
f 1191 1192 1190
f 1189 1077 1075
f 1193 1077 1189
f 1078 1194 1191
f 1078 1191 1076
f 1192 1191 1195
f 1195 1191 1194
f 1193 1079 1077
f 1196 1079 1193
f 1080 1194 1078
f 1198 1197 1081
f 1081 1197 1080
f 1197 1195 1080
f 1195 1194 1080
f 1200 1199 1198
f 1198 1199 1197
f 1202 1201 1200
f 1200 1201 1199
f 1202 1203 1201
f 1196 1082 1079
f 1204 1082 1196
f 1083 1198 1081
f 1198 1083 1084
f 1198 1084 1200
f 1200 1084 1086
f 1200 1086 1202
f 1206 1205 1088
f 1088 1205 1086
f 1205 1203 1086
f 1203 1202 1086
f 1208 1207 1206
f 1206 1207 1205
f 1210 1209 1208
f 1208 1209 1207
f 1212 1211 1210
f 1210 1211 1209
f 1214 1213 1212
f 1212 1213 1211
f 1216 1215 1214
f 1214 1215 1213
f 1218 1217 1216
f 1216 1217 1215
f 1220 1219 1218
f 1218 1219 1217
f 1222 1221 1220
f 1220 1221 1219
f 1224 1223 1222
f 1222 1223 1221
f 1226 1225 1224
f 1224 1225 1223
f 1228 1227 1226
f 1226 1227 1225
f 1230 1229 1228
f 1228 1229 1227
f 1230 1231 1229
f 1204 1090 1082
f 1232 1090 1204
f 1091 1206 1088
f 1206 1091 1092
f 1206 1092 1208
f 1208 1092 1093
f 1208 1093 1210
f 1210 1093 1094
f 1210 1094 1212
f 1212 1094 1096
f 1212 1096 1214
f 1214 1096 1098
f 1214 1098 1216
f 1216 1098 1100
f 1216 1100 1218
f 1218 1100 1102
f 1218 1102 1220
f 1220 1102 1104
f 1233 1220 1104
f 1222 1220 1233
f 1222 1234 1224
f 1222 1233 1234
f 1224 1235 1226
f 1224 1234 1235
f 1226 1236 1228
f 1226 1235 1236
f 1228 1237 1230
f 1228 1236 1237
f 1231 1230 1238
f 1230 1239 1238
f 1230 1237 1239
f 1241 1240 1239
f 1239 1240 1238
f 1241 1242 1240
f 1244 1243 1106
f 1106 1243 1105
f 1106 1090 1232
f 1106 1232 1244
f 1107 1233 1104
f 1233 1107 1108
f 1233 1108 1234
f 1234 1108 1109
f 1234 1109 1235
f 1235 1109 1110
f 1235 1110 1236
f 1236 1110 1111
f 1236 1111 1237
f 1237 1111 1112
f 1237 1112 1239
f 1239 1112 1113
f 1239 1113 1241
f 1245 1242 1241
f 1113 1245 1241
f 1114 1245 1113
f 1114 1116 1245
f 1245 1116 1246
f 1248 1247 1118
f 1118 1247 1117
f 1118 1105 1243
f 1118 1243 1248
f 1249 1246 1116
f 1249 1116 1119
f 1250 1119 1120
f 1250 1249 1119
f 1252 1250 1251
f 1250 1121 1251
f 1250 1120 1121
f 1122 1253 1121
f 1121 1253 1251
f 1253 1122 1254
f 1122 1255 1254
f 1122 1123 1255
f 1256 1123 1124
f 1256 1255 1123
f 1257 1124 1125
f 1257 1256 1124
f 1258 1125 1126
f 1258 1257 1125
f 1126 1117 1247
f 1126 1247 1258
f 1259 1252 1251
f 1259 1251 1253
f 1259 1253 1260
f 1260 1253 1254
f 1262 1261 1127
f 1262 1127 1128
f 1127 1263 1129
f 1261 1263 1127
f 1129 1264 1130
f 1263 1264 1129
f 1130 1265 1131
f 1264 1265 1130
f 1131 1266 1132
f 1265 1266 1131
f 1132 1267 1133
f 1266 1267 1132
f 1133 1268 1134
f 1267 1268 1133
f 1134 1269 1135
f 1268 1269 1134
f 1135 1270 1136
f 1269 1270 1135
f 1136 1271 1137
f 1270 1271 1136
f 1137 1272 1138
f 1271 1272 1137
f 1138 1273 1139
f 1272 1273 1138
f 1139 1274 1140
f 1273 1274 1139
f 1140 1275 1141
f 1274 1275 1140
f 1141 1276 1142
f 1275 1276 1141
f 1142 1277 1143
f 1276 1277 1142
f 1143 1278 1144
f 1277 1278 1143
f 1144 1279 1145
f 1278 1279 1144
f 1145 1280 1146
f 1279 1280 1145
f 1146 1281 1147
f 1280 1281 1146
f 1147 1282 1148
f 1281 1282 1147
f 1148 1283 1149
f 1282 1283 1148
f 1149 1284 1150
f 1283 1284 1149
f 1150 1285 1151
f 1284 1285 1150
f 1151 1286 1152
f 1285 1286 1151
f 1152 1287 1153
f 1286 1287 1152
f 1153 1288 1154
f 1287 1288 1153
f 1154 1289 1155
f 1288 1289 1154
f 1156 1155 1289
f 1156 1289 1290
f 1157 1262 1128
f 1157 1291 1262
f 1290 1158 1156
f 1292 1158 1290
f 1159 1291 1157
f 1159 1293 1291
f 1292 1160 1158
f 1294 1160 1292
f 1161 1293 1159
f 1161 1295 1293
f 1294 1162 1160
f 1296 1162 1294
f 1163 1295 1161
f 1163 1297 1295
f 1296 1164 1162
f 1298 1164 1296
f 1165 1297 1163
f 1165 1299 1297
f 1298 1166 1164
f 1300 1166 1298
f 1167 1299 1165
f 1167 1301 1299
f 1300 1168 1166
f 1302 1168 1300
f 1169 1301 1167
f 1169 1303 1301
f 1302 1170 1168
f 1304 1170 1302
f 1306 1305 1171
f 1306 1171 1172
f 1169 1171 1303
f 1303 1171 1305
f 1304 1173 1170
f 1307 1173 1304
f 1174 1306 1172
f 1174 1308 1306
f 1307 1175 1173
f 1309 1175 1307
f 1310 1308 1174
f 1310 1174 1176
f 1176 1177 1310
f 1310 1177 1311
f 1309 1312 1175
f 1175 1312 1178
f 1179 1178 1312
f 1179 1312 1313
f 1180 1315 1314
f 1311 1180 1314
f 1177 1180 1311
f 1317 1316 1315
f 1315 1316 1314
f 1317 1318 1316
f 1321 1320 1319
f 1323 1322 1319
f 1319 1322 1321
f 1325 1324 1323
f 1323 1324 1322
f 1327 1326 1325
f 1325 1326 1324
f 1329 1328 1327
f 1327 1328 1326
f 1331 1330 1329
f 1329 1330 1328
f 1333 1332 1331
f 1331 1332 1330
f 1335 1334 1333
f 1333 1334 1332
f 1335 1336 1334
f 1313 1181 1179
f 1337 1181 1313
f 1183 1338 1315
f 1183 1315 1180
f 1340 1317 1339
f 1317 1338 1339
f 1317 1315 1338
f 1317 1340 1318
f 1343 1342 1341
f 1343 1341 1320
f 1341 1319 1320
f 1341 1344 1319
f 1319 1345 1323
f 1319 1344 1345
f 1323 1346 1325
f 1323 1345 1346
f 1325 1347 1327
f 1325 1346 1347
f 1327 1348 1329
f 1327 1347 1348
f 1329 1349 1331
f 1329 1348 1349
f 1331 1350 1333
f 1331 1349 1350
f 1333 1351 1335
f 1333 1350 1351
f 1336 1335 1352
f 1352 1335 1351
f 1337 1184 1181
f 1353 1184 1337
f 1186 1354 1185
f 1338 1183 1185
f 1354 1338 1185
f 1355 1338 1354
f 1339 1338 1356
f 1338 1357 1356
f 1338 1355 1357
f 1357 1358 1356
f 1342 1359 1341
f 1341 1359 1344
f 1344 1359 1360
f 1362 1361 1360
f 1361 1344 1360
f 1361 1345 1344
f 1345 1363 1346
f 1345 1361 1363
f 1346 1364 1347
f 1346 1363 1364
f 1347 1365 1348
f 1347 1364 1365
f 1348 1366 1349
f 1348 1365 1366
f 1349 1367 1350
f 1349 1366 1367
f 1350 1368 1351
f 1350 1367 1368
f 1352 1351 1369
f 1369 1351 1368
f 1353 1187 1184
f 1370 1187 1353
f 1188 1371 1354
f 1188 1354 1186
f 1354 1372 1355
f 1354 1371 1372
f 1355 1373 1357
f 1355 1372 1373
f 1358 1357 1374
f 1357 1375 1374
f 1357 1373 1375
f 1377 1376 1375
f 1375 1376 1374
f 1379 1378 1377
f 1377 1378 1376
f 1381 1380 1379
f 1379 1380 1378
f 1381 1382 1380
f 1361 1362 1383
f 1383 1362 1384
f 1361 1385 1363
f 1361 1383 1385
f 1363 1386 1364
f 1363 1385 1386
f 1364 1387 1365
f 1364 1386 1387
f 1365 1388 1366
f 1365 1387 1388
f 1366 1389 1367
f 1366 1388 1389
f 1367 1390 1368
f 1367 1389 1390
f 1369 1368 1391
f 1391 1368 1390
f 1370 1189 1187
f 1392 1189 1370
f 1190 1371 1188
f 1371 1190 1192
f 1393 1371 1192
f 1372 1371 1393
f 1372 1394 1373
f 1372 1393 1394
f 1373 1395 1375
f 1373 1394 1395
f 1375 1396 1377
f 1375 1395 1396
f 1377 1397 1379
f 1377 1396 1397
f 1379 1398 1381
f 1379 1397 1398
f 1382 1381 1399
f 1381 1400 1399
f 1381 1398 1400
f 1402 1401 1400
f 1400 1401 1399
f 1401 1402 1384
f 1402 1383 1384
f 1402 1403 1383
f 1383 1404 1385
f 1383 1403 1404
f 1385 1405 1386
f 1385 1404 1405
f 1386 1406 1387
f 1386 1405 1406
f 1387 1407 1388
f 1387 1406 1407
f 1388 1408 1389
f 1388 1407 1408
f 1389 1409 1390
f 1389 1408 1409
f 1391 1390 1410
f 1390 1411 1410
f 1390 1409 1411
f 1411 1412 1410
f 1392 1193 1189
f 1413 1193 1392
f 1195 1414 1393
f 1195 1393 1192
f 1393 1415 1394
f 1393 1414 1415
f 1394 1416 1395
f 1394 1415 1416
f 1395 1417 1396
f 1395 1416 1417
f 1396 1418 1397
f 1396 1417 1418
f 1397 1419 1398
f 1397 1418 1419
f 1398 1420 1400
f 1398 1419 1420
f 1400 1421 1402
f 1400 1420 1421
f 1402 1422 1403
f 1402 1421 1422
f 1403 1423 1404
f 1403 1422 1423
f 1404 1424 1405
f 1404 1423 1424
f 1405 1425 1406
f 1405 1424 1425
f 1406 1426 1407
f 1406 1425 1426
f 1407 1427 1408
f 1407 1426 1427
f 1408 1428 1409
f 1408 1427 1428
f 1409 1429 1411
f 1409 1428 1429
f 1412 1411 1430
f 1430 1411 1429
f 1413 1196 1193
f 1431 1196 1413
f 1197 1414 1195
f 1414 1197 1199
f 1414 1199 1415
f 1415 1199 1201
f 1415 1201 1416
f 1416 1201 1203
f 1432 1416 1203
f 1417 1416 1432
f 1417 1433 1418
f 1417 1432 1433
f 1418 1434 1419
f 1418 1433 1434
f 1419 1435 1420
f 1419 1434 1435
f 1420 1436 1421
f 1420 1435 1436
f 1421 1437 1422
f 1421 1436 1437
f 1422 1438 1423
f 1422 1437 1438
f 1423 1439 1424
f 1423 1438 1439
f 1424 1440 1425
f 1424 1439 1440
f 1425 1441 1426
f 1425 1440 1441
f 1426 1442 1427
f 1426 1441 1442
f 1427 1443 1428
f 1427 1442 1443
f 1428 1444 1429
f 1428 1443 1444
f 1430 1429 1445
f 1429 1446 1445
f 1429 1444 1446
f 1446 1447 1445
f 1431 1204 1196
f 1448 1204 1431
f 1205 1432 1203
f 1432 1205 1207
f 1432 1207 1433
f 1433 1207 1209
f 1433 1209 1434
f 1434 1209 1211
f 1434 1211 1435
f 1435 1211 1213
f 1435 1213 1436
f 1436 1213 1215
f 1436 1215 1437
f 1437 1215 1217
f 1437 1217 1438
f 1438 1217 1219
f 1438 1219 1439
f 1439 1219 1221
f 1439 1221 1440
f 1440 1221 1223
f 1440 1223 1441
f 1441 1223 1225
f 1441 1225 1442
f 1442 1225 1227
f 1442 1227 1443
f 1443 1227 1229
f 1443 1229 1444
f 1444 1229 1231
f 1449 1444 1231
f 1446 1444 1449
f 1447 1446 1450
f 1446 1451 1450
f 1446 1449 1451
f 1451 1452 1450
f 1448 1232 1204
f 1453 1232 1448
f 1238 1449 1231
f 1449 1238 1240
f 1449 1240 1451
f 1240 1242 1451
f 1242 1452 1451
f 1242 1454 1452
f 1456 1455 1244
f 1244 1455 1243
f 1244 1232 1453
f 1244 1453 1456
f 1457 1454 1242
f 1457 1242 1245
f 1245 1246 1457
f 1457 1246 1458
f 1459 1247 1248
f 1460 1459 1248
f 1243 1460 1248
f 1455 1460 1243
f 1461 1458 1246
f 1461 1246 1249
f 1463 1461 1462
f 1461 1250 1462
f 1461 1249 1250
f 1252 1462 1250
f 1464 1254 1255
f 1464 1255 1465
f 1255 1466 1465
f 1255 1256 1466
f 1467 1256 1257
f 1467 1466 1256
f 1468 1257 1258
f 1468 1467 1257
f 1258 1247 1459
f 1469 1258 1459
f 1468 1258 1469
f 1469 1459 1460
f 1470 1463 1462
f 1470 1462 1252
f 1259 1470 1252
f 1471 1470 1259
f 1472 1259 1260
f 1472 1471 1259
f 1260 1254 1464
f 1473 1260 1464
f 1472 1260 1473
f 1473 1464 1465
f 1475 1474 1261
f 1475 1261 1262
f 1261 1476 1263
f 1474 1476 1261
f 1263 1477 1264
f 1476 1477 1263
f 1264 1478 1265
f 1477 1478 1264
f 1265 1479 1266
f 1478 1479 1265
f 1266 1480 1267
f 1479 1480 1266
f 1267 1481 1268
f 1480 1481 1267
f 1268 1482 1269
f 1481 1482 1268
f 1269 1483 1270
f 1482 1483 1269
f 1270 1484 1271
f 1483 1484 1270
f 1271 1485 1272
f 1484 1485 1271
f 1272 1486 1273
f 1485 1486 1272
f 1273 1487 1274
f 1486 1487 1273
f 1274 1488 1275
f 1487 1488 1274
f 1275 1489 1276
f 1488 1489 1275
f 1276 1490 1277
f 1489 1490 1276
f 1277 1491 1278
f 1490 1491 1277
f 1278 1492 1279
f 1491 1492 1278
f 1279 1493 1280
f 1492 1493 1279
f 1280 1494 1281
f 1493 1494 1280
f 1281 1495 1282
f 1494 1495 1281
f 1282 1496 1283
f 1495 1496 1282
f 1283 1497 1284
f 1496 1497 1283
f 1284 1498 1285
f 1497 1498 1284
f 1285 1499 1286
f 1498 1499 1285
f 1286 1500 1287
f 1499 1500 1286
f 1287 1501 1288
f 1500 1501 1287
f 1288 1502 1289
f 1501 1502 1288
f 1290 1289 1502
f 1290 1502 1503
f 1291 1475 1262
f 1291 1504 1475
f 1503 1292 1290
f 1505 1292 1503
f 1293 1504 1291
f 1293 1506 1504
f 1505 1294 1292
f 1507 1294 1505
f 1295 1506 1293
f 1295 1508 1506
f 1507 1296 1294
f 1509 1296 1507
f 1297 1508 1295
f 1297 1510 1508
f 1509 1298 1296
f 1511 1298 1509
f 1299 1510 1297
f 1299 1512 1510
f 1511 1300 1298
f 1513 1300 1511
f 1301 1512 1299
f 1301 1514 1512
f 1513 1302 1300
f 1515 1302 1513
f 1303 1514 1301
f 1303 1516 1514
f 1515 1304 1302
f 1517 1304 1515
f 1519 1518 1305
f 1519 1305 1306
f 1303 1305 1516
f 1516 1305 1518
f 1517 1307 1304
f 1520 1307 1517
f 1308 1519 1306
f 1308 1521 1519
f 1520 1309 1307
f 1522 1309 1520
f 1523 1521 1308
f 1523 1308 1310
f 1310 1311 1523
f 1523 1311 1524
f 1522 1525 1309
f 1309 1525 1312
f 1313 1312 1525
f 1313 1525 1526
f 1527 1524 1311
f 1527 1311 1314
f 1528 1314 1316
f 1528 1527 1314
f 1530 1529 1318
f 1529 1316 1318
f 1529 1528 1316
f 1532 1531 1530
f 1530 1531 1529
f 1534 1533 1532
f 1532 1533 1531
f 1536 1535 1534
f 1534 1535 1533
f 1538 1537 1536
f 1536 1537 1535
f 1320 1321 1538
f 1321 1537 1538
f 1321 1539 1537
f 1540 1321 1322
f 1540 1539 1321
f 1541 1322 1324
f 1541 1540 1322
f 1542 1324 1326
f 1542 1541 1324
f 1543 1326 1328
f 1543 1542 1326
f 1544 1328 1330
f 1544 1543 1328
f 1545 1330 1332
f 1545 1544 1330
f 1546 1332 1334
f 1546 1545 1332
f 1548 1547 1336
f 1547 1334 1336
f 1547 1546 1334
f 1550 1549 1548
f 1548 1549 1547
f 1550 1551 1549
f 1526 1337 1313
f 1552 1337 1526
f 1339 1553 1340
f 1530 1318 1340
f 1553 1530 1340
f 1554 1530 1553
f 1530 1555 1532
f 1530 1554 1555
f 1532 1556 1534
f 1532 1555 1556
f 1534 1557 1536
f 1534 1556 1557
f 1557 1342 1343
f 1538 1557 1343
f 1536 1557 1538
f 1538 1343 1320
f 1352 1558 1548
f 1352 1548 1336
f 1548 1559 1550
f 1548 1558 1559
f 1551 1550 1560
f 1560 1550 1559
f 1552 1353 1337
f 1561 1353 1552
f 1356 1553 1339
f 1553 1356 1358
f 1562 1553 1358
f 1554 1553 1562
f 1554 1563 1555
f 1554 1562 1563
f 1555 1564 1556
f 1555 1563 1564
f 1556 1565 1557
f 1556 1564 1565
f 1566 1359 1342
f 1557 1566 1342
f 1565 1566 1557
f 1567 1360 1359
f 1567 1359 1566
f 1567 1362 1360
f 1369 1568 1558
f 1369 1558 1352
f 1558 1569 1559
f 1558 1568 1569
f 1560 1559 1570
f 1570 1559 1569
f 1561 1370 1353
f 1571 1370 1561
f 1374 1562 1358
f 1562 1374 1376
f 1562 1376 1563
f 1563 1376 1378
f 1563 1378 1564
f 1564 1378 1380
f 1564 1380 1565
f 1565 1380 1382
f 1572 1565 1382
f 1566 1565 1572
f 1566 1573 1567
f 1566 1572 1573
f 1573 1384 1362
f 1573 1362 1567
f 1391 1574 1568
f 1391 1568 1369
f 1568 1575 1569
f 1568 1574 1575
f 1570 1569 1576
f 1576 1569 1575
f 1571 1392 1370
f 1577 1392 1571
f 1399 1572 1382
f 1572 1399 1401
f 1572 1401 1573
f 1573 1401 1384
f 1410 1574 1391
f 1574 1410 1412
f 1578 1574 1412
f 1575 1574 1578
f 1576 1575 1579
f 1579 1575 1578
f 1577 1413 1392
f 1580 1413 1577
f 1430 1581 1578
f 1430 1578 1412
f 1579 1578 1582
f 1582 1578 1581
f 1580 1431 1413
f 1583 1431 1580
f 1445 1581 1430
f 1445 1447 1581
f 1447 1582 1581
f 1447 1584 1582
f 1583 1448 1431
f 1585 1448 1583
f 1586 1584 1447
f 1586 1447 1450
f 1450 1452 1586
f 1586 1452 1587
f 1585 1453 1448
f 1588 1453 1585
f 1454 1587 1452
f 1454 1589 1587
f 1591 1590 1456
f 1456 1590 1455
f 1456 1453 1588
f 1456 1588 1591
f 1592 1589 1454
f 1592 1454 1457
f 1457 1458 1592
f 1592 1458 1593
f 1590 1460 1455
f 1594 1460 1590
f 1595 1593 1458
f 1595 1458 1461
f 1461 1463 1595
f 1595 1463 1596
f 1597 1465 1466
f 1597 1466 1598
f 1466 1599 1598
f 1466 1467 1599
f 1600 1467 1468
f 1600 1599 1467
f 1601 1468 1469
f 1601 1600 1468
f 1469 1460 1594
f 1469 1594 1601
f 1602 1596 1463
f 1602 1463 1470
f 1603 1470 1471
f 1603 1602 1470
f 1604 1471 1472
f 1604 1603 1471
f 1605 1472 1473
f 1605 1604 1472
f 1473 1465 1597
f 1606 1473 1597
f 1605 1473 1606
f 1606 1597 1598
f 1608 1607 1474
f 1608 1474 1475
f 1474 1609 1476
f 1607 1609 1474
f 1476 1610 1477
f 1609 1610 1476
f 1477 1611 1478
f 1610 1611 1477
f 1478 1612 1479
f 1611 1612 1478
f 1479 1613 1480
f 1612 1613 1479
f 1480 1614 1481
f 1613 1614 1480
f 1481 1615 1482
f 1614 1615 1481
f 1482 1616 1483
f 1615 1616 1482
f 1483 1617 1484
f 1616 1617 1483
f 1484 1618 1485
f 1617 1618 1484
f 1485 1619 1486
f 1618 1619 1485
f 1486 1620 1487
f 1619 1620 1486
f 1487 1621 1488
f 1620 1621 1487
f 1488 1622 1489
f 1621 1622 1488
f 1489 1623 1490
f 1622 1623 1489
f 1490 1624 1491
f 1623 1624 1490
f 1491 1625 1492
f 1624 1625 1491
f 1492 1626 1493
f 1625 1626 1492
f 1493 1627 1494
f 1626 1627 1493
f 1494 1628 1495
f 1627 1628 1494
f 1495 1629 1496
f 1628 1629 1495
f 1496 1630 1497
f 1629 1630 1496
f 1497 1631 1498
f 1630 1631 1497
f 1498 1632 1499
f 1631 1632 1498
f 1499 1633 1500
f 1632 1633 1499
f 1500 1634 1501
f 1633 1634 1500
f 1501 1635 1502
f 1634 1635 1501
f 1503 1502 1635
f 1503 1635 1636
f 1504 1608 1475
f 1504 1637 1608
f 1636 1505 1503
f 1638 1505 1636
f 1506 1637 1504
f 1506 1639 1637
f 1638 1507 1505
f 1640 1507 1638
f 1508 1639 1506
f 1508 1641 1639
f 1640 1509 1507
f 1642 1509 1640
f 1510 1641 1508
f 1510 1643 1641
f 1642 1511 1509
f 1644 1511 1642
f 1512 1643 1510
f 1512 1645 1643
f 1644 1513 1511
f 1646 1513 1644
f 1514 1645 1512
f 1514 1647 1645
f 1646 1515 1513
f 1648 1515 1646
f 1516 1647 1514
f 1516 1649 1647
f 1648 1517 1515
f 1650 1517 1648
f 1652 1651 1518
f 1652 1518 1519
f 1516 1518 1649
f 1649 1518 1651
f 1650 1520 1517
f 1653 1520 1650
f 1521 1652 1519
f 1521 1654 1652
f 1653 1522 1520
f 1655 1522 1653
f 1656 1654 1521
f 1656 1521 1523
f 1523 1524 1656
f 1656 1524 1657
f 1655 1658 1522
f 1522 1658 1525
f 1526 1525 1658
f 1526 1658 1659
f 1660 1657 1524
f 1660 1524 1527
f 1661 1527 1528
f 1661 1660 1527
f 1662 1528 1529
f 1662 1661 1528
f 1663 1529 1531
f 1663 1662 1529
f 1664 1531 1533
f 1664 1663 1531
f 1665 1533 1535
f 1665 1664 1533
f 1666 1535 1537
f 1666 1665 1535
f 1667 1537 1539
f 1667 1666 1537
f 1668 1539 1540
f 1668 1667 1539
f 1669 1540 1541
f 1669 1668 1540
f 1670 1541 1542
f 1670 1669 1541
f 1671 1542 1543
f 1671 1670 1542
f 1672 1543 1544
f 1672 1671 1543
f 1673 1544 1545
f 1673 1672 1544
f 1674 1545 1546
f 1674 1673 1545
f 1675 1546 1547
f 1675 1674 1546
f 1676 1547 1549
f 1676 1675 1547
f 1549 1551 1676
f 1676 1551 1677
f 1659 1552 1526
f 1678 1552 1659
f 1560 1677 1551
f 1560 1679 1677
f 1678 1561 1552
f 1680 1561 1678
f 1570 1679 1560
f 1570 1681 1679
f 1680 1571 1561
f 1682 1571 1680
f 1576 1681 1570
f 1576 1683 1681
f 1682 1577 1571
f 1684 1577 1682
f 1579 1683 1576
f 1579 1685 1683
f 1684 1580 1577
f 1686 1580 1684
f 1582 1685 1579
f 1582 1687 1685
f 1686 1583 1580
f 1688 1583 1686
f 1584 1687 1582
f 1584 1689 1687
f 1688 1585 1583
f 1690 1585 1688
f 1691 1689 1584
f 1691 1584 1586
f 1586 1587 1691
f 1691 1587 1692
f 1690 1588 1585
f 1693 1588 1690
f 1589 1695 1694
f 1692 1589 1694
f 1587 1589 1692
f 1695 1696 1694
f 1698 1697 1591
f 1591 1697 1590
f 1591 1588 1693
f 1591 1693 1698
f 1592 1695 1589
f 1592 1593 1695
f 1593 1696 1695
f 1593 1699 1696
f 1697 1594 1590
f 1700 1594 1697
f 1701 1699 1593
f 1701 1593 1595
f 1595 1596 1701
f 1701 1596 1702
f 1704 1703 1599
f 1599 1703 1598
f 1705 1599 1600
f 1705 1704 1599
f 1706 1600 1601
f 1706 1705 1600
f 1601 1594 1700
f 1601 1700 1706
f 1707 1702 1596
f 1707 1596 1602
f 1708 1602 1603
f 1708 1707 1602
f 1709 1603 1604
f 1709 1708 1603
f 1710 1604 1605
f 1710 1709 1604
f 1711 1605 1606
f 1711 1710 1605
f 1606 1598 1703
f 1606 1703 1711
f 1713 1712 1607
f 1713 1607 1608
f 1607 1714 1609
f 1712 1714 1607
f 1609 1715 1610
f 1714 1715 1609
f 1610 1716 1611
f 1715 1716 1610
f 1611 1717 1612
f 1716 1717 1611
f 1612 1718 1613
f 1717 1718 1612
f 1613 1719 1614
f 1718 1719 1613
f 1614 1720 1615
f 1719 1720 1614
f 1615 1721 1616
f 1720 1721 1615
f 1616 1722 1617
f 1721 1722 1616
f 1617 1723 1618
f 1722 1723 1617
f 1618 1724 1619
f 1723 1724 1618
f 1619 1725 1620
f 1724 1725 1619
f 1620 1726 1621
f 1725 1726 1620
f 1621 1727 1622
f 1726 1727 1621
f 1622 1728 1623
f 1727 1728 1622
f 1623 1729 1624
f 1728 1729 1623
f 1624 1730 1625
f 1729 1730 1624
f 1625 1731 1626
f 1730 1731 1625
f 1626 1732 1627
f 1731 1732 1626
f 1627 1733 1628
f 1732 1733 1627
f 1628 1734 1629
f 1733 1734 1628
f 1629 1735 1630
f 1734 1735 1629
f 1630 1736 1631
f 1735 1736 1630
f 1631 1737 1632
f 1736 1737 1631
f 1632 1738 1633
f 1737 1738 1632
f 1633 1739 1634
f 1738 1739 1633
f 1634 1740 1635
f 1739 1740 1634
f 1636 1635 1740
f 1636 1740 1741
f 1637 1713 1608
f 1637 1742 1713
f 1741 1638 1636
f 1743 1638 1741
f 1639 1742 1637
f 1639 1744 1742
f 1743 1640 1638
f 1745 1640 1743
f 1641 1744 1639
f 1641 1746 1744
f 1745 1642 1640
f 1747 1642 1745
f 1643 1746 1641
f 1643 1748 1746
f 1747 1644 1642
f 1749 1644 1747
f 1645 1748 1643
f 1645 1750 1748
f 1749 1646 1644
f 1751 1646 1749
f 1647 1750 1645
f 1647 1752 1750
f 1751 1648 1646
f 1753 1648 1751
f 1649 1752 1647
f 1649 1754 1752
f 1753 1650 1648
f 1755 1650 1753
f 1757 1756 1651
f 1757 1651 1652
f 1649 1651 1754
f 1754 1651 1756
f 1755 1653 1650
f 1758 1653 1755
f 1654 1757 1652
f 1654 1759 1757
f 1758 1655 1653
f 1760 1655 1758
f 1761 1759 1654
f 1761 1654 1656
f 1656 1657 1761
f 1761 1657 1762
f 1760 1763 1655
f 1655 1763 1658
f 1659 1658 1763
f 1659 1763 1764
f 1765 1762 1657
f 1765 1657 1660
f 1766 1660 1661
f 1766 1765 1660
f 1767 1661 1662
f 1767 1766 1661
f 1768 1662 1663
f 1768 1767 1662
f 1769 1663 1664
f 1769 1768 1663
f 1770 1664 1665
f 1770 1769 1664
f 1771 1665 1666
f 1771 1770 1665
f 1772 1666 1667
f 1772 1771 1666
f 1773 1667 1668
f 1773 1772 1667
f 1774 1668 1669
f 1774 1773 1668
f 1775 1669 1670
f 1775 1774 1669
f 1776 1670 1671
f 1776 1775 1670
f 1777 1671 1672
f 1777 1776 1671
f 1778 1672 1673
f 1778 1777 1672
f 1779 1673 1674
f 1779 1778 1673
f 1780 1674 1675
f 1780 1779 1674
f 1781 1675 1676
f 1781 1780 1675
f 1676 1677 1781
f 1781 1677 1782
f 1764 1678 1659
f 1783 1678 1764
f 1679 1782 1677
f 1679 1784 1782
f 1783 1680 1678
f 1785 1680 1783
f 1681 1784 1679
f 1681 1786 1784
f 1785 1682 1680
f 1787 1682 1785
f 1683 1786 1681
f 1683 1788 1786
f 1787 1684 1682
f 1789 1684 1787
f 1685 1788 1683
f 1685 1790 1788
f 1789 1686 1684
f 1791 1686 1789
f 1687 1790 1685
f 1687 1792 1790
f 1791 1688 1686
f 1793 1688 1791
f 1689 1795 1794
f 1792 1689 1794
f 1687 1689 1792
f 1795 1796 1794
f 1793 1690 1688
f 1797 1690 1793
f 1691 1795 1689
f 1691 1692 1795
f 1692 1796 1795
f 1692 1798 1796
f 1797 1693 1690
f 1799 1693 1797
f 1800 1798 1692
f 1800 1692 1694
f 1694 1696 1800
f 1800 1696 1801
f 1803 1802 1698
f 1698 1802 1697
f 1698 1693 1799
f 1698 1799 1803
f 1699 1801 1696
f 1699 1804 1801
f 1802 1700 1697
f 1805 1700 1802
f 1806 1804 1699
f 1806 1699 1701
f 1701 1702 1806
f 1806 1702 1807
f 1809 1808 1704
f 1704 1808 1703
f 1810 1704 1705
f 1810 1809 1704
f 1811 1705 1706
f 1811 1810 1705
f 1706 1700 1805
f 1706 1805 1811
f 1812 1807 1702
f 1812 1702 1707
f 1813 1707 1708
f 1813 1812 1707
f 1814 1708 1709
f 1814 1813 1708
f 1815 1709 1710
f 1815 1814 1709
f 1816 1710 1711
f 1816 1815 1710
f 1711 1703 1808
f 1711 1808 1816
f 1818 1817 1712
f 1818 1712 1713
f 1712 1819 1714
f 1817 1819 1712
f 1714 1820 1715
f 1819 1820 1714
f 1715 1821 1716
f 1820 1821 1715
f 1716 1822 1717
f 1821 1822 1716
f 1717 1823 1718
f 1822 1823 1717
f 1718 1824 1719
f 1823 1824 1718
f 1719 1825 1720
f 1824 1825 1719
f 1720 1826 1721
f 1825 1826 1720
f 1721 1827 1722
f 1826 1827 1721
f 1722 1828 1723
f 1827 1828 1722
f 1723 1829 1724
f 1828 1829 1723
f 1724 1830 1725
f 1829 1830 1724
f 1725 1831 1726
f 1830 1831 1725
f 1726 1832 1727
f 1831 1832 1726
f 1727 1833 1728
f 1832 1833 1727
f 1728 1834 1729
f 1833 1834 1728
f 1729 1835 1730
f 1834 1835 1729
f 1730 1836 1731
f 1835 1836 1730
f 1731 1837 1732
f 1836 1837 1731
f 1732 1838 1733
f 1837 1838 1732
f 1733 1839 1734
f 1838 1839 1733
f 1734 1840 1735
f 1839 1840 1734
f 1735 1841 1736
f 1840 1841 1735
f 1736 1842 1737
f 1841 1842 1736
f 1737 1843 1738
f 1842 1843 1737
f 1738 1844 1739
f 1843 1844 1738
f 1739 1845 1740
f 1844 1845 1739
f 1741 1740 1845
f 1741 1845 1846
f 1742 1818 1713
f 1742 1847 1818
f 1846 1743 1741
f 1848 1743 1846
f 1744 1847 1742
f 1744 1849 1847
f 1848 1745 1743
f 1850 1745 1848
f 1746 1849 1744
f 1746 1851 1849
f 1850 1747 1745
f 1852 1747 1850
f 1748 1851 1746
f 1748 1853 1851
f 1852 1749 1747
f 1854 1749 1852
f 1750 1853 1748
f 1750 1855 1853
f 1854 1751 1749
f 1856 1751 1854
f 1752 1855 1750
f 1752 1857 1855
f 1856 1753 1751
f 1858 1753 1856
f 1861 1860 1859
f 1860 1857 1859
f 1857 1754 1859
f 1857 1752 1754
f 1858 1755 1753
f 1862 1755 1858
f 1861 1859 1756
f 1757 1861 1756
f 1863 1861 1757
f 1756 1859 1754
f 1862 1758 1755
f 1864 1758 1862
f 1759 1863 1757
f 1759 1865 1863
f 1864 1760 1758
f 1866 1760 1864
f 1867 1865 1759
f 1867 1759 1761
f 1761 1762 1867
f 1867 1762 1868
f 1871 1870 1869
f 1869 1872 1871
f 1866 1873 1760
f 1760 1873 1763
f 1764 1763 1873
f 1764 1873 1874
f 1875 1868 1762
f 1875 1762 1765
f 1876 1765 1766
f 1876 1875 1765
f 1877 1766 1767
f 1877 1876 1766
f 1878 1767 1768
f 1878 1877 1767
f 1879 1768 1769
f 1879 1878 1768
f 1880 1769 1770
f 1880 1879 1769
f 1881 1770 1771
f 1881 1880 1770
f 1882 1771 1772
f 1882 1881 1771
f 1883 1772 1773
f 1883 1882 1772
f 1884 1773 1774
f 1884 1883 1773
f 1885 1774 1775
f 1885 1884 1774
f 1886 1775 1776
f 1886 1885 1775
f 1887 1776 1777
f 1887 1886 1776
f 1778 1869 1870
f 1887 1778 1870
f 1777 1778 1887
f 1888 1872 1869
f 1778 1888 1869
f 1779 1888 1778
f 1889 1779 1780
f 1889 1888 1779
f 1890 1780 1781
f 1890 1889 1780
f 1781 1782 1890
f 1890 1782 1891
f 1874 1783 1764
f 1892 1783 1874
f 1784 1891 1782
f 1784 1893 1891
f 1892 1785 1783
f 1894 1785 1892
f 1786 1893 1784
f 1786 1895 1893
f 1894 1787 1785
f 1896 1787 1894
f 1788 1895 1786
f 1788 1897 1895
f 1896 1789 1787
f 1898 1789 1896
f 1790 1897 1788
f 1790 1899 1897
f 1898 1791 1789
f 1900 1791 1898
f 1792 1899 1790
f 1792 1901 1899
f 1900 1793 1791
f 1902 1793 1900
f 1903 1901 1792
f 1903 1792 1794
f 1794 1796 1903
f 1903 1796 1904
f 1902 1797 1793
f 1905 1797 1902
f 1798 1904 1796
f 1798 1906 1904
f 1905 1799 1797
f 1907 1799 1905
f 1908 1906 1798
f 1908 1798 1800
f 1800 1801 1908
f 1908 1801 1909
f 1911 1910 1803
f 1803 1910 1802
f 1803 1799 1907
f 1803 1907 1911
f 1804 1909 1801
f 1804 1912 1909
f 1910 1805 1802
f 1913 1805 1910
f 1914 1912 1804
f 1914 1804 1806
f 1806 1807 1914
f 1914 1807 1915
f 1917 1916 1809
f 1809 1916 1808
f 1918 1809 1810
f 1918 1917 1809
f 1919 1810 1811
f 1919 1918 1810
f 1811 1805 1913
f 1811 1913 1919
f 1920 1915 1807
f 1920 1807 1812
f 1921 1812 1813
f 1921 1920 1812
f 1922 1813 1814
f 1922 1921 1813
f 1923 1814 1815
f 1923 1922 1814
f 1924 1815 1816
f 1924 1923 1815
f 1816 1808 1916
f 1816 1916 1924
f 1926 1925 1817
f 1926 1817 1818
f 1817 1927 1819
f 1925 1927 1817
f 1819 1928 1820
f 1927 1928 1819
f 1820 1929 1821
f 1928 1929 1820
f 1821 1930 1822
f 1929 1930 1821
f 1822 1931 1823
f 1930 1931 1822
f 1823 1932 1824
f 1931 1932 1823
f 1824 1933 1825
f 1932 1933 1824
f 1825 1934 1826
f 1933 1934 1825
f 1826 1935 1827
f 1934 1935 1826
f 1827 1936 1828
f 1935 1936 1827
f 1828 1937 1829
f 1936 1937 1828
f 1829 1938 1830
f 1937 1938 1829
f 1830 1939 1831
f 1938 1939 1830
f 1831 1940 1832
f 1939 1940 1831
f 1832 1941 1833
f 1940 1941 1832
f 1833 1942 1834
f 1941 1942 1833
f 1834 1943 1835
f 1942 1943 1834
f 1835 1944 1836
f 1943 1944 1835
f 1836 1945 1837
f 1944 1945 1836
f 1837 1946 1838
f 1945 1946 1837
f 1838 1947 1839
f 1946 1947 1838
f 1839 1948 1840
f 1947 1948 1839
f 1840 1949 1841
f 1948 1949 1840
f 1841 1950 1842
f 1949 1950 1841
f 1842 1951 1843
f 1950 1951 1842
f 1843 1952 1844
f 1951 1952 1843
f 1844 1953 1845
f 1952 1953 1844
f 1846 1845 1953
f 1846 1953 1954
f 1847 1926 1818
f 1847 1955 1926
f 1954 1848 1846
f 1956 1848 1954
f 1849 1955 1847
f 1849 1957 1955
f 1956 1850 1848
f 1958 1850 1956
f 1851 1957 1849
f 1851 1959 1957
f 1958 1852 1850
f 1960 1852 1958
f 1853 1959 1851
f 1853 1961 1959
f 1960 1854 1852
f 1962 1854 1960
f 1855 1961 1853
f 1855 1963 1961
f 1962 1856 1854
f 1964 1856 1962
f 1857 1963 1855
f 1857 1965 1963
f 1964 1858 1856
f 1966 1858 1964
f 1968 1967 1860
f 1968 1860 1861
f 1857 1860 1965
f 1965 1860 1967
f 1966 1862 1858
f 1969 1862 1966
f 1863 1968 1861
f 1863 1970 1968
f 1969 1864 1862
f 1971 1864 1969
f 1865 1970 1863
f 1865 1972 1970
f 1971 1866 1864
f 1973 1866 1971
f 1974 1972 1865
f 1974 1865 1867
f 1867 1868 1974
f 1974 1868 1975
f 1978 1977 1976
f 1870 1871 1976
f 1871 1978 1976
f 1871 1979 1978
f 1981 1980 1872
f 1980 1871 1872
f 1980 1979 1871
f 1981 1982 1980
f 1973 1983 1866
f 1866 1983 1873
f 1874 1873 1983
f 1874 1983 1984
f 1985 1975 1868
f 1985 1868 1875
f 1986 1875 1876
f 1986 1985 1875
f 1987 1876 1877
f 1987 1986 1876
f 1988 1877 1878
f 1988 1987 1877
f 1989 1878 1879
f 1989 1988 1878
f 1990 1879 1880
f 1990 1989 1879
f 1991 1880 1881
f 1991 1990 1880
f 1992 1881 1882
f 1992 1991 1881
f 1993 1882 1883
f 1993 1992 1882
f 1994 1883 1884
f 1994 1993 1883
f 1995 1884 1885
f 1995 1994 1884
f 1996 1885 1886
f 1996 1995 1885
f 1887 1976 1977
f 1996 1887 1977
f 1886 1887 1996
f 1976 1887 1870
f 1888 1981 1872
f 1997 1982 1981
f 1888 1997 1981
f 1889 1997 1888
f 1998 1889 1890
f 1998 1997 1889
f 1890 1891 1998
f 1998 1891 1999
f 1984 1892 1874
f 2000 1892 1984
f 1893 1999 1891
f 1893 2001 1999
f 2000 1894 1892
f 2002 1894 2000
f 1895 2001 1893
f 1895 2003 2001
f 2002 1896 1894
f 2004 1896 2002
f 1897 2003 1895
f 1897 2005 2003
f 2004 1898 1896
f 2006 1898 2004
f 1899 2005 1897
f 1899 2007 2005
f 2006 1900 1898
f 2008 1900 2006
f 1901 2007 1899
f 1901 2009 2007
f 2008 1902 1900
f 2010 1902 2008
f 2011 2009 1901
f 2011 1901 1903
f 1903 1904 2011
f 2011 1904 2012
f 2010 1905 1902
f 2013 1905 2010
f 1906 2012 1904
f 1906 2014 2012
f 2013 1907 1905
f 2015 1907 2013
f 1906 1908 2016
f 2017 1906 2016
f 2014 1906 2017
f 1909 2016 1908
f 2019 2018 1911
f 1911 2018 1910
f 1911 1907 2015
f 1911 2015 2019
f 2020 2017 2016
f 2016 1909 2020
f 1909 2021 2020
f 1909 1912 2021
f 2018 1913 1910
f 2022 1913 2018
f 2023 2021 1912
f 2023 1912 1914
f 1914 1915 2023
f 2023 1915 2024
f 2026 2025 1917
f 1917 2025 1916
f 2027 1917 1918
f 2027 2026 1917
f 2028 1918 1919
f 2028 2027 1918
f 1919 1913 2022
f 1919 2022 2028
f 2029 2024 1915
f 2029 1915 1920
f 2030 1920 1921
f 2030 2029 1920
f 2031 1921 1922
f 2031 2030 1921
f 2032 1922 1923
f 2032 2031 1922
f 2033 1923 1924
f 2033 2032 1923
f 1924 1916 2025
f 1924 2025 2033
f 2035 2034 1925
f 2035 1925 1926
f 1925 2036 1927
f 2034 2036 1925
f 1927 2037 1928
f 2036 2037 1927
f 1928 2038 1929
f 2037 2038 1928
f 1929 2039 1930
f 2038 2039 1929
f 1930 2040 1931
f 2039 2040 1930
f 1931 2041 1932
f 2040 2041 1931
f 1932 2042 1933
f 2041 2042 1932
f 1933 2043 1934
f 2042 2043 1933
f 1934 2044 1935
f 2043 2044 1934
f 1935 2045 1936
f 2044 2045 1935
f 1936 2046 1937
f 2045 2046 1936
f 1937 2047 1938
f 2046 2047 1937
f 1938 2048 1939
f 2047 2048 1938
f 1939 2049 1940
f 2048 2049 1939
f 1940 2050 1941
f 2049 2050 1940
f 1941 2051 1942
f 2050 2051 1941
f 1942 2052 1943
f 2051 2052 1942
f 1943 2053 1944
f 2052 2053 1943
f 1944 2054 1945
f 2053 2054 1944
f 1945 2055 1946
f 2054 2055 1945
f 1946 2056 1947
f 2055 2056 1946
f 1947 2057 1948
f 2056 2057 1947
f 1948 2058 1949
f 2057 2058 1948
f 1949 2059 1950
f 2058 2059 1949
f 1950 2060 1951
f 2059 2060 1950
f 1951 2061 1952
f 2060 2061 1951
f 1952 2062 1953
f 2061 2062 1952
f 1954 1953 2062
f 1954 2062 2063
f 1955 2035 1926
f 1955 2064 2035
f 2063 1956 1954
f 2065 1956 2063
f 1957 2064 1955
f 1957 2066 2064
f 2065 1958 1956
f 2067 1958 2065
f 1959 2066 1957
f 1959 2068 2066
f 2067 1960 1958
f 2069 1960 2067
f 1961 2068 1959
f 1961 2070 2068
f 2069 1962 1960
f 2071 1962 2069
f 1963 2070 1961
f 1963 2072 2070
f 2071 1964 1962
f 2073 1964 2071
f 1965 2072 1963
f 1965 2074 2072
f 2073 1966 1964
f 2075 1966 2073
f 2077 2076 1967
f 2077 1967 1968
f 1965 1967 2074
f 2074 1967 2076
f 2075 1969 1966
f 2078 1969 2075
f 1970 2077 1968
f 1970 2079 2077
f 2078 1971 1969
f 2080 1971 2078
f 1972 2079 1970
f 1972 2081 2079
f 2080 1973 1971
f 2082 1973 2080
f 2083 2081 1972
f 2083 1972 1974
f 1974 1975 2083
f 2083 1975 2084
f 2086 2085 1978
f 1978 2085 1977
f 2087 1978 1979
f 2087 2086 1978
f 2088 1979 1980
f 2088 2087 1979
f 1980 1982 2088
f 2088 1982 2089
f 2082 2090 1973
f 1973 2090 1983
f 1984 1983 2090
f 1984 2090 2091
f 2092 2084 1975
f 2092 1975 1985
f 2093 1985 1986
f 2093 2092 1985
f 2094 1986 1987
f 2094 2093 1986
f 2095 1987 1988
f 2095 2094 1987
f 2096 1988 1989
f 2096 2095 1988
f 2097 1989 1990
f 2097 2096 1989
f 2098 1990 1991
f 2098 2097 1990
f 2099 1991 1992
f 2099 2098 1991
f 2100 1992 1993
f 2100 2099 1992
f 2101 1993 1994
f 2101 2100 1993
f 2102 1994 1995
f 2102 2101 1994
f 2103 1995 1996
f 2103 2102 1995
f 1996 1977 2085
f 1996 2085 2103
f 2104 2089 1982
f 2104 1982 1997
f 2105 1997 1998
f 2105 2104 1997
f 1998 1999 2105
f 2105 1999 2106
f 2091 2000 1984
f 2107 2000 2091
f 2001 2106 1999
f 2001 2108 2106
f 2107 2002 2000
f 2109 2002 2107
f 2003 2108 2001
f 2003 2110 2108
f 2109 2004 2002
f 2111 2004 2109
f 2005 2110 2003
f 2005 2112 2110
f 2111 2006 2004
f 2113 2006 2111
f 2007 2112 2005
f 2007 2114 2112
f 2113 2008 2006
f 2115 2008 2113
f 2009 2114 2007
f 2009 2116 2114
f 2115 2010 2008
f 2117 2010 2115
f 2118 2116 2009
f 2118 2009 2011
f 2011 2012 2118
f 2118 2012 2119
f 2117 2013 2010
f 2120 2013 2117
f 2014 2119 2012
f 2014 2121 2119
f 2120 2015 2013
f 2122 2015 2120
f 2017 2121 2014
f 2017 2123 2121
f 2125 2124 2019
f 2019 2124 2018
f 2019 2015 2122
f 2019 2122 2125
f 2126 2123 2017
f 2126 2017 2020
f 2020 2021 2126
f 2126 2021 2127
f 2124 2022 2018
f 2128 2022 2124
f 2129 2127 2021
f 2129 2021 2023
f 2023 2024 2129
f 2129 2024 2130
f 2132 2131 2026
f 2026 2131 2025
f 2133 2026 2027
f 2133 2132 2026
f 2134 2027 2028
f 2134 2133 2027
f 2028 2022 2128
f 2028 2128 2134
f 2135 2130 2024
f 2135 2024 2029
f 2136 2029 2030
f 2136 2135 2029
f 2137 2030 2031
f 2137 2136 2030
f 2138 2031 2032
f 2138 2137 2031
f 2139 2032 2033
f 2139 2138 2032
f 2033 2025 2131
f 2033 2131 2139
f 2141 2140 2034
f 2141 2034 2035
f 2034 2142 2036
f 2140 2142 2034
f 2036 2143 2037
f 2142 2143 2036
f 2037 2144 2038
f 2143 2144 2037
f 2038 2145 2039
f 2144 2145 2038
f 2039 2146 2040
f 2145 2146 2039
f 2040 2147 2041
f 2146 2147 2040
f 2041 2148 2042
f 2147 2148 2041
f 2042 2149 2043
f 2148 2149 2042
f 2043 2150 2044
f 2149 2150 2043
f 2044 2151 2045
f 2150 2151 2044
f 2045 2152 2046
f 2151 2152 2045
f 2046 2153 2047
f 2152 2153 2046
f 2047 2154 2048
f 2153 2154 2047
f 2048 2155 2049
f 2154 2155 2048
f 2049 2156 2050
f 2155 2156 2049
f 2050 2157 2051
f 2156 2157 2050
f 2051 2158 2052
f 2157 2158 2051
f 2052 2159 2053
f 2158 2159 2052
f 2053 2160 2054
f 2159 2160 2053
f 2054 2161 2055
f 2160 2161 2054
f 2055 2162 2056
f 2161 2162 2055
f 2056 2163 2057
f 2162 2163 2056
f 2057 2164 2058
f 2163 2164 2057
f 2058 2165 2059
f 2164 2165 2058
f 2059 2166 2060
f 2165 2166 2059
f 2060 2167 2061
f 2166 2167 2060
f 2061 2168 2062
f 2167 2168 2061
f 2063 2062 2168
f 2063 2168 2169
f 2064 2141 2035
f 2064 2170 2141
f 2169 2065 2063
f 2171 2065 2169
f 2066 2170 2064
f 2066 2172 2170
f 2171 2067 2065
f 2173 2067 2171
f 2068 2172 2066
f 2068 2174 2172
f 2173 2069 2067
f 2175 2069 2173
f 2070 2174 2068
f 2070 2176 2174
f 2175 2071 2069
f 2177 2071 2175
f 2072 2176 2070
f 2072 2178 2176
f 2177 2073 2071
f 2179 2073 2177
f 2074 2178 2072
f 2074 2180 2178
f 2179 2075 2073
f 2181 2075 2179
f 2183 2182 2076
f 2183 2076 2077
f 2074 2076 2180
f 2180 2076 2182
f 2181 2078 2075
f 2184 2078 2181
f 2079 2183 2077
f 2079 2185 2183
f 2184 2080 2078
f 2186 2080 2184
f 2081 2185 2079
f 2081 2187 2185
f 2186 2082 2080
f 2188 2082 2186
f 2189 2187 2081
f 2189 2081 2083
f 2083 2084 2189
f 2189 2084 2190
f 2193 2192 2191
f 2085 2086 2191
f 2086 2193 2191
f 2086 2194 2193
f 2195 2086 2087
f 2195 2194 2086
f 2196 2087 2088
f 2196 2195 2087
f 2088 2089 2196
f 2196 2089 2197
f 2188 2198 2082
f 2082 2198 2090
f 2091 2090 2198
f 2091 2198 2199
f 2200 2190 2084
f 2200 2084 2092
f 2201 2092 2093
f 2201 2200 2092
f 2202 2093 2094
f 2202 2201 2093
f 2203 2094 2095
f 2203 2202 2094
f 2204 2095 2096
f 2204 2203 2095
f 2205 2096 2097
f 2205 2204 2096
f 2206 2097 2098
f 2206 2205 2097
f 2207 2098 2099
f 2207 2206 2098
f 2208 2099 2100
f 2208 2207 2099
f 2209 2100 2101
f 2209 2208 2100
f 2210 2101 2102
f 2210 2209 2101
f 2103 2191 2192
f 2210 2103 2192
f 2102 2103 2210
f 2191 2103 2085
f 2211 2197 2089
f 2211 2089 2104
f 2212 2104 2105
f 2212 2211 2104
f 2105 2106 2212
f 2212 2106 2213
f 2199 2107 2091
f 2214 2107 2199
f 2108 2213 2106
f 2108 2215 2213
f 2214 2109 2107
f 2216 2109 2214
f 2110 2215 2108
f 2110 2217 2215
f 2216 2111 2109
f 2218 2111 2216
f 2112 2217 2110
f 2112 2219 2217
f 2218 2113 2111
f 2220 2113 2218
f 2114 2219 2112
f 2114 2221 2219
f 2220 2115 2113
f 2222 2115 2220
f 2116 2221 2114
f 2116 2223 2221
f 2222 2117 2115
f 2224 2117 2222
f 2225 2223 2116
f 2225 2116 2118
f 2118 2119 2225
f 2225 2119 2226
f 2224 2120 2117
f 2227 2120 2224
f 2121 2226 2119
f 2121 2228 2226
f 2227 2122 2120
f 2229 2122 2227
f 2123 2228 2121
f 2123 2230 2228
f 2232 2231 2125
f 2125 2231 2124
f 2125 2122 2229
f 2125 2229 2232
f 2233 2230 2123
f 2233 2123 2126
f 2126 2127 2233
f 2233 2127 2234
f 2231 2128 2124
f 2235 2128 2231
f 2236 2234 2127
f 2236 2127 2129
f 2129 2130 2236
f 2236 2130 2237
f 2239 2238 2132
f 2132 2238 2131
f 2240 2132 2133
f 2240 2239 2132
f 2241 2133 2134
f 2241 2240 2133
f 2134 2128 2235
f 2134 2235 2241
f 2242 2237 2130
f 2242 2130 2135
f 2243 2135 2136
f 2243 2242 2135
f 2244 2136 2137
f 2244 2243 2136
f 2245 2137 2138
f 2245 2244 2137
f 2246 2138 2139
f 2246 2245 2138
f 2139 2131 2238
f 2139 2238 2246
f 2248 2247 2140
f 2248 2140 2141
f 2140 2249 2142
f 2247 2249 2140
f 2142 2250 2143
f 2249 2250 2142
f 2143 2251 2144
f 2250 2251 2143
f 2144 2252 2145
f 2251 2252 2144
f 2145 2253 2146
f 2252 2253 2145
f 2146 2254 2147
f 2253 2254 2146
f 2147 2255 2148
f 2254 2255 2147
f 2148 2256 2149
f 2255 2256 2148
f 2149 2257 2150
f 2256 2257 2149
f 2150 2258 2151
f 2257 2258 2150
f 2151 2259 2152
f 2258 2259 2151
f 2152 2260 2153
f 2259 2260 2152
f 2153 2261 2154
f 2260 2261 2153
f 2154 2262 2155
f 2261 2262 2154
f 2155 2263 2156
f 2262 2263 2155
f 2156 2264 2157
f 2263 2264 2156
f 2157 2265 2158
f 2264 2265 2157
f 2158 2266 2159
f 2265 2266 2158
f 2159 2267 2160
f 2266 2267 2159
f 2160 2268 2161
f 2267 2268 2160
f 2161 2269 2162
f 2268 2269 2161
f 2162 2270 2163
f 2269 2270 2162
f 2163 2271 2164
f 2270 2271 2163
f 2164 2272 2165
f 2271 2272 2164
f 2165 2273 2166
f 2272 2273 2165
f 2166 2274 2167
f 2273 2274 2166
f 2167 2275 2168
f 2274 2275 2167
f 2169 2168 2275
f 2169 2275 2276
f 2170 2248 2141
f 2170 2277 2248
f 2276 2171 2169
f 2278 2171 2276
f 2172 2277 2170
f 2172 2279 2277
f 2278 2173 2171
f 2280 2173 2278
f 2174 2279 2172
f 2174 2281 2279
f 2280 2175 2173
f 2282 2175 2280
f 2176 2281 2174
f 2176 2283 2281
f 2282 2177 2175
f 2284 2177 2282
f 2178 2283 2176
f 2178 2285 2283
f 2284 2179 2177
f 2286 2179 2284
f 2180 2285 2178
f 2180 2287 2285
f 2286 2181 2179
f 2288 2181 2286
f 2290 2289 2182
f 2290 2182 2183
f 2180 2182 2287
f 2287 2182 2289
f 2288 2184 2181
f 2291 2184 2288
f 2185 2290 2183
f 2185 2292 2290
f 2291 2186 2184
f 2293 2186 2291
f 2187 2292 2185
f 2187 2294 2292
f 2293 2188 2186
f 2295 2188 2293
f 2296 2294 2187
f 2296 2187 2189
f 2189 2190 2296
f 2296 2190 2297
f 2299 2298 2193
f 2193 2298 2192
f 2300 2193 2194
f 2300 2299 2193
f 2301 2194 2195
f 2301 2300 2194
f 2302 2195 2196
f 2302 2301 2195
f 2196 2197 2302
f 2302 2197 2303
f 2295 2304 2188
f 2188 2304 2198
f 2199 2198 2304
f 2199 2304 2305
f 2306 2297 2190
f 2306 2190 2200
f 2307 2200 2201
f 2307 2306 2200
f 2308 2201 2202
f 2308 2307 2201
f 2309 2202 2203
f 2309 2308 2202
f 2310 2203 2204
f 2310 2309 2203
f 2311 2204 2205
f 2311 2310 2204
f 2312 2205 2206
f 2312 2311 2205
f 2313 2206 2207
f 2313 2312 2206
f 2314 2207 2208
f 2314 2313 2207
f 2315 2208 2209
f 2315 2314 2208
f 2316 2209 2210
f 2316 2315 2209
f 2210 2192 2298
f 2210 2298 2316
f 2317 2303 2197
f 2317 2197 2211
f 2318 2211 2212
f 2318 2317 2211
f 2212 2213 2318
f 2318 2213 2319
f 2305 2214 2199
f 2320 2214 2305
f 2215 2319 2213
f 2215 2321 2319
f 2320 2216 2214
f 2322 2216 2320
f 2217 2321 2215
f 2217 2323 2321
f 2322 2218 2216
f 2324 2218 2322
f 2219 2323 2217
f 2219 2325 2323
f 2324 2220 2218
f 2326 2220 2324
f 2221 2325 2219
f 2221 2327 2325
f 2326 2222 2220
f 2328 2222 2326
f 2223 2327 2221
f 2223 2329 2327
f 2328 2224 2222
f 2330 2224 2328
f 2331 2329 2223
f 2331 2223 2225
f 2225 2226 2331
f 2331 2226 2332
f 2330 2227 2224
f 2333 2227 2330
f 2228 2332 2226
f 2228 2334 2332
f 2333 2229 2227
f 2335 2229 2333
f 2230 2334 2228
f 2230 2336 2334
f 2338 2337 2232
f 2232 2337 2231
f 2232 2229 2335
f 2232 2335 2338
f 2339 2336 2230
f 2339 2230 2233
f 2233 2234 2339
f 2339 2234 2340
f 2337 2235 2231
f 2341 2235 2337
f 2342 2340 2234
f 2342 2234 2236
f 2236 2237 2342
f 2342 2237 2343
f 2345 2344 2239
f 2239 2344 2238
f 2346 2239 2240
f 2346 2345 2239
f 2347 2240 2241
f 2347 2346 2240
f 2241 2235 2341
f 2241 2341 2347
f 2348 2343 2237
f 2348 2237 2242
f 2349 2242 2243
f 2349 2348 2242
f 2350 2243 2244
f 2350 2349 2243
f 2351 2244 2245
f 2351 2350 2244
f 2352 2245 2246
f 2352 2351 2245
f 2246 2238 2344
f 2246 2344 2352
f 2354 2353 2247
f 2354 2247 2248
f 2247 2355 2249
f 2353 2355 2247
f 2249 2356 2250
f 2355 2356 2249
f 2250 2357 2251
f 2356 2357 2250
f 2251 2358 2252
f 2357 2358 2251
f 2252 2359 2253
f 2358 2359 2252
f 2253 2360 2254
f 2359 2360 2253
f 2254 2361 2255
f 2360 2361 2254
f 2255 2362 2256
f 2361 2362 2255
f 2256 2363 2257
f 2362 2363 2256
f 2257 2364 2258
f 2363 2364 2257
f 2258 2365 2259
f 2364 2365 2258
f 2259 2366 2260
f 2365 2366 2259
f 2260 2367 2261
f 2366 2367 2260
f 2261 2368 2262
f 2367 2368 2261
f 2262 2369 2263
f 2368 2369 2262
f 2263 2370 2264
f 2369 2370 2263
f 2264 2371 2265
f 2370 2371 2264
f 2265 2372 2266
f 2371 2372 2265
f 2266 2373 2267
f 2372 2373 2266
f 2267 2374 2268
f 2373 2374 2267
f 2268 2375 2269
f 2374 2375 2268
f 2269 2376 2270
f 2375 2376 2269
f 2270 2377 2271
f 2376 2377 2270
f 2271 2378 2272
f 2377 2378 2271
f 2272 2379 2273
f 2378 2379 2272
f 2273 2380 2274
f 2379 2380 2273
f 2274 2381 2275
f 2380 2381 2274
f 2276 2275 2381
f 2276 2381 2382
f 2277 2354 2248
f 2277 2383 2354
f 2382 2278 2276
f 2384 2278 2382
f 2279 2383 2277
f 2279 2385 2383
f 2384 2280 2278
f 2386 2280 2384
f 2281 2385 2279
f 2281 2387 2385
f 2386 2282 2280
f 2388 2282 2386
f 2283 2387 2281
f 2283 2389 2387
f 2388 2284 2282
f 2390 2284 2388
f 2285 2389 2283
f 2285 2391 2389
f 2390 2286 2284
f 2392 2286 2390
f 2287 2391 2285
f 2287 2393 2391
f 2392 2288 2286
f 2394 2288 2392
f 2396 2395 2289
f 2396 2289 2290
f 2287 2289 2393
f 2393 2289 2395
f 2394 2291 2288
f 2397 2291 2394
f 2292 2396 2290
f 2292 2398 2396
f 2397 2293 2291
f 2399 2293 2397
f 2294 2398 2292
f 2294 2400 2398
f 2399 2295 2293
f 2401 2295 2399
f 2402 2400 2294
f 2402 2294 2296
f 2296 2297 2402
f 2402 2297 2403
f 2405 2404 2299
f 2299 2404 2298
f 2406 2299 2300
f 2406 2405 2299
f 2407 2300 2301
f 2407 2406 2300
f 2408 2301 2302
f 2408 2407 2301
f 2302 2303 2408
f 2408 2303 2409
f 2401 2410 2295
f 2295 2410 2304
f 2305 2304 2410
f 2305 2410 2411
f 2412 2403 2297
f 2412 2297 2306
f 2413 2306 2307
f 2413 2412 2306
f 2414 2307 2308
f 2414 2413 2307
f 2415 2308 2309
f 2415 2414 2308
f 2416 2309 2310
f 2416 2415 2309
f 2417 2310 2311
f 2417 2416 2310
f 2418 2311 2312
f 2418 2417 2311
f 2419 2312 2313
f 2419 2418 2312
f 2420 2313 2314
f 2420 2419 2313
f 2421 2314 2315
f 2421 2420 2314
f 2422 2315 2316
f 2422 2421 2315
f 2316 2298 2404
f 2316 2404 2422
f 2423 2409 2303
f 2423 2303 2317
f 2424 2317 2318
f 2424 2423 2317
f 2318 2319 2424
f 2424 2319 2425
f 2411 2320 2305
f 2426 2320 2411
f 2321 2425 2319
f 2321 2427 2425
f 2426 2322 2320
f 2428 2322 2426
f 2323 2427 2321
f 2323 2429 2427
f 2428 2324 2322
f 2430 2324 2428
f 2325 2429 2323
f 2325 2431 2429
f 2430 2326 2324
f 2432 2326 2430
f 2327 2431 2325
f 2327 2433 2431
f 2432 2328 2326
f 2434 2328 2432
f 2329 2433 2327
f 2329 2435 2433
f 2434 2330 2328
f 2436 2330 2434
f 2437 2435 2329
f 2437 2329 2331
f 2331 2332 2437
f 2437 2332 2438
f 2436 2333 2330
f 2439 2333 2436
f 2334 2438 2332
f 2334 2440 2438
f 2439 2335 2333
f 2441 2335 2439
f 2336 2440 2334
f 2336 2442 2440
f 2444 2443 2338
f 2338 2443 2337
f 2338 2335 2441
f 2338 2441 2444
f 2445 2442 2336
f 2445 2336 2339
f 2339 2340 2445
f 2445 2340 2446
f 2443 2341 2337
f 2447 2341 2443
f 2448 2446 2340
f 2448 2340 2342
f 2342 2343 2448
f 2448 2343 2449
f 2451 2450 2345
f 2345 2450 2344
f 2452 2345 2346
f 2452 2451 2345
f 2453 2346 2347
f 2453 2452 2346
f 2347 2341 2447
f 2347 2447 2453
f 2454 2449 2343
f 2454 2343 2348
f 2455 2348 2349
f 2455 2454 2348
f 2456 2349 2350
f 2456 2455 2349
f 2457 2350 2351
f 2457 2456 2350
f 2458 2351 2352
f 2458 2457 2351
f 2352 2344 2450
f 2352 2450 2458
f 2460 2459 2353
f 2460 2353 2354
f 2353 2461 2355
f 2459 2461 2353
f 2355 2462 2356
f 2461 2462 2355
f 2356 2463 2357
f 2462 2463 2356
f 2357 2464 2358
f 2463 2464 2357
f 2358 2465 2359
f 2464 2465 2358
f 2359 2466 2360
f 2465 2466 2359
f 2360 2467 2361
f 2466 2467 2360
f 2361 2468 2362
f 2467 2468 2361
f 2362 2469 2363
f 2468 2469 2362
f 2363 2470 2364
f 2469 2470 2363
f 2364 2471 2365
f 2470 2471 2364
f 2365 2472 2366
f 2471 2472 2365
f 2366 2473 2367
f 2472 2473 2366
f 2367 2474 2368
f 2473 2474 2367
f 2368 2475 2369
f 2474 2475 2368
f 2369 2476 2370
f 2475 2476 2369
f 2370 2477 2371
f 2476 2477 2370
f 2371 2478 2372
f 2477 2478 2371
f 2372 2479 2373
f 2478 2479 2372
f 2373 2480 2374
f 2479 2480 2373
f 2374 2481 2375
f 2480 2481 2374
f 2375 2482 2376
f 2481 2482 2375
f 2376 2483 2377
f 2482 2483 2376
f 2377 2484 2378
f 2483 2484 2377
f 2378 2485 2379
f 2484 2485 2378
f 2379 2486 2380
f 2485 2486 2379
f 2380 2487 2381
f 2486 2487 2380
f 2382 2381 2487
f 2382 2487 2488
f 2383 2460 2354
f 2383 2489 2460
f 2488 2384 2382
f 2490 2384 2488
f 2385 2489 2383
f 2385 2491 2489
f 2490 2386 2384
f 2492 2386 2490
f 2387 2491 2385
f 2387 2493 2491
f 2492 2388 2386
f 2494 2388 2492
f 2389 2493 2387
f 2389 2495 2493
f 2494 2390 2388
f 2496 2390 2494
f 2391 2495 2389
f 2391 2497 2495
f 2496 2392 2390
f 2498 2392 2496
f 2393 2497 2391
f 2393 2499 2497
f 2498 2394 2392
f 2500 2394 2498
f 2502 2501 2395
f 2502 2395 2396
f 2393 2395 2499
f 2499 2395 2501
f 2500 2397 2394
f 2503 2397 2500
f 2398 2502 2396
f 2398 2504 2502
f 2503 2399 2397
f 2505 2399 2503
f 2400 2504 2398
f 2400 2506 2504
f 2508 2401 2507
f 2401 2505 2507
f 2401 2399 2505
f 2509 2508 2507
f 2510 2506 2400
f 2510 2400 2402
f 2402 2403 2510
f 2510 2403 2511
f 2514 2513 2512
f 2404 2405 2512
f 2405 2514 2512
f 2405 2515 2514
f 2516 2405 2406
f 2516 2515 2405
f 2517 2406 2407
f 2517 2516 2406
f 2518 2407 2408
f 2518 2517 2407
f 2408 2409 2518
f 2518 2409 2519
f 2508 2410 2401
f 2411 2410 2508
f 2509 2411 2508
f 2520 2411 2509
f 2521 2511 2403
f 2521 2403 2412
f 2522 2412 2413
f 2522 2521 2412
f 2523 2413 2414
f 2523 2522 2413
f 2524 2414 2415
f 2524 2523 2414
f 2525 2415 2416
f 2525 2524 2415
f 2526 2416 2417
f 2526 2525 2416
f 2527 2417 2418
f 2527 2526 2417
f 2528 2418 2419
f 2528 2527 2418
f 2529 2419 2420
f 2529 2528 2419
f 2530 2420 2421
f 2530 2529 2420
f 2422 2512 2513
f 2530 2422 2513
f 2421 2422 2530
f 2512 2422 2404
f 2531 2519 2409
f 2531 2409 2423
f 2532 2423 2424
f 2532 2531 2423
f 2424 2425 2532
f 2532 2425 2533
f 2520 2426 2411
f 2534 2426 2520
f 2427 2533 2425
f 2427 2535 2533
f 2534 2428 2426
f 2536 2428 2534
f 2429 2535 2427
f 2429 2537 2535
f 2536 2430 2428
f 2538 2430 2536
f 2431 2537 2429
f 2431 2539 2537
f 2538 2432 2430
f 2540 2432 2538
f 2433 2539 2431
f 2433 2541 2539
f 2540 2434 2432
f 2542 2434 2540
f 2435 2541 2433
f 2435 2543 2541
f 2542 2436 2434
f 2544 2436 2542
f 2545 2543 2435
f 2545 2435 2437
f 2437 2438 2545
f 2545 2438 2546
f 2544 2439 2436
f 2547 2439 2544
f 2440 2546 2438
f 2440 2548 2546
f 2547 2441 2439
f 2549 2441 2547
f 2442 2548 2440
f 2442 2550 2548
f 2552 2551 2444
f 2444 2551 2443
f 2444 2441 2549
f 2444 2549 2552
f 2553 2550 2442
f 2553 2442 2445
f 2445 2446 2553
f 2553 2446 2554
f 2551 2447 2443
f 2555 2447 2551
f 2556 2554 2446
f 2556 2446 2448
f 2448 2449 2556
f 2556 2449 2557
f 2559 2558 2451
f 2451 2558 2450
f 2560 2451 2452
f 2560 2559 2451
f 2561 2452 2453
f 2561 2560 2452
f 2453 2447 2555
f 2453 2555 2561
f 2562 2557 2449
f 2562 2449 2454
f 2563 2454 2455
f 2563 2562 2454
f 2564 2455 2456
f 2564 2563 2455
f 2565 2456 2457
f 2565 2564 2456
f 2566 2457 2458
f 2566 2565 2457
f 2458 2450 2558
f 2458 2558 2566
f 2568 2567 2459
f 2568 2459 2460
f 2459 2569 2461
f 2567 2569 2459
f 2461 2570 2462
f 2569 2570 2461
f 2462 2571 2463
f 2570 2571 2462
f 2463 2572 2464
f 2571 2572 2463
f 2464 2573 2465
f 2572 2573 2464
f 2465 2574 2466
f 2573 2574 2465
f 2466 2575 2467
f 2574 2575 2466
f 2467 2576 2468
f 2575 2576 2467
f 2468 2577 2469
f 2576 2577 2468
f 2469 2578 2470
f 2577 2578 2469
f 2470 2579 2471
f 2578 2579 2470
f 2471 2580 2472
f 2579 2580 2471
f 2472 2581 2473
f 2580 2581 2472
f 2473 2582 2474
f 2581 2582 2473
f 2474 2583 2475
f 2582 2583 2474
f 2475 2584 2476
f 2583 2584 2475
f 2476 2585 2477
f 2584 2585 2476
f 2477 2586 2478
f 2585 2586 2477
f 2478 2587 2479
f 2586 2587 2478
f 2479 2588 2480
f 2587 2588 2479
f 2480 2589 2481
f 2588 2589 2480
f 2481 2590 2482
f 2589 2590 2481
f 2482 2591 2483
f 2590 2591 2482
f 2483 2592 2484
f 2591 2592 2483
f 2484 2593 2485
f 2592 2593 2484
f 2485 2594 2486
f 2593 2594 2485
f 2486 2595 2487
f 2594 2595 2486
f 2488 2487 2595
f 2488 2595 2596
f 2489 2568 2460
f 2489 2597 2568
f 2596 2490 2488
f 2598 2490 2596
f 2491 2597 2489
f 2491 2599 2597
f 2598 2492 2490
f 2600 2492 2598
f 2493 2599 2491
f 2493 2601 2599
f 2600 2494 2492
f 2602 2494 2600
f 2495 2601 2493
f 2495 2603 2601
f 2602 2496 2494
f 2604 2496 2602
f 2497 2603 2495
f 2497 2605 2603
f 2604 2498 2496
f 2606 2498 2604
f 2499 2605 2497
f 2499 2607 2605
f 2606 2500 2498
f 2608 2500 2606
f 2610 2609 2501
f 2610 2501 2502
f 2499 2501 2607
f 2607 2501 2609
f 2608 2503 2500
f 2611 2503 2608
f 2504 2610 2502
f 2504 2612 2610
f 2614 2505 2613
f 2505 2611 2613
f 2505 2503 2611
f 2615 2614 2613
f 2506 2612 2504
f 2506 2616 2612
f 2614 2507 2505
f 2509 2507 2614
f 2615 2509 2614
f 2617 2509 2615
f 2618 2616 2506
f 2618 2506 2510
f 2510 2511 2618
f 2618 2511 2619
f 2621 2620 2514
f 2514 2620 2513
f 2622 2514 2515
f 2622 2621 2514
f 2623 2515 2516
f 2623 2622 2515
f 2624 2516 2517
f 2624 2623 2516
f 2625 2517 2518
f 2625 2624 2517
f 2518 2519 2625
f 2625 2519 2626
f 2617 2520 2509
f 2627 2520 2617
f 2628 2619 2511
f 2628 2511 2521
f 2629 2521 2522
f 2629 2628 2521
f 2630 2522 2523
f 2630 2629 2522
f 2631 2523 2524
f 2631 2630 2523
f 2632 2524 2525
f 2632 2631 2524
f 2633 2525 2526
f 2633 2632 2525
f 2634 2526 2527
f 2634 2633 2526
f 2635 2527 2528
f 2635 2634 2527
f 2636 2528 2529
f 2636 2635 2528
f 2637 2529 2530
f 2637 2636 2529
f 2530 2513 2620
f 2530 2620 2637
f 2638 2626 2519
f 2638 2519 2531
f 2639 2531 2532
f 2639 2638 2531
f 2532 2533 2639
f 2639 2533 2640
f 2627 2534 2520
f 2641 2534 2627
f 2535 2640 2533
f 2535 2642 2640
f 2641 2536 2534
f 2643 2536 2641
f 2537 2642 2535
f 2537 2644 2642
f 2643 2538 2536
f 2645 2538 2643
f 2539 2644 2537
f 2539 2646 2644
f 2645 2540 2538
f 2647 2540 2645
f 2541 2646 2539
f 2541 2648 2646
f 2647 2542 2540
f 2649 2542 2647
f 2543 2648 2541
f 2543 2650 2648
f 2649 2544 2542
f 2651 2544 2649
f 2652 2650 2543
f 2652 2543 2545
f 2545 2546 2652
f 2652 2546 2653
f 2651 2547 2544
f 2654 2547 2651
f 2548 2653 2546
f 2548 2655 2653
f 2654 2549 2547
f 2656 2549 2654
f 2550 2655 2548
f 2550 2657 2655
f 2659 2658 2552
f 2552 2658 2551
f 2552 2549 2656
f 2552 2656 2659
f 2660 2657 2550
f 2660 2550 2553
f 2553 2554 2660
f 2660 2554 2661
f 2658 2555 2551
f 2662 2555 2658
f 2663 2661 2554
f 2663 2554 2556
f 2556 2557 2663
f 2663 2557 2664
f 2666 2665 2559
f 2559 2665 2558
f 2667 2559 2560
f 2667 2666 2559
f 2668 2560 2561
f 2668 2667 2560
f 2561 2555 2662
f 2561 2662 2668
f 2669 2664 2557
f 2669 2557 2562
f 2670 2562 2563
f 2670 2669 2562
f 2671 2563 2564
f 2671 2670 2563
f 2672 2564 2565
f 2672 2671 2564
f 2673 2565 2566
f 2673 2672 2565
f 2566 2558 2665
f 2566 2665 2673
f 2675 2674 2567
f 2675 2567 2568
f 2567 2676 2569
f 2674 2676 2567
f 2569 2677 2570
f 2676 2677 2569
f 2570 2678 2571
f 2677 2678 2570
f 2571 2679 2572
f 2678 2679 2571
f 2572 2680 2573
f 2679 2680 2572
f 2573 2681 2574
f 2680 2681 2573
f 2574 2682 2575
f 2681 2682 2574
f 2575 2683 2576
f 2682 2683 2575
f 2576 2684 2577
f 2683 2684 2576
f 2577 2685 2578
f 2684 2685 2577
f 2578 2686 2579
f 2685 2686 2578
f 2579 2687 2580
f 2686 2687 2579
f 2580 2688 2581
f 2687 2688 2580
f 2581 2689 2582
f 2688 2689 2581
f 2582 2690 2583
f 2689 2690 2582
f 2583 2691 2584
f 2690 2691 2583
f 2584 2692 2585
f 2691 2692 2584
f 2585 2693 2586
f 2692 2693 2585
f 2586 2694 2587
f 2693 2694 2586
f 2587 2695 2588
f 2694 2695 2587
f 2588 2696 2589
f 2695 2696 2588
f 2589 2697 2590
f 2696 2697 2589
f 2590 2698 2591
f 2697 2698 2590
f 2591 2699 2592
f 2698 2699 2591
f 2592 2700 2593
f 2699 2700 2592
f 2593 2701 2594
f 2700 2701 2593
f 2594 2702 2595
f 2701 2702 2594
f 2596 2595 2702
f 2596 2702 2703
f 2597 2675 2568
f 2597 2704 2675
f 2703 2598 2596
f 2705 2598 2703
f 2599 2704 2597
f 2599 2706 2704
f 2705 2600 2598
f 2707 2600 2705
f 2601 2706 2599
f 2601 2708 2706
f 2707 2602 2600
f 2709 2602 2707
f 2603 2708 2601
f 2603 2710 2708
f 2709 2604 2602
f 2711 2604 2709
f 2605 2710 2603
f 2605 2712 2710
f 2711 2606 2604
f 2713 2606 2711
f 2607 2712 2605
f 2607 2714 2712
f 2713 2608 2606
f 2715 2608 2713
f 2717 2716 2609
f 2717 2609 2610
f 2607 2609 2714
f 2714 2609 2716
f 2715 2611 2608
f 2718 2611 2715
f 2612 2717 2610
f 2612 2719 2717
f 2718 2720 2611
f 2611 2720 2613
f 2615 2613 2720
f 2615 2720 2721
f 2616 2719 2612
f 2616 2722 2719
f 2721 2617 2615
f 2723 2617 2721
f 2724 2722 2616
f 2724 2616 2618
f 2618 2619 2724
f 2724 2619 2725
f 2727 2726 2621
f 2621 2726 2620
f 2728 2621 2622
f 2728 2727 2621
f 2729 2622 2623
f 2729 2728 2622
f 2730 2623 2624
f 2730 2729 2623
f 2731 2624 2625
f 2731 2730 2624
f 2625 2626 2731
f 2731 2626 2732
f 2723 2627 2617
f 2733 2627 2723
f 2734 2725 2619
f 2734 2619 2628
f 2735 2628 2629
f 2735 2734 2628
f 2736 2629 2630
f 2736 2735 2629
f 2737 2630 2631
f 2737 2736 2630
f 2738 2631 2632
f 2738 2737 2631
f 2739 2632 2633
f 2739 2738 2632
f 2740 2633 2634
f 2740 2739 2633
f 2741 2634 2635
f 2741 2740 2634
f 2742 2635 2636
f 2742 2741 2635
f 2743 2636 2637
f 2743 2742 2636
f 2637 2620 2726
f 2637 2726 2743
f 2744 2732 2626
f 2744 2626 2638
f 2745 2638 2639
f 2745 2744 2638
f 2639 2640 2745
f 2745 2640 2746
f 2733 2641 2627
f 2747 2641 2733
f 2642 2746 2640
f 2642 2748 2746
f 2747 2643 2641
f 2749 2643 2747
f 2644 2748 2642
f 2644 2750 2748
f 2749 2645 2643
f 2751 2645 2749
f 2646 2750 2644
f 2646 2752 2750
f 2751 2647 2645
f 2753 2647 2751
f 2648 2752 2646
f 2648 2754 2752
f 2753 2649 2647
f 2755 2649 2753
f 2650 2754 2648
f 2650 2756 2754
f 2755 2651 2649
f 2757 2651 2755
f 2758 2756 2650
f 2758 2650 2652
f 2652 2653 2758
f 2758 2653 2759
f 2757 2654 2651
f 2760 2654 2757
f 2655 2759 2653
f 2655 2761 2759
f 2760 2656 2654
f 2762 2656 2760
f 2657 2761 2655
f 2657 2763 2761
f 2765 2764 2659
f 2659 2764 2658
f 2659 2656 2762
f 2659 2762 2765
f 2766 2763 2657
f 2766 2657 2660
f 2660 2661 2766
f 2766 2661 2767
f 2764 2662 2658
f 2768 2662 2764
f 2769 2767 2661
f 2769 2661 2663
f 2663 2664 2769
f 2769 2664 2770
f 2772 2771 2666
f 2666 2771 2665
f 2773 2666 2667
f 2773 2772 2666
f 2774 2667 2668
f 2774 2773 2667
f 2668 2662 2768
f 2668 2768 2774
f 2775 2770 2664
f 2775 2664 2669
f 2776 2669 2670
f 2776 2775 2669
f 2777 2670 2671
f 2777 2776 2670
f 2778 2671 2672
f 2778 2777 2671
f 2779 2672 2673
f 2779 2778 2672
f 2673 2665 2771
f 2673 2771 2779
f 2781 2780 2674
f 2781 2674 2675
f 2674 2782 2676
f 2780 2782 2674
f 2676 2783 2677
f 2782 2783 2676
f 2677 2784 2678
f 2783 2784 2677
f 2678 2785 2679
f 2784 2785 2678
f 2679 2786 2680
f 2785 2786 2679
f 2680 2787 2681
f 2786 2787 2680
f 2681 2788 2682
f 2787 2788 2681
f 2682 2789 2683
f 2788 2789 2682
f 2683 2790 2684
f 2789 2790 2683
f 2684 2791 2685
f 2790 2791 2684
f 2685 2792 2686
f 2791 2792 2685
f 2686 2793 2687
f 2792 2793 2686
f 2687 2794 2688
f 2793 2794 2687
f 2688 2795 2689
f 2794 2795 2688
f 2689 2796 2690
f 2795 2796 2689
f 2690 2797 2691
f 2796 2797 2690
f 2691 2798 2692
f 2797 2798 2691
f 2692 2799 2693
f 2798 2799 2692
f 2693 2800 2694
f 2799 2800 2693
f 2694 2801 2695
f 2800 2801 2694
f 2695 2802 2696
f 2801 2802 2695
f 2696 2803 2697
f 2802 2803 2696
f 2697 2804 2698
f 2803 2804 2697
f 2698 2805 2699
f 2804 2805 2698
f 2699 2806 2700
f 2805 2806 2699
f 2700 2807 2701
f 2806 2807 2700
f 2701 2808 2702
f 2807 2808 2701
f 2703 2702 2808
f 2703 2808 2809
f 2704 2781 2675
f 2704 2810 2781
f 2809 2705 2703
f 2811 2705 2809
f 2706 2810 2704
f 2706 2812 2810
f 2811 2707 2705
f 2813 2707 2811
f 2708 2812 2706
f 2708 2814 2812
f 2813 2709 2707
f 2815 2709 2813
f 2710 2814 2708
f 2710 2816 2814
f 2815 2711 2709
f 2817 2711 2815
f 2712 2816 2710
f 2712 2818 2816
f 2817 2713 2711
f 2819 2713 2817
f 2714 2818 2712
f 2714 2820 2818
f 2819 2715 2713
f 2821 2715 2819
f 2823 2822 2716
f 2823 2716 2717
f 2714 2716 2820
f 2820 2716 2822
f 2825 2718 2824
f 2718 2821 2824
f 2718 2715 2821
f 2826 2825 2824
f 2719 2823 2717
f 2719 2827 2823
f 2825 2720 2718
f 2721 2720 2825
f 2826 2721 2825
f 2828 2721 2826
f 2722 2827 2719
f 2722 2829 2827
f 2828 2723 2721
f 2830 2723 2828
f 2831 2829 2722
f 2831 2722 2724
f 2724 2725 2831
f 2831 2725 2832
f 2834 2833 2727
f 2727 2833 2726
f 2835 2727 2728
f 2835 2834 2727
f 2836 2728 2729
f 2836 2835 2728
f 2837 2729 2730
f 2837 2836 2729
f 2838 2730 2731
f 2838 2837 2730
f 2731 2732 2838
f 2838 2732 2839
f 2830 2733 2723
f 2840 2733 2830
f 2841 2832 2725
f 2841 2725 2734
f 2842 2734 2735
f 2842 2841 2734
f 2843 2735 2736
f 2843 2842 2735
f 2844 2736 2737
f 2844 2843 2736
f 2845 2737 2738
f 2845 2844 2737
f 2846 2738 2739
f 2846 2845 2738
f 2847 2739 2740
f 2847 2846 2739
f 2848 2740 2741
f 2848 2847 2740
f 2849 2741 2742
f 2849 2848 2741
f 2850 2742 2743
f 2850 2849 2742
f 2743 2726 2833
f 2743 2833 2850
f 2851 2839 2732
f 2851 2732 2744
f 2852 2744 2745
f 2852 2851 2744
f 2745 2746 2852
f 2852 2746 2853
f 2840 2747 2733
f 2854 2747 2840
f 2748 2853 2746
f 2748 2855 2853
f 2854 2749 2747
f 2856 2749 2854
f 2750 2855 2748
f 2750 2857 2855
f 2856 2751 2749
f 2858 2751 2856
f 2752 2857 2750
f 2752 2859 2857
f 2858 2753 2751
f 2860 2753 2858
f 2754 2859 2752
f 2754 2861 2859
f 2860 2755 2753
f 2862 2755 2860
f 2756 2861 2754
f 2756 2863 2861
f 2862 2757 2755
f 2864 2757 2862
f 2865 2863 2756
f 2865 2756 2758
f 2758 2759 2865
f 2865 2759 2866
f 2864 2760 2757
f 2867 2760 2864
f 2761 2866 2759
f 2761 2868 2866
f 2867 2762 2760
f 2869 2762 2867
f 2763 2868 2761
f 2763 2870 2868
f 2872 2871 2765
f 2765 2871 2764
f 2765 2762 2869
f 2765 2869 2872
f 2873 2870 2763
f 2873 2763 2766
f 2766 2767 2873
f 2873 2767 2874
f 2871 2768 2764
f 2875 2768 2871
f 2876 2874 2767
f 2876 2767 2769
f 2769 2770 2876
f 2876 2770 2877
f 2879 2878 2772
f 2772 2878 2771
f 2880 2772 2773
f 2880 2879 2772
f 2881 2773 2774
f 2881 2880 2773
f 2774 2768 2875
f 2774 2875 2881
f 2882 2877 2770
f 2882 2770 2775
f 2883 2775 2776
f 2883 2882 2775
f 2884 2776 2777
f 2884 2883 2776
f 2885 2777 2778
f 2885 2884 2777
f 2886 2778 2779
f 2886 2885 2778
f 2779 2771 2878
f 2779 2878 2886
f 2888 2887 2780
f 2888 2780 2781
f 2780 2889 2782
f 2887 2889 2780
f 2782 2890 2783
f 2889 2890 2782
f 2783 2891 2784
f 2890 2891 2783
f 2784 2892 2785
f 2891 2892 2784
f 2785 2893 2786
f 2892 2893 2785
f 2786 2894 2787
f 2893 2894 2786
f 2787 2895 2788
f 2894 2895 2787
f 2788 2896 2789
f 2895 2896 2788
f 2789 2897 2790
f 2896 2897 2789
f 2790 2898 2791
f 2897 2898 2790
f 2791 2899 2792
f 2898 2899 2791
f 2792 2900 2793
f 2899 2900 2792
f 2793 2901 2794
f 2900 2901 2793
f 2794 2902 2795
f 2901 2902 2794
f 2795 2903 2796
f 2902 2903 2795
f 2796 2904 2797
f 2903 2904 2796
f 2797 2905 2798
f 2904 2905 2797
f 2798 2906 2799
f 2905 2906 2798
f 2799 2907 2800
f 2906 2907 2799
f 2800 2908 2801
f 2907 2908 2800
f 2801 2909 2802
f 2908 2909 2801
f 2802 2910 2803
f 2909 2910 2802
f 2803 2911 2804
f 2910 2911 2803
f 2804 2912 2805
f 2911 2912 2804
f 2805 2913 2806
f 2912 2913 2805
f 2806 2914 2807
f 2913 2914 2806
f 2807 2915 2808
f 2914 2915 2807
f 2809 2808 2915
f 2809 2915 2916
f 2810 2888 2781
f 2810 2917 2888
f 2916 2811 2809
f 2918 2811 2916
f 2812 2917 2810
f 2812 2919 2917
f 2918 2813 2811
f 2920 2813 2918
f 2814 2919 2812
f 2814 2921 2919
f 2920 2815 2813
f 2922 2815 2920
f 2816 2921 2814
f 2816 2923 2921
f 2922 2817 2815
f 2924 2817 2922
f 2818 2923 2816
f 2818 2925 2923
f 2924 2819 2817
f 2926 2819 2924
f 2820 2925 2818
f 2820 2927 2925
f 2926 2821 2819
f 2928 2821 2926
f 2930 2929 2822
f 2930 2822 2823
f 2820 2822 2927
f 2927 2822 2929
f 2928 2931 2821
f 2821 2931 2824
f 2826 2824 2931
f 2826 2931 2932
f 2827 2930 2823
f 2827 2933 2930
f 2932 2828 2826
f 2934 2828 2932
f 2829 2933 2827
f 2829 2935 2933
f 2934 2830 2828
f 2936 2830 2934
f 2829 2831 2937
f 2938 2829 2937
f 2935 2829 2938
f 2832 2937 2831
f 2941 2940 2939
f 2833 2834 2939
f 2834 2941 2939
f 2834 2942 2941
f 2943 2834 2835
f 2943 2942 2834
f 2944 2835 2836
f 2944 2943 2835
f 2945 2836 2837
f 2945 2944 2836
f 2946 2837 2838
f 2946 2945 2837
f 2838 2839 2946
f 2946 2839 2947
f 2936 2840 2830
f 2948 2840 2936
f 2949 2938 2937
f 2949 2937 2832
f 2841 2949 2832
f 2950 2949 2841
f 2951 2841 2842
f 2951 2950 2841
f 2952 2842 2843
f 2952 2951 2842
f 2953 2843 2844
f 2953 2952 2843
f 2954 2844 2845
f 2954 2953 2844
f 2955 2845 2846
f 2955 2954 2845
f 2956 2846 2847
f 2956 2955 2846
f 2957 2847 2848
f 2957 2956 2847
f 2958 2848 2849
f 2958 2957 2848
f 2850 2939 2940
f 2958 2850 2940
f 2849 2850 2958
f 2939 2850 2833
f 2959 2947 2839
f 2959 2839 2851
f 2960 2851 2852
f 2960 2959 2851
f 2852 2853 2960
f 2960 2853 2961
f 2948 2854 2840
f 2962 2854 2948
f 2855 2961 2853
f 2855 2963 2961
f 2962 2856 2854
f 2964 2856 2962
f 2857 2963 2855
f 2857 2965 2963
f 2964 2858 2856
f 2966 2858 2964
f 2859 2965 2857
f 2859 2967 2965
f 2966 2860 2858
f 2968 2860 2966
f 2861 2967 2859
f 2861 2969 2967
f 2968 2862 2860
f 2970 2862 2968
f 2863 2969 2861
f 2863 2971 2969
f 2970 2864 2862
f 2972 2864 2970
f 2973 2971 2863
f 2973 2863 2865
f 2865 2866 2973
f 2973 2866 2974
f 2972 2867 2864
f 2975 2867 2972
f 2868 2974 2866
f 2868 2976 2974
f 2975 2869 2867
f 2977 2869 2975
f 2870 2976 2868
f 2870 2978 2976
f 2980 2979 2872
f 2872 2979 2871
f 2872 2869 2977
f 2872 2977 2980
f 2981 2978 2870
f 2981 2870 2873
f 2873 2874 2981
f 2981 2874 2982
f 2979 2875 2871
f 2983 2875 2979
f 2984 2982 2874
f 2984 2874 2876
f 2876 2877 2984
f 2984 2877 2985
f 2987 2986 2879
f 2879 2986 2878
f 2988 2879 2880
f 2988 2987 2879
f 2989 2880 2881
f 2989 2988 2880
f 2881 2875 2983
f 2881 2983 2989
f 2990 2985 2877
f 2990 2877 2882
f 2991 2882 2883
f 2991 2990 2882
f 2992 2883 2884
f 2992 2991 2883
f 2993 2884 2885
f 2993 2992 2884
f 2994 2885 2886
f 2994 2993 2885
f 2886 2878 2986
f 2886 2986 2994
f 2996 2995 2887
f 2996 2887 2888
f 2887 2997 2889
f 2995 2997 2887
f 2889 2998 2890
f 2997 2998 2889
f 2890 2999 2891
f 2998 2999 2890
f 2891 3000 2892
f 2999 3000 2891
f 2892 3001 2893
f 3000 3001 2892
f 2893 3002 2894
f 3001 3002 2893
f 2894 3003 2895
f 3002 3003 2894
f 2895 3004 2896
f 3003 3004 2895
f 2896 3005 2897
f 3004 3005 2896
f 2897 3006 2898
f 3005 3006 2897
f 2898 3007 2899
f 3006 3007 2898
f 2899 3008 2900
f 3007 3008 2899
f 2900 3009 2901
f 3008 3009 2900
f 2901 3010 2902
f 3009 3010 2901
f 2902 3011 2903
f 3010 3011 2902
f 2903 3012 2904
f 3011 3012 2903
f 2904 3013 2905
f 3012 3013 2904
f 2905 3014 2906
f 3013 3014 2905
f 2906 3015 2907
f 3014 3015 2906
f 2907 3016 2908
f 3015 3016 2907
f 2908 3017 2909
f 3016 3017 2908
f 2909 3018 2910
f 3017 3018 2909
f 2910 3019 2911
f 3018 3019 2910
f 2911 3020 2912
f 3019 3020 2911
f 2912 3021 2913
f 3020 3021 2912
f 2913 3022 2914
f 3021 3022 2913
f 2914 3023 2915
f 3022 3023 2914
f 2916 2915 3023
f 2916 3023 3024
f 2917 2996 2888
f 2917 3025 2996
f 3024 2918 2916
f 3026 2918 3024
f 2919 3025 2917
f 2919 3027 3025
f 3026 2920 2918
f 3028 2920 3026
f 2921 3027 2919
f 2921 3029 3027
f 3028 2922 2920
f 3030 2922 3028
f 2923 3029 2921
f 2923 3031 3029
f 3030 2924 2922
f 3032 2924 3030
f 2925 3031 2923
f 2925 3033 3031
f 3032 2926 2924
f 3034 2926 3032
f 2927 3033 2925
f 2927 3035 3033
f 3034 2928 2926
f 3036 2928 3034
f 3038 3037 2929
f 3038 2929 2930
f 2927 2929 3035
f 3035 2929 3037
f 3036 3039 2928
f 2928 3039 2931
f 2932 2931 3039
f 2932 3039 3040
f 2933 3038 2930
f 2933 3041 3038
f 3040 2934 2932
f 3042 2934 3040
f 2935 3041 2933
f 2935 3043 3041
f 3042 2936 2934
f 3044 2936 3042
f 2938 3043 2935
f 2938 3045 3043
f 3047 3046 2941
f 2941 3046 2940
f 3048 2941 2942
f 3048 3047 2941
f 3049 2942 2943
f 3049 3048 2942
f 3050 2943 2944
f 3050 3049 2943
f 3051 2944 2945
f 3051 3050 2944
f 3052 2945 2946
f 3052 3051 2945
f 2946 2947 3052
f 3052 2947 3053
f 3044 2948 2936
f 3054 2948 3044
f 3055 3045 2938
f 3055 2938 2949
f 3056 2949 2950
f 3056 3055 2949
f 3057 2950 2951
f 3057 3056 2950
f 3058 2951 2952
f 3058 3057 2951
f 3059 2952 2953
f 3059 3058 2952
f 3060 2953 2954
f 3060 3059 2953
f 3061 2954 2955
f 3061 3060 2954
f 3062 2955 2956
f 3062 3061 2955
f 3063 2956 2957
f 3063 3062 2956
f 3064 2957 2958
f 3064 3063 2957
f 2958 2940 3046
f 2958 3046 3064
f 3065 3053 2947
f 3065 2947 2959
f 3066 2959 2960
f 3066 3065 2959
f 2960 2961 3066
f 3066 2961 3067
f 3054 2962 2948
f 3068 2962 3054
f 2963 3067 2961
f 2963 3069 3067
f 3068 2964 2962
f 3070 2964 3068
f 2965 3069 2963
f 2965 3071 3069
f 3070 2966 2964
f 3072 2966 3070
f 2967 3071 2965
f 2967 3073 3071
f 3072 2968 2966
f 3074 2968 3072
f 2969 3073 2967
f 2969 3075 3073
f 3074 2970 2968
f 3076 2970 3074
f 2971 3075 2969
f 2971 3077 3075
f 3076 2972 2970
f 3078 2972 3076
f 3079 3077 2971
f 3079 2971 2973
f 2973 2974 3079
f 3079 2974 3080
f 3078 2975 2972
f 3081 2975 3078
f 2976 3080 2974
f 2976 3082 3080
f 3081 2977 2975
f 3083 2977 3081
f 2978 3082 2976
f 2978 3084 3082
f 3086 3085 2980
f 2980 3085 2979
f 2980 2977 3083
f 2980 3083 3086
f 3087 3084 2978
f 3087 2978 2981
f 2981 2982 3087
f 3087 2982 3088
f 3085 2983 2979
f 3089 2983 3085
f 3090 3088 2982
f 3090 2982 2984
f 2984 2985 3090
f 3090 2985 3091
f 3093 3092 2987
f 2987 3092 2986
f 3094 2987 2988
f 3094 3093 2987
f 3095 2988 2989
f 3095 3094 2988
f 2989 2983 3089
f 2989 3089 3095
f 3096 3091 2985
f 3096 2985 2990
f 3097 2990 2991
f 3097 3096 2990
f 3098 2991 2992
f 3098 3097 2991
f 3099 2992 2993
f 3099 3098 2992
f 3100 2993 2994
f 3100 3099 2993
f 2994 2986 3092
f 2994 3092 3100
f 3102 3101 2995
f 3102 2995 2996
f 2995 3103 2997
f 3101 3103 2995
f 2997 3104 2998
f 3103 3104 2997
f 2998 3105 2999
f 3104 3105 2998
f 2999 3106 3000
f 3105 3106 2999
f 3000 3107 3001
f 3106 3107 3000
f 3001 3108 3002
f 3107 3108 3001
f 3002 3109 3003
f 3108 3109 3002
f 3003 3110 3004
f 3109 3110 3003
f 3004 3111 3005
f 3110 3111 3004
f 3005 3112 3006
f 3111 3112 3005
f 3006 3113 3007
f 3112 3113 3006
f 3007 3114 3008
f 3113 3114 3007
f 3008 3115 3009
f 3114 3115 3008
f 3009 3116 3010
f 3115 3116 3009
f 3010 3117 3011
f 3116 3117 3010
f 3011 3118 3012
f 3117 3118 3011
f 3012 3119 3013
f 3118 3119 3012
f 3013 3120 3014
f 3119 3120 3013
f 3014 3121 3015
f 3120 3121 3014
f 3015 3122 3016
f 3121 3122 3015
f 3016 3123 3017
f 3122 3123 3016
f 3017 3124 3018
f 3123 3124 3017
f 3018 3125 3019
f 3124 3125 3018
f 3019 3126 3020
f 3125 3126 3019
f 3020 3127 3021
f 3126 3127 3020
f 3021 3128 3022
f 3127 3128 3021
f 3022 3129 3023
f 3128 3129 3022
f 3024 3023 3129
f 3024 3129 3130
f 3025 3102 2996
f 3025 3131 3102
f 3130 3026 3024
f 3132 3026 3130
f 3027 3131 3025
f 3027 3133 3131
f 3132 3028 3026
f 3134 3028 3132
f 3029 3133 3027
f 3029 3135 3133
f 3134 3030 3028
f 3136 3030 3134
f 3031 3135 3029
f 3031 3137 3135
f 3136 3032 3030
f 3138 3032 3136
f 3033 3137 3031
f 3033 3139 3137
f 3138 3034 3032
f 3140 3034 3138
f 3035 3139 3033
f 3035 3141 3139
f 3140 3036 3034
f 3142 3036 3140
f 3144 3143 3037
f 3144 3037 3038
f 3035 3037 3141
f 3141 3037 3143
f 3142 3145 3036
f 3036 3145 3039
f 3040 3039 3145
f 3040 3145 3146
f 3041 3144 3038
f 3041 3147 3144
f 3146 3042 3040
f 3148 3042 3146
f 3043 3147 3041
f 3043 3149 3147
f 3148 3044 3042
f 3150 3044 3148
f 3045 3149 3043
f 3045 3151 3149
f 3153 3152 3047
f 3047 3152 3046
f 3154 3047 3048
f 3154 3153 3047
f 3155 3048 3049
f 3155 3154 3048
f 3156 3049 3050
f 3156 3155 3049
f 3157 3050 3051
f 3157 3156 3050
f 3158 3051 3052
f 3158 3157 3051
f 3052 3053 3158
f 3158 3053 3159
f 3150 3054 3044
f 3160 3054 3150
f 3161 3151 3045
f 3161 3045 3055
f 3162 3055 3056
f 3162 3161 3055
f 3163 3056 3057
f 3163 3162 3056
f 3164 3057 3058
f 3164 3163 3057
f 3165 3058 3059
f 3165 3164 3058
f 3166 3059 3060
f 3166 3165 3059
f 3167 3060 3061
f 3167 3166 3060
f 3168 3061 3062
f 3168 3167 3061
f 3169 3062 3063
f 3169 3168 3062
f 3170 3063 3064
f 3170 3169 3063
f 3064 3046 3152
f 3064 3152 3170
f 3171 3159 3053
f 3171 3053 3065
f 3172 3065 3066
f 3172 3171 3065
f 3066 3067 3172
f 3172 3067 3173
f 3160 3068 3054
f 3174 3068 3160
f 3069 3173 3067
f 3069 3175 3173
f 3174 3070 3068
f 3176 3070 3174
f 3071 3175 3069
f 3071 3177 3175
f 3176 3072 3070
f 3178 3072 3176
f 3073 3177 3071
f 3073 3179 3177
f 3178 3074 3072
f 3180 3074 3178
f 3075 3179 3073
f 3075 3181 3179
f 3180 3076 3074
f 3182 3076 3180
f 3077 3181 3075
f 3077 3183 3181
f 3182 3078 3076
f 3184 3078 3182
f 3185 3183 3077
f 3185 3077 3079
f 3079 3080 3185
f 3185 3080 3186
f 3184 3081 3078
f 3187 3081 3184
f 3082 3186 3080
f 3082 3188 3186
f 3187 3083 3081
f 3189 3083 3187
f 3084 3188 3082
f 3084 3190 3188
f 3192 3191 3086
f 3086 3191 3085
f 3086 3083 3189
f 3086 3189 3192
f 3193 3190 3084
f 3193 3084 3087
f 3087 3088 3193
f 3193 3088 3194
f 3191 3089 3085
f 3195 3089 3191
f 3196 3194 3088
f 3196 3088 3090
f 3090 3091 3196
f 3196 3091 3197
f 3199 3198 3093
f 3093 3198 3092
f 3200 3093 3094
f 3200 3199 3093
f 3201 3094 3095
f 3201 3200 3094
f 3095 3089 3195
f 3095 3195 3201
f 3202 3197 3091
f 3202 3091 3096
f 3203 3096 3097
f 3203 3202 3096
f 3204 3097 3098
f 3204 3203 3097
f 3205 3098 3099
f 3205 3204 3098
f 3206 3099 3100
f 3206 3205 3099
f 3100 3092 3198
f 3100 3198 3206
f 3208 3207 3101
f 3208 3101 3102
f 3101 3209 3103
f 3207 3209 3101
f 3103 3210 3104
f 3209 3210 3103
f 3104 3211 3105
f 3210 3211 3104
f 3105 3212 3106
f 3211 3212 3105
f 3106 3213 3107
f 3212 3213 3106
f 3107 3214 3108
f 3213 3214 3107
f 3108 3215 3109
f 3214 3215 3108
f 3109 3216 3110
f 3215 3216 3109
f 3110 3217 3111
f 3216 3217 3110
f 3111 3218 3112
f 3217 3218 3111
f 3112 3219 3113
f 3218 3219 3112
f 3113 3220 3114
f 3219 3220 3113
f 3114 3221 3115
f 3220 3221 3114
f 3115 3222 3116
f 3221 3222 3115
f 3116 3223 3117
f 3222 3223 3116
f 3117 3224 3118
f 3223 3224 3117
f 3118 3225 3119
f 3224 3225 3118
f 3119 3226 3120
f 3225 3226 3119
f 3120 3227 3121
f 3226 3227 3120
f 3121 3228 3122
f 3227 3228 3121
f 3122 3229 3123
f 3228 3229 3122
f 3123 3230 3124
f 3229 3230 3123
f 3124 3231 3125
f 3230 3231 3124
f 3125 3232 3126
f 3231 3232 3125
f 3126 3233 3127
f 3232 3233 3126
f 3127 3234 3128
f 3233 3234 3127
f 3128 3235 3129
f 3234 3235 3128
f 3130 3129 3235
f 3130 3235 3236
f 3131 3208 3102
f 3131 3237 3208
f 3236 3132 3130
f 3238 3132 3236
f 3133 3237 3131
f 3133 3239 3237
f 3238 3134 3132
f 3240 3134 3238
f 3135 3239 3133
f 3135 3241 3239
f 3240 3136 3134
f 3242 3136 3240
f 3137 3241 3135
f 3137 3243 3241
f 3242 3138 3136
f 3244 3138 3242
f 3139 3243 3137
f 3139 3245 3243
f 3244 3140 3138
f 3246 3140 3244
f 3141 3245 3139
f 3141 3247 3245
f 3246 3142 3140
f 3248 3142 3246
f 3250 3249 3143
f 3250 3143 3144
f 3141 3143 3247
f 3247 3143 3249
f 3248 3251 3142
f 3142 3251 3145
f 3146 3145 3251
f 3146 3251 3252
f 3147 3250 3144
f 3147 3253 3250
f 3252 3148 3146
f 3254 3148 3252
f 3149 3253 3147
f 3149 3255 3253
f 3254 3150 3148
f 3256 3150 3254
f 3151 3255 3149
f 3151 3257 3255
f 3260 3259 3258
f 3152 3153 3258
f 3153 3260 3258
f 3153 3261 3260
f 3262 3153 3154
f 3262 3261 3153
f 3263 3154 3155
f 3263 3262 3154
f 3264 3155 3156
f 3264 3263 3155
f 3265 3156 3157
f 3265 3264 3156
f 3266 3157 3158
f 3266 3265 3157
f 3158 3159 3266
f 3266 3159 3267
f 3256 3160 3150
f 3268 3160 3256
f 3269 3257 3151
f 3269 3151 3161
f 3270 3161 3162
f 3270 3269 3161
f 3271 3162 3163
f 3271 3270 3162
f 3272 3163 3164
f 3272 3271 3163
f 3273 3164 3165
f 3273 3272 3164
f 3274 3165 3166
f 3274 3273 3165
f 3275 3166 3167
f 3275 3274 3166
f 3276 3167 3168
f 3276 3275 3167
f 3277 3168 3169
f 3277 3276 3168
f 3170 3258 3259
f 3277 3170 3259
f 3169 3170 3277
f 3258 3170 3152
f 3278 3267 3159
f 3278 3159 3171
f 3279 3171 3172
f 3279 3278 3171
f 3172 3173 3279
f 3279 3173 3280
f 3268 3174 3160
f 3281 3174 3268
f 3175 3280 3173
f 3175 3282 3280
f 3281 3176 3174
f 3283 3176 3281
f 3177 3282 3175
f 3177 3284 3282
f 3283 3178 3176
f 3285 3178 3283
f 3179 3284 3177
f 3179 3286 3284
f 3285 3180 3178
f 3287 3180 3285
f 3181 3286 3179
f 3181 3288 3286
f 3287 3182 3180
f 3289 3182 3287
f 3183 3288 3181
f 3183 3290 3288
f 3289 3184 3182
f 3291 3184 3289
f 3183 3185 3292
f 3293 3183 3292
f 3290 3183 3293
f 3186 3292 3185
f 3291 3187 3184
f 3294 3187 3291
f 3295 3293 3292
f 3292 3186 3295
f 3186 3296 3295
f 3186 3188 3296
f 3294 3189 3187
f 3297 3189 3294
f 3190 3296 3188
f 3190 3298 3296
f 3300 3299 3192
f 3192 3299 3191
f 3192 3189 3297
f 3192 3297 3300
f 3301 3298 3190
f 3301 3190 3193
f 3193 3194 3301
f 3301 3194 3302
f 3299 3195 3191
f 3303 3195 3299
f 3304 3302 3194
f 3304 3194 3196
f 3196 3197 3304
f 3304 3197 3305
f 3307 3306 3199
f 3199 3306 3198
f 3308 3199 3200
f 3308 3307 3199
f 3309 3200 3201
f 3309 3308 3200
f 3201 3195 3303
f 3201 3303 3309
f 3310 3305 3197
f 3310 3197 3202
f 3311 3202 3203
f 3311 3310 3202
f 3312 3203 3204
f 3312 3311 3203
f 3313 3204 3205
f 3313 3312 3204
f 3314 3205 3206
f 3314 3313 3205
f 3206 3198 3306
f 3206 3306 3314
f 3316 3315 3207
f 3316 3207 3208
f 3207 3317 3209
f 3315 3317 3207
f 3209 3318 3210
f 3317 3318 3209
f 3210 3319 3211
f 3318 3319 3210
f 3211 3320 3212
f 3319 3320 3211
f 3212 3321 3213
f 3320 3321 3212
f 3213 3322 3214
f 3321 3322 3213
f 3214 3323 3215
f 3322 3323 3214
f 3215 3324 3216
f 3323 3324 3215
f 3216 3325 3217
f 3324 3325 3216
f 3217 3326 3218
f 3325 3326 3217
f 3218 3327 3219
f 3326 3327 3218
f 3219 3328 3220
f 3327 3328 3219
f 3220 3329 3221
f 3328 3329 3220
f 3221 3330 3222
f 3329 3330 3221
f 3222 3331 3223
f 3330 3331 3222
f 3223 3332 3224
f 3331 3332 3223
f 3224 3333 3225
f 3332 3333 3224
f 3225 3334 3226
f 3333 3334 3225
f 3226 3335 3227
f 3334 3335 3226
f 3227 3336 3228
f 3335 3336 3227
f 3228 3337 3229
f 3336 3337 3228
f 3229 3338 3230
f 3337 3338 3229
f 3230 3339 3231
f 3338 3339 3230
f 3231 3340 3232
f 3339 3340 3231
f 3232 3341 3233
f 3340 3341 3232
f 3233 3342 3234
f 3341 3342 3233
f 3234 3343 3235
f 3342 3343 3234
f 3236 3235 3343
f 3236 3343 3344
f 3237 3316 3208
f 3237 3345 3316
f 3344 3238 3236
f 3346 3238 3344
f 3239 3345 3237
f 3239 3347 3345
f 3346 3240 3238
f 3348 3240 3346
f 3241 3347 3239
f 3241 3349 3347
f 3348 3242 3240
f 3350 3242 3348
f 3243 3349 3241
f 3243 3351 3349
f 3350 3244 3242
f 3352 3244 3350
f 3245 3351 3243
f 3245 3353 3351
f 3352 3246 3244
f 3354 3246 3352
f 3247 3353 3245
f 3247 3355 3353
f 3354 3248 3246
f 3356 3248 3354
f 3358 3357 3249
f 3358 3249 3250
f 3247 3249 3355
f 3355 3249 3357
f 3356 3359 3248
f 3248 3359 3251
f 3252 3251 3359
f 3252 3359 3360
f 3253 3358 3250
f 3253 3361 3358
f 3360 3254 3252
f 3362 3254 3360
f 3255 3361 3253
f 3255 3363 3361
f 3362 3256 3254
f 3364 3256 3362
f 3257 3363 3255
f 3257 3365 3363
f 3367 3366 3260
f 3260 3366 3259
f 3368 3260 3261
f 3368 3367 3260
f 3369 3261 3262
f 3369 3368 3261
f 3370 3262 3263
f 3370 3369 3262
f 3371 3263 3264
f 3371 3370 3263
f 3372 3264 3265
f 3372 3371 3264
f 3373 3265 3266
f 3373 3372 3265
f 3266 3267 3373
f 3373 3267 3374
f 3364 3268 3256
f 3375 3268 3364
f 3376 3365 3257
f 3376 3257 3269
f 3377 3269 3270
f 3377 3376 3269
f 3378 3270 3271
f 3378 3377 3270
f 3379 3271 3272
f 3379 3378 3271
f 3380 3272 3273
f 3380 3379 3272
f 3381 3273 3274
f 3381 3380 3273
f 3382 3274 3275
f 3382 3381 3274
f 3383 3275 3276
f 3383 3382 3275
f 3384 3276 3277
f 3384 3383 3276
f 3277 3259 3366
f 3277 3366 3384
f 3385 3374 3267
f 3385 3267 3278
f 3386 3278 3279
f 3386 3385 3278
f 3279 3280 3386
f 3386 3280 3387
f 3375 3281 3268
f 3388 3281 3375
f 3282 3387 3280
f 3282 3389 3387
f 3388 3283 3281
f 3390 3283 3388
f 3284 3389 3282
f 3284 3391 3389
f 3390 3285 3283
f 3392 3285 3390
f 3286 3391 3284
f 3286 3393 3391
f 3392 3287 3285
f 3394 3287 3392
f 3288 3393 3286
f 3288 3395 3393
f 3394 3289 3287
f 3396 3289 3394
f 3290 3395 3288
f 3290 3397 3395
f 3396 3291 3289
f 3398 3291 3396
f 3293 3397 3290
f 3293 3399 3397
f 3398 3294 3291
f 3400 3294 3398
f 3401 3399 3293
f 3401 3293 3295
f 3295 3296 3401
f 3401 3296 3402
f 3405 3404 3403
f 3400 3405 3403
f 3297 3400 3403
f 3294 3400 3297
f 3298 3402 3296
f 3298 3406 3402
f 3403 3404 3300
f 3404 3299 3300
f 3404 3407 3299
f 3403 3300 3297
f 3408 3406 3298
f 3408 3298 3301
f 3301 3302 3408
f 3408 3302 3409
f 3407 3303 3299
f 3410 3303 3407
f 3411 3409 3302
f 3411 3302 3304
f 3304 3305 3411
f 3411 3305 3412
f 3414 3413 3307
f 3307 3413 3306
f 3415 3307 3308
f 3415 3414 3307
f 3416 3308 3309
f 3416 3415 3308
f 3309 3303 3410
f 3309 3410 3416
f 3417 3412 3305
f 3417 3305 3310
f 3418 3310 3311
f 3418 3417 3310
f 3419 3311 3312
f 3419 3418 3311
f 3420 3312 3313
f 3420 3419 3312
f 3421 3313 3314
f 3421 3420 3313
f 3314 3306 3413
f 3314 3413 3421
f 3423 3422 3315
f 3423 3315 3316
f 3315 3424 3317
f 3422 3424 3315
f 3317 3425 3318
f 3424 3425 3317
f 3318 3426 3319
f 3425 3426 3318
f 3319 3427 3320
f 3426 3427 3319
f 3320 3428 3321
f 3427 3428 3320
f 3321 3429 3322
f 3428 3429 3321
f 3322 3430 3323
f 3429 3430 3322
f 3323 3431 3324
f 3430 3431 3323
f 3324 3432 3325
f 3431 3432 3324
f 3325 3433 3326
f 3432 3433 3325
f 3326 3434 3327
f 3433 3434 3326
f 3327 3435 3328
f 3434 3435 3327
f 3328 3436 3329
f 3435 3436 3328
f 3329 3437 3330
f 3436 3437 3329
f 3330 3438 3331
f 3437 3438 3330
f 3331 3439 3332
f 3438 3439 3331
f 3332 3440 3333
f 3439 3440 3332
f 3333 3441 3334
f 3440 3441 3333
f 3334 3442 3335
f 3441 3442 3334
f 3335 3443 3336
f 3442 3443 3335
f 3336 3444 3337
f 3443 3444 3336
f 3337 3445 3338
f 3444 3445 3337
f 3338 3446 3339
f 3445 3446 3338
f 3339 3447 3340
f 3446 3447 3339
f 3340 3448 3341
f 3447 3448 3340
f 3341 3449 3342
f 3448 3449 3341
f 3342 3450 3343
f 3449 3450 3342
f 3344 3343 3450
f 3344 3450 3451
f 3345 3423 3316
f 3345 3452 3423
f 3451 3346 3344
f 3453 3346 3451
f 3347 3452 3345
f 3347 3454 3452
f 3453 3348 3346
f 3455 3348 3453
f 3349 3454 3347
f 3349 3456 3454
f 3455 3350 3348
f 3457 3350 3455
f 3351 3456 3349
f 3351 3458 3456
f 3457 3352 3350
f 3459 3352 3457
f 3353 3458 3351
f 3353 3460 3458
f 3459 3354 3352
f 3461 3354 3459
f 3355 3460 3353
f 3355 3462 3460
f 3461 3356 3354
f 3463 3356 3461
f 3465 3464 3357
f 3465 3357 3358
f 3355 3357 3462
f 3462 3357 3464
f 3463 3466 3356
f 3356 3466 3359
f 3360 3359 3466
f 3360 3466 3467
f 3361 3465 3358
f 3361 3468 3465
f 3467 3362 3360
f 3469 3362 3467
f 3363 3468 3361
f 3363 3470 3468
f 3469 3364 3362
f 3471 3364 3469
f 3365 3470 3363
f 3365 3472 3470
f 3474 3473 3367
f 3367 3473 3366
f 3475 3367 3368
f 3475 3474 3367
f 3476 3368 3369
f 3476 3475 3368
f 3477 3369 3370
f 3477 3476 3369
f 3478 3370 3371
f 3478 3477 3370
f 3479 3371 3372
f 3479 3478 3371
f 3480 3372 3373
f 3480 3479 3372
f 3373 3374 3480
f 3480 3374 3481
f 3471 3375 3364
f 3482 3375 3471
f 3483 3472 3365
f 3483 3365 3376
f 3484 3376 3377
f 3484 3483 3376
f 3485 3377 3378
f 3485 3484 3377
f 3486 3378 3379
f 3486 3485 3378
f 3487 3379 3380
f 3487 3486 3379
f 3488 3380 3381
f 3488 3487 3380
f 3489 3381 3382
f 3489 3488 3381
f 3490 3382 3383
f 3490 3489 3382
f 3491 3383 3384
f 3491 3490 3383
f 3384 3366 3473
f 3384 3473 3491
f 3492 3481 3374
f 3492 3374 3385
f 3493 3385 3386
f 3493 3492 3385
f 3386 3387 3493
f 3493 3387 3494
f 3482 3388 3375
f 3495 3388 3482
f 3389 3494 3387
f 3389 3496 3494
f 3495 3390 3388
f 3497 3390 3495
f 3391 3496 3389
f 3391 3498 3496
f 3497 3392 3390
f 3499 3392 3497
f 3393 3498 3391
f 3393 3500 3498
f 3499 3394 3392
f 3501 3394 3499
f 3395 3500 3393
f 3395 3502 3500
f 3501 3396 3394
f 3503 3396 3501
f 3397 3502 3395
f 3397 3504 3502
f 3503 3398 3396
f 3505 3398 3503
f 3399 3504 3397
f 3399 3506 3504
f 3505 3400 3398
f 3507 3400 3505
f 3508 3506 3399
f 3508 3399 3401
f 3401 3402 3508
f 3508 3402 3509
f 3511 3510 3405
f 3405 3510 3404
f 3405 3400 3507
f 3405 3507 3511
f 3406 3509 3402
f 3406 3512 3509
f 3510 3407 3404
f 3513 3407 3510
f 3514 3512 3406
f 3514 3406 3408
f 3408 3409 3514
f 3514 3409 3515
f 3513 3410 3407
f 3516 3410 3513
f 3517 3515 3409
f 3517 3409 3411
f 3411 3412 3517
f 3517 3412 3518
f 3520 3519 3414
f 3414 3519 3413
f 3521 3414 3415
f 3521 3520 3414
f 3522 3415 3416
f 3522 3521 3415
f 3416 3410 3516
f 3416 3516 3522
f 3523 3518 3412
f 3523 3412 3417
f 3524 3417 3418
f 3524 3523 3417
f 3525 3418 3419
f 3525 3524 3418
f 3526 3419 3420
f 3526 3525 3419
f 3527 3420 3421
f 3527 3526 3420
f 3421 3413 3519
f 3421 3519 3527
f 3529 3528 3422
f 3529 3422 3423
f 3422 3530 3424
f 3528 3530 3422
f 3424 3531 3425
f 3530 3531 3424
f 3425 3532 3426
f 3531 3532 3425
f 3426 3533 3427
f 3532 3533 3426
f 3427 3534 3428
f 3533 3534 3427
f 3428 3535 3429
f 3534 3535 3428
f 3429 3536 3430
f 3535 3536 3429
f 3430 3537 3431
f 3536 3537 3430
f 3431 3538 3432
f 3537 3538 3431
f 3432 3539 3433
f 3538 3539 3432
f 3433 3540 3434
f 3539 3540 3433
f 3434 3541 3435
f 3540 3541 3434
f 3435 3542 3436
f 3541 3542 3435
f 3436 3543 3437
f 3542 3543 3436
f 3437 3544 3438
f 3543 3544 3437
f 3438 3545 3439
f 3544 3545 3438
f 3439 3546 3440
f 3545 3546 3439
f 3440 3547 3441
f 3546 3547 3440
f 3441 3548 3442
f 3547 3548 3441
f 3442 3549 3443
f 3548 3549 3442
f 3443 3550 3444
f 3549 3550 3443
f 3444 3551 3445
f 3550 3551 3444
f 3445 3552 3446
f 3551 3552 3445
f 3446 3553 3447
f 3552 3553 3446
f 3447 3554 3448
f 3553 3554 3447
f 3448 3555 3449
f 3554 3555 3448
f 3449 3556 3450
f 3555 3556 3449
f 3451 3450 3556
f 3451 3556 3557
f 3452 3529 3423
f 3452 3558 3529
f 3557 3453 3451
f 3559 3453 3557
f 3454 3558 3452
f 3454 3560 3558
f 3559 3455 3453
f 3561 3455 3559
f 3456 3560 3454
f 3456 3562 3560
f 3561 3457 3455
f 3563 3457 3561
f 3458 3562 3456
f 3458 3564 3562
f 3563 3459 3457
f 3565 3459 3563
f 3460 3564 3458
f 3460 3566 3564
f 3565 3461 3459
f 3567 3461 3565
f 3462 3566 3460
f 3462 3568 3566
f 3567 3463 3461
f 3569 3463 3567
f 3571 3570 3464
f 3571 3464 3465
f 3462 3464 3568
f 3568 3464 3570
f 3569 3572 3463
f 3463 3572 3466
f 3467 3466 3572
f 3467 3572 3573
f 3468 3571 3465
f 3468 3574 3571
f 3573 3469 3467
f 3575 3469 3573
f 3470 3574 3468
f 3470 3576 3574
f 3575 3471 3469
f 3577 3471 3575
f 3472 3576 3470
f 3472 3578 3576
f 3580 3579 3474
f 3474 3579 3473
f 3581 3474 3475
f 3581 3580 3474
f 3582 3475 3476
f 3582 3581 3475
f 3583 3476 3477
f 3583 3582 3476
f 3584 3477 3478
f 3584 3583 3477
f 3585 3478 3479
f 3585 3584 3478
f 3586 3479 3480
f 3586 3585 3479
f 3480 3481 3586
f 3586 3481 3587
f 3577 3482 3471
f 3588 3482 3577
f 3589 3578 3472
f 3589 3472 3483
f 3590 3483 3484
f 3590 3589 3483
f 3591 3484 3485
f 3591 3590 3484
f 3592 3485 3486
f 3592 3591 3485
f 3593 3486 3487
f 3593 3592 3486
f 3594 3487 3488
f 3594 3593 3487
f 3595 3488 3489
f 3595 3594 3488
f 3596 3489 3490
f 3596 3595 3489
f 3597 3490 3491
f 3597 3596 3490
f 3491 3473 3579
f 3491 3579 3597
f 3598 3587 3481
f 3598 3481 3492
f 3599 3492 3493
f 3599 3598 3492
f 3493 3494 3599
f 3599 3494 3600
f 3588 3495 3482
f 3601 3495 3588
f 3496 3600 3494
f 3496 3602 3600
f 3601 3497 3495
f 3603 3497 3601
f 3498 3602 3496
f 3498 3604 3602
f 3603 3499 3497
f 3605 3499 3603
f 3500 3604 3498
f 3500 3606 3604
f 3605 3501 3499
f 3607 3501 3605
f 3502 3606 3500
f 3502 3608 3606
f 3607 3503 3501
f 3609 3503 3607
f 3504 3608 3502
f 3504 3610 3608
f 3609 3505 3503
f 3611 3505 3609
f 3506 3610 3504
f 3506 3612 3610
f 3611 3507 3505
f 3613 3507 3611
f 3614 3612 3506
f 3614 3506 3508
f 3508 3509 3614
f 3614 3509 3615
f 3617 3616 3511
f 3511 3616 3510
f 3511 3507 3613
f 3511 3613 3617
f 3512 3615 3509
f 3512 3618 3615
f 3616 3513 3510
f 3619 3513 3616
f 3620 3618 3512
f 3620 3512 3514
f 3514 3515 3620
f 3620 3515 3621
f 3619 3516 3513
f 3622 3516 3619
f 3623 3621 3515
f 3623 3515 3517
f 3517 3518 3623
f 3623 3518 3624
f 3626 3625 3520
f 3520 3625 3519
f 3627 3520 3521
f 3627 3626 3520
f 3628 3521 3522
f 3628 3627 3521
f 3522 3516 3622
f 3522 3622 3628
f 3629 3624 3518
f 3629 3518 3523
f 3630 3523 3524
f 3630 3629 3523
f 3631 3524 3525
f 3631 3630 3524
f 3632 3525 3526
f 3632 3631 3525
f 3633 3526 3527
f 3633 3632 3526
f 3527 3519 3625
f 3527 3625 3633
f 3635 3634 3528
f 3635 3528 3529
f 3528 3636 3530
f 3634 3636 3528
f 3530 3637 3531
f 3636 3637 3530
f 3531 3638 3532
f 3637 3638 3531
f 3532 3639 3533
f 3638 3639 3532
f 3533 3640 3534
f 3639 3640 3533
f 3534 3641 3535
f 3640 3641 3534
f 3535 3642 3536
f 3641 3642 3535
f 3536 3643 3537
f 3642 3643 3536
f 3537 3644 3538
f 3643 3644 3537
f 3538 3645 3539
f 3644 3645 3538
f 3539 3646 3540
f 3645 3646 3539
f 3540 3647 3541
f 3646 3647 3540
f 3541 3648 3542
f 3647 3648 3541
f 3542 3649 3543
f 3648 3649 3542
f 3543 3650 3544
f 3649 3650 3543
f 3544 3651 3545
f 3650 3651 3544
f 3545 3652 3546
f 3651 3652 3545
f 3546 3653 3547
f 3652 3653 3546
f 3547 3654 3548
f 3653 3654 3547
f 3548 3655 3549
f 3654 3655 3548
f 3549 3656 3550
f 3655 3656 3549
f 3550 3657 3551
f 3656 3657 3550
f 3551 3658 3552
f 3657 3658 3551
f 3552 3659 3553
f 3658 3659 3552
f 3553 3660 3554
f 3659 3660 3553
f 3554 3661 3555
f 3660 3661 3554
f 3555 3662 3556
f 3661 3662 3555
f 3557 3556 3662
f 3557 3662 3663
f 3558 3635 3529
f 3558 3664 3635
f 3663 3559 3557
f 3665 3559 3663
f 3560 3664 3558
f 3560 3666 3664
f 3665 3561 3559
f 3667 3561 3665
f 3562 3666 3560
f 3562 3668 3666
f 3667 3563 3561
f 3669 3563 3667
f 3564 3668 3562
f 3564 3670 3668
f 3669 3565 3563
f 3671 3565 3669
f 3566 3670 3564
f 3566 3672 3670
f 3671 3567 3565
f 3673 3567 3671
f 3568 3672 3566
f 3568 3674 3672
f 3673 3569 3567
f 3675 3569 3673
f 3677 3676 3570
f 3677 3570 3571
f 3568 3570 3674
f 3674 3570 3676
f 3675 3678 3569
f 3569 3678 3572
f 3573 3572 3678
f 3573 3678 3679
f 3574 3677 3571
f 3574 3680 3677
f 3679 3575 3573
f 3681 3575 3679
f 3576 3680 3574
f 3576 3682 3680
f 3681 3577 3575
f 3683 3577 3681
f 3578 3682 3576
f 3578 3684 3682
f 3686 3685 3580
f 3580 3685 3579
f 3687 3580 3581
f 3687 3686 3580
f 3688 3581 3582
f 3688 3687 3581
f 3689 3582 3583
f 3689 3688 3582
f 3690 3583 3584
f 3690 3689 3583
f 3691 3584 3585
f 3691 3690 3584
f 3692 3585 3586
f 3692 3691 3585
f 3586 3587 3692
f 3692 3587 3693
f 3683 3588 3577
f 3694 3588 3683
f 3695 3684 3578
f 3695 3578 3589
f 3696 3589 3590
f 3696 3695 3589
f 3697 3590 3591
f 3697 3696 3590
f 3698 3591 3592
f 3698 3697 3591
f 3699 3592 3593
f 3699 3698 3592
f 3700 3593 3594
f 3700 3699 3593
f 3701 3594 3595
f 3701 3700 3594
f 3702 3595 3596
f 3702 3701 3595
f 3703 3596 3597
f 3703 3702 3596
f 3597 3579 3685
f 3597 3685 3703
f 3704 3693 3587
f 3704 3587 3598
f 3705 3598 3599
f 3705 3704 3598
f 3599 3600 3705
f 3705 3600 3706
f 3694 3601 3588
f 3707 3601 3694
f 3602 3706 3600
f 3602 3708 3706
f 3707 3603 3601
f 3709 3603 3707
f 3604 3708 3602
f 3604 3710 3708
f 3709 3605 3603
f 3711 3605 3709
f 3606 3710 3604
f 3606 3712 3710
f 3711 3607 3605
f 3713 3607 3711
f 3608 3712 3606
f 3608 3714 3712
f 3713 3609 3607
f 3715 3609 3713
f 3610 3714 3608
f 3610 3716 3714
f 3715 3611 3609
f 3717 3611 3715
f 3612 3716 3610
f 3612 3718 3716
f 3717 3613 3611
f 3719 3613 3717
f 3720 3718 3612
f 3720 3612 3614
f 3614 3615 3720
f 3720 3615 3721
f 3723 3722 3617
f 3617 3722 3616
f 3617 3613 3719
f 3617 3719 3723
f 3618 3721 3615
f 3618 3724 3721
f 3722 3619 3616
f 3725 3619 3722
f 3726 3724 3618
f 3726 3618 3620
f 3620 3621 3726
f 3726 3621 3727
f 3730 3729 3728
f 3725 3730 3728
f 3622 3725 3728
f 3619 3725 3622
f 3731 3727 3621
f 3731 3621 3623
f 3623 3624 3731
f 3731 3624 3732
f 3734 3733 3626
f 3626 3733 3625
f 3735 3626 3627
f 3735 3734 3626
f 3628 3728 3729
f 3735 3628 3729
f 3627 3628 3735
f 3728 3628 3622
f 3736 3732 3624
f 3736 3624 3629
f 3737 3629 3630
f 3737 3736 3629
f 3738 3630 3631
f 3738 3737 3630
f 3739 3631 3632
f 3739 3738 3631
f 3740 3632 3633
f 3740 3739 3632
f 3633 3625 3733
f 3633 3733 3740
f 3742 3741 3634
f 3742 3634 3635
f 3634 3743 3636
f 3741 3743 3634
f 3636 3744 3637
f 3743 3744 3636
f 3637 3745 3638
f 3744 3745 3637
f 3638 3746 3639
f 3745 3746 3638
f 3639 3747 3640
f 3746 3747 3639
f 3640 3748 3641
f 3747 3748 3640
f 3641 3749 3642
f 3748 3749 3641
f 3642 3750 3643
f 3749 3750 3642
f 3643 3751 3644
f 3750 3751 3643
f 3644 3752 3645
f 3751 3752 3644
f 3645 3753 3646
f 3752 3753 3645
f 3646 3754 3647
f 3753 3754 3646
f 3647 3755 3648
f 3754 3755 3647
f 3648 3756 3649
f 3755 3756 3648
f 3649 3757 3650
f 3756 3757 3649
f 3650 3758 3651
f 3757 3758 3650
f 3651 3759 3652
f 3758 3759 3651
f 3652 3760 3653
f 3759 3760 3652
f 3653 3761 3654
f 3760 3761 3653
f 3654 3762 3655
f 3761 3762 3654
f 3655 3763 3656
f 3762 3763 3655
f 3656 3764 3657
f 3763 3764 3656
f 3657 3765 3658
f 3764 3765 3657
f 3658 3766 3659
f 3765 3766 3658
f 3659 3767 3660
f 3766 3767 3659
f 3660 3768 3661
f 3767 3768 3660
f 3661 3769 3662
f 3768 3769 3661
f 3663 3662 3769
f 3663 3769 3770
f 3664 3742 3635
f 3664 3771 3742
f 3770 3665 3663
f 3772 3665 3770
f 3666 3771 3664
f 3666 3773 3771
f 3772 3667 3665
f 3774 3667 3772
f 3668 3773 3666
f 3668 3775 3773
f 3774 3669 3667
f 3776 3669 3774
f 3670 3775 3668
f 3670 3777 3775
f 3776 3671 3669
f 3778 3671 3776
f 3672 3777 3670
f 3672 3779 3777
f 3778 3673 3671
f 3780 3673 3778
f 3674 3779 3672
f 3674 3781 3779
f 3780 3675 3673
f 3782 3675 3780
f 3784 3783 3676
f 3784 3676 3677
f 3674 3676 3781
f 3781 3676 3783
f 3782 3785 3675
f 3675 3785 3678
f 3679 3678 3785
f 3679 3785 3786
f 3680 3784 3677
f 3680 3787 3784
f 3786 3681 3679
f 3788 3681 3786
f 3682 3787 3680
f 3682 3789 3787
f 3788 3683 3681
f 3790 3683 3788
f 3684 3792 3791
f 3789 3684 3791
f 3682 3684 3789
f 3792 3793 3791
f 3795 3794 3686
f 3686 3794 3685
f 3796 3686 3687
f 3796 3795 3686
f 3797 3687 3688
f 3797 3796 3687
f 3798 3688 3689
f 3798 3797 3688
f 3799 3689 3690
f 3799 3798 3689
f 3800 3690 3691
f 3800 3799 3690
f 3801 3691 3692
f 3801 3800 3691
f 3803 3802 3693
f 3802 3692 3693
f 3802 3801 3692
f 3803 3804 3802
f 3790 3694 3683
f 3805 3694 3790
f 3695 3792 3684
f 3806 3793 3792
f 3695 3806 3792
f 3696 3806 3695
f 3807 3696 3697
f 3807 3806 3696
f 3808 3697 3698
f 3808 3807 3697
f 3809 3698 3699
f 3809 3808 3698
f 3810 3699 3700
f 3810 3809 3699
f 3811 3700 3701
f 3811 3810 3700
f 3812 3701 3702
f 3812 3811 3701
f 3813 3702 3703
f 3813 3812 3702
f 3703 3685 3794
f 3703 3794 3813
f 3704 3803 3693
f 3814 3804 3803
f 3704 3814 3803
f 3705 3814 3704
f 3705 3706 3814
f 3814 3706 3815
f 3805 3707 3694
f 3816 3707 3805
f 3708 3818 3817
f 3815 3708 3817
f 3706 3708 3815
f 3818 3819 3817
f 3816 3709 3707
f 3820 3709 3816
f 3822 3821 3818
f 3708 3822 3818
f 3710 3822 3708
f 3818 3821 3819
f 3820 3711 3709
f 3823 3711 3820
f 3712 3822 3710
f 3712 3824 3822
f 3823 3713 3711
f 3825 3713 3823
f 3714 3824 3712
f 3714 3826 3824
f 3825 3715 3713
f 3827 3715 3825
f 3716 3826 3714
f 3716 3828 3826
f 3827 3717 3715
f 3829 3717 3827
f 3718 3828 3716
f 3718 3830 3828
f 3829 3719 3717
f 3831 3719 3829
f 3832 3830 3718
f 3832 3718 3720
f 3720 3721 3832
f 3832 3721 3833
f 3835 3834 3723
f 3723 3834 3722
f 3723 3719 3831
f 3723 3831 3835
f 3724 3833 3721
f 3724 3836 3833
f 3834 3725 3722
f 3837 3725 3834
f 3838 3836 3724
f 3838 3724 3726
f 3726 3727 3838
f 3838 3727 3839
f 3841 3840 3730
f 3730 3840 3729
f 3730 3725 3837
f 3730 3837 3841
f 3842 3839 3727
f 3842 3727 3731
f 3731 3732 3842
f 3842 3732 3843
f 3845 3844 3734
f 3734 3844 3733
f 3846 3734 3735
f 3846 3845 3734
f 3735 3729 3840
f 3735 3840 3846
f 3847 3843 3732
f 3847 3732 3736
f 3848 3736 3737
f 3848 3847 3736
f 3849 3737 3738
f 3849 3848 3737
f 3850 3738 3739
f 3850 3849 3738
f 3851 3739 3740
f 3851 3850 3739
f 3740 3733 3844
f 3740 3844 3851
f 3853 3852 3741
f 3853 3741 3742
f 3741 3854 3743
f 3852 3854 3741
f 3743 3855 3744
f 3854 3855 3743
f 3744 3856 3745
f 3855 3856 3744
f 3745 3857 3746
f 3856 3857 3745
f 3746 3858 3747
f 3857 3858 3746
f 3747 3859 3748
f 3858 3859 3747
f 3748 3860 3749
f 3859 3860 3748
f 3749 3861 3750
f 3860 3861 3749
f 3750 3862 3751
f 3861 3862 3750
f 3751 3863 3752
f 3862 3863 3751
f 3752 3864 3753
f 3863 3864 3752
f 3753 3865 3754
f 3864 3865 3753
f 3754 3866 3755
f 3865 3866 3754
f 3755 3867 3756
f 3866 3867 3755
f 3756 3868 3757
f 3867 3868 3756
f 3757 3869 3758
f 3868 3869 3757
f 3758 3870 3759
f 3869 3870 3758
f 3759 3871 3760
f 3870 3871 3759
f 3760 3872 3761
f 3871 3872 3760
f 3761 3873 3762
f 3872 3873 3761
f 3762 3874 3763
f 3873 3874 3762
f 3763 3875 3764
f 3874 3875 3763
f 3764 3876 3765
f 3875 3876 3764
f 3765 3877 3766
f 3876 3877 3765
f 3766 3878 3767
f 3877 3878 3766
f 3767 3879 3768
f 3878 3879 3767
f 3768 3880 3769
f 3879 3880 3768
f 3770 3769 3880
f 3770 3880 3881
f 3771 3853 3742
f 3771 3882 3853
f 3881 3772 3770
f 3883 3772 3881
f 3773 3882 3771
f 3773 3884 3882
f 3883 3774 3772
f 3885 3774 3883
f 3775 3884 3773
f 3775 3886 3884
f 3885 3776 3774
f 3887 3776 3885
f 3777 3886 3775
f 3777 3888 3886
f 3887 3778 3776
f 3889 3778 3887
f 3779 3888 3777
f 3779 3890 3888
f 3889 3780 3778
f 3891 3780 3889
f 3781 3890 3779
f 3781 3892 3890
f 3891 3782 3780
f 3893 3782 3891
f 3895 3894 3783
f 3895 3783 3784
f 3781 3783 3892
f 3892 3783 3894
f 3893 3896 3782
f 3782 3896 3785
f 3786 3785 3896
f 3786 3896 3897
f 3787 3895 3784
f 3787 3898 3895
f 3897 3788 3786
f 3899 3788 3897
f 3789 3898 3787
f 3789 3900 3898
f 3899 3790 3788
f 3901 3790 3899
f 3902 3900 3789
f 3902 3789 3791
f 3791 3793 3902
f 3902 3793 3903
f 3905 3904 3795
f 3795 3904 3794
f 3906 3795 3796
f 3906 3905 3795
f 3907 3796 3797
f 3907 3906 3796
f 3908 3797 3798
f 3908 3907 3797
f 3909 3798 3799
f 3909 3908 3798
f 3910 3799 3800
f 3910 3909 3799
f 3911 3800 3801
f 3911 3910 3800
f 3912 3801 3802
f 3912 3911 3801
f 3802 3804 3912
f 3912 3804 3913
f 3901 3805 3790
f 3914 3805 3901
f 3915 3903 3793
f 3915 3793 3806
f 3916 3806 3807
f 3916 3915 3806
f 3917 3807 3808
f 3917 3916 3807
f 3918 3808 3809
f 3918 3917 3808
f 3919 3809 3810
f 3919 3918 3809
f 3920 3810 3811
f 3920 3919 3810
f 3921 3811 3812
f 3921 3920 3811
f 3922 3812 3813
f 3922 3921 3812
f 3813 3794 3904
f 3813 3904 3922
f 3923 3913 3804
f 3923 3804 3814
f 3814 3815 3923
f 3923 3815 3924
f 3914 3816 3805
f 3925 3816 3914
f 3926 3924 3815
f 3926 3815 3817
f 3817 3819 3926
f 3926 3819 3927
f 3925 3820 3816
f 3928 3820 3925
f 3930 3929 3821
f 3930 3821 3822
f 3819 3821 3927
f 3927 3821 3929
f 3928 3823 3820
f 3931 3823 3928
f 3824 3930 3822
f 3824 3932 3930
f 3931 3825 3823
f 3933 3825 3931
f 3826 3932 3824
f 3826 3934 3932
f 3933 3827 3825
f 3935 3827 3933
f 3828 3934 3826
f 3828 3936 3934
f 3935 3829 3827
f 3937 3829 3935
f 3830 3936 3828
f 3830 3938 3936
f 3937 3831 3829
f 3939 3831 3937
f 3940 3938 3830
f 3940 3830 3832
f 3832 3833 3940
f 3940 3833 3941
f 3943 3942 3835
f 3835 3942 3834
f 3835 3831 3939
f 3835 3939 3943
f 3836 3941 3833
f 3836 3944 3941
f 3942 3837 3834
f 3945 3837 3942
f 3946 3944 3836
f 3946 3836 3838
f 3838 3839 3946
f 3946 3839 3947
f 3949 3948 3841
f 3841 3948 3840
f 3841 3837 3945
f 3841 3945 3949
f 3950 3947 3839
f 3950 3839 3842
f 3842 3843 3950
f 3950 3843 3951
f 3953 3952 3845
f 3845 3952 3844
f 3954 3845 3846
f 3954 3953 3845
f 3846 3840 3948
f 3846 3948 3954
f 3955 3951 3843
f 3955 3843 3847
f 3956 3847 3848
f 3956 3955 3847
f 3957 3848 3849
f 3957 3956 3848
f 3958 3849 3850
f 3958 3957 3849
f 3959 3850 3851
f 3959 3958 3850
f 3851 3844 3952
f 3851 3952 3959
f 3961 3960 3852
f 3961 3852 3853
f 3852 3962 3854
f 3960 3962 3852
f 3854 3963 3855
f 3962 3963 3854
f 3855 3964 3856
f 3963 3964 3855
f 3856 3965 3857
f 3964 3965 3856
f 3857 3966 3858
f 3965 3966 3857
f 3858 3967 3859
f 3966 3967 3858
f 3859 3968 3860
f 3967 3968 3859
f 3860 3969 3861
f 3968 3969 3860
f 3861 3970 3862
f 3969 3970 3861
f 3862 3971 3863
f 3970 3971 3862
f 3863 3972 3864
f 3971 3972 3863
f 3864 3973 3865
f 3972 3973 3864
f 3865 3974 3866
f 3973 3974 3865
f 3866 3975 3867
f 3974 3975 3866
f 3867 3976 3868
f 3975 3976 3867
f 3868 3977 3869
f 3976 3977 3868
f 3869 3978 3870
f 3977 3978 3869
f 3870 3979 3871
f 3978 3979 3870
f 3871 3980 3872
f 3979 3980 3871
f 3872 3981 3873
f 3980 3981 3872
f 3873 3982 3874
f 3981 3982 3873
f 3874 3983 3875
f 3982 3983 3874
f 3875 3984 3876
f 3983 3984 3875
f 3876 3985 3877
f 3984 3985 3876
f 3877 3986 3878
f 3985 3986 3877
f 3878 3987 3879
f 3986 3987 3878
f 3879 3988 3880
f 3987 3988 3879
f 3881 3880 3988
f 3881 3988 3989
f 3882 3961 3853
f 3882 3990 3961
f 3989 3883 3881
f 3991 3883 3989
f 3884 3990 3882
f 3884 3992 3990
f 3991 3885 3883
f 3993 3885 3991
f 3886 3992 3884
f 3886 3994 3992
f 3993 3887 3885
f 3995 3887 3993
f 3888 3994 3886
f 3888 3996 3994
f 3995 3889 3887
f 3997 3889 3995
f 3890 3996 3888
f 3890 3998 3996
f 3997 3891 3889
f 3999 3891 3997
f 3892 3998 3890
f 3892 4000 3998
f 3999 3893 3891
f 4001 3893 3999
f 4003 4002 3894
f 4003 3894 3895
f 3892 3894 4000
f 4000 3894 4002
f 4001 4004 3893
f 3893 4004 3896
f 3897 3896 4004
f 3897 4004 4005
f 3898 4003 3895
f 3898 4006 4003
f 4005 3899 3897
f 4007 3899 4005
f 3900 4006 3898
f 3900 4008 4006
f 4007 3901 3899
f 4009 3901 4007
f 4010 4008 3900
f 4010 3900 3902
f 3902 3903 4010
f 4010 3903 4011
f 4012 3904 3905
f 4012 3905 4013
f 3905 4014 4013
f 3905 3906 4014
f 4015 3906 3907
f 4015 4014 3906
f 4016 3907 3908
f 4016 4015 3907
f 4017 3908 3909
f 4017 4016 3908
f 4018 3909 3910
f 4018 4017 3909
f 4019 3910 3911
f 4019 4018 3910
f 4020 3911 3912
f 4020 4019 3911
f 3912 3913 4020
f 4020 3913 4021
f 4009 3914 3901
f 4022 3914 4009
f 4023 4011 3903
f 4023 3903 3915
f 4024 3915 3916
f 4024 4023 3915
f 4025 3916 3917
f 4025 4024 3916
f 4026 3917 3918
f 4026 4025 3917
f 4027 3918 3919
f 4027 4026 3918
f 4028 3919 3920
f 4028 4027 3919
f 4029 3920 3921
f 4029 4028 3920
f 4030 3921 3922
f 4030 4029 3921
f 3922 3904 4012
f 4031 3922 4012
f 4030 3922 4031
f 4031 4012 4013
f 4032 4021 3913
f 4032 3913 3923
f 3923 3924 4032
f 4032 3924 4033
f 4022 3925 3914
f 4034 3925 4022
f 3924 3926 4035
f 4036 3924 4035
f 4033 3924 4036
f 3927 4035 3926
f 4034 3928 3925
f 4037 3928 4034
f 4036 4035 3929
f 3930 4036 3929
f 4038 4036 3930
f 3929 4035 3927
f 4037 3931 3928
f 4039 3931 4037
f 3932 4038 3930
f 3932 4040 4038
f 4039 3933 3931
f 4041 3933 4039
f 3934 4040 3932
f 3934 4042 4040
f 4041 3935 3933
f 4043 3935 4041
f 3936 4042 3934
f 3936 4044 4042
f 4043 3937 3935
f 4045 3937 4043
f 3938 4044 3936
f 3938 4046 4044
f 4045 3939 3937
f 4047 3939 4045
f 4048 4046 3938
f 4048 3938 3940
f 3940 3941 4048
f 4048 3941 4049
f 4051 4050 3943
f 3943 4050 3942
f 3943 3939 4047
f 3943 4047 4051
f 3944 4049 3941
f 3944 4052 4049
f 4050 3945 3942
f 4053 3945 4050
f 4054 4052 3944
f 4054 3944 3946
f 3946 3947 4054
f 4054 3947 4055
f 4057 4056 3949
f 3949 4056 3948
f 3949 3945 4053
f 3949 4053 4057
f 4058 4055 3947
f 4058 3947 3950
f 3950 3951 4058
f 4058 3951 4059
f 4061 4060 3953
f 3953 4060 3952
f 4062 3953 3954
f 4062 4061 3953
f 3954 3948 4056
f 3954 4056 4062
f 4063 4059 3951
f 4063 3951 3955
f 4064 3955 3956
f 4064 4063 3955
f 4065 3956 3957
f 4065 4064 3956
f 4066 3957 3958
f 4066 4065 3957
f 4067 3958 3959
f 4067 4066 3958
f 3959 3952 4060
f 3959 4060 4067
f 4069 4068 3960
f 4069 3960 3961
f 3960 4070 3962
f 4068 4070 3960
f 3962 4071 3963
f 4070 4071 3962
f 3963 4072 3964
f 4071 4072 3963
f 3964 4073 3965
f 4072 4073 3964
f 3965 4074 3966
f 4073 4074 3965
f 3966 4075 3967
f 4074 4075 3966
f 3967 4076 3968
f 4075 4076 3967
f 3968 4077 3969
f 4076 4077 3968
f 3969 4078 3970
f 4077 4078 3969
f 3970 4079 3971
f 4078 4079 3970
f 3971 4080 3972
f 4079 4080 3971
f 3972 4081 3973
f 4080 4081 3972
f 3973 4082 3974
f 4081 4082 3973
f 3974 4083 3975
f 4082 4083 3974
f 3975 4084 3976
f 4083 4084 3975
f 3976 4085 3977
f 4084 4085 3976
f 3977 4086 3978
f 4085 4086 3977
f 3978 4087 3979
f 4086 4087 3978
f 3979 4088 3980
f 4087 4088 3979
f 3980 4089 3981
f 4088 4089 3980
f 3981 4090 3982
f 4089 4090 3981
f 3982 4091 3983
f 4090 4091 3982
f 3983 4092 3984
f 4091 4092 3983
f 3984 4093 3985
f 4092 4093 3984
f 3985 4094 3986
f 4093 4094 3985
f 3986 4095 3987
f 4094 4095 3986
f 3987 4096 3988
f 4095 4096 3987
f 3989 3988 4096
f 3989 4096 4097
f 3990 4069 3961
f 3990 4098 4069
f 4097 3991 3989
f 4099 3991 4097
f 3992 4098 3990
f 3992 4100 4098
f 4099 3993 3991
f 4101 3993 4099
f 3994 4100 3992
f 3994 4102 4100
f 4101 3995 3993
f 4103 3995 4101
f 3996 4102 3994
f 3996 4104 4102
f 4103 3997 3995
f 4105 3997 4103
f 3998 4104 3996
f 3998 4106 4104
f 4105 3999 3997
f 4107 3999 4105
f 4000 4106 3998
f 4000 4108 4106
f 4107 4001 3999
f 4109 4001 4107
f 4111 4110 4002
f 4111 4002 4003
f 4000 4002 4108
f 4108 4002 4110
f 4109 4112 4001
f 4001 4112 4004
f 4005 4004 4112
f 4005 4112 4113
f 4006 4111 4003
f 4006 4114 4111
f 4113 4007 4005
f 4115 4007 4113
f 4008 4114 4006
f 4008 4116 4114
f 4115 4009 4007
f 4117 4009 4115
f 4118 4116 4008
f 4118 4008 4010
f 4010 4011 4118
f 4118 4011 4119
f 4121 4120 4014
f 4014 4120 4013
f 4122 4014 4015
f 4122 4121 4014
f 4123 4015 4016
f 4123 4122 4015
f 4124 4016 4017
f 4124 4123 4016
f 4125 4017 4018
f 4125 4124 4017
f 4126 4018 4019
f 4126 4125 4018
f 4127 4019 4020
f 4127 4126 4019
f 4020 4021 4127
f 4127 4021 4128
f 4117 4022 4009
f 4129 4022 4117
f 4130 4119 4011
f 4130 4011 4023
f 4131 4023 4024
f 4131 4130 4023
f 4132 4024 4025
f 4132 4131 4024
f 4133 4025 4026
f 4133 4132 4025
f 4134 4026 4027
f 4134 4133 4026
f 4135 4027 4028
f 4135 4134 4027
f 4136 4028 4029
f 4136 4135 4028
f 4137 4029 4030
f 4137 4136 4029
f 4138 4030 4031
f 4138 4137 4030
f 4031 4013 4120
f 4031 4120 4138
f 4139 4128 4021
f 4139 4021 4032
f 4032 4033 4139
f 4139 4033 4140
f 4129 4034 4022
f 4141 4034 4129
f 4036 4140 4033
f 4036 4142 4140
f 4141 4037 4034
f 4143 4037 4141
f 4038 4142 4036
f 4038 4144 4142
f 4143 4039 4037
f 4145 4039 4143
f 4040 4144 4038
f 4040 4146 4144
f 4145 4041 4039
f 4147 4041 4145
f 4042 4146 4040
f 4042 4148 4146
f 4147 4043 4041
f 4149 4043 4147
f 4044 4148 4042
f 4044 4150 4148
f 4149 4045 4043
f 4151 4045 4149
f 4046 4150 4044
f 4046 4152 4150
f 4151 4047 4045
f 4153 4047 4151
f 4154 4152 4046
f 4154 4046 4048
f 4048 4049 4154
f 4154 4049 4155
f 4157 4156 4051
f 4051 4156 4050
f 4051 4047 4153
f 4051 4153 4157
f 4052 4155 4049
f 4052 4158 4155
f 4156 4053 4050
f 4159 4053 4156
f 4160 4158 4052
f 4160 4052 4054
f 4054 4055 4160
f 4160 4055 4161
f 4163 4162 4057
f 4057 4162 4056
f 4057 4053 4159
f 4057 4159 4163
f 4164 4161 4055
f 4164 4055 4058
f 4058 4059 4164
f 4164 4059 4165
f 4167 4166 4061
f 4061 4166 4060
f 4168 4061 4062
f 4168 4167 4061
f 4062 4056 4162
f 4062 4162 4168
f 4169 4165 4059
f 4169 4059 4063
f 4170 4063 4064
f 4170 4169 4063
f 4171 4064 4065
f 4171 4170 4064
f 4172 4065 4066
f 4172 4171 4065
f 4173 4066 4067
f 4173 4172 4066
f 4067 4060 4166
f 4067 4166 4173
f 4175 4174 4068
f 4175 4068 4069
f 4068 4176 4070
f 4174 4176 4068
f 4070 4177 4071
f 4176 4177 4070
f 4071 4178 4072
f 4177 4178 4071
f 4072 4179 4073
f 4178 4179 4072
f 4073 4180 4074
f 4179 4180 4073
f 4074 4181 4075
f 4180 4181 4074
f 4075 4182 4076
f 4181 4182 4075
f 4076 4183 4077
f 4182 4183 4076
f 4077 4184 4078
f 4183 4184 4077
f 4078 4185 4079
f 4184 4185 4078
f 4079 4186 4080
f 4185 4186 4079
f 4080 4187 4081
f 4186 4187 4080
f 4081 4188 4082
f 4187 4188 4081
f 4082 4189 4083
f 4188 4189 4082
f 4083 4190 4084
f 4189 4190 4083
f 4084 4191 4085
f 4190 4191 4084
f 4085 4192 4086
f 4191 4192 4085
f 4086 4193 4087
f 4192 4193 4086
f 4087 4194 4088
f 4193 4194 4087
f 4088 4195 4089
f 4194 4195 4088
f 4089 4196 4090
f 4195 4196 4089
f 4090 4197 4091
f 4196 4197 4090
f 4091 4198 4092
f 4197 4198 4091
f 4092 4199 4093
f 4198 4199 4092
f 4093 4200 4094
f 4199 4200 4093
f 4094 4201 4095
f 4200 4201 4094
f 4095 4202 4096
f 4201 4202 4095
f 4097 4096 4202
f 4097 4202 4203
f 4098 4175 4069
f 4098 4204 4175
f 4203 4099 4097
f 4205 4099 4203
f 4100 4204 4098
f 4100 4206 4204
f 4205 4101 4099
f 4207 4101 4205
f 4102 4206 4100
f 4102 4208 4206
f 4207 4103 4101
f 4209 4103 4207
f 4104 4208 4102
f 4104 4210 4208
f 4209 4105 4103
f 4211 4105 4209
f 4106 4210 4104
f 4106 4212 4210
f 4211 4107 4105
f 4213 4107 4211
f 4108 4212 4106
f 4108 4214 4212
f 4213 4109 4107
f 4215 4109 4213
f 4217 4216 4110
f 4217 4110 4111
f 4108 4110 4214
f 4214 4110 4216
f 4215 4218 4109
f 4109 4218 4112
f 4113 4112 4218
f 4113 4218 4219
f 4114 4217 4111
f 4114 4220 4217
f 4219 4115 4113
f 4221 4115 4219
f 4116 4220 4114
f 4116 4222 4220
f 4221 4117 4115
f 4223 4117 4221
f 4224 4222 4116
f 4224 4116 4118
f 4118 4119 4224
f 4224 4119 4225
f 4228 4227 4226
f 4120 4121 4226
f 4121 4228 4226
f 4121 4229 4228
f 4230 4121 4122
f 4230 4229 4121
f 4231 4122 4123
f 4231 4230 4122
f 4232 4123 4124
f 4232 4231 4123
f 4233 4124 4125
f 4233 4232 4124
f 4234 4125 4126
f 4234 4233 4125
f 4235 4126 4127
f 4235 4234 4126
f 4127 4128 4235
f 4235 4128 4236
f 4223 4129 4117
f 4237 4129 4223
f 4238 4225 4119
f 4238 4119 4130
f 4239 4130 4131
f 4239 4238 4130
f 4240 4131 4132
f 4240 4239 4131
f 4241 4132 4133
f 4241 4240 4132
f 4242 4133 4134
f 4242 4241 4133
f 4243 4134 4135
f 4243 4242 4134
f 4244 4135 4136
f 4244 4243 4135
f 4245 4136 4137
f 4245 4244 4136
f 4138 4226 4227
f 4245 4138 4227
f 4137 4138 4245
f 4226 4138 4120
f 4246 4236 4128
f 4246 4128 4139
f 4139 4140 4246
f 4246 4140 4247
f 4237 4141 4129
f 4248 4141 4237
f 4142 4247 4140
f 4142 4249 4247
f 4248 4143 4141
f 4250 4143 4248
f 4144 4249 4142
f 4144 4251 4249
f 4250 4145 4143
f 4252 4145 4250
f 4146 4251 4144
f 4146 4253 4251
f 4252 4147 4145
f 4254 4147 4252
f 4148 4253 4146
f 4148 4255 4253
f 4254 4149 4147
f 4256 4149 4254
f 4150 4255 4148
f 4150 4257 4255
f 4256 4151 4149
f 4258 4151 4256
f 4152 4257 4150
f 4152 4259 4257
f 4258 4153 4151
f 4260 4153 4258
f 4261 4259 4152
f 4261 4152 4154
f 4154 4155 4261
f 4261 4155 4262
f 4264 4263 4157
f 4157 4263 4156
f 4157 4153 4260
f 4157 4260 4264
f 4158 4262 4155
f 4158 4265 4262
f 4263 4159 4156
f 4266 4159 4263
f 4267 4265 4158
f 4267 4158 4160
f 4160 4161 4267
f 4267 4161 4268
f 4270 4269 4163
f 4163 4269 4162
f 4163 4159 4266
f 4163 4266 4270
f 4271 4268 4161
f 4271 4161 4164
f 4164 4165 4271
f 4271 4165 4272
f 4274 4273 4167
f 4167 4273 4166
f 4275 4167 4168
f 4275 4274 4167
f 4168 4162 4269
f 4168 4269 4275
f 4276 4272 4165
f 4276 4165 4169
f 4277 4169 4170
f 4277 4276 4169
f 4278 4170 4171
f 4278 4277 4170
f 4279 4171 4172
f 4279 4278 4171
f 4280 4172 4173
f 4280 4279 4172
f 4173 4166 4273
f 4173 4273 4280
f 4282 4281 4174
f 4282 4174 4175
f 4174 4283 4176
f 4281 4283 4174
f 4176 4284 4177
f 4283 4284 4176
f 4177 4285 4178
f 4284 4285 4177
f 4178 4286 4179
f 4285 4286 4178
f 4179 4287 4180
f 4286 4287 4179
f 4180 4288 4181
f 4287 4288 4180
f 4181 4289 4182
f 4288 4289 4181
f 4182 4290 4183
f 4289 4290 4182
f 4183 4291 4184
f 4290 4291 4183
f 4184 4292 4185
f 4291 4292 4184
f 4185 4293 4186
f 4292 4293 4185
f 4186 4294 4187
f 4293 4294 4186
f 4187 4295 4188
f 4294 4295 4187
f 4188 4296 4189
f 4295 4296 4188
f 4189 4297 4190
f 4296 4297 4189
f 4190 4298 4191
f 4297 4298 4190
f 4191 4299 4192
f 4298 4299 4191
f 4192 4300 4193
f 4299 4300 4192
f 4193 4301 4194
f 4300 4301 4193
f 4194 4302 4195
f 4301 4302 4194
f 4195 4303 4196
f 4302 4303 4195
f 4196 4304 4197
f 4303 4304 4196
f 4197 4305 4198
f 4304 4305 4197
f 4198 4306 4199
f 4305 4306 4198
f 4199 4307 4200
f 4306 4307 4199
f 4200 4308 4201
f 4307 4308 4200
f 4201 4309 4202
f 4308 4309 4201
f 4203 4202 4309
f 4203 4309 4310
f 4204 4282 4175
f 4204 4311 4282
f 4310 4205 4203
f 4312 4205 4310
f 4206 4311 4204
f 4206 4313 4311
f 4312 4207 4205
f 4314 4207 4312
f 4208 4313 4206
f 4208 4315 4313
f 4314 4209 4207
f 4316 4209 4314
f 4210 4315 4208
f 4210 4317 4315
f 4316 4211 4209
f 4318 4211 4316
f 4212 4317 4210
f 4212 4319 4317
f 4318 4213 4211
f 4320 4213 4318
f 4214 4319 4212
f 4214 4321 4319
f 4320 4215 4213
f 4322 4215 4320
f 4324 4323 4216
f 4324 4216 4217
f 4214 4216 4321
f 4321 4216 4323
f 4322 4325 4215
f 4215 4325 4218
f 4219 4218 4325
f 4219 4325 4326
f 4220 4324 4217
f 4220 4327 4324
f 4326 4221 4219
f 4328 4221 4326
f 4222 4327 4220
f 4222 4329 4327
f 4328 4223 4221
f 4330 4223 4328
f 4331 4329 4222
f 4331 4222 4224
f 4224 4225 4331
f 4331 4225 4332
f 4334 4333 4228
f 4228 4333 4227
f 4335 4228 4229
f 4335 4334 4228
f 4336 4229 4230
f 4336 4335 4229
f 4337 4230 4231
f 4337 4336 4230
f 4338 4231 4232
f 4338 4337 4231
f 4339 4232 4233
f 4339 4338 4232
f 4340 4233 4234
f 4340 4339 4233
f 4341 4234 4235
f 4341 4340 4234
f 4235 4236 4341
f 4341 4236 4342
f 4330 4237 4223
f 4343 4237 4330
f 4344 4332 4225
f 4344 4225 4238
f 4345 4238 4239
f 4345 4344 4238
f 4346 4239 4240
f 4346 4345 4239
f 4347 4240 4241
f 4347 4346 4240
f 4348 4241 4242
f 4348 4347 4241
f 4349 4242 4243
f 4349 4348 4242
f 4350 4243 4244
f 4350 4349 4243
f 4351 4244 4245
f 4351 4350 4244
f 4245 4227 4333
f 4245 4333 4351
f 4352 4342 4236
f 4352 4236 4246
f 4246 4247 4352
f 4352 4247 4353
f 4343 4248 4237
f 4354 4248 4343
f 4249 4353 4247
f 4249 4355 4353
f 4354 4250 4248
f 4356 4250 4354
f 4251 4355 4249
f 4251 4357 4355
f 4356 4252 4250
f 4358 4252 4356
f 4253 4357 4251
f 4253 4359 4357
f 4358 4254 4252
f 4360 4254 4358
f 4255 4359 4253
f 4255 4361 4359
f 4360 4256 4254
f 4362 4256 4360
f 4257 4361 4255
f 4257 4363 4361
f 4362 4258 4256
f 4364 4258 4362
f 4259 4363 4257
f 4259 4365 4363
f 4364 4260 4258
f 4366 4260 4364
f 4367 4365 4259
f 4367 4259 4261
f 4261 4262 4367
f 4367 4262 4368
f 4370 4369 4264
f 4264 4369 4263
f 4264 4260 4366
f 4264 4366 4370
f 4265 4368 4262
f 4265 4371 4368
f 4369 4266 4263
f 4372 4266 4369
f 4373 4371 4265
f 4373 4265 4267
f 4267 4268 4373
f 4373 4268 4374
f 4376 4375 4270
f 4270 4375 4269
f 4270 4266 4372
f 4270 4372 4376
f 4377 4374 4268
f 4377 4268 4271
f 4271 4272 4377
f 4377 4272 4378
f 4380 4379 4274
f 4274 4379 4273
f 4381 4274 4275
f 4381 4380 4274
f 4275 4269 4375
f 4275 4375 4381
f 4382 4378 4272
f 4382 4272 4276
f 4383 4276 4277
f 4383 4382 4276
f 4384 4277 4278
f 4384 4383 4277
f 4385 4278 4279
f 4385 4384 4278
f 4386 4279 4280
f 4386 4385 4279
f 4280 4273 4379
f 4280 4379 4386
f 4388 4387 4281
f 4388 4281 4282
f 4281 4389 4283
f 4387 4389 4281
f 4283 4390 4284
f 4389 4390 4283
f 4284 4391 4285
f 4390 4391 4284
f 4285 4392 4286
f 4391 4392 4285
f 4286 4393 4287
f 4392 4393 4286
f 4287 4394 4288
f 4393 4394 4287
f 4288 4395 4289
f 4394 4395 4288
f 4289 4396 4290
f 4395 4396 4289
f 4290 4397 4291
f 4396 4397 4290
f 4291 4398 4292
f 4397 4398 4291
f 4292 4399 4293
f 4398 4399 4292
f 4293 4400 4294
f 4399 4400 4293
f 4294 4401 4295
f 4400 4401 4294
f 4295 4402 4296
f 4401 4402 4295
f 4296 4403 4297
f 4402 4403 4296
f 4297 4404 4298
f 4403 4404 4297
f 4298 4405 4299
f 4404 4405 4298
f 4299 4406 4300
f 4405 4406 4299
f 4300 4407 4301
f 4406 4407 4300
f 4301 4408 4302
f 4407 4408 4301
f 4302 4409 4303
f 4408 4409 4302
f 4303 4410 4304
f 4409 4410 4303
f 4304 4411 4305
f 4410 4411 4304
f 4305 4412 4306
f 4411 4412 4305
f 4306 4413 4307
f 4412 4413 4306
f 4307 4414 4308
f 4413 4414 4307
f 4308 4415 4309
f 4414 4415 4308
f 4310 4309 4415
f 4310 4415 4416
f 4311 4388 4282
f 4311 4417 4388
f 4416 4312 4310
f 4418 4312 4416
f 4313 4417 4311
f 4313 4419 4417
f 4418 4314 4312
f 4420 4314 4418
f 4315 4419 4313
f 4315 4421 4419
f 4420 4316 4314
f 4422 4316 4420
f 4317 4421 4315
f 4317 4423 4421
f 4422 4318 4316
f 4424 4318 4422
f 4319 4423 4317
f 4319 4425 4423
f 4424 4320 4318
f 4426 4320 4424
f 4321 4425 4319
f 4321 4427 4425
f 4426 4322 4320
f 4428 4322 4426
f 4430 4429 4323
f 4430 4323 4324
f 4321 4323 4427
f 4427 4323 4429
f 4428 4431 4322
f 4322 4431 4325
f 4326 4325 4431
f 4326 4431 4432
f 4327 4430 4324
f 4327 4433 4430
f 4432 4328 4326
f 4434 4328 4432
f 4329 4433 4327
f 4329 4435 4433
f 4434 4330 4328
f 4436 4330 4434
f 4437 4435 4329
f 4437 4329 4331
f 4331 4332 4437
f 4437 4332 4438
f 4440 4439 4334
f 4334 4439 4333
f 4441 4334 4335
f 4441 4440 4334
f 4442 4335 4336
f 4442 4441 4335
f 4443 4336 4337
f 4443 4442 4336
f 4444 4337 4338
f 4444 4443 4337
f 4445 4338 4339
f 4445 4444 4338
f 4446 4339 4340
f 4446 4445 4339
f 4447 4340 4341
f 4447 4446 4340
f 4341 4342 4447
f 4447 4342 4448
f 4436 4343 4330
f 4449 4343 4436
f 4450 4438 4332
f 4450 4332 4344
f 4451 4344 4345
f 4451 4450 4344
f 4452 4345 4346
f 4452 4451 4345
f 4453 4346 4347
f 4453 4452 4346
f 4454 4347 4348
f 4454 4453 4347
f 4455 4348 4349
f 4455 4454 4348
f 4456 4349 4350
f 4456 4455 4349
f 4457 4350 4351
f 4457 4456 4350
f 4351 4333 4439
f 4351 4439 4457
f 4458 4448 4342
f 4458 4342 4352
f 4352 4353 4458
f 4458 4353 4459
f 4449 4354 4343
f 4460 4354 4449
f 4355 4459 4353
f 4355 4461 4459
f 4460 4356 4354
f 4462 4356 4460
f 4357 4461 4355
f 4357 4463 4461
f 4462 4358 4356
f 4464 4358 4462
f 4359 4463 4357
f 4359 4465 4463
f 4464 4360 4358
f 4466 4360 4464
f 4361 4465 4359
f 4361 4467 4465
f 4466 4362 4360
f 4468 4362 4466
f 4363 4467 4361
f 4363 4469 4467
f 4468 4364 4362
f 4470 4364 4468
f 4365 4469 4363
f 4365 4471 4469
f 4470 4366 4364
f 4472 4366 4470
f 4473 4471 4365
f 4473 4365 4367
f 4367 4368 4473
f 4473 4368 4474
f 4476 4475 4370
f 4370 4475 4369
f 4370 4366 4472
f 4370 4472 4476
f 4371 4474 4368
f 4371 4477 4474
f 4475 4372 4369
f 4478 4372 4475
f 4479 4477 4371
f 4479 4371 4373
f 4373 4374 4479
f 4479 4374 4480
f 4482 4481 4376
f 4376 4481 4375
f 4376 4372 4478
f 4376 4478 4482
f 4483 4480 4374
f 4483 4374 4377
f 4377 4378 4483
f 4483 4378 4484
f 4486 4485 4380
f 4380 4485 4379
f 4487 4380 4381
f 4487 4486 4380
f 4381 4375 4481
f 4381 4481 4487
f 4488 4484 4378
f 4488 4378 4382
f 4489 4382 4383
f 4489 4488 4382
f 4490 4383 4384
f 4490 4489 4383
f 4491 4384 4385
f 4491 4490 4384
f 4492 4385 4386
f 4492 4491 4385
f 4386 4379 4485
f 4386 4485 4492
f 4494 4493 4387
f 4494 4387 4388
f 4387 4495 4389
f 4493 4495 4387
f 4389 4496 4390
f 4495 4496 4389
f 4390 4497 4391
f 4496 4497 4390
f 4391 4498 4392
f 4497 4498 4391
f 4392 4499 4393
f 4498 4499 4392
f 4393 4500 4394
f 4499 4500 4393
f 4394 4501 4395
f 4500 4501 4394
f 4395 4502 4396
f 4501 4502 4395
f 4396 4503 4397
f 4502 4503 4396
f 4397 4504 4398
f 4503 4504 4397
f 4398 4505 4399
f 4504 4505 4398
f 4399 4506 4400
f 4505 4506 4399
f 4400 4507 4401
f 4506 4507 4400
f 4401 4508 4402
f 4507 4508 4401
f 4402 4509 4403
f 4508 4509 4402
f 4403 4510 4404
f 4509 4510 4403
f 4404 4511 4405
f 4510 4511 4404
f 4405 4512 4406
f 4511 4512 4405
f 4406 4513 4407
f 4512 4513 4406
f 4407 4514 4408
f 4513 4514 4407
f 4408 4515 4409
f 4514 4515 4408
f 4409 4516 4410
f 4515 4516 4409
f 4410 4517 4411
f 4516 4517 4410
f 4411 4518 4412
f 4517 4518 4411
f 4412 4519 4413
f 4518 4519 4412
f 4413 4520 4414
f 4519 4520 4413
f 4414 4521 4415
f 4520 4521 4414
f 4416 4415 4521
f 4416 4521 4522
f 4417 4494 4388
f 4417 4523 4494
f 4522 4418 4416
f 4524 4418 4522
f 4419 4523 4417
f 4419 4525 4523
f 4524 4420 4418
f 4526 4420 4524
f 4421 4525 4419
f 4421 4527 4525
f 4526 4422 4420
f 4528 4422 4526
f 4423 4527 4421
f 4423 4529 4527
f 4528 4424 4422
f 4530 4424 4528
f 4425 4529 4423
f 4425 4531 4529
f 4530 4426 4424
f 4532 4426 4530
f 4427 4531 4425
f 4427 4533 4531
f 4532 4428 4426
f 4534 4428 4532
f 4536 4535 4429
f 4536 4429 4430
f 4427 4429 4533
f 4533 4429 4535
f 4534 4537 4428
f 4428 4537 4431
f 4432 4431 4537
f 4432 4537 4538
f 4433 4536 4430
f 4433 4539 4536
f 4538 4434 4432
f 4540 4434 4538
f 4435 4539 4433
f 4435 4541 4539
f 4540 4436 4434
f 4542 4436 4540
f 4543 4541 4435
f 4543 4435 4437
f 4437 4438 4543
f 4543 4438 4544
f 4546 4545 4440
f 4440 4545 4439
f 4547 4440 4441
f 4547 4546 4440
f 4548 4441 4442
f 4548 4547 4441
f 4549 4442 4443
f 4549 4548 4442
f 4550 4443 4444
f 4550 4549 4443
f 4551 4444 4445
f 4551 4550 4444
f 4552 4445 4446
f 4552 4551 4445
f 4553 4446 4447
f 4553 4552 4446
f 4447 4448 4553
f 4553 4448 4554
f 4542 4449 4436
f 4555 4449 4542
f 4556 4544 4438
f 4556 4438 4450
f 4557 4450 4451
f 4557 4556 4450
f 4558 4451 4452
f 4558 4557 4451
f 4559 4452 4453
f 4559 4558 4452
f 4560 4453 4454
f 4560 4559 4453
f 4561 4454 4455
f 4561 4560 4454
f 4562 4455 4456
f 4562 4561 4455
f 4563 4456 4457
f 4563 4562 4456
f 4457 4439 4545
f 4457 4545 4563
f 4564 4554 4448
f 4564 4448 4458
f 4458 4459 4564
f 4564 4459 4565
f 4555 4460 4449
f 4566 4460 4555
f 4461 4565 4459
f 4461 4567 4565
f 4566 4462 4460
f 4568 4462 4566
f 4463 4567 4461
f 4463 4569 4567
f 4568 4464 4462
f 4570 4464 4568
f 4465 4569 4463
f 4465 4571 4569
f 4570 4466 4464
f 4572 4466 4570
f 4467 4571 4465
f 4467 4573 4571
f 4572 4468 4466
f 4574 4468 4572
f 4469 4573 4467
f 4469 4575 4573
f 4574 4470 4468
f 4576 4470 4574
f 4471 4575 4469
f 4471 4577 4575
f 4576 4472 4470
f 4578 4472 4576
f 4579 4577 4471
f 4579 4471 4473
f 4473 4474 4579
f 4579 4474 4580
f 4582 4581 4476
f 4476 4581 4475
f 4476 4472 4578
f 4476 4578 4582
f 4477 4580 4474
f 4477 4583 4580
f 4581 4478 4475
f 4584 4478 4581
f 4585 4583 4477
f 4585 4477 4479
f 4479 4480 4585
f 4585 4480 4586
f 4588 4587 4482
f 4482 4587 4481
f 4482 4478 4584
f 4482 4584 4588
f 4589 4586 4480
f 4589 4480 4483
f 4483 4484 4589
f 4589 4484 4590
f 4592 4591 4486
f 4486 4591 4485
f 4593 4486 4487
f 4593 4592 4486
f 4487 4481 4587
f 4487 4587 4593
f 4594 4590 4484
f 4594 4484 4488
f 4595 4488 4489
f 4595 4594 4488
f 4596 4489 4490
f 4596 4595 4489
f 4597 4490 4491
f 4597 4596 4490
f 4598 4491 4492
f 4598 4597 4491
f 4492 4485 4591
f 4492 4591 4598
f 4600 4599 4493
f 4600 4493 4494
f 4493 4601 4495
f 4599 4601 4493
f 4495 4602 4496
f 4601 4602 4495
f 4496 4603 4497
f 4602 4603 4496
f 4497 4604 4498
f 4603 4604 4497
f 4498 4605 4499
f 4604 4605 4498
f 4499 4606 4500
f 4605 4606 4499
f 4500 4607 4501
f 4606 4607 4500
f 4501 4608 4502
f 4607 4608 4501
f 4502 4609 4503
f 4608 4609 4502
f 4503 4610 4504
f 4609 4610 4503
f 4504 4611 4505
f 4610 4611 4504
f 4505 4612 4506
f 4611 4612 4505
f 4506 4613 4507
f 4612 4613 4506
f 4507 4614 4508
f 4613 4614 4507
f 4508 4615 4509
f 4614 4615 4508
f 4509 4616 4510
f 4615 4616 4509
f 4510 4617 4511
f 4616 4617 4510
f 4511 4618 4512
f 4617 4618 4511
f 4512 4619 4513
f 4618 4619 4512
f 4513 4620 4514
f 4619 4620 4513
f 4514 4621 4515
f 4620 4621 4514
f 4515 4622 4516
f 4621 4622 4515
f 4516 4623 4517
f 4622 4623 4516
f 4517 4624 4518
f 4623 4624 4517
f 4518 4625 4519
f 4624 4625 4518
f 4519 4626 4520
f 4625 4626 4519
f 4520 4627 4521
f 4626 4627 4520
f 4522 4521 4627
f 4522 4627 4628
f 4523 4600 4494
f 4523 4629 4600
f 4628 4524 4522
f 4630 4524 4628
f 4525 4629 4523
f 4525 4631 4629
f 4630 4526 4524
f 4632 4526 4630
f 4527 4631 4525
f 4527 4633 4631
f 4632 4528 4526
f 4634 4528 4632
f 4529 4633 4527
f 4529 4635 4633
f 4634 4530 4528
f 4636 4530 4634
f 4531 4635 4529
f 4531 4637 4635
f 4636 4532 4530
f 4638 4532 4636
f 4533 4637 4531
f 4533 4639 4637
f 4638 4534 4532
f 4640 4534 4638
f 4642 4641 4535
f 4642 4535 4536
f 4533 4535 4639
f 4639 4535 4641
f 4640 4643 4534
f 4534 4643 4537
f 4538 4537 4643
f 4538 4643 4644
f 4539 4642 4536
f 4539 4645 4642
f 4644 4540 4538
f 4646 4540 4644
f 4541 4645 4539
f 4541 4647 4645
f 4646 4542 4540
f 4648 4542 4646
f 4649 4647 4541
f 4649 4541 4543
f 4543 4544 4649
f 4649 4544 4650
f 4652 4651 4546
f 4546 4651 4545
f 4653 4546 4547
f 4653 4652 4546
f 4654 4547 4548
f 4654 4653 4547
f 4655 4548 4549
f 4655 4654 4548
f 4656 4549 4550
f 4656 4655 4549
f 4657 4550 4551
f 4657 4656 4550
f 4658 4551 4552
f 4658 4657 4551
f 4659 4552 4553
f 4659 4658 4552
f 4553 4554 4659
f 4659 4554 4660
f 4648 4555 4542
f 4661 4555 4648
f 4662 4650 4544
f 4662 4544 4556
f 4663 4556 4557
f 4663 4662 4556
f 4664 4557 4558
f 4664 4663 4557
f 4665 4558 4559
f 4665 4664 4558
f 4666 4559 4560
f 4666 4665 4559
f 4667 4560 4561
f 4667 4666 4560
f 4668 4561 4562
f 4668 4667 4561
f 4669 4562 4563
f 4669 4668 4562
f 4563 4545 4651
f 4563 4651 4669
f 4670 4660 4554
f 4670 4554 4564
f 4564 4565 4670
f 4670 4565 4671
f 4661 4566 4555
f 4672 4566 4661
f 4567 4671 4565
f 4567 4673 4671
f 4672 4568 4566
f 4674 4568 4672
f 4569 4673 4567
f 4569 4675 4673
f 4674 4570 4568
f 4676 4570 4674
f 4571 4675 4569
f 4571 4677 4675
f 4676 4572 4570
f 4678 4572 4676
f 4573 4677 4571
f 4573 4679 4677
f 4678 4574 4572
f 4680 4574 4678
f 4575 4679 4573
f 4575 4681 4679
f 4680 4576 4574
f 4682 4576 4680
f 4577 4681 4575
f 4577 4683 4681
f 4682 4578 4576
f 4684 4578 4682
f 4685 4683 4577
f 4685 4577 4579
f 4579 4580 4685
f 4685 4580 4686
f 4688 4687 4582
f 4582 4687 4581
f 4582 4578 4684
f 4582 4684 4688
f 4583 4686 4580
f 4583 4689 4686
f 4687 4584 4581
f 4690 4584 4687
f 4691 4689 4583
f 4691 4583 4585
f 4585 4586 4691
f 4691 4586 4692
f 4694 4693 4588
f 4588 4693 4587
f 4588 4584 4690
f 4588 4690 4694
f 4695 4692 4586
f 4695 4586 4589
f 4589 4590 4695
f 4695 4590 4696
f 4698 4697 4592
f 4592 4697 4591
f 4699 4592 4593
f 4699 4698 4592
f 4593 4587 4693
f 4593 4693 4699
f 4700 4696 4590
f 4700 4590 4594
f 4701 4594 4595
f 4701 4700 4594
f 4702 4595 4596
f 4702 4701 4595
f 4703 4596 4597
f 4703 4702 4596
f 4704 4597 4598
f 4704 4703 4597
f 4598 4591 4697
f 4598 4697 4704
f 4706 4705 4599
f 4706 4599 4600
f 4599 4707 4601
f 4705 4707 4599
f 4601 4708 4602
f 4707 4708 4601
f 4602 4709 4603
f 4708 4709 4602
f 4603 4710 4604
f 4709 4710 4603
f 4604 4711 4605
f 4710 4711 4604
f 4605 4712 4606
f 4711 4712 4605
f 4606 4713 4607
f 4712 4713 4606
f 4607 4714 4608
f 4713 4714 4607
f 4608 4715 4609
f 4714 4715 4608
f 4609 4716 4610
f 4715 4716 4609
f 4610 4717 4611
f 4716 4717 4610
f 4611 4718 4612
f 4717 4718 4611
f 4612 4719 4613
f 4718 4719 4612
f 4613 4720 4614
f 4719 4720 4613
f 4614 4721 4615
f 4720 4721 4614
f 4615 4722 4616
f 4721 4722 4615
f 4616 4723 4617
f 4722 4723 4616
f 4617 4724 4618
f 4723 4724 4617
f 4618 4725 4619
f 4724 4725 4618
f 4619 4726 4620
f 4725 4726 4619
f 4620 4727 4621
f 4726 4727 4620
f 4621 4728 4622
f 4727 4728 4621
f 4622 4729 4623
f 4728 4729 4622
f 4623 4730 4624
f 4729 4730 4623
f 4624 4731 4625
f 4730 4731 4624
f 4625 4732 4626
f 4731 4732 4625
f 4626 4733 4627
f 4732 4733 4626
f 4628 4627 4733
f 4628 4733 4734
f 4629 4706 4600
f 4629 4735 4706
f 4734 4630 4628
f 4736 4630 4734
f 4631 4735 4629
f 4631 4737 4735
f 4736 4632 4630
f 4738 4632 4736
f 4633 4737 4631
f 4633 4739 4737
f 4738 4634 4632
f 4740 4634 4738
f 4635 4739 4633
f 4635 4741 4739
f 4740 4636 4634
f 4742 4636 4740
f 4637 4741 4635
f 4637 4743 4741
f 4742 4638 4636
f 4744 4638 4742
f 4639 4743 4637
f 4639 4745 4743
f 4744 4640 4638
f 4746 4640 4744
f 4748 4747 4641
f 4748 4641 4642
f 4639 4641 4745
f 4745 4641 4747
f 4746 4749 4640
f 4640 4749 4643
f 4644 4643 4749
f 4644 4749 4750
f 4645 4748 4642
f 4645 4751 4748
f 4750 4646 4644
f 4752 4646 4750
f 4647 4751 4645
f 4647 4753 4751
f 4752 4648 4646
f 4754 4648 4752
f 4755 4753 4647
f 4755 4647 4649
f 4649 4650 4755
f 4755 4650 4756
f 4757 4651 4652
f 4757 4652 4758
f 4652 4759 4758
f 4652 4653 4759
f 4760 4653 4654
f 4760 4759 4653
f 4761 4654 4655
f 4761 4760 4654
f 4762 4655 4656
f 4762 4761 4655
f 4763 4656 4657
f 4763 4762 4656
f 4764 4657 4658
f 4764 4763 4657
f 4765 4658 4659
f 4765 4764 4658
f 4659 4660 4765
f 4765 4660 4766
f 4754 4661 4648
f 4767 4661 4754
f 4768 4756 4650
f 4768 4650 4662
f 4769 4662 4663
f 4769 4768 4662
f 4770 4663 4664
f 4770 4769 4663
f 4771 4664 4665
f 4771 4770 4664
f 4772 4665 4666
f 4772 4771 4665
f 4773 4666 4667
f 4773 4772 4666
f 4774 4667 4668
f 4774 4773 4667
f 4775 4668 4669
f 4775 4774 4668
f 4669 4651 4757
f 4776 4669 4757
f 4775 4669 4776
f 4776 4757 4758
f 4777 4766 4660
f 4777 4660 4670
f 4670 4671 4777
f 4777 4671 4778
f 4767 4672 4661
f 4779 4672 4767
f 4673 4778 4671
f 4673 4780 4778
f 4779 4674 4672
f 4781 4674 4779
f 4675 4780 4673
f 4675 4782 4780
f 4781 4676 4674
f 4783 4676 4781
f 4677 4782 4675
f 4677 4784 4782
f 4783 4678 4676
f 4785 4678 4783
f 4679 4784 4677
f 4679 4786 4784
f 4785 4680 4678
f 4787 4680 4785
f 4681 4786 4679
f 4681 4788 4786
f 4787 4682 4680
f 4789 4682 4787
f 4683 4788 4681
f 4683 4790 4788
f 4789 4684 4682
f 4791 4684 4789
f 4792 4790 4683
f 4792 4683 4685
f 4685 4686 4792
f 4792 4686 4793
f 4795 4794 4688
f 4688 4794 4687
f 4688 4684 4791
f 4688 4791 4795
f 4689 4793 4686
f 4689 4796 4793
f 4794 4690 4687
f 4797 4690 4794
f 4798 4796 4689
f 4798 4689 4691
f 4691 4692 4798
f 4798 4692 4799
f 4801 4800 4694
f 4694 4800 4693
f 4694 4690 4797
f 4694 4797 4801
f 4802 4799 4692
f 4802 4692 4695
f 4695 4696 4802
f 4802 4696 4803
f 4805 4804 4698
f 4698 4804 4697
f 4806 4698 4699
f 4806 4805 4698
f 4699 4693 4800
f 4699 4800 4806
f 4807 4803 4696
f 4807 4696 4700
f 4808 4700 4701
f 4808 4807 4700
f 4809 4701 4702
f 4809 4808 4701
f 4810 4702 4703
f 4810 4809 4702
f 4811 4703 4704
f 4811 4810 4703
f 4704 4697 4804
f 4704 4804 4811
f 4813 4812 4705
f 4813 4705 4706
f 4705 4814 4707
f 4812 4814 4705
f 4707 4815 4708
f 4814 4815 4707
f 4708 4816 4709
f 4815 4816 4708
f 4709 4817 4710
f 4816 4817 4709
f 4710 4818 4711
f 4817 4818 4710
f 4711 4819 4712
f 4818 4819 4711
f 4712 4820 4713
f 4819 4820 4712
f 4713 4821 4714
f 4820 4821 4713
f 4714 4822 4715
f 4821 4822 4714
f 4715 4823 4716
f 4822 4823 4715
f 4716 4824 4717
f 4823 4824 4716
f 4717 4825 4718
f 4824 4825 4717
f 4718 4826 4719
f 4825 4826 4718
f 4719 4827 4720
f 4826 4827 4719
f 4720 4828 4721
f 4827 4828 4720
f 4721 4829 4722
f 4828 4829 4721
f 4722 4830 4723
f 4829 4830 4722
f 4723 4831 4724
f 4830 4831 4723
f 4724 4832 4725
f 4831 4832 4724
f 4725 4833 4726
f 4832 4833 4725
f 4726 4834 4727
f 4833 4834 4726
f 4727 4835 4728
f 4834 4835 4727
f 4728 4836 4729
f 4835 4836 4728
f 4729 4837 4730
f 4836 4837 4729
f 4730 4838 4731
f 4837 4838 4730
f 4731 4839 4732
f 4838 4839 4731
f 4732 4840 4733
f 4839 4840 4732
f 4734 4733 4840
f 4734 4840 4841
f 4735 4813 4706
f 4735 4842 4813
f 4841 4736 4734
f 4843 4736 4841
f 4737 4842 4735
f 4737 4844 4842
f 4843 4738 4736
f 4845 4738 4843
f 4739 4844 4737
f 4739 4846 4844
f 4845 4740 4738
f 4847 4740 4845
f 4741 4846 4739
f 4741 4848 4846
f 4847 4742 4740
f 4849 4742 4847
f 4743 4848 4741
f 4743 4850 4848
f 4849 4744 4742
f 4851 4744 4849
f 4745 4850 4743
f 4745 4852 4850
f 4851 4746 4744
f 4853 4746 4851
f 4855 4854 4747
f 4855 4747 4748
f 4745 4747 4852
f 4852 4747 4854
f 4749 4746 4856
f 4746 4857 4856
f 4746 4853 4857
f 4856 4750 4749
f 4751 4855 4748
f 4751 4858 4855
f 4857 4859 4856
f 4750 4856 4859
f 4860 4750 4859
f 4752 4750 4860
f 4753 4858 4751
f 4753 4861 4858
f 4860 4754 4752
f 4862 4754 4860
f 4863 4861 4753
f 4863 4753 4755
f 4755 4756 4863
f 4863 4756 4864
f 4866 4865 4759
f 4759 4865 4758
f 4867 4759 4760
f 4867 4866 4759
f 4868 4760 4761
f 4868 4867 4760
f 4869 4761 4762
f 4869 4868 4761
f 4870 4762 4763
f 4870 4869 4762
f 4871 4763 4764
f 4871 4870 4763
f 4872 4764 4765
f 4872 4871 4764
f 4765 4766 4872
f 4872 4766 4873
f 4862 4767 4754
f 4874 4767 4862
f 4875 4864 4756
f 4875 4756 4768
f 4876 4768 4769
f 4876 4875 4768
f 4877 4769 4770
f 4877 4876 4769
f 4878 4770 4771
f 4878 4877 4770
f 4879 4771 4772
f 4879 4878 4771
f 4880 4772 4773
f 4880 4879 4772
f 4881 4773 4774
f 4881 4880 4773
f 4882 4774 4775
f 4882 4881 4774
f 4883 4775 4776
f 4883 4882 4775
f 4776 4758 4865
f 4776 4865 4883
f 4884 4873 4766
f 4884 4766 4777
f 4777 4778 4884
f 4884 4778 4885
f 4874 4779 4767
f 4886 4779 4874
f 4780 4885 4778
f 4780 4887 4885
f 4886 4781 4779
f 4888 4781 4886
f 4782 4887 4780
f 4782 4889 4887
f 4888 4783 4781
f 4890 4783 4888
f 4784 4889 4782
f 4784 4891 4889
f 4890 4785 4783
f 4892 4785 4890
f 4786 4891 4784
f 4786 4893 4891
f 4892 4787 4785
f 4894 4787 4892
f 4788 4893 4786
f 4788 4895 4893
f 4894 4789 4787
f 4896 4789 4894
f 4790 4895 4788
f 4790 4897 4895
f 4896 4791 4789
f 4898 4791 4896
f 4899 4897 4790
f 4899 4790 4792
f 4792 4793 4899
f 4899 4793 4900
f 4902 4901 4795
f 4795 4901 4794
f 4795 4791 4898
f 4795 4898 4902
f 4796 4900 4793
f 4796 4903 4900
f 4901 4797 4794
f 4904 4797 4901
f 4905 4903 4796
f 4905 4796 4798
f 4798 4799 4905
f 4905 4799 4906
f 4908 4907 4801
f 4801 4907 4800
f 4801 4797 4904
f 4801 4904 4908
f 4909 4906 4799
f 4909 4799 4802
f 4802 4803 4909
f 4909 4803 4910
f 4912 4911 4805
f 4805 4911 4804
f 4913 4805 4806
f 4913 4912 4805
f 4806 4800 4907
f 4806 4907 4913
f 4914 4910 4803
f 4914 4803 4807
f 4915 4807 4808
f 4915 4914 4807
f 4916 4808 4809
f 4916 4915 4808
f 4917 4809 4810
f 4917 4916 4809
f 4918 4810 4811
f 4918 4917 4810
f 4811 4804 4911
f 4811 4911 4918
f 4920 4919 4812
f 4920 4812 4813
f 4812 4921 4814
f 4919 4921 4812
f 4814 4922 4815
f 4921 4922 4814
f 4815 4923 4816
f 4922 4923 4815
f 4816 4924 4817
f 4923 4924 4816
f 4817 4925 4818
f 4924 4925 4817
f 4818 4926 4819
f 4925 4926 4818
f 4819 4927 4820
f 4926 4927 4819
f 4820 4928 4821
f 4927 4928 4820
f 4821 4929 4822
f 4928 4929 4821
f 4822 4930 4823
f 4929 4930 4822
f 4823 4931 4824
f 4930 4931 4823
f 4824 4932 4825
f 4931 4932 4824
f 4825 4933 4826
f 4932 4933 4825
f 4826 4934 4827
f 4933 4934 4826
f 4827 4935 4828
f 4934 4935 4827
f 4828 4936 4829
f 4935 4936 4828
f 4829 4937 4830
f 4936 4937 4829
f 4830 4938 4831
f 4937 4938 4830
f 4831 4939 4832
f 4938 4939 4831
f 4832 4940 4833
f 4939 4940 4832
f 4833 4941 4834
f 4940 4941 4833
f 4834 4942 4835
f 4941 4942 4834
f 4835 4943 4836
f 4942 4943 4835
f 4836 4944 4837
f 4943 4944 4836
f 4837 4945 4838
f 4944 4945 4837
f 4838 4946 4839
f 4945 4946 4838
f 4839 4947 4840
f 4946 4947 4839
f 4841 4840 4947
f 4841 4947 4948
f 4842 4920 4813
f 4842 4949 4920
f 4948 4843 4841
f 4950 4843 4948
f 4844 4949 4842
f 4844 4951 4949
f 4950 4845 4843
f 4952 4845 4950
f 4846 4951 4844
f 4846 4953 4951
f 4952 4847 4845
f 4954 4847 4952
f 4848 4953 4846
f 4848 4955 4953
f 4954 4849 4847
f 4956 4849 4954
f 4850 4955 4848
f 4850 4957 4955
f 4956 4851 4849
f 4958 4851 4956
f 4961 4960 4959
f 4960 4957 4959
f 4957 4852 4959
f 4957 4850 4852
f 4958 4853 4851
f 4962 4853 4958
f 4961 4959 4854
f 4855 4961 4854
f 4963 4961 4855
f 4854 4959 4852
f 4962 4857 4853
f 4964 4857 4962
f 4858 4963 4855
f 4858 4965 4963
f 4964 4966 4857
f 4857 4966 4859
f 4860 4859 4966
f 4860 4966 4967
f 4861 4965 4858
f 4861 4968 4965
f 4967 4862 4860
f 4969 4862 4967
f 4970 4968 4861
f 4970 4861 4863
f 4863 4864 4970
f 4970 4864 4971
f 4973 4972 4866
f 4866 4972 4865
f 4974 4866 4867
f 4974 4973 4866
f 4975 4867 4868
f 4975 4974 4867
f 4976 4868 4869
f 4976 4975 4868
f 4977 4869 4870
f 4977 4976 4869
f 4978 4870 4871
f 4978 4977 4870
f 4979 4871 4872
f 4979 4978 4871
f 4872 4873 4979
f 4979 4873 4980
f 4969 4874 4862
f 4981 4874 4969
f 4982 4971 4864
f 4982 4864 4875
f 4983 4875 4876
f 4983 4982 4875
f 4984 4876 4877
f 4984 4983 4876
f 4985 4877 4878
f 4985 4984 4877
f 4986 4878 4879
f 4986 4985 4878
f 4987 4879 4880
f 4987 4986 4879
f 4988 4880 4881
f 4988 4987 4880
f 4989 4881 4882
f 4989 4988 4881
f 4990 4882 4883
f 4990 4989 4882
f 4883 4865 4972
f 4883 4972 4990
f 4991 4980 4873
f 4991 4873 4884
f 4884 4885 4991
f 4991 4885 4992
f 4981 4886 4874
f 4993 4886 4981
f 4887 4992 4885
f 4887 4994 4992
f 4993 4888 4886
f 4995 4888 4993
f 4889 4994 4887
f 4889 4996 4994
f 4995 4890 4888
f 4997 4890 4995
f 4891 4996 4889
f 4891 4998 4996
f 4997 4892 4890
f 4999 4892 4997
f 4893 4998 4891
f 4893 5000 4998
f 4999 4894 4892
f 5001 4894 4999
f 4895 5000 4893
f 4895 5002 5000
f 5001 4896 4894
f 5003 4896 5001
f 4897 5002 4895
f 4897 5004 5002
f 5003 4898 4896
f 5005 4898 5003
f 5006 5004 4897
f 5006 4897 4899
f 4899 4900 5006
f 5006 4900 5007
f 5009 5008 4902
f 4902 5008 4901
f 4902 4898 5005
f 4902 5005 5009
f 4903 5007 4900
f 4903 5010 5007
f 5008 4904 4901
f 5011 4904 5008
f 5012 5010 4903
f 5012 4903 4905
f 4905 4906 5012
f 5012 4906 5013
f 5015 5014 4908
f 4908 5014 4907
f 4908 4904 5011
f 4908 5011 5015
f 5016 5013 4906
f 5016 4906 4909
f 4909 4910 5016
f 5016 4910 5017
f 5019 5018 4912
f 4912 5018 4911
f 5020 4912 4913
f 5020 5019 4912
f 4913 4907 5014
f 4913 5014 5020
f 5021 5017 4910
f 5021 4910 4914
f 5022 4914 4915
f 5022 5021 4914
f 5023 4915 4916
f 5023 5022 4915
f 5024 4916 4917
f 5024 5023 4916
f 5025 4917 4918
f 5025 5024 4917
f 4918 4911 5018
f 4918 5018 5025
f 5027 5026 4919
f 5027 4919 4920
f 4919 5028 4921
f 5026 5028 4919
f 4921 5029 4922
f 5028 5029 4921
f 4922 5030 4923
f 5029 5030 4922
f 4923 5031 4924
f 5030 5031 4923
f 4924 5032 4925
f 5031 5032 4924
f 4925 5033 4926
f 5032 5033 4925
f 4926 5034 4927
f 5033 5034 4926
f 4927 5035 4928
f 5034 5035 4927
f 4928 5036 4929
f 5035 5036 4928
f 4929 5037 4930
f 5036 5037 4929
f 4930 5038 4931
f 5037 5038 4930
f 4931 5039 4932
f 5038 5039 4931
f 4932 5040 4933
f 5039 5040 4932
f 4933 5041 4934
f 5040 5041 4933
f 4934 5042 4935
f 5041 5042 4934
f 4935 5043 4936
f 5042 5043 4935
f 4936 5044 4937
f 5043 5044 4936
f 4937 5045 4938
f 5044 5045 4937
f 4938 5046 4939
f 5045 5046 4938
f 4939 5047 4940
f 5046 5047 4939
f 4940 5048 4941
f 5047 5048 4940
f 4941 5049 4942
f 5048 5049 4941
f 4942 5050 4943
f 5049 5050 4942
f 4943 5051 4944
f 5050 5051 4943
f 4944 5052 4945
f 5051 5052 4944
f 4945 5053 4946
f 5052 5053 4945
f 4946 5054 4947
f 5053 5054 4946
f 4948 4947 5054
f 4948 5054 5055
f 4949 5027 4920
f 4949 5056 5027
f 5055 4950 4948
f 5057 4950 5055
f 4951 5056 4949
f 4951 5058 5056
f 5057 4952 4950
f 5059 4952 5057
f 4953 5058 4951
f 4953 5060 5058
f 5059 4954 4952
f 5061 4954 5059
f 4955 5060 4953
f 4955 5062 5060
f 5061 4956 4954
f 5063 4956 5061
f 4957 5062 4955
f 4957 5064 5062
f 5063 4958 4956
f 5065 4958 5063
f 5067 5066 4960
f 5067 4960 4961
f 4957 4960 5064
f 5064 4960 5066
f 5065 4962 4958
f 5068 4962 5065
f 4963 5067 4961
f 4963 5069 5067
f 5068 4964 4962
f 5070 4964 5068
f 4965 5069 4963
f 4965 5071 5069
f 5070 5072 4964
f 4964 5072 4966
f 4967 4966 5072
f 4967 5072 5073
f 4968 5071 4965
f 4968 5074 5071
f 5073 4969 4967
f 5075 4969 5073
f 5076 5074 4968
f 5076 4968 4970
f 4970 4971 5076
f 5076 4971 5077
f 5079 5078 4973
f 4973 5078 4972
f 5080 4973 4974
f 5080 5079 4973
f 5081 4974 4975
f 5081 5080 4974
f 5082 4975 4976
f 5082 5081 4975
f 5083 4976 4977
f 5083 5082 4976
f 5084 4977 4978
f 5084 5083 4977
f 5085 4978 4979
f 5085 5084 4978
f 4979 4980 5085
f 5085 4980 5086
f 5075 4981 4969
f 5087 4981 5075
f 5088 5077 4971
f 5088 4971 4982
f 5089 4982 4983
f 5089 5088 4982
f 5090 4983 4984
f 5090 5089 4983
f 5091 4984 4985
f 5091 5090 4984
f 5092 4985 4986
f 5092 5091 4985
f 5093 4986 4987
f 5093 5092 4986
f 5094 4987 4988
f 5094 5093 4987
f 5095 4988 4989
f 5095 5094 4988
f 5096 4989 4990
f 5096 5095 4989
f 4990 4972 5078
f 4990 5078 5096
f 5097 5086 4980
f 5097 4980 4991
f 4991 4992 5097
f 5097 4992 5098
f 5087 4993 4981
f 5099 4993 5087
f 4994 5098 4992
f 4994 5100 5098
f 5099 4995 4993
f 5101 4995 5099
f 4996 5100 4994
f 4996 5102 5100
f 5101 4997 4995
f 5103 4997 5101
f 4998 5102 4996
f 4998 5104 5102
f 5103 4999 4997
f 5105 4999 5103
f 5000 5104 4998
f 5000 5106 5104
f 5105 5001 4999
f 5107 5001 5105
f 5002 5106 5000
f 5002 5108 5106
f 5107 5003 5001
f 5109 5003 5107
f 5004 5108 5002
f 5004 5110 5108
f 5109 5005 5003
f 5111 5005 5109
f 5112 5110 5004
f 5112 5004 5006
f 5006 5007 5112
f 5112 5007 5113
f 5115 5114 5009
f 5009 5114 5008
f 5009 5005 5111
f 5009 5111 5115
f 5010 5113 5007
f 5010 5116 5113
f 5114 5011 5008
f 5117 5011 5114
f 5118 5116 5010
f 5118 5010 5012
f 5012 5013 5118
f 5118 5013 5119
f 5121 5120 5015
f 5015 5120 5014
f 5015 5011 5117
f 5015 5117 5121
f 5122 5119 5013
f 5122 5013 5016
f 5016 5017 5122
f 5122 5017 5123
f 5125 5124 5019
f 5019 5124 5018
f 5126 5019 5020
f 5126 5125 5019
f 5020 5014 5120
f 5020 5120 5126
f 5127 5123 5017
f 5127 5017 5021
f 5128 5021 5022
f 5128 5127 5021
f 5129 5022 5023
f 5129 5128 5022
f 5130 5023 5024
f 5130 5129 5023
f 5131 5024 5025
f 5131 5130 5024
f 5025 5018 5124
f 5025 5124 5131
f 5133 5132 5026
f 5133 5026 5027
f 5026 5134 5028
f 5132 5134 5026
f 5028 5135 5029
f 5134 5135 5028
f 5029 5136 5030
f 5135 5136 5029
f 5030 5137 5031
f 5136 5137 5030
f 5031 5138 5032
f 5137 5138 5031
f 5032 5139 5033
f 5138 5139 5032
f 5033 5140 5034
f 5139 5140 5033
f 5034 5141 5035
f 5140 5141 5034
f 5035 5142 5036
f 5141 5142 5035
f 5036 5143 5037
f 5142 5143 5036
f 5037 5144 5038
f 5143 5144 5037
f 5038 5145 5039
f 5144 5145 5038
f 5039 5146 5040
f 5145 5146 5039
f 5040 5147 5041
f 5146 5147 5040
f 5041 5148 5042
f 5147 5148 5041
f 5042 5149 5043
f 5148 5149 5042
f 5043 5150 5044
f 5149 5150 5043
f 5044 5151 5045
f 5150 5151 5044
f 5045 5152 5046
f 5151 5152 5045
f 5046 5153 5047
f 5152 5153 5046
f 5047 5154 5048
f 5153 5154 5047
f 5048 5155 5049
f 5154 5155 5048
f 5049 5156 5050
f 5155 5156 5049
f 5050 5157 5051
f 5156 5157 5050
f 5051 5158 5052
f 5157 5158 5051
f 5052 5159 5053
f 5158 5159 5052
f 5053 5160 5054
f 5159 5160 5053
f 5055 5054 5160
f 5055 5160 5161
f 5056 5133 5027
f 5056 5162 5133
f 5161 5057 5055
f 5163 5057 5161
f 5166 5165 5164
f 5165 5162 5164
f 5162 5058 5164
f 5162 5056 5058
f 5163 5059 5057
f 5167 5059 5163
f 5168 5166 5164
f 5164 5058 5168
f 5058 5169 5168
f 5058 5060 5169
f 5167 5061 5059
f 5170 5061 5167
f 5062 5169 5060
f 5062 5171 5169
f 5170 5063 5061
f 5172 5063 5170
f 5175 5174 5173
f 5174 5171 5173
f 5171 5064 5173
f 5171 5062 5064
f 5172 5065 5063
f 5176 5065 5172
f 5175 5173 5066
f 5067 5175 5066
f 5177 5175 5067
f 5066 5173 5064
f 5176 5068 5065
f 5178 5068 5176
f 5069 5177 5067
f 5069 5179 5177
f 5178 5070 5068
f 5180 5070 5178
f 5071 5179 5069
f 5071 5181 5179
f 5180 5182 5070
f 5070 5182 5072
f 5073 5072 5182
f 5073 5182 5183
f 5074 5181 5071
f 5074 5184 5181
f 5183 5075 5073
f 5185 5075 5183
f 5186 5184 5074
f 5186 5074 5076
f 5076 5077 5186
f 5186 5077 5187
f 5189 5188 5079
f 5079 5188 5078
f 5190 5079 5080
f 5190 5189 5079
f 5191 5080 5081
f 5191 5190 5080
f 5192 5081 5082
f 5192 5191 5081
f 5193 5082 5083
f 5193 5192 5082
f 5194 5083 5084
f 5194 5193 5083
f 5195 5084 5085
f 5195 5194 5084
f 5085 5086 5195
f 5195 5086 5196
f 5185 5087 5075
f 5197 5087 5185
f 5198 5187 5077
f 5198 5077 5088
f 5199 5088 5089
f 5199 5198 5088
f 5200 5089 5090
f 5200 5199 5089
f 5201 5090 5091
f 5201 5200 5090
f 5202 5091 5092
f 5202 5201 5091
f 5203 5092 5093
f 5203 5202 5092
f 5204 5093 5094
f 5204 5203 5093
f 5205 5094 5095
f 5205 5204 5094
f 5206 5095 5096
f 5206 5205 5095
f 5096 5078 5188
f 5096 5188 5206
f 5207 5196 5086
f 5207 5086 5097
f 5097 5098 5207
f 5207 5098 5208
f 5197 5099 5087
f 5209 5099 5197
f 5100 5208 5098
f 5100 5210 5208
f 5209 5101 5099
f 5211 5101 5209
f 5102 5210 5100
f 5102 5212 5210
f 5211 5103 5101
f 5213 5103 5211
f 5104 5212 5102
f 5104 5214 5212
f 5213 5105 5103
f 5215 5105 5213
f 5106 5214 5104
f 5106 5216 5214
f 5215 5107 5105
f 5217 5107 5215
f 5108 5216 5106
f 5108 5218 5216
f 5217 5109 5107
f 5219 5109 5217
f 5110 5218 5108
f 5110 5220 5218
f 5219 5111 5109
f 5221 5111 5219
f 5222 5220 5110
f 5222 5110 5112
f 5112 5113 5222
f 5222 5113 5223
f 5225 5224 5115
f 5115 5224 5114
f 5115 5111 5221
f 5115 5221 5225
f 5116 5223 5113
f 5116 5226 5223
f 5224 5117 5114
f 5227 5117 5224
f 5228 5226 5116
f 5228 5116 5118
f 5118 5119 5228
f 5228 5119 5229
f 5231 5230 5121
f 5121 5230 5120
f 5121 5117 5227
f 5121 5227 5231
f 5232 5229 5119
f 5232 5119 5122
f 5122 5123 5232
f 5232 5123 5233
f 5235 5234 5125
f 5125 5234 5124
f 5236 5125 5126
f 5236 5235 5125
f 5126 5120 5230
f 5126 5230 5236
f 5237 5233 5123
f 5237 5123 5127
f 5238 5127 5128
f 5238 5237 5127
f 5239 5128 5129
f 5239 5238 5128
f 5240 5129 5130
f 5240 5239 5129
f 5241 5130 5131
f 5241 5240 5130
f 5131 5124 5234
f 5131 5234 5241
f 5243 5242 5132
f 5243 5132 5133
f 5132 5244 5134
f 5242 5244 5132
f 5134 5245 5135
f 5244 5245 5134
f 5135 5246 5136
f 5245 5246 5135
f 5136 5247 5137
f 5246 5247 5136
f 5137 5248 5138
f 5247 5248 5137
f 5138 5249 5139
f 5248 5249 5138
f 5139 5250 5140
f 5249 5250 5139
f 5140 5251 5141
f 5250 5251 5140
f 5141 5252 5142
f 5251 5252 5141
f 5142 5253 5143
f 5252 5253 5142
f 5143 5254 5144
f 5253 5254 5143
f 5144 5255 5145
f 5254 5255 5144
f 5145 5256 5146
f 5255 5256 5145
f 5146 5257 5147
f 5256 5257 5146
f 5147 5258 5148
f 5257 5258 5147
f 5148 5259 5149
f 5258 5259 5148
f 5149 5260 5150
f 5259 5260 5149
f 5150 5261 5151
f 5260 5261 5150
f 5151 5262 5152
f 5261 5262 5151
f 5152 5263 5153
f 5262 5263 5152
f 5153 5264 5154
f 5263 5264 5153
f 5154 5265 5155
f 5264 5265 5154
f 5155 5266 5156
f 5265 5266 5155
f 5156 5267 5157
f 5266 5267 5156
f 5157 5268 5158
f 5267 5268 5157
f 5158 5269 5159
f 5268 5269 5158
f 5159 5270 5160
f 5269 5270 5159
f 5161 5160 5270
f 5161 5270 5271
f 5162 5243 5133
f 5162 5272 5243
f 5271 5163 5161
f 5273 5163 5271
f 5275 5274 5165
f 5275 5165 5166
f 5162 5165 5272
f 5272 5165 5274
f 5273 5167 5163
f 5276 5167 5273
f 5277 5275 5166
f 5277 5166 5168
f 5168 5169 5277
f 5277 5169 5278
f 5276 5170 5167
f 5279 5170 5276
f 5171 5278 5169
f 5171 5280 5278
f 5279 5172 5170
f 5281 5172 5279
f 5283 5282 5174
f 5283 5174 5175
f 5171 5174 5280
f 5280 5174 5282
f 5281 5176 5172
f 5284 5176 5281
f 5177 5283 5175
f 5177 5285 5283
f 5284 5178 5176
f 5286 5178 5284
f 5179 5285 5177
f 5179 5287 5285
f 5286 5180 5178
f 5288 5180 5286
f 5181 5287 5179
f 5181 5289 5287
f 5288 5290 5180
f 5180 5290 5182
f 5183 5182 5290
f 5183 5290 5291
f 5184 5289 5181
f 5184 5292 5289
f 5291 5185 5183
f 5293 5185 5291
f 5294 5292 5184
f 5294 5184 5186
f 5186 5187 5294
f 5294 5187 5295
f 5296 5188 5189
f 5296 5189 5297
f 5189 5298 5297
f 5189 5190 5298
f 5299 5190 5191
f 5299 5298 5190
f 5300 5191 5192
f 5300 5299 5191
f 5301 5192 5193
f 5301 5300 5192
f 5302 5193 5194
f 5302 5301 5193
f 5303 5194 5195
f 5303 5302 5194
f 5195 5196 5303
f 5303 5196 5304
f 5293 5197 5185
f 5305 5197 5293
f 5306 5295 5187
f 5306 5187 5198
f 5307 5198 5199
f 5307 5306 5198
f 5308 5199 5200
f 5308 5307 5199
f 5309 5200 5201
f 5309 5308 5200
f 5310 5201 5202
f 5310 5309 5201
f 5311 5202 5203
f 5311 5310 5202
f 5312 5203 5204
f 5312 5311 5203
f 5313 5204 5205
f 5313 5312 5204
f 5314 5205 5206
f 5314 5313 5205
f 5206 5188 5296
f 5315 5206 5296
f 5314 5206 5315
f 5315 5296 5297
f 5316 5304 5196
f 5316 5196 5207
f 5207 5208 5316
f 5316 5208 5317
f 5305 5209 5197
f 5318 5209 5305
f 5210 5317 5208
f 5210 5319 5317
f 5318 5211 5209
f 5320 5211 5318
f 5212 5319 5210
f 5212 5321 5319
f 5320 5213 5211
f 5322 5213 5320
f 5214 5321 5212
f 5214 5323 5321
f 5322 5215 5213
f 5324 5215 5322
f 5216 5323 5214
f 5216 5325 5323
f 5324 5217 5215
f 5326 5217 5324
f 5218 5325 5216
f 5218 5327 5325
f 5326 5219 5217
f 5328 5219 5326
f 5220 5327 5218
f 5220 5329 5327
f 5328 5221 5219
f 5330 5221 5328
f 5331 5329 5220
f 5331 5220 5222
f 5222 5223 5331
f 5331 5223 5332
f 5334 5333 5225
f 5225 5333 5224
f 5225 5221 5330
f 5225 5330 5334
f 5226 5332 5223
f 5226 5335 5332
f 5333 5227 5224
f 5336 5227 5333
f 5337 5335 5226
f 5337 5226 5228
f 5228 5229 5337
f 5337 5229 5338
f 5340 5339 5231
f 5231 5339 5230
f 5231 5227 5336
f 5231 5336 5340
f 5341 5338 5229
f 5341 5229 5232
f 5232 5233 5341
f 5341 5233 5342
f 5344 5343 5235
f 5235 5343 5234
f 5345 5235 5236
f 5345 5344 5235
f 5236 5230 5339
f 5236 5339 5345
f 5346 5342 5233
f 5346 5233 5237
f 5347 5237 5238
f 5347 5346 5237
f 5348 5238 5239
f 5348 5347 5238
f 5349 5239 5240
f 5349 5348 5239
f 5350 5240 5241
f 5350 5349 5240
f 5241 5234 5343
f 5241 5343 5350
f 5352 5351 5242
f 5352 5242 5243
f 5242 5353 5244
f 5351 5353 5242
f 5244 5354 5245
f 5353 5354 5244
f 5245 5355 5246
f 5354 5355 5245
f 5246 5356 5247
f 5355 5356 5246
f 5247 5357 5248
f 5356 5357 5247
f 5248 5358 5249
f 5357 5358 5248
f 5249 5359 5250
f 5358 5359 5249
f 5250 5360 5251
f 5359 5360 5250
f 5251 5361 5252
f 5360 5361 5251
f 5252 5362 5253
f 5361 5362 5252
f 5253 5363 5254
f 5362 5363 5253
f 5254 5364 5255
f 5363 5364 5254
f 5255 5365 5256
f 5364 5365 5255
f 5256 5366 5257
f 5365 5366 5256
f 5257 5367 5258
f 5366 5367 5257
f 5258 5368 5259
f 5367 5368 5258
f 5259 5369 5260
f 5368 5369 5259
f 5260 5370 5261
f 5369 5370 5260
f 5261 5371 5262
f 5370 5371 5261
f 5262 5372 5263
f 5371 5372 5262
f 5263 5373 5264
f 5372 5373 5263
f 5264 5374 5265
f 5373 5374 5264
f 5265 5375 5266
f 5374 5375 5265
f 5266 5376 5267
f 5375 5376 5266
f 5267 5377 5268
f 5376 5377 5267
f 5268 5378 5269
f 5377 5378 5268
f 5269 5379 5270
f 5378 5379 5269
f 5271 5270 5379
f 5271 5379 5380
f 5383 5382 5381
f 5382 5352 5381
f 5352 5272 5381
f 5352 5243 5272
f 5380 5273 5271
f 5384 5273 5380
f 5383 5381 5274
f 5275 5383 5274
f 5385 5383 5275
f 5274 5381 5272
f 5384 5276 5273
f 5386 5276 5384
f 5387 5385 5275
f 5387 5275 5277
f 5277 5278 5387
f 5387 5278 5388
f 5386 5279 5276
f 5389 5279 5386
f 5392 5391 5390
f 5391 5388 5390
f 5388 5280 5390
f 5388 5278 5280
f 5389 5281 5279
f 5393 5281 5389
f 5392 5390 5282
f 5283 5392 5282
f 5394 5392 5283
f 5282 5390 5280
f 5393 5284 5281
f 5395 5284 5393
f 5285 5394 5283
f 5285 5396 5394
f 5395 5286 5284
f 5397 5286 5395
f 5287 5396 5285
f 5287 5398 5396
f 5397 5288 5286
f 5399 5288 5397
f 5289 5398 5287
f 5289 5400 5398
f 5399 5401 5288
f 5288 5401 5290
f 5291 5290 5401
f 5291 5401 5402
f 5292 5400 5289
f 5292 5403 5400
f 5402 5293 5291
f 5404 5293 5402
f 5405 5403 5292
f 5405 5292 5294
f 5294 5295 5405
f 5405 5295 5406
f 5407 5297 5298
f 5407 5298 5408
f 5298 5409 5408
f 5298 5299 5409
f 5410 5299 5300
f 5410 5409 5299
f 5411 5300 5301
f 5411 5410 5300
f 5412 5301 5302
f 5412 5411 5301
f 5413 5302 5303
f 5413 5412 5302
f 5303 5304 5413
f 5413 5304 5414
f 5404 5305 5293
f 5415 5305 5404
f 5416 5406 5295
f 5416 5295 5306
f 5417 5306 5307
f 5417 5416 5306
f 5418 5307 5308
f 5418 5417 5307
f 5419 5308 5309
f 5419 5418 5308
f 5420 5309 5310
f 5420 5419 5309
f 5421 5310 5311
f 5421 5420 5310
f 5422 5311 5312
f 5422 5421 5311
f 5423 5312 5313
f 5423 5422 5312
f 5424 5313 5314
f 5424 5423 5313
f 5425 5314 5315
f 5425 5424 5314
f 5315 5297 5407
f 5426 5315 5407
f 5425 5315 5426
f 5426 5407 5408
f 5427 5414 5304
f 5427 5304 5316
f 5316 5317 5427
f 5427 5317 5428
f 5415 5318 5305
f 5429 5318 5415
f 5319 5428 5317
f 5319 5430 5428
f 5429 5320 5318
f 5431 5320 5429
f 5321 5430 5319
f 5321 5432 5430
f 5431 5322 5320
f 5433 5322 5431
f 5323 5432 5321
f 5323 5434 5432
f 5433 5324 5322
f 5435 5324 5433
f 5325 5434 5323
f 5325 5436 5434
f 5435 5326 5324
f 5437 5326 5435
f 5327 5436 5325
f 5327 5438 5436
f 5437 5328 5326
f 5439 5328 5437
f 5329 5438 5327
f 5329 5440 5438
f 5439 5330 5328
f 5441 5330 5439
f 5442 5440 5329
f 5442 5329 5331
f 5331 5332 5442
f 5442 5332 5443
f 5445 5444 5334
f 5334 5444 5333
f 5334 5330 5441
f 5334 5441 5445
f 5335 5443 5332
f 5335 5446 5443
f 5444 5336 5333
f 5447 5336 5444
f 5448 5446 5335
f 5448 5335 5337
f 5337 5338 5448
f 5448 5338 5449
f 5451 5450 5340
f 5340 5450 5339
f 5340 5336 5447
f 5340 5447 5451
f 5452 5449 5338
f 5452 5338 5341
f 5341 5342 5452
f 5452 5342 5453
f 5455 5454 5344
f 5344 5454 5343
f 5456 5344 5345
f 5456 5455 5344
f 5345 5339 5450
f 5345 5450 5456
f 5457 5453 5342
f 5457 5342 5346
f 5458 5346 5347
f 5458 5457 5346
f 5459 5347 5348
f 5459 5458 5347
f 5460 5348 5349
f 5460 5459 5348
f 5461 5349 5350
f 5461 5460 5349
f 5350 5343 5454
f 5350 5454 5461
f 5463 5462 5351
f 5463 5351 5352
f 5351 5464 5353
f 5462 5464 5351
f 5353 5465 5354
f 5464 5465 5353
f 5354 5466 5355
f 5465 5466 5354
f 5355 5467 5356
f 5466 5467 5355
f 5356 5468 5357
f 5467 5468 5356
f 5357 5469 5358
f 5468 5469 5357
f 5358 5470 5359
f 5469 5470 5358
f 5359 5471 5360
f 5470 5471 5359
f 5360 5472 5361
f 5471 5472 5360
f 5361 5473 5362
f 5472 5473 5361
f 5362 5474 5363
f 5473 5474 5362
f 5363 5475 5364
f 5474 5475 5363
f 5364 5476 5365
f 5475 5476 5364
f 5365 5477 5366
f 5476 5477 5365
f 5366 5478 5367
f 5477 5478 5366
f 5367 5479 5368
f 5478 5479 5367
f 5368 5480 5369
f 5479 5480 5368
f 5369 5481 5370
f 5480 5481 5369
f 5370 5482 5371
f 5481 5482 5370
f 5371 5483 5372
f 5482 5483 5371
f 5372 5484 5373
f 5483 5484 5372
f 5373 5485 5374
f 5484 5485 5373
f 5374 5486 5375
f 5485 5486 5374
f 5375 5487 5376
f 5486 5487 5375
f 5376 5488 5377
f 5487 5488 5376
f 5377 5489 5378
f 5488 5489 5377
f 5378 5490 5379
f 5489 5490 5378
f 5380 5379 5490
f 5380 5490 5491
f 5493 5492 5382
f 5493 5382 5383
f 5352 5382 5463
f 5463 5382 5492
f 5491 5384 5380
f 5494 5384 5491
f 5385 5493 5383
f 5385 5495 5493
f 5494 5386 5384
f 5496 5386 5494
f 5385 5387 5497
f 5498 5385 5497
f 5495 5385 5498
f 5388 5497 5387
f 5496 5389 5386
f 5499 5389 5496
f 5498 5497 5391
f 5392 5498 5391
f 5500 5498 5392
f 5391 5497 5388
f 5499 5393 5389
f 5501 5393 5499
f 5394 5500 5392
f 5394 5502 5500
f 5501 5395 5393
f 5503 5395 5501
f 5396 5502 5394
f 5396 5504 5502
f 5503 5397 5395
f 5505 5397 5503
f 5398 5504 5396
f 5398 5506 5504
f 5505 5399 5397
f 5507 5399 5505
f 5400 5506 5398
f 5400 5508 5506
f 5401 5399 5509
f 5399 5510 5509
f 5399 5507 5510
f 5509 5402 5401
f 5403 5508 5400
f 5403 5511 5508
f 5510 5512 5509
f 5402 5509 5512
f 5513 5402 5512
f 5404 5402 5513
f 5514 5511 5403
f 5514 5403 5405
f 5405 5406 5514
f 5514 5406 5515
f 5516 5408 5409
f 5410 5517 5409
f 5409 5517 5516
f 5517 5410 5518
f 5410 5519 5518
f 5410 5411 5519
f 5520 5411 5412
f 5520 5519 5411
f 5521 5412 5413
f 5521 5520 5412
f 5413 5414 5521
f 5521 5414 5522
f 5513 5415 5404
f 5523 5415 5513
f 5524 5515 5406
f 5524 5406 5416
f 5525 5416 5417
f 5525 5524 5416
f 5526 5417 5418
f 5526 5525 5417
f 5527 5418 5419
f 5527 5526 5418
f 5528 5419 5420
f 5528 5527 5419
f 5529 5420 5421
f 5529 5528 5420
f 5530 5421 5422
f 5530 5529 5421
f 5531 5422 5423
f 5531 5530 5422
f 5532 5423 5424
f 5532 5531 5423
f 5533 5424 5425
f 5533 5532 5424
f 5534 5425 5426
f 5534 5533 5425
f 5426 5408 5516
f 5535 5426 5516
f 5534 5426 5535
f 5535 5516 5517
f 5535 5517 5536
f 5536 5517 5518
f 5537 5522 5414
f 5537 5414 5427
f 5427 5428 5537
f 5537 5428 5538
f 5523 5429 5415
f 5539 5429 5523
f 5430 5538 5428
f 5430 5540 5538
f 5539 5431 5429
f 5541 5431 5539
f 5432 5540 5430
f 5432 5542 5540
f 5541 5433 5431
f 5543 5433 5541
f 5434 5542 5432
f 5434 5544 5542
f 5543 5435 5433
f 5545 5435 5543
f 5436 5544 5434
f 5436 5546 5544
f 5545 5437 5435
f 5547 5437 5545
f 5438 5546 5436
f 5438 5548 5546
f 5547 5439 5437
f 5549 5439 5547
f 5440 5548 5438
f 5440 5550 5548
f 5549 5441 5439
f 5551 5441 5549
f 5552 5550 5440
f 5552 5440 5442
f 5442 5443 5552
f 5552 5443 5553
f 5555 5554 5445
f 5445 5554 5444
f 5445 5441 5551
f 5445 5551 5555
f 5446 5553 5443
f 5446 5556 5553
f 5554 5447 5444
f 5557 5447 5554
f 5558 5556 5446
f 5558 5446 5448
f 5448 5449 5558
f 5558 5449 5559
f 5561 5560 5451
f 5451 5560 5450
f 5451 5447 5557
f 5451 5557 5561
f 5562 5559 5449
f 5562 5449 5452
f 5452 5453 5562
f 5562 5453 5563
f 5566 5565 5564
f 5454 5455 5564
f 5455 5566 5564
f 5455 5567 5566
f 5568 5455 5456
f 5568 5567 5455
f 5456 5450 5560
f 5456 5560 5568
f 5569 5563 5453
f 5569 5453 5457
f 5570 5457 5458
f 5570 5569 5457
f 5571 5458 5459
f 5571 5570 5458
f 5572 5459 5460
f 5572 5571 5459
f 5461 5564 5565
f 5572 5461 5565
f 5460 5461 5572
f 5564 5461 5454
f 5574 5573 5462
f 5574 5462 5463
f 5462 5575 5464
f 5573 5575 5462
f 5464 5576 5465
f 5575 5576 5464
f 5465 5577 5466
f 5576 5577 5465
f 5466 5578 5467
f 5577 5578 5466
f 5467 5579 5468
f 5578 5579 5467
f 5468 5580 5469
f 5579 5580 5468
f 5469 5581 5470
f 5580 5581 5469
f 5470 5582 5471
f 5581 5582 5470
f 5471 5583 5472
f 5582 5583 5471
f 5472 5584 5473
f 5583 5584 5472
f 5473 5585 5474
f 5584 5585 5473
f 5474 5586 5475
f 5585 5586 5474
f 5475 5587 5476
f 5586 5587 5475
f 5476 5588 5477
f 5587 5588 5476
f 5477 5589 5478
f 5588 5589 5477
f 5478 5590 5479
f 5589 5590 5478
f 5479 5591 5480
f 5590 5591 5479
f 5480 5592 5481
f 5591 5592 5480
f 5481 5593 5482
f 5592 5593 5481
f 5482 5594 5483
f 5593 5594 5482
f 5483 5595 5484
f 5594 5595 5483
f 5484 5596 5485
f 5595 5596 5484
f 5485 5597 5486
f 5596 5597 5485
f 5486 5598 5487
f 5597 5598 5486
f 5487 5599 5488
f 5598 5599 5487
f 5488 5600 5489
f 5599 5600 5488
f 5489 5601 5490
f 5600 5601 5489
f 5491 5490 5601
f 5491 5601 5602
f 5604 5603 5492
f 5604 5492 5493
f 5463 5492 5574
f 5574 5492 5603
f 5602 5494 5491
f 5605 5494 5602
f 5495 5604 5493
f 5495 5606 5604
f 5605 5496 5494
f 5607 5496 5605
f 5498 5606 5495
f 5498 5608 5606
f 5607 5499 5496
f 5609 5499 5607
f 5500 5608 5498
f 5500 5610 5608
f 5609 5501 5499
f 5611 5501 5609
f 5502 5610 5500
f 5502 5612 5610
f 5611 5503 5501
f 5613 5503 5611
f 5504 5612 5502
f 5504 5614 5612
f 5613 5505 5503
f 5615 5505 5613
f 5506 5614 5504
f 5506 5616 5614
f 5615 5507 5505
f 5617 5507 5615
f 5508 5616 5506
f 5508 5618 5616
f 5617 5510 5507
f 5619 5510 5617
f 5511 5618 5508
f 5511 5620 5618
f 5619 5621 5510
f 5510 5621 5512
f 5513 5512 5621
f 5513 5621 5622
f 5623 5620 5511
f 5623 5511 5514
f 5514 5515 5623
f 5623 5515 5624
f 5625 5518 5519
f 5520 5626 5519
f 5519 5626 5625
f 5521 5627 5520
f 5520 5627 5626
f 5522 5627 5521
f 5622 5523 5513
f 5628 5523 5622
f 5629 5624 5515
f 5629 5515 5524
f 5630 5524 5525
f 5630 5629 5524
f 5631 5525 5526
f 5631 5630 5525
f 5632 5526 5527
f 5632 5631 5526
f 5633 5527 5528
f 5633 5632 5527
f 5634 5528 5529
f 5634 5633 5528
f 5635 5529 5530
f 5635 5634 5529
f 5636 5530 5531
f 5636 5635 5530
f 5637 5531 5532
f 5637 5636 5531
f 5638 5532 5533
f 5638 5637 5532
f 5639 5533 5534
f 5639 5638 5533
f 5640 5534 5535
f 5640 5639 5534
f 5641 5535 5536
f 5641 5640 5535
f 5536 5518 5625
f 5642 5536 5625
f 5641 5536 5642
f 5642 5625 5626
f 5642 5626 5643
f 5643 5626 5627
f 5643 5627 5644
f 5644 5627 5522
f 5537 5644 5522
f 5645 5644 5537
f 5537 5538 5645
f 5645 5538 5646
f 5628 5539 5523
f 5647 5539 5628
f 5540 5646 5538
f 5540 5648 5646
f 5647 5541 5539
f 5649 5541 5647
f 5652 5651 5650
f 5651 5648 5650
f 5648 5542 5650
f 5648 5540 5542
f 5649 5543 5541
f 5653 5543 5649
f 5652 5650 5654
f 5652 5654 5655
f 5544 5654 5542
f 5542 5654 5650
f 5653 5545 5543
f 5656 5545 5653
f 5655 5654 5657
f 5655 5657 5658
f 5546 5657 5544
f 5544 5657 5654
f 5656 5547 5545
f 5659 5547 5656
f 5660 5658 5657
f 5657 5546 5660
f 5546 5661 5660
f 5546 5548 5661
f 5659 5549 5547
f 5662 5549 5659
f 5550 5661 5548
f 5550 5663 5661
f 5662 5551 5549
f 5664 5551 5662
f 5665 5663 5550
f 5665 5550 5552
f 5552 5553 5665
f 5665 5553 5666
f 5668 5667 5555
f 5555 5667 5554
f 5555 5551 5664
f 5555 5664 5668
f 5556 5666 5553
f 5556 5669 5666
f 5667 5557 5554
f 5670 5557 5667
f 5671 5669 5556
f 5671 5556 5558
f 5558 5559 5671
f 5671 5559 5672
f 5674 5673 5561
f 5561 5673 5560
f 5561 5557 5670
f 5561 5670 5674
f 5675 5672 5559
f 5675 5559 5562
f 5562 5563 5675
f 5675 5563 5676
f 5678 5677 5566
f 5566 5677 5565
f 5679 5566 5567
f 5679 5678 5566
f 5680 5567 5568
f 5680 5679 5567
f 5568 5560 5673
f 5568 5673 5680
f 5681 5676 5563
f 5681 5563 5569
f 5682 5569 5570
f 5682 5681 5569
f 5683 5570 5571
f 5683 5682 5570
f 5684 5571 5572
f 5684 5683 5571
f 5572 5565 5677
f 5572 5677 5684
f 5686 5685 5573
f 5686 5573 5574
f 5573 5687 5575
f 5685 5687 5573
f 5575 5688 5576
f 5687 5688 5575
f 5576 5689 5577
f 5688 5689 5576
f 5577 5690 5578
f 5689 5690 5577
f 5578 5691 5579
f 5690 5691 5578
f 5579 5692 5580
f 5691 5692 5579
f 5580 5693 5581
f 5692 5693 5580
f 5581 5694 5582
f 5693 5694 5581
f 5582 5695 5583
f 5694 5695 5582
f 5583 5696 5584
f 5695 5696 5583
f 5584 5697 5585
f 5696 5697 5584
f 5585 5698 5586
f 5697 5698 5585
f 5586 5699 5587
f 5698 5699 5586
f 5587 5700 5588
f 5699 5700 5587
f 5588 5701 5589
f 5700 5701 5588
f 5589 5702 5590
f 5701 5702 5589
f 5590 5703 5591
f 5702 5703 5590
f 5591 5704 5592
f 5703 5704 5591
f 5592 5705 5593
f 5704 5705 5592
f 5593 5706 5594
f 5705 5706 5593
f 5594 5707 5595
f 5706 5707 5594
f 5595 5708 5596
f 5707 5708 5595
f 5596 5709 5597
f 5708 5709 5596
f 5597 5710 5598
f 5709 5710 5597
f 5598 5711 5599
f 5710 5711 5598
f 5599 5712 5600
f 5711 5712 5599
f 5600 5713 5601
f 5712 5713 5600
f 5602 5601 5713
f 5602 5713 5714
f 5716 5715 5603
f 5716 5603 5604
f 5574 5603 5686
f 5686 5603 5715
f 5714 5605 5602
f 5717 5605 5714
f 5606 5716 5604
f 5606 5718 5716
f 5717 5607 5605
f 5719 5607 5717
f 5608 5718 5606
f 5608 5720 5718
f 5719 5609 5607
f 5721 5609 5719
f 5610 5720 5608
f 5610 5722 5720
f 5721 5611 5609
f 5723 5611 5721
f 5612 5722 5610
f 5612 5724 5722
f 5723 5613 5611
f 5725 5613 5723
f 5614 5724 5612
f 5614 5726 5724
f 5725 5615 5613
f 5727 5615 5725
f 5616 5726 5614
f 5616 5728 5726
f 5727 5617 5615
f 5729 5617 5727
f 5618 5728 5616
f 5618 5730 5728
f 5729 5619 5617
f 5731 5619 5729
f 5620 5730 5618
f 5620 5732 5730
f 5621 5619 5733
f 5619 5734 5733
f 5619 5731 5734
f 5733 5622 5621
f 5735 5732 5620
f 5735 5620 5623
f 5623 5624 5735
f 5735 5624 5736
f 5734 5737 5733
f 5622 5733 5737
f 5738 5622 5737
f 5628 5622 5738
f 5739 5736 5624
f 5739 5624 5629
f 5740 5629 5630
f 5740 5739 5629
f 5742 5740 5741
f 5740 5631 5741
f 5740 5630 5631
f 5741 5631 5743
f 5631 5744 5743
f 5631 5632 5744
f 5745 5632 5633
f 5745 5744 5632
f 5746 5633 5634
f 5746 5745 5633
f 5747 5634 5635
f 5747 5746 5634
f 5748 5635 5636
f 5748 5747 5635
f 5749 5636 5637
f 5749 5748 5636
f 5750 5637 5638
f 5750 5749 5637
f 5751 5638 5639
f 5751 5750 5638
f 5752 5639 5640
f 5752 5751 5639
f 5753 5640 5641
f 5753 5752 5640
f 5754 5641 5642
f 5754 5753 5641
f 5755 5642 5643
f 5755 5754 5642
f 5757 5755 5756
f 5755 5644 5756
f 5755 5643 5644
f 5645 5758 5644
f 5644 5758 5756
f 5646 5758 5645
f 5738 5647 5628
f 5759 5647 5738
f 5762 5761 5760
f 5760 5764 5763
f 5760 5741 5764
f 5760 5761 5742
f 5741 5760 5742
f 5764 5741 5743
f 5757 5756 5765
f 5757 5765 5766
f 5767 5756 5758
f 5765 5756 5767
f 5648 5767 5646
f 5646 5767 5758
f 5759 5649 5647
f 5768 5649 5759
f 5769 5762 5760
f 5769 5760 5763
f 5772 5771 5770
f 5770 5771 5766
f 5765 5770 5766
f 5773 5770 5765
f 5652 5773 5651
f 5773 5767 5651
f 5773 5765 5767
f 5651 5767 5648
f 5768 5653 5649
f 5774 5653 5768
f 5775 5772 5770
f 5777 5776 5775
f 5770 5777 5775
f 5773 5777 5770
f 5655 5777 5652
f 5652 5777 5773
f 5774 5656 5653
f 5778 5656 5774
f 5776 5777 5779
f 5776 5779 5780
f 5658 5779 5655
f 5655 5779 5777
f 5778 5659 5656
f 5781 5659 5778
f 5782 5780 5779
f 5784 5782 5783
f 5783 5782 5660
f 5782 5779 5660
f 5779 5658 5660
f 5661 5783 5660
f 5781 5662 5659
f 5785 5662 5781
f 5784 5783 5786
f 5784 5786 5787
f 5663 5786 5661
f 5661 5786 5783
f 5785 5664 5662
f 5788 5664 5785
f 5789 5787 5786
f 5791 5789 5790
f 5790 5789 5665
f 5789 5786 5665
f 5786 5663 5665
f 5666 5790 5665
f 5793 5792 5668
f 5668 5792 5667
f 5668 5664 5788
f 5668 5788 5793
f 5794 5791 5790
f 5790 5666 5794
f 5666 5795 5794
f 5666 5669 5795
f 5792 5670 5667
f 5796 5670 5792
f 5797 5795 5669
f 5797 5669 5671
f 5671 5672 5797
f 5797 5672 5798
f 5800 5799 5674
f 5674 5799 5673
f 5674 5670 5796
f 5674 5796 5800
f 5801 5798 5672
f 5801 5672 5675
f 5675 5676 5801
f 5801 5676 5802
f 5805 5804 5803
f 5677 5678 5803
f 5678 5805 5803
f 5678 5806 5805
f 5807 5678 5679
f 5807 5806 5678
f 5808 5679 5680
f 5808 5807 5679
f 5680 5673 5799
f 5680 5799 5808
f 5809 5802 5676
f 5809 5676 5681
f 5810 5681 5682
f 5810 5809 5681
f 5811 5682 5683
f 5811 5810 5682
f 5684 5803 5804
f 5811 5684 5804
f 5683 5684 5811
f 5803 5684 5677
f 5813 5812 5685
f 5813 5685 5686
f 5685 5814 5687
f 5812 5814 5685
f 5687 5815 5688
f 5814 5815 5687
f 5688 5816 5689
f 5815 5816 5688
f 5689 5817 5690
f 5816 5817 5689
f 5690 5818 5691
f 5817 5818 5690
f 5691 5819 5692
f 5818 5819 5691
f 5692 5820 5693
f 5819 5820 5692
f 5693 5821 5694
f 5820 5821 5693
f 5694 5822 5695
f 5821 5822 5694
f 5695 5823 5696
f 5822 5823 5695
f 5696 5824 5697
f 5823 5824 5696
f 5697 5825 5698
f 5824 5825 5697
f 5698 5826 5699
f 5825 5826 5698
f 5699 5827 5700
f 5826 5827 5699
f 5700 5828 5701
f 5827 5828 5700
f 5701 5829 5702
f 5828 5829 5701
f 5702 5830 5703
f 5829 5830 5702
f 5703 5831 5704
f 5830 5831 5703
f 5704 5832 5705
f 5831 5832 5704
f 5705 5833 5706
f 5832 5833 5705
f 5706 5834 5707
f 5833 5834 5706
f 5707 5835 5708
f 5834 5835 5707
f 5708 5836 5709
f 5835 5836 5708
f 5709 5837 5710
f 5836 5837 5709
f 5710 5838 5711
f 5837 5838 5710
f 5711 5839 5712
f 5838 5839 5711
f 5712 5840 5713
f 5839 5840 5712
f 5714 5713 5840
f 5714 5840 5841
f 5843 5842 5715
f 5843 5715 5716
f 5686 5715 5813
f 5813 5715 5842
f 5841 5717 5714
f 5844 5717 5841
f 5718 5843 5716
f 5718 5845 5843
f 5844 5719 5717
f 5846 5719 5844
f 5720 5845 5718
f 5720 5847 5845
f 5846 5721 5719
f 5848 5721 5846
f 5722 5847 5720
f 5722 5849 5847
f 5848 5723 5721
f 5850 5723 5848
f 5724 5849 5722
f 5724 5851 5849
f 5850 5725 5723
f 5852 5725 5850
f 5726 5851 5724
f 5726 5853 5851
f 5852 5727 5725
f 5854 5727 5852
f 5728 5853 5726
f 5728 5855 5853
f 5854 5729 5727
f 5856 5729 5854
f 5730 5855 5728
f 5730 5857 5855
f 5856 5731 5729
f 5858 5731 5856
f 5732 5857 5730
f 5732 5859 5857
f 5858 5734 5731
f 5860 5734 5858
f 5861 5859 5732
f 5861 5732 5735
f 5735 5736 5861
f 5861 5736 5862
f 5860 5863 5734
f 5734 5863 5737
f 5738 5737 5863
f 5738 5863 5864
f 5736 5739 5865
f 5866 5736 5865
f 5862 5736 5866
f 5740 5867 5739
f 5739 5867 5865
f 5742 5867 5740
f 5868 5743 5744
f 5745 5869 5744
f 5744 5869 5868
f 5746 5870 5745
f 5745 5870 5869
f 5747 5871 5746
f 5746 5871 5870
f 5748 5872 5747
f 5747 5872 5871
f 5749 5873 5748
f 5748 5873 5872
f 5750 5874 5749
f 5749 5874 5873
f 5751 5875 5750
f 5750 5875 5874
f 5752 5876 5751
f 5751 5876 5875
f 5753 5877 5752
f 5752 5877 5876
f 5754 5878 5753
f 5753 5878 5877
f 5755 5879 5754
f 5754 5879 5878
f 5757 5879 5755
f 5864 5759 5738
f 5880 5759 5864
f 5883 5882 5881
f 5881 5882 5866
f 5865 5881 5866
f 5884 5881 5865
f 5762 5884 5761
f 5884 5867 5761
f 5884 5865 5867
f 5761 5867 5742
f 5885 5763 5764
f 5743 5868 5764
f 5868 5885 5764
f 5868 5886 5885
f 5887 5868 5869
f 5886 5868 5887
f 5888 5869 5870
f 5887 5869 5888
f 5889 5870 5871
f 5888 5870 5889
f 5890 5871 5872
f 5889 5871 5890
f 5891 5872 5873
f 5890 5872 5891
f 5892 5873 5874
f 5891 5873 5892
f 5893 5874 5875
f 5892 5874 5893
f 5894 5875 5876
f 5893 5875 5894
f 5895 5876 5877
f 5894 5876 5895
f 5896 5877 5878
f 5895 5877 5896
f 5897 5878 5879
f 5896 5878 5897
f 5766 5897 5757
f 5757 5897 5879
f 5880 5768 5759
f 5898 5768 5880
f 5883 5881 5899
f 5883 5899 5900
f 5901 5881 5884
f 5899 5881 5901
f 5769 5902 5762
f 5902 5884 5762
f 5902 5901 5884
f 5763 5885 5769
f 5885 5902 5769
f 5885 5903 5902
f 5904 5885 5886
f 5903 5885 5904
f 5905 5886 5887
f 5904 5886 5905
f 5906 5887 5888
f 5905 5887 5906
f 5907 5888 5889
f 5906 5888 5907
f 5908 5889 5890
f 5907 5889 5908
f 5909 5890 5891
f 5908 5890 5909
f 5910 5891 5892
f 5909 5891 5910
f 5911 5892 5893
f 5910 5892 5911
f 5912 5893 5894
f 5911 5893 5912
f 5913 5894 5895
f 5912 5894 5913
f 5914 5895 5896
f 5913 5895 5914
f 5772 5914 5771
f 5914 5897 5771
f 5914 5896 5897
f 5771 5897 5766
f 5898 5774 5768
f 5915 5774 5898
f 5900 5899 5916
f 5900 5916 5917
f 5918 5899 5901
f 5916 5899 5918
f 5919 5901 5902
f 5918 5901 5919
f 5920 5902 5903
f 5919 5902 5920
f 5921 5903 5904
f 5920 5903 5921
f 5922 5904 5905
f 5921 5904 5922
f 5923 5905 5906
f 5922 5905 5923
f 5924 5906 5907
f 5923 5906 5924
f 5925 5907 5908
f 5924 5907 5925
f 5926 5908 5909
f 5925 5908 5926
f 5927 5909 5910
f 5926 5909 5927
f 5928 5910 5911
f 5927 5910 5928
f 5929 5911 5912
f 5928 5911 5929
f 5930 5912 5913
f 5929 5912 5930
f 5931 5913 5914
f 5930 5913 5931
f 5775 5932 5772
f 5932 5914 5772
f 5932 5931 5914
f 5776 5932 5775
f 5915 5778 5774
f 5933 5778 5915
f 5934 5917 5916
f 5936 5935 5934
f 5916 5936 5934
f 5918 5936 5916
f 5937 5918 5919
f 5936 5918 5937
f 5938 5919 5920
f 5937 5919 5938
f 5939 5920 5921
f 5938 5920 5939
f 5940 5921 5922
f 5939 5921 5940
f 5941 5922 5923
f 5940 5922 5941
f 5942 5923 5924
f 5941 5923 5942
f 5943 5924 5925
f 5942 5924 5943
f 5944 5925 5926
f 5943 5925 5944
f 5945 5926 5927
f 5944 5926 5945
f 5946 5927 5928
f 5945 5927 5946
f 5947 5928 5929
f 5946 5928 5947
f 5948 5929 5930
f 5947 5929 5948
f 5949 5930 5931
f 5948 5930 5949
f 5950 5931 5932
f 5949 5931 5950
f 5780 5950 5776
f 5776 5950 5932
f 5933 5781 5778
f 5951 5781 5933
f 5935 5936 5952
f 5935 5952 5953
f 5954 5936 5937
f 5952 5936 5954
f 5955 5937 5938
f 5954 5937 5955
f 5956 5938 5939
f 5955 5938 5956
f 5957 5939 5940
f 5956 5939 5957
f 5958 5940 5941
f 5957 5940 5958
f 5959 5941 5942
f 5958 5941 5959
f 5960 5942 5943
f 5959 5942 5960
f 5961 5943 5944
f 5960 5943 5961
f 5962 5944 5945
f 5961 5944 5962
f 5963 5945 5946
f 5962 5945 5963
f 5964 5946 5947
f 5963 5946 5964
f 5965 5947 5948
f 5964 5947 5965
f 5966 5948 5949
f 5965 5948 5966
f 5967 5949 5950
f 5966 5949 5967
f 5782 5968 5780
f 5968 5950 5780
f 5968 5967 5950
f 5784 5968 5782
f 5951 5785 5781
f 5969 5785 5951
f 5970 5953 5952
f 5970 5952 5954
f 5970 5954 5971
f 5971 5954 5955
f 5971 5955 5972
f 5974 5973 5972
f 5955 5974 5972
f 5956 5974 5955
f 5975 5956 5957
f 5974 5956 5975
f 5976 5957 5958
f 5975 5957 5976
f 5977 5958 5959
f 5976 5958 5977
f 5978 5959 5960
f 5977 5959 5978
f 5979 5960 5961
f 5978 5960 5979
f 5980 5961 5962
f 5979 5961 5980
f 5981 5962 5963
f 5980 5962 5981
f 5982 5963 5964
f 5981 5963 5982
f 5983 5964 5965
f 5982 5964 5983
f 5984 5965 5966
f 5983 5965 5984
f 5985 5966 5967
f 5984 5966 5985
f 5986 5967 5968
f 5985 5967 5986
f 5787 5986 5784
f 5784 5986 5968
f 5989 5988 5987
f 5969 5989 5987
f 5788 5969 5987
f 5785 5969 5788
f 5990 5973 5974
f 5990 5974 5975
f 5990 5975 5991
f 5991 5975 5976
f 5991 5976 5992
f 5992 5976 5977
f 5992 5977 5993
f 5993 5977 5978
f 5993 5978 5994
f 5994 5978 5979
f 5994 5979 5995
f 5995 5979 5980
f 5995 5980 5996
f 5996 5980 5981
f 5996 5981 5997
f 5997 5981 5982
f 5997 5982 5998
f 5998 5982 5983
f 5998 5983 5999
f 6001 6000 5999
f 5983 6001 5999
f 5984 6001 5983
f 6002 5984 5985
f 6001 5984 6002
f 6003 5985 5986
f 6002 5985 6003
f 5789 6004 5787
f 6004 5986 5787
f 6004 6003 5986
f 5791 6004 5789
f 5987 5988 5793
f 5988 5792 5793
f 5988 6005 5792
f 5987 5793 5788
f 6006 6000 6001
f 6006 6001 6002
f 6006 6002 6007
f 6007 6002 6003
f 6007 6003 6008
f 6008 6003 6004
f 6008 6004 6009
f 6009 6004 5791
f 5794 6009 5791
f 6010 6009 5794
f 5794 5795 6010
f 6010 5795 6011
f 6005 5796 5792
f 6012 5796 6005
f 5795 5797 6013
f 6014 5795 6013
f 6011 5795 6014
f 5798 6013 5797
f 6016 6015 5800
f 5800 6015 5799
f 5800 5796 6012
f 5800 6012 6016
f 6017 6014 6013
f 6017 6013 5798
f 5801 6017 5798
f 6018 6017 5801
f 6020 6019 5802
f 6019 5801 5802
f 6019 6018 5801
f 6020 6021 6019
f 6024 6023 6022
f 5804 5805 6022
f 5805 6024 6022
f 5805 6025 6024
f 6026 5805 5806
f 6026 6025 5805
f 6027 5806 5807
f 6027 6026 5806
f 6028 5807 5808
f 6028 6027 5807
f 5808 5799 6015
f 5808 6015 6028
f 5809 6020 5802
f 6029 6021 6020
f 5809 6029 6020
f 5810 6029 5809
f 5811 6022 6023
f 6029 5811 6023
f 5810 5811 6029
f 6022 5811 5804
f 6031 6030 5812
f 6031 5812 5813
f 5812 6032 5814
f 6030 6032 5812
f 5814 6033 5815
f 6032 6033 5814
f 5815 6034 5816
f 6033 6034 5815
f 5816 6035 5817
f 6034 6035 5816
f 5817 6036 5818
f 6035 6036 5817
f 5818 6037 5819
f 6036 6037 5818
f 5819 6038 5820
f 6037 6038 5819
f 5820 6039 5821
f 6038 6039 5820
f 5821 6040 5822
f 6039 6040 5821
f 5822 6041 5823
f 6040 6041 5822
f 5823 6042 5824
f 6041 6042 5823
f 5824 6043 5825
f 6042 6043 5824
f 5825 6044 5826
f 6043 6044 5825
f 5826 6045 5827
f 6044 6045 5826
f 5827 6046 5828
f 6045 6046 5827
f 5828 6047 5829
f 6046 6047 5828
f 5829 6048 5830
f 6047 6048 5829
f 5830 6049 5831
f 6048 6049 5830
f 5831 6050 5832
f 6049 6050 5831
f 5832 6051 5833
f 6050 6051 5832
f 5833 6052 5834
f 6051 6052 5833
f 5834 6053 5835
f 6052 6053 5834
f 5835 6054 5836
f 6053 6054 5835
f 5836 6055 5837
f 6054 6055 5836
f 5837 6056 5838
f 6055 6056 5837
f 5838 6057 5839
f 6056 6057 5838
f 5839 6058 5840
f 6057 6058 5839
f 5841 5840 6058
f 5841 6058 6059
f 6061 6060 5842
f 6061 5842 5843
f 5813 5842 6031
f 6031 5842 6060
f 6059 5844 5841
f 6062 5844 6059
f 5845 6061 5843
f 5845 6063 6061
f 6062 5846 5844
f 6064 5846 6062
f 5847 6063 5845
f 5847 6065 6063
f 6064 5848 5846
f 6066 5848 6064
f 5849 6065 5847
f 5849 6067 6065
f 6066 5850 5848
f 6068 5850 6066
f 5851 6067 5849
f 5851 6069 6067
f 6068 5852 5850
f 6070 5852 6068
f 5853 6069 5851
f 5853 6071 6069
f 6070 5854 5852
f 6072 5854 6070
f 5855 6071 5853
f 5855 6073 6071
f 6072 5856 5854
f 6074 5856 6072
f 5857 6073 5855
f 5857 6075 6073
f 6074 5858 5856
f 6076 5858 6074
f 5859 6075 5857
f 5859 6077 6075
f 6076 5860 5858
f 6078 5860 6076
f 5859 5861 6079
f 6080 5859 6079
f 6077 5859 6080
f 5862 6079 5861
f 6078 6081 5860
f 5860 6081 5863
f 5864 5863 6081
f 5864 6081 6082
f 6080 6079 6083
f 6080 6083 6084
f 5866 6083 5862
f 5862 6083 6079
f 6082 5880 5864
f 6085 5880 6082
f 6084 6083 5882
f 5883 6084 5882
f 6086 6084 5883
f 5882 6083 5866
f 6085 5898 5880
f 6087 5898 6085
f 5900 6086 5883
f 5900 6088 6086
f 6087 5915 5898
f 6089 5915 6087
f 5917 6088 5900
f 5917 6090 6088
f 6089 5933 5915
f 6091 5933 6089
f 5917 5934 6092
f 6093 5917 6092
f 6090 5917 6093
f 5935 6092 5934
f 6091 5951 5933
f 6094 5951 6091
f 6093 6092 6095
f 6093 6095 6096
f 5953 6095 5935
f 5935 6095 6092
f 6094 5969 5951
f 6097 5969 6094
f 6098 6096 6095
f 6100 6098 6099
f 6099 6098 5970
f 6098 6095 5970
f 6095 5953 5970
f 5971 6101 5970
f 5970 6101 6099
f 5972 6102 5971
f 5971 6102 6101
f 5973 6102 5972
f 6104 6103 5989
f 5989 6103 5988
f 5989 5969 6097
f 5989 6097 6104
f 6105 6100 6099
f 6105 6099 6101
f 6105 6101 6106
f 6106 6101 6102
f 6106 6102 6107
f 6109 6107 6108
f 6108 6107 5990
f 6107 6102 5990
f 6102 5973 5990
f 5991 6110 5990
f 5990 6110 6108
f 5992 6111 5991
f 5991 6111 6110
f 5993 6112 5992
f 5992 6112 6111
f 5994 6113 5993
f 5993 6113 6112
f 5995 6114 5994
f 5994 6114 6113
f 5996 6115 5995
f 5995 6115 6114
f 5997 6116 5996
f 5996 6116 6115
f 5998 6117 5997
f 5997 6117 6116
f 5999 6118 5998
f 5998 6118 6117
f 6000 6118 5999
f 6103 6005 5988
f 6119 6005 6103
f 6120 6109 6108
f 6120 6108 6110
f 6120 6110 6121
f 6121 6110 6111
f 6121 6111 6122
f 6122 6111 6112
f 6122 6112 6123
f 6123 6112 6113
f 6123 6113 6124
f 6124 6113 6114
f 6124 6114 6125
f 6125 6114 6115
f 6125 6115 6126
f 6126 6115 6116
f 6126 6116 6127
f 6127 6116 6117
f 6127 6117 6128
f 6130 6129 6128
f 6117 6130 6128
f 6118 6130 6117
f 6006 6131 6000
f 6131 6118 6000
f 6131 6130 6118
f 6007 6132 6006
f 6006 6132 6131
f 6008 6133 6007
f 6007 6133 6132
f 6009 6134 6008
f 6008 6134 6133
f 6010 6135 6009
f 6009 6135 6134
f 6011 6135 6010
f 6119 6012 6005
f 6136 6012 6119
f 6137 6129 6130
f 6137 6130 6131
f 6137 6131 6138
f 6138 6131 6132
f 6138 6132 6139
f 6139 6132 6133
f 6139 6133 6140
f 6140 6133 6134
f 6140 6134 6141
f 6141 6134 6135
f 6141 6135 6142
f 6135 6011 6142
f 6011 6143 6142
f 6011 6014 6143
f 6145 6144 6016
f 6016 6144 6015
f 6016 6012 6136
f 6016 6136 6145
f 6146 6143 6014
f 6146 6014 6017
f 6147 6017 6018
f 6147 6146 6017
f 6148 6018 6019
f 6148 6147 6018
f 6150 6149 6021
f 6149 6019 6021
f 6149 6148 6019
f 6023 6024 6150
f 6024 6149 6150
f 6024 6151 6149
f 6152 6024 6025
f 6152 6151 6024
f 6153 6025 6026
f 6153 6152 6025
f 6154 6026 6027
f 6154 6153 6026
f 6155 6027 6028
f 6155 6154 6027
f 6028 6015 6144
f 6028 6144 6155
f 6029 6150 6021
f 6150 6029 6023
f 6157 6156 6030
f 6157 6030 6031
f 6030 6158 6032
f 6156 6158 6030
f 6032 6159 6033
f 6158 6159 6032
f 6033 6160 6034
f 6159 6160 6033
f 6034 6161 6035
f 6160 6161 6034
f 6035 6162 6036
f 6161 6162 6035
f 6036 6163 6037
f 6162 6163 6036
f 6037 6164 6038
f 6163 6164 6037
f 6038 6165 6039
f 6164 6165 6038
f 6039 6166 6040
f 6165 6166 6039
f 6040 6167 6041
f 6166 6167 6040
f 6041 6168 6042
f 6167 6168 6041
f 6042 6169 6043
f 6168 6169 6042
f 6043 6170 6044
f 6169 6170 6043
f 6044 6171 6045
f 6170 6171 6044
f 6045 6172 6046
f 6171 6172 6045
f 6046 6173 6047
f 6172 6173 6046
f 6047 6174 6048
f 6173 6174 6047
f 6048 6175 6049
f 6174 6175 6048
f 6049 6176 6050
f 6175 6176 6049
f 6050 6177 6051
f 6176 6177 6050
f 6051 6178 6052
f 6177 6178 6051
f 6052 6179 6053
f 6178 6179 6052
f 6053 6180 6054
f 6179 6180 6053
f 6054 6181 6055
f 6180 6181 6054
f 6055 6182 6056
f 6181 6182 6055
f 6056 6183 6057
f 6182 6183 6056
f 6057 6184 6058
f 6183 6184 6057
f 6059 6058 6184
f 6059 6184 6185
f 6187 6186 6060
f 6187 6060 6061
f 6031 6060 6157
f 6157 6060 6186
f 6185 6062 6059
f 6188 6062 6185
f 6063 6187 6061
f 6063 6189 6187
f 6188 6064 6062
f 6190 6064 6188
f 6065 6189 6063
f 6065 6191 6189
f 6190 6066 6064
f 6192 6066 6190
f 6067 6191 6065
f 6067 6193 6191
f 6192 6068 6066
f 6194 6068 6192
f 6069 6193 6067
f 6069 6195 6193
f 6194 6070 6068
f 6196 6070 6194
f 6071 6195 6069
f 6071 6197 6195
f 6196 6072 6070
f 6198 6072 6196
f 6073 6197 6071
f 6073 6199 6197
f 6198 6074 6072
f 6200 6074 6198
f 6075 6199 6073
f 6075 6201 6199
f 6200 6076 6074
f 6202 6076 6200
f 6077 6201 6075
f 6077 6203 6201
f 6202 6078 6076
f 6204 6078 6202
f 6080 6203 6077
f 6080 6205 6203
f 6204 6206 6078
f 6078 6206 6081
f 6082 6081 6206
f 6082 6206 6207
f 6084 6205 6080
f 6084 6208 6205
f 6207 6085 6082
f 6209 6085 6207
f 6086 6208 6084
f 6086 6210 6208
f 6209 6087 6085
f 6211 6087 6209
f 6088 6210 6086
f 6088 6212 6210
f 6211 6089 6087
f 6213 6089 6211
f 6090 6212 6088
f 6090 6214 6212
f 6213 6091 6089
f 6215 6091 6213
f 6093 6214 6090
f 6093 6216 6214
f 6219 6218 6217
f 6215 6219 6217
f 6094 6215 6217
f 6091 6215 6094
f 6096 6216 6093
f 6096 6220 6216
f 6217 6218 6221
f 6221 6218 6222
f 6221 6097 6094
f 6221 6094 6217
f 6223 6220 6096
f 6223 6096 6098
f 6098 6100 6223
f 6223 6100 6224
f 6221 6222 6104
f 6222 6103 6104
f 6222 6225 6103
f 6221 6104 6097
f 6226 6224 6100
f 6226 6100 6105
f 6228 6226 6227
f 6226 6106 6227
f 6226 6105 6106
f 6107 6229 6106
f 6106 6229 6227
f 6109 6229 6107
f 6225 6119 6103
f 6230 6119 6225
f 6231 6228 6227
f 6231 6227 6229
f 6231 6229 6232
f 6232 6229 6109
f 6120 6232 6109
f 6233 6232 6120
f 6234 6120 6121
f 6234 6233 6120
f 6235 6121 6122
f 6235 6234 6121
f 6236 6122 6123
f 6236 6235 6122
f 6237 6123 6124
f 6237 6236 6123
f 6238 6124 6125
f 6238 6237 6124
f 6240 6238 6239
f 6238 6126 6239
f 6238 6125 6126
f 6127 6241 6126
f 6126 6241 6239
f 6128 6242 6127
f 6127 6242 6241
f 6129 6242 6128
f 6230 6136 6119
f 6243 6136 6230
f 6244 6240 6239
f 6244 6239 6241
f 6244 6241 6245
f 6245 6241 6242
f 6245 6242 6246
f 6246 6242 6129
f 6137 6246 6129
f 6247 6246 6137
f 6248 6137 6138
f 6248 6247 6137
f 6249 6138 6139
f 6249 6248 6138
f 6250 6139 6140
f 6250 6249 6139
f 6251 6140 6141
f 6251 6250 6140
f 6252 6141 6142
f 6252 6251 6141
f 6254 6253 6143
f 6253 6142 6143
f 6253 6252 6142
f 6254 6255 6253
f 6258 6257 6256
f 6144 6145 6256
f 6145 6258 6256
f 6145 6259 6258
f 6145 6136 6243
f 6145 6243 6259
f 6146 6254 6143
f 6260 6255 6254
f 6146 6260 6254
f 6147 6260 6146
f 6261 6147 6148
f 6261 6260 6147
f 6262 6148 6149
f 6262 6261 6148
f 6263 6149 6151
f 6263 6262 6149
f 6264 6151 6152
f 6264 6263 6151
f 6265 6152 6153
f 6265 6264 6152
f 6266 6153 6154
f 6266 6265 6153
f 6155 6256 6257
f 6266 6155 6257
f 6154 6155 6266
f 6256 6155 6144
f 6268 6267 6156
f 6268 6156 6157
f 6156 6269 6158
f 6267 6269 6156
f 6158 6270 6159
f 6269 6270 6158
f 6159 6271 6160
f 6270 6271 6159
f 6160 6272 6161
f 6271 6272 6160
f 6161 6273 6162
f 6272 6273 6161
f 6162 6274 6163
f 6273 6274 6162
f 6163 6275 6164
f 6274 6275 6163
f 6164 6276 6165
f 6275 6276 6164
f 6165 6277 6166
f 6276 6277 6165
f 6166 6278 6167
f 6277 6278 6166
f 6167 6279 6168
f 6278 6279 6167
f 6168 6280 6169
f 6279 6280 6168
f 6169 6281 6170
f 6280 6281 6169
f 6170 6282 6171
f 6281 6282 6170
f 6171 6283 6172
f 6282 6283 6171
f 6172 6284 6173
f 6283 6284 6172
f 6173 6285 6174
f 6284 6285 6173
f 6174 6286 6175
f 6285 6286 6174
f 6175 6287 6176
f 6286 6287 6175
f 6176 6288 6177
f 6287 6288 6176
f 6177 6289 6178
f 6288 6289 6177
f 6178 6290 6179
f 6289 6290 6178
f 6179 6291 6180
f 6290 6291 6179
f 6180 6292 6181
f 6291 6292 6180
f 6181 6293 6182
f 6292 6293 6181
f 6182 6294 6183
f 6293 6294 6182
f 6183 6295 6184
f 6294 6295 6183
f 6185 6184 6295
f 6185 6295 6296
f 6298 6297 6186
f 6298 6186 6187
f 6157 6186 6268
f 6268 6186 6297
f 6296 6188 6185
f 6299 6188 6296
f 6189 6298 6187
f 6189 6300 6298
f 6299 6190 6188
f 6301 6190 6299
f 6191 6303 6302
f 6300 6191 6302
f 6189 6191 6300
f 6303 6304 6302
f 6301 6192 6190
f 6305 6192 6301
f 6307 6306 6303
f 6191 6307 6303
f 6193 6307 6191
f 6303 6306 6304
f 6305 6194 6192
f 6308 6194 6305
f 6195 6307 6193
f 6195 6309 6307
f 6308 6196 6194
f 6310 6196 6308
f 6197 6309 6195
f 6197 6311 6309
f 6310 6198 6196
f 6312 6198 6310
f 6199 6311 6197
f 6199 6313 6311
f 6312 6200 6198
f 6314 6200 6312
f 6201 6313 6199
f 6201 6315 6313
f 6314 6202 6200
f 6316 6202 6314
f 6203 6315 6201
f 6203 6317 6315
f 6316 6204 6202
f 6318 6204 6316
f 6205 6317 6203
f 6205 6319 6317
f 6206 6204 6320
f 6204 6321 6320
f 6204 6318 6321
f 6320 6207 6206
f 6208 6319 6205
f 6208 6322 6319
f 6320 6321 6323
f 6323 6321 6324
f 6323 6209 6207
f 6323 6207 6320
f 6210 6322 6208
f 6210 6325 6322
f 6323 6324 6326
f 6326 6324 6327
f 6326 6211 6209
f 6326 6209 6323
f 6212 6325 6210
f 6212 6328 6325
f 6326 6327 6329
f 6329 6327 6330
f 6329 6213 6211
f 6329 6211 6326
f 6214 6328 6212
f 6214 6331 6328
f 6329 6330 6332
f 6332 6330 6333
f 6332 6215 6213
f 6332 6213 6329
f 6216 6331 6214
f 6216 6334 6331
f 6332 6333 6219
f 6333 6218 6219
f 6333 6335 6218
f 6332 6219 6215
f 6220 6334 6216
f 6220 6336 6334
f 6335 6222 6218
f 6337 6222 6335
f 6338 6336 6220
f 6338 6220 6223
f 6223 6224 6338
f 6338 6224 6339
f 6337 6225 6222
f 6340 6225 6337
f 6341 6339 6224
f 6341 6224 6226
f 6226 6228 6341
f 6341 6228 6342
f 6340 6230 6225
f 6343 6230 6340
f 6344 6342 6228
f 6344 6228 6231
f 6345 6231 6232
f 6345 6344 6231
f 6346 6232 6233
f 6346 6345 6232
f 6347 6233 6234
f 6347 6346 6233
f 6348 6234 6235
f 6348 6347 6234
f 6349 6235 6236
f 6349 6348 6235
f 6350 6236 6237
f 6350 6349 6236
f 6351 6237 6238
f 6351 6350 6237
f 6238 6240 6351
f 6351 6240 6352
f 6355 6354 6353
f 6343 6355 6353
f 6243 6343 6353
f 6230 6343 6243
f 6356 6352 6240
f 6356 6240 6244
f 6357 6244 6245
f 6357 6356 6244
f 6358 6245 6246
f 6358 6357 6245
f 6359 6246 6247
f 6359 6358 6246
f 6360 6247 6248
f 6360 6359 6247
f 6361 6248 6249
f 6361 6360 6248
f 6362 6249 6250
f 6362 6361 6249
f 6363 6250 6251
f 6363 6362 6250
f 6364 6251 6252
f 6364 6363 6251
f 6365 6252 6253
f 6365 6364 6252
f 6367 6366 6255
f 6366 6253 6255
f 6366 6365 6253
f 6369 6368 6367
f 6367 6368 6366
f 6369 6370 6368
f 6373 6372 6371
f 6375 6374 6371
f 6371 6374 6373
f 6257 6258 6375
f 6258 6374 6375
f 6258 6376 6374
f 6259 6353 6354
f 6376 6259 6354
f 6258 6259 6376
f 6353 6259 6243
f 6260 6367 6255
f 6367 6260 6261
f 6367 6261 6369
f 6377 6370 6369
f 6261 6377 6369
f 6262 6377 6261
f 6378 6262 6263
f 6378 6377 6262
f 6379 6263 6264
f 6379 6378 6263
f 6265 6371 6372
f 6379 6265 6372
f 6264 6265 6379
f 6371 6265 6266
f 6371 6266 6375
f 6375 6266 6257
f 6268 6380 6267
f 6267 6380 6381
f 6382 6267 6381
f 6269 6267 6382
f 6269 6383 6270
f 6382 6383 6269
f 6270 6384 6271
f 6383 6384 6270
f 6271 6385 6272
f 6384 6385 6271
f 6272 6386 6273
f 6385 6386 6272
f 6273 6387 6274
f 6386 6387 6273
f 6274 6388 6275
f 6387 6388 6274
f 6275 6389 6276
f 6388 6389 6275
f 6389 6391 6390
f 6277 6389 6390
f 6276 6389 6277
f 6392 6278 6277
f 6392 6277 6390
f 6393 6279 6278
f 6393 6278 6392
f 6394 6280 6279
f 6394 6279 6393
f 6395 6281 6280
f 6395 6280 6394
f 6396 6282 6281
f 6396 6281 6395
f 6397 6283 6282
f 6397 6282 6396
f 6398 6284 6283
f 6398 6283 6397
f 6399 6285 6284
f 6399 6284 6398
f 6400 6286 6285
f 6400 6285 6399
f 6401 6287 6286
f 6401 6286 6400
f 6402 6288 6287
f 6402 6287 6401
f 6403 6289 6288
f 6403 6288 6402
f 6404 6290 6289
f 6404 6289 6403
f 6405 6291 6290
f 6405 6290 6404
f 6406 6292 6291
f 6406 6291 6405
f 6407 6293 6292
f 6407 6292 6406
f 6408 6294 6293
f 6408 6293 6407
f 6409 6295 6294
f 6409 6294 6408
f 6409 6296 6295
f 6298 6410 6297
f 6410 6411 6297
f 6297 6411 6268
f 6411 6412 6268
f 6412 6380 6268
f 6380 6412 6381
f 6391 6413 6390
f 6390 6413 6392
f 6392 6413 6414
f 6392 6414 6393
f 6393 6414 6415
f 6393 6415 6394
f 6394 6415 6416
f 6394 6416 6395
f 6395 6416 6417
f 6395 6417 6396
f 6396 6417 6418
f 6396 6418 6397
f 6397 6418 6419
f 6397 6419 6398
f 6398 6419 6420
f 6398 6420 6399
f 6399 6420 6421
f 6399 6421 6400
f 6400 6421 6422
f 6400 6422 6401
f 6401 6422 6423
f 6401 6423 6402
f 6402 6423 6424
f 6402 6424 6403
f 6403 6424 6425
f 6403 6425 6404
f 6404 6425 6426
f 6404 6426 6405
f 6405 6426 6427
f 6405 6427 6406
f 6406 6427 6428
f 6406 6428 6407
f 6407 6428 6429
f 6407 6429 6408
f 6408 6429 6430
f 6408 6430 6409
f 6409 6430 6431
f 6296 6409 6431
f 6432 6296 6431
f 6299 6296 6432
f 6300 6433 6410
f 6300 6410 6298
f 6411 6410 6434
f 6434 6410 6433
f 6432 6301 6299
f 6435 6301 6432
f 6302 6433 6300
f 6302 6304 6433
f 6304 6434 6433
f 6304 6436 6434
f 6435 6305 6301
f 6437 6305 6435
f 6307 6438 6306
f 6438 6439 6306
f 6439 6304 6306
f 6439 6436 6304
f 6437 6308 6305
f 6440 6308 6437
f 6309 6441 6438
f 6309 6438 6307
f 6439 6438 6442
f 6442 6438 6441
f 6440 6310 6308
f 6443 6310 6440
f 6311 6444 6441
f 6311 6441 6309
f 6442 6441 6445
f 6445 6441 6444
f 6443 6312 6310
f 6446 6312 6443
f 6313 6447 6444
f 6313 6444 6311
f 6445 6444 6448
f 6448 6444 6447
f 6446 6314 6312
f 6449 6314 6446
f 6315 6450 6447
f 6315 6447 6313
f 6448 6447 6451
f 6451 6447 6450
f 6449 6316 6314
f 6452 6316 6449
f 6317 6453 6450
f 6317 6450 6315
f 6451 6450 6454
f 6454 6450 6453
f 6452 6318 6316
f 6455 6318 6452
f 6319 6456 6453
f 6319 6453 6317
f 6454 6453 6457
f 6457 6453 6456
f 6455 6321 6318
f 6458 6321 6455
f 6322 6459 6456
f 6322 6456 6319
f 6457 6456 6460
f 6460 6456 6459
f 6458 6324 6321
f 6461 6324 6458
f 6463 6462 6459
f 6322 6463 6459
f 6325 6463 6322
f 6459 6462 6460
f 6461 6327 6324
f 6464 6327 6461
f 6328 6463 6325
f 6328 6465 6463
f 6464 6330 6327
f 6466 6330 6464
f 6331 6465 6328
f 6331 6467 6465
f 6466 6333 6330
f 6468 6333 6466
f 6334 6467 6331
f 6334 6469 6467
f 6468 6335 6333
f 6470 6335 6468
f 6336 6469 6334
f 6336 6471 6469
f 6470 6337 6335
f 6472 6337 6470
f 6473 6471 6336
f 6473 6336 6338
f 6338 6339 6473
f 6473 6339 6474
f 6477 6476 6475
f 6472 6477 6475
f 6340 6472 6475
f 6337 6472 6340
f 6478 6474 6339
f 6478 6339 6341
f 6480 6479 6342
f 6479 6341 6342
f 6479 6478 6341
f 6482 6481 6480
f 6480 6481 6479
f 6482 6483 6481
f 6486 6485 6484
f 6488 6487 6484
f 6484 6487 6486
f 6490 6489 6488
f 6488 6489 6487
f 6492 6491 6490
f 6490 6491 6489
f 6492 6493 6491
f 6475 6476 6494
f 6494 6476 6495
f 6494 6343 6340
f 6494 6340 6475
f 6344 6480 6342
f 6480 6344 6345
f 6480 6345 6482
f 6496 6483 6482
f 6345 6496 6482
f 6346 6496 6345
f 6497 6346 6347
f 6497 6496 6346
f 6498 6347 6348
f 6498 6497 6347
f 6499 6348 6349
f 6499 6498 6348
f 6500 6349 6350
f 6500 6499 6349
f 6501 6350 6351
f 6501 6500 6350
f 6503 6502 6352
f 6502 6351 6352
f 6502 6501 6351
f 6505 6504 6503
f 6503 6504 6502
f 6507 6506 6505
f 6505 6506 6504
f 6509 6508 6507
f 6507 6508 6506
f 6511 6510 6509
f 6509 6510 6508
f 6513 6512 6511
f 6511 6512 6510
f 6515 6514 6513
f 6513 6514 6512
f 6514 6515 6485
f 6515 6484 6485
f 6515 6516 6484
f 6484 6517 6488
f 6484 6516 6517
f 6488 6518 6490
f 6488 6517 6518
f 6490 6519 6492
f 6490 6518 6519
f 6493 6492 6520
f 6492 6521 6520
f 6492 6519 6521
f 6523 6522 6521
f 6521 6522 6520
f 6525 6524 6523
f 6523 6524 6522
f 6527 6526 6525
f 6525 6526 6524
f 6529 6528 6527
f 6527 6528 6526
f 6531 6530 6529
f 6529 6530 6528
f 6533 6532 6531
f 6531 6532 6530
f 6532 6533 6495
f 6495 6533 6494
f 6533 6354 6494
f 6354 6355 6494
f 6494 6355 6343
f 6356 6503 6352
f 6503 6356 6357
f 6503 6357 6505
f 6505 6357 6358
f 6505 6358 6507
f 6507 6358 6359
f 6507 6359 6509
f 6509 6359 6360
f 6509 6360 6511
f 6511 6360 6361
f 6511 6361 6513
f 6513 6361 6362
f 6513 6362 6515
f 6515 6362 6363
f 6515 6363 6516
f 6516 6363 6364
f 6516 6364 6517
f 6517 6364 6365
f 6517 6365 6518
f 6518 6365 6366
f 6518 6366 6519
f 6519 6366 6368
f 6519 6368 6521
f 6521 6368 6370
f 6534 6521 6370
f 6523 6521 6534
f 6523 6535 6525
f 6523 6534 6535
f 6525 6536 6527
f 6525 6535 6536
f 6536 6372 6373
f 6529 6536 6373
f 6527 6536 6529
f 6529 6373 6374
f 6529 6374 6531
f 6531 6374 6376
f 6531 6376 6533
f 6533 6376 6354
f 6377 6534 6370
f 6534 6377 6378
f 6534 6378 6535
f 6535 6378 6379
f 6535 6379 6536
f 6536 6379 6372
f 6381 6537 6382
f 6538 6383 6382
f 6538 6382 6537
f 6539 6384 6383
f 6539 6383 6538
f 6540 6385 6384
f 6540 6384 6539
f 6541 6386 6385
f 6541 6385 6540
f 6542 6387 6386
f 6542 6386 6541
f 6543 6388 6387
f 6543 6387 6542
f 6544 6389 6388
f 6544 6388 6543
f 6544 6391 6389
f 6411 6545 6412
f 6537 6381 6412
f 6545 6537 6412
f 6546 6537 6545
f 6537 6547 6538
f 6537 6546 6547
f 6538 6548 6539
f 6538 6547 6548
f 6539 6549 6540
f 6539 6548 6549
f 6540 6550 6541
f 6540 6549 6550
f 6541 6551 6542
f 6541 6550 6551
f 6542 6552 6543
f 6542 6551 6552
f 6543 6553 6544
f 6543 6552 6553
f 6554 6413 6391
f 6544 6554 6391
f 6553 6554 6544
f 6555 6414 6413
f 6555 6413 6554
f 6556 6415 6414
f 6556 6414 6555
f 6557 6416 6415
f 6557 6415 6556
f 6558 6417 6416
f 6558 6416 6557
f 6559 6418 6417
f 6559 6417 6558
f 6560 6419 6418
f 6560 6418 6559
f 6561 6420 6419
f 6561 6419 6560
f 6562 6421 6420
f 6562 6420 6561
f 6563 6422 6421
f 6563 6421 6562
f 6564 6423 6422
f 6564 6422 6563
f 6565 6424 6423
f 6565 6423 6564
f 6566 6425 6424
f 6566 6424 6565
f 6567 6426 6425
f 6567 6425 6566
f 6568 6427 6426
f 6568 6426 6567
f 6569 6428 6427
f 6569 6427 6568
f 6570 6429 6428
f 6570 6428 6569
f 6571 6430 6429
f 6571 6429 6570
f 6572 6431 6430
f 6572 6430 6571
f 6572 6432 6431
f 6434 6573 6545
f 6434 6545 6411
f 6545 6574 6546
f 6545 6573 6574
f 6546 6575 6547
f 6546 6574 6575
f 6547 6576 6548
f 6547 6575 6576
f 6548 6577 6549
f 6548 6576 6577
f 6549 6578 6550
f 6549 6577 6578
f 6550 6579 6551
f 6550 6578 6579
f 6551 6580 6552
f 6551 6579 6580
f 6552 6581 6553
f 6552 6580 6581
f 6553 6582 6554
f 6553 6581 6582
f 6554 6583 6555
f 6554 6582 6583
f 6555 6584 6556
f 6555 6583 6584
f 6556 6585 6557
f 6556 6584 6585
f 6557 6586 6558
f 6557 6585 6586
f 6558 6587 6559
f 6558 6586 6587
f 6559 6588 6560
f 6559 6587 6588
f 6560 6589 6561
f 6560 6588 6589
f 6561 6590 6562
f 6561 6589 6590
f 6562 6591 6563
f 6562 6590 6591
f 6563 6592 6564
f 6563 6591 6592
f 6564 6593 6565
f 6564 6592 6593
f 6565 6594 6566
f 6565 6593 6594
f 6566 6595 6567
f 6566 6594 6595
f 6567 6596 6568
f 6567 6595 6596
f 6568 6597 6569
f 6568 6596 6597
f 6569 6598 6570
f 6569 6597 6598
f 6570 6599 6571
f 6570 6598 6599
f 6571 6600 6572
f 6571 6599 6600
f 6600 6435 6432
f 6600 6432 6572
f 6436 6601 6573
f 6436 6573 6434
f 6573 6602 6574
f 6573 6601 6602
f 6574 6603 6575
f 6574 6602 6603
f 6575 6604 6576
f 6575 6603 6604
f 6576 6605 6577
f 6576 6604 6605
f 6577 6606 6578
f 6577 6605 6606
f 6578 6607 6579
f 6578 6606 6607
f 6579 6608 6580
f 6579 6607 6608
f 6580 6609 6581
f 6580 6608 6609
f 6581 6610 6582
f 6581 6609 6610
f 6582 6611 6583
f 6582 6610 6611
f 6583 6612 6584
f 6583 6611 6612
f 6584 6613 6585
f 6584 6612 6613
f 6585 6614 6586
f 6585 6613 6614
f 6586 6615 6587
f 6586 6614 6615
f 6587 6616 6588
f 6587 6615 6616
f 6588 6617 6589
f 6588 6616 6617
f 6589 6618 6590
f 6589 6617 6618
f 6590 6619 6591
f 6590 6618 6619
f 6591 6620 6592
f 6591 6619 6620
f 6592 6621 6593
f 6592 6620 6621
f 6593 6622 6594
f 6593 6621 6622
f 6594 6623 6595
f 6594 6622 6623
f 6595 6624 6596
f 6595 6623 6624
f 6596 6625 6597
f 6596 6624 6625
f 6597 6626 6598
f 6597 6625 6626
f 6598 6627 6599
f 6598 6626 6627
f 6599 6628 6600
f 6599 6627 6628
f 6628 6437 6435
f 6628 6435 6600
f 6439 6629 6601
f 6439 6601 6436
f 6601 6630 6602
f 6601 6629 6630
f 6602 6631 6603
f 6602 6630 6631
f 6603 6632 6604
f 6603 6631 6632
f 6604 6633 6605
f 6604 6632 6633
f 6605 6634 6606
f 6605 6633 6634
f 6606 6635 6607
f 6606 6634 6635
f 6607 6636 6608
f 6607 6635 6636
f 6608 6637 6609
f 6608 6636 6637
f 6609 6638 6610
f 6609 6637 6638
f 6610 6639 6611
f 6610 6638 6639
f 6611 6640 6612
f 6611 6639 6640
f 6612 6641 6613
f 6612 6640 6641
f 6613 6642 6614
f 6613 6641 6642
f 6614 6643 6615
f 6614 6642 6643
f 6615 6644 6616
f 6615 6643 6644
f 6616 6645 6617
f 6616 6644 6645
f 6617 6646 6618
f 6617 6645 6646
f 6618 6647 6619
f 6618 6646 6647
f 6619 6648 6620
f 6619 6647 6648
f 6620 6649 6621
f 6620 6648 6649
f 6621 6650 6622
f 6621 6649 6650
f 6622 6651 6623
f 6622 6650 6651
f 6623 6652 6624
f 6623 6651 6652
f 6624 6653 6625
f 6624 6652 6653
f 6625 6654 6626
f 6625 6653 6654
f 6626 6655 6627
f 6626 6654 6655
f 6627 6656 6628
f 6627 6655 6656
f 6656 6440 6437
f 6656 6437 6628
f 6442 6657 6629
f 6442 6629 6439
f 6629 6658 6630
f 6629 6657 6658
f 6630 6659 6631
f 6630 6658 6659
f 6631 6660 6632
f 6631 6659 6660
f 6632 6661 6633
f 6632 6660 6661
f 6633 6662 6634
f 6633 6661 6662
f 6634 6663 6635
f 6634 6662 6663
f 6635 6664 6636
f 6635 6663 6664
f 6636 6665 6637
f 6636 6664 6665
f 6637 6666 6638
f 6637 6665 6666
f 6638 6667 6639
f 6638 6666 6667
f 6639 6668 6640
f 6639 6667 6668
f 6640 6669 6641
f 6640 6668 6669
f 6641 6670 6642
f 6641 6669 6670
f 6642 6671 6643
f 6642 6670 6671
f 6643 6672 6644
f 6643 6671 6672
f 6644 6673 6645
f 6644 6672 6673
f 6645 6674 6646
f 6645 6673 6674
f 6646 6675 6647
f 6646 6674 6675
f 6647 6676 6648
f 6647 6675 6676
f 6648 6677 6649
f 6648 6676 6677
f 6649 6678 6650
f 6649 6677 6678
f 6650 6679 6651
f 6650 6678 6679
f 6651 6680 6652
f 6651 6679 6680
f 6652 6681 6653
f 6652 6680 6681
f 6653 6682 6654
f 6653 6681 6682
f 6654 6683 6655
f 6654 6682 6683
f 6655 6684 6656
f 6655 6683 6684
f 6684 6443 6440
f 6684 6440 6656
f 6445 6685 6657
f 6445 6657 6442
f 6657 6686 6658
f 6657 6685 6686
f 6658 6687 6659
f 6658 6686 6687
f 6659 6688 6660
f 6659 6687 6688
f 6660 6689 6661
f 6660 6688 6689
f 6661 6690 6662
f 6661 6689 6690
f 6662 6691 6663
f 6662 6690 6691
f 6663 6692 6664
f 6663 6691 6692
f 6664 6693 6665
f 6664 6692 6693
f 6665 6694 6666
f 6665 6693 6694
f 6666 6695 6667
f 6666 6694 6695
f 6667 6696 6668
f 6667 6695 6696
f 6668 6697 6669
f 6668 6696 6697
f 6669 6698 6670
f 6669 6697 6698
f 6670 6699 6671
f 6670 6698 6699
f 6671 6700 6672
f 6671 6699 6700
f 6672 6701 6673
f 6672 6700 6701
f 6673 6702 6674
f 6673 6701 6702
f 6674 6703 6675
f 6674 6702 6703
f 6675 6704 6676
f 6675 6703 6704
f 6676 6705 6677
f 6676 6704 6705
f 6677 6706 6678
f 6677 6705 6706
f 6678 6707 6679
f 6678 6706 6707
f 6679 6708 6680
f 6679 6707 6708
f 6680 6709 6681
f 6680 6708 6709
f 6681 6710 6682
f 6681 6709 6710
f 6682 6711 6683
f 6682 6710 6711
f 6683 6712 6684
f 6683 6711 6712
f 6712 6446 6443
f 6712 6443 6684
f 6448 6713 6685
f 6448 6685 6445
f 6685 6714 6686
f 6685 6713 6714
f 6686 6715 6687
f 6686 6714 6715
f 6687 6716 6688
f 6687 6715 6716
f 6688 6717 6689
f 6688 6716 6717
f 6689 6718 6690
f 6689 6717 6718
f 6690 6719 6691
f 6690 6718 6719
f 6691 6720 6692
f 6691 6719 6720
f 6692 6721 6693
f 6692 6720 6721
f 6693 6722 6694
f 6693 6721 6722
f 6694 6723 6695
f 6694 6722 6723
f 6695 6724 6696
f 6695 6723 6724
f 6696 6725 6697
f 6696 6724 6725
f 6697 6726 6698
f 6697 6725 6726
f 6698 6727 6699
f 6698 6726 6727
f 6699 6728 6700
f 6699 6727 6728
f 6700 6729 6701
f 6700 6728 6729
f 6701 6730 6702
f 6701 6729 6730
f 6702 6731 6703
f 6702 6730 6731
f 6703 6732 6704
f 6703 6731 6732
f 6704 6733 6705
f 6704 6732 6733
f 6705 6734 6706
f 6705 6733 6734
f 6706 6735 6707
f 6706 6734 6735
f 6707 6736 6708
f 6707 6735 6736
f 6708 6737 6709
f 6708 6736 6737
f 6709 6738 6710
f 6709 6737 6738
f 6710 6739 6711
f 6710 6738 6739
f 6711 6740 6712
f 6711 6739 6740
f 6740 6449 6446
f 6740 6446 6712
f 6451 6741 6713
f 6451 6713 6448
f 6713 6742 6714
f 6713 6741 6742
f 6714 6743 6715
f 6714 6742 6743
f 6715 6744 6716
f 6715 6743 6744
f 6716 6745 6717
f 6716 6744 6745
f 6717 6746 6718
f 6717 6745 6746
f 6718 6747 6719
f 6718 6746 6747
f 6719 6748 6720
f 6719 6747 6748
f 6720 6749 6721
f 6720 6748 6749
f 6721 6750 6722
f 6721 6749 6750
f 6722 6751 6723
f 6722 6750 6751
f 6723 6752 6724
f 6723 6751 6752
f 6724 6753 6725
f 6724 6752 6753
f 6725 6754 6726
f 6725 6753 6754
f 6726 6755 6727
f 6726 6754 6755
f 6727 6756 6728
f 6727 6755 6756
f 6728 6757 6729
f 6728 6756 6757
f 6729 6758 6730
f 6729 6757 6758
f 6730 6759 6731
f 6730 6758 6759
f 6731 6760 6732
f 6731 6759 6760
f 6732 6761 6733
f 6732 6760 6761
f 6733 6762 6734
f 6733 6761 6762
f 6734 6763 6735
f 6734 6762 6763
f 6735 6764 6736
f 6735 6763 6764
f 6736 6765 6737
f 6736 6764 6765
f 6737 6766 6738
f 6737 6765 6766
f 6738 6767 6739
f 6738 6766 6767
f 6739 6768 6740
f 6739 6767 6768
f 6768 6452 6449
f 6768 6449 6740
f 6454 6769 6741
f 6454 6741 6451
f 6741 6770 6742
f 6741 6769 6770
f 6742 6771 6743
f 6742 6770 6771
f 6743 6772 6744
f 6743 6771 6772
f 6744 6773 6745
f 6744 6772 6773
f 6745 6774 6746
f 6745 6773 6774
f 6746 6775 6747
f 6746 6774 6775
f 6747 6776 6748
f 6747 6775 6776
f 6748 6777 6749
f 6748 6776 6777
f 6749 6778 6750
f 6749 6777 6778
f 6750 6779 6751
f 6750 6778 6779
f 6751 6780 6752
f 6751 6779 6780
f 6752 6781 6753
f 6752 6780 6781
f 6753 6782 6754
f 6753 6781 6782
f 6754 6783 6755
f 6754 6782 6783
f 6755 6784 6756
f 6755 6783 6784
f 6756 6785 6757
f 6756 6784 6785
f 6757 6786 6758
f 6757 6785 6786
f 6758 6787 6759
f 6758 6786 6787
f 6759 6788 6760
f 6759 6787 6788
f 6760 6789 6761
f 6760 6788 6789
f 6761 6790 6762
f 6761 6789 6790
f 6762 6791 6763
f 6762 6790 6791
f 6763 6792 6764
f 6763 6791 6792
f 6764 6793 6765
f 6764 6792 6793
f 6765 6794 6766
f 6765 6793 6794
f 6766 6795 6767
f 6766 6794 6795
f 6767 6796 6768
f 6767 6795 6796
f 6796 6455 6452
f 6796 6452 6768
f 6457 6797 6769
f 6457 6769 6454
f 6769 6798 6770
f 6769 6797 6798
f 6770 6799 6771
f 6770 6798 6799
f 6771 6800 6772
f 6771 6799 6800
f 6772 6801 6773
f 6772 6800 6801
f 6773 6802 6774
f 6773 6801 6802
f 6774 6803 6775
f 6774 6802 6803
f 6775 6804 6776
f 6775 6803 6804
f 6776 6805 6777
f 6776 6804 6805
f 6777 6806 6778
f 6777 6805 6806
f 6778 6807 6779
f 6778 6806 6807
f 6779 6808 6780
f 6779 6807 6808
f 6780 6809 6781
f 6780 6808 6809
f 6781 6810 6782
f 6781 6809 6810
f 6782 6811 6783
f 6782 6810 6811
f 6783 6812 6784
f 6783 6811 6812
f 6784 6813 6785
f 6784 6812 6813
f 6785 6814 6786
f 6785 6813 6814
f 6786 6815 6787
f 6786 6814 6815
f 6787 6816 6788
f 6787 6815 6816
f 6788 6817 6789
f 6788 6816 6817
f 6789 6818 6790
f 6789 6817 6818
f 6790 6819 6791
f 6790 6818 6819
f 6791 6820 6792
f 6791 6819 6820
f 6792 6821 6793
f 6792 6820 6821
f 6793 6822 6794
f 6793 6821 6822
f 6794 6823 6795
f 6794 6822 6823
f 6795 6824 6796
f 6795 6823 6824
f 6824 6458 6455
f 6824 6455 6796
f 6460 6825 6797
f 6460 6797 6457
f 6797 6826 6798
f 6797 6825 6826
f 6798 6827 6799
f 6798 6826 6827
f 6799 6828 6800
f 6799 6827 6828
f 6800 6829 6801
f 6800 6828 6829
f 6801 6830 6802
f 6801 6829 6830
f 6802 6831 6803
f 6802 6830 6831
f 6803 6832 6804
f 6803 6831 6832
f 6804 6833 6805
f 6804 6832 6833
f 6805 6834 6806
f 6805 6833 6834
f 6806 6835 6807
f 6806 6834 6835
f 6807 6836 6808
f 6807 6835 6836
f 6808 6837 6809
f 6808 6836 6837
f 6809 6838 6810
f 6809 6837 6838
f 6810 6839 6811
f 6810 6838 6839
f 6811 6840 6812
f 6811 6839 6840
f 6812 6841 6813
f 6812 6840 6841
f 6813 6842 6814
f 6813 6841 6842
f 6814 6843 6815
f 6814 6842 6843
f 6815 6844 6816
f 6815 6843 6844
f 6816 6845 6817
f 6816 6844 6845
f 6817 6846 6818
f 6817 6845 6846
f 6818 6847 6819
f 6818 6846 6847
f 6819 6848 6820
f 6819 6847 6848
f 6820 6849 6821
f 6820 6848 6849
f 6821 6850 6822
f 6821 6849 6850
f 6822 6851 6823
f 6822 6850 6851
f 6823 6852 6824
f 6823 6851 6852
f 6852 6461 6458
f 6852 6458 6824
f 6463 6853 6462
f 6825 6460 6462
f 6853 6825 6462
f 6854 6825 6853
f 6825 6855 6826
f 6825 6854 6855
f 6826 6856 6827
f 6826 6855 6856
f 6827 6857 6828
f 6827 6856 6857
f 6828 6858 6829
f 6828 6857 6858
f 6829 6859 6830
f 6829 6858 6859
f 6830 6860 6831
f 6830 6859 6860
f 6831 6861 6832
f 6831 6860 6861
f 6832 6862 6833
f 6832 6861 6862
f 6833 6863 6834
f 6833 6862 6863
f 6834 6864 6835
f 6834 6863 6864
f 6835 6865 6836
f 6835 6864 6865
f 6836 6866 6837
f 6836 6865 6866
f 6837 6867 6838
f 6837 6866 6867
f 6838 6868 6839
f 6838 6867 6868
f 6839 6869 6840
f 6839 6868 6869
f 6840 6870 6841
f 6840 6869 6870
f 6841 6871 6842
f 6841 6870 6871
f 6842 6872 6843
f 6842 6871 6872
f 6843 6873 6844
f 6843 6872 6873
f 6844 6874 6845
f 6844 6873 6874
f 6845 6875 6846
f 6845 6874 6875
f 6846 6876 6847
f 6846 6875 6876
f 6847 6877 6848
f 6847 6876 6877
f 6848 6878 6849
f 6848 6877 6878
f 6849 6879 6850
f 6849 6878 6879
f 6850 6880 6851
f 6850 6879 6880
f 6851 6881 6852
f 6851 6880 6881
f 6881 6464 6461
f 6881 6461 6852
f 6465 6882 6853
f 6465 6853 6463
f 6853 6883 6854
f 6853 6882 6883
f 6854 6884 6855
f 6854 6883 6884
f 6855 6885 6856
f 6855 6884 6885
f 6856 6886 6857
f 6856 6885 6886
f 6857 6887 6858
f 6857 6886 6887
f 6858 6888 6859
f 6858 6887 6888
f 6859 6889 6860
f 6859 6888 6889
f 6860 6890 6861
f 6860 6889 6890
f 6861 6891 6862
f 6861 6890 6891
f 6862 6892 6863
f 6862 6891 6892
f 6863 6893 6864
f 6863 6892 6893
f 6864 6894 6865
f 6864 6893 6894
f 6865 6895 6866
f 6865 6894 6895
f 6866 6896 6867
f 6866 6895 6896
f 6867 6897 6868
f 6867 6896 6897
f 6868 6898 6869
f 6868 6897 6898
f 6869 6899 6870
f 6869 6898 6899
f 6870 6900 6871
f 6870 6899 6900
f 6871 6901 6872
f 6871 6900 6901
f 6872 6902 6873
f 6872 6901 6902
f 6873 6903 6874
f 6873 6902 6903
f 6874 6904 6875
f 6874 6903 6904
f 6875 6905 6876
f 6875 6904 6905
f 6876 6906 6877
f 6876 6905 6906
f 6877 6907 6878
f 6877 6906 6907
f 6878 6908 6879
f 6878 6907 6908
f 6879 6909 6880
f 6879 6908 6909
f 6880 6910 6881
f 6880 6909 6910
f 6910 6466 6464
f 6910 6464 6881
f 6467 6911 6882
f 6467 6882 6465
f 6882 6912 6883
f 6882 6911 6912
f 6883 6913 6884
f 6883 6912 6913
f 6884 6914 6885
f 6884 6913 6914
f 6885 6915 6886
f 6885 6914 6915
f 6886 6916 6887
f 6886 6915 6916
f 6887 6917 6888
f 6887 6916 6917
f 6888 6918 6889
f 6888 6917 6918
f 6889 6919 6890
f 6889 6918 6919
f 6890 6920 6891
f 6890 6919 6920
f 6891 6921 6892
f 6891 6920 6921
f 6892 6922 6893
f 6892 6921 6922
f 6893 6923 6894
f 6893 6922 6923
f 6894 6924 6895
f 6894 6923 6924
f 6895 6925 6896
f 6895 6924 6925
f 6896 6926 6897
f 6896 6925 6926
f 6897 6927 6898
f 6897 6926 6927
f 6898 6928 6899
f 6898 6927 6928
f 6899 6929 6900
f 6899 6928 6929
f 6900 6930 6901
f 6900 6929 6930
f 6901 6931 6902
f 6901 6930 6931
f 6902 6932 6903
f 6902 6931 6932
f 6903 6933 6904
f 6903 6932 6933
f 6904 6934 6905
f 6904 6933 6934
f 6905 6935 6906
f 6905 6934 6935
f 6906 6936 6907
f 6906 6935 6936
f 6907 6937 6908
f 6907 6936 6937
f 6908 6938 6909
f 6908 6937 6938
f 6909 6939 6910
f 6909 6938 6939
f 6939 6468 6466
f 6939 6466 6910
f 6469 6940 6911
f 6469 6911 6467
f 6911 6941 6912
f 6911 6940 6941
f 6912 6942 6913
f 6912 6941 6942
f 6913 6943 6914
f 6913 6942 6943
f 6914 6944 6915
f 6914 6943 6944
f 6915 6945 6916
f 6915 6944 6945
f 6916 6946 6917
f 6916 6945 6946
f 6917 6947 6918
f 6917 6946 6947
f 6918 6948 6919
f 6918 6947 6948
f 6919 6949 6920
f 6919 6948 6949
f 6920 6950 6921
f 6920 6949 6950
f 6921 6951 6922
f 6921 6950 6951
f 6922 6952 6923
f 6922 6951 6952
f 6923 6953 6924
f 6923 6952 6953
f 6924 6954 6925
f 6924 6953 6954
f 6925 6955 6926
f 6925 6954 6955
f 6926 6956 6927
f 6926 6955 6956
f 6927 6957 6928
f 6927 6956 6957
f 6928 6958 6929
f 6928 6957 6958
f 6929 6959 6930
f 6929 6958 6959
f 6930 6960 6931
f 6930 6959 6960
f 6931 6961 6932
f 6931 6960 6961
f 6932 6962 6933
f 6932 6961 6962
f 6933 6963 6934
f 6933 6962 6963
f 6934 6964 6935
f 6934 6963 6964
f 6935 6965 6936
f 6935 6964 6965
f 6936 6966 6937
f 6936 6965 6966
f 6937 6967 6938
f 6937 6966 6967
f 6938 6968 6939
f 6938 6967 6968
f 6968 6470 6468
f 6968 6468 6939
f 6471 6969 6940
f 6471 6940 6469
f 6940 6970 6941
f 6940 6969 6970
f 6941 6971 6942
f 6941 6970 6971
f 6942 6972 6943
f 6942 6971 6972
f 6943 6973 6944
f 6943 6972 6973
f 6944 6974 6945
f 6944 6973 6974
f 6945 6975 6946
f 6945 6974 6975
f 6946 6976 6947
f 6946 6975 6976
f 6947 6977 6948
f 6947 6976 6977
f 6948 6978 6949
f 6948 6977 6978
f 6949 6979 6950
f 6949 6978 6979
f 6950 6980 6951
f 6950 6979 6980
f 6951 6981 6952
f 6951 6980 6981
f 6952 6982 6953
f 6952 6981 6982
f 6953 6983 6954
f 6953 6982 6983
f 6954 6984 6955
f 6954 6983 6984
f 6955 6985 6956
f 6955 6984 6985
f 6956 6986 6957
f 6956 6985 6986
f 6957 6987 6958
f 6957 6986 6987
f 6958 6988 6959
f 6958 6987 6988
f 6959 6989 6960
f 6959 6988 6989
f 6960 6990 6961
f 6960 6989 6990
f 6961 6991 6962
f 6961 6990 6991
f 6962 6992 6963
f 6962 6991 6992
f 6963 6993 6964
f 6963 6992 6993
f 6964 6994 6965
f 6964 6993 6994
f 6965 6995 6966
f 6965 6994 6995
f 6966 6996 6967
f 6966 6995 6996
f 6967 6997 6968
f 6967 6996 6997
f 6997 6472 6470
f 6997 6470 6968
f 6473 6969 6471
f 6969 6473 6474
f 6998 6969 6474
f 6970 6969 6998
f 6970 6999 6971
f 6970 6998 6999
f 6971 7000 6972
f 6971 6999 7000
f 6972 7001 6973
f 6972 7000 7001
f 6973 7002 6974
f 6973 7001 7002
f 6974 7003 6975
f 6974 7002 7003
f 6975 7004 6976
f 6975 7003 7004
f 6976 7005 6977
f 6976 7004 7005
f 6977 7006 6978
f 6977 7005 7006
f 6978 7007 6979
f 6978 7006 7007
f 6979 7008 6980
f 6979 7007 7008
f 6980 7009 6981
f 6980 7008 7009
f 6981 7010 6982
f 6981 7009 7010
f 6982 7011 6983
f 6982 7010 7011
f 6983 7012 6984
f 6983 7011 7012
f 6984 7013 6985
f 6984 7012 7013
f 6985 7014 6986
f 6985 7013 7014
f 6986 7015 6987
f 6986 7014 7015
f 6987 7016 6988
f 6987 7015 7016
f 6988 7017 6989
f 6988 7016 7017
f 6989 7018 6990
f 6989 7017 7018
f 6990 7019 6991
f 6990 7018 7019
f 6991 7020 6992
f 6991 7019 7020
f 6992 7021 6993
f 6992 7020 7021
f 6993 7022 6994
f 6993 7021 7022
f 6994 7023 6995
f 6994 7022 7023
f 6995 7024 6996
f 6995 7023 7024
f 7024 6476 6477
f 6997 7024 6477
f 6996 7024 6997
f 6997 6477 6472
f 6478 6998 6474
f 6998 6478 6479
f 6998 6479 6999
f 6999 6479 6481
f 6999 6481 7000
f 7000 6481 6483
f 7025 7000 6483
f 7001 7000 7025
f 7001 7026 7002
f 7001 7025 7026
f 7002 7027 7003
f 7002 7026 7027
f 7003 7028 7004
f 7003 7027 7028
f 7004 7029 7005
f 7004 7028 7029
f 7005 7030 7006
f 7005 7029 7030
f 7006 7031 7007
f 7006 7030 7031
f 7007 7032 7008
f 7007 7031 7032
f 7008 7033 7009
f 7008 7032 7033
f 7009 7034 7010
f 7009 7033 7034
f 7010 7035 7011
f 7010 7034 7035
f 7011 7036 7012
f 7011 7035 7036
f 7012 7037 7013
f 7012 7036 7037
f 7037 6485 6486
f 7014 7037 6486
f 7013 7037 7014
f 7014 6486 6487
f 7014 6487 7015
f 7015 6487 6489
f 7015 6489 7016
f 7016 6489 6491
f 7016 6491 7017
f 7017 6491 6493
f 7038 7017 6493
f 7018 7017 7038
f 7018 7039 7019
f 7018 7038 7039
f 7019 7040 7020
f 7019 7039 7040
f 7020 7041 7021
f 7020 7040 7041
f 7021 7042 7022
f 7021 7041 7042
f 7022 7043 7023
f 7022 7042 7043
f 7023 7044 7024
f 7023 7043 7044
f 7044 6495 6476
f 7044 6476 7024
f 6496 7025 6483
f 7025 6496 6497
f 7025 6497 7026
f 7026 6497 6498
f 7026 6498 7027
f 7027 6498 6499
f 7027 6499 7028
f 7028 6499 6500
f 7028 6500 7029
f 7029 6500 6501
f 7029 6501 7030
f 7030 6501 6502
f 7030 6502 7031
f 7031 6502 6504
f 7031 6504 7032
f 7032 6504 6506
f 7032 6506 7033
f 7033 6506 6508
f 7033 6508 7034
f 7034 6508 6510
f 7034 6510 7035
f 7035 6510 6512
f 7035 6512 7036
f 7036 6512 6514
f 7036 6514 7037
f 7037 6514 6485
f 6520 7038 6493
f 7038 6520 6522
f 7038 6522 7039
f 7039 6522 6524
f 7039 6524 7040
f 7040 6524 6526
f 7040 6526 7041
f 7041 6526 6528
f 7041 6528 7042
f 7042 6528 6530
f 7042 6530 7043
f 7043 6530 6532
f 7043 6532 7044
f 7044 6532 6495

