# https://github.com/mikedh/trimesh
v 5.96940613 22.00000000 19.00000000
v 6.00000000 21.79423714 19.00000000
v 6.00000000 22.00000000 18.90317535
v 5.87663221 22.00000000 20.00000000
v 6.00000000 21.22511673 20.00000000
v 5.86421347 22.00000000 21.00000000
v 6.00000000 21.14809799 21.00000000
v 5.86015654 22.00000000 22.00000000
v 6.00000000 21.21076393 22.00000000
v 5.87352371 22.00000000 23.00000000
v 6.00000000 21.33678627 23.00000000
v 5.89878941 22.00000000 24.00000000
v 6.00000000 21.49414635 24.00000000
v 5.92363548 22.00000000 25.00000000
v 6.00000000 21.63398552 25.00000000
v 5.94290209 22.00000000 26.00000000
v 6.00000000 21.72569656 26.00000000
v 5.94820976 22.00000000 27.00000000
v 6.00000000 21.75081635 27.00000000
v 5.95338058 22.00000000 28.00000000
v 6.00000000 21.77481461 28.00000000
v 5.95046043 22.00000000 29.00000000
v 6.00000000 21.76795769 29.00000000
v 5.94267511 22.00000000 30.00000000
v 6.00000000 21.73996925 30.00000000
v 5.93246078 22.00000000 31.00000000
v 6.00000000 21.71195412 31.00000000
v 5.92517710 22.00000000 32.00000000
v 6.00000000 21.69363594 32.00000000
v 5.92057133 22.00000000 33.00000000
v 6.00000000 21.66922569 33.00000000
v 5.91756821 22.00000000 34.00000000
v 6.00000000 21.64800072 34.00000000
v 5.89868975 22.00000000 35.00000000
v 6.00000000 21.57646370 35.00000000
v 5.87816381 22.00000000 36.00000000
v 6.00000000 21.50932884 36.00000000
v 5.85888863 22.00000000 37.00000000
v 6.00000000 21.46201515 37.00000000
v 5.84580708 22.00000000 38.00000000
v 6.00000000 21.42451668 38.00000000
v 5.85335875 22.00000000 39.00000000
v 6.00000000 21.43651390 39.00000000
v 5.87764549 22.00000000 40.00000000
v 6.00000000 21.48285675 40.00000000
v 5.91861582 22.00000000 41.00000000
v 6.00000000 21.60591888 41.00000000
v 5.95572758 22.00000000 42.00000000
v 6.00000000 21.75622749 42.00000000
v 5.97796869 22.00000000 43.00000000
v 6.00000000 21.87712288 43.00000000
v 6.00000000 22.00000000 43.46773148
v 5.98761988 23.00000000 19.00000000
v 6.00000000 23.00000000 18.96099472
v 5.88815880 23.00000000 20.00000000
v 5.87984562 23.00000000 21.00000000
v 5.87920904 23.00000000 22.00000000
v 5.88035488 23.00000000 23.00000000
v 5.88902760 23.00000000 24.00000000
v 5.90476370 23.00000000 25.00000000
v 5.92286825 23.00000000 26.00000000
v 5.93687057 23.00000000 27.00000000
v 5.93810701 23.00000000 28.00000000
v 5.93580008 23.00000000 29.00000000
v 5.93417549 23.00000000 30.00000000
v 5.92757130 23.00000000 31.00000000
v 5.91938639 23.00000000 32.00000000
v 5.91103029 23.00000000 33.00000000
v 5.89198494 23.00000000 34.00000000
v 5.87780523 23.00000000 35.00000000
v 5.86651278 23.00000000 36.00000000
v 5.85001183 23.00000000 37.00000000
v 5.83555365 23.00000000 38.00000000
v 5.82813692 23.00000000 39.00000000
v 5.85540295 23.00000000 40.00000000
v 5.89993095 23.00000000 41.00000000
v 5.93985653 23.00000000 42.00000000
v 5.96337938 23.00000000 43.00000000
v 6.00000000 23.00000000 43.64538574
v 6.00000000 23.32657051 19.00000000
v 6.00000000 24.00000000 19.25602531
v 5.93093252 24.00000000 20.00000000
v 5.90960073 24.00000000 21.00000000
v 5.89899588 24.00000000 22.00000000
v 5.89216614 24.00000000 23.00000000
v 5.88880873 24.00000000 24.00000000
v 5.89513636 24.00000000 25.00000000
v 5.90899706 24.00000000 26.00000000
v 5.92067194 24.00000000 27.00000000
v 5.92860842 24.00000000 28.00000000
v 5.92968988 24.00000000 29.00000000
v 5.93441772 24.00000000 30.00000000
v 5.93134499 24.00000000 31.00000000
v 5.91927862 24.00000000 32.00000000
v 5.90592337 24.00000000 33.00000000
v 5.89256096 24.00000000 34.00000000
v 5.88103819 24.00000000 35.00000000
v 5.86866808 24.00000000 36.00000000
v 5.85904503 24.00000000 37.00000000
v 5.85185862 24.00000000 38.00000000
v 5.85300303 24.00000000 39.00000000
v 5.87487555 24.00000000 40.00000000
v 5.91305494 24.00000000 41.00000000
v 5.94363594 24.00000000 42.00000000
v 5.96700048 24.00000000 43.00000000
v 6.00000000 24.00000000 43.69367981
v 5.92577696 25.00000000 20.00000000
v 6.00000000 25.00000000 19.16378784
v 5.89693880 25.00000000 21.00000000
v 5.88674593 25.00000000 22.00000000
v 5.88028049 25.00000000 23.00000000
v 5.88304043 25.00000000 24.00000000
v 5.89156008 25.00000000 25.00000000
v 5.90348864 25.00000000 26.00000000
v 5.91523600 25.00000000 27.00000000
v 5.92315626 25.00000000 28.00000000
v 5.93126965 25.00000000 29.00000000
v 5.93116951 25.00000000 30.00000000
v 5.92892694 25.00000000 31.00000000
v 5.92525482 25.00000000 32.00000000
v 5.91701365 25.00000000 33.00000000
v 5.90677595 25.00000000 34.00000000
v 5.89670086 25.00000000 35.00000000
v 5.88710642 25.00000000 36.00000000
v 5.87737322 25.00000000 37.00000000
v 5.87995815 25.00000000 38.00000000
v 5.89368153 25.00000000 39.00000000
v 5.90913296 25.00000000 40.00000000
v 5.92829847 25.00000000 41.00000000
v 5.94552326 25.00000000 42.00000000
v 5.94809628 25.00000000 43.00000000
v 6.00000000 24.87072182 44.00000000
v 5.99774456 25.00000000 44.00000000
v 6.00000000 25.00000000 44.01143646
v 5.99946785 26.00000000 19.00000000
v 6.00000000 25.96739006 19.00000000
v 6.00000000 26.00000000 18.99763489
v 5.92527151 26.00000000 20.00000000
v 5.88520670 26.00000000 21.00000000
v 5.86639071 26.00000000 22.00000000
v 5.85981417 26.00000000 23.00000000
v 5.87143564 26.00000000 24.00000000
v 5.88312435 26.00000000 25.00000000
v 5.89201975 26.00000000 26.00000000
v 5.89563847 26.00000000 27.00000000
v 5.90312672 26.00000000 28.00000000
v 5.91199589 26.00000000 29.00000000
v 5.91893196 26.00000000 30.00000000
v 5.92755604 26.00000000 31.00000000
v 5.93299055 26.00000000 32.00000000
v 5.93393755 26.00000000 33.00000000
v 5.93017387 26.00000000 34.00000000
v 5.92393112 26.00000000 35.00000000
v 5.91099501 26.00000000 36.00000000
v 5.90440702 26.00000000 37.00000000
v 5.91013718 26.00000000 38.00000000
v 5.92390394 26.00000000 39.00000000
v 5.95042658 26.00000000 40.00000000
v 5.96351719 26.00000000 41.00000000
v 5.95096254 26.00000000 42.00000000
v 5.94421196 26.00000000 43.00000000
v 6.00000000 26.00000000 43.74921036
v 6.00000000 25.10089493 44.00000000
v 5.96635914 27.00000000 19.00000000
v 6.00000000 27.00000000 18.83134270
v 5.90324068 27.00000000 20.00000000
v 5.87907791 27.00000000 21.00000000
v 5.86450481 27.00000000 22.00000000
v 5.85923576 27.00000000 23.00000000
v 5.86208010 27.00000000 24.00000000
v 5.87785244 27.00000000 25.00000000
v 5.89069462 27.00000000 26.00000000
v 5.90199327 27.00000000 27.00000000
v 5.90197611 27.00000000 28.00000000
v 5.90736532 27.00000000 29.00000000
v 5.91295528 27.00000000 30.00000000
v 5.92198277 27.00000000 31.00000000
v 5.93618822 27.00000000 32.00000000
v 5.94818354 27.00000000 33.00000000
v 5.95120382 27.00000000 34.00000000
v 5.94760180 27.00000000 35.00000000
v 5.94041204 27.00000000 36.00000000
v 5.93576908 27.00000000 37.00000000
v 5.94023561 27.00000000 38.00000000
v 5.95235538 27.00000000 39.00000000
v 5.97208214 27.00000000 40.00000000
v 5.98738718 27.00000000 41.00000000
v 5.97912550 27.00000000 42.00000000
v 5.97288465 27.00000000 43.00000000
v 6.00000000 27.00000000 43.38534927
v 5.95074272 28.00000000 19.00000000
v 6.00000000 28.00000000 18.73737907
v 5.90142822 28.00000000 20.00000000
v 5.88821363 28.00000000 21.00000000
v 5.87831688 28.00000000 22.00000000
v 5.87664223 28.00000000 23.00000000
v 5.87888956 28.00000000 24.00000000
v 5.87796402 28.00000000 25.00000000
v 5.87952948 28.00000000 26.00000000
v 5.88773012 28.00000000 27.00000000
v 5.89686298 28.00000000 28.00000000
v 5.90297508 28.00000000 29.00000000
v 5.90815401 28.00000000 30.00000000
v 5.91598845 28.00000000 31.00000000
v 5.92445803 28.00000000 32.00000000
v 5.93742514 28.00000000 33.00000000
v 5.94955730 28.00000000 34.00000000
v 5.94955063 28.00000000 35.00000000
v 5.94651842 28.00000000 36.00000000
v 5.94572687 28.00000000 37.00000000
v 5.95078945 28.00000000 38.00000000
v 5.95762682 28.00000000 39.00000000
v 5.96983433 28.00000000 40.00000000
v 5.98500967 28.00000000 41.00000000
v 6.00000000 28.00000000 41.97377396
v 6.00000000 27.98085785 42.00000000
v 6.00000000 27.99968529 43.00000000
v 5.94542980 29.00000000 19.00000000
v 6.00000000 29.00000000 18.70062637
v 5.90228319 29.00000000 20.00000000
v 5.90138626 29.00000000 21.00000000
v 5.90288019 29.00000000 22.00000000
v 5.89514542 29.00000000 23.00000000
v 5.88953733 29.00000000 24.00000000
v 5.87826347 29.00000000 25.00000000
v 5.87219048 29.00000000 26.00000000
v 5.87193966 29.00000000 27.00000000
v 5.87560463 29.00000000 28.00000000
v 5.87926579 29.00000000 29.00000000
v 5.88398838 29.00000000 30.00000000
v 5.88812971 29.00000000 31.00000000
v 5.89921856 29.00000000 32.00000000
v 5.90972042 29.00000000 33.00000000
v 5.92880249 29.00000000 34.00000000
v 5.93897581 29.00000000 35.00000000
v 5.94555521 29.00000000 36.00000000
v 5.95164299 29.00000000 37.00000000
v 5.95645428 29.00000000 38.00000000
v 5.96094036 29.00000000 39.00000000
v 5.96447563 29.00000000 40.00000000
v 5.97126198 29.00000000 41.00000000
v 6.00000000 28.03275299 42.00000000
v 5.98818827 29.00000000 42.00000000
v 6.00000000 29.00000000 42.60942078
v 6.00000000 29.89544106 19.00000000
v 6.00000000 30.00000000 19.11386299
v 5.94906998 30.00000000 20.00000000
v 5.95161819 30.00000000 21.00000000
v 5.95017147 30.00000000 22.00000000
v 5.94614983 30.00000000 23.00000000
v 5.93526411 30.00000000 24.00000000
v 5.92549753 30.00000000 25.00000000
v 5.90883875 30.00000000 26.00000000
v 5.89752531 30.00000000 27.00000000
v 5.89297199 30.00000000 28.00000000
v 5.89428329 30.00000000 29.00000000
v 5.89650822 30.00000000 30.00000000
v 5.90372849 30.00000000 31.00000000
v 5.90712595 30.00000000 32.00000000
v 5.91672754 30.00000000 33.00000000
v 5.92826700 30.00000000 34.00000000
v 5.94271851 30.00000000 35.00000000
v 5.96791744 30.00000000 36.00000000
v 5.99785376 30.00000000 37.00000000
v 6.00000000 30.00000000 37.11540604
v 6.00000000 29.73848343 38.00000000
v 6.00000000 29.66909981 39.00000000
v 6.00000000 29.88353157 40.00000000
v 6.00000000 30.00000000 40.24249649
v 5.98520279 30.00000000 41.00000000
v 5.98975515 30.00000000 42.00000000
v 6.00000000 30.00000000 42.99366760
v 5.95076275 31.00000000 20.00000000
v 6.00000000 31.00000000 19.39356613
v 5.92267275 31.00000000 21.00000000
v 5.91436911 31.00000000 22.00000000
v 5.91324663 31.00000000 23.00000000
v 5.90315771 31.00000000 24.00000000
v 5.86956072 31.00000000 25.00000000
v 5.84201670 31.00000000 26.00000000
v 5.81902838 31.00000000 27.00000000
v 5.80255461 31.00000000 28.00000000
v 5.78980494 31.00000000 29.00000000
v 5.78926849 31.00000000 30.00000000
v 5.79246235 31.00000000 31.00000000
v 5.80456257 31.00000000 32.00000000
v 5.81974316 31.00000000 33.00000000
v 5.85063410 31.00000000 34.00000000
v 5.91116810 31.00000000 35.00000000
v 5.96388817 31.00000000 36.00000000
v 5.99961472 31.00000000 37.00000000
v 6.00000000 31.00000000 37.01655197
v 6.00000000 30.26696014 41.00000000
v 6.00000000 30.34300041 42.00000000
v 5.83485746 32.00000000 19.00000000
v 6.00000000 31.15826988 19.00000000
v 6.00000000 32.00000000 18.41753960
v 5.71041536 32.00000000 20.00000000
v 5.64900255 32.00000000 21.00000000
v 5.61642647 32.00000000 22.00000000
v 5.60147715 32.00000000 23.00000000
v 5.59787941 32.00000000 24.00000000
v 5.59209299 32.00000000 25.00000000
v 5.58912516 32.00000000 26.00000000
v 5.58069086 32.00000000 27.00000000
v 5.57237244 32.00000000 28.00000000
v 5.57762861 32.00000000 29.00000000
v 5.59050179 32.00000000 30.00000000
v 5.62029314 32.00000000 31.00000000
v 5.65030766 32.00000000 32.00000000
v 5.69717598 32.00000000 33.00000000
v 5.74632835 32.00000000 34.00000000
v 5.81089449 32.00000000 35.00000000
v 5.91419220 32.00000000 36.00000000
v 5.96780920 32.00000000 37.00000000
v 6.00000000 31.72510910 38.00000000
v 5.99124241 32.00000000 38.00000000
v 6.00000000 32.00000000 38.35387802
v 5.70722437 33.00000000 18.00000000
v 6.00000000 32.30507278 18.00000000
v 6.00000000 33.00000000 17.49759483
v 5.49996614 33.00000000 19.00000000
v 5.44378614 33.00000000 20.00000000
v 5.42190075 33.00000000 21.00000000
v 5.41242599 33.00000000 22.00000000
v 5.41453505 33.00000000 23.00000000
v 5.43292713 33.00000000 24.00000000
v 5.45759964 33.00000000 25.00000000
v 5.47676945 33.00000000 26.00000000
v 5.49949741 33.00000000 27.00000000
v 5.51923227 33.00000000 28.00000000
v 5.53936863 33.00000000 29.00000000
v 5.56091833 33.00000000 30.00000000
v 5.58647346 33.00000000 31.00000000
v 5.62218857 33.00000000 32.00000000
v 5.65939093 33.00000000 33.00000000
v 5.70903301 33.00000000 34.00000000
v 5.76836824 33.00000000 35.00000000
v 5.85707235 33.00000000 36.00000000
v 5.92244196 33.00000000 37.00000000
v 5.94158792 33.00000000 38.00000000
v 6.00000000 32.32586670 39.00000000
v 5.96681118 33.00000000 39.00000000
v 6.00000000 33.00000000 39.85080338
v 5.60336256 34.00000000 18.00000000
v 6.00000000 34.00000000 17.17908478
v 5.46112013 34.00000000 19.00000000
v 5.41964483 34.00000000 20.00000000
v 5.40025616 34.00000000 21.00000000
v 5.39543104 34.00000000 22.00000000
v 5.39408970 34.00000000 23.00000000
v 5.40567684 34.00000000 24.00000000
v 5.42520857 34.00000000 25.00000000
v 5.45257378 34.00000000 26.00000000
v 5.47738504 34.00000000 27.00000000
v 5.51488638 34.00000000 28.00000000
v 5.54304171 34.00000000 29.00000000
v 5.56484413 34.00000000 30.00000000
v 5.58518839 34.00000000 31.00000000
v 5.60909271 34.00000000 32.00000000
v 5.65355587 34.00000000 33.00000000
v 5.70686054 34.00000000 34.00000000
v 5.75739002 34.00000000 35.00000000
v 5.84200621 34.00000000 36.00000000
v 5.88867569 34.00000000 37.00000000
v 5.89901209 34.00000000 38.00000000
v 5.92245674 34.00000000 39.00000000
v 6.00000000 33.10144043 40.00000000
v 5.94890308 34.00000000 40.00000000
v 5.97126150 34.00000000 41.00000000
v 6.00000000 33.36640549 41.00000000
v 5.98614836 34.00000000 42.00000000
v 6.00000000 33.73577118 42.00000000
v 6.00000000 34.00000000 42.40542221
v 5.64355469 35.00000000 18.00000000
v 6.00000000 35.00000000 17.23411751
v 5.50184393 35.00000000 19.00000000
v 5.45744467 35.00000000 20.00000000
v 5.42972136 35.00000000 21.00000000
v 5.41762018 35.00000000 22.00000000
v 5.41032887 35.00000000 23.00000000
v 5.41315556 35.00000000 24.00000000
v 5.43000460 35.00000000 25.00000000
v 5.46120405 35.00000000 26.00000000
v 5.49726343 35.00000000 27.00000000
v 5.52459717 35.00000000 28.00000000
v 5.56143761 35.00000000 29.00000000
v 5.58370638 35.00000000 30.00000000
v 5.60134888 35.00000000 31.00000000
v 5.62501717 35.00000000 32.00000000
v 5.66370392 35.00000000 33.00000000
v 5.73207855 35.00000000 34.00000000
v 5.79480886 35.00000000 35.00000000
v 5.86538792 35.00000000 36.00000000
v 5.90719557 35.00000000 37.00000000
v 5.90740585 35.00000000 38.00000000
v 5.90452909 35.00000000 39.00000000
v 5.91097021 35.00000000 40.00000000
v 5.92225885 35.00000000 41.00000000
v 5.92340469 35.00000000 42.00000000
v 6.00000000 34.49720764 43.00000000
v 5.97705173 35.00000000 43.00000000
v 6.00000000 35.00000000 43.33278656
v 5.78275347 36.00000000 18.00000000
v 6.00000000 36.00000000 17.51320267
v 5.60892200 36.00000000 19.00000000
v 5.52637529 36.00000000 20.00000000
v 5.48828077 36.00000000 21.00000000
v 5.46772432 36.00000000 22.00000000
v 5.45601368 36.00000000 23.00000000
v 5.46060085 36.00000000 24.00000000
v 5.47316313 36.00000000 25.00000000
v 5.49069405 36.00000000 26.00000000
v 5.52319527 36.00000000 27.00000000
v 5.55958796 36.00000000 28.00000000
v 5.59304190 36.00000000 29.00000000
v 5.62799311 36.00000000 30.00000000
v 5.64974213 36.00000000 31.00000000
v 5.67926836 36.00000000 32.00000000
v 5.72360849 36.00000000 33.00000000
v 5.78277826 36.00000000 34.00000000
v 5.85961056 36.00000000 35.00000000
v 5.93858671 36.00000000 36.00000000
v 5.98058367 36.00000000 37.00000000
v 5.97256327 36.00000000 38.00000000
v 5.94424582 36.00000000 39.00000000
v 5.92453289 36.00000000 40.00000000
v 5.90337944 36.00000000 41.00000000
v 5.89801979 36.00000000 42.00000000
v 5.93430138 36.00000000 43.00000000
v 6.00000000 36.00000000 43.89445877
v 6.00000000 36.91757965 18.00000000
v 6.00000000 37.00000000 18.10010529
v 5.81045246 37.00000000 19.00000000
v 5.69723463 37.00000000 20.00000000
v 5.63504887 37.00000000 21.00000000
v 5.59620142 37.00000000 22.00000000
v 5.56798410 37.00000000 23.00000000
v 5.55569220 37.00000000 24.00000000
v 5.55015326 37.00000000 25.00000000
v 5.56177187 37.00000000 26.00000000
v 5.57978868 37.00000000 27.00000000
v 5.61282969 37.00000000 28.00000000
v 5.65798187 37.00000000 29.00000000
v 5.70373297 37.00000000 30.00000000
v 5.74871445 37.00000000 31.00000000
v 5.79912376 37.00000000 32.00000000
v 5.84721184 37.00000000 33.00000000
v 5.90860987 37.00000000 34.00000000
v 5.97615671 37.00000000 35.00000000
v 6.00000000 37.00000000 35.31794739
v 6.00000000 36.54171753 36.00000000
v 6.00000000 36.20048523 37.00000000
v 6.00000000 36.32517624 38.00000000
v 6.00000000 36.80684662 39.00000000
v 6.00000000 37.00000000 39.29325485
v 5.96691704 37.00000000 40.00000000
v 5.92788649 37.00000000 41.00000000
v 5.90871668 37.00000000 42.00000000
v 5.94094038 37.00000000 43.00000000
v 6.00000000 37.00000000 43.97919083
v 6.00000000 37.57554245 19.00000000
v 6.00000000 37.87821198 20.00000000
v 6.00000000 38.00000000 20.55065536
v 5.96516323 38.00000000 21.00000000
v 5.90297699 38.00000000 22.00000000
v 5.85084820 38.00000000 23.00000000
v 5.82401991 38.00000000 24.00000000
v 5.79751444 38.00000000 25.00000000
v 5.76866007 38.00000000 26.00000000
v 5.76220608 38.00000000 27.00000000
v 5.78133678 38.00000000 28.00000000
v 5.81107759 38.00000000 29.00000000
v 5.85325575 38.00000000 30.00000000
v 5.90140343 38.00000000 31.00000000
v 5.95476770 38.00000000 32.00000000
v 6.00000000 38.00000000 32.70164108
v 6.00000000 37.89929581 33.00000000
v 6.00000000 37.52216721 34.00000000
v 6.00000000 37.14752579 35.00000000
v 6.00000000 37.53331375 40.00000000
v 6.00000000 38.00000000 40.58332062
v 5.97814989 38.00000000 41.00000000
v 5.95574713 38.00000000 42.00000000
v 5.98250675 38.00000000 43.00000000
v 6.00000000 38.00000000 43.28607941
v 6.00000000 38.08897781 21.00000000
v 6.00000000 38.24594879 22.00000000
v 6.00000000 38.38720703 23.00000000
v 6.00000000 38.47181702 24.00000000
v 6.00000000 38.56107330 25.00000000
v 6.00000000 38.66098785 26.00000000
v 6.00000000 38.71201706 27.00000000
v 6.00000000 38.71656418 28.00000000
v 6.00000000 38.67082596 29.00000000
v 6.00000000 38.56922150 30.00000000
v 6.00000000 38.41258240 31.00000000
v 6.00000000 38.19190216 32.00000000
v 6.00000000 38.22108078 41.00000000
v 6.00000000 38.44238281 42.00000000
v 6.00000000 38.18743896 43.00000000
v 6.72581863 21.00000000 18.00000000
v 7.00000000 20.77741814 18.00000000
v 7.00000000 21.00000000 17.80555916
v 6.21678543 21.00000000 19.00000000
v 7.00000000 20.44853973 19.00000000
v 6.06911898 21.00000000 20.00000000
v 7.00000000 20.39222336 20.00000000
v 6.04343796 21.00000000 21.00000000
v 7.00000000 20.38790894 21.00000000
v 6.06429434 21.00000000 22.00000000
v 7.00000000 20.40402412 22.00000000
v 6.10527420 21.00000000 23.00000000
v 7.00000000 20.42526054 23.00000000
v 6.15715694 21.00000000 24.00000000
v 7.00000000 20.45207977 24.00000000
v 6.20258760 21.00000000 25.00000000
v 7.00000000 20.47797203 25.00000000
v 6.22775650 21.00000000 26.00000000
v 7.00000000 20.49369621 26.00000000
v 6.23511457 21.00000000 27.00000000
v 7.00000000 20.50173950 27.00000000
v 6.24149799 21.00000000 28.00000000
v 7.00000000 20.51177979 28.00000000
v 6.24576521 21.00000000 29.00000000
v 7.00000000 20.52132607 29.00000000
v 6.24752522 21.00000000 30.00000000
v 7.00000000 20.52779579 30.00000000
v 6.25349760 21.00000000 31.00000000
v 7.00000000 20.53253555 31.00000000
v 6.25743008 21.00000000 32.00000000
v 7.00000000 20.53717804 32.00000000
v 6.24866915 21.00000000 33.00000000
v 7.00000000 20.54426384 33.00000000
v 6.23753595 21.00000000 34.00000000
v 7.00000000 20.54951477 34.00000000
v 6.22381735 21.00000000 35.00000000
v 7.00000000 20.55813026 35.00000000
v 6.21294928 21.00000000 36.00000000
v 7.00000000 20.56043243 36.00000000
v 6.20920992 21.00000000 37.00000000
v 7.00000000 20.55585098 37.00000000
v 6.19688129 21.00000000 38.00000000
v 7.00000000 20.54129410 38.00000000
v 6.19424057 21.00000000 39.00000000
v 7.00000000 20.52598572 39.00000000
v 6.19250631 21.00000000 40.00000000
v 7.00000000 20.50476456 40.00000000
v 6.20335722 21.00000000 41.00000000
v 7.00000000 20.47805214 41.00000000
v 6.22349596 21.00000000 42.00000000
v 7.00000000 20.46399498 42.00000000
v 6.25589943 21.00000000 43.00000000
v 7.00000000 20.44894981 43.00000000
v 6.30386877 21.00000000 44.00000000
v 7.00000000 20.44268417 44.00000000
v 6.51626348 21.00000000 45.00000000
v 7.00000000 20.54061890 45.00000000
v 7.00000000 21.00000000 45.64026642
v 6.43137741 22.00000000 18.00000000
v 7.00000000 22.00000000 17.56965256
v 6.03064299 22.00000000 44.00000000
v 6.28783751 22.00000000 45.00000000
v 7.00000000 22.00000000 45.87744904
v 6.45455265 23.00000000 18.00000000
v 7.00000000 23.00000000 17.57245636
v 6.02168703 23.00000000 44.00000000
v 6.29556656 23.00000000 45.00000000
v 7.00000000 23.00000000 45.85084915
v 6.49851942 24.00000000 18.00000000
v 7.00000000 24.00000000 17.59100914
v 6.02647781 24.00000000 19.00000000
v 6.01479816 24.00000000 44.00000000
v 6.30101347 24.00000000 45.00000000
v 7.00000000 24.00000000 45.83079147
v 6.44856262 25.00000000 18.00000000
v 7.00000000 25.00000000 17.52638245
v 6.01688623 25.00000000 19.00000000
v 6.27969408 25.00000000 45.00000000
v 7.00000000 25.00000000 45.82801437
v 6.37126446 26.00000000 18.00000000
v 7.00000000 26.00000000 17.44285202
v 6.02101755 26.00000000 44.00000000
v 6.28339958 26.00000000 45.00000000
v 7.00000000 26.00000000 45.81867981
v 6.26936579 27.00000000 18.00000000
v 7.00000000 27.00000000 17.31846237
v 6.04840565 27.00000000 44.00000000
v 6.30926037 27.00000000 45.00000000
v 7.00000000 27.00000000 45.81129837
v 6.21574259 28.00000000 18.00000000
v 7.00000000 28.00000000 17.21520996
v 6.00030851 28.00000000 42.00000000
v 6.00000715 28.00000000 43.00000000
v 6.07708025 28.00000000 44.00000000
v 6.32366419 28.00000000 45.00000000
v 7.00000000 28.00000000 45.79237747
v 6.18537521 29.00000000 18.00000000
v 7.00000000 29.00000000 17.13477135
v 6.00639677 29.00000000 43.00000000
v 6.08256435 29.00000000 44.00000000
v 6.33558464 29.00000000 45.00000000
v 7.00000000 29.00000000 45.80850983
v 6.21136713 30.00000000 18.00000000
v 7.00000000 30.00000000 17.05522919
v 6.00731945 30.00000000 19.00000000
v 6.01216698 30.00000000 38.00000000
v 6.01533413 30.00000000 39.00000000
v 6.00375843 30.00000000 40.00000000
v 6.00005817 30.00000000 43.00000000
v 6.08655357 30.00000000 44.00000000
v 6.35417080 30.00000000 45.00000000
v 7.00000000 30.00000000 45.82150269
v 6.26683617 31.00000000 18.00000000
v 7.00000000 31.00000000 17.07869911
v 6.03288078 31.00000000 19.00000000
v 6.01575136 31.00000000 38.00000000
v 6.02925777 31.00000000 39.00000000
v 6.03461599 31.00000000 40.00000000
v 6.03357506 31.00000000 41.00000000
v 6.01636028 31.00000000 42.00000000
v 6.00756550 31.00000000 43.00000000
v 6.07047462 31.00000000 44.00000000
v 6.33577347 31.00000000 45.00000000
v 7.00000000 31.00000000 45.87904739
v 6.12348127 32.00000000 18.00000000
v 7.00000000 32.00000000 17.02325821
v 6.01149654 32.00000000 39.00000000
v 6.03056002 32.00000000 40.00000000
v 6.03618002 32.00000000 41.00000000
v 6.03627205 32.00000000 42.00000000
v 6.03171349 32.00000000 43.00000000
v 6.05235624 32.00000000 44.00000000
v 6.29894495 32.00000000 45.00000000
v 7.00000000 32.00000000 45.93841553
v 6.38447618 33.00000000 17.00000000
v 7.00000000 32.04470444 17.00000000
v 7.00000000 33.00000000 16.65580940
v 6.00442648 33.00000000 40.00000000
v 6.01332712 33.00000000 41.00000000
v 6.03150845 33.00000000 42.00000000
v 6.03472614 33.00000000 43.00000000
v 6.06437111 33.00000000 44.00000000
v 6.26466370 33.00000000 45.00000000
v 7.00000000 33.00000000 45.97185135
v 6.11937904 34.00000000 17.00000000
v 7.00000000 34.00000000 16.48784256
v 6.01801109 34.00000000 43.00000000
v 6.07067299 34.00000000 44.00000000
v 6.25919628 34.00000000 45.00000000
v 7.00000000 33.80323792 46.00000000
v 6.99282360 34.00000000 46.00000000
v 7.00000000 34.00000000 46.00442886
v 6.15657377 35.00000000 17.00000000
v 7.00000000 35.00000000 16.52425575
v 6.04617786 35.00000000 44.00000000
v 6.24140835 35.00000000 45.00000000
v 6.92901468 35.00000000 46.00000000
v 7.00000000 35.00000000 46.04382324
v 6.35872841 36.00000000 17.00000000
v 7.00000000 36.00000000 16.66803551
v 6.00835943 36.00000000 44.00000000
v 6.21553135 36.00000000 45.00000000
v 6.91687584 36.00000000 46.00000000
v 7.00000000 36.00000000 46.05118942
v 6.78000498 37.00000000 17.00000000
v 7.00000000 37.00000000 16.90623856
v 6.03197050 37.00000000 18.00000000
v 6.05207729 37.00000000 36.00000000
v 6.07640648 37.00000000 37.00000000
v 6.05440187 37.00000000 38.00000000
v 6.01337481 37.00000000 39.00000000
v 6.00141478 37.00000000 44.00000000
v 6.20264673 37.00000000 45.00000000
v 6.91106749 37.00000000 46.00000000
v 7.00000000 37.00000000 46.05178833
v 7.00000000 37.38642502 17.00000000
v 7.00000000 38.00000000 17.44897652
v 6.56123400 38.00000000 18.00000000
v 6.22843981 38.00000000 19.00000000
v 6.06424952 38.00000000 20.00000000
v 6.02290249 38.00000000 33.00000000
v 6.10631466 38.00000000 34.00000000
v 6.16470528 38.00000000 35.00000000
v 6.20911932 38.00000000 36.00000000
v 6.21524715 38.00000000 37.00000000
v 6.17118406 38.00000000 38.00000000
v 6.10793257 38.00000000 39.00000000
v 6.03382158 38.00000000 40.00000000
v 6.05353022 38.00000000 44.00000000
v 6.26646566 38.00000000 45.00000000
v 6.98827267 38.00000000 46.00000000
v 7.00000000 38.00000000 46.00643921
v 7.00000000 38.46673965 18.00000000
v 7.00000000 38.86326218 19.00000000
v 7.00000000 39.00000000 19.49423218
v 6.84815121 39.00000000 20.00000000
v 6.65407467 39.00000000 21.00000000
v 6.51212740 39.00000000 22.00000000
v 6.39106369 39.00000000 23.00000000
v 6.32067490 39.00000000 24.00000000
v 6.25236177 39.00000000 25.00000000
v 6.18388414 39.00000000 26.00000000
v 6.14361811 39.00000000 27.00000000
v 6.12589264 39.00000000 28.00000000
v 6.13178635 39.00000000 29.00000000
v 6.15787029 39.00000000 30.00000000
v 6.20015907 39.00000000 31.00000000
v 6.26541042 39.00000000 32.00000000
v 6.31894255 39.00000000 33.00000000
v 6.40358353 39.00000000 34.00000000
v 6.46264076 39.00000000 35.00000000
v 6.48665524 39.00000000 36.00000000
v 6.43072987 39.00000000 37.00000000
v 6.34284878 39.00000000 38.00000000
v 6.26949549 39.00000000 39.00000000
v 6.17680025 39.00000000 40.00000000
v 6.09691048 39.00000000 41.00000000
v 6.07139587 39.00000000 42.00000000
v 6.09284830 39.00000000 43.00000000
v 6.17355299 39.00000000 44.00000000
v 6.43926430 39.00000000 45.00000000
v 7.00000000 39.00000000 45.78247452
v 7.00000000 38.05912018 46.00000000
v 7.00000000 39.13716888 20.00000000
v 7.00000000 39.35024643 21.00000000
v 7.00000000 39.53086090 22.00000000
v 7.00000000 39.68112564 23.00000000
v 7.00000000 39.82488251 24.00000000
v 7.00000000 39.97193909 25.00000000
v 7.00000000 40.00000000 25.23496819
v 6.91559362 40.00000000 26.00000000
v 6.82639885 40.00000000 27.00000000
v 6.73895216 40.00000000 28.00000000
v 6.67761183 40.00000000 29.00000000
v 6.64431524 40.00000000 30.00000000
v 6.64162016 40.00000000 31.00000000
v 6.69349432 40.00000000 32.00000000
v 6.76701641 40.00000000 33.00000000
v 6.86631727 40.00000000 34.00000000
v 6.94847631 40.00000000 35.00000000
v 6.99524212 40.00000000 36.00000000
v 6.81716156 40.00000000 37.00000000
v 6.66132593 40.00000000 38.00000000
v 6.55426931 40.00000000 39.00000000
v 6.45006752 40.00000000 40.00000000
v 6.34976435 40.00000000 41.00000000
v 6.32357264 40.00000000 42.00000000
v 6.34392357 40.00000000 43.00000000
v 6.46372890 40.00000000 44.00000000
v 6.80903149 40.00000000 45.00000000
v 7.00000000 40.00000000 45.28889465
v 7.00000000 40.08573532 26.00000000
v 7.00000000 40.19622803 27.00000000
v 7.00000000 40.32308197 28.00000000
v 7.00000000 40.43408203 29.00000000
v 7.00000000 40.49786377 30.00000000
v 7.00000000 40.49116135 31.00000000
v 7.00000000 40.44260788 32.00000000
v 7.00000000 40.35054779 33.00000000
v 7.00000000 40.20148849 34.00000000
v 7.00000000 40.07633972 35.00000000
v 7.00000000 40.00774765 36.00000000
v 7.00000000 40.34037018 37.00000000
v 7.00000000 40.69018936 38.00000000
v 7.00000000 40.99001694 39.00000000
v 7.00000000 41.00000000 39.05067825
v 6.90045738 41.00000000 40.00000000
v 6.77998781 41.00000000 41.00000000
v 6.72306919 41.00000000 42.00000000
v 6.75289488 41.00000000 43.00000000
v 6.94191599 41.00000000 44.00000000
v 7.00000000 41.00000000 44.13858414
v 7.00000000 40.34168243 45.00000000
v 7.00000000 41.12432098 40.00000000
v 7.00000000 41.25708771 41.00000000
v 7.00000000 41.31658936 42.00000000
v 7.00000000 41.28313446 43.00000000
v 7.00000000 41.06270981 44.00000000
v 8.00000000 20.61685181 18.00000000
v 8.00000000 21.00000000 17.62576294
v 8.00000000 20.35357094 19.00000000
v 8.00000000 20.30719566 20.00000000
v 8.00000000 20.30268669 21.00000000
v 8.00000000 20.30819702 22.00000000
v 8.00000000 20.31451797 23.00000000
v 8.00000000 20.32478714 24.00000000
v 8.00000000 20.32938194 25.00000000
v 8.00000000 20.33591652 26.00000000
v 8.00000000 20.33827400 27.00000000
v 8.00000000 20.34560966 28.00000000
v 8.00000000 20.35124779 29.00000000
v 8.00000000 20.35712242 30.00000000
v 8.00000000 20.36416435 31.00000000
v 8.00000000 20.37314415 32.00000000
v 8.00000000 20.38335800 33.00000000
v 8.00000000 20.39291000 34.00000000
v 8.00000000 20.40219498 35.00000000
v 8.00000000 20.40161133 36.00000000
v 8.00000000 20.39483452 37.00000000
v 8.00000000 20.38428497 38.00000000
v 8.00000000 20.37655449 39.00000000
v 8.00000000 20.36000824 40.00000000
v 8.00000000 20.33885574 41.00000000
v 8.00000000 20.32669640 42.00000000
v 8.00000000 20.30684090 43.00000000
v 8.00000000 20.29739761 44.00000000
v 8.00000000 20.35352898 45.00000000
v 7.74452543 21.00000000 46.00000000
v 8.00000000 20.89210320 46.00000000
v 8.00000000 21.00000000 46.05960846
v 8.00000000 22.00000000 17.36915970
v 7.29523230 22.00000000 46.00000000
v 8.00000000 22.00000000 46.15729523
v 8.00000000 23.00000000 17.36572075
v 7.36567402 23.00000000 46.00000000
v 8.00000000 23.00000000 46.13890457
v 8.00000000 24.00000000 17.34864044
v 7.41789532 24.00000000 46.00000000
v 8.00000000 24.00000000 46.12987137
v 8.00000000 25.00000000 17.27014160
v 7.47606182 25.00000000 46.00000000
v 8.00000000 25.00000000 46.11010361
v 8.00000000 26.00000000 17.17875862
v 7.50097847 26.00000000 46.00000000
v 8.00000000 26.00000000 46.10662079
v 8.00000000 27.00000000 17.06994247
v 7.48366594 27.00000000 46.00000000
v 8.00000000 27.00000000 46.11852646
v 7.88808107 28.00000000 17.00000000
v 8.00000000 27.75005341 17.00000000
v 8.00000000 28.00000000 16.98181152
v 7.53176594 28.00000000 46.00000000
v 8.00000000 28.00000000 46.11129379
v 7.56745481 29.00000000 17.00000000
v 8.00000000 29.00000000 16.92961693
v 7.48154068 29.00000000 46.00000000
v 8.00000000 29.00000000 46.12367630
v 7.19399118 30.00000000 17.00000000
v 8.00000000 30.00000000 16.85346794
v 7.43445730 30.00000000 46.00000000
v 8.00000000 30.00000000 46.13552475
v 7.23521709 31.00000000 17.00000000
v 8.00000000 31.00000000 16.83716011
v 7.27961874 31.00000000 46.00000000
v 8.00000000 31.00000000 46.17319870
v 7.08869171 32.00000000 17.00000000
v 8.00000000 32.00000000 16.80621719
v 7.13349104 32.00000000 46.00000000
v 8.00000000 32.00000000 46.21487427
v 8.00000000 33.00000000 16.51347923
v 7.05910158 33.00000000 46.00000000
v 8.00000000 33.00000000 46.24393845
v 8.00000000 34.00000000 16.36121750
v 8.00000000 34.00000000 46.25410843
v 8.00000000 35.00000000 16.36857796
v 8.00000000 35.00000000 46.28991699
v 8.00000000 36.00000000 16.49685478
v 8.00000000 36.00000000 46.29549408
v 8.00000000 37.00000000 16.72939301
v 8.00000000 37.00000000 46.29436493
v 8.00000000 37.93679428 17.00000000
v 8.00000000 38.00000000 17.04849052
v 8.00000000 38.00000000 46.24994278
v 8.00000000 38.79954910 18.00000000
v 7.38813639 39.00000000 19.00000000
v 8.00000000 39.00000000 18.46550179
v 7.46036100 39.00000000 46.00000000
v 8.00000000 39.00000000 46.12559128
v 8.00000000 39.21143723 19.00000000
v 8.00000000 39.47065353 20.00000000
v 8.00000000 39.67188644 21.00000000
v 8.00000000 39.82642746 22.00000000
v 8.00000000 39.98291016 23.00000000
v 7.53510952 40.00000000 24.00000000
v 8.00000000 40.00000000 23.11063766
v 7.07860374 40.00000000 25.00000000
v 8.00000000 40.00000000 45.86420059
v 8.00000000 39.65043259 46.00000000
v 8.00000000 40.13562393 24.00000000
v 8.00000000 40.29314041 25.00000000
v 8.00000000 40.43112946 26.00000000
v 8.00000000 40.54973602 27.00000000
v 8.00000000 40.66573715 28.00000000
v 8.00000000 40.78585815 29.00000000
v 8.00000000 40.87259293 30.00000000
v 8.00000000 40.86747360 31.00000000
v 8.00000000 40.81042480 32.00000000
v 8.00000000 40.74679565 33.00000000
v 8.00000000 40.64416885 34.00000000
v 8.00000000 40.57697678 35.00000000
v 8.00000000 40.63741302 36.00000000
v 7.77695465 41.00000000 37.00000000
v 8.00000000 41.00000000 36.71663284
v 7.29772472 41.00000000 38.00000000
v 7.00872564 41.00000000 39.00000000
v 7.82244015 41.00000000 45.00000000
v 8.00000000 41.00000000 45.12962341
v 8.00000000 41.12821579 37.00000000
v 8.00000000 41.49565125 38.00000000
v 8.00000000 41.68830109 39.00000000
v 8.00000000 41.76232147 40.00000000
v 8.00000000 41.86024857 41.00000000
v 8.00000000 41.89693451 42.00000000
v 8.00000000 41.82407379 43.00000000
v 8.00000000 41.54892731 44.00000000
v 8.00000000 41.08383179 45.00000000
v 9.00000000 20.62457657 18.00000000
v 9.00000000 21.00000000 17.59702873
v 9.00000000 20.36810684 19.00000000
v 9.00000000 20.32383347 20.00000000
v 9.00000000 20.31128693 21.00000000
v 9.00000000 20.31019211 22.00000000
v 9.00000000 20.31013680 23.00000000
v 9.00000000 20.31788635 24.00000000
v 9.00000000 20.32951355 25.00000000
v 9.00000000 20.33961678 26.00000000
v 9.00000000 20.34583282 27.00000000
v 9.00000000 20.34915924 28.00000000
v 9.00000000 20.35269165 29.00000000
v 9.00000000 20.35933495 30.00000000
v 9.00000000 20.36908913 31.00000000
v 9.00000000 20.37918091 32.00000000
v 9.00000000 20.39265442 33.00000000
v 9.00000000 20.40752602 34.00000000
v 9.00000000 20.41623688 35.00000000
v 9.00000000 20.41218376 36.00000000
v 9.00000000 20.40190125 37.00000000
v 9.00000000 20.39031029 38.00000000
v 9.00000000 20.38186455 39.00000000
v 9.00000000 20.36207199 40.00000000
v 9.00000000 20.34500885 41.00000000
v 9.00000000 20.33883858 42.00000000
v 9.00000000 20.32384109 43.00000000
v 9.00000000 20.32297897 44.00000000
v 9.00000000 20.38892555 45.00000000
v 9.00000000 20.81090355 46.00000000
v 9.00000000 21.00000000 46.11641693
v 9.00000000 22.00000000 17.29935074
v 9.00000000 22.00000000 46.21440887
v 9.00000000 23.00000000 17.29379463
v 9.00000000 23.00000000 46.18146133
v 9.00000000 24.00000000 17.27730751
v 9.00000000 24.00000000 46.15064240
v 9.00000000 25.00000000 17.19038773
v 9.00000000 25.00000000 46.13676834
v 9.00000000 26.00000000 17.11236572
v 9.00000000 26.00000000 46.13726425
v 9.00000000 27.00000000 17.02003479
v 9.00000000 27.00000000 46.14433289
v 9.00000000 27.22552872 17.00000000
v 9.00000000 28.00000000 16.94537544
v 9.00000000 28.00000000 46.13734818
v 9.00000000 29.00000000 16.87663269
v 9.00000000 29.00000000 46.15034866
v 9.00000000 30.00000000 16.82007408
v 9.00000000 30.00000000 46.16962051
v 9.00000000 31.00000000 16.84302139
v 9.00000000 31.00000000 46.22086716
v 9.00000000 32.00000000 16.88844872
v 9.00000000 32.00000000 46.27622223
v 9.00000000 33.00000000 16.57810974
v 9.00000000 33.00000000 46.32323456
v 9.00000000 34.00000000 16.39021111
v 9.00000000 34.00000000 46.35052109
v 9.00000000 35.00000000 16.38699913
v 9.00000000 35.00000000 46.38371658
v 9.00000000 36.00000000 16.46401978
v 9.00000000 36.00000000 46.40213394
v 9.00000000 37.00000000 16.68620300
v 9.00000000 37.00000000 46.40559387
v 8.49282646 38.00000000 17.00000000
v 9.00000000 38.00000000 16.97855377
v 9.00000000 38.00000000 46.36049652
v 9.00000000 38.06439590 17.00000000
v 9.00000000 38.89023972 18.00000000
v 9.00000000 39.00000000 18.26808739
v 9.00000000 39.00000000 46.24571991
v 9.00000000 39.27721024 19.00000000
v 9.00000000 39.52523804 20.00000000
v 9.00000000 39.72109604 21.00000000
v 9.00000000 39.87499619 22.00000000
v 8.63529491 40.00000000 23.00000000
v 9.00000000 40.00000000 22.92590141
v 8.53409290 40.00000000 46.00000000
v 9.00000000 40.00000000 46.06237030
v 9.00000000 40.00939560 23.00000000
v 9.00000000 40.12378693 24.00000000
v 9.00000000 40.23625946 25.00000000
v 9.00000000 40.35840607 26.00000000
v 9.00000000 40.48038864 27.00000000
v 9.00000000 40.58825684 28.00000000
v 9.00000000 40.68863678 29.00000000
v 9.00000000 40.76557541 30.00000000
v 9.00000000 40.79781723 31.00000000
v 9.00000000 40.79402924 32.00000000
v 9.00000000 40.74897385 33.00000000
v 9.00000000 40.63754654 34.00000000
v 9.00000000 40.57685089 35.00000000
v 9.00000000 40.68993759 36.00000000
v 9.00000000 41.00000000 36.44343948
v 9.00000000 41.00000000 45.47802734
v 9.00000000 40.21300507 46.00000000
v 9.00000000 41.34450912 37.00000000
v 9.00000000 41.90030670 38.00000000
v 8.74964142 42.00000000 39.00000000
v 9.00000000 42.00000000 38.48395157
v 8.59132004 42.00000000 40.00000000
v 8.43000507 42.00000000 41.00000000
v 8.39066029 42.00000000 42.00000000
v 8.70688057 42.00000000 43.00000000
v 9.00000000 42.00000000 43.25289154
v 9.00000000 41.79077911 44.00000000
v 9.00000000 41.32497025 45.00000000
v 9.00000000 42.06991959 39.00000000
v 9.00000000 42.11987305 40.00000000
v 9.00000000 42.13058472 41.00000000
v 9.00000000 42.10900879 42.00000000
v 9.00000000 42.04761505 43.00000000
v 10.00000000 20.65456772 18.00000000
v 10.00000000 21.00000000 17.59945679
v 10.00000000 20.39466858 19.00000000
v 10.00000000 20.34605026 20.00000000
v 10.00000000 20.33200073 21.00000000
v 10.00000000 20.32930946 22.00000000
v 10.00000000 20.33162880 23.00000000
v 10.00000000 20.33945465 24.00000000
v 10.00000000 20.35032654 25.00000000
v 10.00000000 20.36175537 26.00000000
v 10.00000000 20.37011147 27.00000000
v 10.00000000 20.37246704 28.00000000
v 10.00000000 20.37615776 29.00000000
v 10.00000000 20.38330269 30.00000000
v 10.00000000 20.39864159 31.00000000
v 10.00000000 20.41413879 32.00000000
v 10.00000000 20.43111610 33.00000000
v 10.00000000 20.44605255 34.00000000
v 10.00000000 20.45583725 35.00000000
v 10.00000000 20.45080376 36.00000000
v 10.00000000 20.44009590 37.00000000
v 10.00000000 20.42800713 38.00000000
v 10.00000000 20.41502380 39.00000000
v 10.00000000 20.39842796 40.00000000
v 10.00000000 20.38037109 41.00000000
v 10.00000000 20.36948776 42.00000000
v 10.00000000 20.35506821 43.00000000
v 10.00000000 20.36326218 44.00000000
v 10.00000000 20.44773865 45.00000000
v 10.00000000 20.83330154 46.00000000
v 10.00000000 21.00000000 46.11091232
v 10.00000000 22.00000000 17.26604843
v 10.00000000 22.00000000 46.20227814
v 10.00000000 23.00000000 17.27800369
v 10.00000000 23.00000000 46.16737366
v 10.00000000 24.00000000 17.27688980
v 10.00000000 24.00000000 46.13268280
v 10.00000000 25.00000000 17.18984413
v 10.00000000 25.00000000 46.12459564
v 10.00000000 26.00000000 17.10318565
v 10.00000000 26.00000000 46.12424469
v 10.00000000 27.00000000 17.01431465
v 10.00000000 27.00000000 46.13559723
v 10.00000000 27.16575623 17.00000000
v 10.00000000 28.00000000 16.94064140
v 10.00000000 28.00000000 46.12877274
v 10.00000000 29.00000000 16.86887741
v 10.00000000 29.00000000 46.14963913
v 10.00000000 30.00000000 16.81781960
v 10.00000000 30.00000000 46.17877197
v 10.00000000 31.00000000 16.89005852
v 10.00000000 31.00000000 46.23271179
v 10.00000000 31.53876305 17.00000000
v 9.54221916 32.00000000 17.00000000
v 10.00000000 32.00000000 17.11109352
v 10.00000000 32.00000000 46.29602432
v 10.00000000 32.23649979 17.00000000
v 10.00000000 33.00000000 16.74789810
v 10.00000000 33.00000000 46.34522247
v 10.00000000 34.00000000 16.55787086
v 10.00000000 34.00000000 46.37808990
v 10.00000000 35.00000000 16.53148842
v 10.00000000 35.00000000 46.42089081
v 10.00000000 36.00000000 16.59495354
v 10.00000000 36.00000000 46.44630432
v 10.00000000 37.00000000 16.79845047
v 10.00000000 37.00000000 46.44876480
v 10.00000000 37.79316330 17.00000000
v 9.28022671 38.00000000 17.00000000
v 10.00000000 38.00000000 17.14651489
v 10.00000000 38.00000000 46.41055679
v 10.00000000 38.70904541 18.00000000
v 10.00000000 39.00000000 18.88677597
v 10.00000000 39.00000000 46.30707550
v 10.00000000 39.03003693 19.00000000
v 10.00000000 39.25251389 20.00000000
v 10.00000000 39.43970108 21.00000000
v 10.00000000 39.60350800 22.00000000
v 10.00000000 39.72875214 23.00000000
v 9.03916264 40.00000000 23.00000000
v 10.00000000 39.83745956 24.00000000
v 9.45892334 40.00000000 24.00000000
v 10.00000000 39.93566513 25.00000000
v 9.79575634 40.00000000 25.00000000
v 10.00000000 40.00000000 25.74645996
v 10.00000000 40.00000000 46.14362717
v 10.00000000 40.02296066 26.00000000
v 10.00000000 40.10929489 27.00000000
v 10.00000000 40.19425964 28.00000000
v 10.00000000 40.27952194 29.00000000
v 10.00000000 40.32104492 30.00000000
v 10.00000000 40.33070755 31.00000000
v 10.00000000 40.32417679 32.00000000
v 10.00000000 40.27243805 33.00000000
v 10.00000000 40.24338531 34.00000000
v 10.00000000 40.22700500 35.00000000
v 10.00000000 40.35621262 36.00000000
v 10.00000000 41.00000000 36.63500595
v 10.00000000 41.00000000 45.69378281
v 10.00000000 40.50471878 46.00000000
v 10.00000000 41.29076767 37.00000000
v 9.41249371 42.00000000 38.00000000
v 10.00000000 42.00000000 37.82676697
v 10.00000000 42.00000000 43.80319595
v 10.00000000 41.93579865 44.00000000
v 10.00000000 41.48620605 45.00000000
v 10.00000000 42.08689880 38.00000000
v 10.00000000 42.27633286 39.00000000
v 10.00000000 42.32333374 40.00000000
v 10.00000000 42.29985046 41.00000000
v 10.00000000 42.24896622 42.00000000
v 10.00000000 42.17387009 43.00000000
v 11.00000000 20.68440056 18.00000000
v 11.00000000 21.00000000 17.61891556
v 11.00000000 20.42072296 19.00000000
v 11.00000000 20.36598206 20.00000000
v 11.00000000 20.34566879 21.00000000
v 11.00000000 20.33847046 22.00000000
v 11.00000000 20.34242249 23.00000000
v 11.00000000 20.35672951 24.00000000
v 11.00000000 20.36978722 25.00000000
v 11.00000000 20.38000679 26.00000000
v 11.00000000 20.38876915 27.00000000
v 11.00000000 20.39128685 28.00000000
v 11.00000000 20.39617920 29.00000000
v 11.00000000 20.40654755 30.00000000
v 11.00000000 20.42408371 31.00000000
v 11.00000000 20.43924522 32.00000000
v 11.00000000 20.45384979 33.00000000
v 11.00000000 20.46547508 34.00000000
v 11.00000000 20.47362137 35.00000000
v 11.00000000 20.46795654 36.00000000
v 11.00000000 20.45805550 37.00000000
v 11.00000000 20.44522095 38.00000000
v 11.00000000 20.43375206 39.00000000
v 11.00000000 20.42362404 40.00000000
v 11.00000000 20.41190910 41.00000000
v 11.00000000 20.39945030 42.00000000
v 11.00000000 20.38612747 43.00000000
v 11.00000000 20.39575386 44.00000000
v 11.00000000 20.49575996 45.00000000
v 11.00000000 20.87843132 46.00000000
v 11.00000000 21.00000000 46.08522034
v 11.00000000 22.00000000 17.26619339
v 11.00000000 22.00000000 46.17827988
v 11.00000000 23.00000000 17.28819084
v 11.00000000 23.00000000 46.14437485
v 11.00000000 24.00000000 17.29087067
v 11.00000000 24.00000000 46.10977936
v 11.00000000 25.00000000 17.21192169
v 11.00000000 25.00000000 46.10261917
v 11.00000000 26.00000000 17.11188507
v 11.00000000 26.00000000 46.10295105
v 11.00000000 27.00000000 17.02598763
v 11.00000000 27.00000000 46.11537933
v 11.00000000 27.29998589 17.00000000
v 11.00000000 28.00000000 16.94794655
v 11.00000000 28.00000000 46.10739517
v 11.00000000 29.00000000 16.86252213
v 11.00000000 29.00000000 46.12562180
v 11.00000000 30.00000000 16.80000687
v 11.00000000 30.00000000 46.16271210
v 11.00000000 31.00000000 16.94223976
v 11.00000000 31.00000000 46.22753143
v 11.00000000 31.15822411 17.00000000
v 11.00000000 32.00000000 17.54196548
v 11.00000000 32.00000000 46.29641342
v 11.00000000 32.89363861 17.00000000
v 11.00000000 33.00000000 16.96904373
v 11.00000000 33.00000000 46.34910965
v 11.00000000 34.00000000 16.82659721
v 11.00000000 34.00000000 46.39036179
v 11.00000000 35.00000000 16.83720970
v 11.00000000 35.00000000 46.43376923
v 11.00000000 36.00000000 16.95676422
v 11.00000000 36.00000000 46.46696472
v 11.00000000 36.28695679 17.00000000
v 10.65078163 37.00000000 17.00000000
v 11.00000000 37.00000000 17.35978699
v 11.00000000 37.00000000 46.46711731
v 11.00000000 37.77344131 18.00000000
v 10.84450436 38.00000000 18.00000000
v 11.00000000 38.00000000 18.58436394
v 11.00000000 38.00000000 46.43272781
v 11.00000000 38.11752701 19.00000000
v 10.05058479 39.00000000 19.00000000
v 11.00000000 38.37196732 20.00000000
v 10.38872623 39.00000000 20.00000000
v 11.00000000 38.58913803 21.00000000
v 10.62248325 39.00000000 21.00000000
v 11.00000000 38.74715042 22.00000000
v 10.79195118 39.00000000 22.00000000
v 11.00000000 38.87191772 23.00000000
v 10.90186405 39.00000000 23.00000000
v 11.00000000 38.97678757 24.00000000
v 10.98308086 39.00000000 24.00000000
v 11.00000000 39.00000000 24.26292992
v 10.99449062 39.00000000 31.00000000
v 11.00000000 39.00000000 30.94121361
v 11.00000000 38.98403168 31.00000000
v 11.00000000 38.83576965 32.00000000
v 10.94400501 39.00000000 32.00000000
v 11.00000000 38.88302612 33.00000000
v 10.95725632 39.00000000 33.00000000
v 11.00000000 39.00000000 33.36934280
v 11.00000000 39.00000000 46.33955765
v 11.00000000 39.05699921 25.00000000
v 11.00000000 39.14648819 26.00000000
v 10.03589916 40.00000000 26.00000000
v 11.00000000 39.22556305 27.00000000
v 10.15651608 40.00000000 27.00000000
v 11.00000000 39.27860641 28.00000000
v 10.25605488 40.00000000 28.00000000
v 11.00000000 39.26696777 29.00000000
v 10.34300137 40.00000000 29.00000000
v 11.00000000 39.15533447 30.00000000
v 10.36916733 40.00000000 30.00000000
v 10.36285973 40.00000000 31.00000000
v 10.34635162 40.00000000 32.00000000
v 10.27405453 40.00000000 33.00000000
v 11.00000000 39.10762024 34.00000000
v 10.27991486 40.00000000 34.00000000
v 11.00000000 39.28626633 35.00000000
v 10.29737854 40.00000000 35.00000000
v 11.00000000 39.62436676 36.00000000
v 10.56932449 40.00000000 36.00000000
v 11.00000000 40.00000000 36.22285843
v 11.00000000 40.00000000 46.18799210
v 11.00000000 41.00000000 36.90470886
v 11.00000000 41.00000000 45.85147858
v 11.00000000 40.73283005 46.00000000
v 11.00000000 41.11381531 37.00000000
v 11.00000000 42.00000000 37.75452042
v 10.53957653 42.00000000 44.00000000
v 11.00000000 42.00000000 44.12138748
v 11.00000000 41.59189987 45.00000000
v 11.00000000 42.14752579 38.00000000
v 11.00000000 42.40024948 39.00000000
v 11.00000000 42.44614792 40.00000000
v 11.00000000 42.44110107 41.00000000
v 11.00000000 42.38187408 42.00000000
v 11.00000000 42.27463913 43.00000000
v 11.00000000 42.03766632 44.00000000
v 12.00000000 20.69880104 18.00000000
v 12.00000000 21.00000000 17.63261795
v 12.00000000 20.43597412 19.00000000
v 12.00000000 20.37142181 20.00000000
v 12.00000000 20.35055161 21.00000000
v 12.00000000 20.34289360 22.00000000
v 12.00000000 20.34881592 23.00000000
v 12.00000000 20.36499214 24.00000000
v 12.00000000 20.37757683 25.00000000
v 12.00000000 20.38364410 26.00000000
v 12.00000000 20.39020538 27.00000000
v 12.00000000 20.39216614 28.00000000
v 12.00000000 20.39704895 29.00000000
v 12.00000000 20.40963554 30.00000000
v 12.00000000 20.42929268 31.00000000
v 12.00000000 20.44836426 32.00000000
v 12.00000000 20.46355057 33.00000000
v 12.00000000 20.47403145 34.00000000
v 12.00000000 20.47784996 35.00000000
v 12.00000000 20.47244453 36.00000000
v 12.00000000 20.46304703 37.00000000
v 12.00000000 20.45022583 38.00000000
v 12.00000000 20.43922234 39.00000000
v 12.00000000 20.43206406 40.00000000
v 12.00000000 20.42486954 41.00000000
v 12.00000000 20.41304207 42.00000000
v 12.00000000 20.40316200 43.00000000
v 12.00000000 20.41494370 44.00000000
v 12.00000000 20.52381516 45.00000000
v 12.00000000 20.92962837 46.00000000
v 12.00000000 21.00000000 46.04983902
v 12.00000000 22.00000000 17.27861404
v 12.00000000 22.00000000 46.14844131
v 12.00000000 23.00000000 17.29769897
v 12.00000000 23.00000000 46.11296463
v 12.00000000 24.00000000 17.29802322
v 12.00000000 24.00000000 46.08026123
v 12.00000000 25.00000000 17.21788406
v 12.00000000 25.00000000 46.08192062
v 12.00000000 26.00000000 17.11218262
v 12.00000000 26.00000000 46.08423233
v 12.00000000 27.00000000 17.03129768
v 12.00000000 27.00000000 46.10022354
v 12.00000000 27.38055229 17.00000000
v 12.00000000 28.00000000 16.95419312
v 12.00000000 28.00000000 46.09368896
v 12.00000000 29.00000000 16.85532379
v 12.00000000 29.00000000 46.11275482
v 12.00000000 30.00000000 16.77260399
v 12.00000000 30.00000000 46.15962601
v 12.00000000 31.00000000 16.93910980
v 12.00000000 31.00000000 46.22767639
v 12.00000000 31.10628319 17.00000000
v 12.00000000 31.73326874 18.00000000
v 11.51278114 32.00000000 18.00000000
v 12.00000000 31.99495125 19.00000000
v 11.99188995 32.00000000 19.00000000
v 12.00000000 32.00000000 19.02984428
v 11.96462059 32.00000000 26.00000000
v 12.00000000 32.00000000 25.16128922
v 12.00000000 31.97456741 26.00000000
v 12.00000000 31.93877220 27.00000000
v 11.91468525 32.00000000 27.00000000
v 12.00000000 31.89928246 28.00000000
v 11.85817719 32.00000000 28.00000000
v 12.00000000 31.86292267 29.00000000
v 11.79672241 32.00000000 29.00000000
v 12.00000000 31.85538673 30.00000000
v 11.77566624 32.00000000 30.00000000
v 12.00000000 31.87403870 31.00000000
v 11.79878521 32.00000000 31.00000000
v 12.00000000 31.92848778 32.00000000
v 11.88780785 32.00000000 32.00000000
v 12.00000000 32.00000000 32.98519516
v 12.00000000 32.00000000 46.29663086
v 11.07736015 33.00000000 17.00000000
v 11.91188431 33.00000000 18.00000000
v 12.00000000 33.00000000 18.30951881
v 12.00000000 32.04653931 19.00000000
v 11.99436855 33.00000000 24.00000000
v 12.00000000 33.00000000 23.93284416
v 12.00000000 32.93826294 24.00000000
v 12.00000000 32.06847763 25.00000000
v 11.91047192 33.00000000 25.00000000
v 11.85352135 33.00000000 26.00000000
v 11.80348396 33.00000000 27.00000000
v 11.77783680 33.00000000 28.00000000
v 11.73335075 33.00000000 29.00000000
v 11.69557571 33.00000000 30.00000000
v 11.70345497 33.00000000 31.00000000
v 11.78560829 33.00000000 32.00000000
v 12.00000000 32.02179718 33.00000000
v 11.91839218 33.00000000 33.00000000
v 12.00000000 33.00000000 33.54493713
v 12.00000000 33.00000000 46.35235977
v 11.35750961 34.00000000 17.00000000
v 11.90627003 34.00000000 18.00000000
v 12.00000000 34.00000000 18.41823196
v 12.00000000 33.04298782 24.00000000
v 12.00000000 33.75894165 25.00000000
v 11.91507912 34.00000000 26.00000000
v 12.00000000 34.00000000 25.25865746
v 11.83678913 34.00000000 27.00000000
v 11.79489708 34.00000000 28.00000000
v 11.74970531 34.00000000 29.00000000
v 11.70326900 34.00000000 30.00000000
v 11.68001080 34.00000000 31.00000000
v 11.73155403 34.00000000 32.00000000
v 11.89843082 34.00000000 33.00000000
v 12.00000000 34.00000000 33.43755722
v 12.00000000 34.00000000 46.39767838
v 11.32388973 35.00000000 17.00000000
v 11.83378315 35.00000000 18.00000000
v 12.00000000 35.00000000 18.85974693
v 12.00000000 34.72953415 26.00000000
v 11.92761421 35.00000000 27.00000000
v 12.00000000 35.00000000 26.31918716
v 11.82530499 35.00000000 28.00000000
v 11.75025749 35.00000000 29.00000000
v 11.68636227 35.00000000 30.00000000
v 11.60496712 35.00000000 31.00000000
v 11.62376690 35.00000000 32.00000000
v 11.74505615 35.00000000 33.00000000
v 12.00000000 34.86376572 34.00000000
v 11.97541046 35.00000000 34.00000000
v 12.00000000 35.00000000 34.05020523
v 12.00000000 35.00000000 46.44031143
v 11.08382988 36.00000000 17.00000000
v 11.62524509 36.00000000 18.00000000
v 12.00000000 35.12033081 19.00000000
v 11.81125832 36.00000000 19.00000000
v 12.00000000 35.41223145 20.00000000
v 11.87617016 36.00000000 20.00000000
v 12.00000000 35.59850311 21.00000000
v 11.92596912 36.00000000 21.00000000
v 12.00000000 35.79021072 22.00000000
v 11.96136379 36.00000000 22.00000000
v 12.00000000 35.95837402 23.00000000
v 11.99274635 36.00000000 23.00000000
v 12.00000000 36.00000000 23.25638771
v 11.96036434 36.00000000 26.00000000
v 12.00000000 36.00000000 25.33444786
v 12.00000000 35.46445465 26.00000000
v 11.85402679 36.00000000 27.00000000
v 11.74947643 36.00000000 28.00000000
v 11.66795826 36.00000000 29.00000000
v 11.59482574 36.00000000 30.00000000
v 11.51346207 36.00000000 31.00000000
v 11.51295662 36.00000000 32.00000000
v 11.59411144 36.00000000 33.00000000
v 11.80163956 36.00000000 34.00000000
v 12.00000000 36.00000000 34.36870575
v 12.00000000 36.00000000 46.47222137
v 11.33553696 37.00000000 18.00000000
v 11.52669716 37.00000000 19.00000000
v 11.61383533 37.00000000 20.00000000
v 11.67442894 37.00000000 21.00000000
v 11.71722317 37.00000000 22.00000000
v 11.75568581 37.00000000 23.00000000
v 12.00000000 36.09131241 24.00000000
v 11.79410744 37.00000000 24.00000000
v 12.00000000 36.09508896 25.00000000
v 11.80998611 37.00000000 25.00000000
v 11.79998302 37.00000000 26.00000000
v 11.76078224 37.00000000 27.00000000
v 11.68702698 37.00000000 28.00000000
v 11.57666302 37.00000000 29.00000000
v 11.47444439 37.00000000 30.00000000
v 11.41718388 37.00000000 31.00000000
v 11.42758942 37.00000000 32.00000000
v 11.49616718 37.00000000 33.00000000
v 11.61995888 37.00000000 34.00000000
v 12.00000000 37.00000000 34.70079041
v 12.00000000 37.00000000 46.47871780
v 11.07131100 38.00000000 19.00000000
v 11.21011448 38.00000000 20.00000000
v 11.32409573 38.00000000 21.00000000
v 11.39942360 38.00000000 22.00000000
v 11.45160007 38.00000000 23.00000000
v 11.49772263 38.00000000 24.00000000
v 11.53032970 38.00000000 25.00000000
v 11.55391979 38.00000000 26.00000000
v 11.57417774 38.00000000 27.00000000
v 11.53860855 38.00000000 28.00000000
v 11.47555351 38.00000000 29.00000000
v 11.36448479 38.00000000 30.00000000
v 11.26799202 38.00000000 31.00000000
v 11.24433613 38.00000000 32.00000000
v 11.30164909 38.00000000 33.00000000
v 11.44111919 38.00000000 34.00000000
v 12.00000000 37.60606766 35.00000000
v 11.85250092 38.00000000 35.00000000
v 12.00000000 38.00000000 35.15500641
v 12.00000000 38.00000000 46.44601822
v 11.03888798 39.00000000 25.00000000
v 11.09526730 39.00000000 26.00000000
v 11.14468479 39.00000000 27.00000000
v 11.17799187 39.00000000 28.00000000
v 11.16079617 39.00000000 29.00000000
v 11.08171082 39.00000000 30.00000000
v 11.07863235 39.00000000 34.00000000
v 11.28915310 39.00000000 35.00000000
v 12.00000000 39.00000000 35.85318756
v 12.00000000 39.00000000 46.35605240
v 12.00000000 39.12881851 36.00000000
v 12.00000000 40.00000000 36.45281982
v 12.00000000 40.00000000 46.21258163
v 12.00000000 40.99119949 37.00000000
v 11.94679451 41.00000000 37.00000000
v 12.00000000 41.00000000 37.00432205
v 12.00000000 41.00000000 45.93254089
v 12.00000000 40.86877441 46.00000000
v 12.00000000 42.00000000 37.74925613
v 12.00000000 42.00000000 44.31777573
v 12.00000000 41.65754318 45.00000000
v 12.00000000 42.17554474 38.00000000
v 12.00000000 42.49648285 39.00000000
v 12.00000000 42.54994965 40.00000000
v 12.00000000 42.53704453 41.00000000
v 12.00000000 42.47436142 42.00000000
v 12.00000000 42.35020828 43.00000000
v 12.00000000 42.10910416 44.00000000
v 13.00000000 20.70913124 18.00000000
v 13.00000000 21.00000000 17.64047813
v 13.00000000 20.44204521 19.00000000
v 13.00000000 20.37261772 20.00000000
v 13.00000000 20.35308647 21.00000000
v 13.00000000 20.34818649 22.00000000
v 13.00000000 20.35462570 23.00000000
v 13.00000000 20.37306786 24.00000000
v 13.00000000 20.38557625 25.00000000
v 13.00000000 20.39204407 26.00000000
v 13.00000000 20.39867210 27.00000000
v 13.00000000 20.40174294 28.00000000
v 13.00000000 20.40629959 29.00000000
v 13.00000000 20.41794968 30.00000000
v 13.00000000 20.43753624 31.00000000
v 13.00000000 20.45732880 32.00000000
v 13.00000000 20.47189522 33.00000000
v 13.00000000 20.48144150 34.00000000
v 13.00000000 20.48323250 35.00000000
v 13.00000000 20.47656441 36.00000000
v 13.00000000 20.46749687 37.00000000
v 13.00000000 20.45456314 38.00000000
v 13.00000000 20.44327354 39.00000000
v 13.00000000 20.43559647 40.00000000
v 13.00000000 20.43215752 41.00000000
v 13.00000000 20.41995049 42.00000000
v 13.00000000 20.41094971 43.00000000
v 13.00000000 20.42240334 44.00000000
v 13.00000000 20.53735161 45.00000000
v 13.00000000 20.97048759 46.00000000
v 13.00000000 21.00000000 46.02086258
v 13.00000000 22.00000000 17.28419495
v 13.00000000 22.00000000 46.12561417
v 13.00000000 23.00000000 17.30233765
v 13.00000000 23.00000000 46.09175491
v 13.00000000 24.00000000 17.29813576
v 13.00000000 24.00000000 46.06428909
v 13.00000000 25.00000000 17.21885490
v 13.00000000 25.00000000 46.06631088
v 13.00000000 26.00000000 17.11037254
v 13.00000000 26.00000000 46.06906891
v 13.00000000 27.00000000 17.02869034
v 13.00000000 27.00000000 46.09028625
v 13.00000000 27.36496925 17.00000000
v 13.00000000 28.00000000 16.95376587
v 13.00000000 28.00000000 46.08949280
v 13.00000000 29.00000000 16.84532738
v 13.00000000 29.00000000 46.10513687
v 13.00000000 30.00000000 16.73045921
v 13.00000000 30.00000000 46.15878677
v 13.00000000 31.00000000 16.90048981
v 13.00000000 31.00000000 46.23039246
v 13.00000000 31.12295151 17.00000000
v 13.00000000 31.54975128 18.00000000
v 13.00000000 31.65149307 19.00000000
v 13.00000000 31.72434616 20.00000000
v 12.30095482 32.00000000 20.00000000
v 13.00000000 31.71620750 21.00000000
v 12.32308960 32.00000000 21.00000000
v 13.00000000 31.66930008 22.00000000
v 12.26143932 32.00000000 22.00000000
v 13.00000000 31.62603569 23.00000000
v 12.19862843 32.00000000 23.00000000
v 13.00000000 31.58446312 24.00000000
v 12.08667850 32.00000000 24.00000000
v 13.00000000 31.54361343 25.00000000
v 12.00625420 32.00000000 25.00000000
v 13.00000000 31.52597237 26.00000000
v 13.00000000 31.51000404 27.00000000
v 13.00000000 31.48633766 28.00000000
v 13.00000000 31.45317078 29.00000000
v 13.00000000 31.43029213 30.00000000
v 13.00000000 31.42257118 31.00000000
v 13.00000000 31.42546654 32.00000000
v 13.00000000 31.47570801 33.00000000
v 12.00130177 32.00000000 33.00000000
v 13.00000000 31.64246559 34.00000000
v 12.15662193 32.00000000 34.00000000
v 13.00000000 31.82068443 35.00000000
v 12.48431110 32.00000000 35.00000000
v 13.00000000 32.00000000 35.61324692
v 13.00000000 32.00000000 46.30137253
v 12.14614773 33.00000000 19.00000000
v 12.20135975 33.00000000 20.00000000
v 12.14117908 33.00000000 21.00000000
v 12.10753822 33.00000000 22.00000000
v 12.05814743 33.00000000 23.00000000
v 12.07576752 33.00000000 34.00000000
v 12.38600349 33.00000000 35.00000000
v 13.00000000 33.00000000 35.65325928
v 13.00000000 33.00000000 46.35943222
v 12.09111691 34.00000000 19.00000000
v 12.13361168 34.00000000 20.00000000
v 12.13476372 34.00000000 21.00000000
v 12.13551521 34.00000000 22.00000000
v 12.13208389 34.00000000 23.00000000
v 12.08399677 34.00000000 24.00000000
v 12.01812458 34.00000000 25.00000000
v 12.13046551 34.00000000 34.00000000
v 12.67200947 34.00000000 35.00000000
v 13.00000000 34.00000000 35.21318817
v 13.00000000 34.00000000 46.40707397
v 12.01696396 35.00000000 19.00000000
v 12.05478954 35.00000000 20.00000000
v 12.06764698 35.00000000 21.00000000
v 12.08785152 35.00000000 22.00000000
v 12.10046482 35.00000000 23.00000000
v 12.10476112 35.00000000 24.00000000
v 12.07079887 35.00000000 25.00000000
v 12.01950359 35.00000000 26.00000000
v 12.86302090 35.00000000 35.00000000
v 13.00000000 35.00000000 35.05537796
v 13.00000000 35.00000000 46.44873810
v 12.01329613 36.00000000 24.00000000
v 12.01312065 36.00000000 25.00000000
v 12.64034271 36.00000000 35.00000000
v 13.00000000 36.00000000 35.15421295
v 13.00000000 36.00000000 46.48015976
v 12.29116249 37.00000000 35.00000000
v 13.00000000 37.00000000 35.36592865
v 13.00000000 37.00000000 46.48744202
v 13.00000000 38.00000000 35.67750931
v 13.00000000 38.00000000 46.45692062
v 13.00000000 38.69075775 36.00000000
v 12.40200806 39.00000000 36.00000000
v 13.00000000 39.00000000 36.10693359
v 13.00000000 39.00000000 46.37078476
v 13.00000000 40.00000000 36.57904053
v 13.00000000 40.00000000 46.23142624
v 13.00000000 40.83052826 37.00000000
v 13.00000000 41.00000000 37.07814026
v 13.00000000 41.00000000 45.98789215
v 13.00000000 40.97513962 46.00000000
v 13.00000000 42.00000000 37.74133301
v 13.00000000 42.00000000 44.47238922
v 13.00000000 41.71438599 45.00000000
v 13.00000000 42.19976807 38.00000000
v 13.00000000 42.56684875 39.00000000
v 13.00000000 42.63165283 40.00000000
v 13.00000000 42.60382080 41.00000000
v 13.00000000 42.53794479 42.00000000
v 13.00000000 42.41387939 43.00000000
v 13.00000000 42.17506790 44.00000000
v 14.00000000 20.70902634 18.00000000
v 14.00000000 21.00000000 17.63473701
v 14.00000000 20.44309807 19.00000000
v 14.00000000 20.37427139 20.00000000
v 14.00000000 20.35754585 21.00000000
v 14.00000000 20.35341454 22.00000000
v 14.00000000 20.35829926 23.00000000
v 14.00000000 20.37619209 24.00000000
v 14.00000000 20.38657761 25.00000000
v 14.00000000 20.39285088 26.00000000
v 14.00000000 20.39777946 27.00000000
v 14.00000000 20.40340996 28.00000000
v 14.00000000 20.40894127 29.00000000
v 14.00000000 20.41949463 30.00000000
v 14.00000000 20.43959236 31.00000000
v 14.00000000 20.45870972 32.00000000
v 14.00000000 20.47184372 33.00000000
v 14.00000000 20.48140144 34.00000000
v 14.00000000 20.48360634 35.00000000
v 14.00000000 20.47639275 36.00000000
v 14.00000000 20.46817970 37.00000000
v 14.00000000 20.45518875 38.00000000
v 14.00000000 20.44438171 39.00000000
v 14.00000000 20.43683624 40.00000000
v 14.00000000 20.43589973 41.00000000
v 14.00000000 20.42514610 42.00000000
v 14.00000000 20.41709709 43.00000000
v 14.00000000 20.42869949 44.00000000
v 14.00000000 20.54665184 45.00000000
v 14.00000000 20.99808693 46.00000000
v 14.00000000 21.00000000 46.00135803
v 14.00000000 22.00000000 17.27999496
v 14.00000000 22.00000000 46.11137390
v 14.00000000 23.00000000 17.29404068
v 14.00000000 23.00000000 46.07969284
v 14.00000000 24.00000000 17.28275871
v 14.00000000 24.00000000 46.05392456
v 14.00000000 25.00000000 17.20557785
v 14.00000000 25.00000000 46.05326080
v 14.00000000 26.00000000 17.10330009
v 14.00000000 26.00000000 46.06067276
v 14.00000000 27.00000000 17.01725006
v 14.00000000 27.00000000 46.08714676
v 14.00000000 27.20082855 17.00000000
v 14.00000000 28.00000000 16.93437195
v 14.00000000 28.00000000 46.09244919
v 14.00000000 29.00000000 16.81565094
v 14.00000000 29.00000000 46.10341644
v 14.00000000 30.00000000 16.67164612
v 14.00000000 30.00000000 46.16030502
v 14.00000000 31.00000000 16.86523628
v 14.00000000 31.00000000 46.23397446
v 14.00000000 31.13360786 17.00000000
v 14.00000000 31.50612259 18.00000000
v 14.00000000 31.59160805 19.00000000
v 14.00000000 31.61053085 20.00000000
v 14.00000000 31.58323669 21.00000000
v 14.00000000 31.54489899 22.00000000
v 14.00000000 31.51085854 23.00000000
v 14.00000000 31.48346329 24.00000000
v 14.00000000 31.46246910 25.00000000
v 14.00000000 31.45296288 26.00000000
v 14.00000000 31.43138313 27.00000000
v 14.00000000 31.40018272 28.00000000
v 14.00000000 31.36442375 29.00000000
v 14.00000000 31.32546234 30.00000000
v 14.00000000 31.29389191 31.00000000
v 14.00000000 31.27008820 32.00000000
v 14.00000000 31.27206993 33.00000000
v 14.00000000 31.37899780 34.00000000
v 14.00000000 31.66234970 35.00000000
v 14.00000000 32.00000000 35.89956665
v 14.00000000 32.00000000 46.30704880
v 14.00000000 33.00000000 35.86988449
v 14.00000000 33.00000000 46.36614990
v 14.00000000 34.00000000 35.40948868
v 14.00000000 34.00000000 46.41450882
v 14.00000000 35.00000000 35.23468018
v 14.00000000 35.00000000 46.45403671
v 14.00000000 36.00000000 35.33433151
v 14.00000000 36.00000000 46.48635101
v 14.00000000 37.00000000 35.57406616
v 14.00000000 37.00000000 46.49617767
v 14.00000000 38.00000000 35.90323257
v 14.00000000 38.00000000 46.46731186
v 14.00000000 38.23247528 36.00000000
v 14.00000000 39.00000000 36.26111603
v 14.00000000 39.00000000 46.37825394
v 14.00000000 40.00000000 36.69004059
v 14.00000000 40.00000000 46.24261475
v 14.00000000 40.67987823 37.00000000
v 14.00000000 41.00000000 37.13924408
v 13.39878368 41.00000000 46.00000000
v 14.00000000 41.00000000 46.00963593
v 14.00000000 42.00000000 37.75843430
v 14.00000000 42.00000000 44.57679367
v 14.00000000 41.75431061 45.00000000
v 14.00000000 41.01680374 46.00000000
v 14.00000000 42.19961548 38.00000000
v 14.00000000 42.62389374 39.00000000
v 14.00000000 42.69458008 40.00000000
v 14.00000000 42.65780258 41.00000000
v 14.00000000 42.59041977 42.00000000
v 14.00000000 42.45972061 43.00000000
v 14.00000000 42.22626877 44.00000000
v 15.00000000 20.70815468 18.00000000
v 15.00000000 21.00000000 17.62701035
v 15.00000000 20.43995476 19.00000000
v 15.00000000 20.37067032 20.00000000
v 15.00000000 20.35474777 21.00000000
v 15.00000000 20.35206795 22.00000000
v 15.00000000 20.35606003 23.00000000
v 15.00000000 20.37302780 24.00000000
v 15.00000000 20.38263321 25.00000000
v 15.00000000 20.38962364 26.00000000
v 15.00000000 20.39680862 27.00000000
v 15.00000000 20.40299416 28.00000000
v 15.00000000 20.41169167 29.00000000
v 15.00000000 20.42445374 30.00000000
v 15.00000000 20.44378662 31.00000000
v 15.00000000 20.46233177 32.00000000
v 15.00000000 20.47229576 33.00000000
v 15.00000000 20.47922516 34.00000000
v 15.00000000 20.48098755 35.00000000
v 15.00000000 20.47279549 36.00000000
v 15.00000000 20.46482277 37.00000000
v 15.00000000 20.45514297 38.00000000
v 15.00000000 20.44532776 39.00000000
v 15.00000000 20.43847275 40.00000000
v 15.00000000 20.44058800 41.00000000
v 15.00000000 20.43097115 42.00000000
v 15.00000000 20.42289925 43.00000000
v 15.00000000 20.43377304 44.00000000
v 15.00000000 20.55101013 45.00000000
v 14.15057468 21.00000000 46.00000000
v 15.00000000 21.00000000 45.98289490
v 15.00000000 22.00000000 17.27713966
v 15.00000000 21.06495285 46.00000000
v 15.00000000 22.00000000 46.10030746
v 15.00000000 23.00000000 17.28810310
v 15.00000000 23.00000000 46.06771088
v 15.00000000 24.00000000 17.27181244
v 15.00000000 24.00000000 46.04627609
v 15.00000000 25.00000000 17.19527245
v 15.00000000 25.00000000 46.04505539
v 15.00000000 26.00000000 17.09279442
v 15.00000000 26.00000000 46.05378723
v 15.00000000 27.00000000 17.00371742
v 15.00000000 27.00000000 46.08346176
v 15.00000000 27.03996658 17.00000000
v 15.00000000 28.00000000 16.91269684
v 15.00000000 28.00000000 46.09536743
v 15.00000000 29.00000000 16.77648926
v 15.00000000 29.00000000 46.10340118
v 15.00000000 30.00000000 16.61823273
v 15.00000000 30.00000000 46.15831375
v 15.00000000 31.00000000 16.83277702
v 15.00000000 31.00000000 46.23262787
v 15.00000000 31.15535355 17.00000000
v 15.00000000 31.51154137 18.00000000
v 15.00000000 31.59059525 19.00000000
v 15.00000000 31.60541534 20.00000000
v 15.00000000 31.56738281 21.00000000
v 15.00000000 31.50910950 22.00000000
v 15.00000000 31.46474457 23.00000000
v 15.00000000 31.43899727 24.00000000
v 15.00000000 31.41784859 25.00000000
v 15.00000000 31.39713287 26.00000000
v 15.00000000 31.37205315 27.00000000
v 15.00000000 31.31996155 28.00000000
v 15.00000000 31.25799751 29.00000000
v 15.00000000 31.22693825 30.00000000
v 15.00000000 31.21841049 31.00000000
v 15.00000000 31.20677567 32.00000000
v 15.00000000 31.22422981 33.00000000
v 15.00000000 31.33578873 34.00000000
v 15.00000000 31.61696625 35.00000000
v 15.00000000 32.00000000 35.90256119
v 15.00000000 32.00000000 46.30970001
v 15.00000000 33.00000000 35.88993454
v 15.00000000 33.00000000 46.37025452
v 15.00000000 34.00000000 35.49015808
v 15.00000000 34.00000000 46.41954041
v 15.00000000 35.00000000 35.31402588
v 15.00000000 35.00000000 46.45693207
v 15.00000000 36.00000000 35.38179779
v 15.00000000 36.00000000 46.48753738
v 15.00000000 37.00000000 35.64063263
v 15.00000000 37.00000000 46.50184631
v 15.00000000 38.00000000 35.92195892
v 15.00000000 38.00000000 46.47600174
v 15.00000000 38.21161270 36.00000000
v 15.00000000 39.00000000 36.27605438
v 15.00000000 39.00000000 46.38373566
v 15.00000000 40.00000000 36.68473434
v 15.00000000 40.00000000 46.25071335
v 15.00000000 40.73351288 37.00000000
v 15.00000000 41.00000000 37.11232376
v 15.00000000 41.00000000 46.02002716
v 15.00000000 42.00000000 37.72698212
v 15.00000000 42.00000000 44.64271164
v 15.00000000 41.78371429 45.00000000
v 15.00000000 41.03492737 46.00000000
v 15.00000000 42.22751236 38.00000000
v 15.00000000 42.67495728 39.00000000
v 15.00000000 42.74327850 40.00000000
v 15.00000000 42.69684601 41.00000000
v 15.00000000 42.62106323 42.00000000
v 15.00000000 42.48733902 43.00000000
v 15.00000000 42.25880432 44.00000000
v 16.00000000 20.70595360 18.00000000
v 16.00000000 21.00000000 17.61952782
v 16.00000000 20.43545341 19.00000000
v 16.00000000 20.36855316 20.00000000
v 16.00000000 20.35345840 21.00000000
v 16.00000000 20.35148430 22.00000000
v 16.00000000 20.35576820 23.00000000
v 16.00000000 20.37097740 24.00000000
v 16.00000000 20.37998199 25.00000000
v 16.00000000 20.38830185 26.00000000
v 16.00000000 20.39889336 27.00000000
v 16.00000000 20.40533066 28.00000000
v 16.00000000 20.41471481 29.00000000
v 16.00000000 20.42758942 30.00000000
v 16.00000000 20.44690132 31.00000000
v 16.00000000 20.46353722 32.00000000
v 16.00000000 20.47216034 33.00000000
v 16.00000000 20.47764587 34.00000000
v 16.00000000 20.47887802 35.00000000
v 16.00000000 20.47147751 36.00000000
v 16.00000000 20.46378708 37.00000000
v 16.00000000 20.45798683 38.00000000
v 16.00000000 20.44726753 39.00000000
v 16.00000000 20.43963051 40.00000000
v 16.00000000 20.44338989 41.00000000
v 16.00000000 20.43662262 42.00000000
v 16.00000000 20.42696762 43.00000000
v 16.00000000 20.43822289 44.00000000
v 16.00000000 20.55372047 45.00000000
v 16.00000000 21.00000000 45.96825790
v 16.00000000 22.00000000 17.27352905
v 16.00000000 21.12278557 46.00000000
v 16.00000000 22.00000000 46.09380341
v 16.00000000 23.00000000 17.27675247
v 16.00000000 23.00000000 46.06428909
v 16.00000000 24.00000000 17.25464058
v 16.00000000 24.00000000 46.04497528
v 16.00000000 25.00000000 17.17949295
v 16.00000000 25.00000000 46.03861618
v 16.00000000 26.00000000 17.07975006
v 16.00000000 26.00000000 46.04940033
v 15.31027794 27.00000000 17.00000000
v 16.00000000 26.90024185 17.00000000
v 16.00000000 27.00000000 16.99205971
v 16.00000000 27.00000000 46.08076859
v 16.00000000 28.00000000 16.89069939
v 16.00000000 28.00000000 46.09804153
v 16.00000000 29.00000000 16.74080467
v 16.00000000 29.00000000 46.10617828
v 16.00000000 30.00000000 16.56885147
v 16.00000000 30.00000000 46.15479279
v 16.00000000 31.00000000 16.81049156
v 16.00000000 31.00000000 46.22978592
v 16.00000000 31.17044640 17.00000000
v 16.00000000 31.49819946 18.00000000
v 16.00000000 31.56961441 19.00000000
v 16.00000000 31.56998634 20.00000000
v 16.00000000 31.52585030 21.00000000
v 16.00000000 31.47161293 22.00000000
v 16.00000000 31.42498779 23.00000000
v 16.00000000 31.39372635 24.00000000
v 16.00000000 31.36535072 25.00000000
v 16.00000000 31.34006882 26.00000000
v 16.00000000 31.30832481 27.00000000
v 16.00000000 31.25963211 28.00000000
v 16.00000000 31.21833801 29.00000000
v 16.00000000 31.19244766 30.00000000
v 16.00000000 31.18798447 31.00000000
v 16.00000000 31.18471527 32.00000000
v 16.00000000 31.20006561 33.00000000
v 16.00000000 31.32313347 34.00000000
v 16.00000000 31.57328224 35.00000000
v 16.00000000 32.00000000 35.91367340
v 16.00000000 32.00000000 46.30936813
v 16.00000000 33.00000000 35.89176178
v 16.00000000 33.00000000 46.37327194
v 16.00000000 34.00000000 35.54794693
v 16.00000000 34.00000000 46.42293930
v 16.00000000 35.00000000 35.36984253
v 16.00000000 35.00000000 46.45963669
v 16.00000000 36.00000000 35.40875244
v 16.00000000 36.00000000 46.48893356
v 16.00000000 37.00000000 35.66615295
v 16.00000000 37.00000000 46.50403976
v 16.00000000 38.00000000 35.93539810
v 16.00000000 38.00000000 46.48394775
v 16.00000000 38.19055176 36.00000000
v 16.00000000 39.00000000 36.28337097
v 16.00000000 39.00000000 46.38874054
v 16.00000000 40.00000000 36.67547989
v 16.00000000 40.00000000 46.25711823
v 16.00000000 40.79234314 37.00000000
v 16.00000000 41.00000000 37.08417511
v 16.00000000 41.00000000 46.02668381
v 16.00000000 42.00000000 37.67554092
v 16.00000000 42.00000000 44.68223953
v 16.00000000 41.80339432 45.00000000
v 16.00000000 41.04662323 46.00000000
v 16.00000000 42.27129745 38.00000000
v 16.00000000 42.71875381 39.00000000
v 16.00000000 42.78234863 40.00000000
v 16.00000000 42.73003006 41.00000000
v 16.00000000 42.64139557 42.00000000
v 16.00000000 42.50507736 43.00000000
v 16.00000000 42.27814484 44.00000000
v 17.00000000 20.70388222 18.00000000
v 17.00000000 21.00000000 17.61330414
v 17.00000000 20.43464088 19.00000000
v 17.00000000 20.36974525 20.00000000
v 17.00000000 20.35622787 21.00000000
v 17.00000000 20.35470772 22.00000000
v 17.00000000 20.35739517 23.00000000
v 17.00000000 20.36935043 24.00000000
v 17.00000000 20.37703133 25.00000000
v 17.00000000 20.38361359 26.00000000
v 17.00000000 20.39495850 27.00000000
v 17.00000000 20.40318680 28.00000000
v 17.00000000 20.41335487 29.00000000
v 17.00000000 20.42605019 30.00000000
v 17.00000000 20.44675255 31.00000000
v 17.00000000 20.46109200 32.00000000
v 17.00000000 20.47145462 33.00000000
v 17.00000000 20.47599220 34.00000000
v 17.00000000 20.47684860 35.00000000
v 17.00000000 20.46922684 36.00000000
v 17.00000000 20.46187782 37.00000000
v 17.00000000 20.45800781 38.00000000
v 17.00000000 20.44864845 39.00000000
v 17.00000000 20.44205475 40.00000000
v 17.00000000 20.44534874 41.00000000
v 17.00000000 20.44081306 42.00000000
v 17.00000000 20.43025780 43.00000000
v 17.00000000 20.44256783 44.00000000
v 17.00000000 20.55774879 45.00000000
v 17.00000000 21.00000000 45.95793152
v 17.00000000 22.00000000 17.26067352
v 17.00000000 21.16023445 46.00000000
v 17.00000000 22.00000000 46.09165955
v 17.00000000 23.00000000 17.25931549
v 17.00000000 23.00000000 46.06359863
v 17.00000000 24.00000000 17.23490334
v 17.00000000 24.00000000 46.04726028
v 17.00000000 25.00000000 17.16133499
v 17.00000000 25.00000000 46.04106522
v 17.00000000 26.00000000 17.06648254
v 17.00000000 26.00000000 46.05336761
v 17.00000000 26.75563431 17.00000000
v 17.00000000 27.00000000 16.98014450
v 17.00000000 27.00000000 46.08455276
v 17.00000000 28.00000000 16.86807632
v 17.00000000 28.00000000 46.10326767
v 17.00000000 29.00000000 16.70538330
v 17.00000000 29.00000000 46.11162567
v 17.00000000 30.00000000 16.52730179
v 17.00000000 30.00000000 46.15137482
v 17.00000000 31.00000000 16.78630257
v 17.00000000 31.00000000 46.22801590
v 17.00000000 31.18229866 17.00000000
v 17.00000000 31.47456360 18.00000000
v 17.00000000 31.53804207 19.00000000
v 17.00000000 31.53800011 20.00000000
v 17.00000000 31.49074936 21.00000000
v 17.00000000 31.42791557 22.00000000
v 17.00000000 31.37759018 23.00000000
v 17.00000000 31.35843658 24.00000000
v 17.00000000 31.33712196 25.00000000
v 17.00000000 31.31363487 26.00000000
v 17.00000000 31.27622223 27.00000000
v 17.00000000 31.23378181 28.00000000
v 17.00000000 31.19269753 29.00000000
v 17.00000000 31.17260933 30.00000000
v 17.00000000 31.16879082 31.00000000
v 17.00000000 31.17004395 32.00000000
v 17.00000000 31.17679405 33.00000000
v 17.00000000 31.30492020 34.00000000
v 17.00000000 31.54150391 35.00000000
v 17.00000000 32.00000000 35.90863037
v 17.00000000 32.00000000 46.31399536
v 17.00000000 33.00000000 35.91454697
v 17.00000000 33.00000000 46.37796402
v 17.00000000 34.00000000 35.57977676
v 17.00000000 34.00000000 46.42827606
v 17.00000000 35.00000000 35.43953323
v 17.00000000 35.00000000 46.46339798
v 17.00000000 36.00000000 35.47914124
v 17.00000000 36.00000000 46.48954391
v 17.00000000 37.00000000 35.70423126
v 17.00000000 37.00000000 46.50188065
v 17.00000000 38.00000000 35.95711899
v 17.00000000 38.00000000 46.48553467
v 17.00000000 38.13239288 36.00000000
v 17.00000000 39.00000000 36.29873276
v 17.00000000 39.00000000 46.39054108
v 17.00000000 40.00000000 36.66211319
v 17.00000000 40.00000000 46.26042938
v 17.00000000 40.86509323 37.00000000
v 17.00000000 41.00000000 37.05339432
v 17.00000000 41.00000000 46.03230667
v 17.00000000 42.00000000 37.63189316
v 17.00000000 42.00000000 44.71939468
v 17.00000000 41.82303619 45.00000000
v 17.00000000 41.05651093 46.00000000
v 17.00000000 42.31424713 38.00000000
v 17.00000000 42.75761032 39.00000000
v 17.00000000 42.81892776 40.00000000
v 17.00000000 42.75888062 41.00000000
v 17.00000000 42.66386414 42.00000000
v 17.00000000 42.51888275 43.00000000
v 17.00000000 42.29408646 44.00000000
v 18.00000000 20.70179176 18.00000000
v 18.00000000 21.00000000 17.60548401
v 18.00000000 20.43576431 19.00000000
v 18.00000000 20.37184906 20.00000000
v 18.00000000 20.35827065 21.00000000
v 18.00000000 20.35442162 22.00000000
v 18.00000000 20.35188484 23.00000000
v 18.00000000 20.36070061 24.00000000
v 18.00000000 20.36936188 25.00000000
v 18.00000000 20.37793541 26.00000000
v 18.00000000 20.38982964 27.00000000
v 18.00000000 20.40074921 28.00000000
v 18.00000000 20.41157532 29.00000000
v 18.00000000 20.42403603 30.00000000
v 18.00000000 20.44454002 31.00000000
v 18.00000000 20.45777893 32.00000000
v 18.00000000 20.46997452 33.00000000
v 18.00000000 20.47608757 34.00000000
v 18.00000000 20.47560883 35.00000000
v 18.00000000 20.46749687 36.00000000
v 18.00000000 20.46096611 37.00000000
v 18.00000000 20.45741463 38.00000000
v 18.00000000 20.45047760 39.00000000
v 18.00000000 20.44465828 40.00000000
v 18.00000000 20.44778633 41.00000000
v 18.00000000 20.44515610 42.00000000
v 18.00000000 20.43461990 43.00000000
v 18.00000000 20.44716263 44.00000000
v 18.00000000 20.56303024 45.00000000
v 18.00000000 21.00000000 45.95470047
v 18.00000000 22.00000000 17.24616623
v 18.00000000 21.17262077 46.00000000
v 18.00000000 22.00000000 46.08973694
v 18.00000000 23.00000000 17.24279976
v 18.00000000 23.00000000 46.06072235
v 18.00000000 24.00000000 17.21463394
v 18.00000000 24.00000000 46.04989624
v 18.00000000 25.00000000 17.13973618
v 18.00000000 25.00000000 46.04677200
v 18.00000000 26.00000000 17.05318832
v 18.00000000 26.00000000 46.06191254
v 18.00000000 26.59695816 17.00000000
v 18.00000000 27.00000000 16.96604729
v 18.00000000 27.00000000 46.09642029
v 18.00000000 28.00000000 16.84775543
v 18.00000000 28.00000000 46.11753464
v 18.00000000 29.00000000 16.66770554
v 18.00000000 29.00000000 46.12415314
v 18.00000000 30.00000000 16.48838043
v 18.00000000 30.00000000 46.15674210
v 18.00000000 31.00000000 16.77415848
v 18.00000000 31.00000000 46.23053360
v 18.00000000 31.18002319 17.00000000
v 18.00000000 31.44581413 18.00000000
v 18.00000000 31.49972534 19.00000000
v 18.00000000 31.50263596 20.00000000
v 18.00000000 31.46205521 21.00000000
v 18.00000000 31.41032600 22.00000000
v 18.00000000 31.36589050 23.00000000
v 18.00000000 31.34354210 24.00000000
v 18.00000000 31.31778526 25.00000000
v 18.00000000 31.28775406 26.00000000
v 18.00000000 31.25505257 27.00000000
v 18.00000000 31.21319580 28.00000000
v 18.00000000 31.17588806 29.00000000
v 18.00000000 31.16020203 30.00000000
v 18.00000000 31.15312195 31.00000000
v 18.00000000 31.15687561 32.00000000
v 18.00000000 31.16053963 33.00000000
v 18.00000000 31.27988625 34.00000000
v 18.00000000 31.52317810 35.00000000
v 18.00000000 32.00000000 35.89672852
v 18.00000000 32.00000000 46.31832886
v 18.00000000 33.00000000 35.93625259
v 18.00000000 33.00000000 46.38492966
v 18.00000000 34.00000000 35.62235641
v 18.00000000 34.00000000 46.43656540
v 18.00000000 35.00000000 35.48983765
v 18.00000000 35.00000000 46.46811676
v 18.00000000 36.00000000 35.52027130
v 18.00000000 36.00000000 46.48989868
v 18.00000000 37.00000000 35.71936035
v 18.00000000 37.00000000 46.49885559
v 18.00000000 38.00000000 35.96213913
v 18.00000000 38.00000000 46.48518372
v 18.00000000 38.11935425 36.00000000
v 18.00000000 39.00000000 36.30415726
v 18.00000000 39.00000000 46.38924408
v 18.00000000 40.00000000 36.64697266
v 18.00000000 40.00000000 46.26037598
v 18.00000000 40.93514252 37.00000000
v 18.00000000 41.00000000 37.02543259
v 18.00000000 41.00000000 46.03383255
v 18.00000000 42.00000000 37.59233093
v 18.00000000 42.00000000 44.73635101
v 18.00000000 41.83282852 45.00000000
v 18.00000000 41.05897141 46.00000000
v 18.00000000 42.35083008 38.00000000
v 18.00000000 42.79192352 39.00000000
v 18.00000000 42.84990692 40.00000000
v 18.00000000 42.78247070 41.00000000
v 18.00000000 42.68201447 42.00000000
v 18.00000000 42.52803802 43.00000000
v 18.00000000 42.30129623 44.00000000
v 19.00000000 20.69781685 18.00000000
v 19.00000000 21.00000000 17.59495735
v 19.00000000 20.43569183 19.00000000
v 19.00000000 20.37115669 20.00000000
v 19.00000000 20.35511780 21.00000000
v 19.00000000 20.35009575 22.00000000
v 19.00000000 20.34652519 23.00000000
v 19.00000000 20.35360718 24.00000000
v 19.00000000 20.36230278 25.00000000
v 19.00000000 20.37339020 26.00000000
v 19.00000000 20.38511086 27.00000000
v 19.00000000 20.39801407 28.00000000
v 19.00000000 20.40830231 29.00000000
v 19.00000000 20.42039871 30.00000000
v 19.00000000 20.43960953 31.00000000
v 19.00000000 20.45595932 32.00000000
v 19.00000000 20.46868515 33.00000000
v 19.00000000 20.47551918 34.00000000
v 19.00000000 20.47489166 35.00000000
v 19.00000000 20.46684074 36.00000000
v 19.00000000 20.45988274 37.00000000
v 19.00000000 20.45604515 38.00000000
v 19.00000000 20.45110512 39.00000000
v 19.00000000 20.44664383 40.00000000
v 19.00000000 20.45038223 41.00000000
v 19.00000000 20.45036316 42.00000000
v 19.00000000 20.44080353 43.00000000
v 19.00000000 20.45369339 44.00000000
v 19.00000000 20.56844711 45.00000000
v 19.00000000 21.00000000 45.95824814
v 19.00000000 22.00000000 17.23173332
v 19.00000000 21.15807915 46.00000000
v 19.00000000 22.00000000 46.09094620
v 19.00000000 23.00000000 17.22660255
v 19.00000000 23.00000000 46.06257629
v 19.00000000 24.00000000 17.18875313
v 19.00000000 24.00000000 46.05637741
v 19.00000000 25.00000000 17.12005043
v 19.00000000 25.00000000 46.05515289
v 19.00000000 26.00000000 17.04319382
v 19.00000000 26.00000000 46.07244873
v 19.00000000 26.47803307 17.00000000
v 19.00000000 27.00000000 16.95439339
v 19.00000000 27.00000000 46.10876846
v 19.00000000 28.00000000 16.82718849
v 19.00000000 28.00000000 46.13277817
v 19.00000000 29.00000000 16.63413048
v 19.00000000 29.00000000 46.14093018
v 19.00000000 30.00000000 16.45330048
v 19.00000000 30.00000000 46.16699219
v 19.00000000 31.00000000 16.76954269
v 19.00000000 31.00000000 46.23664093
v 19.00000000 31.17413902 17.00000000
v 19.00000000 31.42984772 18.00000000
v 19.00000000 31.48658562 19.00000000
v 19.00000000 31.49099159 20.00000000
v 19.00000000 31.45117188 21.00000000
v 19.00000000 31.39875412 22.00000000
v 19.00000000 31.35583878 23.00000000
v 19.00000000 31.32932854 24.00000000
v 19.00000000 31.30143738 25.00000000
v 19.00000000 31.26776505 26.00000000
v 19.00000000 31.23515892 27.00000000
v 19.00000000 31.19726562 28.00000000
v 19.00000000 31.15978241 29.00000000
v 19.00000000 31.14493179 30.00000000
v 19.00000000 31.14003754 31.00000000
v 19.00000000 31.14319420 32.00000000
v 19.00000000 31.14533234 33.00000000
v 19.00000000 31.26026344 34.00000000
v 19.00000000 31.52253723 35.00000000
v 19.00000000 32.00000000 35.87877274
v 19.00000000 32.00000000 46.32416153
v 19.00000000 33.00000000 35.94385910
v 19.00000000 33.00000000 46.39278793
v 19.00000000 34.00000000 35.66049576
v 19.00000000 34.00000000 46.44636917
v 19.00000000 35.00000000 35.52449799
v 19.00000000 35.00000000 46.47752762
v 19.00000000 36.00000000 35.54060745
v 19.00000000 36.00000000 46.49258804
v 19.00000000 37.00000000 35.72422409
v 19.00000000 37.00000000 46.49889755
v 19.00000000 38.00000000 35.96907425
v 19.00000000 38.00000000 46.48420715
v 19.00000000 38.09677887 36.00000000
v 19.00000000 39.00000000 36.31155014
v 19.00000000 39.00000000 46.38843155
v 19.00000000 40.00000000 36.63345718
v 19.00000000 40.00000000 46.25991058
v 19.00000000 40.98707199 37.00000000
v 19.00000000 41.00000000 37.00510788
v 19.00000000 41.00000000 46.03009796
v 19.00000000 42.00000000 37.56294632
v 19.00000000 42.00000000 44.74551392
v 19.00000000 41.83731842 45.00000000
v 19.00000000 41.05224991 46.00000000
v 19.00000000 42.38278961 38.00000000
v 19.00000000 42.82317352 39.00000000
v 19.00000000 42.87683487 40.00000000
v 19.00000000 42.80369949 41.00000000
v 19.00000000 42.69977570 42.00000000
v 19.00000000 42.53684616 43.00000000
v 19.00000000 42.30740356 44.00000000
v 20.00000000 20.69495964 18.00000000
v 20.00000000 21.00000000 17.59070587
v 20.00000000 20.43430328 19.00000000
v 20.00000000 20.36949348 20.00000000
v 20.00000000 20.35305977 21.00000000
v 20.00000000 20.34556007 22.00000000
v 20.00000000 20.34251595 23.00000000
v 20.00000000 20.34748840 24.00000000
v 20.00000000 20.35637856 25.00000000
v 20.00000000 20.36844063 26.00000000
v 20.00000000 20.38072014 27.00000000
v 20.00000000 20.39364624 28.00000000
v 20.00000000 20.40447998 29.00000000
v 20.00000000 20.41595078 30.00000000
v 20.00000000 20.43601608 31.00000000
v 20.00000000 20.45376587 32.00000000
v 20.00000000 20.46711159 33.00000000
v 20.00000000 20.47581863 34.00000000
v 20.00000000 20.47296333 35.00000000
v 20.00000000 20.46433449 36.00000000
v 20.00000000 20.45874977 37.00000000
v 20.00000000 20.45442200 38.00000000
v 20.00000000 20.45042419 39.00000000
v 20.00000000 20.45077705 40.00000000
v 20.00000000 20.45380020 41.00000000
v 20.00000000 20.45562363 42.00000000
v 20.00000000 20.44635773 43.00000000
v 20.00000000 20.45872688 44.00000000
v 20.00000000 20.57060814 45.00000000
v 20.00000000 21.00000000 45.96828842
v 20.00000000 22.00000000 17.22698212
v 20.00000000 21.12247658 46.00000000
v 20.00000000 22.00000000 46.09196091
v 20.00000000 23.00000000 17.22148323
v 20.00000000 23.00000000 46.06697845
v 20.00000000 24.00000000 17.17474556
v 20.00000000 24.00000000 46.06298828
v 20.00000000 25.00000000 17.11422157
v 20.00000000 25.00000000 46.06489182
v 20.00000000 26.00000000 17.04296112
v 20.00000000 26.00000000 46.08419418
v 20.00000000 26.46334457 17.00000000
v 20.00000000 27.00000000 16.95162392
v 20.00000000 27.00000000 46.12184143
v 20.00000000 28.00000000 16.82044029
v 20.00000000 28.00000000 46.14810181
v 20.00000000 29.00000000 16.61990929
v 20.00000000 29.00000000 46.15745926
v 20.00000000 30.00000000 16.44005966
v 20.00000000 30.00000000 46.17972565
v 20.00000000 31.00000000 16.76536942
v 20.00000000 31.00000000 46.24801636
v 20.00000000 31.17322540 17.00000000
v 20.00000000 31.42449379 18.00000000
v 20.00000000 31.47423553 19.00000000
v 20.00000000 31.47968483 20.00000000
v 20.00000000 31.44356537 21.00000000
v 20.00000000 31.39335632 22.00000000
v 20.00000000 31.35111046 23.00000000
v 20.00000000 31.32121468 24.00000000
v 20.00000000 31.28944969 25.00000000
v 20.00000000 31.25285339 26.00000000
v 20.00000000 31.22046471 27.00000000
v 20.00000000 31.18451309 28.00000000
v 20.00000000 31.14971161 29.00000000
v 20.00000000 31.13663864 30.00000000
v 20.00000000 31.13558769 31.00000000
v 20.00000000 31.14062691 32.00000000
v 20.00000000 31.14294815 33.00000000
v 20.00000000 31.25762367 34.00000000
v 20.00000000 31.53085327 35.00000000
v 20.00000000 32.00000000 35.87113190
v 20.00000000 32.00000000 46.33315277
v 20.00000000 33.00000000 35.95733261
v 20.00000000 33.00000000 46.40190506
v 20.00000000 34.00000000 35.68098450
v 20.00000000 34.00000000 46.45539856
v 20.00000000 35.00000000 35.55503845
v 20.00000000 35.00000000 46.48393631
v 20.00000000 36.00000000 35.56734467
v 20.00000000 36.00000000 46.49354553
v 20.00000000 37.00000000 35.73500824
v 20.00000000 37.00000000 46.50000763
v 20.00000000 38.00000000 35.97234344
v 20.00000000 38.00000000 46.48427582
v 20.00000000 38.08699799 36.00000000
v 20.00000000 39.00000000 36.31103516
v 20.00000000 39.00000000 46.39199448
v 20.00000000 40.00000000 36.62335587
v 20.00000000 40.00000000 46.26116943
v 19.25025177 41.00000000 37.00000000
v 20.00000000 41.00000000 36.98710632
v 20.00000000 41.00000000 46.02653122
v 20.00000000 41.02733231 37.00000000
v 20.00000000 42.00000000 37.54165649
v 20.00000000 42.00000000 44.73299026
v 20.00000000 41.82772064 45.00000000
v 20.00000000 41.04534912 46.00000000
v 20.00000000 42.40785980 38.00000000
v 20.00000000 42.84426880 39.00000000
v 20.00000000 42.89534378 40.00000000
v 20.00000000 42.81930923 41.00000000
v 20.00000000 42.71247482 42.00000000
v 20.00000000 42.54120636 43.00000000
v 20.00000000 42.30929565 44.00000000
v 21.00000000 20.69163513 18.00000000
v 21.00000000 21.00000000 17.58624268
v 21.00000000 20.43265915 19.00000000
v 21.00000000 20.36838531 20.00000000
v 21.00000000 20.34981346 21.00000000
v 21.00000000 20.33915329 22.00000000
v 21.00000000 20.33804703 23.00000000
v 21.00000000 20.34238625 24.00000000
v 21.00000000 20.35207558 25.00000000
v 21.00000000 20.36456490 26.00000000
v 21.00000000 20.37672806 27.00000000
v 21.00000000 20.38886070 28.00000000
v 21.00000000 20.39957047 29.00000000
v 21.00000000 20.41221046 30.00000000
v 21.00000000 20.43274879 31.00000000
v 21.00000000 20.45201683 32.00000000
v 21.00000000 20.46605301 33.00000000
v 21.00000000 20.47461128 34.00000000
v 21.00000000 20.47068214 35.00000000
v 21.00000000 20.46104622 36.00000000
v 21.00000000 20.45639992 37.00000000
v 21.00000000 20.45310783 38.00000000
v 21.00000000 20.44961357 39.00000000
v 21.00000000 20.45205498 40.00000000
v 21.00000000 20.45709038 41.00000000
v 21.00000000 20.45988846 42.00000000
v 21.00000000 20.45126724 43.00000000
v 21.00000000 20.46282005 44.00000000
v 21.00000000 20.57212257 45.00000000
v 21.00000000 21.00000000 45.97786713
v 21.00000000 22.00000000 17.22276115
v 21.00000000 21.08648300 46.00000000
v 21.00000000 22.00000000 46.09376144
v 21.00000000 23.00000000 17.21408463
v 21.00000000 23.00000000 46.07233429
v 21.00000000 24.00000000 17.16557312
v 21.00000000 24.00000000 46.07002258
v 21.00000000 25.00000000 17.11092758
v 21.00000000 25.00000000 46.07280731
v 21.00000000 26.00000000 17.04105186
v 21.00000000 26.00000000 46.09611511
v 21.00000000 26.43723297 17.00000000
v 21.00000000 27.00000000 16.94881058
v 21.00000000 27.00000000 46.13707733
v 21.00000000 28.00000000 16.81341934
v 21.00000000 28.00000000 46.16319656
v 21.00000000 29.00000000 16.60606575
v 21.00000000 29.00000000 46.17430115
v 21.00000000 30.00000000 16.42763901
v 21.00000000 30.00000000 46.19461823
v 21.00000000 31.00000000 16.76257896
v 21.00000000 31.00000000 46.26082230
v 21.00000000 31.17181015 17.00000000
v 21.00000000 31.41959190 18.00000000
v 21.00000000 31.46669579 19.00000000
v 21.00000000 31.47267151 20.00000000
v 21.00000000 31.44068527 21.00000000
v 21.00000000 31.39058685 22.00000000
v 21.00000000 31.34590721 23.00000000
v 21.00000000 31.31331444 24.00000000
v 21.00000000 31.27634239 25.00000000
v 21.00000000 31.23983383 26.00000000
v 21.00000000 31.20870972 27.00000000
v 21.00000000 31.17579269 28.00000000
v 21.00000000 31.14581680 29.00000000
v 21.00000000 31.13427544 30.00000000
v 21.00000000 31.13441467 31.00000000
v 21.00000000 31.13955688 32.00000000
v 21.00000000 31.14150238 33.00000000
v 21.00000000 31.25590515 34.00000000
v 21.00000000 31.53963852 35.00000000
v 21.00000000 32.00000000 35.86141586
v 21.00000000 32.00000000 46.34461594
v 21.00000000 33.00000000 35.96984100
v 21.00000000 33.00000000 46.41425705
v 21.00000000 34.00000000 35.70734406
v 21.00000000 34.00000000 46.46571732
v 21.00000000 35.00000000 35.58258438
v 21.00000000 35.00000000 46.49116898
v 21.00000000 36.00000000 35.59528351
v 21.00000000 36.00000000 46.49360275
v 21.00000000 37.00000000 35.75733566
v 21.00000000 37.00000000 46.49806213
v 21.00000000 38.00000000 35.97692871
v 21.00000000 38.00000000 46.48246765
v 21.00000000 38.07423019 36.00000000
v 21.00000000 39.00000000 36.30535126
v 21.00000000 39.00000000 46.39390182
v 21.00000000 40.00000000 36.60746765
v 21.00000000 40.00000000 46.26213455
v 21.00000000 41.00000000 36.96782684
v 21.00000000 41.00000000 46.02205658
v 21.00000000 41.06829071 37.00000000
v 21.00000000 42.00000000 37.52538681
v 21.00000000 42.00000000 44.72863007
v 21.00000000 41.82425690 45.00000000
v 21.00000000 41.03735733 46.00000000
v 21.00000000 42.42863083 38.00000000
v 21.00000000 42.85902405 39.00000000
v 21.00000000 42.90714645 40.00000000
v 21.00000000 42.82817078 41.00000000
v 21.00000000 42.72079086 42.00000000
v 21.00000000 42.54265213 43.00000000
v 21.00000000 42.30889130 44.00000000
v 22.00000000 20.68884659 18.00000000
v 22.00000000 21.00000000 17.58024025
v 22.00000000 20.43034363 19.00000000
v 22.00000000 20.36623573 20.00000000
v 22.00000000 20.34605408 21.00000000
v 22.00000000 20.33355522 22.00000000
v 22.00000000 20.33162498 23.00000000
v 22.00000000 20.33738518 24.00000000
v 22.00000000 20.34813118 25.00000000
v 22.00000000 20.36243439 26.00000000
v 22.00000000 20.37129974 27.00000000
v 22.00000000 20.38406181 28.00000000
v 22.00000000 20.39309311 29.00000000
v 22.00000000 20.40726280 30.00000000
v 22.00000000 20.42939949 31.00000000
v 22.00000000 20.44907379 32.00000000
v 22.00000000 20.46344948 33.00000000
v 22.00000000 20.47178650 34.00000000
v 22.00000000 20.46718216 35.00000000
v 22.00000000 20.45795059 36.00000000
v 22.00000000 20.45442963 37.00000000
v 22.00000000 20.45048523 38.00000000
v 22.00000000 20.44769859 39.00000000
v 22.00000000 20.45234299 40.00000000
v 22.00000000 20.46074867 41.00000000
v 22.00000000 20.46540642 42.00000000
v 22.00000000 20.45660782 43.00000000
v 22.00000000 20.46820068 44.00000000
v 22.00000000 20.57528687 45.00000000
v 22.00000000 21.00000000 45.98539352
v 22.00000000 22.00000000 17.21726036
v 22.00000000 21.05617142 46.00000000
v 22.00000000 22.00000000 46.09715652
v 22.00000000 23.00000000 17.20543098
v 22.00000000 23.00000000 46.07833481
v 22.00000000 24.00000000 17.15599442
v 22.00000000 24.00000000 46.07797623
v 22.00000000 25.00000000 17.10751915
v 22.00000000 25.00000000 46.07977676
v 22.00000000 26.00000000 17.03792000
v 22.00000000 26.00000000 46.10885620
v 22.00000000 26.40217781 17.00000000
v 22.00000000 27.00000000 16.94588661
v 22.00000000 27.00000000 46.15229797
v 22.00000000 28.00000000 16.80603790
v 22.00000000 28.00000000 46.17706299
v 22.00000000 29.00000000 16.59128761
v 22.00000000 29.00000000 46.19051743
v 22.00000000 30.00000000 16.41505241
v 22.00000000 30.00000000 46.21027374
v 22.00000000 31.00000000 16.75840569
v 22.00000000 31.00000000 46.27642059
v 22.00000000 31.17244911 17.00000000
v 22.00000000 31.41778183 18.00000000
v 22.00000000 31.46249962 19.00000000
v 22.00000000 31.46717072 20.00000000
v 22.00000000 31.43644905 21.00000000
v 22.00000000 31.38622475 22.00000000
v 22.00000000 31.34139061 23.00000000
v 22.00000000 31.30719185 24.00000000
v 22.00000000 31.26845741 25.00000000
v 22.00000000 31.23080635 26.00000000
v 22.00000000 31.19990730 27.00000000
v 22.00000000 31.16851425 28.00000000
v 22.00000000 31.14272881 29.00000000
v 22.00000000 31.13205528 30.00000000
v 22.00000000 31.13405037 31.00000000
v 22.00000000 31.13857651 32.00000000
v 22.00000000 31.14050293 33.00000000
v 22.00000000 31.25286865 34.00000000
v 22.00000000 31.54772568 35.00000000
v 22.00000000 32.00000000 35.85040665
v 22.00000000 32.00000000 46.35644150
v 22.00000000 33.00000000 35.97908783
v 22.00000000 33.00000000 46.42614746
v 22.00000000 34.00000000 35.73191452
v 22.00000000 34.00000000 46.47652054
v 22.00000000 35.00000000 35.60123444
v 22.00000000 35.00000000 46.49907303
v 22.00000000 36.00000000 35.60610962
v 22.00000000 36.00000000 46.49624252
v 22.00000000 37.00000000 35.76729202
v 22.00000000 37.00000000 46.49625778
v 22.00000000 38.00000000 35.99152374
v 22.00000000 38.00000000 46.47643280
v 22.00000000 38.02811813 36.00000000
v 22.00000000 39.00000000 36.30325699
v 22.00000000 39.00000000 46.39088058
v 22.00000000 40.00000000 36.59461975
v 22.00000000 40.00000000 46.26060104
v 22.00000000 41.00000000 36.94508743
v 22.00000000 41.00000000 46.01726151
v 22.00000000 41.11618042 37.00000000
v 22.00000000 42.00000000 37.50666046
v 22.00000000 42.00000000 44.72151566
v 22.00000000 41.81921005 45.00000000
v 22.00000000 41.02910995 46.00000000
v 22.00000000 42.45006943 38.00000000
v 22.00000000 42.87302399 39.00000000
v 22.00000000 42.91718674 40.00000000
v 22.00000000 42.83627319 41.00000000
v 22.00000000 42.72820282 42.00000000
v 22.00000000 42.54467010 43.00000000
v 22.00000000 42.30913925 44.00000000
v 23.00000000 20.68595695 18.00000000
v 23.00000000 21.00000000 17.57382965
v 23.00000000 20.42779732 19.00000000
v 23.00000000 20.36264610 20.00000000
v 23.00000000 20.34175873 21.00000000
v 23.00000000 20.32859039 22.00000000
v 23.00000000 20.32560921 23.00000000
v 23.00000000 20.33291435 24.00000000
v 23.00000000 20.34481430 25.00000000
v 23.00000000 20.35913277 26.00000000
v 23.00000000 20.36726189 27.00000000
v 23.00000000 20.37706375 28.00000000
v 23.00000000 20.38516045 29.00000000
v 23.00000000 20.39973068 30.00000000
v 23.00000000 20.42379951 31.00000000
v 23.00000000 20.44775009 32.00000000
v 23.00000000 20.46235466 33.00000000
v 23.00000000 20.47029495 34.00000000
v 23.00000000 20.46550751 35.00000000
v 23.00000000 20.45674324 36.00000000
v 23.00000000 20.45318222 37.00000000
v 23.00000000 20.44937897 38.00000000
v 23.00000000 20.44706917 39.00000000
v 23.00000000 20.45146561 40.00000000
v 23.00000000 20.46256447 41.00000000
v 23.00000000 20.47185516 42.00000000
v 23.00000000 20.46426201 43.00000000
v 23.00000000 20.47443390 44.00000000
v 23.00000000 20.57942963 45.00000000
v 23.00000000 21.00000000 45.99009705
v 23.00000000 22.00000000 17.21182251
v 23.00000000 21.03733635 46.00000000
v 23.00000000 22.00000000 46.10056686
v 23.00000000 23.00000000 17.19455338
v 23.00000000 23.00000000 46.08541870
v 23.00000000 24.00000000 17.14561272
v 23.00000000 24.00000000 46.08576965
v 23.00000000 25.00000000 17.10236740
v 23.00000000 25.00000000 46.08637238
v 23.00000000 26.00000000 17.03519440
v 23.00000000 26.00000000 46.12070847
v 23.00000000 26.36952400 17.00000000
v 23.00000000 27.00000000 16.94248199
v 23.00000000 27.00000000 46.16662979
v 23.00000000 28.00000000 16.79672050
v 23.00000000 28.00000000 46.19094467
v 23.00000000 29.00000000 16.57785416
v 23.00000000 29.00000000 46.20681000
v 23.00000000 30.00000000 16.40588570
v 23.00000000 30.00000000 46.22685623
v 23.00000000 31.00000000 16.75401688
v 23.00000000 31.00000000 46.29190445
v 23.00000000 31.17437553 17.00000000
v 23.00000000 31.41602516 18.00000000
v 23.00000000 31.45929146 19.00000000
v 23.00000000 31.46371651 20.00000000
v 23.00000000 31.43382645 21.00000000
v 23.00000000 31.38597488 22.00000000
v 23.00000000 31.34020996 23.00000000
v 23.00000000 31.30261993 24.00000000
v 23.00000000 31.25921059 25.00000000
v 23.00000000 31.22208786 26.00000000
v 23.00000000 31.19078827 27.00000000
v 23.00000000 31.16323662 28.00000000
v 23.00000000 31.14079857 29.00000000
v 23.00000000 31.12947083 30.00000000
v 23.00000000 31.13271713 31.00000000
v 23.00000000 31.13768768 32.00000000
v 23.00000000 31.14036560 33.00000000
v 23.00000000 31.24890518 34.00000000
v 23.00000000 31.55257034 35.00000000
v 23.00000000 32.00000000 35.83955002
v 23.00000000 32.00000000 46.36975861
v 23.00000000 33.00000000 35.98803711
v 23.00000000 33.00000000 46.43806076
v 23.00000000 34.00000000 35.75534821
v 23.00000000 34.00000000 46.48349380
v 23.00000000 35.00000000 35.62225342
v 23.00000000 35.00000000 46.50461197
v 23.00000000 36.00000000 35.61702347
v 23.00000000 36.00000000 46.49967575
v 23.00000000 37.00000000 35.76758957
v 23.00000000 37.00000000 46.49621582
v 23.00000000 38.00000000 35.99075699
v 23.00000000 38.00000000 46.47294235
v 23.00000000 38.03147888 36.00000000
v 23.00000000 39.00000000 36.29008484
v 23.00000000 39.00000000 46.38791275
v 23.00000000 40.00000000 36.58491516
v 23.00000000 40.00000000 46.25602722
v 23.00000000 41.00000000 36.93108749
v 23.00000000 41.00000000 46.01125336
v 23.00000000 41.14697647 37.00000000
v 23.00000000 42.00000000 37.49103546
v 23.00000000 42.00000000 44.71002960
v 23.00000000 41.81093216 45.00000000
v 23.00000000 41.01897049 46.00000000
v 23.00000000 42.46932602 38.00000000
v 23.00000000 42.88765335 39.00000000
v 23.00000000 42.92481995 40.00000000
v 23.00000000 42.84522247 41.00000000
v 23.00000000 42.73487091 42.00000000
v 23.00000000 42.54693604 43.00000000
v 23.00000000 42.30776978 44.00000000
v 24.00000000 20.68179512 18.00000000
v 24.00000000 21.00000000 17.56390762
v 24.00000000 20.42510414 19.00000000
v 24.00000000 20.35727119 20.00000000
v 24.00000000 20.33646774 21.00000000
v 24.00000000 20.32341766 22.00000000
v 24.00000000 20.32007980 23.00000000
v 24.00000000 20.32762146 24.00000000
v 24.00000000 20.34105873 25.00000000
v 24.00000000 20.35271263 26.00000000
v 24.00000000 20.36268997 27.00000000
v 24.00000000 20.37226295 28.00000000
v 24.00000000 20.38020325 29.00000000
v 24.00000000 20.39521790 30.00000000
v 24.00000000 20.42084503 31.00000000
v 24.00000000 20.44907570 32.00000000
v 24.00000000 20.46412086 33.00000000
v 24.00000000 20.46973991 34.00000000
v 24.00000000 20.46460533 35.00000000
v 24.00000000 20.45672035 36.00000000
v 24.00000000 20.45396233 37.00000000
v 24.00000000 20.44946671 38.00000000
v 24.00000000 20.44744301 39.00000000
v 24.00000000 20.45213318 40.00000000
v 24.00000000 20.46224785 41.00000000
v 24.00000000 20.47735405 42.00000000
v 24.00000000 20.47295189 43.00000000
v 24.00000000 20.48077393 44.00000000
v 24.00000000 20.58384323 45.00000000
v 24.00000000 21.00000000 45.99484253
v 24.00000000 22.00000000 17.20635605
v 24.00000000 21.01902199 46.00000000
v 24.00000000 22.00000000 46.10441208
v 24.00000000 23.00000000 17.18478394
v 24.00000000 23.00000000 46.09283066
v 24.00000000 24.00000000 17.13620758
v 24.00000000 24.00000000 46.09246445
v 24.00000000 25.00000000 17.09624290
v 24.00000000 25.00000000 46.09328461
v 24.00000000 26.00000000 17.03179932
v 24.00000000 26.00000000 46.13143158
v 24.00000000 26.33939552 17.00000000
v 24.00000000 27.00000000 16.94042015
v 24.00000000 27.00000000 46.17972565
v 24.00000000 28.00000000 16.78862000
v 24.00000000 28.00000000 46.20563126
v 24.00000000 29.00000000 16.56895256
v 24.00000000 29.00000000 46.22248459
v 24.00000000 30.00000000 16.39703560
v 24.00000000 30.00000000 46.24308014
v 24.00000000 31.00000000 16.74871254
v 24.00000000 31.00000000 46.30775452
v 24.00000000 31.17762947 17.00000000
v 24.00000000 31.41893578 18.00000000
v 24.00000000 31.46188545 19.00000000
v 24.00000000 31.46541786 20.00000000
v 24.00000000 31.43326950 21.00000000
v 24.00000000 31.38420105 22.00000000
v 24.00000000 31.33595085 23.00000000
v 24.00000000 31.29554939 24.00000000
v 24.00000000 31.24892426 25.00000000
v 24.00000000 31.21343994 26.00000000
v 24.00000000 31.18258095 27.00000000
v 24.00000000 31.15896034 28.00000000
v 24.00000000 31.13893509 29.00000000
v 24.00000000 31.12609673 30.00000000
v 24.00000000 31.12986755 31.00000000
v 24.00000000 31.13718414 32.00000000
v 24.00000000 31.14062500 33.00000000
v 24.00000000 31.24419594 34.00000000
v 24.00000000 31.55542946 35.00000000
v 24.00000000 32.00000000 35.83017731
v 24.00000000 32.00000000 46.38233566
v 24.00000000 33.00000000 35.99826813
v 24.00000000 33.00000000 46.44592667
v 24.00000000 34.00000000 35.77757263
v 24.00000000 34.00000000 46.48832321
v 24.00000000 35.00000000 35.64586258
v 24.00000000 35.00000000 46.50986481
v 24.00000000 36.00000000 35.63107300
v 24.00000000 36.00000000 46.50234604
v 24.00000000 37.00000000 35.76850891
v 24.00000000 37.00000000 46.49641800
v 24.00000000 38.00000000 35.98680115
v 24.00000000 38.00000000 46.46923065
v 24.00000000 38.04751968 36.00000000
v 24.00000000 39.00000000 36.27309799
v 24.00000000 39.00000000 46.38488388
v 24.00000000 40.00000000 36.56203461
v 24.00000000 40.00000000 46.25133514
v 24.00000000 41.00000000 36.91521454
v 24.00000000 41.00000000 46.00382614
v 24.00000000 41.18084717 37.00000000
v 24.00000000 42.00000000 37.47661591
v 24.00000000 42.00000000 44.69034958
v 24.00000000 41.79747009 45.00000000
v 24.00000000 41.00644684 46.00000000
v 24.00000000 42.48634338 38.00000000
v 24.00000000 42.90045929 39.00000000
v 24.00000000 42.93229294 40.00000000
v 24.00000000 42.85395050 41.00000000
v 24.00000000 42.73894882 42.00000000
v 24.00000000 42.54745865 43.00000000
v 24.00000000 42.30397415 44.00000000
v 25.00000000 20.67709541 18.00000000
v 25.00000000 21.00000000 17.55234718
v 25.00000000 20.42160606 19.00000000
v 25.00000000 20.35163498 20.00000000
v 25.00000000 20.33012009 21.00000000
v 25.00000000 20.31697655 22.00000000
v 25.00000000 20.31500053 23.00000000
v 25.00000000 20.32501030 24.00000000
v 25.00000000 20.33702660 25.00000000
v 25.00000000 20.34844589 26.00000000
v 25.00000000 20.36066246 27.00000000
v 25.00000000 20.37188148 28.00000000
v 25.00000000 20.37892151 29.00000000
v 25.00000000 20.39383507 30.00000000
v 25.00000000 20.42092323 31.00000000
v 25.00000000 20.45063019 32.00000000
v 25.00000000 20.46744347 33.00000000
v 25.00000000 20.47076035 34.00000000
v 25.00000000 20.46440506 35.00000000
v 25.00000000 20.45827866 36.00000000
v 25.00000000 20.45565033 37.00000000
v 25.00000000 20.45029831 38.00000000
v 25.00000000 20.44866562 39.00000000
v 25.00000000 20.45295143 40.00000000
v 25.00000000 20.46268272 41.00000000
v 25.00000000 20.47891235 42.00000000
v 25.00000000 20.47846985 43.00000000
v 25.00000000 20.48633003 44.00000000
v 25.00000000 20.58754921 45.00000000
v 24.77918053 21.00000000 46.00000000
v 25.00000000 20.99920464 46.00000000
v 25.00000000 21.00000000 46.00064087
v 25.00000000 22.00000000 17.19958496
v 25.00000000 22.00000000 46.11003113
v 25.00000000 23.00000000 17.17550087
v 25.00000000 23.00000000 46.10023880
v 25.00000000 24.00000000 17.12705994
v 25.00000000 24.00000000 46.09895706
v 25.00000000 25.00000000 17.08783913
v 25.00000000 25.00000000 46.10055161
v 25.00000000 26.00000000 17.02803421
v 25.00000000 26.00000000 46.14254379
v 25.00000000 26.30058861 17.00000000
v 25.00000000 27.00000000 16.93714333
v 25.00000000 27.00000000 46.19240952
v 25.00000000 28.00000000 16.78322220
v 25.00000000 28.00000000 46.21942139
v 25.00000000 29.00000000 16.56129646
v 25.00000000 29.00000000 46.23733521
v 25.00000000 30.00000000 16.38699532
v 25.00000000 30.00000000 46.25706100
v 25.00000000 31.00000000 16.73801613
v 25.00000000 31.00000000 46.32203674
v 25.00000000 31.18425751 17.00000000
v 25.00000000 31.42453003 18.00000000
v 25.00000000 31.46560478 19.00000000
v 25.00000000 31.46539116 20.00000000
v 25.00000000 31.43210983 21.00000000
v 25.00000000 31.37942505 22.00000000
v 25.00000000 31.32995987 23.00000000
v 25.00000000 31.28682709 24.00000000
v 25.00000000 31.23965645 25.00000000
v 25.00000000 31.20439148 26.00000000
v 25.00000000 31.17524910 27.00000000
v 25.00000000 31.15606117 28.00000000
v 25.00000000 31.13671684 29.00000000
v 25.00000000 31.12364769 30.00000000
v 25.00000000 31.12681198 31.00000000
v 25.00000000 31.13520241 32.00000000
v 25.00000000 31.14048004 33.00000000
v 25.00000000 31.24086380 34.00000000
v 25.00000000 31.55576324 35.00000000
v 25.00000000 32.00000000 35.82183456
v 25.00000000 32.00000000 46.39384079
v 25.00000000 32.93330765 36.00000000
v 24.17263412 33.00000000 36.00000000
v 25.00000000 33.00000000 36.01091003
v 25.00000000 33.00000000 46.45265961
v 25.00000000 33.03662491 36.00000000
v 25.00000000 34.00000000 35.80138016
v 25.00000000 34.00000000 46.49213409
v 25.00000000 35.00000000 35.67010498
v 25.00000000 35.00000000 46.51487350
v 25.00000000 36.00000000 35.64453506
v 25.00000000 36.00000000 46.50592041
v 25.00000000 37.00000000 35.77081299
v 25.00000000 37.00000000 46.49734879
v 25.00000000 38.00000000 35.98462296
v 25.00000000 38.00000000 46.46648407
v 25.00000000 38.05690002 36.00000000
v 25.00000000 39.00000000 36.26278687
v 25.00000000 39.00000000 46.37976456
v 25.00000000 40.00000000 36.54523849
v 25.00000000 40.00000000 46.24590683
v 25.00000000 41.00000000 36.89126968
v 24.48209190 41.00000000 46.00000000
v 25.00000000 41.00000000 45.99280930
v 25.00000000 40.98535919 46.00000000
v 25.00000000 41.22932434 37.00000000
v 25.00000000 42.00000000 37.45878601
v 25.00000000 42.00000000 44.66847610
v 25.00000000 41.78271866 45.00000000
v 25.00000000 42.50129318 38.00000000
v 25.00000000 42.90839767 39.00000000
v 25.00000000 42.93546295 40.00000000
v 25.00000000 42.85982132 41.00000000
v 25.00000000 42.74250793 42.00000000
v 25.00000000 42.54775238 43.00000000
v 25.00000000 42.29907608 44.00000000
v 26.00000000 20.67065239 18.00000000
v 26.00000000 21.00000000 17.53829765
v 26.00000000 20.41618919 19.00000000
v 26.00000000 20.34614944 20.00000000
v 26.00000000 20.32414246 21.00000000
v 26.00000000 20.31218910 22.00000000
v 26.00000000 20.31359100 23.00000000
v 26.00000000 20.32594109 24.00000000
v 26.00000000 20.33642960 25.00000000
v 26.00000000 20.34928131 26.00000000
v 26.00000000 20.36053276 27.00000000
v 26.00000000 20.37330055 28.00000000
v 26.00000000 20.38003159 29.00000000
v 26.00000000 20.39473724 30.00000000
v 26.00000000 20.42183685 31.00000000
v 26.00000000 20.45145035 32.00000000
v 26.00000000 20.46906662 33.00000000
v 26.00000000 20.47254944 34.00000000
v 26.00000000 20.46447372 35.00000000
v 26.00000000 20.46002007 36.00000000
v 26.00000000 20.45721436 37.00000000
v 26.00000000 20.45182228 38.00000000
v 26.00000000 20.45059395 39.00000000
v 26.00000000 20.45481300 40.00000000
v 26.00000000 20.46366692 41.00000000
v 26.00000000 20.47861862 42.00000000
v 26.00000000 20.48199844 43.00000000
v 26.00000000 20.48999023 44.00000000
v 26.00000000 20.59065056 45.00000000
v 26.00000000 20.99533844 46.00000000
v 26.00000000 21.00000000 46.00380707
v 26.00000000 22.00000000 17.18880844
v 26.00000000 22.00000000 46.11649704
v 26.00000000 23.00000000 17.16613197
v 26.00000000 23.00000000 46.10931015
v 26.00000000 24.00000000 17.11696243
v 26.00000000 24.00000000 46.10528564
v 26.00000000 25.00000000 17.08127975
v 26.00000000 25.00000000 46.10760498
v 26.00000000 26.00000000 17.02552223
v 26.00000000 26.00000000 46.15244293
v 26.00000000 26.26767731 17.00000000
v 26.00000000 27.00000000 16.93255043
v 26.00000000 27.00000000 46.20314789
v 26.00000000 28.00000000 16.77807808
v 26.00000000 28.00000000 46.23134232
v 26.00000000 29.00000000 16.55541039
v 26.00000000 29.00000000 46.25227737
v 26.00000000 30.00000000 16.37757874
v 26.00000000 30.00000000 46.27131653
v 26.00000000 31.00000000 16.72464943
v 26.00000000 31.00000000 46.33545685
v 26.00000000 31.19198418 17.00000000
v 26.00000000 31.42982864 18.00000000
v 26.00000000 31.46937561 19.00000000
v 26.00000000 31.46529388 20.00000000
v 26.00000000 31.42860413 21.00000000
v 26.00000000 31.37343216 22.00000000
v 26.00000000 31.32247925 23.00000000
v 26.00000000 31.27680779 24.00000000
v 26.00000000 31.23111916 25.00000000
v 26.00000000 31.19567680 26.00000000
v 26.00000000 31.17028427 27.00000000
v 26.00000000 31.15302467 28.00000000
v 26.00000000 31.13529205 29.00000000
v 26.00000000 31.12121773 30.00000000
v 26.00000000 31.12372017 31.00000000
v 26.00000000 31.13151932 32.00000000
v 26.00000000 31.13934517 33.00000000
v 26.00000000 31.23870468 34.00000000
v 26.00000000 31.55377960 35.00000000
v 26.00000000 32.00000000 35.81060028
v 26.00000000 32.00000000 46.40462112
v 26.00000000 32.86230850 36.00000000
v 26.00000000 33.00000000 36.02569199
v 26.00000000 33.00000000 46.45986176
v 26.00000000 33.09109116 36.00000000
v 26.00000000 34.00000000 35.82415009
v 26.00000000 34.00000000 46.49516678
v 26.00000000 35.00000000 35.69466782
v 26.00000000 35.00000000 46.51880264
v 26.00000000 36.00000000 35.65743256
v 26.00000000 36.00000000 46.51039124
v 26.00000000 37.00000000 35.77462769
v 26.00000000 37.00000000 46.49681854
v 26.00000000 38.00000000 35.98482895
v 26.00000000 38.00000000 46.46344757
v 26.00000000 38.05690765 36.00000000
v 26.00000000 39.00000000 36.25771332
v 26.00000000 39.00000000 46.37356567
v 26.00000000 40.00000000 36.53130341
v 26.00000000 40.00000000 46.23920059
v 26.00000000 41.00000000 36.87236404
v 26.00000000 41.00000000 45.97714233
v 26.00000000 40.95335770 46.00000000
v 26.00000000 41.26937485 37.00000000
v 26.00000000 42.00000000 37.44032669
v 26.00000000 42.00000000 44.65122223
v 26.00000000 41.76998138 45.00000000
v 26.00000000 42.51409149 38.00000000
v 26.00000000 42.91183853 39.00000000
v 26.00000000 42.93537903 40.00000000
v 26.00000000 42.85948181 41.00000000
v 26.00000000 42.74199295 42.00000000
v 26.00000000 42.54538727 43.00000000
v 26.00000000 42.29628372 44.00000000
v 27.00000000 20.66353989 18.00000000
v 27.00000000 21.00000000 17.52326584
v 27.00000000 20.41120911 19.00000000
v 27.00000000 20.34056473 20.00000000
v 27.00000000 20.31936264 21.00000000
v 27.00000000 20.31026840 22.00000000
v 27.00000000 20.31484032 23.00000000
v 27.00000000 20.32798576 24.00000000
v 27.00000000 20.33754921 25.00000000
v 27.00000000 20.34908485 26.00000000
v 27.00000000 20.36045647 27.00000000
v 27.00000000 20.37366486 28.00000000
v 27.00000000 20.38190269 29.00000000
v 27.00000000 20.39573097 30.00000000
v 27.00000000 20.42347336 31.00000000
v 27.00000000 20.45248032 32.00000000
v 27.00000000 20.47012138 33.00000000
v 27.00000000 20.47407150 34.00000000
v 27.00000000 20.46628189 35.00000000
v 27.00000000 20.46053123 36.00000000
v 27.00000000 20.45921326 37.00000000
v 27.00000000 20.45411301 38.00000000
v 27.00000000 20.45382881 39.00000000
v 27.00000000 20.45813179 40.00000000
v 27.00000000 20.46562195 41.00000000
v 27.00000000 20.47794914 42.00000000
v 27.00000000 20.48285294 43.00000000
v 27.00000000 20.49260330 44.00000000
v 27.00000000 20.59373474 45.00000000
v 27.00000000 20.99109459 46.00000000
v 27.00000000 21.00000000 46.00735474
v 27.00000000 22.00000000 17.17676544
v 27.00000000 22.00000000 46.12248230
v 27.00000000 23.00000000 17.15624809
v 27.00000000 23.00000000 46.11631393
v 27.00000000 24.00000000 17.11210823
v 27.00000000 24.00000000 46.10923004
v 27.00000000 25.00000000 17.07544327
v 27.00000000 25.00000000 46.11357498
v 27.00000000 26.00000000 17.02185059
v 27.00000000 26.00000000 46.15985870
v 27.00000000 26.22532845 17.00000000
v 27.00000000 27.00000000 16.92718315
v 27.00000000 27.00000000 46.21156311
v 27.00000000 28.00000000 16.77278328
v 27.00000000 28.00000000 46.24129105
v 27.00000000 29.00000000 16.55210495
v 27.00000000 29.00000000 46.26576614
v 27.00000000 30.00000000 16.37223244
v 27.00000000 30.00000000 46.28486633
v 27.00000000 31.00000000 16.71209908
v 27.00000000 31.00000000 46.34535217
v 27.00000000 31.19887161 17.00000000
v 27.00000000 31.43318558 18.00000000
v 27.00000000 31.46979523 19.00000000
v 27.00000000 31.46481705 20.00000000
v 27.00000000 31.42348099 21.00000000
v 27.00000000 31.36724854 22.00000000
v 27.00000000 31.31537247 23.00000000
v 27.00000000 31.26662064 24.00000000
v 27.00000000 31.22244644 25.00000000
v 27.00000000 31.18706322 26.00000000
v 27.00000000 31.16730881 27.00000000
v 27.00000000 31.15004730 28.00000000
v 27.00000000 31.13374138 29.00000000
v 27.00000000 31.11991501 30.00000000
v 27.00000000 31.12066078 31.00000000
v 27.00000000 31.12804413 32.00000000
v 27.00000000 31.13655472 33.00000000
v 27.00000000 31.23351479 34.00000000
v 27.00000000 31.55282402 35.00000000
v 27.00000000 32.00000000 35.79908752
v 27.00000000 32.00000000 46.41374207
v 27.00000000 32.79584122 36.00000000
v 27.00000000 33.00000000 36.04343414
v 27.00000000 33.00000000 46.46533585
v 27.00000000 33.16795349 36.00000000
v 27.00000000 34.00000000 35.85140228
v 27.00000000 34.00000000 46.49584961
v 27.00000000 35.00000000 35.71912766
v 27.00000000 35.00000000 46.52055740
v 27.00000000 36.00000000 35.66947174
v 27.00000000 36.00000000 46.51263046
v 27.00000000 37.00000000 35.77498627
v 27.00000000 37.00000000 46.49411392
v 27.00000000 38.00000000 35.98470306
v 27.00000000 38.00000000 46.46067810
v 27.00000000 38.05838394 36.00000000
v 27.00000000 39.00000000 36.25415802
v 27.00000000 39.00000000 46.36666489
v 27.00000000 40.00000000 36.51792908
v 27.00000000 40.00000000 46.22932816
v 27.00000000 41.00000000 36.85540009
v 27.00000000 41.00000000 45.96173859
v 27.00000000 40.92057037 46.00000000
v 27.00000000 41.30195999 37.00000000
v 27.00000000 42.00000000 37.42812729
v 27.00000000 42.00000000 44.63909912
v 27.00000000 41.76030731 45.00000000
v 27.00000000 42.52207565 38.00000000
v 27.00000000 42.91175079 39.00000000
v 27.00000000 42.93397903 40.00000000
v 27.00000000 42.85662842 41.00000000
v 27.00000000 42.73946762 42.00000000
v 27.00000000 42.54315186 43.00000000
v 27.00000000 42.29380798 44.00000000
v 28.00000000 20.65678787 18.00000000
v 28.00000000 21.00000000 17.50989914
v 28.00000000 20.40661812 19.00000000
v 28.00000000 20.33721542 20.00000000
v 28.00000000 20.31688118 21.00000000
v 28.00000000 20.30857849 22.00000000
v 28.00000000 20.31560135 23.00000000
v 28.00000000 20.32943535 24.00000000
v 28.00000000 20.33926773 25.00000000
v 28.00000000 20.34858894 26.00000000
v 28.00000000 20.36003304 27.00000000
v 28.00000000 20.37400055 28.00000000
v 28.00000000 20.38342857 29.00000000
v 28.00000000 20.39755630 30.00000000
v 28.00000000 20.42516708 31.00000000
v 28.00000000 20.45250320 32.00000000
v 28.00000000 20.47115326 33.00000000
v 28.00000000 20.47533035 34.00000000
v 28.00000000 20.46894264 35.00000000
v 28.00000000 20.46128082 36.00000000
v 28.00000000 20.46105766 37.00000000
v 28.00000000 20.45759392 38.00000000
v 28.00000000 20.45798111 39.00000000
v 28.00000000 20.46224976 40.00000000
v 28.00000000 20.46810532 41.00000000
v 28.00000000 20.47750473 42.00000000
v 28.00000000 20.48319626 43.00000000
v 28.00000000 20.49351311 44.00000000
v 28.00000000 20.59666061 45.00000000
v 28.00000000 20.98924255 46.00000000
v 28.00000000 21.00000000 46.00897980
v 28.00000000 22.00000000 17.16711235
v 28.00000000 22.00000000 46.12685394
v 28.00000000 23.00000000 17.14790344
v 28.00000000 23.00000000 46.12175369
v 28.00000000 24.00000000 17.10898781
v 28.00000000 24.00000000 46.11243057
v 28.00000000 25.00000000 17.06937981
v 28.00000000 25.00000000 46.12013245
v 28.00000000 26.00000000 17.01799393
v 28.00000000 26.00000000 46.16720200
v 28.00000000 26.18258476 17.00000000
v 28.00000000 27.00000000 16.92165565
v 28.00000000 27.00000000 46.21895218
v 28.00000000 28.00000000 16.76812553
v 28.00000000 28.00000000 46.25037384
v 28.00000000 29.00000000 16.55121613
v 28.00000000 29.00000000 46.27702332
v 28.00000000 30.00000000 16.36999130
v 28.00000000 30.00000000 46.29507828
v 28.00000000 31.00000000 16.70301437
v 28.00000000 31.00000000 46.35366821
v 28.00000000 31.20294380 17.00000000
v 28.00000000 31.43270874 18.00000000
v 28.00000000 31.46826744 19.00000000
v 28.00000000 31.46189880 20.00000000
v 28.00000000 31.41874504 21.00000000
v 28.00000000 31.36105537 22.00000000
v 28.00000000 31.30805206 23.00000000
v 28.00000000 31.25854301 24.00000000
v 28.00000000 31.21419334 25.00000000
v 28.00000000 31.18130112 26.00000000
v 28.00000000 31.16464615 27.00000000
v 28.00000000 31.14741516 28.00000000
v 28.00000000 31.13183212 29.00000000
v 28.00000000 31.11931419 30.00000000
v 28.00000000 31.11824608 31.00000000
v 28.00000000 31.12494087 32.00000000
v 28.00000000 31.13348770 33.00000000
v 28.00000000 31.22551727 34.00000000
v 28.00000000 31.55107880 35.00000000
v 28.00000000 32.00000000 35.79249191
v 28.00000000 32.00000000 46.42157364
v 28.00000000 32.74013901 36.00000000
v 28.00000000 33.00000000 36.06044769
v 28.00000000 33.00000000 46.47027588
v 28.00000000 33.26132965 36.00000000
v 28.00000000 34.00000000 35.88159180
v 28.00000000 34.00000000 46.49661255
v 28.00000000 35.00000000 35.74174881
v 28.00000000 35.00000000 46.52198410
v 28.00000000 36.00000000 35.67820740
v 28.00000000 36.00000000 46.51266861
v 28.00000000 37.00000000 35.77572632
v 28.00000000 37.00000000 46.49235535
v 28.00000000 38.00000000 35.98540878
v 28.00000000 38.00000000 46.45610046
v 28.00000000 38.05636978 36.00000000
v 28.00000000 39.00000000 36.25325394
v 28.00000000 39.00000000 46.35871887
v 28.00000000 40.00000000 36.50649643
v 28.00000000 40.00000000 46.21867752
v 28.00000000 41.00000000 36.84142685
v 28.00000000 41.00000000 45.94689560
v 28.00000000 40.88772583 46.00000000
v 28.00000000 41.32653046 37.00000000
v 28.00000000 42.00000000 37.41930008
v 28.00000000 42.00000000 44.63479996
v 28.00000000 41.75549316 45.00000000
v 28.00000000 42.52687836 38.00000000
v 28.00000000 42.91070938 39.00000000
v 28.00000000 42.93163681 40.00000000
v 28.00000000 42.85349274 41.00000000
v 28.00000000 42.73659897 42.00000000
v 28.00000000 42.54110336 43.00000000
v 28.00000000 42.29273224 44.00000000
v 29.00000000 20.65312004 18.00000000
v 29.00000000 21.00000000 17.50300598
v 29.00000000 20.40343857 19.00000000
v 29.00000000 20.33480072 20.00000000
v 29.00000000 20.31545258 21.00000000
v 29.00000000 20.30858421 22.00000000
v 29.00000000 20.31636429 23.00000000
v 29.00000000 20.32929802 24.00000000
v 29.00000000 20.33993721 25.00000000
v 29.00000000 20.34821892 26.00000000
v 29.00000000 20.36050415 27.00000000
v 29.00000000 20.37436295 28.00000000
v 29.00000000 20.38462257 29.00000000
v 29.00000000 20.40079880 30.00000000
v 29.00000000 20.42711258 31.00000000
v 29.00000000 20.45188904 32.00000000
v 29.00000000 20.47186852 33.00000000
v 29.00000000 20.47667313 34.00000000
v 29.00000000 20.47103882 35.00000000
v 29.00000000 20.46267891 36.00000000
v 29.00000000 20.46224594 37.00000000
v 29.00000000 20.46124840 38.00000000
v 29.00000000 20.46212387 39.00000000
v 29.00000000 20.46628380 40.00000000
v 29.00000000 20.47037697 41.00000000
v 29.00000000 20.47761536 42.00000000
v 29.00000000 20.48264313 43.00000000
v 29.00000000 20.49370384 44.00000000
v 29.00000000 20.59802437 45.00000000
v 29.00000000 20.98781586 46.00000000
v 29.00000000 21.00000000 46.01023102
v 29.00000000 22.00000000 17.15920639
v 29.00000000 22.00000000 46.13113403
v 29.00000000 23.00000000 17.14056015
v 29.00000000 23.00000000 46.12707901
v 29.00000000 24.00000000 17.10385513
v 29.00000000 24.00000000 46.11566544
v 29.00000000 25.00000000 17.06385422
v 29.00000000 25.00000000 46.12752151
v 29.00000000 26.00000000 17.01149940
v 29.00000000 26.00000000 46.17431641
v 29.00000000 26.11522865 17.00000000
v 29.00000000 27.00000000 16.91442490
v 29.00000000 27.00000000 46.22580338
v 29.00000000 28.00000000 16.76348686
v 29.00000000 28.00000000 46.25892258
v 29.00000000 29.00000000 16.55159760
v 29.00000000 29.00000000 46.28424072
v 29.00000000 30.00000000 16.36807060
v 29.00000000 30.00000000 46.30498123
v 29.00000000 31.00000000 16.70011902
v 29.00000000 31.00000000 46.36175156
v 29.00000000 31.20287895 17.00000000
v 29.00000000 31.43066216 18.00000000
v 29.00000000 31.46443748 19.00000000
v 29.00000000 31.45787430 20.00000000
v 29.00000000 31.41425514 21.00000000
v 29.00000000 31.35563087 22.00000000
v 29.00000000 31.30081367 23.00000000
v 29.00000000 31.25184631 24.00000000
v 29.00000000 31.20648003 25.00000000
v 29.00000000 31.17909050 26.00000000
v 29.00000000 31.16217232 27.00000000
v 29.00000000 31.14569664 28.00000000
v 29.00000000 31.13026619 29.00000000
v 29.00000000 31.11848259 30.00000000
v 29.00000000 31.11680222 31.00000000
v 29.00000000 31.12170219 32.00000000
v 29.00000000 31.12816238 33.00000000
v 29.00000000 31.21780586 34.00000000
v 29.00000000 31.54651833 35.00000000
v 29.00000000 32.00000000 35.78866959
v 29.00000000 32.00000000 46.42862320
v 29.00000000 32.67585754 36.00000000
v 29.00000000 33.00000000 36.08226395
v 29.00000000 33.00000000 46.47546387
v 29.00000000 33.38852310 36.00000000
v 29.00000000 34.00000000 35.90949249
v 29.00000000 34.00000000 46.49793625
v 29.00000000 35.00000000 35.75932312
v 29.00000000 35.00000000 46.52042389
v 29.00000000 36.00000000 35.68711853
v 29.00000000 36.00000000 46.51115036
v 29.00000000 37.00000000 35.77679062
v 29.00000000 37.00000000 46.48947144
v 29.00000000 38.00000000 35.98611832
v 29.00000000 38.00000000 46.45196533
v 29.00000000 38.05558777 36.00000000
v 29.00000000 39.00000000 36.24798203
v 29.00000000 39.00000000 46.35380173
v 29.00000000 40.00000000 36.49547958
v 29.00000000 40.00000000 46.20848465
v 29.00000000 41.00000000 36.83077240
v 29.00000000 41.00000000 45.93452835
v 29.00000000 40.85874557 46.00000000
v 29.00000000 41.34601593 37.00000000
v 29.00000000 42.00000000 37.41199112
v 29.00000000 42.00000000 44.63349152
v 29.00000000 41.75306320 45.00000000
v 29.00000000 42.53030396 38.00000000
v 29.00000000 42.91072083 39.00000000
v 29.00000000 42.92924881 40.00000000
v 29.00000000 42.85007477 41.00000000
v 29.00000000 42.73383331 42.00000000
v 29.00000000 42.53929138 43.00000000
v 29.00000000 42.29188156 44.00000000
v 30.00000000 20.65072441 18.00000000
v 30.00000000 21.00000000 17.49861717
v 30.00000000 20.40017509 19.00000000
v 30.00000000 20.33328056 20.00000000
v 30.00000000 20.31528091 21.00000000
v 30.00000000 20.30849457 22.00000000
v 30.00000000 20.31434822 23.00000000
v 30.00000000 20.32839775 24.00000000
v 30.00000000 20.33926964 25.00000000
v 30.00000000 20.34861946 26.00000000
v 30.00000000 20.36143494 27.00000000
v 30.00000000 20.37576866 28.00000000
v 30.00000000 20.38595200 29.00000000
v 30.00000000 20.40359688 30.00000000
v 30.00000000 20.42850304 31.00000000
v 30.00000000 20.45138550 32.00000000
v 30.00000000 20.47163963 33.00000000
v 30.00000000 20.47780418 34.00000000
v 30.00000000 20.47321701 35.00000000
v 30.00000000 20.46507835 36.00000000
v 30.00000000 20.46417618 37.00000000
v 30.00000000 20.46429443 38.00000000
v 30.00000000 20.46753883 39.00000000
v 30.00000000 20.47033501 40.00000000
v 30.00000000 20.47233391 41.00000000
v 30.00000000 20.47762299 42.00000000
v 30.00000000 20.48153496 43.00000000
v 30.00000000 20.49294281 44.00000000
v 30.00000000 20.59817314 45.00000000
v 30.00000000 20.98543358 46.00000000
v 30.00000000 21.00000000 46.01230240
v 30.00000000 22.00000000 17.15487289
v 30.00000000 22.00000000 46.13572311
v 30.00000000 23.00000000 17.13477898
v 30.00000000 23.00000000 46.13156509
v 30.00000000 24.00000000 17.10029793
v 30.00000000 24.00000000 46.12057495
v 30.00000000 25.00000000 17.06111526
v 30.00000000 25.00000000 46.13518524
v 30.00000000 26.00000000 17.00569153
v 30.00000000 26.00000000 46.18088913
v 30.00000000 26.05591965 17.00000000
v 30.00000000 27.00000000 16.90712738
v 30.00000000 27.00000000 46.23152542
v 30.00000000 28.00000000 16.75994301
v 30.00000000 28.00000000 46.26388931
v 30.00000000 29.00000000 16.55396461
v 30.00000000 29.00000000 46.28946304
v 30.00000000 30.00000000 16.37096214
v 30.00000000 30.00000000 46.31552124
v 30.00000000 31.00000000 16.70090485
v 30.00000000 31.00000000 46.36858749
v 30.00000000 31.20199013 17.00000000
v 30.00000000 31.42742920 18.00000000
v 30.00000000 31.45974350 19.00000000
v 30.00000000 31.45216370 20.00000000
v 30.00000000 31.40976715 21.00000000
v 30.00000000 31.34942436 22.00000000
v 30.00000000 31.29346085 23.00000000
v 30.00000000 31.24588776 24.00000000
v 30.00000000 31.20021439 25.00000000
v 30.00000000 31.17711258 26.00000000
v 30.00000000 31.15988731 27.00000000
v 30.00000000 31.14396286 28.00000000
v 30.00000000 31.12866020 29.00000000
v 30.00000000 31.11782646 30.00000000
v 30.00000000 31.11653900 31.00000000
v 30.00000000 31.11762428 32.00000000
v 30.00000000 31.12249947 33.00000000
v 30.00000000 31.20881462 34.00000000
v 30.00000000 31.53978920 35.00000000
v 30.00000000 32.00000000 35.78667831
v 30.00000000 32.00000000 46.43494797
v 30.00000000 32.62332535 36.00000000
v 30.00000000 33.00000000 36.10333252
v 30.00000000 33.00000000 46.48073959
v 30.00000000 33.52932739 36.00000000
v 30.00000000 34.00000000 35.93523788
v 30.00000000 34.00000000 46.49838638
v 30.00000000 35.00000000 35.77703857
v 30.00000000 35.00000000 46.51768112
v 30.00000000 36.00000000 35.69786453
v 30.00000000 36.00000000 46.50777435
v 30.00000000 37.00000000 35.77985764
v 30.00000000 37.00000000 46.48677826
v 30.00000000 38.00000000 35.98530579
v 30.00000000 38.00000000 46.44800949
v 30.00000000 38.06219101 36.00000000
v 30.00000000 39.00000000 36.23701859
v 30.00000000 39.00000000 46.34981918
v 30.00000000 40.00000000 36.49024200
v 30.00000000 40.00000000 46.19884491
v 30.00000000 41.00000000 36.82869339
v 30.00000000 41.00000000 45.92213440
v 30.00000000 40.82861328 46.00000000
v 30.00000000 41.35193253 37.00000000
v 30.00000000 42.00000000 37.40444565
v 30.00000000 42.00000000 44.63469315
v 30.00000000 41.75170898 45.00000000
v 30.00000000 42.53260803 38.00000000
v 30.00000000 42.91144943 39.00000000
v 30.00000000 42.92600250 40.00000000
v 30.00000000 42.84745026 41.00000000
v 30.00000000 42.73095703 42.00000000
v 30.00000000 42.53887177 43.00000000
v 30.00000000 42.29280853 44.00000000
v 31.00000000 20.64915848 18.00000000
v 31.00000000 21.00000000 17.49542046
v 31.00000000 20.39874077 19.00000000
v 31.00000000 20.33231735 20.00000000
v 31.00000000 20.31509781 21.00000000
v 31.00000000 20.30837059 22.00000000
v 31.00000000 20.31284904 23.00000000
v 31.00000000 20.32738686 24.00000000
v 31.00000000 20.33767700 25.00000000
v 31.00000000 20.34926033 26.00000000
v 31.00000000 20.36246490 27.00000000
v 31.00000000 20.37669945 28.00000000
v 31.00000000 20.38780212 29.00000000
v 31.00000000 20.40626907 30.00000000
v 31.00000000 20.42937469 31.00000000
v 31.00000000 20.45149612 32.00000000
v 31.00000000 20.47089195 33.00000000
v 31.00000000 20.47853279 34.00000000
v 31.00000000 20.47522926 35.00000000
v 31.00000000 20.46775436 36.00000000
v 31.00000000 20.46741676 37.00000000
v 31.00000000 20.46752548 38.00000000
v 31.00000000 20.47233009 39.00000000
v 31.00000000 20.47511482 40.00000000
v 31.00000000 20.47312164 41.00000000
v 31.00000000 20.47690773 42.00000000
v 31.00000000 20.48042297 43.00000000
v 31.00000000 20.49220467 44.00000000
v 31.00000000 20.59764671 45.00000000
v 31.00000000 20.98115921 46.00000000
v 31.00000000 21.00000000 46.01599884
v 31.00000000 22.00000000 17.15015602
v 31.00000000 22.00000000 46.14046097
v 31.00000000 23.00000000 17.12797928
v 31.00000000 23.00000000 46.13648605
v 31.00000000 24.00000000 17.09803772
v 31.00000000 24.00000000 46.12707901
v 31.00000000 25.00000000 17.06116486
v 31.00000000 25.00000000 46.14302826
v 31.00000000 26.00000000 17.00189018
v 31.00000000 26.00000000 46.18699646
v 31.00000000 26.01815414 17.00000000
v 31.00000000 27.00000000 16.90077019
v 31.00000000 27.00000000 46.23540497
v 31.00000000 28.00000000 16.75765228
v 31.00000000 28.00000000 46.26640701
v 31.00000000 29.00000000 16.55581856
v 31.00000000 29.00000000 46.29546356
v 31.00000000 30.00000000 16.37546349
v 31.00000000 30.00000000 46.32598877
v 31.00000000 31.00000000 16.70317268
v 31.00000000 31.00000000 46.37591934
v 31.00000000 31.20035172 17.00000000
v 31.00000000 31.42387962 18.00000000
v 31.00000000 31.45506668 19.00000000
v 31.00000000 31.44671440 20.00000000
v 31.00000000 31.40457726 21.00000000
v 31.00000000 31.34316635 22.00000000
v 31.00000000 31.28656769 23.00000000
v 31.00000000 31.24161911 24.00000000
v 31.00000000 31.19805527 25.00000000
v 31.00000000 31.17649651 26.00000000
v 31.00000000 31.15818405 27.00000000
v 31.00000000 31.14197159 28.00000000
v 31.00000000 31.12751961 29.00000000
v 31.00000000 31.11748505 30.00000000
v 31.00000000 31.11530685 31.00000000
v 31.00000000 31.11230469 32.00000000
v 31.00000000 31.11651039 33.00000000
v 31.00000000 31.19992828 34.00000000
v 31.00000000 31.52911377 35.00000000
v 31.00000000 32.00000000 35.79139328
v 31.00000000 32.00000000 46.44038773
v 31.00000000 32.57055664 36.00000000
v 31.00000000 33.00000000 36.12458801
v 31.00000000 33.00000000 46.48520660
v 31.00000000 33.65747833 36.00000000
v 31.00000000 34.00000000 35.95408630
v 31.00000000 34.00000000 46.49700546
v 31.00000000 35.00000000 35.79324722
v 31.00000000 35.00000000 46.51389313
v 31.00000000 36.00000000 35.70994949
v 31.00000000 36.00000000 46.50420761
v 31.00000000 37.00000000 35.78401184
v 31.00000000 37.00000000 46.48585892
v 31.00000000 38.00000000 35.97643661
v 31.00000000 38.00000000 46.44405746
v 31.00000000 38.10132980 36.00000000
v 31.00000000 39.00000000 36.22918701
v 31.00000000 39.00000000 46.34637451
v 31.00000000 40.00000000 36.48760605
v 31.00000000 40.00000000 46.19176483
v 31.00000000 41.00000000 36.82673645
v 31.00000000 41.00000000 45.90986252
v 31.00000000 40.79907990 46.00000000
v 31.00000000 41.35743332 37.00000000
v 31.00000000 42.00000000 37.40010071
v 31.00000000 42.00000000 44.63854980
v 31.00000000 41.75311279 45.00000000
v 31.00000000 42.53318405 38.00000000
v 31.00000000 42.91093826 39.00000000
v 31.00000000 42.92308044 40.00000000
v 31.00000000 42.84453201 41.00000000
v 31.00000000 42.72819519 42.00000000
v 31.00000000 42.53895569 43.00000000
v 31.00000000 42.29402924 44.00000000
v 32.00000000 20.64981270 18.00000000
v 32.00000000 21.00000000 17.49619675
v 32.00000000 20.39821815 19.00000000
v 32.00000000 20.33327293 20.00000000
v 32.00000000 20.31464005 21.00000000
v 32.00000000 20.30559540 22.00000000
v 32.00000000 20.31155205 23.00000000
v 32.00000000 20.32571793 24.00000000
v 32.00000000 20.33651924 25.00000000
v 32.00000000 20.34780693 26.00000000
v 32.00000000 20.36354065 27.00000000
v 32.00000000 20.37829208 28.00000000
v 32.00000000 20.39073563 29.00000000
v 32.00000000 20.40850449 30.00000000
v 32.00000000 20.42987251 31.00000000
v 32.00000000 20.45141792 32.00000000
v 32.00000000 20.46979713 33.00000000
v 32.00000000 20.47875404 34.00000000
v 32.00000000 20.47587013 35.00000000
v 32.00000000 20.46973991 36.00000000
v 32.00000000 20.47011757 37.00000000
v 32.00000000 20.47141457 38.00000000
v 32.00000000 20.47741318 39.00000000
v 32.00000000 20.48010063 40.00000000
v 32.00000000 20.47416687 41.00000000
v 32.00000000 20.47617149 42.00000000
v 32.00000000 20.47951126 43.00000000
v 32.00000000 20.49143219 44.00000000
v 32.00000000 20.59660721 45.00000000
v 32.00000000 20.97671509 46.00000000
v 32.00000000 21.00000000 46.01983643
v 32.00000000 22.00000000 17.14560699
v 32.00000000 22.00000000 46.14388657
v 32.00000000 23.00000000 17.11895180
v 32.00000000 23.00000000 46.14174271
v 32.00000000 24.00000000 17.09573555
v 32.00000000 24.00000000 46.13479996
v 32.00000000 25.00000000 17.05983925
v 32.00000000 25.00000000 46.15063477
v 31.53850937 26.00000000 17.00000000
v 32.00000000 25.97359276 17.00000000
v 32.00000000 26.00000000 16.99847031
v 32.00000000 26.00000000 46.19197083
v 32.00000000 27.00000000 16.89560127
v 32.00000000 27.00000000 46.23688126
v 32.00000000 28.00000000 16.75706100
v 32.00000000 28.00000000 46.26845169
v 32.00000000 29.00000000 16.56017303
v 32.00000000 29.00000000 46.30184555
v 32.00000000 30.00000000 16.38137817
v 32.00000000 30.00000000 46.33642197
v 32.00000000 31.00000000 16.70727348
v 32.00000000 31.00000000 46.38321686
v 32.00000000 31.19746780 17.00000000
v 32.00000000 31.41985130 18.00000000
v 32.00000000 31.45002937 19.00000000
v 32.00000000 31.44119263 20.00000000
v 32.00000000 31.39869308 21.00000000
v 32.00000000 31.33660126 22.00000000
v 32.00000000 31.28137398 23.00000000
v 32.00000000 31.23638344 24.00000000
v 32.00000000 31.19760704 25.00000000
v 32.00000000 31.17626190 26.00000000
v 32.00000000 31.15681267 27.00000000
v 32.00000000 31.14000702 28.00000000
v 32.00000000 31.12691689 29.00000000
v 32.00000000 31.11762810 30.00000000
v 32.00000000 31.11439896 31.00000000
v 32.00000000 31.10898590 32.00000000
v 32.00000000 31.11091423 33.00000000
v 32.00000000 31.19034767 34.00000000
v 32.00000000 31.51611137 35.00000000
v 32.00000000 32.00000000 35.79638290
v 32.00000000 32.00000000 46.44464493
v 32.00000000 32.52573013 36.00000000
v 32.00000000 33.00000000 36.14547729
v 32.00000000 33.00000000 46.48709106
v 32.00000000 33.78275299 36.00000000
v 32.00000000 34.00000000 35.97145462
v 32.00000000 34.00000000 46.49458694
v 32.00000000 35.00000000 35.80877304
v 32.00000000 35.00000000 46.51008987
v 32.00000000 36.00000000 35.72121811
v 32.00000000 36.00000000 46.50152206
v 32.00000000 37.00000000 35.78828049
v 32.00000000 37.00000000 46.48510742
v 32.00000000 38.00000000 35.96693802
v 32.00000000 38.00000000 46.44072723
v 32.00000000 38.13966751 36.00000000
v 32.00000000 39.00000000 36.22705841
v 32.00000000 39.00000000 46.34298706
v 32.00000000 40.00000000 36.48409271
v 32.00000000 40.00000000 46.18531799
v 32.00000000 41.00000000 36.82771301
v 32.00000000 41.00000000 45.89784622
v 32.00000000 40.76967239 46.00000000
v 32.00000000 41.35604477 37.00000000
v 32.00000000 42.00000000 37.40118790
v 32.00000000 42.00000000 44.64337540
v 32.00000000 41.75444031 45.00000000
v 32.00000000 42.53054428 38.00000000
v 32.00000000 42.91005707 39.00000000
v 32.00000000 42.92087936 40.00000000
v 32.00000000 42.84105301 41.00000000
v 32.00000000 42.72580338 42.00000000
v 32.00000000 42.54062653 43.00000000
v 32.00000000 42.29715729 44.00000000
v 33.00000000 20.64994431 18.00000000
v 33.00000000 21.00000000 17.49857712
v 33.00000000 20.39848518 19.00000000
v 33.00000000 20.33370590 20.00000000
v 33.00000000 20.31475639 21.00000000
v 33.00000000 20.30323410 22.00000000
v 33.00000000 20.30942154 23.00000000
v 33.00000000 20.32309532 24.00000000
v 33.00000000 20.33578110 25.00000000
v 33.00000000 20.34709167 26.00000000
v 33.00000000 20.36377335 27.00000000
v 33.00000000 20.38045883 28.00000000
v 33.00000000 20.39238739 29.00000000
v 33.00000000 20.41140366 30.00000000
v 33.00000000 20.43028641 31.00000000
v 33.00000000 20.45115089 32.00000000
v 33.00000000 20.46946907 33.00000000
v 33.00000000 20.47789192 34.00000000
v 33.00000000 20.47591782 35.00000000
v 33.00000000 20.47169495 36.00000000
v 33.00000000 20.47297287 37.00000000
v 33.00000000 20.47637367 38.00000000
v 33.00000000 20.48333359 39.00000000
v 33.00000000 20.48342323 40.00000000
v 33.00000000 20.47540665 41.00000000
v 33.00000000 20.47597504 42.00000000
v 33.00000000 20.47982407 43.00000000
v 33.00000000 20.49147606 44.00000000
v 33.00000000 20.59609795 45.00000000
v 33.00000000 20.97194672 46.00000000
v 33.00000000 21.00000000 46.02398300
v 33.00000000 22.00000000 17.14124680
v 33.00000000 22.00000000 46.14683533
v 33.00000000 23.00000000 17.11022758
v 33.00000000 23.00000000 46.14767075
v 33.00000000 24.00000000 17.09316635
v 33.00000000 24.00000000 46.14359283
v 33.00000000 25.00000000 17.05724716
v 33.00000000 25.00000000 46.15673828
v 33.00000000 25.96409035 17.00000000
v 33.00000000 26.00000000 16.99799919
v 33.00000000 26.00000000 46.19478989
v 33.00000000 27.00000000 16.89160347
v 33.00000000 27.00000000 46.23794174
v 33.00000000 28.00000000 16.75592422
v 33.00000000 28.00000000 46.27057266
v 33.00000000 29.00000000 16.56379700
v 33.00000000 29.00000000 46.30583191
v 33.00000000 30.00000000 16.38909531
v 33.00000000 30.00000000 46.34589386
v 33.00000000 31.00000000 16.71249962
v 33.00000000 31.00000000 46.39021301
v 33.00000000 31.19406891 17.00000000
v 33.00000000 31.41547966 18.00000000
v 33.00000000 31.44426346 19.00000000
v 33.00000000 31.43534660 20.00000000
v 33.00000000 31.39249039 21.00000000
v 33.00000000 31.32995987 22.00000000
v 33.00000000 31.27676773 23.00000000
v 33.00000000 31.23288536 24.00000000
v 33.00000000 31.19691849 25.00000000
v 33.00000000 31.17636108 26.00000000
v 33.00000000 31.15728188 27.00000000
v 33.00000000 31.13827896 28.00000000
v 33.00000000 31.12634659 29.00000000
v 33.00000000 31.11795044 30.00000000
v 33.00000000 31.11321259 31.00000000
v 33.00000000 31.10712051 32.00000000
v 33.00000000 31.10542679 33.00000000
v 33.00000000 31.17999268 34.00000000
v 33.00000000 31.50133324 35.00000000
v 33.00000000 32.00000000 35.80509186
v 33.00000000 32.00000000 46.44786835
v 33.00000000 32.50752258 36.00000000
v 33.00000000 33.00000000 36.15214157
v 33.00000000 33.00000000 46.48761368
v 33.00000000 33.87825394 36.00000000
v 33.00000000 34.00000000 35.98497772
v 33.00000000 34.00000000 46.49205017
v 33.00000000 35.00000000 35.82295990
v 33.00000000 35.00000000 46.50661087
v 33.00000000 36.00000000 35.73302841
v 33.00000000 36.00000000 46.49896622
v 33.00000000 37.00000000 35.78716278
v 33.00000000 37.00000000 46.48450851
v 33.00000000 38.00000000 35.96138763
v 33.00000000 38.00000000 46.43742371
v 33.00000000 38.16073227 36.00000000
v 33.00000000 39.00000000 36.22664642
v 33.00000000 39.00000000 46.33952332
v 33.00000000 40.00000000 36.48182678
v 33.00000000 40.00000000 46.18173599
v 33.00000000 41.00000000 36.83189392
v 33.00000000 41.00000000 45.89689255
v 33.00000000 40.76443100 46.00000000
v 33.00000000 41.34519958 37.00000000
v 33.00000000 42.00000000 37.40710068
v 33.00000000 42.00000000 44.64939880
v 33.00000000 41.75691986 45.00000000
v 33.00000000 42.52815247 38.00000000
v 33.00000000 42.90932846 39.00000000
v 33.00000000 42.91847992 40.00000000
v 33.00000000 42.83803177 41.00000000
v 33.00000000 42.72494888 42.00000000
v 33.00000000 42.54253006 43.00000000
v 33.00000000 42.30114746 44.00000000
v 34.00000000 20.65083122 18.00000000
v 34.00000000 21.00000000 17.50059319
v 34.00000000 20.39905167 19.00000000
v 34.00000000 20.33390236 20.00000000
v 34.00000000 20.31325722 21.00000000
v 34.00000000 20.30144119 22.00000000
v 34.00000000 20.30835915 23.00000000
v 34.00000000 20.32117081 24.00000000
v 34.00000000 20.33349609 25.00000000
v 34.00000000 20.34682846 26.00000000
v 34.00000000 20.36453056 27.00000000
v 34.00000000 20.38329697 28.00000000
v 34.00000000 20.39552307 29.00000000
v 34.00000000 20.41278458 30.00000000
v 34.00000000 20.43170738 31.00000000
v 34.00000000 20.45047760 32.00000000
v 34.00000000 20.46928596 33.00000000
v 34.00000000 20.47653008 34.00000000
v 34.00000000 20.47533417 35.00000000
v 34.00000000 20.47478867 36.00000000
v 34.00000000 20.47650528 37.00000000
v 34.00000000 20.48159790 38.00000000
v 34.00000000 20.48951912 39.00000000
v 34.00000000 20.48652840 40.00000000
v 34.00000000 20.47731018 41.00000000
v 34.00000000 20.47662926 42.00000000
v 34.00000000 20.48058128 43.00000000
v 34.00000000 20.49170303 44.00000000
v 34.00000000 20.59508324 45.00000000
v 34.00000000 20.96805763 46.00000000
v 34.00000000 21.00000000 46.02736664
v 34.00000000 22.00000000 17.13815117
v 34.00000000 22.00000000 46.14950562
v 34.00000000 23.00000000 17.10071182
v 34.00000000 23.00000000 46.15382767
v 34.00000000 24.00000000 17.08889771
v 34.00000000 24.00000000 46.15147400
v 34.00000000 25.00000000 17.05257225
v 34.00000000 25.00000000 46.15977097
v 34.00000000 25.95732498 17.00000000
v 34.00000000 26.00000000 16.99781227
v 34.00000000 26.00000000 46.19643402
v 34.00000000 27.00000000 16.88770676
v 34.00000000 27.00000000 46.23825455
v 34.00000000 28.00000000 16.75477600
v 34.00000000 28.00000000 46.27179337
v 34.00000000 29.00000000 16.56776810
v 34.00000000 29.00000000 46.30983734
v 34.00000000 30.00000000 16.39622498
v 34.00000000 30.00000000 46.35287094
v 34.00000000 31.00000000 16.71738625
v 34.00000000 31.00000000 46.39393616
v 34.00000000 31.19053650 17.00000000
v 34.00000000 31.41027641 18.00000000
v 34.00000000 31.43814087 19.00000000
v 34.00000000 31.42918015 20.00000000
v 34.00000000 31.38587570 21.00000000
v 34.00000000 31.32426262 22.00000000
v 34.00000000 31.27282143 23.00000000
v 34.00000000 31.22990799 24.00000000
v 34.00000000 31.19657326 25.00000000
v 34.00000000 31.17590523 26.00000000
v 34.00000000 31.15785027 27.00000000
v 34.00000000 31.13796425 28.00000000
v 34.00000000 31.12517929 29.00000000
v 34.00000000 31.11883736 30.00000000
v 34.00000000 31.11226273 31.00000000
v 34.00000000 31.10523415 32.00000000
v 34.00000000 31.10024071 33.00000000
v 34.00000000 31.17016792 34.00000000
v 34.00000000 31.48743820 35.00000000
v 34.00000000 32.00000000 35.81644058
v 34.00000000 32.00000000 46.44873810
v 34.00000000 32.49176788 36.00000000
v 34.00000000 33.00000000 36.15337372
v 34.00000000 33.00000000 46.48492813
v 34.00000000 33.90574646 36.00000000
v 34.00000000 34.00000000 35.98854065
v 34.00000000 34.00000000 46.48879623
v 34.00000000 35.00000000 35.83584976
v 34.00000000 35.00000000 46.50200272
v 34.00000000 36.00000000 35.73844147
v 34.00000000 36.00000000 46.49628067
v 34.00000000 37.00000000 35.78530884
v 34.00000000 37.00000000 46.48305511
v 34.00000000 38.00000000 35.95971680
v 34.00000000 38.00000000 46.43383026
v 34.00000000 38.16599274 36.00000000
v 34.00000000 39.00000000 36.22792053
v 34.00000000 39.00000000 46.33542252
v 34.00000000 40.00000000 36.48021317
v 34.00000000 40.00000000 46.17932510
v 34.00000000 41.00000000 36.83583069
v 34.00000000 41.00000000 45.89800644
v 34.00000000 40.76492310 46.00000000
v 34.00000000 41.33468628 37.00000000
v 34.00000000 42.00000000 37.41241455
v 34.00000000 42.00000000 44.65761566
v 34.00000000 41.76118851 45.00000000
v 34.00000000 42.52450180 38.00000000
v 34.00000000 42.90705490 39.00000000
v 34.00000000 42.91650772 40.00000000
v 34.00000000 42.83563232 41.00000000
v 34.00000000 42.72604370 42.00000000
v 34.00000000 42.54550171 43.00000000
v 34.00000000 42.30543900 44.00000000
v 35.00000000 20.65161133 18.00000000
v 35.00000000 21.00000000 17.50096703
v 35.00000000 20.39948463 19.00000000
v 35.00000000 20.33459282 20.00000000
v 35.00000000 20.31222153 21.00000000
v 35.00000000 20.29958916 22.00000000
v 35.00000000 20.30701828 23.00000000
v 35.00000000 20.31961441 24.00000000
v 35.00000000 20.33145714 25.00000000
v 35.00000000 20.34717369 26.00000000
v 35.00000000 20.36647224 27.00000000
v 35.00000000 20.38452148 28.00000000
v 35.00000000 20.39901924 29.00000000
v 35.00000000 20.41459656 30.00000000
v 35.00000000 20.43311310 31.00000000
v 35.00000000 20.45205116 32.00000000
v 35.00000000 20.46934700 33.00000000
v 35.00000000 20.47478485 34.00000000
v 35.00000000 20.47456169 35.00000000
v 35.00000000 20.47732353 36.00000000
v 35.00000000 20.48107147 37.00000000
v 35.00000000 20.48688316 38.00000000
v 35.00000000 20.49320602 39.00000000
v 35.00000000 20.48904991 40.00000000
v 35.00000000 20.47983742 41.00000000
v 35.00000000 20.47801971 42.00000000
v 35.00000000 20.48180199 43.00000000
v 35.00000000 20.49209595 44.00000000
v 35.00000000 20.59403419 45.00000000
v 35.00000000 20.96524429 46.00000000
v 35.00000000 21.00000000 46.02975845
v 35.00000000 22.00000000 17.13433075
v 35.00000000 22.00000000 46.15203857
v 35.00000000 23.00000000 17.09215736
v 35.00000000 23.00000000 46.15807724
v 35.00000000 24.00000000 17.08402634
v 35.00000000 24.00000000 46.15600204
v 35.00000000 25.00000000 17.04760933
v 35.00000000 25.00000000 46.16250610
v 35.00000000 25.95011139 17.00000000
v 35.00000000 26.00000000 16.99767303
v 35.00000000 26.00000000 46.19627762
v 35.00000000 27.00000000 16.88354683
v 35.00000000 27.00000000 46.23793793
v 35.00000000 28.00000000 16.75241852
v 35.00000000 28.00000000 46.27215195
v 35.00000000 29.00000000 16.57195473
v 35.00000000 29.00000000 46.31400299
v 35.00000000 30.00000000 16.40419197
v 35.00000000 30.00000000 46.35752487
v 35.00000000 31.00000000 16.72229576
v 35.00000000 31.00000000 46.39650726
v 35.00000000 31.18718529 17.00000000
v 35.00000000 31.40457344 18.00000000
v 35.00000000 31.43212509 19.00000000
v 35.00000000 31.42219734 20.00000000
v 35.00000000 31.37903214 21.00000000
v 35.00000000 31.31907272 22.00000000
v 35.00000000 31.27035713 23.00000000
v 35.00000000 31.22996521 24.00000000
v 35.00000000 31.19471741 25.00000000
v 35.00000000 31.17547607 26.00000000
v 35.00000000 31.15795898 27.00000000
v 35.00000000 31.13846970 28.00000000
v 35.00000000 31.12528229 29.00000000
v 35.00000000 31.11831093 30.00000000
v 35.00000000 31.11213684 31.00000000
v 35.00000000 31.10296059 32.00000000
v 35.00000000 31.09613228 33.00000000
v 35.00000000 31.16000557 34.00000000
v 35.00000000 31.47330666 35.00000000
v 35.00000000 32.00000000 35.82892609
v 35.00000000 32.00000000 46.44757080
v 35.00000000 32.47747040 36.00000000
v 35.00000000 33.00000000 36.15198898
v 35.00000000 33.00000000 46.48184204
v 35.00000000 33.89601135 36.00000000
v 35.00000000 34.00000000 35.98715210
v 35.00000000 34.00000000 46.48590469
v 35.00000000 35.00000000 35.83913422
v 35.00000000 35.00000000 46.49686432
v 35.00000000 36.00000000 35.73988724
v 35.00000000 36.00000000 46.49625778
v 35.00000000 37.00000000 35.78899765
v 35.00000000 37.00000000 46.48124695
v 35.00000000 38.00000000 35.95937729
v 35.00000000 38.00000000 46.43089676
v 35.00000000 38.16563416 36.00000000
v 35.00000000 39.00000000 36.23025894
v 35.00000000 39.00000000 46.33075714
v 35.00000000 40.00000000 36.48051071
v 35.00000000 40.00000000 46.17984009
v 35.00000000 41.00000000 36.84012604
v 35.00000000 41.00000000 45.89857101
v 35.00000000 40.76777649 46.00000000
v 35.00000000 41.32341385 37.00000000
v 35.00000000 42.00000000 37.41820908
v 35.00000000 42.00000000 44.66617203
v 35.00000000 41.76659393 45.00000000
v 35.00000000 42.51982117 38.00000000
v 35.00000000 42.90455627 39.00000000
v 35.00000000 42.91434479 40.00000000
v 35.00000000 42.83610535 41.00000000
v 35.00000000 42.72784042 42.00000000
v 35.00000000 42.54925537 43.00000000
v 35.00000000 42.30910873 44.00000000
v 36.00000000 20.65254402 18.00000000
v 36.00000000 21.00000000 17.50168991
v 36.00000000 20.40010452 19.00000000
v 36.00000000 20.33389664 20.00000000
v 36.00000000 20.31146049 21.00000000
v 36.00000000 20.29849434 22.00000000
v 36.00000000 20.30520439 23.00000000
v 36.00000000 20.31834793 24.00000000
v 36.00000000 20.33096123 25.00000000
v 36.00000000 20.34743690 26.00000000
v 36.00000000 20.36842918 27.00000000
v 36.00000000 20.38726616 28.00000000
v 36.00000000 20.40338707 29.00000000
v 36.00000000 20.41916847 30.00000000
v 36.00000000 20.43500137 31.00000000
v 36.00000000 20.45415878 32.00000000
v 36.00000000 20.46899414 33.00000000
v 36.00000000 20.47314072 34.00000000
v 36.00000000 20.47417450 35.00000000
v 36.00000000 20.47888374 36.00000000
v 36.00000000 20.48497772 37.00000000
v 36.00000000 20.49092865 38.00000000
v 36.00000000 20.49514198 39.00000000
v 36.00000000 20.49148560 40.00000000
v 36.00000000 20.48227310 41.00000000
v 36.00000000 20.47924232 42.00000000
v 36.00000000 20.48334122 43.00000000
v 36.00000000 20.49291611 44.00000000
v 36.00000000 20.59301949 45.00000000
v 36.00000000 20.96410942 46.00000000
v 36.00000000 21.00000000 46.03068924
v 36.00000000 22.00000000 17.12727165
v 36.00000000 22.00000000 46.15504074
v 36.00000000 23.00000000 17.08548355
v 36.00000000 23.00000000 46.15845871
v 36.00000000 24.00000000 17.07785034
v 36.00000000 24.00000000 46.15546799
v 36.00000000 25.00000000 17.04347610
v 36.00000000 25.00000000 46.16209412
v 36.00000000 25.89694023 17.00000000
v 36.00000000 26.00000000 16.99536133
v 36.00000000 26.00000000 46.19313431
v 36.00000000 27.00000000 16.88225555
v 36.00000000 27.00000000 46.23597336
v 36.00000000 28.00000000 16.74987984
v 36.00000000 28.00000000 46.27266312
v 36.00000000 29.00000000 16.57431412
v 36.00000000 29.00000000 46.31662750
v 36.00000000 30.00000000 16.41194725
v 36.00000000 30.00000000 46.35772705
v 36.00000000 31.00000000 16.72712708
v 36.00000000 31.00000000 46.39551544
v 36.00000000 31.18389130 17.00000000
v 36.00000000 31.39894676 18.00000000
v 36.00000000 31.42621803 19.00000000
v 36.00000000 31.41500664 20.00000000
v 36.00000000 31.37262726 21.00000000
v 36.00000000 31.31360245 22.00000000
v 36.00000000 31.26779747 23.00000000
v 36.00000000 31.22958755 24.00000000
v 36.00000000 31.19276047 25.00000000
v 36.00000000 31.17522430 26.00000000
v 36.00000000 31.15684319 27.00000000
v 36.00000000 31.13883209 28.00000000
v 36.00000000 31.12814331 29.00000000
v 36.00000000 31.11758041 30.00000000
v 36.00000000 31.11262131 31.00000000
v 36.00000000 31.09937477 32.00000000
v 36.00000000 31.09329605 33.00000000
v 36.00000000 31.15073204 34.00000000
v 36.00000000 31.45950127 35.00000000
v 36.00000000 32.00000000 35.84009933
v 36.00000000 32.00000000 46.44445419
v 36.00000000 32.46228409 36.00000000
v 36.00000000 33.00000000 36.15133286
v 36.00000000 33.00000000 46.47668839
v 36.00000000 33.89371109 36.00000000
v 36.00000000 34.00000000 35.98663330
v 36.00000000 34.00000000 46.48143387
v 36.00000000 35.00000000 35.82937241
v 36.00000000 35.00000000 46.49380112
v 36.00000000 36.00000000 35.73723984
v 36.00000000 36.00000000 46.49571991
v 36.00000000 37.00000000 35.79486847
v 36.00000000 37.00000000 46.47808075
v 36.00000000 38.00000000 35.95766068
v 36.00000000 38.00000000 46.42757034
v 36.00000000 38.17030334 36.00000000
v 36.00000000 39.00000000 36.23249054
v 36.00000000 39.00000000 46.32446289
v 36.00000000 40.00000000 36.48083115
v 36.00000000 40.00000000 46.18019867
v 36.00000000 41.00000000 36.84445572
v 36.00000000 41.00000000 45.89834213
v 36.00000000 40.76895523 46.00000000
v 36.00000000 41.31247330 37.00000000
v 36.00000000 42.00000000 37.42403412
v 36.00000000 42.00000000 44.67550659
v 36.00000000 41.77287292 45.00000000
v 36.00000000 42.51491547 38.00000000
v 36.00000000 42.90097427 39.00000000
v 36.00000000 42.91112518 40.00000000
v 36.00000000 42.83653641 41.00000000
v 36.00000000 42.72996140 42.00000000
v 36.00000000 42.55155182 43.00000000
v 36.00000000 42.31148529 44.00000000
v 37.00000000 20.65352058 18.00000000
v 37.00000000 21.00000000 17.50098038
v 37.00000000 20.40192604 19.00000000
v 37.00000000 20.33499336 20.00000000
v 37.00000000 20.31175804 21.00000000
v 37.00000000 20.30032349 22.00000000
v 37.00000000 20.30550194 23.00000000
v 37.00000000 20.31867218 24.00000000
v 37.00000000 20.33222771 25.00000000
v 37.00000000 20.34795761 26.00000000
v 37.00000000 20.37071991 27.00000000
v 37.00000000 20.39200211 28.00000000
v 37.00000000 20.40824127 29.00000000
v 37.00000000 20.42610741 30.00000000
v 37.00000000 20.43966293 31.00000000
v 37.00000000 20.45645714 32.00000000
v 37.00000000 20.46959686 33.00000000
v 37.00000000 20.47123337 34.00000000
v 37.00000000 20.47346687 35.00000000
v 37.00000000 20.47962570 36.00000000
v 37.00000000 20.48835564 37.00000000
v 37.00000000 20.49399948 38.00000000
v 37.00000000 20.49577713 39.00000000
v 37.00000000 20.49156952 40.00000000
v 37.00000000 20.48441124 41.00000000
v 37.00000000 20.48087120 42.00000000
v 37.00000000 20.48422432 43.00000000
v 37.00000000 20.49457169 44.00000000
v 37.00000000 20.59196091 45.00000000
v 37.00000000 20.96347046 46.00000000
v 37.00000000 21.00000000 46.03130341
v 37.00000000 22.00000000 17.11966324
v 37.00000000 22.00000000 46.15433121
v 37.00000000 23.00000000 17.07860756
v 37.00000000 23.00000000 46.15571213
v 37.00000000 24.00000000 17.07024956
v 37.00000000 24.00000000 46.15441132
v 37.00000000 25.00000000 17.04090691
v 37.00000000 25.00000000 46.16044617
v 37.00000000 25.83620644 17.00000000
v 37.00000000 26.00000000 16.99256134
v 37.00000000 26.00000000 46.18861008
v 37.00000000 27.00000000 16.88079071
v 37.00000000 27.00000000 46.23308182
v 37.00000000 28.00000000 16.74880028
v 37.00000000 28.00000000 46.27360916
v 37.00000000 29.00000000 16.57620621
v 37.00000000 29.00000000 46.31676865
v 37.00000000 30.00000000 16.41892242
v 37.00000000 30.00000000 46.35584259
v 37.00000000 31.00000000 16.73207474
v 37.00000000 31.00000000 46.39392090
v 37.00000000 31.18038559 17.00000000
v 37.00000000 31.39377403 18.00000000
v 37.00000000 31.42079353 19.00000000
v 37.00000000 31.40700340 20.00000000
v 37.00000000 31.36787987 21.00000000
v 37.00000000 31.30895615 22.00000000
v 37.00000000 31.26720047 23.00000000
v 37.00000000 31.22987938 24.00000000
v 37.00000000 31.19081497 25.00000000
v 37.00000000 31.17443848 26.00000000
v 37.00000000 31.15567780 27.00000000
v 37.00000000 31.13866234 28.00000000
v 37.00000000 31.13047218 29.00000000
v 37.00000000 31.11903572 30.00000000
v 37.00000000 31.11178780 31.00000000
v 37.00000000 31.09663582 32.00000000
v 37.00000000 31.09048462 33.00000000
v 37.00000000 31.14104843 34.00000000
v 37.00000000 31.44499016 35.00000000
v 37.00000000 32.00000000 35.85236740
v 37.00000000 32.00000000 46.44107819
v 37.00000000 32.44419861 36.00000000
v 37.00000000 33.00000000 36.14952850
v 37.00000000 33.00000000 46.47116089
v 37.00000000 33.77225876 36.00000000
v 37.00000000 34.00000000 35.96681595
v 37.00000000 34.00000000 46.47655487
v 37.00000000 35.00000000 35.81174850
v 37.00000000 35.00000000 46.49022675
v 37.00000000 36.00000000 35.73254776
v 37.00000000 36.00000000 46.49507904
v 37.00000000 37.00000000 35.79905319
v 37.00000000 37.00000000 46.47514343
v 37.00000000 38.00000000 35.95682907
v 37.00000000 38.00000000 46.42486572
v 37.00000000 38.17527008 36.00000000
v 37.00000000 39.00000000 36.23148727
v 37.00000000 39.00000000 46.32152176
v 37.00000000 40.00000000 36.48249435
v 37.00000000 40.00000000 46.18187714
v 37.00000000 41.00000000 36.84912491
v 37.00000000 41.00000000 45.90041733
v 37.00000000 40.77506256 46.00000000
v 37.00000000 41.30136871 37.00000000
v 37.00000000 42.00000000 37.42999649
v 37.00000000 42.00000000 44.67345047
v 37.00000000 41.77265167 45.00000000
v 37.00000000 42.50724792 38.00000000
v 37.00000000 42.89190292 39.00000000
v 37.00000000 42.90293121 40.00000000
v 37.00000000 42.83172226 41.00000000
v 37.00000000 42.72788239 42.00000000
v 37.00000000 42.55013657 43.00000000
v 37.00000000 42.30994797 44.00000000
v 38.00000000 20.65496063 18.00000000
v 38.00000000 21.00000000 17.49878693
v 38.00000000 20.40382195 19.00000000
v 38.00000000 20.33799744 20.00000000
v 38.00000000 20.31462479 21.00000000
v 38.00000000 20.30313683 22.00000000
v 38.00000000 20.30884933 23.00000000
v 38.00000000 20.32238007 24.00000000
v 38.00000000 20.33569717 25.00000000
v 38.00000000 20.35134888 26.00000000
v 38.00000000 20.37318039 27.00000000
v 38.00000000 20.39692116 28.00000000
v 38.00000000 20.41522980 29.00000000
v 38.00000000 20.43327141 30.00000000
v 38.00000000 20.44682503 31.00000000
v 38.00000000 20.46122551 32.00000000
v 38.00000000 20.47052956 33.00000000
v 38.00000000 20.47205925 34.00000000
v 38.00000000 20.47332382 35.00000000
v 38.00000000 20.48072624 36.00000000
v 38.00000000 20.49152946 37.00000000
v 38.00000000 20.49730301 38.00000000
v 38.00000000 20.49714088 39.00000000
v 38.00000000 20.49119759 40.00000000
v 38.00000000 20.48641205 41.00000000
v 38.00000000 20.48282242 42.00000000
v 38.00000000 20.48485756 43.00000000
v 38.00000000 20.49543571 44.00000000
v 38.00000000 20.58992767 45.00000000
v 38.00000000 20.96284676 46.00000000
v 38.00000000 21.00000000 46.03179932
v 38.00000000 22.00000000 17.11219025
v 38.00000000 22.00000000 46.15349197
v 38.00000000 23.00000000 17.07182121
v 38.00000000 23.00000000 46.15244675
v 38.00000000 24.00000000 17.06378174
v 38.00000000 24.00000000 46.15196228
v 38.00000000 25.00000000 17.03580856
v 38.00000000 25.00000000 46.15857697
v 38.00000000 25.77536201 17.00000000
v 38.00000000 26.00000000 16.99039268
v 38.00000000 26.00000000 46.18178940
v 38.00000000 27.00000000 16.88031578
v 38.00000000 27.00000000 46.22923279
v 38.00000000 28.00000000 16.75079727
v 38.00000000 28.00000000 46.27096939
v 38.00000000 29.00000000 16.57688904
v 38.00000000 29.00000000 46.31371307
v 38.00000000 30.00000000 16.42607880
v 38.00000000 30.00000000 46.35257721
v 38.00000000 31.00000000 16.73819733
v 38.00000000 31.00000000 46.39168930
v 38.00000000 31.17552376 17.00000000
v 38.00000000 31.38864326 18.00000000
v 38.00000000 31.41458893 19.00000000
v 38.00000000 31.39919662 20.00000000
v 38.00000000 31.36264801 21.00000000
v 38.00000000 31.30491066 22.00000000
v 38.00000000 31.26664352 23.00000000
v 38.00000000 31.23011971 24.00000000
v 38.00000000 31.19049072 25.00000000
v 38.00000000 31.17317581 26.00000000
v 38.00000000 31.15475845 27.00000000
v 38.00000000 31.13742447 28.00000000
v 38.00000000 31.13198853 29.00000000
v 38.00000000 31.12106705 30.00000000
v 38.00000000 31.10967636 31.00000000
v 38.00000000 31.09561920 32.00000000
v 38.00000000 31.08614922 33.00000000
v 38.00000000 31.13282013 34.00000000
v 38.00000000 31.43274307 35.00000000
v 38.00000000 32.00000000 35.86395645
v 38.00000000 32.00000000 46.43738174
v 38.00000000 32.45265579 36.00000000
v 38.00000000 33.00000000 36.13428116
v 38.00000000 33.00000000 46.46557236
v 38.00000000 33.64620209 36.00000000
v 38.00000000 34.00000000 35.94377518
v 38.00000000 34.00000000 46.47189713
v 38.00000000 35.00000000 35.79430008
v 38.00000000 35.00000000 46.48764038
v 38.00000000 36.00000000 35.72550583
v 38.00000000 36.00000000 46.49364090
v 38.00000000 37.00000000 35.79673386
v 38.00000000 37.00000000 46.47332001
v 38.00000000 38.00000000 35.95585251
v 38.00000000 38.00000000 46.42296600
v 38.00000000 38.18103409 36.00000000
v 38.00000000 39.00000000 36.22952271
v 38.00000000 39.00000000 46.32111740
v 38.00000000 40.00000000 36.48401642
v 38.00000000 40.00000000 46.18257141
v 38.00000000 41.00000000 36.85367584
v 38.00000000 41.00000000 45.90344238
v 38.00000000 40.78222275 46.00000000
v 38.00000000 41.29071808 37.00000000
v 38.00000000 42.00000000 37.43591690
v 38.00000000 42.00000000 44.66905212
v 38.00000000 41.77032471 45.00000000
v 38.00000000 42.49816513 38.00000000
v 38.00000000 42.88293457 39.00000000
v 38.00000000 42.89643478 40.00000000
v 38.00000000 42.82885742 41.00000000
v 38.00000000 42.72458649 42.00000000
v 38.00000000 42.54767227 43.00000000
v 38.00000000 42.30747604 44.00000000
v 39.00000000 20.65568542 18.00000000
v 39.00000000 21.00000000 17.49286079
v 39.00000000 20.40639496 19.00000000
v 39.00000000 20.34090424 20.00000000
v 39.00000000 20.31816292 21.00000000
v 39.00000000 20.30659485 22.00000000
v 39.00000000 20.31287575 23.00000000
v 39.00000000 20.32708359 24.00000000
v 39.00000000 20.34059906 25.00000000
v 39.00000000 20.35624886 26.00000000
v 39.00000000 20.37683487 27.00000000
v 39.00000000 20.40340996 28.00000000
v 39.00000000 20.42611504 29.00000000
v 39.00000000 20.44186211 30.00000000
v 39.00000000 20.45568657 31.00000000
v 39.00000000 20.46937370 32.00000000
v 39.00000000 20.47525787 33.00000000
v 39.00000000 20.47609711 34.00000000
v 39.00000000 20.47620583 35.00000000
v 39.00000000 20.48372841 36.00000000
v 39.00000000 20.49427795 37.00000000
v 39.00000000 20.49931908 38.00000000
v 39.00000000 20.50012589 39.00000000
v 39.00000000 20.49261665 40.00000000
v 39.00000000 20.48828316 41.00000000
v 39.00000000 20.48480415 42.00000000
v 39.00000000 20.48690605 43.00000000
v 39.00000000 20.49664688 44.00000000
v 39.00000000 20.59109879 45.00000000
v 39.00000000 20.96146774 46.00000000
v 39.00000000 21.00000000 46.03298950
v 39.00000000 22.00000000 17.10217094
v 39.00000000 22.00000000 46.15148544
v 39.00000000 23.00000000 17.06507301
v 39.00000000 23.00000000 46.15024567
v 39.00000000 24.00000000 17.05825615
v 39.00000000 24.00000000 46.14953613
v 39.00000000 25.00000000 17.03063202
v 39.00000000 25.00000000 46.15613937
v 39.00000000 25.68531609 17.00000000
v 39.00000000 26.00000000 16.98698044
v 39.00000000 26.00000000 46.17572403
v 39.00000000 27.00000000 16.88006783
v 39.00000000 27.00000000 46.22296143
v 39.00000000 28.00000000 16.75447845
v 39.00000000 28.00000000 46.26629639
v 39.00000000 29.00000000 16.57803345
v 39.00000000 29.00000000 46.30912781
v 39.00000000 30.00000000 16.43355179
v 39.00000000 30.00000000 46.34880066
v 39.00000000 31.00000000 16.74482155
v 39.00000000 31.00000000 46.38773346
v 39.00000000 31.17019272 17.00000000
v 39.00000000 31.38322449 18.00000000
v 39.00000000 31.40841484 19.00000000
v 39.00000000 31.39298439 20.00000000
v 39.00000000 31.35716629 21.00000000
v 39.00000000 31.30114365 22.00000000
v 39.00000000 31.26534462 23.00000000
v 39.00000000 31.22967529 24.00000000
v 39.00000000 31.19036865 25.00000000
v 39.00000000 31.17170525 26.00000000
v 39.00000000 31.15432358 27.00000000
v 39.00000000 31.13786507 28.00000000
v 39.00000000 31.13159943 29.00000000
v 39.00000000 31.12188721 30.00000000
v 39.00000000 31.11036491 31.00000000
v 39.00000000 31.09406090 32.00000000
v 39.00000000 31.08129692 33.00000000
v 39.00000000 31.12617493 34.00000000
v 39.00000000 31.41971970 35.00000000
v 39.00000000 32.00000000 35.87191010
v 39.00000000 32.00000000 46.43383408
v 39.00000000 32.48097610 36.00000000
v 39.00000000 33.00000000 36.11465073
v 39.00000000 33.00000000 46.45961380
v 39.00000000 33.52379990 36.00000000
v 39.00000000 34.00000000 35.91978836
v 39.00000000 34.00000000 46.46720505
v 39.00000000 35.00000000 35.77955246
v 39.00000000 35.00000000 46.48698807
v 39.00000000 36.00000000 35.71755600
v 39.00000000 36.00000000 46.49250412
v 39.00000000 37.00000000 35.78985977
v 39.00000000 37.00000000 46.47303009
v 39.00000000 38.00000000 35.95289230
v 39.00000000 38.00000000 46.42280197
v 39.00000000 38.19316483 36.00000000
v 39.00000000 39.00000000 36.22708130
v 39.00000000 39.00000000 46.32118607
v 39.00000000 40.00000000 36.48071671
v 39.00000000 40.00000000 46.18325806
v 39.00000000 41.00000000 36.85477066
v 39.00000000 41.00000000 45.90736389
v 39.00000000 40.79120636 46.00000000
v 39.00000000 41.28400803 37.00000000
v 39.00000000 42.00000000 37.44112778
v 39.00000000 42.00000000 44.66387558
v 39.00000000 41.76751709 45.00000000
v 39.00000000 42.48987961 38.00000000
v 39.00000000 42.87696075 39.00000000
v 39.00000000 42.89283371 40.00000000
v 39.00000000 42.82752228 41.00000000
v 39.00000000 42.72157669 42.00000000
v 39.00000000 42.54523087 43.00000000
v 39.00000000 42.30504990 44.00000000
v 40.00000000 20.65628815 18.00000000
v 40.00000000 21.00000000 17.48572540
v 40.00000000 20.40926933 19.00000000
v 40.00000000 20.34470558 20.00000000
v 40.00000000 20.32241058 21.00000000
v 40.00000000 20.31069946 22.00000000
v 40.00000000 20.31678963 23.00000000
v 40.00000000 20.33156013 24.00000000
v 40.00000000 20.34573746 25.00000000
v 40.00000000 20.36197472 26.00000000
v 40.00000000 20.38228035 27.00000000
v 40.00000000 20.40982246 28.00000000
v 40.00000000 20.43762970 29.00000000
v 40.00000000 20.45302200 30.00000000
v 40.00000000 20.46537209 31.00000000
v 40.00000000 20.47915077 32.00000000
v 40.00000000 20.48432159 33.00000000
v 40.00000000 20.48387718 34.00000000
v 40.00000000 20.48208809 35.00000000
v 40.00000000 20.48812866 36.00000000
v 40.00000000 20.49794579 37.00000000
v 40.00000000 20.50191879 38.00000000
v 40.00000000 20.50389290 39.00000000
v 40.00000000 20.49619293 40.00000000
v 40.00000000 20.49154663 41.00000000
v 40.00000000 20.48848534 42.00000000
v 40.00000000 20.49195480 43.00000000
v 40.00000000 20.49907303 44.00000000
v 40.00000000 20.59389305 45.00000000
v 40.00000000 20.95823288 46.00000000
v 40.00000000 21.00000000 46.03583145
v 40.00000000 22.00000000 17.08799934
v 40.00000000 22.00000000 46.14905167
v 40.00000000 23.00000000 17.05572319
v 40.00000000 23.00000000 46.14723969
v 40.00000000 24.00000000 17.05085564
v 40.00000000 24.00000000 46.14699936
v 40.00000000 25.00000000 17.02645874
v 40.00000000 25.00000000 46.15198135
v 40.00000000 25.58843803 17.00000000
v 40.00000000 26.00000000 16.98284721
v 40.00000000 26.00000000 46.16809845
v 40.00000000 27.00000000 16.88034821
v 40.00000000 27.00000000 46.21505356
v 40.00000000 28.00000000 16.75873184
v 40.00000000 28.00000000 46.26093292
v 40.00000000 29.00000000 16.57934761
v 40.00000000 29.00000000 46.30324936
v 40.00000000 30.00000000 16.44012070
v 40.00000000 30.00000000 46.34461594
v 40.00000000 31.00000000 16.75041962
v 40.00000000 31.00000000 46.38317108
v 40.00000000 31.16550064 17.00000000
v 40.00000000 31.37745476 18.00000000
v 40.00000000 31.40293503 19.00000000
v 40.00000000 31.38734818 20.00000000
v 40.00000000 31.35244942 21.00000000
v 40.00000000 31.29827118 22.00000000
v 40.00000000 31.26354027 23.00000000
v 40.00000000 31.22859955 24.00000000
v 40.00000000 31.19179726 25.00000000
v 40.00000000 31.17049599 26.00000000
v 40.00000000 31.15250778 27.00000000
v 40.00000000 31.13807678 28.00000000
v 40.00000000 31.13228989 29.00000000
v 40.00000000 31.12128258 30.00000000
v 40.00000000 31.11043358 31.00000000
v 40.00000000 31.09392738 32.00000000
v 40.00000000 31.07716179 33.00000000
v 40.00000000 31.12043762 34.00000000
v 40.00000000 31.40670204 35.00000000
v 40.00000000 32.00000000 35.87263107
v 40.00000000 32.00000000 46.42889023
v 40.00000000 32.54273605 36.00000000
v 40.00000000 33.00000000 36.09136581
v 40.00000000 33.00000000 46.45300674
v 40.00000000 33.42493439 36.00000000
v 40.00000000 34.00000000 35.90405655
v 40.00000000 34.00000000 46.46445084
v 40.00000000 35.00000000 35.76110840
v 40.00000000 35.00000000 46.48577881
v 40.00000000 36.00000000 35.70959473
v 40.00000000 36.00000000 46.49153900
v 40.00000000 37.00000000 35.77993774
v 40.00000000 37.00000000 46.47245026
v 40.00000000 38.00000000 35.94173813
v 40.00000000 38.00000000 46.42237091
v 40.00000000 38.24243927 36.00000000
v 40.00000000 39.00000000 36.21376419
v 40.00000000 39.00000000 46.32328033
v 40.00000000 40.00000000 36.47280884
v 40.00000000 40.00000000 46.18575287
v 40.00000000 41.00000000 36.85572052
v 40.00000000 41.00000000 45.91181564
v 40.00000000 40.80288315 46.00000000
v 40.00000000 41.27784729 37.00000000
v 40.00000000 42.00000000 37.44635391
v 40.00000000 42.00000000 44.65800095
v 40.00000000 41.76408768 45.00000000
v 40.00000000 42.48078537 38.00000000
v 40.00000000 42.87286377 39.00000000
v 40.00000000 42.89061737 40.00000000
v 40.00000000 42.82722092 41.00000000
v 40.00000000 42.71909714 42.00000000
v 40.00000000 42.54308701 43.00000000
v 40.00000000 42.30241776 44.00000000
v 41.00000000 20.65814209 18.00000000
v 41.00000000 21.00000000 17.47975349
v 41.00000000 20.41154480 19.00000000
v 41.00000000 20.35070992 20.00000000
v 41.00000000 20.32862091 21.00000000
v 41.00000000 20.31658554 22.00000000
v 41.00000000 20.32351494 23.00000000
v 41.00000000 20.33908653 24.00000000
v 41.00000000 20.35398865 25.00000000
v 41.00000000 20.37025452 26.00000000
v 41.00000000 20.39085007 27.00000000
v 41.00000000 20.41938019 28.00000000
v 41.00000000 20.45118332 29.00000000
v 41.00000000 20.46683502 30.00000000
v 41.00000000 20.47847366 31.00000000
v 41.00000000 20.49101830 32.00000000
v 41.00000000 20.49730873 33.00000000
v 41.00000000 20.49546623 34.00000000
v 41.00000000 20.49260712 35.00000000
v 41.00000000 20.49591255 36.00000000
v 41.00000000 20.50330925 37.00000000
v 41.00000000 20.50492096 38.00000000
v 41.00000000 20.50776863 39.00000000
v 41.00000000 20.50137138 40.00000000
v 41.00000000 20.49583244 41.00000000
v 41.00000000 20.49230766 42.00000000
v 41.00000000 20.49486923 43.00000000
v 41.00000000 20.50177002 44.00000000
v 41.00000000 20.59722710 45.00000000
v 41.00000000 20.95598221 46.00000000
v 41.00000000 21.00000000 46.03786087
v 41.00000000 22.00000000 17.07098579
v 41.00000000 22.00000000 46.14887619
v 41.00000000 23.00000000 17.04475594
v 41.00000000 23.00000000 46.14500427
v 41.00000000 24.00000000 17.03975487
v 41.00000000 24.00000000 46.14416122
v 41.00000000 25.00000000 17.02132797
v 41.00000000 25.00000000 46.14550018
v 41.00000000 25.48635674 17.00000000
v 41.00000000 26.00000000 16.97889137
v 41.00000000 26.00000000 46.15893173
v 41.00000000 27.00000000 16.88042831
v 41.00000000 27.00000000 46.20691681
v 41.00000000 28.00000000 16.76194000
v 41.00000000 28.00000000 46.25482178
v 41.00000000 29.00000000 16.58361626
v 41.00000000 29.00000000 46.29662323
v 41.00000000 30.00000000 16.44469070
v 41.00000000 30.00000000 46.33993530
v 41.00000000 31.00000000 16.75744629
v 41.00000000 31.00000000 46.37837219
v 41.00000000 31.16066933 17.00000000
v 41.00000000 31.37098503 18.00000000
v 41.00000000 31.39753151 19.00000000
v 41.00000000 31.38129425 20.00000000
v 41.00000000 31.34807968 21.00000000
v 41.00000000 31.29514313 22.00000000
v 41.00000000 31.26151466 23.00000000
v 41.00000000 31.22807503 24.00000000
v 41.00000000 31.19309807 25.00000000
v 41.00000000 31.16949272 26.00000000
v 41.00000000 31.15139961 27.00000000
v 41.00000000 31.13811111 28.00000000
v 41.00000000 31.13279915 29.00000000
v 41.00000000 31.12159538 30.00000000
v 41.00000000 31.11025429 31.00000000
v 41.00000000 31.09361458 32.00000000
v 41.00000000 31.07500648 33.00000000
v 41.00000000 31.11390305 34.00000000
v 41.00000000 31.39655113 35.00000000
v 41.00000000 32.00000000 35.87256622
v 41.00000000 32.00000000 46.42353058
v 41.00000000 32.61871338 36.00000000
v 41.00000000 33.00000000 36.06783676
v 41.00000000 33.00000000 46.44704056
v 41.00000000 33.32256317 36.00000000
v 41.00000000 34.00000000 35.88793564
v 41.00000000 34.00000000 46.46110153
v 41.00000000 35.00000000 35.74251938
v 41.00000000 35.00000000 46.48445511
v 41.00000000 36.00000000 35.69903946
v 41.00000000 36.00000000 46.48883057
v 41.00000000 37.00000000 35.77075195
v 41.00000000 37.00000000 46.47212601
v 41.00000000 38.00000000 35.91992188
v 41.00000000 38.00000000 46.42317200
v 41.00000000 38.34256363 36.00000000
v 41.00000000 39.00000000 36.18338776
v 41.00000000 39.00000000 46.32726669
v 41.00000000 40.00000000 36.46567535
v 41.00000000 40.00000000 46.18874359
v 41.00000000 41.00000000 36.85534668
v 41.00000000 41.00000000 45.91617584
v 41.00000000 40.81439209 46.00000000
v 41.00000000 41.27387238 37.00000000
v 41.00000000 42.00000000 37.45054245
v 41.00000000 42.00000000 44.65164566
v 41.00000000 41.75976181 45.00000000
v 41.00000000 42.47243118 38.00000000
v 41.00000000 42.86876297 39.00000000
v 41.00000000 42.88973618 40.00000000
v 41.00000000 42.82746506 41.00000000
v 41.00000000 42.71852112 42.00000000
v 41.00000000 42.54108810 43.00000000
v 41.00000000 42.29972458 44.00000000
v 42.00000000 20.65936470 18.00000000
v 42.00000000 21.00000000 17.46827698
v 42.00000000 20.41445541 19.00000000
v 42.00000000 20.35776329 20.00000000
v 42.00000000 20.33684540 21.00000000
v 42.00000000 20.32386398 22.00000000
v 42.00000000 20.33188248 23.00000000
v 42.00000000 20.34827232 24.00000000
v 42.00000000 20.36568260 25.00000000
v 42.00000000 20.38255692 26.00000000
v 42.00000000 20.40311432 27.00000000
v 42.00000000 20.43415260 28.00000000
v 42.00000000 20.46455002 29.00000000
v 42.00000000 20.48318863 30.00000000
v 42.00000000 20.49526405 31.00000000
v 42.00000000 20.50520515 32.00000000
v 42.00000000 20.51198578 33.00000000
v 42.00000000 20.50906563 34.00000000
v 42.00000000 20.50365067 35.00000000
v 42.00000000 20.50480461 36.00000000
v 42.00000000 20.50836754 37.00000000
v 42.00000000 20.50868607 38.00000000
v 42.00000000 20.51140213 39.00000000
v 42.00000000 20.50526047 40.00000000
v 42.00000000 20.49970055 41.00000000
v 42.00000000 20.49569893 42.00000000
v 42.00000000 20.49702454 43.00000000
v 42.00000000 20.50427246 44.00000000
v 42.00000000 20.59980583 45.00000000
v 42.00000000 20.95466805 46.00000000
v 42.00000000 21.00000000 46.03911591
v 42.00000000 22.00000000 17.05557251
v 42.00000000 22.00000000 46.15029526
v 42.00000000 23.00000000 17.03046608
v 42.00000000 23.00000000 46.14289093
v 42.00000000 24.00000000 17.02918816
v 42.00000000 24.00000000 46.14044189
v 42.00000000 25.00000000 17.01307487
v 42.00000000 25.00000000 46.13675308
v 42.00000000 25.31743813 17.00000000
v 42.00000000 26.00000000 16.97325325
v 42.00000000 26.00000000 46.14990997
v 42.00000000 27.00000000 16.88104439
v 42.00000000 27.00000000 46.19839478
v 42.00000000 28.00000000 16.76330566
v 42.00000000 28.00000000 46.24762726
v 42.00000000 29.00000000 16.58786583
v 42.00000000 29.00000000 46.28867722
v 42.00000000 30.00000000 16.44843864
v 42.00000000 30.00000000 46.33460617
v 42.00000000 31.00000000 16.76361275
v 42.00000000 31.00000000 46.37369919
v 42.00000000 31.15661812 17.00000000
v 42.00000000 31.36526680 18.00000000
v 42.00000000 31.39216614 19.00000000
v 42.00000000 31.37718582 20.00000000
v 42.00000000 31.34495163 21.00000000
v 42.00000000 31.29181862 22.00000000
v 42.00000000 31.25878716 23.00000000
v 42.00000000 31.22735596 24.00000000
v 42.00000000 31.19435883 25.00000000
v 42.00000000 31.16939545 26.00000000
v 42.00000000 31.14966774 27.00000000
v 42.00000000 31.13682175 28.00000000
v 42.00000000 31.13346291 29.00000000
v 42.00000000 31.12262344 30.00000000
v 42.00000000 31.11069107 31.00000000
v 42.00000000 31.09338570 32.00000000
v 42.00000000 31.07377625 33.00000000
v 42.00000000 31.10795784 34.00000000
v 42.00000000 31.38729477 35.00000000
v 42.00000000 32.00000000 35.87211609
v 42.00000000 32.00000000 46.41746140
v 42.00000000 32.65805435 36.00000000
v 42.00000000 33.00000000 36.05778885
v 42.00000000 33.00000000 46.43999100
v 42.00000000 33.26613617 36.00000000
v 42.00000000 34.00000000 35.87093735
v 42.00000000 34.00000000 46.45736694
v 42.00000000 35.00000000 35.72315216
v 42.00000000 35.00000000 46.48263550
v 42.00000000 36.00000000 35.67876434
v 42.00000000 36.00000000 46.48580933
v 42.00000000 37.00000000 35.74499893
v 42.00000000 37.00000000 46.47127533
v 42.00000000 38.00000000 35.89409256
v 42.00000000 38.00000000 46.42583847
v 42.00000000 38.45422745 36.00000000
v 42.00000000 39.00000000 36.15182495
v 42.00000000 39.00000000 46.33204269
v 42.00000000 40.00000000 36.45378876
v 42.00000000 40.00000000 46.19109726
v 42.00000000 41.00000000 36.85348892
v 42.00000000 41.00000000 45.92061615
v 42.00000000 40.82501221 46.00000000
v 42.00000000 41.26970673 37.00000000
v 42.00000000 42.00000000 37.45907593
v 42.00000000 42.00000000 44.64707947
v 42.00000000 41.75670242 45.00000000
v 42.00000000 42.46522141 38.00000000
v 42.00000000 42.86298752 39.00000000
v 42.00000000 42.88767624 40.00000000
v 42.00000000 42.82838440 41.00000000
v 42.00000000 42.71842575 42.00000000
v 42.00000000 42.53896332 43.00000000
v 42.00000000 42.29707336 44.00000000
v 43.00000000 20.65961647 18.00000000
v 43.00000000 21.00000000 17.45482635
v 43.00000000 20.42050171 19.00000000
v 43.00000000 20.36632919 20.00000000
v 43.00000000 20.34628105 21.00000000
v 43.00000000 20.33210564 22.00000000
v 43.00000000 20.34025764 23.00000000
v 43.00000000 20.35835457 24.00000000
v 43.00000000 20.37741852 25.00000000
v 43.00000000 20.39437866 26.00000000
v 43.00000000 20.41726875 27.00000000
v 43.00000000 20.44933510 28.00000000
v 43.00000000 20.47843361 29.00000000
v 43.00000000 20.50025749 30.00000000
v 43.00000000 20.51277351 31.00000000
v 43.00000000 20.52206421 32.00000000
v 43.00000000 20.52615738 33.00000000
v 43.00000000 20.52416611 34.00000000
v 43.00000000 20.51739120 35.00000000
v 43.00000000 20.51442909 36.00000000
v 43.00000000 20.51385689 37.00000000
v 43.00000000 20.51447105 38.00000000
v 43.00000000 20.51699829 39.00000000
v 43.00000000 20.51106071 40.00000000
v 43.00000000 20.50515175 41.00000000
v 43.00000000 20.49912834 42.00000000
v 43.00000000 20.49971771 43.00000000
v 43.00000000 20.50629807 44.00000000
v 43.00000000 20.60070992 45.00000000
v 43.00000000 20.95465660 46.00000000
v 43.00000000 21.00000000 46.03922653
v 43.00000000 22.00000000 17.03450775
v 43.00000000 22.00000000 46.15212631
v 43.00000000 23.00000000 17.00948524
v 43.00000000 23.00000000 46.14415359
v 43.00000000 24.00000000 17.01828384
v 43.00000000 24.00000000 46.13476944
v 43.00000000 25.00000000 17.00249863
v 43.00000000 25.00000000 46.12781906
v 43.00000000 25.06724167 17.00000000
v 43.00000000 26.00000000 16.96663857
v 43.00000000 26.00000000 46.14120865
v 43.00000000 27.00000000 16.88256073
v 43.00000000 27.00000000 46.19029617
v 43.00000000 28.00000000 16.76500511
v 43.00000000 28.00000000 46.23929596
v 43.00000000 29.00000000 16.59038544
v 43.00000000 29.00000000 46.27997971
v 43.00000000 30.00000000 16.45259285
v 43.00000000 30.00000000 46.32776642
v 43.00000000 31.00000000 16.76844215
v 43.00000000 31.00000000 46.36897659
v 43.00000000 31.15400505 17.00000000
v 43.00000000 31.36376190 18.00000000
v 43.00000000 31.38958549 19.00000000
v 43.00000000 31.37606239 20.00000000
v 43.00000000 31.34370804 21.00000000
v 43.00000000 31.28926849 22.00000000
v 43.00000000 31.25644875 23.00000000
v 43.00000000 31.22625160 24.00000000
v 43.00000000 31.19485283 25.00000000
v 43.00000000 31.16989136 26.00000000
v 43.00000000 31.14949608 27.00000000
v 43.00000000 31.13558006 28.00000000
v 43.00000000 31.13297081 29.00000000
v 43.00000000 31.12323761 30.00000000
v 43.00000000 31.11154366 31.00000000
v 43.00000000 31.09220123 32.00000000
v 43.00000000 31.07094383 33.00000000
v 43.00000000 31.09823799 34.00000000
v 43.00000000 31.37904167 35.00000000
v 43.00000000 32.00000000 35.87734985
v 43.00000000 32.00000000 46.41114044
v 43.00000000 32.65222931 36.00000000
v 43.00000000 33.00000000 36.05698776
v 43.00000000 33.00000000 46.43307877
v 43.00000000 33.24097824 36.00000000
v 43.00000000 34.00000000 35.85044098
v 43.00000000 34.00000000 46.45476913
v 43.00000000 35.00000000 35.69390488
v 43.00000000 35.00000000 46.48043823
v 43.00000000 36.00000000 35.62766647
v 43.00000000 36.00000000 46.48369217
v 43.00000000 37.00000000 35.71891022
v 43.00000000 37.00000000 46.47108459
v 43.00000000 38.00000000 35.87209702
v 43.00000000 38.00000000 46.42999649
v 43.00000000 38.54822922 36.00000000
v 43.00000000 39.00000000 36.12509155
v 43.00000000 39.00000000 46.33727264
v 43.00000000 40.00000000 36.44234085
v 43.00000000 40.00000000 46.19355774
v 43.00000000 41.00000000 36.85483932
v 43.00000000 41.00000000 45.92504120
v 43.00000000 40.83554077 46.00000000
v 43.00000000 41.26201630 37.00000000
v 43.00000000 42.00000000 37.46934509
v 43.00000000 42.00000000 44.64201736
v 43.00000000 41.75368500 45.00000000
v 43.00000000 42.45755005 38.00000000
v 43.00000000 42.85736084 39.00000000
v 43.00000000 42.88603592 40.00000000
v 43.00000000 42.82796478 41.00000000
v 43.00000000 42.71861267 42.00000000
v 43.00000000 42.53621292 43.00000000
v 43.00000000 42.29455566 44.00000000
v 44.00000000 20.65724373 18.00000000
v 44.00000000 21.00000000 17.43756104
v 44.00000000 20.42701149 19.00000000
v 44.00000000 20.37518692 20.00000000
v 44.00000000 20.35655022 21.00000000
v 44.00000000 20.34364700 22.00000000
v 44.00000000 20.35120201 23.00000000
v 44.00000000 20.36996269 24.00000000
v 44.00000000 20.38912773 25.00000000
v 44.00000000 20.40680313 26.00000000
v 44.00000000 20.43245506 27.00000000
v 44.00000000 20.46371269 28.00000000
v 44.00000000 20.49187088 29.00000000
v 44.00000000 20.51346970 30.00000000
v 44.00000000 20.52831268 31.00000000
v 44.00000000 20.53883553 32.00000000
v 44.00000000 20.54102516 33.00000000
v 44.00000000 20.53951073 34.00000000
v 44.00000000 20.53190422 35.00000000
v 44.00000000 20.52639198 36.00000000
v 44.00000000 20.52300453 37.00000000
v 44.00000000 20.52222824 38.00000000
v 44.00000000 20.52554893 39.00000000
v 44.00000000 20.51902580 40.00000000
v 44.00000000 20.51098633 41.00000000
v 44.00000000 20.50388336 42.00000000
v 44.00000000 20.50243950 43.00000000
v 44.00000000 20.50758362 44.00000000
v 44.00000000 20.60133743 45.00000000
v 44.00000000 20.95225143 46.00000000
v 44.00000000 21.00000000 46.04141617
v 44.00000000 22.00000000 17.01218224
v 44.00000000 22.00000000 46.15365982
v 43.41176987 23.00000000 17.00000000
v 44.00000000 22.45944023 17.00000000
v 44.00000000 23.00000000 16.98739433
v 44.00000000 23.00000000 46.14468765
v 44.00000000 23.87752533 17.00000000
v 44.00000000 24.00000000 17.00197601
v 44.00000000 24.00000000 46.12951660
v 43.24041748 25.00000000 17.00000000
v 44.00000000 24.21202850 17.00000000
v 44.00000000 25.00000000 16.99278259
v 44.00000000 25.00000000 46.11928558
v 44.00000000 26.00000000 16.96013832
v 44.00000000 26.00000000 46.13441467
v 44.00000000 27.00000000 16.88008881
v 44.00000000 27.00000000 46.18427277
v 44.00000000 28.00000000 16.76467705
v 44.00000000 28.00000000 46.23083496
v 44.00000000 29.00000000 16.59199142
v 44.00000000 29.00000000 46.27114868
v 44.00000000 30.00000000 16.45839500
v 44.00000000 30.00000000 46.31944656
v 44.00000000 31.00000000 16.77345467
v 44.00000000 31.00000000 46.36293793
v 44.00000000 31.15170288 17.00000000
v 44.00000000 31.36125946 18.00000000
v 44.00000000 31.38782501 19.00000000
v 44.00000000 31.37753105 20.00000000
v 44.00000000 31.34439659 21.00000000
v 44.00000000 31.29036331 22.00000000
v 44.00000000 31.25688934 23.00000000
v 44.00000000 31.22633362 24.00000000
v 44.00000000 31.19597435 25.00000000
v 44.00000000 31.17029190 26.00000000
v 44.00000000 31.14969254 27.00000000
v 44.00000000 31.13440323 28.00000000
v 44.00000000 31.13164139 29.00000000
v 44.00000000 31.12338448 30.00000000
v 44.00000000 31.11240387 31.00000000
v 44.00000000 31.09144974 32.00000000
v 44.00000000 31.06959152 33.00000000
v 44.00000000 31.09317589 34.00000000
v 44.00000000 31.36003876 35.00000000
v 44.00000000 32.00000000 35.88881302
v 44.00000000 32.00000000 46.40459061
v 44.00000000 32.64392853 36.00000000
v 44.00000000 33.00000000 36.05383301
v 44.00000000 33.00000000 46.42798233
v 44.00000000 33.20080566 36.00000000
v 44.00000000 34.00000000 35.81330872
v 44.00000000 34.00000000 46.45158386
v 44.00000000 35.00000000 35.64406967
v 44.00000000 35.00000000 46.47718811
v 44.00000000 36.00000000 35.58502579
v 44.00000000 36.00000000 46.48305893
v 44.00000000 37.00000000 35.69485474
v 44.00000000 37.00000000 46.47196579
v 44.00000000 38.00000000 35.85215759
v 44.00000000 38.00000000 46.43504715
v 44.00000000 38.62743378 36.00000000
v 44.00000000 39.00000000 36.10340118
v 44.00000000 39.00000000 46.34259033
v 44.00000000 40.00000000 36.43624115
v 44.00000000 40.00000000 46.19659805
v 44.00000000 41.00000000 36.86127090
v 44.00000000 41.00000000 45.92905807
v 44.00000000 40.84565353 46.00000000
v 44.00000000 41.24596786 37.00000000
v 44.00000000 42.00000000 37.47978973
v 44.00000000 42.00000000 44.62829590
v 44.00000000 41.74595642 45.00000000
v 44.00000000 42.44937515 38.00000000
v 44.00000000 42.85050964 39.00000000
v 44.00000000 42.88150406 40.00000000
v 44.00000000 42.82334137 41.00000000
v 44.00000000 42.71267700 42.00000000
v 44.00000000 42.53100204 43.00000000
v 44.00000000 42.28830719 44.00000000
v 45.00000000 20.65160370 18.00000000
v 45.00000000 21.00000000 17.41652870
v 45.00000000 20.42847443 19.00000000
v 45.00000000 20.38116264 20.00000000
v 45.00000000 20.36564636 21.00000000
v 45.00000000 20.35500526 22.00000000
v 45.00000000 20.36439896 23.00000000
v 45.00000000 20.38305283 24.00000000
v 45.00000000 20.40188599 25.00000000
v 45.00000000 20.42057228 26.00000000
v 45.00000000 20.44823647 27.00000000
v 45.00000000 20.47764206 28.00000000
v 45.00000000 20.50448799 29.00000000
v 45.00000000 20.52445793 30.00000000
v 45.00000000 20.54176140 31.00000000
v 45.00000000 20.55701828 32.00000000
v 45.00000000 20.55725861 33.00000000
v 45.00000000 20.55456352 34.00000000
v 45.00000000 20.54813957 35.00000000
v 45.00000000 20.53920746 36.00000000
v 45.00000000 20.53393745 37.00000000
v 45.00000000 20.53231430 38.00000000
v 45.00000000 20.53438950 39.00000000
v 45.00000000 20.52760696 40.00000000
v 45.00000000 20.51700783 41.00000000
v 45.00000000 20.50925064 42.00000000
v 45.00000000 20.50506401 43.00000000
v 45.00000000 20.50795937 44.00000000
v 45.00000000 20.60205269 45.00000000
v 45.00000000 20.94738007 46.00000000
v 45.00000000 21.00000000 46.04572678
v 44.52165604 22.00000000 17.00000000
v 45.00000000 21.95604706 17.00000000
v 45.00000000 22.00000000 16.98991394
v 45.00000000 22.00000000 46.15633011
v 45.00000000 23.00000000 16.96871376
v 45.00000000 23.00000000 46.14595413
v 44.10027695 24.00000000 17.00000000
v 45.00000000 24.00000000 16.98344040
v 45.00000000 24.00000000 46.12766647
v 45.00000000 25.00000000 16.97264671
v 45.00000000 25.00000000 46.11059570
v 45.00000000 26.00000000 16.95243835
v 45.00000000 26.00000000 46.12866974
v 45.00000000 27.00000000 16.87782478
v 45.00000000 27.00000000 46.17902374
v 45.00000000 28.00000000 16.76669121
v 45.00000000 28.00000000 46.22195053
v 45.00000000 29.00000000 16.59530830
v 45.00000000 29.00000000 46.26165771
v 45.00000000 30.00000000 16.46617126
v 45.00000000 30.00000000 46.31020355
v 45.00000000 31.00000000 16.77539253
v 45.00000000 31.00000000 46.35491180
v 45.00000000 31.15243530 17.00000000
v 45.00000000 31.36061478 18.00000000
v 45.00000000 31.38867760 19.00000000
v 45.00000000 31.38002586 20.00000000
v 45.00000000 31.34584236 21.00000000
v 45.00000000 31.29064369 22.00000000
v 45.00000000 31.25729752 23.00000000
v 45.00000000 31.22669792 24.00000000
v 45.00000000 31.19973183 25.00000000
v 45.00000000 31.17485809 26.00000000
v 45.00000000 31.15271378 27.00000000
v 45.00000000 31.13528252 28.00000000
v 45.00000000 31.13109779 29.00000000
v 45.00000000 31.12347221 30.00000000
v 45.00000000 31.11252594 31.00000000
v 45.00000000 31.09124947 32.00000000
v 45.00000000 31.06729889 33.00000000
v 45.00000000 31.08814812 34.00000000
v 45.00000000 31.34381676 35.00000000
v 45.00000000 32.00000000 35.89860535
v 45.00000000 32.00000000 46.39612961
v 45.00000000 32.76904678 36.00000000
v 45.00000000 33.00000000 36.02726364
v 45.00000000 33.00000000 46.42089844
v 45.00000000 33.10074234 36.00000000
v 45.00000000 34.00000000 35.77355576
v 45.00000000 34.00000000 46.44694901
v 45.00000000 35.00000000 35.59289932
v 45.00000000 35.00000000 46.47431564
v 45.00000000 36.00000000 35.55199432
v 45.00000000 36.00000000 46.48363113
v 45.00000000 37.00000000 35.66671753
v 45.00000000 37.00000000 46.47462845
v 45.00000000 38.00000000 35.83335876
v 45.00000000 38.00000000 46.43944168
v 45.00000000 38.68738937 36.00000000
v 45.00000000 39.00000000 36.08778000
v 45.00000000 39.00000000 46.34860229
v 45.00000000 40.00000000 36.43934631
v 45.00000000 40.00000000 46.19682312
v 45.00000000 41.00000000 36.86468124
v 45.00000000 41.00000000 45.92500687
v 45.00000000 40.83946228 46.00000000
v 45.00000000 41.23394012 37.00000000
v 45.00000000 42.00000000 37.49335098
v 45.00000000 42.00000000 44.60908508
v 45.00000000 41.73458099 45.00000000
v 45.00000000 42.43696213 38.00000000
v 45.00000000 42.84051132 39.00000000
v 45.00000000 42.87233353 40.00000000
v 45.00000000 42.81491852 41.00000000
v 45.00000000 42.70346832 42.00000000
v 45.00000000 42.52368927 43.00000000
v 45.00000000 42.27919388 44.00000000
v 46.00000000 20.64509773 18.00000000
v 46.00000000 21.00000000 17.39160538
v 46.00000000 20.42797852 19.00000000
v 46.00000000 20.38365746 20.00000000
v 46.00000000 20.37098694 21.00000000
v 46.00000000 20.36318779 22.00000000
v 46.00000000 20.37583733 23.00000000
v 46.00000000 20.39446831 24.00000000
v 46.00000000 20.41449547 25.00000000
v 46.00000000 20.43540001 26.00000000
v 46.00000000 20.46413422 27.00000000
v 46.00000000 20.49403381 28.00000000
v 46.00000000 20.51934624 29.00000000
v 46.00000000 20.53739929 30.00000000
v 46.00000000 20.55490875 31.00000000
v 46.00000000 20.57246971 32.00000000
v 46.00000000 20.57307053 33.00000000
v 46.00000000 20.56957817 34.00000000
v 46.00000000 20.56287003 35.00000000
v 46.00000000 20.55255318 36.00000000
v 46.00000000 20.54574776 37.00000000
v 46.00000000 20.54333496 38.00000000
v 46.00000000 20.54497910 39.00000000
v 46.00000000 20.53576660 40.00000000
v 46.00000000 20.52370834 41.00000000
v 46.00000000 20.51440811 42.00000000
v 46.00000000 20.50604057 43.00000000
v 46.00000000 20.50943184 44.00000000
v 46.00000000 20.60317802 45.00000000
v 46.00000000 20.95170975 46.00000000
v 46.00000000 21.00000000 46.04201508
v 46.00000000 21.87417030 17.00000000
v 46.00000000 22.00000000 16.97075844
v 46.00000000 22.00000000 46.15610886
v 46.00000000 23.00000000 16.95229530
v 46.00000000 23.00000000 46.14875793
v 46.00000000 24.00000000 16.96777725
v 46.00000000 24.00000000 46.12873840
v 46.00000000 25.00000000 16.95148087
v 46.00000000 25.00000000 46.10777664
v 46.00000000 26.00000000 16.93536568
v 46.00000000 26.00000000 46.12509537
v 46.00000000 27.00000000 16.87146950
v 46.00000000 27.00000000 46.17285919
v 46.00000000 28.00000000 16.76993561
v 46.00000000 28.00000000 46.21381378
v 46.00000000 29.00000000 16.60038185
v 46.00000000 29.00000000 46.25225449
v 46.00000000 30.00000000 16.47492981
v 46.00000000 30.00000000 46.29892349
v 46.00000000 31.00000000 16.78178596
v 46.00000000 31.00000000 46.34533310
v 46.00000000 31.15263557 17.00000000
v 46.00000000 31.36727905 18.00000000
v 46.00000000 31.39844704 19.00000000
v 46.00000000 31.38775826 20.00000000
v 46.00000000 31.35099602 21.00000000
v 46.00000000 31.29220200 22.00000000
v 46.00000000 31.25814438 23.00000000
v 46.00000000 31.22686577 24.00000000
v 46.00000000 31.20375061 25.00000000
v 46.00000000 31.18038940 26.00000000
v 46.00000000 31.15923691 27.00000000
v 46.00000000 31.14215851 28.00000000
v 46.00000000 31.13503456 29.00000000
v 46.00000000 31.12811470 30.00000000
v 46.00000000 31.11610031 31.00000000
v 46.00000000 31.09276390 32.00000000
v 46.00000000 31.06674194 33.00000000
v 46.00000000 31.08632088 34.00000000
v 46.00000000 31.33956146 35.00000000
v 46.00000000 32.00000000 35.89943314
v 46.00000000 32.00000000 46.38613129
v 45.94897079 33.00000000 36.00000000
v 46.00000000 33.00000000 35.99864197
v 46.00000000 33.00000000 46.41312790
v 46.00000000 34.00000000 35.73506165
v 46.00000000 34.00000000 46.44037247
v 46.00000000 35.00000000 35.54494858
v 46.00000000 35.00000000 46.47352982
v 46.00000000 36.00000000 35.52386475
v 46.00000000 36.00000000 46.48744202
v 46.00000000 37.00000000 35.64518356
v 46.00000000 37.00000000 46.47777557
v 46.00000000 38.00000000 35.81651688
v 46.00000000 38.00000000 46.43936157
v 46.00000000 38.72162628 36.00000000
v 46.00000000 39.00000000 36.07891464
v 46.00000000 39.00000000 46.34960175
v 46.00000000 40.00000000 36.45028305
v 46.00000000 40.00000000 46.19470215
v 46.00000000 41.00000000 36.87332153
v 46.00000000 41.00000000 45.92109680
v 46.00000000 40.83179855 46.00000000
v 46.00000000 41.21511078 37.00000000
v 46.00000000 42.00000000 37.50946045
v 46.00000000 42.00000000 44.58913803
v 46.00000000 41.72413635 45.00000000
v 46.00000000 42.42313004 38.00000000
v 46.00000000 42.82955933 39.00000000
v 46.00000000 42.86160660 40.00000000
v 46.00000000 42.80447006 41.00000000
v 46.00000000 42.69168854 42.00000000
v 46.00000000 42.51534653 43.00000000
v 46.00000000 42.26789856 44.00000000
v 47.00000000 20.63823891 18.00000000
v 47.00000000 21.00000000 17.36734581
v 47.00000000 20.42995834 19.00000000
v 47.00000000 20.38569450 20.00000000
v 47.00000000 20.37581253 21.00000000
v 47.00000000 20.37187195 22.00000000
v 47.00000000 20.38543892 23.00000000
v 47.00000000 20.40291214 24.00000000
v 47.00000000 20.42299271 25.00000000
v 47.00000000 20.44649124 26.00000000
v 47.00000000 20.47747040 27.00000000
v 47.00000000 20.50871277 28.00000000
v 47.00000000 20.53586960 29.00000000
v 47.00000000 20.55204582 30.00000000
v 47.00000000 20.57074547 31.00000000
v 47.00000000 20.58878899 32.00000000
v 47.00000000 20.59159279 33.00000000
v 47.00000000 20.58482933 34.00000000
v 47.00000000 20.57766533 35.00000000
v 47.00000000 20.56601143 36.00000000
v 47.00000000 20.55845451 37.00000000
v 47.00000000 20.55626678 38.00000000
v 47.00000000 20.55594444 39.00000000
v 47.00000000 20.54476929 40.00000000
v 47.00000000 20.53038597 41.00000000
v 47.00000000 20.51880836 42.00000000
v 47.00000000 20.50921249 43.00000000
v 47.00000000 20.51194382 44.00000000
v 47.00000000 20.60595512 45.00000000
v 47.00000000 20.95905685 46.00000000
v 47.00000000 21.00000000 46.03552628
v 47.00000000 21.80642891 17.00000000
v 47.00000000 22.00000000 16.95472527
v 47.00000000 22.00000000 46.15379715
v 47.00000000 23.00000000 16.93797302
v 47.00000000 23.00000000 46.14758301
v 47.00000000 24.00000000 16.95507240
v 47.00000000 24.00000000 46.13011932
v 47.00000000 25.00000000 16.93665123
v 47.00000000 25.00000000 46.10729980
v 47.00000000 26.00000000 16.92073250
v 47.00000000 26.00000000 46.12324142
v 47.00000000 27.00000000 16.86130714
v 47.00000000 27.00000000 46.16864014
v 47.00000000 28.00000000 16.76772118
v 47.00000000 28.00000000 46.20635986
v 47.00000000 29.00000000 16.61054039
v 47.00000000 29.00000000 46.24350739
v 47.00000000 30.00000000 16.48889923
v 47.00000000 30.00000000 46.28783417
v 47.00000000 31.00000000 16.79548836
v 47.00000000 31.00000000 46.33455276
v 47.00000000 31.15066528 17.00000000
v 47.00000000 31.38523674 18.00000000
v 47.00000000 31.42129326 19.00000000
v 47.00000000 31.41007233 20.00000000
v 47.00000000 31.37074661 21.00000000
v 47.00000000 31.31398010 22.00000000
v 47.00000000 31.27775955 23.00000000
v 47.00000000 31.24228287 24.00000000
v 47.00000000 31.21452713 25.00000000
v 47.00000000 31.19187164 26.00000000
v 47.00000000 31.17118835 27.00000000
v 47.00000000 31.15342712 28.00000000
v 47.00000000 31.14343643 29.00000000
v 47.00000000 31.13732719 30.00000000
v 47.00000000 31.12529182 31.00000000
v 47.00000000 31.10404587 32.00000000
v 47.00000000 31.07547379 33.00000000
v 47.00000000 31.09442711 34.00000000
v 47.00000000 31.35180283 35.00000000
v 47.00000000 32.00000000 35.89786530
v 47.00000000 32.00000000 46.37601089
v 47.00000000 33.00000000 35.97066498
v 47.00000000 33.00000000 46.40557098
v 47.00000000 34.00000000 35.69333649
v 47.00000000 34.00000000 46.43409729
v 47.00000000 35.00000000 35.49907684
v 47.00000000 35.00000000 46.47450256
v 47.00000000 36.00000000 35.49908447
v 47.00000000 36.00000000 46.49059296
v 47.00000000 37.00000000 35.62805176
v 47.00000000 37.00000000 46.47593307
v 47.00000000 38.00000000 35.80541992
v 47.00000000 38.00000000 46.43682861
v 47.00000000 38.69939804 36.00000000
v 47.00000000 39.00000000 36.08877563
v 47.00000000 39.00000000 46.34733200
v 47.00000000 40.00000000 36.46738052
v 47.00000000 40.00000000 46.18989182
v 47.00000000 41.00000000 36.88261032
v 47.00000000 41.00000000 45.91252136
v 47.00000000 40.81373596 46.00000000
v 47.00000000 41.19652176 37.00000000
v 47.00000000 42.00000000 37.52389526
v 47.00000000 42.00000000 44.55739212
v 47.00000000 41.70882034 45.00000000
v 47.00000000 42.40862656 38.00000000
v 47.00000000 42.81394196 39.00000000
v 47.00000000 42.84709930 40.00000000
v 47.00000000 42.78942108 41.00000000
v 47.00000000 42.67633438 42.00000000
v 47.00000000 42.50277328 43.00000000
v 47.00000000 42.25071335 44.00000000
v 48.00000000 20.63020134 18.00000000
v 48.00000000 21.00000000 17.33930397
v 48.00000000 20.43240738 19.00000000
v 48.00000000 20.38876915 20.00000000
v 48.00000000 20.37908173 21.00000000
v 48.00000000 20.38098907 22.00000000
v 48.00000000 20.39621162 23.00000000
v 48.00000000 20.41304016 24.00000000
v 48.00000000 20.43417549 25.00000000
v 48.00000000 20.45749664 26.00000000
v 48.00000000 20.48908424 27.00000000
v 48.00000000 20.52144623 28.00000000
v 48.00000000 20.55164719 29.00000000
v 48.00000000 20.56660271 30.00000000
v 48.00000000 20.58464432 31.00000000
v 48.00000000 20.60329819 32.00000000
v 48.00000000 20.60921288 33.00000000
v 48.00000000 20.60368156 34.00000000
v 48.00000000 20.59508896 35.00000000
v 48.00000000 20.58088303 36.00000000
v 48.00000000 20.57424736 37.00000000
v 48.00000000 20.57096672 38.00000000
v 48.00000000 20.56811333 39.00000000
v 48.00000000 20.55482292 40.00000000
v 48.00000000 20.53633690 41.00000000
v 48.00000000 20.52279472 42.00000000
v 48.00000000 20.51228905 43.00000000
v 48.00000000 20.51429558 44.00000000
v 48.00000000 20.61025047 45.00000000
v 48.00000000 20.97032928 46.00000000
v 48.00000000 21.00000000 46.02565384
v 48.00000000 21.73765755 17.00000000
v 48.00000000 22.00000000 16.93895340
v 48.00000000 22.00000000 46.15349960
v 48.00000000 23.00000000 16.92444420
v 48.00000000 23.00000000 46.14340591
v 48.00000000 24.00000000 16.94400215
v 48.00000000 24.00000000 46.12603760
v 48.00000000 25.00000000 16.92364693
v 48.00000000 25.00000000 46.10572815
v 48.00000000 26.00000000 16.91047287
v 48.00000000 26.00000000 46.12476730
v 48.00000000 27.00000000 16.84717369
v 48.00000000 27.00000000 46.16416550
v 48.00000000 28.00000000 16.76687622
v 48.00000000 28.00000000 46.20125961
v 48.00000000 29.00000000 16.61191940
v 48.00000000 29.00000000 46.23638535
v 48.00000000 30.00000000 16.50619125
v 48.00000000 30.00000000 46.27836990
v 48.00000000 31.00000000 16.80769539
v 48.00000000 31.00000000 46.32561111
v 48.00000000 31.14894104 17.00000000
v 48.00000000 31.40373039 18.00000000
v 48.00000000 31.44715881 19.00000000
v 48.00000000 31.43955994 20.00000000
v 48.00000000 31.40312958 21.00000000
v 48.00000000 31.34447670 22.00000000
v 48.00000000 31.30876732 23.00000000
v 48.00000000 31.28152275 24.00000000
v 48.00000000 31.25724411 25.00000000
v 48.00000000 31.23536110 26.00000000
v 48.00000000 31.20594597 27.00000000
v 48.00000000 31.17524338 28.00000000
v 48.00000000 31.16045570 29.00000000
v 48.00000000 31.15373611 30.00000000
v 48.00000000 31.14120674 31.00000000
v 48.00000000 31.12003136 32.00000000
v 48.00000000 31.09259605 33.00000000
v 48.00000000 31.10875320 34.00000000
v 48.00000000 31.38099670 35.00000000
v 48.00000000 32.00000000 35.87639618
v 48.00000000 32.00000000 46.36844635
v 48.00000000 33.00000000 35.94282532
v 48.00000000 33.00000000 46.39701843
v 48.00000000 34.00000000 35.64025497
v 48.00000000 34.00000000 46.42857361
v 48.00000000 35.00000000 35.45467377
v 48.00000000 35.00000000 46.47474670
v 48.00000000 36.00000000 35.47415924
v 48.00000000 36.00000000 46.48894882
v 48.00000000 37.00000000 35.59773254
v 48.00000000 37.00000000 46.47153854
v 48.00000000 38.00000000 35.78273773
v 48.00000000 38.00000000 46.42893219
v 48.00000000 38.73181915 36.00000000
v 48.00000000 39.00000000 36.08120728
v 48.00000000 39.00000000 46.34067154
v 48.00000000 40.00000000 36.47543335
v 48.00000000 40.00000000 46.18270493
v 48.00000000 41.00000000 36.89379501
v 48.00000000 41.00000000 45.89990234
v 48.00000000 40.78662109 46.00000000
v 48.00000000 41.17426682 37.00000000
v 48.00000000 42.00000000 37.53823853
v 48.00000000 42.00000000 44.52253342
v 48.00000000 41.69306946 45.00000000
v 48.00000000 42.39305878 38.00000000
v 48.00000000 42.79379654 39.00000000
v 48.00000000 42.83132553 40.00000000
v 48.00000000 42.77326584 41.00000000
v 48.00000000 42.66076279 42.00000000
v 48.00000000 42.49152756 43.00000000
v 48.00000000 42.23236084 44.00000000
v 49.00000000 20.61381340 18.00000000
v 49.00000000 21.00000000 17.29381943
v 49.00000000 20.42795372 19.00000000
v 49.00000000 20.39049339 20.00000000
v 49.00000000 20.38275909 21.00000000
v 49.00000000 20.38795471 22.00000000
v 49.00000000 20.40677643 23.00000000
v 49.00000000 20.42442322 24.00000000
v 49.00000000 20.44803238 25.00000000
v 49.00000000 20.47091103 26.00000000
v 49.00000000 20.50144386 27.00000000
v 49.00000000 20.53630447 28.00000000
v 49.00000000 20.56793976 29.00000000
v 49.00000000 20.58429527 30.00000000
v 49.00000000 20.60022163 31.00000000
v 49.00000000 20.61548996 32.00000000
v 49.00000000 20.62453270 33.00000000
v 49.00000000 20.62146378 34.00000000
v 49.00000000 20.61314583 35.00000000
v 49.00000000 20.60012245 36.00000000
v 49.00000000 20.59424210 37.00000000
v 49.00000000 20.58859444 38.00000000
v 49.00000000 20.58358192 39.00000000
v 49.00000000 20.56425285 40.00000000
v 49.00000000 20.54304314 41.00000000
v 49.00000000 20.52814102 42.00000000
v 49.00000000 20.51503944 43.00000000
v 49.00000000 20.51845932 44.00000000
v 49.00000000 20.61508560 45.00000000
v 49.00000000 20.98208618 46.00000000
v 49.00000000 21.00000000 46.01539230
v 49.00000000 21.64068604 17.00000000
v 49.00000000 22.00000000 16.91849136
v 49.00000000 22.00000000 46.15407944
v 49.00000000 23.00000000 16.91314507
v 49.00000000 23.00000000 46.13985062
v 49.00000000 24.00000000 16.93302155
v 49.00000000 24.00000000 46.11974335
v 49.00000000 25.00000000 16.91400337
v 49.00000000 25.00000000 46.10115814
v 49.00000000 26.00000000 16.90273666
v 49.00000000 26.00000000 46.12341690
v 49.00000000 27.00000000 16.84069633
v 49.00000000 27.00000000 46.16081619
v 49.00000000 28.00000000 16.76882172
v 49.00000000 28.00000000 46.19750977
v 49.00000000 29.00000000 16.62365150
v 49.00000000 29.00000000 46.22845459
v 49.00000000 30.00000000 16.53307533
v 49.00000000 30.00000000 46.26897812
v 49.00000000 31.00000000 16.83215332
v 49.00000000 31.00000000 46.31698990
v 49.00000000 31.13720131 17.00000000
v 49.00000000 31.42405891 18.00000000
v 49.00000000 31.47314072 19.00000000
v 49.00000000 31.46863747 20.00000000
v 49.00000000 31.43436432 21.00000000
v 49.00000000 31.38219070 22.00000000
v 49.00000000 31.34831429 23.00000000
v 49.00000000 31.31994820 24.00000000
v 49.00000000 31.30993271 25.00000000
v 49.00000000 31.29703712 26.00000000
v 49.00000000 31.27894211 27.00000000
v 49.00000000 31.24448586 28.00000000
v 49.00000000 31.21499252 29.00000000
v 49.00000000 31.19090843 30.00000000
v 49.00000000 31.17567444 31.00000000
v 49.00000000 31.15237808 32.00000000
v 49.00000000 31.12096024 33.00000000
v 49.00000000 31.13639450 34.00000000
v 49.00000000 31.45172882 35.00000000
v 49.00000000 32.00000000 35.80429459
v 49.00000000 32.00000000 46.36083603
v 49.00000000 33.00000000 35.88416290
v 49.00000000 33.00000000 46.38528824
v 49.00000000 34.00000000 35.55262375
v 49.00000000 34.00000000 46.42257309
v 49.00000000 35.00000000 35.36397552
v 49.00000000 35.00000000 46.47035217
v 49.00000000 36.00000000 35.36660767
v 49.00000000 36.00000000 46.48268890
v 49.00000000 37.00000000 35.48740387
v 49.00000000 37.00000000 46.46371078
v 49.00000000 38.00000000 35.71500015
v 49.00000000 38.00000000 46.41875076
v 49.00000000 38.86121368 36.00000000
v 49.00000000 39.00000000 36.04373169
v 49.00000000 39.00000000 46.33239365
v 49.00000000 40.00000000 36.46260834
v 49.00000000 40.00000000 46.17316437
v 49.00000000 41.00000000 36.88597488
v 49.00000000 41.00000000 45.87261963
v 49.00000000 40.73303223 46.00000000
v 49.00000000 41.18306732 37.00000000
v 49.00000000 42.00000000 37.54207611
v 49.00000000 42.00000000 44.46467972
v 49.00000000 41.66777039 45.00000000
v 49.00000000 42.37633896 38.00000000
v 49.00000000 42.75926971 39.00000000
v 49.00000000 42.79749298 40.00000000
v 49.00000000 42.74102402 41.00000000
v 49.00000000 42.63384628 42.00000000
v 49.00000000 42.47054672 43.00000000
v 49.00000000 42.20300293 44.00000000
v 50.00000000 20.59227562 18.00000000
v 50.00000000 21.00000000 17.25172234
v 50.00000000 20.41573143 19.00000000
v 50.00000000 20.38609505 20.00000000
v 50.00000000 20.37828445 21.00000000
v 50.00000000 20.38458252 22.00000000
v 50.00000000 20.40662384 23.00000000
v 50.00000000 20.43011475 24.00000000
v 50.00000000 20.45733833 25.00000000
v 50.00000000 20.48353004 26.00000000
v 50.00000000 20.51612282 27.00000000
v 50.00000000 20.55304527 28.00000000
v 50.00000000 20.58561516 29.00000000
v 50.00000000 20.60276985 30.00000000
v 50.00000000 20.61508751 31.00000000
v 50.00000000 20.62878418 32.00000000
v 50.00000000 20.63694954 33.00000000
v 50.00000000 20.63671303 34.00000000
v 50.00000000 20.63226318 35.00000000
v 50.00000000 20.62005806 36.00000000
v 50.00000000 20.61313057 37.00000000
v 50.00000000 20.60564232 38.00000000
v 50.00000000 20.59755898 39.00000000
v 50.00000000 20.57610703 40.00000000
v 50.00000000 20.55466843 41.00000000
v 50.00000000 20.53665733 42.00000000
v 50.00000000 20.52322197 43.00000000
v 50.00000000 20.52564812 44.00000000
v 50.00000000 20.62181282 45.00000000
v 50.00000000 20.98901367 46.00000000
v 50.00000000 21.00000000 46.00941086
v 50.00000000 21.54613495 17.00000000
v 50.00000000 22.00000000 16.89762878
v 50.00000000 22.00000000 46.15580750
v 50.00000000 23.00000000 16.90263748
v 50.00000000 23.00000000 46.13843918
v 50.00000000 24.00000000 16.92236519
v 50.00000000 24.00000000 46.11581039
v 50.00000000 25.00000000 16.90914536
v 50.00000000 25.00000000 46.10071182
v 50.00000000 26.00000000 16.89923096
v 50.00000000 26.00000000 46.12243271
v 50.00000000 27.00000000 16.83861160
v 50.00000000 27.00000000 46.15938568
v 50.00000000 28.00000000 16.76789665
v 50.00000000 28.00000000 46.19466019
v 50.00000000 29.00000000 16.64864349
v 50.00000000 29.00000000 46.22290039
v 50.00000000 30.00000000 16.55958366
v 50.00000000 30.00000000 46.25920486
v 50.00000000 31.00000000 16.85507584
v 50.00000000 31.00000000 46.30519867
v 50.00000000 31.14325905 17.00000000
v 50.00000000 31.47486877 18.00000000
v 50.00000000 31.53416252 19.00000000
v 50.00000000 31.54415131 20.00000000
v 50.00000000 31.50194740 21.00000000
v 50.00000000 31.43867683 22.00000000
v 50.00000000 31.39779091 23.00000000
v 50.00000000 31.37156296 24.00000000
v 50.00000000 31.36732292 25.00000000
v 50.00000000 31.36513519 26.00000000
v 50.00000000 31.35427856 27.00000000
v 50.00000000 31.33608627 28.00000000
v 50.00000000 31.31858444 29.00000000
v 50.00000000 31.29920387 30.00000000
v 50.00000000 31.28154945 31.00000000
v 50.00000000 31.24957275 32.00000000
v 50.00000000 31.19669724 33.00000000
v 50.00000000 31.21322632 34.00000000
v 50.00000000 31.58158493 35.00000000
v 50.00000000 32.00000000 35.63384628
v 50.00000000 32.00000000 46.34910202
v 50.00000000 33.00000000 35.75576019
v 50.00000000 33.00000000 46.38098907
v 50.00000000 34.00000000 35.35206604
v 50.00000000 34.00000000 46.42268753
v 50.00000000 35.00000000 35.21215439
v 50.00000000 35.00000000 46.46879196
v 50.00000000 36.00000000 35.18641281
v 50.00000000 36.00000000 46.47356796
v 50.00000000 37.00000000 35.32268906
v 50.00000000 37.00000000 46.45127869
v 50.00000000 38.00000000 35.58207321
v 50.00000000 38.00000000 46.40431976
v 49.45043182 39.00000000 36.00000000
v 50.00000000 39.00000000 35.93896866
v 50.00000000 39.00000000 46.31731796
v 50.00000000 39.10211945 36.00000000
v 50.00000000 40.00000000 36.41138458
v 50.00000000 40.00000000 46.15693665
v 50.00000000 41.00000000 36.85541153
v 50.00000000 41.00000000 45.82608414
v 50.00000000 40.64798355 46.00000000
v 50.00000000 41.22628403 37.00000000
v 50.00000000 42.00000000 37.53069687
v 50.00000000 42.00000000 44.38653564
v 50.00000000 41.63287735 45.00000000
v 50.00000000 42.36490250 38.00000000
v 50.00000000 42.71975327 39.00000000
v 50.00000000 42.75888824 40.00000000
v 50.00000000 42.69953156 41.00000000
v 50.00000000 42.59794998 42.00000000
v 50.00000000 42.43934631 43.00000000
v 50.00000000 42.16365433 44.00000000
v 51.00000000 20.56833458 18.00000000
v 51.00000000 21.00000000 17.20644569
v 51.00000000 20.40307999 19.00000000
v 51.00000000 20.38014603 20.00000000
v 51.00000000 20.37454987 21.00000000
v 51.00000000 20.37930298 22.00000000
v 51.00000000 20.39856529 23.00000000
v 51.00000000 20.42342377 24.00000000
v 51.00000000 20.45333862 25.00000000
v 51.00000000 20.48056030 26.00000000
v 51.00000000 20.51485062 27.00000000
v 51.00000000 20.55481529 28.00000000
v 51.00000000 20.59012985 29.00000000
v 51.00000000 20.60972404 30.00000000
v 51.00000000 20.62158203 31.00000000
v 51.00000000 20.63405609 32.00000000
v 51.00000000 20.64340401 33.00000000
v 51.00000000 20.64655495 34.00000000
v 51.00000000 20.64618492 35.00000000
v 51.00000000 20.63554382 36.00000000
v 51.00000000 20.62555122 37.00000000
v 51.00000000 20.61558342 38.00000000
v 51.00000000 20.60384560 39.00000000
v 51.00000000 20.58185005 40.00000000
v 51.00000000 20.56029129 41.00000000
v 51.00000000 20.53991890 42.00000000
v 51.00000000 20.52842712 43.00000000
v 51.00000000 20.53244972 44.00000000
v 51.00000000 20.62634087 45.00000000
v 51.00000000 20.98752785 46.00000000
v 51.00000000 21.00000000 46.01057434
v 51.00000000 21.44561005 17.00000000
v 51.00000000 22.00000000 16.87588692
v 51.00000000 22.00000000 46.16114426
v 51.00000000 23.00000000 16.88970375
v 51.00000000 23.00000000 46.13958359
v 51.00000000 24.00000000 16.91007996
v 51.00000000 24.00000000 46.11245346
v 51.00000000 25.00000000 16.90226555
v 51.00000000 25.00000000 46.09981537
v 51.00000000 26.00000000 16.89115524
v 51.00000000 26.00000000 46.11925125
v 51.00000000 27.00000000 16.83059692
v 51.00000000 27.00000000 46.15615845
v 51.00000000 28.00000000 16.75672150
v 51.00000000 28.00000000 46.18872833
v 51.00000000 29.00000000 16.65335274
v 51.00000000 29.00000000 46.20871353
v 51.00000000 30.00000000 16.57546425
v 51.00000000 30.00000000 46.24460602
v 51.00000000 31.00000000 16.84384918
v 51.00000000 31.00000000 46.28909683
v 51.00000000 31.19750404 17.00000000
v 51.00000000 31.59433365 18.00000000
v 51.00000000 31.72098732 19.00000000
v 51.00000000 31.76271629 20.00000000
v 51.00000000 31.72928619 21.00000000
v 51.00000000 31.66625977 22.00000000
v 51.00000000 31.61324692 23.00000000
v 51.00000000 31.55910301 24.00000000
v 51.00000000 31.52806282 25.00000000
v 51.00000000 31.50391388 26.00000000
v 51.00000000 31.48948479 27.00000000
v 51.00000000 31.47670364 28.00000000
v 51.00000000 31.48150635 29.00000000
v 51.00000000 31.47459221 30.00000000
v 51.00000000 31.48780060 31.00000000
v 51.00000000 31.47898865 32.00000000
v 51.00000000 31.46232605 33.00000000
v 51.00000000 31.53978729 34.00000000
v 51.00000000 31.89895439 35.00000000
v 51.00000000 32.00000000 35.17525101
v 51.00000000 32.00000000 46.33758545
v 51.00000000 33.00000000 35.15911484
v 51.00000000 33.00000000 46.37733459
v 50.70488358 34.00000000 35.00000000
v 51.00000000 33.36265945 35.00000000
v 51.00000000 34.00000000 34.71680450
v 51.00000000 34.00000000 46.41706085
v 50.56413269 35.00000000 35.00000000
v 51.00000000 35.00000000 34.68801880
v 51.00000000 35.00000000 46.46099091
v 50.58840561 36.00000000 35.00000000
v 51.00000000 36.00000000 34.80271530
v 51.00000000 36.00000000 46.45767975
v 50.94567108 37.00000000 35.00000000
v 51.00000000 37.00000000 34.97550964
v 51.00000000 37.00000000 46.43297577
v 51.00000000 37.06122208 35.00000000
v 51.00000000 38.00000000 35.33369827
v 51.00000000 38.00000000 46.38698959
v 51.00000000 39.00000000 35.73941040
v 51.00000000 39.00000000 46.30012512
v 51.00000000 39.34925079 36.00000000
v 51.00000000 40.00000000 36.33193588
v 51.00000000 40.00000000 46.14072800
v 51.00000000 41.00000000 36.81113052
v 51.00000000 41.00000000 45.76656723
v 51.00000000 40.55380630 46.00000000
v 51.00000000 41.28913498 37.00000000
v 51.00000000 42.00000000 37.50905228
v 51.00000000 42.00000000 44.28038788
v 51.00000000 41.59391403 45.00000000
v 51.00000000 42.34637833 38.00000000
v 51.00000000 42.65208435 39.00000000
v 51.00000000 42.69554520 40.00000000
v 51.00000000 42.63733292 41.00000000
v 51.00000000 42.54712677 42.00000000
v 51.00000000 42.39318466 43.00000000
v 51.00000000 42.11164856 44.00000000
v 52.00000000 20.54373932 18.00000000
v 52.00000000 21.00000000 17.16965866
v 52.00000000 20.39163589 19.00000000
v 52.00000000 20.37135124 20.00000000
v 52.00000000 20.37017059 21.00000000
v 52.00000000 20.37333488 22.00000000
v 52.00000000 20.39329529 23.00000000
v 52.00000000 20.41744041 24.00000000
v 52.00000000 20.44713020 25.00000000
v 52.00000000 20.47745132 26.00000000
v 52.00000000 20.51291466 27.00000000
v 52.00000000 20.55534363 28.00000000
v 52.00000000 20.59004784 29.00000000
v 52.00000000 20.60789108 30.00000000
v 52.00000000 20.61878014 31.00000000
v 52.00000000 20.63101387 32.00000000
v 52.00000000 20.63954353 33.00000000
v 52.00000000 20.64360237 34.00000000
v 52.00000000 20.64541054 35.00000000
v 52.00000000 20.63709831 36.00000000
v 52.00000000 20.62594604 37.00000000
v 52.00000000 20.61126328 38.00000000
v 52.00000000 20.60086632 39.00000000
v 52.00000000 20.58081055 40.00000000
v 52.00000000 20.55894470 41.00000000
v 52.00000000 20.53887558 42.00000000
v 52.00000000 20.52839851 43.00000000
v 52.00000000 20.53176880 44.00000000
v 52.00000000 20.61763573 45.00000000
v 52.00000000 20.97665024 46.00000000
v 52.00000000 21.00000000 46.01956940
v 52.00000000 21.37258911 17.00000000
v 52.00000000 22.00000000 16.86161804
v 52.00000000 22.00000000 46.16991043
v 52.00000000 23.00000000 16.87708855
v 52.00000000 23.00000000 46.14524460
v 52.00000000 24.00000000 16.90139198
v 52.00000000 24.00000000 46.11205292
v 52.00000000 25.00000000 16.89858246
v 52.00000000 25.00000000 46.09858704
v 52.00000000 26.00000000 16.88528824
v 52.00000000 26.00000000 46.11219025
v 52.00000000 27.00000000 16.82515717
v 52.00000000 27.00000000 46.14533615
v 52.00000000 28.00000000 16.74965477
v 52.00000000 28.00000000 46.17644882
v 52.00000000 29.00000000 16.65970612
v 52.00000000 29.00000000 46.18905640
v 52.00000000 30.00000000 16.58334732
v 52.00000000 30.00000000 46.22110367
v 52.00000000 31.00000000 16.81402397
v 52.00000000 31.00000000 46.26902390
v 52.00000000 31.32624626 17.00000000
v 52.00000000 31.97465515 18.00000000
v 51.63359833 32.00000000 19.00000000
v 52.00000000 32.00000000 18.10046577
v 51.54888916 32.00000000 20.00000000
v 51.62137222 32.00000000 21.00000000
v 51.74267578 32.00000000 22.00000000
v 51.84217834 32.00000000 23.00000000
v 51.96052551 32.00000000 24.00000000
v 52.00000000 32.00000000 24.53498650
v 52.00000000 31.97307777 25.00000000
v 52.00000000 31.93135834 26.00000000
v 52.00000000 31.90038300 27.00000000
v 52.00000000 31.88101768 28.00000000
v 52.00000000 31.89264488 29.00000000
v 52.00000000 31.92574310 30.00000000
v 51.99291611 32.00000000 31.00000000
v 52.00000000 32.00000000 30.93070984
v 51.93636703 32.00000000 32.00000000
v 51.91079330 32.00000000 33.00000000
v 51.82717896 32.00000000 34.00000000
v 51.20582199 32.00000000 35.00000000
v 52.00000000 32.00000000 46.33126831
v 51.67541122 33.00000000 18.00000000
v 52.00000000 32.09270859 18.00000000
v 52.00000000 33.00000000 17.38280296
v 51.59488297 33.00000000 19.00000000
v 51.66150284 33.00000000 20.00000000
v 51.73794174 33.00000000 21.00000000
v 51.81771469 33.00000000 22.00000000
v 51.88785934 33.00000000 23.00000000
v 51.94746017 33.00000000 24.00000000
v 52.00000000 33.00000000 24.95541954
v 52.00000000 32.32519531 31.00000000
v 52.00000000 33.00000000 31.17269516
v 51.93591690 33.00000000 32.00000000
v 51.89329147 33.00000000 33.00000000
v 51.74258041 33.00000000 34.00000000
v 51.14728546 33.00000000 35.00000000
v 52.00000000 33.00000000 46.37215424
v 51.72737885 34.00000000 18.00000000
v 52.00000000 34.00000000 17.19375801
v 51.67045593 34.00000000 19.00000000
v 51.68756104 34.00000000 20.00000000
v 51.72556686 34.00000000 21.00000000
v 51.76429367 34.00000000 22.00000000
v 51.82073212 34.00000000 23.00000000
v 51.87326813 34.00000000 24.00000000
v 52.00000000 33.02459335 25.00000000
v 51.91762543 34.00000000 25.00000000
v 51.95309448 34.00000000 26.00000000
v 52.00000000 33.37599182 26.00000000
v 51.97183990 34.00000000 27.00000000
v 52.00000000 33.57768631 27.00000000
v 51.99507141 34.00000000 28.00000000
v 52.00000000 33.91246033 28.00000000
v 51.99932480 34.00000000 29.00000000
v 52.00000000 33.98918152 29.00000000
v 51.98453140 34.00000000 30.00000000
v 52.00000000 33.79318619 30.00000000
v 51.94957352 34.00000000 31.00000000
v 52.00000000 33.16320038 31.00000000
v 51.89251709 34.00000000 32.00000000
v 51.79756927 34.00000000 33.00000000
v 51.46044540 34.00000000 34.00000000
v 52.00000000 34.00000000 46.40508652
v 51.87007141 35.00000000 18.00000000
v 52.00000000 35.00000000 17.50683975
v 51.77840805 35.00000000 19.00000000
v 51.76628876 35.00000000 20.00000000
v 51.75016022 35.00000000 21.00000000
v 51.76842117 35.00000000 22.00000000
v 51.79942322 35.00000000 23.00000000
v 51.83789062 35.00000000 24.00000000
v 51.87576294 35.00000000 25.00000000
v 51.91728592 35.00000000 26.00000000
v 51.94520569 35.00000000 27.00000000
v 51.95991516 35.00000000 28.00000000
v 51.98246002 35.00000000 29.00000000
v 52.00000000 35.00000000 29.72335243
v 52.00000000 34.69267654 30.00000000
v 52.00000000 35.00000000 30.35211563
v 51.98535538 35.00000000 31.00000000
v 51.96934509 35.00000000 32.00000000
v 51.86590195 35.00000000 33.00000000
v 51.47220612 35.00000000 34.00000000
v 52.00000000 35.00000000 46.43910980
v 52.00000000 35.78828812 18.00000000
v 52.00000000 36.00000000 18.41647911
v 51.94911575 36.00000000 19.00000000
v 51.91388702 36.00000000 20.00000000
v 51.87343216 36.00000000 21.00000000
v 51.86869049 36.00000000 22.00000000
v 51.87967682 36.00000000 23.00000000
v 51.90447998 36.00000000 24.00000000
v 51.93409729 36.00000000 25.00000000
v 51.95603561 36.00000000 26.00000000
v 51.97072601 36.00000000 27.00000000
v 51.98476410 36.00000000 28.00000000
v 51.98201752 36.00000000 29.00000000
v 52.00000000 36.00000000 29.50918770
v 52.00000000 35.22413635 31.00000000
v 52.00000000 35.27186966 32.00000000
v 52.00000000 36.00000000 32.69186020
v 51.95640182 36.00000000 33.00000000
v 51.64603424 36.00000000 34.00000000
v 52.00000000 36.00000000 46.43486404
v 52.00000000 36.26446152 19.00000000
v 52.00000000 36.50060654 20.00000000
v 52.00000000 36.74979401 21.00000000
v 52.00000000 36.86634827 22.00000000
v 52.00000000 36.89048004 23.00000000
v 52.00000000 36.82828903 24.00000000
v 52.00000000 36.60146713 25.00000000
v 52.00000000 36.43133163 26.00000000
v 52.00000000 36.38389969 27.00000000
v 52.00000000 36.23874664 28.00000000
v 52.00000000 36.23460388 29.00000000
v 52.00000000 36.49372101 33.00000000
v 52.00000000 37.00000000 33.23855591
v 51.80986786 37.00000000 34.00000000
v 52.00000000 37.00000000 46.40920258
v 51.99541092 38.00000000 34.00000000
v 52.00000000 38.00000000 33.97879410
v 51.49263763 38.00000000 35.00000000
v 52.00000000 38.00000000 46.36445236
v 52.00000000 38.01659775 34.00000000
v 52.00000000 39.00000000 34.84340668
v 51.92891312 39.00000000 35.00000000
v 52.00000000 39.00000000 46.26972961
v 52.00000000 39.08155060 35.00000000
v 52.00000000 39.84809113 36.00000000
v 52.00000000 40.00000000 36.06937027
v 52.00000000 40.00000000 46.11202621
v 52.00000000 41.00000000 36.60503387
v 52.00000000 41.00000000 45.67672348
v 52.00000000 40.42118073 46.00000000
v 52.00000000 41.52193069 37.00000000
v 52.00000000 42.00000000 37.41209793
v 52.00000000 42.00000000 44.11555099
v 52.00000000 41.52641296 45.00000000
v 52.00000000 42.33884048 38.00000000
v 52.00000000 42.57300186 39.00000000
v 52.00000000 42.59453964 40.00000000
v 52.00000000 42.53852081 41.00000000
v 52.00000000 42.46060181 42.00000000
v 52.00000000 42.31600189 43.00000000
v 52.00000000 42.04320145 44.00000000
v 53.00000000 20.50916290 18.00000000
v 53.00000000 21.00000000 17.12063980
v 53.00000000 20.37614059 19.00000000
v 53.00000000 20.35991669 20.00000000
v 53.00000000 20.36382484 21.00000000
v 53.00000000 20.36554718 22.00000000
v 53.00000000 20.38396072 23.00000000
v 53.00000000 20.40694237 24.00000000
v 53.00000000 20.43447685 25.00000000
v 53.00000000 20.46503830 26.00000000
v 53.00000000 20.50261307 27.00000000
v 53.00000000 20.54414749 28.00000000
v 53.00000000 20.57805061 29.00000000
v 53.00000000 20.59609222 30.00000000
v 53.00000000 20.60657501 31.00000000
v 53.00000000 20.61813927 32.00000000
v 53.00000000 20.62662888 33.00000000
v 53.00000000 20.62878799 34.00000000
v 53.00000000 20.63090134 35.00000000
v 53.00000000 20.62571907 36.00000000
v 53.00000000 20.60985947 37.00000000
v 53.00000000 20.59420204 38.00000000
v 53.00000000 20.58316422 39.00000000
v 53.00000000 20.56483269 40.00000000
v 53.00000000 20.54298973 41.00000000
v 53.00000000 20.52892113 42.00000000
v 53.00000000 20.51807213 43.00000000
v 53.00000000 20.51683998 44.00000000
v 53.00000000 20.59767151 45.00000000
v 53.00000000 20.95304680 46.00000000
v 53.00000000 21.00000000 46.03860092
v 53.00000000 21.27347755 17.00000000
v 53.00000000 22.00000000 16.84461975
v 53.00000000 22.00000000 46.17763901
v 53.00000000 23.00000000 16.86847115
v 53.00000000 23.00000000 46.15703583
v 53.00000000 24.00000000 16.89604568
v 53.00000000 24.00000000 46.12161255
v 53.00000000 25.00000000 16.88871002
v 53.00000000 25.00000000 46.10954666
v 53.00000000 26.00000000 16.87613869
v 53.00000000 26.00000000 46.11876297
v 53.00000000 27.00000000 16.81859398
v 53.00000000 27.00000000 46.14744186
v 53.00000000 28.00000000 16.74984550
v 53.00000000 28.00000000 46.17399979
v 53.00000000 29.00000000 16.66640663
v 53.00000000 29.00000000 46.18160629
v 53.00000000 30.00000000 16.60002518
v 53.00000000 30.00000000 46.19962311
v 53.00000000 31.00000000 16.76693344
v 53.00000000 31.00000000 46.25208282
v 53.00000000 31.64602089 17.00000000
v 52.03742218 32.00000000 18.00000000
v 53.00000000 32.00000000 17.21033669
v 52.02919006 32.00000000 25.00000000
v 52.08055115 32.00000000 26.00000000
v 52.12510300 32.00000000 27.00000000
v 52.15534973 32.00000000 28.00000000
v 52.15211487 32.00000000 29.00000000
v 52.11268616 32.00000000 30.00000000
v 53.00000000 32.00000000 46.31619263
v 52.30685425 33.00000000 17.00000000
v 53.00000000 32.33320618 17.00000000
v 53.00000000 33.00000000 16.74233437
v 52.00364304 33.00000000 25.00000000
v 52.04889297 33.00000000 26.00000000
v 52.06667709 33.00000000 27.00000000
v 52.08776474 33.00000000 28.00000000
v 52.10810089 33.00000000 29.00000000
v 52.10636902 33.00000000 30.00000000
v 52.01699066 33.00000000 31.00000000
v 53.00000000 33.00000000 46.36045837
v 52.11663055 34.00000000 17.00000000
v 53.00000000 34.00000000 16.57547760
v 53.00000000 34.00000000 46.38686752
v 52.23426437 35.00000000 17.00000000
v 53.00000000 35.00000000 16.56801033
v 52.01142502 35.00000000 30.00000000
v 53.00000000 35.00000000 46.40956116
v 52.52753830 36.00000000 17.00000000
v 53.00000000 36.00000000 16.72719765
v 52.05508041 36.00000000 18.00000000
v 52.02622604 36.00000000 30.00000000
v 52.06918716 36.00000000 31.00000000
v 52.09695816 36.00000000 32.00000000
v 53.00000000 36.00000000 46.40316010
v 53.00000000 36.96046448 17.00000000
v 53.00000000 37.00000000 17.03024292
v 52.39612198 37.00000000 18.00000000
v 52.22851944 37.00000000 19.00000000
v 52.13063431 37.00000000 20.00000000
v 52.06412125 37.00000000 21.00000000
v 52.03126907 37.00000000 22.00000000
v 52.02331924 37.00000000 23.00000000
v 52.03177643 37.00000000 24.00000000
v 52.07131577 37.00000000 25.00000000
v 52.09253311 37.00000000 26.00000000
v 52.07411957 37.00000000 27.00000000
v 52.07470322 37.00000000 28.00000000
v 52.08663177 37.00000000 29.00000000
v 52.10261917 37.00000000 30.00000000
v 52.15837479 37.00000000 31.00000000
v 52.18312454 37.00000000 32.00000000
v 52.04904175 37.00000000 33.00000000
v 53.00000000 37.00000000 46.37474442
v 52.95579147 38.00000000 18.00000000
v 53.00000000 38.00000000 17.92207146
v 52.71505356 38.00000000 19.00000000
v 52.49646759 38.00000000 20.00000000
v 52.37848282 38.00000000 21.00000000
v 52.31841278 38.00000000 22.00000000
v 52.28480530 38.00000000 23.00000000
v 52.26701355 38.00000000 24.00000000
v 52.26301193 38.00000000 25.00000000
v 52.25001526 38.00000000 26.00000000
v 52.23582077 38.00000000 27.00000000
v 52.21815491 38.00000000 28.00000000
v 52.22902298 38.00000000 29.00000000
v 52.26296997 38.00000000 30.00000000
v 52.29146576 38.00000000 31.00000000
v 52.28141785 38.00000000 32.00000000
v 52.18290329 38.00000000 33.00000000
v 53.00000000 38.00000000 46.32502747
v 53.00000000 38.05278778 18.00000000
v 53.00000000 38.36354828 19.00000000
v 53.00000000 38.66216278 20.00000000
v 53.00000000 38.86423874 21.00000000
v 53.00000000 39.00000000 21.93924332
v 52.99261475 39.00000000 22.00000000
v 52.91050339 39.00000000 23.00000000
v 52.84089661 39.00000000 24.00000000
v 52.78352737 39.00000000 25.00000000
v 52.69340134 39.00000000 26.00000000
v 52.59938049 39.00000000 27.00000000
v 52.55662918 39.00000000 28.00000000
v 52.54359055 39.00000000 29.00000000
v 52.56175995 39.00000000 30.00000000
v 52.59767532 39.00000000 31.00000000
v 52.51427841 39.00000000 32.00000000
v 52.41445541 39.00000000 33.00000000
v 52.27972412 39.00000000 34.00000000
v 53.00000000 39.00000000 46.22085190
v 53.00000000 39.00793839 22.00000000
v 53.00000000 39.10155106 23.00000000
v 53.00000000 39.18533707 24.00000000
v 53.00000000 39.26470566 25.00000000
v 53.00000000 39.37931442 26.00000000
v 53.00000000 39.50146484 27.00000000
v 53.00000000 39.58843231 28.00000000
v 53.00000000 39.64137650 29.00000000
v 53.00000000 39.66342545 30.00000000
v 53.00000000 39.65833282 31.00000000
v 53.00000000 39.74538803 32.00000000
v 53.00000000 39.93171310 33.00000000
v 53.00000000 40.00000000 33.34577179
v 52.90091324 40.00000000 34.00000000
v 52.79131317 40.00000000 35.00000000
v 52.17287827 40.00000000 36.00000000
v 53.00000000 40.00000000 46.06196213
v 53.00000000 40.09644318 34.00000000
v 53.00000000 40.16566467 35.00000000
v 53.00000000 40.51462555 36.00000000
v 53.00000000 41.00000000 36.32345200
v 53.00000000 41.00000000 45.54108047
v 53.00000000 40.22513580 46.00000000
v 53.00000000 41.72013474 37.00000000
v 53.00000000 42.00000000 37.36699295
v 52.43919373 42.00000000 44.00000000
v 53.00000000 42.00000000 43.76531601
v 53.00000000 41.92063522 44.00000000
v 53.00000000 41.40966034 45.00000000
v 53.00000000 42.26921463 38.00000000
v 53.00000000 42.45095444 39.00000000
v 53.00000000 42.47868729 40.00000000
v 53.00000000 42.41719055 41.00000000
v 53.00000000 42.32884598 42.00000000
v 53.00000000 42.18140030 43.00000000
v 54.00000000 20.45572090 18.00000000
v 54.00000000 21.00000000 17.08335686
v 54.00000000 20.33924103 19.00000000
v 54.00000000 20.33083916 20.00000000
v 54.00000000 20.33410072 21.00000000
v 54.00000000 20.33667946 22.00000000
v 54.00000000 20.35286903 23.00000000
v 54.00000000 20.37549973 24.00000000
v 54.00000000 20.40306091 25.00000000
v 54.00000000 20.43313789 26.00000000
v 54.00000000 20.47175980 27.00000000
v 54.00000000 20.51371765 28.00000000
v 54.00000000 20.54503632 29.00000000
v 54.00000000 20.56498528 30.00000000
v 54.00000000 20.57844353 31.00000000
v 54.00000000 20.58902740 32.00000000
v 54.00000000 20.59451103 33.00000000
v 54.00000000 20.59838295 34.00000000
v 54.00000000 20.60226822 35.00000000
v 54.00000000 20.59852219 36.00000000
v 54.00000000 20.58927155 37.00000000
v 54.00000000 20.57335281 38.00000000
v 54.00000000 20.56462479 39.00000000
v 54.00000000 20.54893112 40.00000000
v 54.00000000 20.52891541 41.00000000
v 54.00000000 20.51094818 42.00000000
v 54.00000000 20.49704933 43.00000000
v 54.00000000 20.48256493 44.00000000
v 54.00000000 20.56347084 45.00000000
v 54.00000000 20.91096497 46.00000000
v 54.00000000 21.00000000 46.07083893
v 54.00000000 21.19856453 17.00000000
v 54.00000000 22.00000000 16.83409882
v 54.00000000 22.00000000 46.18877029
v 54.00000000 23.00000000 16.86624146
v 54.00000000 23.00000000 46.16728592
v 54.00000000 24.00000000 16.89168549
v 54.00000000 24.00000000 46.13570404
v 54.00000000 25.00000000 16.88504982
v 54.00000000 25.00000000 46.12068176
v 54.00000000 26.00000000 16.86512756
v 54.00000000 26.00000000 46.12717056
v 54.00000000 27.00000000 16.81634903
v 54.00000000 27.00000000 46.15492630
v 54.00000000 28.00000000 16.75815964
v 54.00000000 28.00000000 46.17747498
v 54.00000000 29.00000000 16.66643906
v 54.00000000 29.00000000 46.18582153
v 54.00000000 30.00000000 16.59888649
v 54.00000000 30.00000000 46.19522858
v 54.00000000 31.00000000 16.69118309
v 54.00000000 31.00000000 46.25247955
v 53.41181183 32.00000000 17.00000000
v 54.00000000 32.00000000 16.81690025
v 54.00000000 32.00000000 46.30821991
v 54.00000000 33.00000000 16.48840904
v 54.00000000 33.00000000 46.33856583
v 54.00000000 34.00000000 16.29432678
v 54.00000000 34.00000000 46.36105728
v 54.00000000 35.00000000 16.27612495
v 54.00000000 35.00000000 46.36719894
v 54.00000000 36.00000000 16.37772942
v 54.00000000 36.00000000 46.34742737
v 53.02856064 37.00000000 17.00000000
v 54.00000000 37.00000000 16.62021828
v 54.00000000 37.00000000 46.30439758
v 53.96890259 38.00000000 17.00000000
v 54.00000000 38.00000000 16.99123001
v 54.00000000 38.00000000 46.24087143
v 54.00000000 38.02083969 17.00000000
v 54.00000000 38.77402878 18.00000000
v 53.82668686 39.00000000 19.00000000
v 54.00000000 39.00000000 18.68346405
v 53.43871689 39.00000000 20.00000000
v 53.16827393 39.00000000 21.00000000
v 54.00000000 39.00000000 46.12756348
v 54.00000000 39.09630585 19.00000000
v 54.00000000 39.33575821 20.00000000
v 54.00000000 39.53038406 21.00000000
v 54.00000000 39.69404602 22.00000000
v 54.00000000 39.81182098 23.00000000
v 54.00000000 39.88172913 24.00000000
v 54.00000000 39.95130539 25.00000000
v 53.94742203 40.00000000 26.00000000
v 54.00000000 40.00000000 25.66148949
v 53.74424362 40.00000000 27.00000000
v 53.55593109 40.00000000 28.00000000
v 53.42635727 40.00000000 29.00000000
v 53.35158920 40.00000000 30.00000000
v 53.32697296 40.00000000 31.00000000
v 53.27347946 40.00000000 32.00000000
v 53.07497406 40.00000000 33.00000000
v 53.54086685 40.00000000 46.00000000
v 54.00000000 40.00000000 45.89841461
v 54.00000000 39.71365356 46.00000000
v 54.00000000 40.02396774 26.00000000
v 54.00000000 40.12627792 27.00000000
v 54.00000000 40.23734283 28.00000000
v 54.00000000 40.34437943 29.00000000
v 54.00000000 40.43529129 30.00000000
v 54.00000000 40.49627304 31.00000000
v 54.00000000 40.53241348 32.00000000
v 54.00000000 40.59061432 33.00000000
v 54.00000000 40.63689423 34.00000000
v 54.00000000 40.71640015 35.00000000
v 54.00000000 40.98155975 36.00000000
v 54.00000000 41.00000000 36.02372742
v 54.00000000 41.00000000 45.27910995
v 54.00000000 41.59489822 37.00000000
v 54.00000000 42.00000000 37.70310593
v 54.00000000 42.00000000 43.03708649
v 54.00000000 41.71379471 44.00000000
v 54.00000000 41.20068359 45.00000000
v 54.00000000 42.10172272 38.00000000
v 54.00000000 42.27390671 39.00000000
v 54.00000000 42.29894638 40.00000000
v 54.00000000 42.22400284 41.00000000
v 54.00000000 42.15394974 42.00000000
v 54.00000000 42.00812912 43.00000000
v 55.00000000 20.42283058 18.00000000
v 55.00000000 21.00000000 17.09118462
v 55.00000000 20.31399345 19.00000000
v 55.00000000 20.31724167 20.00000000
v 55.00000000 20.32219505 21.00000000
v 55.00000000 20.32697105 22.00000000
v 55.00000000 20.34497833 23.00000000
v 55.00000000 20.36938286 24.00000000
v 55.00000000 20.38974571 25.00000000
v 55.00000000 20.41640472 26.00000000
v 55.00000000 20.45299149 27.00000000
v 55.00000000 20.49229813 28.00000000
v 55.00000000 20.52382660 29.00000000
v 55.00000000 20.54629898 30.00000000
v 55.00000000 20.56306458 31.00000000
v 55.00000000 20.57242775 32.00000000
v 55.00000000 20.57772636 33.00000000
v 55.00000000 20.58308983 34.00000000
v 55.00000000 20.58809280 35.00000000
v 55.00000000 20.58413696 36.00000000
v 55.00000000 20.57976151 37.00000000
v 55.00000000 20.56728554 38.00000000
v 55.00000000 20.55408859 39.00000000
v 55.00000000 20.53135681 40.00000000
v 55.00000000 20.50781441 41.00000000
v 55.00000000 20.48366928 42.00000000
v 55.00000000 20.45703888 43.00000000
v 55.00000000 20.43828011 44.00000000
v 55.00000000 20.51886177 45.00000000
v 55.00000000 20.89537811 46.00000000
v 55.00000000 21.00000000 46.07639313
v 55.00000000 21.22588348 17.00000000
v 55.00000000 22.00000000 16.84865952
v 55.00000000 22.00000000 46.17826080
v 55.00000000 23.00000000 16.87819099
v 55.00000000 23.00000000 46.16288757
v 55.00000000 24.00000000 16.90754890
v 55.00000000 24.00000000 46.13577271
v 55.00000000 25.00000000 16.90483284
v 55.00000000 25.00000000 46.11123657
v 55.00000000 26.00000000 16.89304543
v 55.00000000 26.00000000 46.10994720
v 55.00000000 27.00000000 16.84474754
v 55.00000000 27.00000000 46.13305664
v 55.00000000 28.00000000 16.76525497
v 55.00000000 28.00000000 46.15361023
v 55.00000000 29.00000000 16.65908241
v 55.00000000 29.00000000 46.16265488
v 55.00000000 30.00000000 16.60418320
v 55.00000000 30.00000000 46.16375351
v 55.00000000 31.00000000 16.64492416
v 55.00000000 31.00000000 46.20983505
v 55.00000000 32.00000000 16.66076851
v 55.00000000 32.00000000 46.25031662
v 55.00000000 33.00000000 16.34062958
v 55.00000000 33.00000000 46.26702499
v 55.00000000 34.00000000 16.16917801
v 55.00000000 34.00000000 46.27916336
v 55.00000000 35.00000000 16.15408325
v 55.00000000 35.00000000 46.27697754
v 55.00000000 36.00000000 16.25643921
v 55.00000000 36.00000000 46.24781418
v 55.00000000 37.00000000 16.50397873
v 55.00000000 37.00000000 46.18362808
v 55.00000000 38.00000000 16.89875984
v 55.00000000 38.00000000 46.09595871
v 55.00000000 38.23273087 17.00000000
v 55.00000000 38.96291351 18.00000000
v 55.00000000 39.00000000 18.10807610
v 54.84747314 39.00000000 46.00000000
v 55.00000000 39.00000000 45.95486832
v 55.00000000 38.80843353 46.00000000
v 55.00000000 39.29817963 19.00000000
v 55.00000000 39.53328323 20.00000000
v 55.00000000 39.71180725 21.00000000
v 55.00000000 39.85017014 22.00000000
v 55.00000000 39.95175552 23.00000000
v 54.76908875 40.00000000 24.00000000
v 55.00000000 40.00000000 23.58161926
v 54.29433060 40.00000000 25.00000000
v 55.00000000 40.00000000 45.61161041
v 55.00000000 40.03468323 24.00000000
v 55.00000000 40.11314774 25.00000000
v 55.00000000 40.20786667 26.00000000
v 55.00000000 40.32151031 27.00000000
v 55.00000000 40.42837524 28.00000000
v 55.00000000 40.51616287 29.00000000
v 55.00000000 40.59932709 30.00000000
v 55.00000000 40.64425278 31.00000000
v 55.00000000 40.65813446 32.00000000
v 55.00000000 40.67087173 33.00000000
v 55.00000000 40.72328186 34.00000000
v 55.00000000 40.74085236 35.00000000
v 55.00000000 40.81927109 36.00000000
v 55.00000000 41.00000000 36.37422180
v 54.71200562 41.00000000 45.00000000
v 55.00000000 41.00000000 44.83358765
v 55.00000000 40.86076736 45.00000000
v 55.00000000 41.23471832 37.00000000
v 55.00000000 41.65884399 38.00000000
v 54.32024384 42.00000000 38.00000000
v 55.00000000 41.87437439 39.00000000
v 54.77361298 42.00000000 39.00000000
v 55.00000000 41.96642685 40.00000000
v 54.93059540 42.00000000 40.00000000
v 55.00000000 41.95126343 41.00000000
v 54.86441422 42.00000000 41.00000000
v 55.00000000 41.84315872 42.00000000
v 54.57590103 42.00000000 42.00000000
v 55.00000000 41.67910004 43.00000000
v 54.03418732 42.00000000 43.00000000
v 55.00000000 41.41089630 44.00000000
v 56.00000000 20.64608002 18.00000000
v 56.00000000 21.00000000 17.50465202
v 56.00000000 20.52276230 19.00000000
v 56.00000000 20.52588844 20.00000000
v 56.00000000 20.53618240 21.00000000
v 56.00000000 20.53928947 22.00000000
v 56.00000000 20.55315399 23.00000000
v 56.00000000 20.57057190 24.00000000
v 56.00000000 20.58879662 25.00000000
v 56.00000000 20.60881805 26.00000000
v 56.00000000 20.63393021 27.00000000
v 56.00000000 20.66144180 28.00000000
v 56.00000000 20.68689537 29.00000000
v 56.00000000 20.70324516 30.00000000
v 56.00000000 20.71791840 31.00000000
v 56.00000000 20.72567177 32.00000000
v 56.00000000 20.72885513 33.00000000
v 56.00000000 20.73690796 34.00000000
v 56.00000000 20.74605560 35.00000000
v 56.00000000 20.74667931 36.00000000
v 56.00000000 20.74663734 37.00000000
v 56.00000000 20.74021149 38.00000000
v 56.00000000 20.73239517 39.00000000
v 56.00000000 20.70917892 40.00000000
v 56.00000000 20.68489838 41.00000000
v 56.00000000 20.65121078 42.00000000
v 56.00000000 20.62269402 43.00000000
v 56.00000000 20.60689545 44.00000000
v 56.00000000 20.70318413 45.00000000
v 55.28982162 21.00000000 46.00000000
v 56.00000000 21.00000000 45.57493210
v 55.57886887 22.00000000 17.00000000
v 56.00000000 22.00000000 17.18612671
v 55.79630661 22.00000000 46.00000000
v 56.00000000 22.00000000 45.90423584
v 55.53059387 23.00000000 17.00000000
v 56.00000000 23.00000000 17.17762756
v 55.78635788 23.00000000 46.00000000
v 56.00000000 23.00000000 45.90784836
v 55.42454910 24.00000000 17.00000000
v 56.00000000 24.00000000 17.18679619
v 55.64598465 24.00000000 46.00000000
v 56.00000000 24.00000000 45.84421158
v 55.41366577 25.00000000 17.00000000
v 56.00000000 25.00000000 17.18778801
v 55.53276062 25.00000000 46.00000000
v 56.00000000 25.00000000 45.79959106
v 55.50829697 26.00000000 17.00000000
v 56.00000000 26.00000000 17.15120125
v 55.54984665 26.00000000 46.00000000
v 56.00000000 26.00000000 45.80854797
v 55.84070206 27.00000000 17.00000000
v 56.00000000 27.00000000 17.04436493
v 55.66197205 27.00000000 46.00000000
v 56.00000000 27.00000000 45.85564804
v 56.00000000 27.32005692 17.00000000
v 56.00000000 28.00000000 16.93510056
v 55.76005554 28.00000000 46.00000000
v 56.00000000 28.00000000 45.89921188
v 56.00000000 29.00000000 16.81311035
v 55.80867386 29.00000000 46.00000000
v 56.00000000 29.00000000 45.92127228
v 56.00000000 30.00000000 16.74407196
v 55.97650146 30.00000000 46.00000000
v 56.00000000 30.00000000 45.99224854
v 56.00000000 31.00000000 16.73547554
v 56.00000000 30.06545448 46.00000000
v 56.00000000 31.00000000 46.05813217
v 56.00000000 32.00000000 16.69286346
v 56.00000000 32.00000000 46.08254242
v 56.00000000 33.00000000 16.39481163
v 56.00000000 33.00000000 46.09092331
v 56.00000000 34.00000000 16.24161339
v 56.00000000 34.00000000 46.08748245
v 56.00000000 35.00000000 16.24861717
v 56.00000000 35.00000000 46.06029510
v 56.00000000 36.00000000 16.37115288
v 56.00000000 36.00000000 46.02820587
v 56.00000000 37.00000000 16.64290619
v 55.81294632 37.00000000 46.00000000
v 56.00000000 37.00000000 45.91335678
v 56.00000000 36.39686966 46.00000000
v 56.00000000 37.90590668 17.00000000
v 55.71722031 38.00000000 17.00000000
v 56.00000000 38.00000000 17.09344101
v 55.42021561 38.00000000 46.00000000
v 56.00000000 38.00000000 45.72795105
v 56.00000000 38.72606659 18.00000000
v 56.00000000 39.00000000 18.81146431
v 56.00000000 39.00000000 45.46817017
v 56.00000000 39.05673981 19.00000000
v 56.00000000 39.31207657 20.00000000
v 56.00000000 39.48263550 21.00000000
v 56.00000000 39.61784744 22.00000000
v 56.00000000 39.71003342 23.00000000
v 56.00000000 39.80202103 24.00000000
v 55.15333176 40.00000000 24.00000000
v 56.00000000 39.89437485 25.00000000
v 55.52912903 40.00000000 25.00000000
v 56.00000000 39.99777603 26.00000000
v 55.99015427 40.00000000 26.00000000
v 56.00000000 40.00000000 26.01999474
v 55.94878769 40.00000000 36.00000000
v 56.00000000 40.00000000 35.03347778
v 56.00000000 39.94788742 36.00000000
v 56.00000000 40.00000000 36.16880417
v 56.00000000 40.00000000 45.05026627
v 56.00000000 40.09405899 27.00000000
v 56.00000000 40.18399048 28.00000000
v 56.00000000 40.23805237 29.00000000
v 56.00000000 40.28218842 30.00000000
v 56.00000000 40.30817795 31.00000000
v 56.00000000 40.26469421 32.00000000
v 56.00000000 40.21101379 33.00000000
v 56.00000000 40.14333725 34.00000000
v 56.00000000 40.00156021 35.00000000
v 56.00000000 40.29849243 37.00000000
v 55.37128830 41.00000000 37.00000000
v 56.00000000 40.78680801 38.00000000
v 55.85245514 41.00000000 38.00000000
v 56.00000000 40.99090195 39.00000000
v 55.99453735 41.00000000 39.00000000
v 56.00000000 41.00000000 39.12043381
v 55.77497482 41.00000000 44.00000000
v 56.00000000 41.00000000 43.35129547
v 56.00000000 40.79727173 44.00000000
v 56.00000000 40.06282806 45.00000000
v 56.00000000 41.04070663 40.00000000
v 56.00000000 41.09421158 41.00000000
v 56.00000000 41.12498093 42.00000000
v 56.00000000 41.07174301 43.00000000
v 56.38030243 21.00000000 18.00000000
v 56.57663345 21.00000000 19.00000000
v 56.60411835 21.00000000 20.00000000
v 56.61279297 21.00000000 21.00000000
v 56.62469864 21.00000000 22.00000000
v 56.62571716 21.00000000 23.00000000
v 56.62809753 21.00000000 24.00000000
v 56.62986374 21.00000000 25.00000000
v 56.62410355 21.00000000 26.00000000
v 56.59890747 21.00000000 27.00000000
v 56.57366180 21.00000000 28.00000000
v 56.54497147 21.00000000 29.00000000
v 56.52700043 21.00000000 30.00000000
v 56.50912857 21.00000000 31.00000000
v 56.49982834 21.00000000 32.00000000
v 56.48973083 21.00000000 33.00000000
v 56.46588135 21.00000000 34.00000000
v 56.43877029 21.00000000 35.00000000
v 56.42395782 21.00000000 36.00000000
v 56.41226959 21.00000000 37.00000000
v 56.40608978 21.00000000 38.00000000
v 56.40479660 21.00000000 39.00000000
v 56.42758179 21.00000000 40.00000000
v 56.44364929 21.00000000 41.00000000
v 56.46580505 21.00000000 42.00000000
v 56.48395920 21.00000000 43.00000000
v 56.47168350 21.00000000 44.00000000
v 56.31519318 21.00000000 45.00000000
v 56.67943573 22.00000000 18.00000000
v 56.93167877 22.00000000 19.00000000
v 56.97039795 22.00000000 20.00000000
v 56.96837616 22.00000000 21.00000000
v 56.96762085 22.00000000 22.00000000
v 56.97777939 22.00000000 23.00000000
v 56.99408340 22.00000000 24.00000000
v 57.00000000 22.00000000 24.44573021
v 57.00000000 21.96809006 25.00000000
v 57.00000000 21.95189857 26.00000000
v 57.00000000 21.95721626 27.00000000
v 57.00000000 21.98419762 28.00000000
v 57.00000000 21.99164772 29.00000000
v 57.00000000 21.97817802 30.00000000
v 57.00000000 21.97938156 31.00000000
v 57.00000000 21.98414612 32.00000000
v 57.00000000 21.98789787 33.00000000
v 56.99938583 22.00000000 34.00000000
v 57.00000000 22.00000000 33.84922028
v 56.99744415 22.00000000 35.00000000
v 56.99338531 22.00000000 36.00000000
v 56.97900391 22.00000000 37.00000000
v 56.95549011 22.00000000 38.00000000
v 56.94315720 22.00000000 39.00000000
v 56.93090820 22.00000000 40.00000000
v 56.91253662 22.00000000 41.00000000
v 56.90176010 22.00000000 42.00000000
v 56.89134216 22.00000000 43.00000000
v 56.82212830 22.00000000 44.00000000
v 56.57382202 22.00000000 45.00000000
v 56.72151566 23.00000000 18.00000000
v 56.95157242 23.00000000 19.00000000
v 56.96640015 23.00000000 20.00000000
v 56.95760727 23.00000000 21.00000000
v 56.95156479 23.00000000 22.00000000
v 56.95787430 23.00000000 23.00000000
v 56.96440125 23.00000000 24.00000000
v 57.00000000 22.15681458 25.00000000
v 56.96628952 23.00000000 25.00000000
v 57.00000000 22.22624016 26.00000000
v 56.96742630 23.00000000 26.00000000
v 57.00000000 22.20988846 27.00000000
v 56.96678162 23.00000000 27.00000000
v 57.00000000 22.08822060 28.00000000
v 56.96612930 23.00000000 28.00000000
v 57.00000000 22.04087448 29.00000000
v 56.95845032 23.00000000 29.00000000
v 57.00000000 22.08476639 30.00000000
v 56.94841766 23.00000000 30.00000000
v 57.00000000 22.07675552 31.00000000
v 56.94507599 23.00000000 31.00000000
v 57.00000000 22.05559158 32.00000000
v 56.94096756 23.00000000 32.00000000
v 57.00000000 22.04617500 33.00000000
v 56.94419098 23.00000000 33.00000000
v 56.95192719 23.00000000 34.00000000
v 56.95888138 23.00000000 35.00000000
v 56.96352005 23.00000000 36.00000000
v 56.96164322 23.00000000 37.00000000
v 56.95565414 23.00000000 38.00000000
v 56.95075989 23.00000000 39.00000000
v 56.94036484 23.00000000 40.00000000
v 56.92773819 23.00000000 41.00000000
v 56.92157745 23.00000000 42.00000000
v 56.92881012 23.00000000 43.00000000
v 56.90197372 23.00000000 44.00000000
v 56.60766983 23.00000000 45.00000000
v 56.76611710 24.00000000 18.00000000
v 56.95242310 24.00000000 19.00000000
v 56.95637512 24.00000000 20.00000000
v 56.94665527 24.00000000 21.00000000
v 56.94347382 24.00000000 22.00000000
v 56.94553375 24.00000000 23.00000000
v 56.93668747 24.00000000 24.00000000
v 56.93204117 24.00000000 25.00000000
v 56.92604446 24.00000000 26.00000000
v 56.92350006 24.00000000 27.00000000
v 56.91864014 24.00000000 28.00000000
v 56.91793442 24.00000000 29.00000000
v 56.91563416 24.00000000 30.00000000
v 56.90586472 24.00000000 31.00000000
v 56.90520096 24.00000000 32.00000000
v 56.90880966 24.00000000 33.00000000
v 56.91453934 24.00000000 34.00000000
v 56.92307663 24.00000000 35.00000000
v 56.92866135 24.00000000 36.00000000
v 56.93281937 24.00000000 37.00000000
v 56.93171692 24.00000000 38.00000000
v 56.92427826 24.00000000 39.00000000
v 56.91298294 24.00000000 40.00000000
v 56.90168381 24.00000000 41.00000000
v 56.89644241 24.00000000 42.00000000
v 56.89694595 24.00000000 43.00000000
v 56.87452698 24.00000000 44.00000000
v 56.59145355 24.00000000 45.00000000
v 56.78847122 25.00000000 18.00000000
v 56.94942093 25.00000000 19.00000000
v 56.95251465 25.00000000 20.00000000
v 56.93745804 25.00000000 21.00000000
v 56.92780685 25.00000000 22.00000000
v 56.91777802 25.00000000 23.00000000
v 56.90602493 25.00000000 24.00000000
v 56.89458847 25.00000000 25.00000000
v 56.88764191 25.00000000 26.00000000
v 56.88103867 25.00000000 27.00000000
v 56.87319183 25.00000000 28.00000000
v 56.87420654 25.00000000 29.00000000
v 56.87366486 25.00000000 30.00000000
v 56.87258530 25.00000000 31.00000000
v 56.86449051 25.00000000 32.00000000
v 56.86592102 25.00000000 33.00000000
v 56.87397003 25.00000000 34.00000000
v 56.87767029 25.00000000 35.00000000
v 56.87659073 25.00000000 36.00000000
v 56.87771606 25.00000000 37.00000000
v 56.88188934 25.00000000 38.00000000
v 56.88624573 25.00000000 39.00000000
v 56.88275909 25.00000000 40.00000000
v 56.87562943 25.00000000 41.00000000
v 56.87231064 25.00000000 42.00000000
v 56.88068008 25.00000000 43.00000000
v 56.86249924 25.00000000 44.00000000
v 56.57602692 25.00000000 45.00000000
v 56.76515579 26.00000000 18.00000000
v 56.92634201 26.00000000 19.00000000
v 56.91904449 26.00000000 20.00000000
v 56.90165329 26.00000000 21.00000000
v 56.89109039 26.00000000 22.00000000
v 56.88283920 26.00000000 23.00000000
v 56.87627029 26.00000000 24.00000000
v 56.87074280 26.00000000 25.00000000
v 56.86546326 26.00000000 26.00000000
v 56.86130905 26.00000000 27.00000000
v 56.85908508 26.00000000 28.00000000
v 56.85649490 26.00000000 29.00000000
v 56.85405350 26.00000000 30.00000000
v 56.85769653 26.00000000 31.00000000
v 56.85921860 26.00000000 32.00000000
v 56.85549927 26.00000000 33.00000000
v 56.85010529 26.00000000 34.00000000
v 56.84537888 26.00000000 35.00000000
v 56.84217834 26.00000000 36.00000000
v 56.83917236 26.00000000 37.00000000
v 56.84027863 26.00000000 38.00000000
v 56.84170151 26.00000000 39.00000000
v 56.84150314 26.00000000 40.00000000
v 56.85240555 26.00000000 41.00000000
v 56.85664749 26.00000000 42.00000000
v 56.87786102 26.00000000 43.00000000
v 56.85380554 26.00000000 44.00000000
v 56.57994843 26.00000000 45.00000000
v 56.77207184 27.00000000 18.00000000
v 56.90756989 27.00000000 19.00000000
v 56.90177917 27.00000000 20.00000000
v 56.88459396 27.00000000 21.00000000
v 56.86786270 27.00000000 22.00000000
v 56.86033630 27.00000000 23.00000000
v 56.85559845 27.00000000 24.00000000
v 56.85351562 27.00000000 25.00000000
v 56.84869766 27.00000000 26.00000000
v 56.84722519 27.00000000 27.00000000
v 56.84812927 27.00000000 28.00000000
v 56.84968185 27.00000000 29.00000000
v 56.84849548 27.00000000 30.00000000
v 56.84856415 27.00000000 31.00000000
v 56.84548569 27.00000000 32.00000000
v 56.84007645 27.00000000 33.00000000
v 56.82755280 27.00000000 34.00000000
v 56.81389618 27.00000000 35.00000000
v 56.80131912 27.00000000 36.00000000
v 56.80146027 27.00000000 37.00000000
v 56.80414963 27.00000000 38.00000000
v 56.80123901 27.00000000 39.00000000
v 56.80192566 27.00000000 40.00000000
v 56.82060623 27.00000000 41.00000000
v 56.84920120 27.00000000 42.00000000
v 56.87652969 27.00000000 43.00000000
v 56.85680008 27.00000000 44.00000000
v 56.61813736 27.00000000 45.00000000
v 56.09859085 28.00000000 17.00000000
v 56.81138992 28.00000000 18.00000000
v 56.89978409 28.00000000 19.00000000
v 56.88034439 28.00000000 20.00000000
v 56.85962677 28.00000000 21.00000000
v 56.84307098 28.00000000 22.00000000
v 56.83657837 28.00000000 23.00000000
v 56.83258820 28.00000000 24.00000000
v 56.83879089 28.00000000 25.00000000
v 56.84510803 28.00000000 26.00000000
v 56.84884262 28.00000000 27.00000000
v 56.84856415 28.00000000 28.00000000
v 56.84916687 28.00000000 29.00000000
v 56.84633636 28.00000000 30.00000000
v 56.84084702 28.00000000 31.00000000
v 56.83142090 28.00000000 32.00000000
v 56.81811905 28.00000000 33.00000000
v 56.80580139 28.00000000 34.00000000
v 56.79089355 28.00000000 35.00000000
v 56.77635956 28.00000000 36.00000000
v 56.77223206 28.00000000 37.00000000
v 56.77695465 28.00000000 38.00000000
v 56.77658081 28.00000000 39.00000000
v 56.78560638 28.00000000 40.00000000
v 56.80855942 28.00000000 41.00000000
v 56.84007645 28.00000000 42.00000000
v 56.86727142 28.00000000 43.00000000
v 56.84304047 28.00000000 44.00000000
v 56.63262558 28.00000000 45.00000000
v 56.26767731 29.00000000 17.00000000
v 56.84196091 29.00000000 18.00000000
v 56.90473938 29.00000000 19.00000000
v 56.88026428 29.00000000 20.00000000
v 56.85456085 29.00000000 21.00000000
v 56.83246231 29.00000000 22.00000000
v 56.81579590 29.00000000 23.00000000
v 56.81829834 29.00000000 24.00000000
v 56.83416748 29.00000000 25.00000000
v 56.84763718 29.00000000 26.00000000
v 56.85276413 29.00000000 27.00000000
v 56.85397720 29.00000000 28.00000000
v 56.85290527 29.00000000 29.00000000
v 56.84644699 29.00000000 30.00000000
v 56.83948517 29.00000000 31.00000000
v 56.82851410 29.00000000 32.00000000
v 56.81738663 29.00000000 33.00000000
v 56.80156326 29.00000000 34.00000000
v 56.78738022 29.00000000 35.00000000
v 56.78030396 29.00000000 36.00000000
v 56.77287292 29.00000000 37.00000000
v 56.76802826 29.00000000 38.00000000
v 56.76833725 29.00000000 39.00000000
v 56.77900696 29.00000000 40.00000000
v 56.80026245 29.00000000 41.00000000
v 56.83211136 29.00000000 42.00000000
v 56.84916306 29.00000000 43.00000000
v 56.83889008 29.00000000 44.00000000
v 56.64244843 29.00000000 45.00000000
v 56.33655548 30.00000000 17.00000000
v 56.83671188 30.00000000 18.00000000
v 56.93009186 30.00000000 19.00000000
v 56.90796280 30.00000000 20.00000000
v 56.88267136 30.00000000 21.00000000
v 56.86881256 30.00000000 22.00000000
v 56.85815811 30.00000000 23.00000000
v 56.85189056 30.00000000 24.00000000
v 56.85500717 30.00000000 25.00000000
v 56.86293411 30.00000000 26.00000000
v 56.86604691 30.00000000 27.00000000
v 56.87027359 30.00000000 28.00000000
v 56.86842346 30.00000000 29.00000000
v 56.85567474 30.00000000 30.00000000
v 56.84737015 30.00000000 31.00000000
v 56.83816528 30.00000000 32.00000000
v 56.82878113 30.00000000 33.00000000
v 56.81495285 30.00000000 34.00000000
v 56.79887390 30.00000000 35.00000000
v 56.78465271 30.00000000 36.00000000
v 56.77793884 30.00000000 37.00000000
v 56.76754379 30.00000000 38.00000000
v 56.76235580 30.00000000 39.00000000
v 56.77164841 30.00000000 40.00000000
v 56.79597473 30.00000000 41.00000000
v 56.83443451 30.00000000 42.00000000
v 56.84989929 30.00000000 43.00000000
v 56.84545135 30.00000000 44.00000000
v 56.68922806 30.00000000 45.00000000
v 56.34266281 31.00000000 17.00000000
v 56.86001968 31.00000000 18.00000000
v 56.97288132 31.00000000 19.00000000
v 56.97780228 31.00000000 20.00000000
v 56.97774124 31.00000000 21.00000000
v 56.96893692 31.00000000 22.00000000
v 56.96261215 31.00000000 23.00000000
v 56.95922470 31.00000000 24.00000000
v 56.95922852 31.00000000 25.00000000
v 56.96321106 31.00000000 26.00000000
v 56.96571350 31.00000000 27.00000000
v 56.96932602 31.00000000 28.00000000
v 56.96999359 31.00000000 29.00000000
v 56.97119522 31.00000000 30.00000000
v 56.96095657 31.00000000 31.00000000
v 56.94571686 31.00000000 32.00000000
v 56.93359375 31.00000000 33.00000000
v 56.91375732 31.00000000 34.00000000
v 56.87379456 31.00000000 35.00000000
v 56.83858490 31.00000000 36.00000000
v 56.80782318 31.00000000 37.00000000
v 56.78622818 31.00000000 38.00000000
v 56.78390884 31.00000000 39.00000000
v 56.79179001 31.00000000 40.00000000
v 56.81219864 31.00000000 41.00000000
v 56.84858322 31.00000000 42.00000000
v 56.87818527 31.00000000 43.00000000
v 56.87569046 31.00000000 44.00000000
v 56.74551010 31.00000000 45.00000000
v 56.09301376 31.00000000 46.00000000
v 56.43640518 32.00000000 17.00000000
v 57.00000000 32.00000000 17.95254707
v 57.00000000 31.87967110 18.00000000
v 57.00000000 31.14486504 19.00000000
v 57.00000000 31.09997177 20.00000000
v 57.00000000 31.08894348 21.00000000
v 57.00000000 31.11566162 22.00000000
v 57.00000000 31.14119720 23.00000000
v 57.00000000 31.15967178 24.00000000
v 57.00000000 31.16892815 25.00000000
v 57.00000000 31.16693497 26.00000000
v 57.00000000 31.16823387 27.00000000
v 57.00000000 31.17169762 28.00000000
v 57.00000000 31.19112778 29.00000000
v 57.00000000 31.23451996 30.00000000
v 57.00000000 31.40710640 31.00000000
v 57.00000000 31.69085121 32.00000000
v 56.99417877 32.00000000 33.00000000
v 57.00000000 32.00000000 32.80584717
v 56.96304703 32.00000000 34.00000000
v 56.93522263 32.00000000 35.00000000
v 56.88680267 32.00000000 36.00000000
v 56.84940338 32.00000000 37.00000000
v 56.82436371 32.00000000 38.00000000
v 56.82045746 32.00000000 39.00000000
v 56.82363129 32.00000000 40.00000000
v 56.83778763 32.00000000 41.00000000
v 56.86225128 32.00000000 42.00000000
v 56.88859940 32.00000000 43.00000000
v 56.89288712 32.00000000 44.00000000
v 56.78804398 32.00000000 45.00000000
v 56.13065720 32.00000000 46.00000000
v 56.94724655 33.00000000 17.00000000
v 57.00000000 33.00000000 17.08993149
v 57.00000000 32.16218567 33.00000000
v 56.99565887 33.00000000 34.00000000
v 57.00000000 33.00000000 33.87641907
v 56.95802307 33.00000000 35.00000000
v 56.92581940 33.00000000 36.00000000
v 56.89251328 33.00000000 37.00000000
v 56.86363983 33.00000000 38.00000000
v 56.85598373 33.00000000 39.00000000
v 56.85633469 33.00000000 40.00000000
v 56.87198257 33.00000000 41.00000000
v 56.87907410 33.00000000 42.00000000
v 56.89808273 33.00000000 43.00000000
v 56.90270233 33.00000000 44.00000000
v 56.79166031 33.00000000 45.00000000
v 56.15122986 33.00000000 46.00000000
v 57.00000000 33.21495438 17.00000000
v 57.00000000 34.00000000 16.79687119
v 57.00000000 33.17282486 34.00000000
v 56.97737503 34.00000000 35.00000000
v 57.00000000 34.00000000 34.49352646
v 56.94381332 34.00000000 36.00000000
v 56.92350006 34.00000000 37.00000000
v 56.90272141 34.00000000 38.00000000
v 56.90015411 34.00000000 39.00000000
v 56.89292526 34.00000000 40.00000000
v 56.90130615 34.00000000 41.00000000
v 56.91464615 34.00000000 42.00000000
v 56.92516708 34.00000000 43.00000000
v 56.92235565 34.00000000 44.00000000
v 56.78608322 34.00000000 45.00000000
v 56.15214920 34.00000000 46.00000000
v 57.00000000 35.00000000 16.75399590
v 56.97357178 35.00000000 35.00000000
v 57.00000000 35.00000000 34.41112900
v 56.93490982 35.00000000 36.00000000
v 56.92376709 35.00000000 37.00000000
v 56.91910934 35.00000000 38.00000000
v 56.92795563 35.00000000 39.00000000
v 56.93704987 35.00000000 40.00000000
v 56.94343948 35.00000000 41.00000000
v 56.96192932 35.00000000 42.00000000
v 56.97652435 35.00000000 43.00000000
v 56.96673203 35.00000000 44.00000000
v 56.78731155 35.00000000 45.00000000
v 56.10937881 35.00000000 46.00000000
v 57.00000000 36.00000000 16.86469650
v 56.98375320 36.00000000 34.00000000
v 57.00000000 36.00000000 33.70952606
v 57.00000000 35.57165146 34.00000000
v 56.92859268 36.00000000 35.00000000
v 56.89285278 36.00000000 36.00000000
v 56.87318802 36.00000000 37.00000000
v 56.89823151 36.00000000 38.00000000
v 56.94208527 36.00000000 39.00000000
v 56.96334457 36.00000000 40.00000000
v 56.98122406 36.00000000 41.00000000
v 57.00000000 36.00000000 41.69281769
v 57.00000000 35.83792114 42.00000000
v 57.00000000 35.53981400 43.00000000
v 56.99076080 36.00000000 44.00000000
v 57.00000000 36.00000000 43.74752045
v 56.78175354 36.00000000 45.00000000
v 56.05284500 36.00000000 46.00000000
v 57.00000000 36.62564468 17.00000000
v 56.82063293 37.00000000 17.00000000
v 57.00000000 37.00000000 17.21644783
v 56.95810699 37.00000000 33.00000000
v 57.00000000 37.00000000 32.26745605
v 57.00000000 36.52347565 33.00000000
v 56.90435791 37.00000000 34.00000000
v 56.84254456 37.00000000 35.00000000
v 56.79747772 37.00000000 36.00000000
v 56.78548431 37.00000000 37.00000000
v 56.83553314 37.00000000 38.00000000
v 56.89929581 37.00000000 39.00000000
v 56.95511627 37.00000000 40.00000000
v 56.98249054 37.00000000 41.00000000
v 57.00000000 37.00000000 41.58746719
v 56.96201706 37.00000000 44.00000000
v 57.00000000 37.00000000 43.45553589
v 56.73718643 37.00000000 45.00000000
v 57.00000000 37.79279327 18.00000000
v 56.82972336 38.00000000 18.00000000
v 57.00000000 38.00000000 18.50231934
v 56.94794083 38.00000000 31.00000000
v 57.00000000 38.00000000 30.20057869
v 57.00000000 37.63094711 31.00000000
v 57.00000000 37.12750244 32.00000000
v 56.87990952 38.00000000 32.00000000
v 56.81954956 38.00000000 33.00000000
v 56.75018692 38.00000000 34.00000000
v 56.68365097 38.00000000 35.00000000
v 56.63653564 38.00000000 36.00000000
v 56.64582825 38.00000000 37.00000000
v 56.72863388 38.00000000 38.00000000
v 56.79611588 38.00000000 39.00000000
v 56.86046219 38.00000000 40.00000000
v 56.91178131 38.00000000 41.00000000
v 57.00000000 37.19172287 42.00000000
v 56.93819046 38.00000000 42.00000000
v 57.00000000 37.34691238 43.00000000
v 56.93996048 38.00000000 43.00000000
v 56.86505508 38.00000000 44.00000000
v 56.62304688 38.00000000 45.00000000
v 57.00000000 38.19457626 19.00000000
v 56.09432983 39.00000000 19.00000000
v 57.00000000 38.42219925 20.00000000
v 56.43739319 39.00000000 20.00000000
v 57.00000000 38.56509781 21.00000000
v 56.61293793 39.00000000 21.00000000
v 57.00000000 38.68436432 22.00000000
v 56.74480438 39.00000000 22.00000000
v 57.00000000 38.77569580 23.00000000
v 56.83182526 39.00000000 23.00000000
v 57.00000000 38.81016159 24.00000000
v 56.87109756 39.00000000 24.00000000
v 57.00000000 38.78802490 25.00000000
v 56.87561798 39.00000000 25.00000000
v 57.00000000 38.73526001 26.00000000
v 56.87412643 39.00000000 26.00000000
v 57.00000000 38.64346695 27.00000000
v 56.86499786 39.00000000 27.00000000
v 57.00000000 38.50422287 28.00000000
v 56.83513260 39.00000000 28.00000000
v 57.00000000 38.34264374 29.00000000
v 56.82074738 39.00000000 29.00000000
v 57.00000000 38.07052612 30.00000000
v 56.77655792 39.00000000 30.00000000
v 56.73412323 39.00000000 31.00000000
v 56.67482376 39.00000000 32.00000000
v 56.62131882 39.00000000 33.00000000
v 56.54279327 39.00000000 34.00000000
v 56.45915222 39.00000000 35.00000000
v 56.40054703 39.00000000 36.00000000
v 56.44068146 39.00000000 37.00000000
v 56.57183075 39.00000000 38.00000000
v 56.63869095 39.00000000 39.00000000
v 56.72044754 39.00000000 40.00000000
v 56.77042007 39.00000000 41.00000000
v 56.80212021 39.00000000 42.00000000
v 56.80749130 39.00000000 43.00000000
v 56.73651123 39.00000000 44.00000000
v 56.42066574 39.00000000 45.00000000
v 56.11233902 40.00000000 27.00000000
v 56.19565201 40.00000000 28.00000000
v 56.22816467 40.00000000 29.00000000
v 56.24638367 40.00000000 30.00000000
v 56.24847794 40.00000000 31.00000000
v 56.20594406 40.00000000 32.00000000
v 56.14889908 40.00000000 33.00000000
v 56.09566498 40.00000000 34.00000000
v 56.00094986 40.00000000 35.00000000
v 56.13430023 40.00000000 37.00000000
v 56.32169342 40.00000000 38.00000000
v 56.39763641 40.00000000 39.00000000
v 56.49125671 40.00000000 40.00000000
v 56.54228973 40.00000000 41.00000000
v 56.57101822 40.00000000 42.00000000
v 56.57291794 40.00000000 43.00000000
v 56.47176743 40.00000000 44.00000000
v 56.04727936 40.00000000 45.00000000
v 56.03179169 41.00000000 40.00000000
v 56.07812119 41.00000000 41.00000000
v 56.10843658 41.00000000 42.00000000
v 56.06404877 41.00000000 43.00000000
v 57.00642395 22.00000000 25.00000000
v 57.00962830 22.00000000 26.00000000
v 57.00884247 22.00000000 27.00000000
v 57.00325394 22.00000000 28.00000000
v 57.00174713 22.00000000 29.00000000
v 57.00467300 22.00000000 30.00000000
v 57.00447083 22.00000000 31.00000000
v 57.00341034 22.00000000 32.00000000
v 57.00262451 22.00000000 33.00000000
v 57.02085876 32.00000000 18.00000000
v 57.20046616 32.00000000 19.00000000
v 57.25742340 32.00000000 20.00000000
v 57.29514694 32.00000000 21.00000000
v 57.30955124 32.00000000 22.00000000
v 57.29808426 32.00000000 23.00000000
v 57.27901077 32.00000000 24.00000000
v 57.26028061 32.00000000 25.00000000
v 57.23576736 32.00000000 26.00000000
v 57.21449661 32.00000000 27.00000000
v 57.18561172 32.00000000 28.00000000
v 57.15958023 32.00000000 29.00000000
v 57.11878586 32.00000000 30.00000000
v 57.07242203 32.00000000 31.00000000
v 57.03052902 32.00000000 32.00000000
v 57.37664032 33.00000000 18.00000000
v 57.48330307 33.00000000 19.00000000
v 57.51488113 33.00000000 20.00000000
v 57.51750565 33.00000000 21.00000000
v 57.50073242 33.00000000 22.00000000
v 57.47642136 33.00000000 23.00000000
v 57.43550491 33.00000000 24.00000000
v 57.39619064 33.00000000 25.00000000
v 57.35892487 33.00000000 26.00000000
v 57.31806946 33.00000000 27.00000000
v 57.28200150 33.00000000 28.00000000
v 57.24074936 33.00000000 29.00000000
v 57.18315887 33.00000000 30.00000000
v 57.12550735 33.00000000 31.00000000
v 57.07869720 33.00000000 32.00000000
v 57.03818130 33.00000000 33.00000000
v 57.16953659 34.00000000 17.00000000
v 57.48878860 34.00000000 18.00000000
v 57.55856323 34.00000000 19.00000000
v 57.57183075 34.00000000 20.00000000
v 57.57473755 34.00000000 21.00000000
v 57.55259705 34.00000000 22.00000000
v 57.52434921 34.00000000 23.00000000
v 57.49029160 34.00000000 24.00000000
v 57.45652771 34.00000000 25.00000000
v 57.41690826 34.00000000 26.00000000
v 57.38162613 34.00000000 27.00000000
v 57.33858871 34.00000000 28.00000000
v 57.29041672 34.00000000 29.00000000
v 57.24072266 34.00000000 30.00000000
v 57.17514038 34.00000000 31.00000000
v 57.11073685 34.00000000 32.00000000
v 57.07551956 34.00000000 33.00000000
v 57.02557755 34.00000000 34.00000000
v 57.20645142 35.00000000 17.00000000
v 57.50511169 35.00000000 18.00000000
v 57.57133102 35.00000000 19.00000000
v 57.58507156 35.00000000 20.00000000
v 57.58052063 35.00000000 21.00000000
v 57.55850601 35.00000000 22.00000000
v 57.52980423 35.00000000 23.00000000
v 57.50482178 35.00000000 24.00000000
v 57.47770309 35.00000000 25.00000000
v 57.44995499 35.00000000 26.00000000
v 57.41684341 35.00000000 27.00000000
v 57.37371445 35.00000000 28.00000000
v 57.32424927 35.00000000 29.00000000
v 57.25889587 35.00000000 30.00000000
v 57.19005966 35.00000000 31.00000000
v 57.12906265 35.00000000 32.00000000
v 57.07294464 35.00000000 33.00000000
v 57.02000427 35.00000000 34.00000000
v 57.11313248 36.00000000 17.00000000
v 57.44322586 36.00000000 18.00000000
v 57.51956558 36.00000000 19.00000000
v 57.54325104 36.00000000 20.00000000
v 57.55354309 36.00000000 21.00000000
v 57.54907608 36.00000000 22.00000000
v 57.52946854 36.00000000 23.00000000
v 57.50180817 36.00000000 24.00000000
v 57.47117615 36.00000000 25.00000000
v 57.44120026 36.00000000 26.00000000
v 57.40648270 36.00000000 27.00000000
v 57.35428238 36.00000000 28.00000000
v 57.29485703 36.00000000 29.00000000
v 57.22986221 36.00000000 30.00000000
v 57.16190338 36.00000000 31.00000000
v 57.09448242 36.00000000 32.00000000
v 57.03845596 36.00000000 33.00000000
v 57.00671768 36.00000000 42.00000000
v 57.01727295 36.00000000 43.00000000
v 57.25191879 37.00000000 18.00000000
v 57.37426758 37.00000000 19.00000000
v 57.42286682 37.00000000 20.00000000
v 57.45767212 37.00000000 21.00000000
v 57.47259521 37.00000000 22.00000000
v 57.47034836 37.00000000 23.00000000
v 57.45745850 37.00000000 24.00000000
v 57.42408371 37.00000000 25.00000000
v 57.37539673 37.00000000 26.00000000
v 57.32064819 37.00000000 27.00000000
v 57.26578140 37.00000000 28.00000000
v 57.20367432 37.00000000 29.00000000
v 57.14069366 37.00000000 30.00000000
v 57.07342911 37.00000000 31.00000000
v 57.01420593 37.00000000 32.00000000
v 57.00899887 37.00000000 42.00000000
v 57.01854706 37.00000000 43.00000000
v 57.06784439 38.00000000 19.00000000
v 57.15505981 38.00000000 20.00000000
v 57.21339798 38.00000000 21.00000000
v 57.25455856 38.00000000 22.00000000
v 57.27675247 38.00000000 23.00000000
v 57.27011490 38.00000000 24.00000000
v 57.23895264 38.00000000 25.00000000
v 57.19673157 38.00000000 26.00000000
v 57.14892578 38.00000000 27.00000000
v 57.11087799 38.00000000 28.00000000
v 57.06406021 38.00000000 29.00000000
v 57.01184845 38.00000000 30.00000000
f 3 2 1
f 5 4 1
f 5 1 2
f 7 6 4
f 7 4 5
f 9 8 6
f 9 6 7
f 11 10 8
f 11 8 9
f 13 12 10
f 13 10 11
f 15 14 12
f 15 12 13
f 17 16 14
f 17 14 15
f 19 18 16
f 19 16 17
f 21 20 18
f 21 18 19
f 23 22 20
f 23 20 21
f 25 24 22
f 25 22 23
f 27 26 24
f 27 24 25
f 29 28 26
f 29 26 27
f 31 30 28
f 31 28 29
f 33 32 30
f 33 30 31
f 35 34 32
f 35 32 33
f 37 36 34
f 37 34 35
f 39 38 36
f 39 36 37
f 41 40 38
f 41 38 39
f 43 42 40
f 43 40 41
f 45 44 42
f 45 42 43
f 47 46 44
f 47 44 45
f 49 48 46
f 49 46 47
f 51 50 48
f 51 48 49
f 52 50 51
f 3 1 53
f 3 53 54
f 55 1 4
f 53 1 55
f 56 4 6
f 55 4 56
f 57 6 8
f 56 6 57
f 58 8 10
f 57 8 58
f 59 10 12
f 58 10 59
f 60 12 14
f 59 12 60
f 61 14 16
f 60 14 61
f 62 16 18
f 61 16 62
f 63 18 20
f 62 18 63
f 64 20 22
f 63 20 64
f 65 22 24
f 64 22 65
f 66 24 26
f 65 24 66
f 67 26 28
f 66 26 67
f 68 28 30
f 67 28 68
f 69 30 32
f 68 30 69
f 70 32 34
f 69 32 70
f 71 34 36
f 70 34 71
f 72 36 38
f 71 36 72
f 73 38 40
f 72 38 73
f 74 40 42
f 73 40 74
f 75 42 44
f 74 42 75
f 76 44 46
f 75 44 76
f 77 46 48
f 76 46 77
f 78 48 50
f 77 48 78
f 50 52 79
f 50 79 78
f 80 54 53
f 82 81 80
f 53 82 80
f 55 82 53
f 83 55 56
f 82 55 83
f 84 56 57
f 83 56 84
f 85 57 58
f 84 57 85
f 86 58 59
f 85 58 86
f 87 59 60
f 86 59 87
f 88 60 61
f 87 60 88
f 89 61 62
f 88 61 89
f 90 62 63
f 89 62 90
f 91 63 64
f 90 63 91
f 92 64 65
f 91 64 92
f 93 65 66
f 92 65 93
f 94 66 67
f 93 66 94
f 95 67 68
f 94 67 95
f 96 68 69
f 95 68 96
f 97 69 70
f 96 69 97
f 98 70 71
f 97 70 98
f 99 71 72
f 98 71 99
f 100 72 73
f 99 72 100
f 101 73 74
f 100 73 101
f 102 74 75
f 101 74 102
f 103 75 76
f 102 75 103
f 104 76 77
f 103 76 104
f 105 77 78
f 104 77 105
f 78 79 106
f 78 106 105
f 81 82 107
f 81 107 108
f 109 82 83
f 107 82 109
f 110 83 84
f 109 83 110
f 111 84 85
f 110 84 111
f 112 85 86
f 111 85 112
f 113 86 87
f 112 86 113
f 114 87 88
f 113 87 114
f 115 88 89
f 114 88 115
f 116 89 90
f 115 89 116
f 117 90 91
f 116 90 117
f 118 91 92
f 117 91 118
f 119 92 93
f 118 92 119
f 120 93 94
f 119 93 120
f 121 94 95
f 120 94 121
f 122 95 96
f 121 95 122
f 123 96 97
f 122 96 123
f 124 97 98
f 123 97 124
f 125 98 99
f 124 98 125
f 126 99 100
f 125 99 126
f 127 100 101
f 126 100 127
f 128 101 102
f 127 101 128
f 129 102 103
f 128 102 129
f 130 103 104
f 129 103 130
f 131 104 105
f 130 104 131
f 105 106 132
f 133 105 132
f 131 105 133
f 134 133 132
f 137 136 135
f 135 136 108
f 107 135 108
f 138 135 107
f 139 107 109
f 138 107 139
f 140 109 110
f 139 109 140
f 141 110 111
f 140 110 141
f 142 111 112
f 141 111 142
f 143 112 113
f 142 112 143
f 144 113 114
f 143 113 144
f 145 114 115
f 144 114 145
f 146 115 116
f 145 115 146
f 147 116 117
f 146 116 147
f 148 117 118
f 147 117 148
f 149 118 119
f 148 118 149
f 150 119 120
f 149 119 150
f 151 120 121
f 150 120 151
f 152 121 122
f 151 121 152
f 153 122 123
f 152 122 153
f 154 123 124
f 153 123 154
f 155 124 125
f 154 124 155
f 156 125 126
f 155 125 156
f 157 126 127
f 156 126 157
f 158 127 128
f 157 127 158
f 159 128 129
f 158 128 159
f 160 129 130
f 159 129 160
f 161 130 131
f 160 130 161
f 133 163 162
f 161 133 162
f 131 133 161
f 163 133 134
f 137 135 164
f 137 164 165
f 166 135 138
f 164 135 166
f 167 138 139
f 166 138 167
f 168 139 140
f 167 139 168
f 169 140 141
f 168 140 169
f 170 141 142
f 169 141 170
f 171 142 143
f 170 142 171
f 172 143 144
f 171 143 172
f 173 144 145
f 172 144 173
f 174 145 146
f 173 145 174
f 175 146 147
f 174 146 175
f 176 147 148
f 175 147 176
f 177 148 149
f 176 148 177
f 178 149 150
f 177 149 178
f 179 150 151
f 178 150 179
f 180 151 152
f 179 151 180
f 181 152 153
f 180 152 181
f 182 153 154
f 181 153 182
f 183 154 155
f 182 154 183
f 184 155 156
f 183 155 184
f 185 156 157
f 184 156 185
f 186 157 158
f 185 157 186
f 187 158 159
f 186 158 187
f 188 159 160
f 187 159 188
f 189 160 161
f 188 160 189
f 161 162 190
f 161 190 189
f 165 164 191
f 165 191 192
f 193 164 166
f 191 164 193
f 194 166 167
f 193 166 194
f 195 167 168
f 194 167 195
f 196 168 169
f 195 168 196
f 197 169 170
f 196 169 197
f 198 170 171
f 197 170 198
f 199 171 172
f 198 171 199
f 200 172 173
f 199 172 200
f 201 173 174
f 200 173 201
f 202 174 175
f 201 174 202
f 203 175 176
f 202 175 203
f 204 176 177
f 203 176 204
f 205 177 178
f 204 177 205
f 206 178 179
f 205 178 206
f 207 179 180
f 206 179 207
f 208 180 181
f 207 180 208
f 209 181 182
f 208 181 209
f 210 182 183
f 209 182 210
f 211 183 184
f 210 183 211
f 212 184 185
f 211 184 212
f 213 185 186
f 212 185 213
f 214 186 187
f 213 186 214
f 188 216 215
f 214 188 215
f 187 188 214
f 216 188 189
f 216 189 217
f 217 189 190
f 192 191 218
f 192 218 219
f 220 191 193
f 218 191 220
f 221 193 194
f 220 193 221
f 222 194 195
f 221 194 222
f 223 195 196
f 222 195 223
f 224 196 197
f 223 196 224
f 225 197 198
f 224 197 225
f 226 198 199
f 225 198 226
f 227 199 200
f 226 199 227
f 228 200 201
f 227 200 228
f 229 201 202
f 228 201 229
f 230 202 203
f 229 202 230
f 231 203 204
f 230 203 231
f 232 204 205
f 231 204 232
f 233 205 206
f 232 205 233
f 234 206 207
f 233 206 234
f 235 207 208
f 234 207 235
f 236 208 209
f 235 208 236
f 237 209 210
f 236 209 237
f 238 210 211
f 237 210 238
f 239 211 212
f 238 211 239
f 240 212 213
f 239 212 240
f 241 213 214
f 240 213 241
f 214 215 242
f 243 214 242
f 241 214 243
f 244 243 242
f 245 219 218
f 247 246 245
f 218 247 245
f 220 247 218
f 248 220 221
f 247 220 248
f 249 221 222
f 248 221 249
f 250 222 223
f 249 222 250
f 251 223 224
f 250 223 251
f 252 224 225
f 251 224 252
f 253 225 226
f 252 225 253
f 254 226 227
f 253 226 254
f 255 227 228
f 254 227 255
f 256 228 229
f 255 228 256
f 257 229 230
f 256 229 257
f 258 230 231
f 257 230 258
f 259 231 232
f 258 231 259
f 260 232 233
f 259 232 260
f 261 233 234
f 260 233 261
f 262 234 235
f 261 234 262
f 263 235 236
f 262 235 263
f 264 236 237
f 263 236 264
f 238 266 265
f 264 238 265
f 237 238 264
f 266 238 239
f 266 239 267
f 267 239 240
f 267 240 268
f 270 269 268
f 240 270 268
f 241 270 240
f 271 241 243
f 270 241 271
f 243 244 272
f 243 272 271
f 246 247 273
f 246 273 274
f 275 247 248
f 273 247 275
f 276 248 249
f 275 248 276
f 277 249 250
f 276 249 277
f 278 250 251
f 277 250 278
f 279 251 252
f 278 251 279
f 280 252 253
f 279 252 280
f 281 253 254
f 280 253 281
f 282 254 255
f 281 254 282
f 283 255 256
f 282 255 283
f 284 256 257
f 283 256 284
f 285 257 258
f 284 257 285
f 286 258 259
f 285 258 286
f 287 259 260
f 286 259 287
f 288 260 261
f 287 260 288
f 289 261 262
f 288 261 289
f 290 262 263
f 289 262 290
f 291 263 264
f 290 263 291
f 264 265 292
f 264 292 291
f 293 269 270
f 293 270 271
f 293 271 294
f 294 271 272
f 297 296 295
f 295 296 274
f 273 295 274
f 298 295 273
f 299 273 275
f 298 273 299
f 300 275 276
f 299 275 300
f 301 276 277
f 300 276 301
f 302 277 278
f 301 277 302
f 303 278 279
f 302 278 303
f 304 279 280
f 303 279 304
f 305 280 281
f 304 280 305
f 306 281 282
f 305 281 306
f 307 282 283
f 306 282 307
f 308 283 284
f 307 283 308
f 309 284 285
f 308 284 309
f 310 285 286
f 309 285 310
f 311 286 287
f 310 286 311
f 312 287 288
f 311 287 312
f 313 288 289
f 312 288 313
f 314 289 290
f 313 289 314
f 315 290 291
f 314 290 315
f 291 292 316
f 317 291 316
f 315 291 317
f 318 317 316
f 321 320 319
f 319 320 297
f 295 319 297
f 322 319 295
f 323 295 298
f 322 295 323
f 324 298 299
f 323 298 324
f 325 299 300
f 324 299 325
f 326 300 301
f 325 300 326
f 327 301 302
f 326 301 327
f 328 302 303
f 327 302 328
f 329 303 304
f 328 303 329
f 330 304 305
f 329 304 330
f 331 305 306
f 330 305 331
f 332 306 307
f 331 306 332
f 333 307 308
f 332 307 333
f 334 308 309
f 333 308 334
f 335 309 310
f 334 309 335
f 336 310 311
f 335 310 336
f 337 311 312
f 336 311 337
f 338 312 313
f 337 312 338
f 339 313 314
f 338 313 339
f 340 314 315
f 339 314 340
f 341 315 317
f 340 315 341
f 317 318 342
f 343 317 342
f 341 317 343
f 344 343 342
f 321 319 345
f 321 345 346
f 347 319 322
f 345 319 347
f 348 322 323
f 347 322 348
f 349 323 324
f 348 323 349
f 350 324 325
f 349 324 350
f 351 325 326
f 350 325 351
f 352 326 327
f 351 326 352
f 353 327 328
f 352 327 353
f 354 328 329
f 353 328 354
f 355 329 330
f 354 329 355
f 356 330 331
f 355 330 356
f 357 331 332
f 356 331 357
f 358 332 333
f 357 332 358
f 359 333 334
f 358 333 359
f 360 334 335
f 359 334 360
f 361 335 336
f 360 335 361
f 362 336 337
f 361 336 362
f 363 337 338
f 362 337 363
f 364 338 339
f 363 338 364
f 365 339 340
f 364 339 365
f 366 340 341
f 365 340 366
f 367 341 343
f 366 341 367
f 343 344 368
f 369 343 368
f 367 343 369
f 371 370 369
f 371 369 368
f 373 372 370
f 373 370 371
f 374 372 373
f 346 345 375
f 346 375 376
f 377 345 347
f 375 345 377
f 378 347 348
f 377 347 378
f 379 348 349
f 378 348 379
f 380 349 350
f 379 349 380
f 381 350 351
f 380 350 381
f 382 351 352
f 381 351 382
f 383 352 353
f 382 352 383
f 384 353 354
f 383 353 384
f 385 354 355
f 384 354 385
f 386 355 356
f 385 355 386
f 387 356 357
f 386 356 387
f 388 357 358
f 387 357 388
f 389 358 359
f 388 358 389
f 390 359 360
f 389 359 390
f 391 360 361
f 390 360 391
f 392 361 362
f 391 361 392
f 393 362 363
f 392 362 393
f 394 363 364
f 393 363 394
f 395 364 365
f 394 364 395
f 396 365 366
f 395 365 396
f 397 366 367
f 396 366 397
f 398 367 369
f 397 367 398
f 399 369 370
f 398 369 399
f 400 370 372
f 399 370 400
f 372 374 401
f 402 372 401
f 400 372 402
f 403 402 401
f 376 375 404
f 376 404 405
f 406 375 377
f 404 375 406
f 407 377 378
f 406 377 407
f 408 378 379
f 407 378 408
f 409 379 380
f 408 379 409
f 410 380 381
f 409 380 410
f 411 381 382
f 410 381 411
f 412 382 383
f 411 382 412
f 413 383 384
f 412 383 413
f 414 384 385
f 413 384 414
f 415 385 386
f 414 385 415
f 416 386 387
f 415 386 416
f 417 387 388
f 416 387 417
f 418 388 389
f 417 388 418
f 419 389 390
f 418 389 419
f 420 390 391
f 419 390 420
f 421 391 392
f 420 391 421
f 422 392 393
f 421 392 422
f 423 393 394
f 422 393 423
f 424 394 395
f 423 394 424
f 425 395 396
f 424 395 425
f 426 396 397
f 425 396 426
f 427 397 398
f 426 397 427
f 428 398 399
f 427 398 428
f 429 399 400
f 428 399 429
f 430 400 402
f 429 400 430
f 402 403 431
f 402 431 430
f 432 405 404
f 434 433 432
f 404 434 432
f 406 434 404
f 435 406 407
f 434 406 435
f 436 407 408
f 435 407 436
f 437 408 409
f 436 408 437
f 438 409 410
f 437 409 438
f 439 410 411
f 438 410 439
f 440 411 412
f 439 411 440
f 441 412 413
f 440 412 441
f 442 413 414
f 441 413 442
f 443 414 415
f 442 414 443
f 444 415 416
f 443 415 444
f 445 416 417
f 444 416 445
f 446 417 418
f 445 417 446
f 447 418 419
f 446 418 447
f 448 419 420
f 447 419 448
f 449 420 421
f 448 420 449
f 450 421 422
f 449 421 450
f 423 452 451
f 450 423 451
f 422 423 450
f 452 423 424
f 452 424 453
f 453 424 425
f 453 425 454
f 454 425 426
f 454 426 455
f 457 456 455
f 426 457 455
f 427 457 426
f 458 427 428
f 457 427 458
f 459 428 429
f 458 428 459
f 460 429 430
f 459 429 460
f 430 431 461
f 430 461 460
f 462 433 434
f 462 434 435
f 462 435 463
f 465 464 463
f 435 465 463
f 436 465 435
f 466 436 437
f 465 436 466
f 467 437 438
f 466 437 467
f 468 438 439
f 467 438 468
f 469 439 440
f 468 439 469
f 470 440 441
f 469 440 470
f 471 441 442
f 470 441 471
f 472 442 443
f 471 442 472
f 473 443 444
f 472 443 473
f 474 444 445
f 473 444 474
f 475 445 446
f 474 445 475
f 476 446 447
f 475 446 476
f 448 478 477
f 476 448 477
f 447 448 476
f 478 448 449
f 478 449 479
f 479 449 450
f 479 450 480
f 480 450 451
f 481 456 457
f 483 482 481
f 457 483 481
f 458 483 457
f 484 458 459
f 483 458 484
f 485 459 460
f 484 459 485
f 460 461 486
f 460 486 485
f 487 464 465
f 487 465 466
f 487 466 488
f 488 466 467
f 488 467 489
f 489 467 468
f 489 468 490
f 490 468 469
f 490 469 491
f 491 469 470
f 491 470 492
f 492 470 471
f 492 471 493
f 493 471 472
f 493 472 494
f 494 472 473
f 494 473 495
f 495 473 474
f 495 474 496
f 496 474 475
f 496 475 497
f 497 475 476
f 497 476 498
f 498 476 477
f 499 482 483
f 499 483 484
f 499 484 500
f 500 484 485
f 500 485 501
f 501 485 486
f 504 503 502
f 506 505 502
f 506 502 503
f 508 507 505
f 508 505 506
f 510 509 507
f 510 507 508
f 512 511 509
f 512 509 510
f 514 513 511
f 514 511 512
f 516 515 513
f 516 513 514
f 518 517 515
f 518 515 516
f 520 519 517
f 520 517 518
f 522 521 519
f 522 519 520
f 524 523 521
f 524 521 522
f 526 525 523
f 526 523 524
f 528 527 525
f 528 525 526
f 530 529 527
f 530 527 528
f 532 531 529
f 532 529 530
f 534 533 531
f 534 531 532
f 536 535 533
f 536 533 534
f 538 537 535
f 538 535 536
f 540 539 537
f 540 537 538
f 542 541 539
f 542 539 540
f 544 543 541
f 544 541 542
f 546 545 543
f 546 543 544
f 548 547 545
f 548 545 546
f 550 549 547
f 550 547 548
f 552 551 549
f 552 549 550
f 554 553 551
f 554 551 552
f 556 555 553
f 556 553 554
f 558 557 555
f 558 555 556
f 559 557 558
f 504 502 560
f 504 560 561
f 3 560 2
f 560 505 2
f 560 502 505
f 2 505 5
f 5 505 507
f 5 507 7
f 7 507 509
f 7 509 9
f 9 509 511
f 9 511 11
f 11 511 513
f 11 513 13
f 13 513 515
f 13 515 15
f 15 515 517
f 15 517 17
f 17 517 519
f 17 519 19
f 19 519 521
f 19 521 21
f 21 521 523
f 21 523 23
f 23 523 525
f 23 525 25
f 25 525 527
f 25 527 27
f 27 527 529
f 27 529 29
f 29 529 531
f 29 531 31
f 31 531 533
f 31 533 33
f 33 533 535
f 33 535 35
f 35 535 537
f 35 537 37
f 37 537 539
f 37 539 39
f 39 539 541
f 39 541 41
f 41 541 543
f 41 543 43
f 43 543 545
f 43 545 45
f 45 545 547
f 45 547 47
f 47 547 549
f 47 549 49
f 49 549 551
f 49 551 51
f 51 551 553
f 51 553 52
f 553 562 52
f 553 555 562
f 563 555 557
f 562 555 563
f 557 559 564
f 557 564 563
f 561 560 565
f 561 565 566
f 54 565 3
f 3 565 560
f 567 79 562
f 562 79 52
f 568 562 563
f 567 562 568
f 563 564 569
f 563 569 568
f 566 565 570
f 566 570 571
f 80 572 54
f 572 565 54
f 572 570 565
f 81 572 80
f 573 106 567
f 567 106 79
f 574 567 568
f 573 567 574
f 568 569 575
f 568 575 574
f 571 570 576
f 571 576 577
f 578 570 572
f 576 570 578
f 108 578 81
f 81 578 572
f 573 132 106
f 132 573 134
f 573 579 134
f 573 574 579
f 574 575 580
f 574 580 579
f 577 576 581
f 577 581 582
f 137 581 136
f 581 578 136
f 581 576 578
f 136 578 108
f 583 162 163
f 134 579 163
f 579 583 163
f 579 584 583
f 579 580 585
f 579 585 584
f 582 581 586
f 582 586 587
f 165 586 137
f 137 586 581
f 588 190 583
f 583 190 162
f 589 583 584
f 588 583 589
f 584 585 590
f 584 590 589
f 587 586 591
f 587 591 592
f 192 591 165
f 165 591 586
f 593 215 216
f 217 594 216
f 216 594 593
f 190 588 217
f 588 594 217
f 588 595 594
f 596 588 589
f 595 588 596
f 589 590 597
f 589 597 596
f 592 591 598
f 592 598 599
f 219 598 192
f 192 598 591
f 593 242 215
f 242 593 244
f 593 600 244
f 593 594 600
f 601 594 595
f 600 594 601
f 602 595 596
f 601 595 602
f 596 597 603
f 596 603 602
f 599 598 604
f 599 604 605
f 245 606 219
f 606 598 219
f 606 604 598
f 246 606 245
f 607 265 266
f 267 608 266
f 266 608 607
f 268 609 267
f 267 609 608
f 269 609 268
f 610 272 600
f 600 272 244
f 611 600 601
f 610 600 611
f 612 601 602
f 611 601 612
f 602 603 613
f 602 613 612
f 605 604 614
f 605 614 615
f 616 604 606
f 614 604 616
f 274 616 246
f 246 616 606
f 617 292 607
f 607 292 265
f 618 607 608
f 617 607 618
f 619 608 609
f 618 608 619
f 293 620 269
f 620 609 269
f 620 619 609
f 294 621 293
f 293 621 620
f 272 610 294
f 610 621 294
f 610 622 621
f 623 610 611
f 622 610 623
f 624 611 612
f 623 611 624
f 612 613 625
f 612 625 624
f 615 614 626
f 615 626 627
f 297 626 296
f 626 616 296
f 626 614 616
f 296 616 274
f 617 316 292
f 316 617 318
f 617 628 318
f 617 618 628
f 629 618 619
f 628 618 629
f 630 619 620
f 629 619 630
f 631 620 621
f 630 620 631
f 632 621 622
f 631 621 632
f 633 622 623
f 632 622 633
f 634 623 624
f 633 623 634
f 624 625 635
f 624 635 634
f 638 637 636
f 636 637 627
f 636 627 626
f 321 636 626
f 320 321 626
f 320 626 297
f 628 342 318
f 342 628 344
f 628 639 344
f 628 629 639
f 640 629 630
f 639 629 640
f 641 630 631
f 640 630 641
f 642 631 632
f 641 631 642
f 643 632 633
f 642 632 643
f 644 633 634
f 643 633 644
f 634 635 645
f 634 645 644
f 638 636 646
f 638 646 647
f 346 646 321
f 321 646 636
f 639 368 344
f 368 639 371
f 371 639 640
f 371 640 373
f 373 640 641
f 373 641 374
f 641 648 374
f 641 642 648
f 649 642 643
f 648 642 649
f 650 643 644
f 649 643 650
f 644 645 651
f 652 644 651
f 650 644 652
f 653 652 651
f 647 646 654
f 647 654 655
f 376 654 346
f 346 654 646
f 648 401 374
f 401 648 403
f 648 656 403
f 648 649 656
f 657 649 650
f 656 649 657
f 658 650 652
f 657 650 658
f 652 653 659
f 652 659 658
f 655 654 660
f 655 660 661
f 405 660 376
f 376 660 654
f 662 431 656
f 656 431 403
f 663 656 657
f 662 656 663
f 664 657 658
f 663 657 664
f 658 659 665
f 658 665 664
f 661 660 666
f 661 666 667
f 432 668 405
f 668 660 405
f 668 666 660
f 433 668 432
f 669 451 452
f 453 670 452
f 452 670 669
f 454 671 453
f 453 671 670
f 455 672 454
f 454 672 671
f 456 672 455
f 673 461 662
f 662 461 431
f 674 662 663
f 673 662 674
f 675 663 664
f 674 663 675
f 664 665 676
f 664 676 675
f 677 667 666
f 679 678 677
f 666 679 677
f 668 679 666
f 462 680 433
f 680 668 433
f 680 679 668
f 463 681 462
f 462 681 680
f 464 681 463
f 682 477 478
f 479 683 478
f 478 683 682
f 480 684 479
f 479 684 683
f 451 669 480
f 669 684 480
f 669 685 684
f 686 669 670
f 685 669 686
f 687 670 671
f 686 670 687
f 688 671 672
f 687 671 688
f 481 689 456
f 689 672 456
f 689 688 672
f 482 689 481
f 690 486 673
f 673 486 461
f 691 673 674
f 690 673 691
f 692 674 675
f 691 674 692
f 675 676 693
f 675 693 692
f 694 678 679
f 694 679 680
f 694 680 695
f 697 696 695
f 680 697 695
f 681 697 680
f 487 698 464
f 698 681 464
f 698 697 681
f 488 699 487
f 487 699 698
f 489 700 488
f 488 700 699
f 490 701 489
f 489 701 700
f 491 702 490
f 490 702 701
f 492 703 491
f 491 703 702
f 493 704 492
f 492 704 703
f 494 705 493
f 493 705 704
f 495 706 494
f 494 706 705
f 496 707 495
f 495 707 706
f 497 708 496
f 496 708 707
f 498 709 497
f 497 709 708
f 477 682 498
f 682 709 498
f 682 710 709
f 711 682 683
f 710 682 711
f 712 683 684
f 711 683 712
f 713 684 685
f 712 684 713
f 714 685 686
f 713 685 714
f 715 686 687
f 714 686 715
f 716 687 688
f 715 687 716
f 717 688 689
f 716 688 717
f 499 718 482
f 718 689 482
f 718 717 689
f 500 719 499
f 499 719 718
f 501 720 500
f 500 720 719
f 486 690 501
f 690 720 501
f 690 721 720
f 722 690 691
f 721 690 722
f 692 724 723
f 722 692 723
f 691 692 722
f 724 692 693
f 725 696 697
f 725 697 698
f 725 698 726
f 726 698 699
f 726 699 727
f 727 699 700
f 727 700 728
f 728 700 701
f 728 701 729
f 729 701 702
f 729 702 730
f 732 731 730
f 702 732 730
f 703 732 702
f 733 703 704
f 732 703 733
f 734 704 705
f 733 704 734
f 735 705 706
f 734 705 735
f 736 706 707
f 735 706 736
f 737 707 708
f 736 707 737
f 738 708 709
f 737 708 738
f 739 709 710
f 738 709 739
f 740 710 711
f 739 710 740
f 741 711 712
f 740 711 741
f 742 712 713
f 741 712 742
f 743 713 714
f 742 713 743
f 744 714 715
f 743 714 744
f 745 715 716
f 744 715 745
f 746 716 717
f 745 716 746
f 747 717 718
f 746 717 747
f 748 718 719
f 747 718 748
f 749 719 720
f 748 719 749
f 750 720 721
f 749 720 750
f 751 721 722
f 750 721 751
f 722 723 752
f 722 752 751
f 753 731 732
f 753 732 733
f 753 733 754
f 754 733 734
f 754 734 755
f 755 734 735
f 755 735 756
f 756 735 736
f 756 736 757
f 757 736 737
f 757 737 758
f 758 737 738
f 758 738 759
f 759 738 739
f 759 739 760
f 760 739 740
f 760 740 761
f 761 740 741
f 761 741 762
f 762 741 742
f 762 742 763
f 763 742 743
f 763 743 764
f 764 743 744
f 764 744 765
f 765 744 745
f 765 745 766
f 768 767 766
f 745 768 766
f 746 768 745
f 769 746 747
f 768 746 769
f 770 747 748
f 769 747 770
f 771 748 749
f 770 748 771
f 772 749 750
f 771 749 772
f 751 774 773
f 772 751 773
f 750 751 772
f 774 751 752
f 775 767 768
f 775 768 769
f 775 769 776
f 776 769 770
f 776 770 777
f 777 770 771
f 777 771 778
f 778 771 772
f 778 772 779
f 779 772 773
f 781 780 503
f 781 503 504
f 503 782 506
f 780 782 503
f 506 783 508
f 782 783 506
f 508 784 510
f 783 784 508
f 510 785 512
f 784 785 510
f 512 786 514
f 785 786 512
f 514 787 516
f 786 787 514
f 516 788 518
f 787 788 516
f 518 789 520
f 788 789 518
f 520 790 522
f 789 790 520
f 522 791 524
f 790 791 522
f 524 792 526
f 791 792 524
f 526 793 528
f 792 793 526
f 528 794 530
f 793 794 528
f 530 795 532
f 794 795 530
f 532 796 534
f 795 796 532
f 534 797 536
f 796 797 534
f 536 798 538
f 797 798 536
f 538 799 540
f 798 799 538
f 540 800 542
f 799 800 540
f 542 801 544
f 800 801 542
f 544 802 546
f 801 802 544
f 546 803 548
f 802 803 546
f 548 804 550
f 803 804 548
f 550 805 552
f 804 805 550
f 552 806 554
f 805 806 552
f 554 807 556
f 806 807 554
f 556 808 558
f 807 808 556
f 810 809 559
f 558 810 559
f 808 810 558
f 811 809 810
f 561 781 504
f 561 812 781
f 813 564 809
f 809 564 559
f 809 811 814
f 809 814 813
f 566 812 561
f 566 815 812
f 816 569 813
f 813 569 564
f 813 814 817
f 813 817 816
f 571 815 566
f 571 818 815
f 819 575 816
f 816 575 569
f 816 817 820
f 816 820 819
f 577 818 571
f 577 821 818
f 822 580 819
f 819 580 575
f 819 820 823
f 819 823 822
f 582 821 577
f 582 824 821
f 825 585 822
f 822 585 580
f 822 823 826
f 822 826 825
f 587 824 582
f 587 827 824
f 828 590 825
f 825 590 585
f 825 826 829
f 825 829 828
f 832 831 830
f 831 827 830
f 827 592 830
f 827 587 592
f 833 597 828
f 828 597 590
f 828 829 834
f 828 834 833
f 832 830 835
f 832 835 836
f 599 835 592
f 592 835 830
f 837 603 833
f 833 603 597
f 833 834 838
f 833 838 837
f 836 835 839
f 836 839 840
f 605 839 599
f 599 839 835
f 841 613 837
f 837 613 603
f 837 838 842
f 837 842 841
f 840 839 843
f 840 843 844
f 615 843 605
f 605 843 839
f 845 625 841
f 841 625 613
f 841 842 846
f 841 846 845
f 844 843 847
f 844 847 848
f 627 847 615
f 615 847 843
f 849 635 845
f 845 635 625
f 845 846 850
f 845 850 849
f 848 847 637
f 638 848 637
f 851 848 638
f 637 847 627
f 852 645 849
f 849 645 635
f 849 850 853
f 849 853 852
f 647 851 638
f 647 854 851
f 852 651 645
f 653 651 852
f 853 653 852
f 855 653 853
f 655 854 647
f 655 856 854
f 855 659 653
f 857 659 855
f 661 856 655
f 661 858 856
f 857 665 659
f 859 665 857
f 667 858 661
f 667 860 858
f 859 676 665
f 861 676 859
f 862 860 667
f 862 667 677
f 677 678 862
f 862 678 863
f 861 693 676
f 864 693 861
f 865 863 678
f 865 678 694
f 867 865 866
f 865 695 866
f 865 694 695
f 696 866 695
f 868 723 724
f 869 868 724
f 693 869 724
f 864 869 693
f 870 867 866
f 870 866 696
f 725 870 696
f 871 870 725
f 872 725 726
f 872 871 725
f 873 726 727
f 873 872 726
f 874 727 728
f 874 873 727
f 876 874 875
f 874 729 875
f 874 728 729
f 730 877 729
f 729 877 875
f 731 877 730
f 879 878 868
f 878 723 868
f 878 752 723
f 879 868 869
f 880 876 875
f 880 875 877
f 880 877 881
f 881 877 731
f 753 881 731
f 882 881 753
f 883 753 754
f 883 882 753
f 884 754 755
f 884 883 754
f 885 755 756
f 885 884 755
f 886 756 757
f 886 885 756
f 887 757 758
f 887 886 757
f 888 758 759
f 888 887 758
f 889 759 760
f 889 888 759
f 890 760 761
f 890 889 760
f 891 761 762
f 891 890 761
f 892 762 763
f 892 891 762
f 894 892 893
f 892 764 893
f 892 763 764
f 765 895 764
f 764 895 893
f 766 896 765
f 765 896 895
f 767 896 766
f 897 773 774
f 898 897 774
f 752 898 774
f 878 898 752
f 899 894 893
f 899 893 895
f 899 895 900
f 900 895 896
f 900 896 901
f 901 896 767
f 775 901 767
f 902 901 775
f 903 775 776
f 903 902 775
f 904 776 777
f 904 903 776
f 905 777 778
f 905 904 777
f 906 778 779
f 906 905 778
f 779 773 897
f 907 779 897
f 906 779 907
f 907 897 898
f 909 908 780
f 909 780 781
f 780 910 782
f 908 910 780
f 782 911 783
f 910 911 782
f 783 912 784
f 911 912 783
f 784 913 785
f 912 913 784
f 785 914 786
f 913 914 785
f 786 915 787
f 914 915 786
f 787 916 788
f 915 916 787
f 788 917 789
f 916 917 788
f 789 918 790
f 917 918 789
f 790 919 791
f 918 919 790
f 791 920 792
f 919 920 791
f 792 921 793
f 920 921 792
f 793 922 794
f 921 922 793
f 794 923 795
f 922 923 794
f 795 924 796
f 923 924 795
f 796 925 797
f 924 925 796
f 797 926 798
f 925 926 797
f 798 927 799
f 926 927 798
f 799 928 800
f 927 928 799
f 800 929 801
f 928 929 800
f 801 930 802
f 929 930 801
f 802 931 803
f 930 931 802
f 803 932 804
f 931 932 803
f 804 933 805
f 932 933 804
f 805 934 806
f 933 934 805
f 806 935 807
f 934 935 806
f 807 936 808
f 935 936 807
f 808 937 810
f 936 937 808
f 811 810 937
f 811 937 938
f 812 909 781
f 812 939 909
f 938 814 811
f 940 814 938
f 815 939 812
f 815 941 939
f 940 817 814
f 942 817 940
f 818 941 815
f 818 943 941
f 942 820 817
f 944 820 942
f 821 943 818
f 821 945 943
f 944 823 820
f 946 823 944
f 824 945 821
f 824 947 945
f 946 826 823
f 948 826 946
f 827 947 824
f 827 949 947
f 948 829 826
f 950 829 948
f 952 951 831
f 952 831 832
f 827 831 949
f 949 831 951
f 950 834 829
f 953 834 950
f 836 952 832
f 836 954 952
f 953 838 834
f 955 838 953
f 840 954 836
f 840 956 954
f 955 842 838
f 957 842 955
f 844 956 840
f 844 958 956
f 957 846 842
f 959 846 957
f 848 958 844
f 848 960 958
f 959 850 846
f 961 850 959
f 851 960 848
f 851 962 960
f 961 853 850
f 963 853 961
f 854 962 851
f 854 964 962
f 963 855 853
f 965 855 963
f 856 964 854
f 856 966 964
f 965 857 855
f 967 857 965
f 858 966 856
f 858 968 966
f 967 859 857
f 969 859 967
f 860 968 858
f 860 970 968
f 969 861 859
f 971 861 969
f 860 862 972
f 973 860 972
f 970 860 973
f 863 972 862
f 971 864 861
f 974 864 971
f 975 973 972
f 975 972 863
f 865 975 863
f 976 975 865
f 865 867 976
f 976 867 977
f 974 869 864
f 978 869 974
f 979 977 867
f 979 867 870
f 980 870 871
f 980 979 870
f 981 871 872
f 981 980 871
f 982 872 873
f 982 981 872
f 984 982 983
f 982 874 983
f 982 873 874
f 876 983 874
f 985 878 879
f 986 985 879
f 869 986 879
f 978 986 869
f 987 984 983
f 987 983 876
f 880 987 876
f 988 987 880
f 989 880 881
f 989 988 880
f 990 881 882
f 990 989 881
f 991 882 883
f 991 990 882
f 992 883 884
f 992 991 883
f 993 884 885
f 993 992 884
f 994 885 886
f 994 993 885
f 995 886 887
f 995 994 886
f 996 887 888
f 996 995 887
f 997 888 889
f 997 996 888
f 998 889 890
f 998 997 889
f 999 890 891
f 999 998 890
f 1000 891 892
f 1000 999 891
f 892 894 1000
f 1000 894 1001
f 1003 1002 985
f 1002 878 985
f 1002 898 878
f 1003 985 986
f 1004 1001 894
f 1004 894 899
f 1005 899 900
f 1005 1004 899
f 1007 1005 1006
f 1005 901 1006
f 1005 900 901
f 902 1008 901
f 901 1008 1006
f 903 1009 902
f 902 1009 1008
f 904 1010 903
f 903 1010 1009
f 905 1011 904
f 904 1011 1010
f 1011 905 1012
f 905 1013 1012
f 905 906 1013
f 1014 906 907
f 1014 1013 906
f 907 898 1002
f 907 1002 1014
f 1015 1007 1006
f 1015 1006 1008
f 1015 1008 1016
f 1016 1008 1009
f 1016 1009 1017
f 1017 1009 1010
f 1017 1010 1018
f 1018 1010 1011
f 1018 1011 1019
f 1019 1011 1012
f 1021 1020 908
f 1021 908 909
f 908 1022 910
f 1020 1022 908
f 910 1023 911
f 1022 1023 910
f 911 1024 912
f 1023 1024 911
f 912 1025 913
f 1024 1025 912
f 913 1026 914
f 1025 1026 913
f 914 1027 915
f 1026 1027 914
f 915 1028 916
f 1027 1028 915
f 916 1029 917
f 1028 1029 916
f 917 1030 918
f 1029 1030 917
f 918 1031 919
f 1030 1031 918
f 919 1032 920
f 1031 1032 919
f 920 1033 921
f 1032 1033 920
f 921 1034 922
f 1033 1034 921
f 922 1035 923
f 1034 1035 922
f 923 1036 924
f 1035 1036 923
f 924 1037 925
f 1036 1037 924
f 925 1038 926
f 1037 1038 925
f 926 1039 927
f 1038 1039 926
f 927 1040 928
f 1039 1040 927
f 928 1041 929
f 1040 1041 928
f 929 1042 930
f 1041 1042 929
f 930 1043 931
f 1042 1043 930
f 931 1044 932
f 1043 1044 931
f 932 1045 933
f 1044 1045 932
f 933 1046 934
f 1045 1046 933
f 934 1047 935
f 1046 1047 934
f 935 1048 936
f 1047 1048 935
f 936 1049 937
f 1048 1049 936
f 938 937 1049
f 938 1049 1050
f 939 1021 909
f 939 1051 1021
f 1050 940 938
f 1052 940 1050
f 941 1051 939
f 941 1053 1051
f 1052 942 940
f 1054 942 1052
f 943 1053 941
f 943 1055 1053
f 1054 944 942
f 1056 944 1054
f 945 1055 943
f 945 1057 1055
f 1056 946 944
f 1058 946 1056
f 947 1057 945
f 947 1059 1057
f 1058 948 946
f 1060 948 1058
f 949 1059 947
f 949 1061 1059
f 1060 950 948
f 1062 950 1060
f 1064 1063 951
f 1064 951 952
f 949 951 1061
f 1061 951 1063
f 1062 953 950
f 1065 953 1062
f 954 1064 952
f 954 1066 1064
f 1065 955 953
f 1067 955 1065
f 956 1066 954
f 956 1068 1066
f 1067 957 955
f 1069 957 1067
f 958 1068 956
f 958 1070 1068
f 1069 959 957
f 1071 959 1069
f 960 1073 1072
f 1070 960 1072
f 958 960 1070
f 1073 1074 1072
f 1071 961 959
f 1075 961 1071
f 1077 1076 1073
f 960 1077 1073
f 962 1077 960
f 1073 1076 1074
f 1075 963 961
f 1078 963 1075
f 964 1077 962
f 964 1079 1077
f 1078 965 963
f 1080 965 1078
f 966 1079 964
f 966 1081 1079
f 1080 967 965
f 1082 967 1080
f 968 1081 966
f 968 1083 1081
f 1082 969 967
f 1084 969 1082
f 970 1083 968
f 970 1085 1083
f 1084 971 969
f 1086 971 1084
f 973 1088 1087
f 1085 973 1087
f 970 973 1085
f 1088 1089 1087
f 1086 974 971
f 1090 974 1086
f 975 1088 973
f 1091 1089 1088
f 975 1091 1088
f 976 1091 975
f 976 977 1091
f 1091 977 1092
f 1090 978 974
f 1093 978 1090
f 1094 1092 977
f 1094 977 979
f 1095 979 980
f 1095 1094 979
f 1096 980 981
f 1096 1095 980
f 1097 981 982
f 1097 1096 981
f 1099 1098 984
f 1098 982 984
f 1098 1097 982
f 1101 1100 1099
f 1099 1100 1098
f 1103 1102 1101
f 1101 1102 1100
f 1103 1104 1102
f 1093 986 978
f 1105 986 1093
f 987 1099 984
f 1099 987 988
f 1099 988 1101
f 1101 988 989
f 1101 989 1103
f 1106 1104 1103
f 989 1106 1103
f 990 1106 989
f 1107 990 991
f 1107 1106 990
f 1108 991 992
f 1108 1107 991
f 1109 992 993
f 1109 1108 992
f 1110 993 994
f 1110 1109 993
f 1111 994 995
f 1111 1110 994
f 1112 995 996
f 1112 1111 995
f 1113 996 997
f 1113 1112 996
f 1114 997 998
f 1114 1113 997
f 1115 998 999
f 1115 1114 998
f 1116 999 1000
f 1116 1115 999
f 1000 1001 1116
f 1116 1001 1117
f 1119 1118 1003
f 1003 1118 1002
f 1003 986 1105
f 1003 1105 1119
f 1120 1117 1001
f 1120 1001 1004
f 1122 1120 1121
f 1120 1005 1121
f 1120 1004 1005
f 1007 1121 1005
f 1124 1123 1013
f 1013 1123 1012
f 1125 1013 1014
f 1125 1124 1013
f 1014 1002 1118
f 1014 1118 1125
f 1126 1122 1121
f 1126 1121 1007
f 1015 1126 1007
f 1127 1126 1015
f 1128 1015 1016
f 1128 1127 1015
f 1129 1016 1017
f 1129 1128 1016
f 1130 1017 1018
f 1130 1129 1017
f 1131 1018 1019
f 1131 1130 1018
f 1019 1012 1123
f 1019 1123 1131
f 1133 1132 1020
f 1133 1020 1021
f 1020 1134 1022
f 1132 1134 1020
f 1022 1135 1023
f 1134 1135 1022
f 1023 1136 1024
f 1135 1136 1023
f 1024 1137 1025
f 1136 1137 1024
f 1025 1138 1026
f 1137 1138 1025
f 1026 1139 1027
f 1138 1139 1026
f 1027 1140 1028
f 1139 1140 1027
f 1028 1141 1029
f 1140 1141 1028
f 1029 1142 1030
f 1141 1142 1029
f 1030 1143 1031
f 1142 1143 1030
f 1031 1144 1032
f 1143 1144 1031
f 1032 1145 1033
f 1144 1145 1032
f 1033 1146 1034
f 1145 1146 1033
f 1034 1147 1035
f 1146 1147 1034
f 1035 1148 1036
f 1147 1148 1035
f 1036 1149 1037
f 1148 1149 1036
f 1037 1150 1038
f 1149 1150 1037
f 1038 1151 1039
f 1150 1151 1038
f 1039 1152 1040
f 1151 1152 1039
f 1040 1153 1041
f 1152 1153 1040
f 1041 1154 1042
f 1153 1154 1041
f 1042 1155 1043
f 1154 1155 1042
f 1043 1156 1044
f 1155 1156 1043
f 1044 1157 1045
f 1156 1157 1044
f 1045 1158 1046
f 1157 1158 1045
f 1046 1159 1047
f 1158 1159 1046
f 1047 1160 1048
f 1159 1160 1047
f 1048 1161 1049
f 1160 1161 1048
f 1050 1049 1161
f 1050 1161 1162
f 1051 1133 1021
f 1051 1163 1133
f 1162 1052 1050
f 1164 1052 1162
f 1053 1163 1051
f 1053 1165 1163
f 1164 1054 1052
f 1166 1054 1164
f 1055 1165 1053
f 1055 1167 1165
f 1166 1056 1054
f 1168 1056 1166
f 1057 1167 1055
f 1057 1169 1167
f 1168 1058 1056
f 1170 1058 1168
f 1059 1169 1057
f 1059 1171 1169
f 1170 1060 1058
f 1172 1060 1170
f 1061 1171 1059
f 1061 1173 1171
f 1172 1062 1060
f 1174 1062 1172
f 1176 1175 1063
f 1176 1063 1064
f 1061 1063 1173
f 1173 1063 1175
f 1174 1065 1062
f 1177 1065 1174
f 1066 1176 1064
f 1066 1178 1176
f 1177 1067 1065
f 1179 1067 1177
f 1068 1178 1066
f 1068 1180 1178
f 1179 1069 1067
f 1181 1069 1179
f 1070 1180 1068
f 1070 1182 1180
f 1181 1071 1069
f 1183 1071 1181
f 1184 1182 1070
f 1184 1070 1072
f 1072 1074 1184
f 1184 1074 1185
f 1183 1075 1071
f 1186 1075 1183
f 1188 1187 1076
f 1188 1076 1077
f 1074 1076 1185
f 1185 1076 1187
f 1186 1078 1075
f 1189 1078 1186
f 1079 1188 1077
f 1079 1190 1188
f 1189 1080 1078
f 1191 1080 1189
f 1081 1190 1079
f 1081 1192 1190
f 1191 1082 1080
f 1193 1082 1191
f 1083 1192 1081
f 1083 1194 1192
f 1193 1084 1082
f 1195 1084 1193
f 1085 1197 1196
f 1194 1085 1196
f 1083 1085 1194
f 1197 1198 1196
f 1195 1086 1084
f 1199 1086 1195
f 1087 1197 1085
f 1201 1200 1089
f 1089 1200 1087
f 1200 1198 1087
f 1198 1197 1087
f 1201 1202 1200
f 1199 1090 1086
f 1203 1090 1199
f 1091 1201 1089
f 1205 1204 1092
f 1092 1204 1091
f 1204 1202 1091
f 1202 1201 1091
f 1207 1206 1205
f 1205 1206 1204
f 1209 1208 1207
f 1207 1208 1206
f 1211 1210 1209
f 1209 1210 1208
f 1213 1212 1211
f 1211 1212 1210
f 1215 1214 1213
f 1213 1214 1212
f 1215 1216 1214
f 1219 1218 1217
f 1221 1220 1217
f 1217 1220 1219
f 1223 1222 1221
f 1221 1222 1220
f 1223 1224 1222
f 1203 1093 1090
f 1225 1093 1203
f 1094 1205 1092
f 1205 1094 1095
f 1205 1095 1207
f 1207 1095 1096
f 1207 1096 1209
f 1209 1096 1097
f 1209 1097 1211
f 1211 1097 1098
f 1211 1098 1213
f 1213 1098 1100
f 1213 1100 1215
f 1226 1216 1215
f 1100 1226 1215
f 1102 1226 1100
f 1228 1227 1104
f 1227 1102 1104
f 1227 1226 1102
f 1230 1229 1228
f 1228 1229 1227
f 1232 1231 1230
f 1230 1231 1229
f 1234 1233 1232
f 1232 1233 1231
f 1236 1235 1234
f 1234 1235 1233
f 1235 1236 1218
f 1236 1217 1218
f 1236 1237 1217
f 1217 1238 1221
f 1217 1237 1238
f 1221 1239 1223
f 1221 1238 1239
f 1224 1223 1240
f 1223 1241 1240
f 1223 1239 1241
f 1243 1242 1241
f 1241 1242 1240
f 1245 1244 1243
f 1243 1244 1242
f 1245 1246 1244
f 1225 1105 1093
f 1247 1105 1225
f 1106 1228 1104
f 1228 1106 1107
f 1228 1107 1230
f 1230 1107 1108
f 1230 1108 1232
f 1232 1108 1109
f 1232 1109 1234
f 1234 1109 1110
f 1234 1110 1236
f 1236 1110 1111
f 1236 1111 1237
f 1237 1111 1112
f 1237 1112 1238
f 1238 1112 1113
f 1238 1113 1239
f 1239 1113 1114
f 1239 1114 1241
f 1241 1114 1115
f 1241 1115 1243
f 1243 1115 1116
f 1243 1116 1245
f 1116 1117 1245
f 1117 1246 1245
f 1117 1248 1246
f 1250 1249 1119
f 1119 1249 1118
f 1119 1105 1247
f 1119 1247 1250
f 1251 1248 1117
f 1251 1117 1120
f 1120 1122 1251
f 1251 1122 1252
f 1253 1123 1124
f 1253 1124 1254
f 1124 1255 1254
f 1124 1125 1255
f 1125 1118 1249
f 1125 1249 1255
f 1256 1252 1122
f 1256 1122 1126
f 1257 1126 1127
f 1257 1256 1126
f 1258 1127 1128
f 1258 1257 1127
f 1259 1128 1129
f 1259 1258 1128
f 1260 1129 1130
f 1260 1259 1129
f 1261 1130 1131
f 1261 1260 1130
f 1131 1123 1253
f 1262 1131 1253
f 1261 1131 1262
f 1262 1253 1254
f 1264 1263 1132
f 1264 1132 1133
f 1132 1265 1134
f 1263 1265 1132
f 1134 1266 1135
f 1265 1266 1134
f 1135 1267 1136
f 1266 1267 1135
f 1136 1268 1137
f 1267 1268 1136
f 1137 1269 1138
f 1268 1269 1137
f 1138 1270 1139
f 1269 1270 1138
f 1139 1271 1140
f 1270 1271 1139
f 1140 1272 1141
f 1271 1272 1140
f 1141 1273 1142
f 1272 1273 1141
f 1142 1274 1143
f 1273 1274 1142
f 1143 1275 1144
f 1274 1275 1143
f 1144 1276 1145
f 1275 1276 1144
f 1145 1277 1146
f 1276 1277 1145
f 1146 1278 1147
f 1277 1278 1146
f 1147 1279 1148
f 1278 1279 1147
f 1148 1280 1149
f 1279 1280 1148
f 1149 1281 1150
f 1280 1281 1149
f 1150 1282 1151
f 1281 1282 1150
f 1151 1283 1152
f 1282 1283 1151
f 1152 1284 1153
f 1283 1284 1152
f 1153 1285 1154
f 1284 1285 1153
f 1154 1286 1155
f 1285 1286 1154
f 1155 1287 1156
f 1286 1287 1155
f 1156 1288 1157
f 1287 1288 1156
f 1157 1289 1158
f 1288 1289 1157
f 1158 1290 1159
f 1289 1290 1158
f 1159 1291 1160
f 1290 1291 1159
f 1160 1292 1161
f 1291 1292 1160
f 1162 1161 1292
f 1162 1292 1293
f 1163 1264 1133
f 1163 1294 1264
f 1293 1164 1162
f 1295 1164 1293
f 1165 1294 1163
f 1165 1296 1294
f 1295 1166 1164
f 1297 1166 1295
f 1167 1296 1165
f 1167 1298 1296
f 1297 1168 1166
f 1299 1168 1297
f 1169 1298 1167
f 1169 1300 1298
f 1299 1170 1168
f 1301 1170 1299
f 1171 1300 1169
f 1171 1302 1300
f 1301 1172 1170
f 1303 1172 1301
f 1173 1302 1171
f 1173 1304 1302
f 1303 1174 1172
f 1305 1174 1303
f 1307 1306 1175
f 1307 1175 1176
f 1173 1175 1304
f 1304 1175 1306
f 1305 1177 1174
f 1308 1177 1305
f 1178 1307 1176
f 1178 1309 1307
f 1308 1179 1177
f 1310 1179 1308
f 1180 1309 1178
f 1180 1311 1309
f 1310 1181 1179
f 1312 1181 1310
f 1182 1311 1180
f 1182 1313 1311
f 1312 1183 1181
f 1314 1183 1312
f 1315 1313 1182
f 1315 1182 1184
f 1317 1316 1185
f 1316 1184 1185
f 1316 1315 1184
f 1319 1318 1317
f 1317 1318 1316
f 1319 1320 1318
f 1323 1322 1321
f 1325 1324 1321
f 1321 1324 1323
f 1327 1326 1325
f 1325 1326 1324
f 1329 1328 1327
f 1327 1328 1326
f 1331 1330 1329
f 1329 1330 1328
f 1333 1332 1331
f 1331 1332 1330
f 1335 1334 1333
f 1333 1334 1332
f 1335 1336 1334
f 1314 1186 1183
f 1337 1186 1314
f 1188 1338 1187
f 1317 1185 1187
f 1338 1317 1187
f 1339 1317 1338
f 1341 1319 1340
f 1319 1339 1340
f 1319 1317 1339
f 1319 1341 1320
f 1344 1343 1342
f 1346 1345 1342
f 1342 1345 1344
f 1345 1346 1322
f 1346 1321 1322
f 1346 1347 1321
f 1321 1348 1325
f 1321 1347 1348
f 1325 1349 1327
f 1325 1348 1349
f 1327 1350 1329
f 1327 1349 1350
f 1329 1351 1331
f 1329 1350 1351
f 1331 1352 1333
f 1331 1351 1352
f 1333 1353 1335
f 1333 1352 1353
f 1336 1335 1354
f 1335 1355 1354
f 1335 1353 1355
f 1355 1356 1354
f 1337 1189 1186
f 1357 1189 1337
f 1190 1358 1338
f 1190 1338 1188
f 1338 1359 1339
f 1338 1358 1359
f 1340 1339 1360
f 1360 1339 1359
f 1343 1361 1342
f 1342 1361 1346
f 1346 1361 1362
f 1364 1363 1362
f 1363 1346 1362
f 1363 1347 1346
f 1347 1365 1348
f 1347 1363 1365
f 1348 1366 1349
f 1348 1365 1366
f 1349 1367 1350
f 1349 1366 1367
f 1350 1368 1351
f 1350 1367 1368
f 1351 1369 1352
f 1351 1368 1369
f 1352 1370 1353
f 1352 1369 1370
f 1353 1371 1355
f 1353 1370 1371
f 1356 1355 1372
f 1372 1355 1371
f 1357 1191 1189
f 1373 1191 1357
f 1192 1374 1358
f 1192 1358 1190
f 1358 1375 1359
f 1358 1374 1375
f 1360 1359 1376
f 1376 1359 1375
f 1364 1377 1363
f 1379 1378 1377
f 1378 1363 1377
f 1378 1365 1363
f 1365 1380 1366
f 1365 1378 1380
f 1366 1381 1367
f 1366 1380 1381
f 1367 1382 1368
f 1367 1381 1382
f 1368 1383 1369
f 1368 1382 1383
f 1369 1384 1370
f 1369 1383 1384
f 1370 1385 1371
f 1370 1384 1385
f 1372 1371 1386
f 1371 1387 1386
f 1371 1385 1387
f 1387 1388 1386
f 1373 1193 1191
f 1389 1193 1373
f 1194 1390 1374
f 1194 1374 1192
f 1374 1391 1375
f 1374 1390 1391
f 1376 1375 1392
f 1375 1393 1392
f 1375 1391 1393
f 1395 1394 1393
f 1393 1394 1392
f 1397 1396 1395
f 1395 1396 1394
f 1399 1398 1397
f 1397 1398 1396
f 1401 1400 1399
f 1399 1400 1398
f 1401 1402 1400
f 1405 1404 1403
f 1405 1403 1379
f 1403 1378 1379
f 1403 1406 1378
f 1378 1407 1380
f 1378 1406 1407
f 1380 1408 1381
f 1380 1407 1408
f 1381 1409 1382
f 1381 1408 1409
f 1382 1410 1383
f 1382 1409 1410
f 1383 1411 1384
f 1383 1410 1411
f 1384 1412 1385
f 1384 1411 1412
f 1385 1413 1387
f 1385 1412 1413
f 1388 1387 1414
f 1414 1387 1413
f 1389 1195 1193
f 1415 1195 1389
f 1196 1390 1194
f 1390 1196 1198
f 1416 1390 1198
f 1391 1390 1416
f 1391 1417 1393
f 1391 1416 1417
f 1393 1418 1395
f 1393 1417 1418
f 1395 1419 1397
f 1395 1418 1419
f 1397 1420 1399
f 1397 1419 1420
f 1399 1421 1401
f 1399 1420 1421
f 1402 1401 1422
f 1401 1423 1422
f 1401 1421 1423
f 1425 1424 1423
f 1423 1424 1422
f 1424 1425 1404
f 1425 1403 1404
f 1425 1426 1403
f 1403 1427 1406
f 1403 1426 1427
f 1406 1428 1407
f 1406 1427 1428
f 1407 1429 1408
f 1407 1428 1429
f 1408 1430 1409
f 1408 1429 1430
f 1409 1431 1410
f 1409 1430 1431
f 1410 1432 1411
f 1410 1431 1432
f 1411 1433 1412
f 1411 1432 1433
f 1412 1434 1413
f 1412 1433 1434
f 1414 1413 1435
f 1435 1413 1434
f 1415 1199 1195
f 1436 1199 1415
f 1200 1416 1198
f 1416 1200 1202
f 1437 1416 1202
f 1417 1416 1437
f 1417 1438 1418
f 1417 1437 1438
f 1418 1439 1419
f 1418 1438 1439
f 1419 1440 1420
f 1419 1439 1440
f 1420 1441 1421
f 1420 1440 1441
f 1421 1442 1423
f 1421 1441 1442
f 1423 1443 1425
f 1423 1442 1443
f 1425 1444 1426
f 1425 1443 1444
f 1426 1445 1427
f 1426 1444 1445
f 1427 1446 1428
f 1427 1445 1446
f 1428 1447 1429
f 1428 1446 1447
f 1429 1448 1430
f 1429 1447 1448
f 1430 1449 1431
f 1430 1448 1449
f 1431 1450 1432
f 1431 1449 1450
f 1432 1451 1433
f 1432 1450 1451
f 1433 1452 1434
f 1433 1451 1452
f 1435 1434 1453
f 1434 1454 1453
f 1434 1452 1454
f 1454 1455 1453
f 1436 1203 1199
f 1456 1203 1436
f 1204 1437 1202
f 1437 1204 1206
f 1437 1206 1438
f 1438 1206 1208
f 1438 1208 1439
f 1439 1208 1210
f 1439 1210 1440
f 1440 1210 1212
f 1440 1212 1441
f 1441 1212 1214
f 1441 1214 1442
f 1442 1214 1216
f 1457 1442 1216
f 1443 1442 1457
f 1443 1458 1444
f 1443 1457 1458
f 1444 1459 1445
f 1444 1458 1459
f 1445 1460 1446
f 1445 1459 1460
f 1446 1461 1447
f 1446 1460 1461
f 1447 1462 1448
f 1447 1461 1462
f 1462 1218 1219
f 1449 1462 1219
f 1448 1462 1449
f 1449 1219 1220
f 1449 1220 1450
f 1450 1220 1222
f 1450 1222 1451
f 1451 1222 1224
f 1463 1451 1224
f 1452 1451 1463
f 1452 1464 1454
f 1452 1463 1464
f 1455 1454 1465
f 1465 1454 1464
f 1456 1225 1203
f 1466 1225 1456
f 1226 1457 1216
f 1457 1226 1227
f 1457 1227 1458
f 1458 1227 1229
f 1458 1229 1459
f 1459 1229 1231
f 1459 1231 1460
f 1460 1231 1233
f 1460 1233 1461
f 1461 1233 1235
f 1461 1235 1462
f 1462 1235 1218
f 1240 1463 1224
f 1463 1240 1242
f 1463 1242 1464
f 1467 1465 1464
f 1242 1467 1464
f 1244 1467 1242
f 1244 1246 1467
f 1467 1246 1468
f 1466 1247 1225
f 1469 1247 1466
f 1248 1471 1470
f 1468 1248 1470
f 1246 1248 1468
f 1471 1472 1470
f 1474 1473 1250
f 1250 1473 1249
f 1250 1247 1469
f 1250 1469 1474
f 1251 1471 1248
f 1251 1252 1471
f 1252 1472 1471
f 1252 1475 1472
f 1477 1476 1255
f 1255 1476 1254
f 1255 1249 1473
f 1255 1473 1477
f 1478 1475 1252
f 1478 1252 1256
f 1479 1256 1257
f 1479 1478 1256
f 1480 1257 1258
f 1480 1479 1257
f 1481 1258 1259
f 1481 1480 1258
f 1482 1259 1260
f 1482 1481 1259
f 1483 1260 1261
f 1483 1482 1260
f 1484 1261 1262
f 1484 1483 1261
f 1262 1254 1476
f 1262 1476 1484
f 1486 1485 1263
f 1486 1263 1264
f 1263 1487 1265
f 1485 1487 1263
f 1265 1488 1266
f 1487 1488 1265
f 1266 1489 1267
f 1488 1489 1266
f 1267 1490 1268
f 1489 1490 1267
f 1268 1491 1269
f 1490 1491 1268
f 1269 1492 1270
f 1491 1492 1269
f 1270 1493 1271
f 1492 1493 1270
f 1271 1494 1272
f 1493 1494 1271
f 1272 1495 1273
f 1494 1495 1272
f 1273 1496 1274
f 1495 1496 1273
f 1274 1497 1275
f 1496 1497 1274
f 1275 1498 1276
f 1497 1498 1275
f 1276 1499 1277
f 1498 1499 1276
f 1277 1500 1278
f 1499 1500 1277
f 1278 1501 1279
f 1500 1501 1278
f 1279 1502 1280
f 1501 1502 1279
f 1280 1503 1281
f 1502 1503 1280
f 1281 1504 1282
f 1503 1504 1281
f 1282 1505 1283
f 1504 1505 1282
f 1283 1506 1284
f 1505 1506 1283
f 1284 1507 1285
f 1506 1507 1284
f 1285 1508 1286
f 1507 1508 1285
f 1286 1509 1287
f 1508 1509 1286
f 1287 1510 1288
f 1509 1510 1287
f 1288 1511 1289
f 1510 1511 1288
f 1289 1512 1290
f 1511 1512 1289
f 1290 1513 1291
f 1512 1513 1290
f 1291 1514 1292
f 1513 1514 1291
f 1293 1292 1514
f 1293 1514 1515
f 1294 1486 1264
f 1294 1516 1486
f 1515 1295 1293
f 1517 1295 1515
f 1296 1516 1294
f 1296 1518 1516
f 1517 1297 1295
f 1519 1297 1517
f 1298 1518 1296
f 1298 1520 1518
f 1519 1299 1297
f 1521 1299 1519
f 1300 1520 1298
f 1300 1522 1520
f 1521 1301 1299
f 1523 1301 1521
f 1302 1522 1300
f 1302 1524 1522
f 1523 1303 1301
f 1525 1303 1523
f 1304 1524 1302
f 1304 1526 1524
f 1525 1305 1303
f 1527 1305 1525
f 1529 1528 1306
f 1529 1306 1307
f 1304 1306 1526
f 1526 1306 1528
f 1527 1308 1305
f 1530 1308 1527
f 1309 1529 1307
f 1309 1531 1529
f 1530 1310 1308
f 1532 1310 1530
f 1311 1531 1309
f 1311 1533 1531
f 1532 1312 1310
f 1534 1312 1532
f 1313 1533 1311
f 1313 1535 1533
f 1534 1314 1312
f 1536 1314 1534
f 1537 1535 1313
f 1537 1313 1315
f 1538 1315 1316
f 1538 1537 1315
f 1539 1316 1318
f 1539 1538 1316
f 1541 1540 1320
f 1540 1318 1320
f 1540 1539 1318
f 1543 1542 1541
f 1541 1542 1540
f 1545 1544 1543
f 1543 1544 1542
f 1547 1546 1545
f 1545 1546 1544
f 1549 1548 1547
f 1547 1548 1546
f 1551 1550 1549
f 1549 1550 1548
f 1322 1323 1551
f 1323 1550 1551
f 1323 1552 1550
f 1553 1323 1324
f 1553 1552 1323
f 1554 1324 1326
f 1554 1553 1324
f 1555 1326 1328
f 1555 1554 1326
f 1556 1328 1330
f 1556 1555 1328
f 1557 1330 1332
f 1557 1556 1330
f 1558 1332 1334
f 1558 1557 1332
f 1560 1559 1336
f 1559 1334 1336
f 1559 1558 1334
f 1562 1561 1560
f 1560 1561 1559
f 1564 1563 1562
f 1562 1563 1561
f 1564 1565 1563
f 1536 1337 1314
f 1566 1337 1536
f 1340 1567 1341
f 1541 1320 1341
f 1567 1541 1341
f 1568 1541 1567
f 1541 1569 1543
f 1541 1568 1569
f 1543 1570 1545
f 1543 1569 1570
f 1545 1571 1547
f 1545 1570 1571
f 1571 1343 1344
f 1549 1571 1344
f 1547 1571 1549
f 1549 1344 1345
f 1549 1345 1551
f 1551 1345 1322
f 1354 1560 1336
f 1560 1354 1356
f 1572 1560 1356
f 1562 1560 1572
f 1562 1573 1564
f 1562 1572 1573
f 1565 1564 1574
f 1574 1564 1573
f 1566 1357 1337
f 1575 1357 1566
f 1360 1576 1567
f 1360 1567 1340
f 1567 1577 1568
f 1567 1576 1577
f 1568 1578 1569
f 1568 1577 1578
f 1569 1579 1570
f 1569 1578 1579
f 1570 1580 1571
f 1570 1579 1580
f 1581 1361 1343
f 1571 1581 1343
f 1580 1581 1571
f 1582 1362 1361
f 1582 1361 1581
f 1582 1364 1362
f 1372 1583 1572
f 1372 1572 1356
f 1572 1584 1573
f 1572 1583 1584
f 1574 1573 1585
f 1585 1573 1584
f 1575 1373 1357
f 1586 1373 1575
f 1376 1587 1576
f 1376 1576 1360
f 1576 1588 1577
f 1576 1587 1588
f 1577 1589 1578
f 1577 1588 1589
f 1578 1590 1579
f 1578 1589 1590
f 1579 1591 1580
f 1579 1590 1591
f 1580 1592 1581
f 1580 1591 1592
f 1581 1593 1582
f 1581 1592 1593
f 1594 1377 1364
f 1582 1594 1364
f 1593 1594 1582
f 1594 1379 1377
f 1386 1583 1372
f 1583 1386 1388
f 1595 1583 1388
f 1584 1583 1595
f 1585 1584 1596
f 1596 1584 1595
f 1586 1389 1373
f 1597 1389 1586
f 1392 1587 1376
f 1587 1392 1394
f 1587 1394 1588
f 1588 1394 1396
f 1588 1396 1589
f 1589 1396 1398
f 1589 1398 1590
f 1590 1398 1400
f 1590 1400 1591
f 1591 1400 1402
f 1598 1591 1402
f 1592 1591 1598
f 1592 1599 1593
f 1592 1598 1599
f 1599 1404 1405
f 1594 1599 1405
f 1593 1599 1594
f 1594 1405 1379
f 1414 1600 1595
f 1414 1595 1388
f 1596 1595 1601
f 1601 1595 1600
f 1597 1415 1389
f 1602 1415 1597
f 1422 1598 1402
f 1598 1422 1424
f 1598 1424 1599
f 1599 1424 1404
f 1435 1603 1600
f 1435 1600 1414
f 1601 1600 1604
f 1604 1600 1603
f 1602 1436 1415
f 1605 1436 1602
f 1453 1603 1435
f 1453 1455 1603
f 1455 1604 1603
f 1455 1606 1604
f 1605 1456 1436
f 1607 1456 1605
f 1465 1609 1608
f 1606 1465 1608
f 1455 1465 1606
f 1609 1610 1608
f 1607 1466 1456
f 1611 1466 1607
f 1467 1609 1465
f 1467 1468 1609
f 1468 1610 1609
f 1468 1612 1610
f 1611 1469 1466
f 1613 1469 1611
f 1614 1612 1468
f 1614 1468 1470
f 1470 1472 1614
f 1614 1472 1615
f 1617 1616 1474
f 1474 1616 1473
f 1474 1469 1613
f 1474 1613 1617
f 1475 1615 1472
f 1475 1618 1615
f 1620 1619 1477
f 1477 1619 1476
f 1477 1473 1616
f 1477 1616 1620
f 1621 1618 1475
f 1621 1475 1478
f 1622 1478 1479
f 1622 1621 1478
f 1623 1479 1480
f 1623 1622 1479
f 1624 1480 1481
f 1624 1623 1480
f 1625 1481 1482
f 1625 1624 1481
f 1626 1482 1483
f 1626 1625 1482
f 1627 1483 1484
f 1627 1626 1483
f 1484 1476 1619
f 1484 1619 1627
f 1629 1628 1485
f 1629 1485 1486
f 1485 1630 1487
f 1628 1630 1485
f 1487 1631 1488
f 1630 1631 1487
f 1488 1632 1489
f 1631 1632 1488
f 1489 1633 1490
f 1632 1633 1489
f 1490 1634 1491
f 1633 1634 1490
f 1491 1635 1492
f 1634 1635 1491
f 1492 1636 1493
f 1635 1636 1492
f 1493 1637 1494
f 1636 1637 1493
f 1494 1638 1495
f 1637 1638 1494
f 1495 1639 1496
f 1638 1639 1495
f 1496 1640 1497
f 1639 1640 1496
f 1497 1641 1498
f 1640 1641 1497
f 1498 1642 1499
f 1641 1642 1498
f 1499 1643 1500
f 1642 1643 1499
f 1500 1644 1501
f 1643 1644 1500
f 1501 1645 1502
f 1644 1645 1501
f 1502 1646 1503
f 1645 1646 1502
f 1503 1647 1504
f 1646 1647 1503
f 1504 1648 1505
f 1647 1648 1504
f 1505 1649 1506
f 1648 1649 1505
f 1506 1650 1507
f 1649 1650 1506
f 1507 1651 1508
f 1650 1651 1507
f 1508 1652 1509
f 1651 1652 1508
f 1509 1653 1510
f 1652 1653 1509
f 1510 1654 1511
f 1653 1654 1510
f 1511 1655 1512
f 1654 1655 1511
f 1512 1656 1513
f 1655 1656 1512
f 1513 1657 1514
f 1656 1657 1513
f 1515 1514 1657
f 1515 1657 1658
f 1516 1629 1486
f 1516 1659 1629
f 1658 1517 1515
f 1660 1517 1658
f 1518 1659 1516
f 1518 1661 1659
f 1660 1519 1517
f 1662 1519 1660
f 1520 1661 1518
f 1520 1663 1661
f 1662 1521 1519
f 1664 1521 1662
f 1522 1663 1520
f 1522 1665 1663
f 1664 1523 1521
f 1666 1523 1664
f 1524 1665 1522
f 1524 1667 1665
f 1666 1525 1523
f 1668 1525 1666
f 1526 1667 1524
f 1526 1669 1667
f 1668 1527 1525
f 1670 1527 1668
f 1672 1671 1528
f 1672 1528 1529
f 1526 1528 1669
f 1669 1528 1671
f 1670 1530 1527
f 1673 1530 1670
f 1531 1672 1529
f 1531 1674 1672
f 1673 1532 1530
f 1675 1532 1673
f 1533 1674 1531
f 1533 1676 1674
f 1675 1534 1532
f 1677 1534 1675
f 1535 1676 1533
f 1535 1678 1676
f 1677 1536 1534
f 1679 1536 1677
f 1680 1678 1535
f 1680 1535 1537
f 1681 1537 1538
f 1681 1680 1537
f 1682 1538 1539
f 1682 1681 1538
f 1683 1539 1540
f 1683 1682 1539
f 1684 1540 1542
f 1684 1683 1540
f 1685 1542 1544
f 1685 1684 1542
f 1686 1544 1546
f 1686 1685 1544
f 1687 1546 1548
f 1687 1686 1546
f 1688 1548 1550
f 1688 1687 1548
f 1689 1550 1552
f 1689 1688 1550
f 1690 1552 1553
f 1690 1689 1552
f 1691 1553 1554
f 1691 1690 1553
f 1692 1554 1555
f 1692 1691 1554
f 1693 1555 1556
f 1693 1692 1555
f 1694 1556 1557
f 1694 1693 1556
f 1695 1557 1558
f 1695 1694 1557
f 1696 1558 1559
f 1696 1695 1558
f 1697 1559 1561
f 1697 1696 1559
f 1698 1561 1563
f 1698 1697 1561
f 1563 1565 1698
f 1698 1565 1699
f 1679 1566 1536
f 1700 1566 1679
f 1574 1699 1565
f 1574 1701 1699
f 1700 1575 1566
f 1702 1575 1700
f 1585 1701 1574
f 1585 1703 1701
f 1702 1586 1575
f 1704 1586 1702
f 1596 1703 1585
f 1596 1705 1703
f 1704 1597 1586
f 1706 1597 1704
f 1601 1705 1596
f 1601 1707 1705
f 1706 1602 1597
f 1708 1602 1706
f 1604 1707 1601
f 1604 1709 1707
f 1708 1605 1602
f 1710 1605 1708
f 1606 1709 1604
f 1606 1711 1709
f 1710 1607 1605
f 1712 1607 1710
f 1713 1711 1606
f 1713 1606 1608
f 1608 1610 1713
f 1713 1610 1714
f 1712 1611 1607
f 1715 1611 1712
f 1612 1714 1610
f 1612 1716 1714
f 1715 1613 1611
f 1717 1613 1715
f 1718 1716 1612
f 1718 1612 1614
f 1614 1615 1718
f 1718 1615 1719
f 1720 1616 1617
f 1721 1720 1617
f 1613 1721 1617
f 1717 1721 1613
f 1618 1719 1615
f 1618 1722 1719
f 1724 1723 1620
f 1620 1723 1619
f 1620 1616 1720
f 1725 1620 1720
f 1724 1620 1725
f 1725 1720 1721
f 1726 1722 1618
f 1726 1618 1621
f 1727 1621 1622
f 1727 1726 1621
f 1728 1622 1623
f 1728 1727 1622
f 1729 1623 1624
f 1729 1728 1623
f 1730 1624 1625
f 1730 1729 1624
f 1731 1625 1626
f 1731 1730 1625
f 1732 1626 1627
f 1732 1731 1626
f 1627 1619 1723
f 1627 1723 1732
f 1734 1733 1628
f 1734 1628 1629
f 1628 1735 1630
f 1733 1735 1628
f 1630 1736 1631
f 1735 1736 1630
f 1631 1737 1632
f 1736 1737 1631
f 1632 1738 1633
f 1737 1738 1632
f 1633 1739 1634
f 1738 1739 1633
f 1634 1740 1635
f 1739 1740 1634
f 1635 1741 1636
f 1740 1741 1635
f 1636 1742 1637
f 1741 1742 1636
f 1637 1743 1638
f 1742 1743 1637
f 1638 1744 1639
f 1743 1744 1638
f 1639 1745 1640
f 1744 1745 1639
f 1640 1746 1641
f 1745 1746 1640
f 1641 1747 1642
f 1746 1747 1641
f 1642 1748 1643
f 1747 1748 1642
f 1643 1749 1644
f 1748 1749 1643
f 1644 1750 1645
f 1749 1750 1644
f 1645 1751 1646
f 1750 1751 1645
f 1646 1752 1647
f 1751 1752 1646
f 1647 1753 1648
f 1752 1753 1647
f 1648 1754 1649
f 1753 1754 1648
f 1649 1755 1650
f 1754 1755 1649
f 1650 1756 1651
f 1755 1756 1650
f 1651 1757 1652
f 1756 1757 1651
f 1652 1758 1653
f 1757 1758 1652
f 1653 1759 1654
f 1758 1759 1653
f 1654 1760 1655
f 1759 1760 1654
f 1655 1761 1656
f 1760 1761 1655
f 1761 1763 1762
f 1657 1761 1762
f 1656 1761 1657
f 1762 1658 1657
f 1659 1734 1629
f 1659 1764 1734
f 1763 1765 1762
f 1658 1762 1765
f 1766 1658 1765
f 1660 1658 1766
f 1661 1764 1659
f 1661 1767 1764
f 1766 1662 1660
f 1768 1662 1766
f 1663 1767 1661
f 1663 1769 1767
f 1768 1664 1662
f 1770 1664 1768
f 1665 1769 1663
f 1665 1771 1769
f 1770 1666 1664
f 1772 1666 1770
f 1667 1771 1665
f 1667 1773 1771
f 1772 1668 1666
f 1774 1668 1772
f 1669 1773 1667
f 1669 1775 1773
f 1774 1670 1668
f 1776 1670 1774
f 1778 1777 1671
f 1778 1671 1672
f 1669 1671 1775
f 1775 1671 1777
f 1776 1673 1670
f 1779 1673 1776
f 1674 1778 1672
f 1674 1780 1778
f 1779 1675 1673
f 1781 1675 1779
f 1676 1780 1674
f 1676 1782 1780
f 1781 1677 1675
f 1783 1677 1781
f 1678 1782 1676
f 1678 1784 1782
f 1783 1679 1677
f 1785 1679 1783
f 1786 1784 1678
f 1786 1678 1680
f 1787 1680 1681
f 1787 1786 1680
f 1788 1681 1682
f 1788 1787 1681
f 1789 1682 1683
f 1789 1788 1682
f 1790 1683 1684
f 1790 1789 1683
f 1791 1684 1685
f 1791 1790 1684
f 1792 1685 1686
f 1792 1791 1685
f 1793 1686 1687
f 1793 1792 1686
f 1794 1687 1688
f 1794 1793 1687
f 1795 1688 1689
f 1795 1794 1688
f 1796 1689 1690
f 1796 1795 1689
f 1797 1690 1691
f 1797 1796 1690
f 1798 1691 1692
f 1798 1797 1691
f 1799 1692 1693
f 1799 1798 1692
f 1800 1693 1694
f 1800 1799 1693
f 1801 1694 1695
f 1801 1800 1694
f 1802 1695 1696
f 1802 1801 1695
f 1803 1696 1697
f 1803 1802 1696
f 1804 1697 1698
f 1804 1803 1697
f 1698 1699 1804
f 1804 1699 1805
f 1785 1700 1679
f 1806 1700 1785
f 1701 1805 1699
f 1701 1807 1805
f 1806 1702 1700
f 1808 1702 1806
f 1703 1807 1701
f 1703 1809 1807
f 1808 1704 1702
f 1810 1704 1808
f 1705 1809 1703
f 1705 1811 1809
f 1810 1706 1704
f 1812 1706 1810
f 1707 1811 1705
f 1707 1813 1811
f 1812 1708 1706
f 1814 1708 1812
f 1709 1813 1707
f 1709 1815 1813
f 1814 1710 1708
f 1816 1710 1814
f 1711 1815 1709
f 1711 1817 1815
f 1816 1712 1710
f 1818 1712 1816
f 1819 1817 1711
f 1819 1711 1713
f 1713 1714 1819
f 1819 1714 1820
f 1818 1715 1712
f 1821 1715 1818
f 1716 1820 1714
f 1716 1822 1820
f 1821 1717 1715
f 1823 1717 1821
f 1824 1822 1716
f 1824 1716 1718
f 1718 1719 1824
f 1824 1719 1825
f 1823 1721 1717
f 1826 1721 1823
f 1722 1825 1719
f 1722 1827 1825
f 1829 1828 1724
f 1724 1828 1723
f 1830 1724 1725
f 1830 1829 1724
f 1725 1721 1826
f 1725 1826 1830
f 1831 1827 1722
f 1831 1722 1726
f 1832 1726 1727
f 1832 1831 1726
f 1833 1727 1728
f 1833 1832 1727
f 1834 1728 1729
f 1834 1833 1728
f 1835 1729 1730
f 1835 1834 1729
f 1836 1730 1731
f 1836 1835 1730
f 1837 1731 1732
f 1837 1836 1731
f 1732 1723 1828
f 1732 1828 1837
f 1839 1838 1733
f 1839 1733 1734
f 1733 1840 1735
f 1838 1840 1733
f 1735 1841 1736
f 1840 1841 1735
f 1736 1842 1737
f 1841 1842 1736
f 1737 1843 1738
f 1842 1843 1737
f 1738 1844 1739
f 1843 1844 1738
f 1739 1845 1740
f 1844 1845 1739
f 1740 1846 1741
f 1845 1846 1740
f 1741 1847 1742
f 1846 1847 1741
f 1742 1848 1743
f 1847 1848 1742
f 1743 1849 1744
f 1848 1849 1743
f 1744 1850 1745
f 1849 1850 1744
f 1745 1851 1746
f 1850 1851 1745
f 1746 1852 1747
f 1851 1852 1746
f 1747 1853 1748
f 1852 1853 1747
f 1748 1854 1749
f 1853 1854 1748
f 1749 1855 1750
f 1854 1855 1749
f 1750 1856 1751
f 1855 1856 1750
f 1751 1857 1752
f 1856 1857 1751
f 1752 1858 1753
f 1857 1858 1752
f 1753 1859 1754
f 1858 1859 1753
f 1754 1860 1755
f 1859 1860 1754
f 1755 1861 1756
f 1860 1861 1755
f 1756 1862 1757
f 1861 1862 1756
f 1757 1863 1758
f 1862 1863 1757
f 1758 1864 1759
f 1863 1864 1758
f 1759 1865 1760
f 1864 1865 1759
f 1760 1866 1761
f 1865 1866 1760
f 1763 1761 1866
f 1763 1866 1867
f 1764 1839 1734
f 1764 1868 1839
f 1867 1869 1763
f 1763 1869 1765
f 1766 1765 1869
f 1766 1869 1870
f 1767 1868 1764
f 1767 1871 1868
f 1870 1768 1766
f 1872 1768 1870
f 1769 1871 1767
f 1769 1873 1871
f 1872 1770 1768
f 1874 1770 1872
f 1771 1873 1769
f 1771 1875 1873
f 1874 1772 1770
f 1876 1772 1874
f 1773 1875 1771
f 1773 1877 1875
f 1876 1774 1772
f 1878 1774 1876
f 1881 1880 1879
f 1880 1877 1879
f 1877 1775 1879
f 1877 1773 1775
f 1878 1776 1774
f 1882 1776 1878
f 1881 1879 1777
f 1778 1881 1777
f 1883 1881 1778
f 1777 1879 1775
f 1882 1779 1776
f 1884 1779 1882
f 1780 1883 1778
f 1780 1885 1883
f 1884 1781 1779
f 1886 1781 1884
f 1782 1885 1780
f 1782 1887 1885
f 1886 1783 1781
f 1888 1783 1886
f 1784 1887 1782
f 1784 1889 1887
f 1888 1785 1783
f 1890 1785 1888
f 1891 1889 1784
f 1891 1784 1786
f 1892 1786 1787
f 1892 1891 1786
f 1893 1787 1788
f 1893 1892 1787
f 1894 1788 1789
f 1894 1893 1788
f 1895 1789 1790
f 1895 1894 1789
f 1896 1790 1791
f 1896 1895 1790
f 1897 1791 1792
f 1897 1896 1791
f 1898 1792 1793
f 1898 1897 1792
f 1899 1793 1794
f 1899 1898 1793
f 1900 1794 1795
f 1900 1899 1794
f 1901 1795 1796
f 1901 1900 1795
f 1902 1796 1797
f 1902 1901 1796
f 1903 1797 1798
f 1903 1902 1797
f 1904 1798 1799
f 1904 1903 1798
f 1905 1799 1800
f 1905 1904 1799
f 1906 1800 1801
f 1906 1905 1800
f 1907 1801 1802
f 1907 1906 1801
f 1908 1802 1803
f 1908 1907 1802
f 1909 1803 1804
f 1909 1908 1803
f 1804 1805 1909
f 1909 1805 1910
f 1890 1806 1785
f 1911 1806 1890
f 1807 1910 1805
f 1807 1912 1910
f 1911 1808 1806
f 1913 1808 1911
f 1809 1912 1807
f 1809 1914 1912
f 1913 1810 1808
f 1915 1810 1913
f 1811 1914 1809
f 1811 1916 1914
f 1915 1812 1810
f 1917 1812 1915
f 1813 1916 1811
f 1813 1918 1916
f 1917 1814 1812
f 1919 1814 1917
f 1815 1918 1813
f 1815 1920 1918
f 1919 1816 1814
f 1921 1816 1919
f 1817 1920 1815
f 1817 1922 1920
f 1921 1818 1816
f 1923 1818 1921
f 1924 1922 1817
f 1924 1817 1819
f 1819 1820 1924
f 1924 1820 1925
f 1923 1821 1818
f 1926 1821 1923
f 1822 1925 1820
f 1822 1927 1925
f 1926 1823 1821
f 1928 1823 1926
f 1929 1927 1822
f 1929 1822 1824
f 1824 1825 1929
f 1929 1825 1930
f 1928 1826 1823
f 1931 1826 1928
f 1827 1930 1825
f 1827 1932 1930
f 1934 1933 1829
f 1829 1933 1828
f 1935 1829 1830
f 1935 1934 1829
f 1830 1826 1931
f 1830 1931 1935
f 1936 1932 1827
f 1936 1827 1831
f 1937 1831 1832
f 1937 1936 1831
f 1938 1832 1833
f 1938 1937 1832
f 1939 1833 1834
f 1939 1938 1833
f 1940 1834 1835
f 1940 1939 1834
f 1941 1835 1836
f 1941 1940 1835
f 1942 1836 1837
f 1942 1941 1836
f 1837 1828 1933
f 1837 1933 1942
f 1944 1943 1838
f 1944 1838 1839
f 1838 1945 1840
f 1943 1945 1838
f 1840 1946 1841
f 1945 1946 1840
f 1841 1947 1842
f 1946 1947 1841
f 1842 1948 1843
f 1947 1948 1842
f 1843 1949 1844
f 1948 1949 1843
f 1844 1950 1845
f 1949 1950 1844
f 1845 1951 1846
f 1950 1951 1845
f 1846 1952 1847
f 1951 1952 1846
f 1847 1953 1848
f 1952 1953 1847
f 1848 1954 1849
f 1953 1954 1848
f 1849 1955 1850
f 1954 1955 1849
f 1850 1956 1851
f 1955 1956 1850
f 1851 1957 1852
f 1956 1957 1851
f 1852 1958 1853
f 1957 1958 1852
f 1853 1959 1854
f 1958 1959 1853
f 1854 1960 1855
f 1959 1960 1854
f 1855 1961 1856
f 1960 1961 1855
f 1856 1962 1857
f 1961 1962 1856
f 1857 1963 1858
f 1962 1963 1857
f 1858 1964 1859
f 1963 1964 1858
f 1859 1965 1860
f 1964 1965 1859
f 1860 1966 1861
f 1965 1966 1860
f 1861 1967 1862
f 1966 1967 1861
f 1862 1968 1863
f 1967 1968 1862
f 1863 1969 1864
f 1968 1969 1863
f 1864 1970 1865
f 1969 1970 1864
f 1865 1971 1866
f 1970 1971 1865
f 1867 1866 1971
f 1867 1971 1972
f 1868 1944 1839
f 1868 1973 1944
f 1972 1974 1867
f 1867 1974 1869
f 1870 1869 1974
f 1870 1974 1975
f 1871 1973 1868
f 1871 1976 1973
f 1975 1872 1870
f 1977 1872 1975
f 1873 1976 1871
f 1873 1978 1976
f 1977 1874 1872
f 1979 1874 1977
f 1875 1978 1873
f 1875 1980 1978
f 1979 1876 1874
f 1981 1876 1979
f 1877 1980 1875
f 1877 1982 1980
f 1981 1878 1876
f 1983 1878 1981
f 1985 1984 1880
f 1985 1880 1881
f 1877 1880 1982
f 1982 1880 1984
f 1983 1882 1878
f 1986 1882 1983
f 1883 1985 1881
f 1883 1987 1985
f 1986 1884 1882
f 1988 1884 1986
f 1885 1987 1883
f 1885 1989 1987
f 1988 1886 1884
f 1990 1886 1988
f 1887 1989 1885
f 1887 1991 1989
f 1990 1888 1886
f 1992 1888 1990
f 1889 1991 1887
f 1889 1993 1991
f 1992 1890 1888
f 1994 1890 1992
f 1995 1993 1889
f 1995 1889 1891
f 1996 1891 1892
f 1996 1995 1891
f 1997 1892 1893
f 1997 1996 1892
f 1998 1893 1894
f 1998 1997 1893
f 1999 1894 1895
f 1999 1998 1894
f 2000 1895 1896
f 2000 1999 1895
f 2001 1896 1897
f 2001 2000 1896
f 2002 1897 1898
f 2002 2001 1897
f 2003 1898 1899
f 2003 2002 1898
f 2004 1899 1900
f 2004 2003 1899
f 2005 1900 1901
f 2005 2004 1900
f 2006 1901 1902
f 2006 2005 1901
f 2007 1902 1903
f 2007 2006 1902
f 2008 1903 1904
f 2008 2007 1903
f 2009 1904 1905
f 2009 2008 1904
f 2010 1905 1906
f 2010 2009 1905
f 2011 1906 1907
f 2011 2010 1906
f 2012 1907 1908
f 2012 2011 1907
f 2013 1908 1909
f 2013 2012 1908
f 1909 1910 2013
f 2013 1910 2014
f 1994 1911 1890
f 2015 1911 1994
f 1912 2014 1910
f 1912 2016 2014
f 2015 1913 1911
f 2017 1913 2015
f 1914 2016 1912
f 1914 2018 2016
f 2017 1915 1913
f 2019 1915 2017
f 1916 2018 1914
f 1916 2020 2018
f 2019 1917 1915
f 2021 1917 2019
f 1918 2020 1916
f 1918 2022 2020
f 2021 1919 1917
f 2023 1919 2021
f 1920 2022 1918
f 1920 2024 2022
f 2023 1921 1919
f 2025 1921 2023
f 1922 2024 1920
f 1922 2026 2024
f 2025 1923 1921
f 2027 1923 2025
f 2028 2026 1922
f 2028 1922 1924
f 1924 1925 2028
f 2028 1925 2029
f 2027 1926 1923
f 2030 1926 2027
f 1927 2029 1925
f 1927 2031 2029
f 2030 1928 1926
f 2032 1928 2030
f 2033 2031 1927
f 2033 1927 1929
f 1929 1930 2033
f 2033 1930 2034
f 2032 1931 1928
f 2035 1931 2032
f 1932 2034 1930
f 1932 2036 2034
f 2038 2037 1934
f 1934 2037 1933
f 2039 1934 1935
f 2039 2038 1934
f 1935 1931 2035
f 1935 2035 2039
f 2040 2036 1932
f 2040 1932 1936
f 2041 1936 1937
f 2041 2040 1936
f 2042 1937 1938
f 2042 2041 1937
f 2043 1938 1939
f 2043 2042 1938
f 2044 1939 1940
f 2044 2043 1939
f 2045 1940 1941
f 2045 2044 1940
f 2046 1941 1942
f 2046 2045 1941
f 1942 1933 2037
f 1942 2037 2046
f 2048 2047 1943
f 2048 1943 1944
f 1943 2049 1945
f 2047 2049 1943
f 1945 2050 1946
f 2049 2050 1945
f 1946 2051 1947
f 2050 2051 1946
f 1947 2052 1948
f 2051 2052 1947
f 1948 2053 1949
f 2052 2053 1948
f 1949 2054 1950
f 2053 2054 1949
f 1950 2055 1951
f 2054 2055 1950
f 1951 2056 1952
f 2055 2056 1951
f 1952 2057 1953
f 2056 2057 1952
f 1953 2058 1954
f 2057 2058 1953
f 1954 2059 1955
f 2058 2059 1954
f 1955 2060 1956
f 2059 2060 1955
f 1956 2061 1957
f 2060 2061 1956
f 1957 2062 1958
f 2061 2062 1957
f 1958 2063 1959
f 2062 2063 1958
f 1959 2064 1960
f 2063 2064 1959
f 1960 2065 1961
f 2064 2065 1960
f 1961 2066 1962
f 2065 2066 1961
f 1962 2067 1963
f 2066 2067 1962
f 1963 2068 1964
f 2067 2068 1963
f 1964 2069 1965
f 2068 2069 1964
f 1965 2070 1966
f 2069 2070 1965
f 1966 2071 1967
f 2070 2071 1966
f 1967 2072 1968
f 2071 2072 1967
f 1968 2073 1969
f 2072 2073 1968
f 1969 2074 1970
f 2073 2074 1969
f 1970 2075 1971
f 2074 2075 1970
f 1972 1971 2075
f 1972 2075 2076
f 1973 2048 1944
f 1973 2077 2048
f 2076 2078 1972
f 1972 2078 1974
f 1975 1974 2078
f 1975 2078 2079
f 1976 2077 1973
f 1976 2080 2077
f 2079 1977 1975
f 2081 1977 2079
f 1978 2080 1976
f 1978 2082 2080
f 2081 1979 1977
f 2083 1979 2081
f 1980 2082 1978
f 1980 2084 2082
f 2083 1981 1979
f 2085 1981 2083
f 1982 2084 1980
f 1982 2086 2084
f 2085 1983 1981
f 2087 1983 2085
f 2089 2088 1984
f 2089 1984 1985
f 1982 1984 2086
f 2086 1984 2088
f 2087 1986 1983
f 2090 1986 2087
f 1987 2089 1985
f 1987 2091 2089
f 2090 1988 1986
f 2092 1988 2090
f 1989 2091 1987
f 1989 2093 2091
f 2092 1990 1988
f 2094 1990 2092
f 1991 2093 1989
f 1991 2095 2093
f 2094 1992 1990
f 2096 1992 2094
f 1993 2095 1991
f 1993 2097 2095
f 2096 1994 1992
f 2098 1994 2096
f 2099 2097 1993
f 2099 1993 1995
f 2100 1995 1996
f 2100 2099 1995
f 2101 1996 1997
f 2101 2100 1996
f 2102 1997 1998
f 2102 2101 1997
f 2103 1998 1999
f 2103 2102 1998
f 2104 1999 2000
f 2104 2103 1999
f 2105 2000 2001
f 2105 2104 2000
f 2106 2001 2002
f 2106 2105 2001
f 2107 2002 2003
f 2107 2106 2002
f 2108 2003 2004
f 2108 2107 2003
f 2109 2004 2005
f 2109 2108 2004
f 2110 2005 2006
f 2110 2109 2005
f 2111 2006 2007
f 2111 2110 2006
f 2112 2007 2008
f 2112 2111 2007
f 2113 2008 2009
f 2113 2112 2008
f 2114 2009 2010
f 2114 2113 2009
f 2115 2010 2011
f 2115 2114 2010
f 2116 2011 2012
f 2116 2115 2011
f 2117 2012 2013
f 2117 2116 2012
f 2013 2014 2117
f 2117 2014 2118
f 2098 2015 1994
f 2119 2015 2098
f 2016 2118 2014
f 2016 2120 2118
f 2119 2017 2015
f 2121 2017 2119
f 2018 2120 2016
f 2018 2122 2120
f 2121 2019 2017
f 2123 2019 2121
f 2020 2122 2018
f 2020 2124 2122
f 2123 2021 2019
f 2125 2021 2123
f 2022 2124 2020
f 2022 2126 2124
f 2125 2023 2021
f 2127 2023 2125
f 2024 2126 2022
f 2024 2128 2126
f 2127 2025 2023
f 2129 2025 2127
f 2026 2128 2024
f 2026 2130 2128
f 2129 2027 2025
f 2131 2027 2129
f 2132 2130 2026
f 2132 2026 2028
f 2028 2029 2132
f 2132 2029 2133
f 2131 2030 2027
f 2134 2030 2131
f 2031 2133 2029
f 2031 2135 2133
f 2134 2032 2030
f 2136 2032 2134
f 2137 2135 2031
f 2137 2031 2033
f 2033 2034 2137
f 2137 2034 2138
f 2136 2035 2032
f 2139 2035 2136
f 2036 2138 2034
f 2036 2140 2138
f 2142 2141 2038
f 2038 2141 2037
f 2143 2038 2039
f 2143 2142 2038
f 2039 2035 2139
f 2039 2139 2143
f 2144 2140 2036
f 2144 2036 2040
f 2145 2040 2041
f 2145 2144 2040
f 2146 2041 2042
f 2146 2145 2041
f 2147 2042 2043
f 2147 2146 2042
f 2148 2043 2044
f 2148 2147 2043
f 2149 2044 2045
f 2149 2148 2044
f 2150 2045 2046
f 2150 2149 2045
f 2046 2037 2141
f 2046 2141 2150
f 2152 2151 2047
f 2152 2047 2048
f 2047 2153 2049
f 2151 2153 2047
f 2049 2154 2050
f 2153 2154 2049
f 2050 2155 2051
f 2154 2155 2050
f 2051 2156 2052
f 2155 2156 2051
f 2052 2157 2053
f 2156 2157 2052
f 2053 2158 2054
f 2157 2158 2053
f 2054 2159 2055
f 2158 2159 2054
f 2055 2160 2056
f 2159 2160 2055
f 2056 2161 2057
f 2160 2161 2056
f 2057 2162 2058
f 2161 2162 2057
f 2058 2163 2059
f 2162 2163 2058
f 2059 2164 2060
f 2163 2164 2059
f 2060 2165 2061
f 2164 2165 2060
f 2061 2166 2062
f 2165 2166 2061
f 2062 2167 2063
f 2166 2167 2062
f 2063 2168 2064
f 2167 2168 2063
f 2064 2169 2065
f 2168 2169 2064
f 2065 2170 2066
f 2169 2170 2065
f 2066 2171 2067
f 2170 2171 2066
f 2067 2172 2068
f 2171 2172 2067
f 2068 2173 2069
f 2172 2173 2068
f 2069 2174 2070
f 2173 2174 2069
f 2070 2175 2071
f 2174 2175 2070
f 2071 2176 2072
f 2175 2176 2071
f 2072 2177 2073
f 2176 2177 2072
f 2073 2178 2074
f 2177 2178 2073
f 2074 2179 2075
f 2178 2179 2074
f 2076 2075 2179
f 2076 2179 2180
f 2077 2152 2048
f 2077 2181 2152
f 2180 2182 2076
f 2076 2182 2078
f 2079 2078 2182
f 2079 2182 2183
f 2080 2181 2077
f 2080 2184 2181
f 2183 2081 2079
f 2185 2081 2183
f 2082 2184 2080
f 2082 2186 2184
f 2185 2083 2081
f 2187 2083 2185
f 2084 2186 2082
f 2084 2188 2186
f 2187 2085 2083
f 2189 2085 2187
f 2086 2188 2084
f 2086 2190 2188
f 2189 2087 2085
f 2191 2087 2189
f 2193 2192 2088
f 2193 2088 2089
f 2086 2088 2190
f 2190 2088 2192
f 2191 2090 2087
f 2194 2090 2191
f 2091 2193 2089
f 2091 2195 2193
f 2194 2092 2090
f 2196 2092 2194
f 2093 2195 2091
f 2093 2197 2195
f 2196 2094 2092
f 2198 2094 2196
f 2095 2197 2093
f 2095 2199 2197
f 2198 2096 2094
f 2200 2096 2198
f 2097 2199 2095
f 2097 2201 2199
f 2200 2098 2096
f 2202 2098 2200
f 2203 2201 2097
f 2203 2097 2099
f 2204 2099 2100
f 2204 2203 2099
f 2205 2100 2101
f 2205 2204 2100
f 2206 2101 2102
f 2206 2205 2101
f 2207 2102 2103
f 2207 2206 2102
f 2208 2103 2104
f 2208 2207 2103
f 2209 2104 2105
f 2209 2208 2104
f 2210 2105 2106
f 2210 2209 2105
f 2211 2106 2107
f 2211 2210 2106
f 2212 2107 2108
f 2212 2211 2107
f 2213 2108 2109
f 2213 2212 2108
f 2214 2109 2110
f 2214 2213 2109
f 2215 2110 2111
f 2215 2214 2110
f 2216 2111 2112
f 2216 2215 2111
f 2217 2112 2113
f 2217 2216 2112
f 2218 2113 2114
f 2218 2217 2113
f 2219 2114 2115
f 2219 2218 2114
f 2220 2115 2116
f 2220 2219 2115
f 2221 2116 2117
f 2221 2220 2116
f 2117 2118 2221
f 2221 2118 2222
f 2202 2119 2098
f 2223 2119 2202
f 2120 2222 2118
f 2120 2224 2222
f 2223 2121 2119
f 2225 2121 2223
f 2122 2224 2120
f 2122 2226 2224
f 2225 2123 2121
f 2227 2123 2225
f 2124 2226 2122
f 2124 2228 2226
f 2227 2125 2123
f 2229 2125 2227
f 2126 2228 2124
f 2126 2230 2228
f 2229 2127 2125
f 2231 2127 2229
f 2128 2230 2126
f 2128 2232 2230
f 2231 2129 2127
f 2233 2129 2231
f 2130 2232 2128
f 2130 2234 2232
f 2233 2131 2129
f 2235 2131 2233
f 2236 2234 2130
f 2236 2130 2132
f 2132 2133 2236
f 2236 2133 2237
f 2235 2134 2131
f 2238 2134 2235
f 2135 2237 2133
f 2135 2239 2237
f 2238 2136 2134
f 2240 2136 2238
f 2241 2239 2135
f 2241 2135 2137
f 2137 2138 2241
f 2241 2138 2242
f 2240 2139 2136
f 2243 2139 2240
f 2140 2242 2138
f 2140 2244 2242
f 2246 2245 2142
f 2142 2245 2141
f 2247 2142 2143
f 2247 2246 2142
f 2143 2139 2243
f 2143 2243 2247
f 2248 2244 2140
f 2248 2140 2144
f 2249 2144 2145
f 2249 2248 2144
f 2250 2145 2146
f 2250 2249 2145
f 2251 2146 2147
f 2251 2250 2146
f 2252 2147 2148
f 2252 2251 2147
f 2253 2148 2149
f 2253 2252 2148
f 2254 2149 2150
f 2254 2253 2149
f 2150 2141 2245
f 2150 2245 2254
f 2256 2255 2151
f 2256 2151 2152
f 2151 2257 2153
f 2255 2257 2151
f 2153 2258 2154
f 2257 2258 2153
f 2154 2259 2155
f 2258 2259 2154
f 2155 2260 2156
f 2259 2260 2155
f 2156 2261 2157
f 2260 2261 2156
f 2157 2262 2158
f 2261 2262 2157
f 2158 2263 2159
f 2262 2263 2158
f 2159 2264 2160
f 2263 2264 2159
f 2160 2265 2161
f 2264 2265 2160
f 2161 2266 2162
f 2265 2266 2161
f 2162 2267 2163
f 2266 2267 2162
f 2163 2268 2164
f 2267 2268 2163
f 2164 2269 2165
f 2268 2269 2164
f 2165 2270 2166
f 2269 2270 2165
f 2166 2271 2167
f 2270 2271 2166
f 2167 2272 2168
f 2271 2272 2167
f 2168 2273 2169
f 2272 2273 2168
f 2169 2274 2170
f 2273 2274 2169
f 2170 2275 2171
f 2274 2275 2170
f 2171 2276 2172
f 2275 2276 2171
f 2172 2277 2173
f 2276 2277 2172
f 2173 2278 2174
f 2277 2278 2173
f 2174 2279 2175
f 2278 2279 2174
f 2175 2280 2176
f 2279 2280 2175
f 2176 2281 2177
f 2280 2281 2176
f 2177 2282 2178
f 2281 2282 2177
f 2178 2283 2179
f 2282 2283 2178
f 2180 2179 2283
f 2180 2283 2284
f 2181 2256 2152
f 2181 2285 2256
f 2284 2286 2180
f 2180 2286 2182
f 2183 2182 2286
f 2183 2286 2287
f 2184 2285 2181
f 2184 2288 2285
f 2287 2185 2183
f 2289 2185 2287
f 2186 2288 2184
f 2186 2290 2288
f 2289 2187 2185
f 2291 2187 2289
f 2188 2290 2186
f 2188 2292 2290
f 2291 2189 2187
f 2293 2189 2291
f 2190 2292 2188
f 2190 2294 2292
f 2293 2191 2189
f 2295 2191 2293
f 2297 2296 2192
f 2297 2192 2193
f 2190 2192 2294
f 2294 2192 2296
f 2295 2194 2191
f 2298 2194 2295
f 2195 2297 2193
f 2195 2299 2297
f 2298 2196 2194
f 2300 2196 2298
f 2197 2299 2195
f 2197 2301 2299
f 2300 2198 2196
f 2302 2198 2300
f 2199 2301 2197
f 2199 2303 2301
f 2302 2200 2198
f 2304 2200 2302
f 2201 2303 2199
f 2201 2305 2303
f 2304 2202 2200
f 2306 2202 2304
f 2307 2305 2201
f 2307 2201 2203
f 2308 2203 2204
f 2308 2307 2203
f 2309 2204 2205
f 2309 2308 2204
f 2310 2205 2206
f 2310 2309 2205
f 2311 2206 2207
f 2311 2310 2206
f 2312 2207 2208
f 2312 2311 2207
f 2313 2208 2209
f 2313 2312 2208
f 2314 2209 2210
f 2314 2313 2209
f 2315 2210 2211
f 2315 2314 2210
f 2316 2211 2212
f 2316 2315 2211
f 2317 2212 2213
f 2317 2316 2212
f 2318 2213 2214
f 2318 2317 2213
f 2319 2214 2215
f 2319 2318 2214
f 2320 2215 2216
f 2320 2319 2215
f 2321 2216 2217
f 2321 2320 2216
f 2322 2217 2218
f 2322 2321 2217
f 2323 2218 2219
f 2323 2322 2218
f 2324 2219 2220
f 2324 2323 2219
f 2325 2220 2221
f 2325 2324 2220
f 2221 2222 2325
f 2325 2222 2326
f 2306 2223 2202
f 2327 2223 2306
f 2224 2326 2222
f 2224 2328 2326
f 2327 2225 2223
f 2329 2225 2327
f 2226 2328 2224
f 2226 2330 2328
f 2329 2227 2225
f 2331 2227 2329
f 2228 2330 2226
f 2228 2332 2330
f 2331 2229 2227
f 2333 2229 2331
f 2230 2332 2228
f 2230 2334 2332
f 2333 2231 2229
f 2335 2231 2333
f 2232 2334 2230
f 2232 2336 2334
f 2335 2233 2231
f 2337 2233 2335
f 2234 2336 2232
f 2234 2338 2336
f 2337 2235 2233
f 2339 2235 2337
f 2340 2338 2234
f 2340 2234 2236
f 2236 2237 2340
f 2340 2237 2341
f 2339 2238 2235
f 2342 2238 2339
f 2239 2341 2237
f 2239 2343 2341
f 2342 2240 2238
f 2344 2240 2342
f 2239 2241 2345
f 2346 2239 2345
f 2343 2239 2346
f 2242 2345 2241
f 2344 2243 2240
f 2347 2243 2344
f 2348 2346 2345
f 2345 2242 2348
f 2242 2349 2348
f 2242 2244 2349
f 2351 2350 2246
f 2246 2350 2245
f 2352 2246 2247
f 2352 2351 2246
f 2247 2243 2347
f 2247 2347 2352
f 2353 2349 2244
f 2353 2244 2248
f 2354 2248 2249
f 2354 2353 2248
f 2355 2249 2250
f 2355 2354 2249
f 2356 2250 2251
f 2356 2355 2250
f 2357 2251 2252
f 2357 2356 2251
f 2358 2252 2253
f 2358 2357 2252
f 2359 2253 2254
f 2359 2358 2253
f 2254 2245 2350
f 2254 2350 2359
f 2361 2360 2255
f 2361 2255 2256
f 2255 2362 2257
f 2360 2362 2255
f 2257 2363 2258
f 2362 2363 2257
f 2258 2364 2259
f 2363 2364 2258
f 2259 2365 2260
f 2364 2365 2259
f 2260 2366 2261
f 2365 2366 2260
f 2261 2367 2262
f 2366 2367 2261
f 2262 2368 2263
f 2367 2368 2262
f 2263 2369 2264
f 2368 2369 2263
f 2264 2370 2265
f 2369 2370 2264
f 2265 2371 2266
f 2370 2371 2265
f 2266 2372 2267
f 2371 2372 2266
f 2267 2373 2268
f 2372 2373 2267
f 2268 2374 2269
f 2373 2374 2268
f 2269 2375 2270
f 2374 2375 2269
f 2270 2376 2271
f 2375 2376 2270
f 2271 2377 2272
f 2376 2377 2271
f 2272 2378 2273
f 2377 2378 2272
f 2273 2379 2274
f 2378 2379 2273
f 2274 2380 2275
f 2379 2380 2274
f 2275 2381 2276
f 2380 2381 2275
f 2276 2382 2277
f 2381 2382 2276
f 2277 2383 2278
f 2382 2383 2277
f 2278 2384 2279
f 2383 2384 2278
f 2279 2385 2280
f 2384 2385 2279
f 2280 2386 2281
f 2385 2386 2280
f 2281 2387 2282
f 2386 2387 2281
f 2282 2388 2283
f 2387 2388 2282
f 2284 2283 2388
f 2284 2388 2389
f 2285 2361 2256
f 2285 2390 2361
f 2389 2391 2284
f 2284 2391 2286
f 2287 2286 2391
f 2287 2391 2392
f 2288 2390 2285
f 2288 2393 2390
f 2392 2289 2287
f 2394 2289 2392
f 2290 2393 2288
f 2290 2395 2393
f 2394 2291 2289
f 2396 2291 2394
f 2292 2395 2290
f 2292 2397 2395
f 2396 2293 2291
f 2398 2293 2396
f 2294 2397 2292
f 2294 2399 2397
f 2398 2295 2293
f 2400 2295 2398
f 2402 2401 2296
f 2402 2296 2297
f 2294 2296 2399
f 2399 2296 2401
f 2400 2298 2295
f 2403 2298 2400
f 2299 2402 2297
f 2299 2404 2402
f 2403 2300 2298
f 2405 2300 2403
f 2301 2404 2299
f 2301 2406 2404
f 2405 2302 2300
f 2407 2302 2405
f 2303 2406 2301
f 2303 2408 2406
f 2407 2304 2302
f 2409 2304 2407
f 2305 2408 2303
f 2305 2410 2408
f 2409 2306 2304
f 2411 2306 2409
f 2412 2410 2305
f 2412 2305 2307
f 2413 2307 2308
f 2413 2412 2307
f 2414 2308 2309
f 2414 2413 2308
f 2415 2309 2310
f 2415 2414 2309
f 2416 2310 2311
f 2416 2415 2310
f 2417 2311 2312
f 2417 2416 2311
f 2418 2312 2313
f 2418 2417 2312
f 2419 2313 2314
f 2419 2418 2313
f 2420 2314 2315
f 2420 2419 2314
f 2421 2315 2316
f 2421 2420 2315
f 2422 2316 2317
f 2422 2421 2316
f 2423 2317 2318
f 2423 2422 2317
f 2424 2318 2319
f 2424 2423 2318
f 2425 2319 2320
f 2425 2424 2319
f 2426 2320 2321
f 2426 2425 2320
f 2427 2321 2322
f 2427 2426 2321
f 2428 2322 2323
f 2428 2427 2322
f 2429 2323 2324
f 2429 2428 2323
f 2430 2324 2325
f 2430 2429 2324
f 2325 2326 2430
f 2430 2326 2431
f 2411 2327 2306
f 2432 2327 2411
f 2328 2431 2326
f 2328 2433 2431
f 2432 2329 2327
f 2434 2329 2432
f 2330 2433 2328
f 2330 2435 2433
f 2434 2331 2329
f 2436 2331 2434
f 2332 2435 2330
f 2332 2437 2435
f 2436 2333 2331
f 2438 2333 2436
f 2334 2437 2332
f 2334 2439 2437
f 2438 2335 2333
f 2440 2335 2438
f 2336 2439 2334
f 2336 2441 2439
f 2440 2337 2335
f 2442 2337 2440
f 2338 2441 2336
f 2338 2443 2441
f 2442 2339 2337
f 2444 2339 2442
f 2445 2443 2338
f 2445 2338 2340
f 2340 2341 2445
f 2445 2341 2446
f 2444 2342 2339
f 2447 2342 2444
f 2343 2446 2341
f 2343 2448 2446
f 2447 2344 2342
f 2449 2344 2447
f 2346 2448 2343
f 2346 2450 2448
f 2449 2347 2344
f 2451 2347 2449
f 2452 2450 2346
f 2452 2346 2348
f 2348 2349 2452
f 2452 2349 2453
f 2455 2454 2351
f 2351 2454 2350
f 2456 2351 2352
f 2456 2455 2351
f 2352 2347 2451
f 2352 2451 2456
f 2457 2453 2349
f 2457 2349 2353
f 2458 2353 2354
f 2458 2457 2353
f 2459 2354 2355
f 2459 2458 2354
f 2460 2355 2356
f 2460 2459 2355
f 2461 2356 2357
f 2461 2460 2356
f 2462 2357 2358
f 2462 2461 2357
f 2463 2358 2359
f 2463 2462 2358
f 2359 2350 2454
f 2359 2454 2463
f 2465 2464 2360
f 2465 2360 2361
f 2360 2466 2362
f 2464 2466 2360
f 2362 2467 2363
f 2466 2467 2362
f 2363 2468 2364
f 2467 2468 2363
f 2364 2469 2365
f 2468 2469 2364
f 2365 2470 2366
f 2469 2470 2365
f 2366 2471 2367
f 2470 2471 2366
f 2367 2472 2368
f 2471 2472 2367
f 2368 2473 2369
f 2472 2473 2368
f 2369 2474 2370
f 2473 2474 2369
f 2370 2475 2371
f 2474 2475 2370
f 2371 2476 2372
f 2475 2476 2371
f 2372 2477 2373
f 2476 2477 2372
f 2373 2478 2374
f 2477 2478 2373
f 2374 2479 2375
f 2478 2479 2374
f 2375 2480 2376
f 2479 2480 2375
f 2376 2481 2377
f 2480 2481 2376
f 2377 2482 2378
f 2481 2482 2377
f 2378 2483 2379
f 2482 2483 2378
f 2379 2484 2380
f 2483 2484 2379
f 2380 2485 2381
f 2484 2485 2380
f 2381 2486 2382
f 2485 2486 2381
f 2382 2487 2383
f 2486 2487 2382
f 2383 2488 2384
f 2487 2488 2383
f 2384 2489 2385
f 2488 2489 2384
f 2385 2490 2386
f 2489 2490 2385
f 2386 2491 2387
f 2490 2491 2386
f 2387 2492 2388
f 2491 2492 2387
f 2389 2388 2492
f 2389 2492 2493
f 2390 2465 2361
f 2390 2494 2465
f 2493 2495 2389
f 2389 2495 2391
f 2392 2391 2495
f 2392 2495 2496
f 2393 2494 2390
f 2393 2497 2494
f 2496 2394 2392
f 2498 2394 2496
f 2395 2497 2393
f 2395 2499 2497
f 2498 2396 2394
f 2500 2396 2498
f 2397 2499 2395
f 2397 2501 2499
f 2500 2398 2396
f 2502 2398 2500
f 2399 2501 2397
f 2399 2503 2501
f 2502 2400 2398
f 2504 2400 2502
f 2506 2505 2401
f 2506 2401 2402
f 2399 2401 2503
f 2503 2401 2505
f 2504 2403 2400
f 2507 2403 2504
f 2404 2506 2402
f 2404 2508 2506
f 2507 2405 2403
f 2509 2405 2507
f 2406 2508 2404
f 2406 2510 2508
f 2509 2407 2405
f 2511 2407 2509
f 2408 2510 2406
f 2408 2512 2510
f 2511 2409 2407
f 2513 2409 2511
f 2410 2512 2408
f 2410 2514 2512
f 2513 2411 2409
f 2515 2411 2513
f 2516 2514 2410
f 2516 2410 2412
f 2517 2412 2413
f 2517 2516 2412
f 2518 2413 2414
f 2518 2517 2413
f 2519 2414 2415
f 2519 2518 2414
f 2520 2415 2416
f 2520 2519 2415
f 2521 2416 2417
f 2521 2520 2416
f 2522 2417 2418
f 2522 2521 2417
f 2523 2418 2419
f 2523 2522 2418
f 2524 2419 2420
f 2524 2523 2419
f 2525 2420 2421
f 2525 2524 2420
f 2526 2421 2422
f 2526 2525 2421
f 2527 2422 2423
f 2527 2526 2422
f 2528 2423 2424
f 2528 2527 2423
f 2529 2424 2425
f 2529 2528 2424
f 2530 2425 2426
f 2530 2529 2425
f 2531 2426 2427
f 2531 2530 2426
f 2532 2427 2428
f 2532 2531 2427
f 2533 2428 2429
f 2533 2532 2428
f 2534 2429 2430
f 2534 2533 2429
f 2430 2431 2534
f 2534 2431 2535
f 2515 2432 2411
f 2536 2432 2515
f 2433 2535 2431
f 2433 2537 2535
f 2536 2434 2432
f 2538 2434 2536
f 2435 2537 2433
f 2435 2539 2537
f 2538 2436 2434
f 2540 2436 2538
f 2437 2539 2435
f 2437 2541 2539
f 2540 2438 2436
f 2542 2438 2540
f 2439 2541 2437
f 2439 2543 2541
f 2542 2440 2438
f 2544 2440 2542
f 2441 2543 2439
f 2441 2545 2543
f 2544 2442 2440
f 2546 2442 2544
f 2443 2545 2441
f 2443 2547 2545
f 2546 2444 2442
f 2548 2444 2546
f 2549 2547 2443
f 2549 2443 2445
f 2445 2446 2549
f 2549 2446 2550
f 2548 2447 2444
f 2551 2447 2548
f 2448 2550 2446
f 2448 2552 2550
f 2551 2449 2447
f 2553 2449 2551
f 2450 2552 2448
f 2450 2554 2552
f 2553 2451 2449
f 2555 2451 2553
f 2556 2554 2450
f 2556 2450 2452
f 2452 2453 2556
f 2556 2453 2557
f 2559 2558 2455
f 2455 2558 2454
f 2560 2455 2456
f 2560 2559 2455
f 2456 2451 2555
f 2456 2555 2560
f 2561 2557 2453
f 2561 2453 2457
f 2562 2457 2458
f 2562 2561 2457
f 2563 2458 2459
f 2563 2562 2458
f 2564 2459 2460
f 2564 2563 2459
f 2565 2460 2461
f 2565 2564 2460
f 2566 2461 2462
f 2566 2565 2461
f 2567 2462 2463
f 2567 2566 2462
f 2463 2454 2558
f 2463 2558 2567
f 2569 2568 2464
f 2569 2464 2465
f 2464 2570 2466
f 2568 2570 2464
f 2466 2571 2467
f 2570 2571 2466
f 2467 2572 2468
f 2571 2572 2467
f 2468 2573 2469
f 2572 2573 2468
f 2469 2574 2470
f 2573 2574 2469
f 2470 2575 2471
f 2574 2575 2470
f 2471 2576 2472
f 2575 2576 2471
f 2472 2577 2473
f 2576 2577 2472
f 2473 2578 2474
f 2577 2578 2473
f 2474 2579 2475
f 2578 2579 2474
f 2475 2580 2476
f 2579 2580 2475
f 2476 2581 2477
f 2580 2581 2476
f 2477 2582 2478
f 2581 2582 2477
f 2478 2583 2479
f 2582 2583 2478
f 2479 2584 2480
f 2583 2584 2479
f 2480 2585 2481
f 2584 2585 2480
f 2481 2586 2482
f 2585 2586 2481
f 2482 2587 2483
f 2586 2587 2482
f 2483 2588 2484
f 2587 2588 2483
f 2484 2589 2485
f 2588 2589 2484
f 2485 2590 2486
f 2589 2590 2485
f 2486 2591 2487
f 2590 2591 2486
f 2487 2592 2488
f 2591 2592 2487
f 2488 2593 2489
f 2592 2593 2488
f 2489 2594 2490
f 2593 2594 2489
f 2490 2595 2491
f 2594 2595 2490
f 2491 2596 2492
f 2595 2596 2491
f 2493 2492 2596
f 2493 2596 2597
f 2494 2569 2465
f 2494 2598 2569
f 2597 2599 2493
f 2493 2599 2495
f 2496 2495 2599
f 2496 2599 2600
f 2497 2598 2494
f 2497 2601 2598
f 2600 2498 2496
f 2602 2498 2600
f 2499 2601 2497
f 2499 2603 2601
f 2602 2500 2498
f 2604 2500 2602
f 2501 2603 2499
f 2501 2605 2603
f 2604 2502 2500
f 2606 2502 2604
f 2503 2605 2501
f 2503 2607 2605
f 2606 2504 2502
f 2608 2504 2606
f 2610 2609 2505
f 2610 2505 2506
f 2503 2505 2607
f 2607 2505 2609
f 2608 2507 2504
f 2611 2507 2608
f 2508 2610 2506
f 2508 2612 2610
f 2611 2509 2507
f 2613 2509 2611
f 2510 2612 2508
f 2510 2614 2612
f 2613 2511 2509
f 2615 2511 2613
f 2512 2614 2510
f 2512 2616 2614
f 2615 2513 2511
f 2617 2513 2615
f 2514 2616 2512
f 2514 2618 2616
f 2617 2515 2513
f 2619 2515 2617
f 2620 2618 2514
f 2620 2514 2516
f 2621 2516 2517
f 2621 2620 2516
f 2622 2517 2518
f 2622 2621 2517
f 2623 2518 2519
f 2623 2622 2518
f 2624 2519 2520
f 2624 2623 2519
f 2625 2520 2521
f 2625 2624 2520
f 2626 2521 2522
f 2626 2625 2521
f 2627 2522 2523
f 2627 2626 2522
f 2628 2523 2524
f 2628 2627 2523
f 2629 2524 2525
f 2629 2628 2524
f 2630 2525 2526
f 2630 2629 2525
f 2631 2526 2527
f 2631 2630 2526
f 2632 2527 2528
f 2632 2631 2527
f 2633 2528 2529
f 2633 2632 2528
f 2634 2529 2530
f 2634 2633 2529
f 2635 2530 2531
f 2635 2634 2530
f 2636 2531 2532
f 2636 2635 2531
f 2637 2532 2533
f 2637 2636 2532
f 2638 2533 2534
f 2638 2637 2533
f 2534 2535 2638
f 2638 2535 2639
f 2619 2536 2515
f 2640 2536 2619
f 2537 2639 2535
f 2537 2641 2639
f 2640 2538 2536
f 2642 2538 2640
f 2539 2641 2537
f 2539 2643 2641
f 2642 2540 2538
f 2644 2540 2642
f 2541 2643 2539
f 2541 2645 2643
f 2644 2542 2540
f 2646 2542 2644
f 2543 2645 2541
f 2543 2647 2645
f 2646 2544 2542
f 2648 2544 2646
f 2545 2647 2543
f 2545 2649 2647
f 2648 2546 2544
f 2650 2546 2648
f 2547 2649 2545
f 2547 2651 2649
f 2650 2548 2546
f 2652 2548 2650
f 2653 2651 2547
f 2653 2547 2549
f 2549 2550 2653
f 2653 2550 2654
f 2652 2551 2548
f 2655 2551 2652
f 2552 2654 2550
f 2552 2656 2654
f 2655 2553 2551
f 2657 2553 2655
f 2554 2656 2552
f 2554 2658 2656
f 2657 2555 2553
f 2659 2555 2657
f 2660 2658 2554
f 2660 2554 2556
f 2556 2557 2660
f 2660 2557 2661
f 2663 2662 2559
f 2559 2662 2558
f 2664 2559 2560
f 2664 2663 2559
f 2560 2555 2659
f 2560 2659 2664
f 2665 2661 2557
f 2665 2557 2561
f 2666 2561 2562
f 2666 2665 2561
f 2667 2562 2563
f 2667 2666 2562
f 2668 2563 2564
f 2668 2667 2563
f 2669 2564 2565
f 2669 2668 2564
f 2670 2565 2566
f 2670 2669 2565
f 2671 2566 2567
f 2671 2670 2566
f 2567 2558 2662
f 2567 2662 2671
f 2673 2672 2568
f 2673 2568 2569
f 2568 2674 2570
f 2672 2674 2568
f 2570 2675 2571
f 2674 2675 2570
f 2571 2676 2572
f 2675 2676 2571
f 2572 2677 2573
f 2676 2677 2572
f 2573 2678 2574
f 2677 2678 2573
f 2574 2679 2575
f 2678 2679 2574
f 2575 2680 2576
f 2679 2680 2575
f 2576 2681 2577
f 2680 2681 2576
f 2577 2682 2578
f 2681 2682 2577
f 2578 2683 2579
f 2682 2683 2578
f 2579 2684 2580
f 2683 2684 2579
f 2580 2685 2581
f 2684 2685 2580
f 2581 2686 2582
f 2685 2686 2581
f 2582 2687 2583
f 2686 2687 2582
f 2583 2688 2584
f 2687 2688 2583
f 2584 2689 2585
f 2688 2689 2584
f 2585 2690 2586
f 2689 2690 2585
f 2586 2691 2587
f 2690 2691 2586
f 2587 2692 2588
f 2691 2692 2587
f 2588 2693 2589
f 2692 2693 2588
f 2589 2694 2590
f 2693 2694 2589
f 2590 2695 2591
f 2694 2695 2590
f 2591 2696 2592
f 2695 2696 2591
f 2592 2697 2593
f 2696 2697 2592
f 2593 2698 2594
f 2697 2698 2593
f 2594 2699 2595
f 2698 2699 2594
f 2595 2700 2596
f 2699 2700 2595
f 2597 2596 2700
f 2597 2700 2701
f 2598 2673 2569
f 2598 2702 2673
f 2701 2703 2597
f 2597 2703 2599
f 2600 2599 2703
f 2600 2703 2704
f 2601 2702 2598
f 2601 2705 2702
f 2704 2602 2600
f 2706 2602 2704
f 2603 2705 2601
f 2603 2707 2705
f 2706 2604 2602
f 2708 2604 2706
f 2605 2707 2603
f 2605 2709 2707
f 2708 2606 2604
f 2710 2606 2708
f 2607 2709 2605
f 2607 2711 2709
f 2710 2608 2606
f 2712 2608 2710
f 2714 2713 2609
f 2714 2609 2610
f 2607 2609 2711
f 2711 2609 2713
f 2712 2611 2608
f 2715 2611 2712
f 2612 2714 2610
f 2612 2716 2714
f 2715 2613 2611
f 2717 2613 2715
f 2614 2716 2612
f 2614 2718 2716
f 2717 2615 2613
f 2719 2615 2717
f 2616 2718 2614
f 2616 2720 2718
f 2719 2617 2615
f 2721 2617 2719
f 2618 2720 2616
f 2618 2722 2720
f 2721 2619 2617
f 2723 2619 2721
f 2724 2722 2618
f 2724 2618 2620
f 2725 2620 2621
f 2725 2724 2620
f 2726 2621 2622
f 2726 2725 2621
f 2727 2622 2623
f 2727 2726 2622
f 2728 2623 2624
f 2728 2727 2623
f 2729 2624 2625
f 2729 2728 2624
f 2730 2625 2626
f 2730 2729 2625
f 2731 2626 2627
f 2731 2730 2626
f 2732 2627 2628
f 2732 2731 2627
f 2733 2628 2629
f 2733 2732 2628
f 2734 2629 2630
f 2734 2733 2629
f 2735 2630 2631
f 2735 2734 2630
f 2736 2631 2632
f 2736 2735 2631
f 2737 2632 2633
f 2737 2736 2632
f 2738 2633 2634
f 2738 2737 2633
f 2739 2634 2635
f 2739 2738 2634
f 2740 2635 2636
f 2740 2739 2635
f 2741 2636 2637
f 2741 2740 2636
f 2742 2637 2638
f 2742 2741 2637
f 2638 2639 2742
f 2742 2639 2743
f 2723 2640 2619
f 2744 2640 2723
f 2641 2743 2639
f 2641 2745 2743
f 2744 2642 2640
f 2746 2642 2744
f 2643 2745 2641
f 2643 2747 2745
f 2746 2644 2642
f 2748 2644 2746
f 2645 2747 2643
f 2645 2749 2747
f 2748 2646 2644
f 2750 2646 2748
f 2647 2749 2645
f 2647 2751 2749
f 2750 2648 2646
f 2752 2648 2750
f 2649 2751 2647
f 2649 2753 2751
f 2752 2650 2648
f 2754 2650 2752
f 2651 2753 2649
f 2651 2755 2753
f 2754 2652 2650
f 2756 2652 2754
f 2757 2755 2651
f 2757 2651 2653
f 2653 2654 2757
f 2757 2654 2758
f 2756 2655 2652
f 2759 2655 2756
f 2656 2758 2654
f 2656 2760 2758
f 2759 2657 2655
f 2761 2657 2759
f 2658 2760 2656
f 2658 2762 2760
f 2761 2659 2657
f 2763 2659 2761
f 2764 2762 2658
f 2764 2658 2660
f 2660 2661 2764
f 2764 2661 2765
f 2767 2766 2663
f 2663 2766 2662
f 2768 2663 2664
f 2768 2767 2663
f 2664 2659 2763
f 2664 2763 2768
f 2769 2765 2661
f 2769 2661 2665
f 2770 2665 2666
f 2770 2769 2665
f 2771 2666 2667
f 2771 2770 2666
f 2772 2667 2668
f 2772 2771 2667
f 2773 2668 2669
f 2773 2772 2668
f 2774 2669 2670
f 2774 2773 2669
f 2775 2670 2671
f 2775 2774 2670
f 2671 2662 2766
f 2671 2766 2775
f 2777 2776 2672
f 2777 2672 2673
f 2672 2778 2674
f 2776 2778 2672
f 2674 2779 2675
f 2778 2779 2674
f 2675 2780 2676
f 2779 2780 2675
f 2676 2781 2677
f 2780 2781 2676
f 2677 2782 2678
f 2781 2782 2677
f 2678 2783 2679
f 2782 2783 2678
f 2679 2784 2680
f 2783 2784 2679
f 2680 2785 2681
f 2784 2785 2680
f 2681 2786 2682
f 2785 2786 2681
f 2682 2787 2683
f 2786 2787 2682
f 2683 2788 2684
f 2787 2788 2683
f 2684 2789 2685
f 2788 2789 2684
f 2685 2790 2686
f 2789 2790 2685
f 2686 2791 2687
f 2790 2791 2686
f 2687 2792 2688
f 2791 2792 2687
f 2688 2793 2689
f 2792 2793 2688
f 2689 2794 2690
f 2793 2794 2689
f 2690 2795 2691
f 2794 2795 2690
f 2691 2796 2692
f 2795 2796 2691
f 2692 2797 2693
f 2796 2797 2692
f 2693 2798 2694
f 2797 2798 2693
f 2694 2799 2695
f 2798 2799 2694
f 2695 2800 2696
f 2799 2800 2695
f 2696 2801 2697
f 2800 2801 2696
f 2697 2802 2698
f 2801 2802 2697
f 2698 2803 2699
f 2802 2803 2698
f 2699 2804 2700
f 2803 2804 2699
f 2806 2805 2701
f 2700 2806 2701
f 2804 2806 2700
f 2807 2805 2806
f 2702 2777 2673
f 2702 2808 2777
f 2805 2703 2701
f 2704 2703 2805
f 2807 2704 2805
f 2809 2704 2807
f 2705 2808 2702
f 2705 2810 2808
f 2809 2706 2704
f 2811 2706 2809
f 2707 2810 2705
f 2707 2812 2810
f 2811 2708 2706
f 2813 2708 2811
f 2709 2812 2707
f 2709 2814 2812
f 2813 2710 2708
f 2815 2710 2813
f 2711 2814 2709
f 2711 2816 2814
f 2815 2712 2710
f 2817 2712 2815
f 2819 2818 2713
f 2819 2713 2714
f 2711 2713 2816
f 2816 2713 2818
f 2817 2715 2712
f 2820 2715 2817
f 2716 2819 2714
f 2716 2821 2819
f 2820 2717 2715
f 2822 2717 2820
f 2718 2821 2716
f 2718 2823 2821
f 2822 2719 2717
f 2824 2719 2822
f 2720 2823 2718
f 2720 2825 2823
f 2824 2721 2719
f 2826 2721 2824
f 2722 2825 2720
f 2722 2827 2825
f 2826 2723 2721
f 2828 2723 2826
f 2829 2827 2722
f 2829 2722 2724
f 2830 2724 2725
f 2830 2829 2724
f 2831 2725 2726
f 2831 2830 2725
f 2832 2726 2727
f 2832 2831 2726
f 2833 2727 2728
f 2833 2832 2727
f 2834 2728 2729
f 2834 2833 2728
f 2835 2729 2730
f 2835 2834 2729
f 2836 2730 2731
f 2836 2835 2730
f 2837 2731 2732
f 2837 2836 2731
f 2838 2732 2733
f 2838 2837 2732
f 2839 2733 2734
f 2839 2838 2733
f 2840 2734 2735
f 2840 2839 2734
f 2841 2735 2736
f 2841 2840 2735
f 2842 2736 2737
f 2842 2841 2736
f 2843 2737 2738
f 2843 2842 2737
f 2844 2738 2739
f 2844 2843 2738
f 2845 2739 2740
f 2845 2844 2739
f 2846 2740 2741
f 2846 2845 2740
f 2847 2741 2742
f 2847 2846 2741
f 2742 2743 2847
f 2847 2743 2848
f 2828 2744 2723
f 2849 2744 2828
f 2745 2851 2850
f 2848 2745 2850
f 2743 2745 2848
f 2851 2852 2850
f 2849 2746 2744
f 2853 2746 2849
f 2855 2854 2851
f 2745 2855 2851
f 2747 2855 2745
f 2851 2854 2852
f 2853 2748 2746
f 2856 2748 2853
f 2749 2855 2747
f 2749 2857 2855
f 2856 2750 2748
f 2858 2750 2856
f 2751 2857 2749
f 2751 2859 2857
f 2858 2752 2750
f 2860 2752 2858
f 2753 2859 2751
f 2753 2861 2859
f 2860 2754 2752
f 2862 2754 2860
f 2755 2861 2753
f 2755 2863 2861
f 2862 2756 2754
f 2864 2756 2862
f 2865 2863 2755
f 2865 2755 2757
f 2757 2758 2865
f 2865 2758 2866
f 2864 2759 2756
f 2867 2759 2864
f 2760 2866 2758
f 2760 2868 2866
f 2867 2761 2759
f 2869 2761 2867
f 2762 2868 2760
f 2762 2870 2868
f 2873 2872 2871
f 2869 2873 2871
f 2763 2869 2871
f 2761 2869 2763
f 2874 2870 2762
f 2874 2762 2764
f 2764 2765 2874
f 2874 2765 2875
f 2877 2876 2767
f 2767 2876 2766
f 2768 2871 2872
f 2877 2768 2872
f 2767 2768 2877
f 2871 2768 2763
f 2878 2875 2765
f 2878 2765 2769
f 2879 2769 2770
f 2879 2878 2769
f 2880 2770 2771
f 2880 2879 2770
f 2881 2771 2772
f 2881 2880 2771
f 2882 2772 2773
f 2882 2881 2772
f 2883 2773 2774
f 2883 2882 2773
f 2884 2774 2775
f 2884 2883 2774
f 2775 2766 2876
f 2775 2876 2884
f 2886 2885 2776
f 2886 2776 2777
f 2776 2887 2778
f 2885 2887 2776
f 2778 2888 2779
f 2887 2888 2778
f 2779 2889 2780
f 2888 2889 2779
f 2780 2890 2781
f 2889 2890 2780
f 2781 2891 2782
f 2890 2891 2781
f 2782 2892 2783
f 2891 2892 2782
f 2783 2893 2784
f 2892 2893 2783
f 2784 2894 2785
f 2893 2894 2784
f 2785 2895 2786
f 2894 2895 2785
f 2786 2896 2787
f 2895 2896 2786
f 2787 2897 2788
f 2896 2897 2787
f 2788 2898 2789
f 2897 2898 2788
f 2789 2899 2790
f 2898 2899 2789
f 2790 2900 2791
f 2899 2900 2790
f 2791 2901 2792
f 2900 2901 2791
f 2792 2902 2793
f 2901 2902 2792
f 2793 2903 2794
f 2902 2903 2793
f 2794 2904 2795
f 2903 2904 2794
f 2795 2905 2796
f 2904 2905 2795
f 2796 2906 2797
f 2905 2906 2796
f 2797 2907 2798
f 2906 2907 2797
f 2798 2908 2799
f 2907 2908 2798
f 2799 2909 2800
f 2908 2909 2799
f 2800 2910 2801
f 2909 2910 2800
f 2801 2911 2802
f 2910 2911 2801
f 2802 2912 2803
f 2911 2912 2802
f 2803 2913 2804
f 2912 2913 2803
f 2804 2914 2806
f 2913 2914 2804
f 2807 2806 2914
f 2807 2914 2915
f 2808 2886 2777
f 2808 2916 2886
f 2915 2809 2807
f 2917 2809 2915
f 2810 2916 2808
f 2810 2918 2916
f 2917 2811 2809
f 2919 2811 2917
f 2812 2918 2810
f 2812 2920 2918
f 2919 2813 2811
f 2921 2813 2919
f 2814 2920 2812
f 2814 2922 2920
f 2921 2815 2813
f 2923 2815 2921
f 2816 2922 2814
f 2816 2924 2922
f 2923 2817 2815
f 2925 2817 2923
f 2927 2926 2818
f 2927 2818 2819
f 2816 2818 2924
f 2924 2818 2926
f 2925 2820 2817
f 2928 2820 2925
f 2821 2927 2819
f 2821 2929 2927
f 2928 2822 2820
f 2930 2822 2928
f 2823 2929 2821
f 2823 2931 2929
f 2930 2824 2822
f 2932 2824 2930
f 2825 2931 2823
f 2825 2933 2931
f 2932 2826 2824
f 2934 2826 2932
f 2827 2933 2825
f 2827 2935 2933
f 2934 2828 2826
f 2936 2828 2934
f 2937 2935 2827
f 2937 2827 2829
f 2938 2829 2830
f 2938 2937 2829
f 2939 2830 2831
f 2939 2938 2830
f 2940 2831 2832
f 2940 2939 2831
f 2941 2832 2833
f 2941 2940 2832
f 2942 2833 2834
f 2942 2941 2833
f 2943 2834 2835
f 2943 2942 2834
f 2944 2835 2836
f 2944 2943 2835
f 2945 2836 2837
f 2945 2944 2836
f 2946 2837 2838
f 2946 2945 2837
f 2947 2838 2839
f 2947 2946 2838
f 2948 2839 2840
f 2948 2947 2839
f 2949 2840 2841
f 2949 2948 2840
f 2950 2841 2842
f 2950 2949 2841
f 2951 2842 2843
f 2951 2950 2842
f 2952 2843 2844
f 2952 2951 2843
f 2953 2844 2845
f 2953 2952 2844
f 2954 2845 2846
f 2954 2953 2845
f 2955 2846 2847
f 2955 2954 2846
f 2847 2848 2955
f 2955 2848 2956
f 2936 2849 2828
f 2957 2849 2936
f 2958 2956 2848
f 2958 2848 2850
f 2850 2852 2958
f 2958 2852 2959
f 2957 2853 2849
f 2960 2853 2957
f 2962 2961 2854
f 2962 2854 2855
f 2852 2854 2959
f 2959 2854 2961
f 2960 2856 2853
f 2963 2856 2960
f 2857 2962 2855
f 2857 2964 2962
f 2963 2858 2856
f 2965 2858 2963
f 2859 2964 2857
f 2859 2966 2964
f 2965 2860 2858
f 2967 2860 2965
f 2861 2966 2859
f 2861 2968 2966
f 2967 2862 2860
f 2969 2862 2967
f 2863 2968 2861
f 2863 2970 2968
f 2969 2864 2862
f 2971 2864 2969
f 2972 2970 2863
f 2972 2863 2865
f 2865 2866 2972
f 2972 2866 2973
f 2971 2867 2864
f 2974 2867 2971
f 2868 2973 2866
f 2868 2975 2973
f 2974 2869 2867
f 2976 2869 2974
f 2870 2975 2868
f 2870 2977 2975
f 2979 2978 2873
f 2873 2978 2872
f 2873 2869 2976
f 2873 2976 2979
f 2980 2977 2870
f 2980 2870 2874
f 2874 2875 2980
f 2980 2875 2981
f 2983 2982 2877
f 2877 2982 2876
f 2877 2872 2978
f 2877 2978 2983
f 2984 2981 2875
f 2984 2875 2878
f 2985 2878 2879
f 2985 2984 2878
f 2986 2879 2880
f 2986 2985 2879
f 2987 2880 2881
f 2987 2986 2880
f 2988 2881 2882
f 2988 2987 2881
f 2989 2882 2883
f 2989 2988 2882
f 2990 2883 2884
f 2990 2989 2883
f 2884 2876 2982
f 2884 2982 2990
f 2992 2991 2885
f 2992 2885 2886
f 2885 2993 2887
f 2991 2993 2885
f 2887 2994 2888
f 2993 2994 2887
f 2888 2995 2889
f 2994 2995 2888
f 2889 2996 2890
f 2995 2996 2889
f 2890 2997 2891
f 2996 2997 2890
f 2891 2998 2892
f 2997 2998 2891
f 2892 2999 2893
f 2998 2999 2892
f 2893 3000 2894
f 2999 3000 2893
f 2894 3001 2895
f 3000 3001 2894
f 2895 3002 2896
f 3001 3002 2895
f 2896 3003 2897
f 3002 3003 2896
f 2897 3004 2898
f 3003 3004 2897
f 2898 3005 2899
f 3004 3005 2898
f 2899 3006 2900
f 3005 3006 2899
f 2900 3007 2901
f 3006 3007 2900
f 2901 3008 2902
f 3007 3008 2901
f 2902 3009 2903
f 3008 3009 2902
f 2903 3010 2904
f 3009 3010 2903
f 2904 3011 2905
f 3010 3011 2904
f 2905 3012 2906
f 3011 3012 2905
f 2906 3013 2907
f 3012 3013 2906
f 2907 3014 2908
f 3013 3014 2907
f 2908 3015 2909
f 3014 3015 2908
f 2909 3016 2910
f 3015 3016 2909
f 2910 3017 2911
f 3016 3017 2910
f 2911 3018 2912
f 3017 3018 2911
f 2912 3019 2913
f 3018 3019 2912
f 2913 3020 2914
f 3019 3020 2913
f 2915 2914 3020
f 2915 3020 3021
f 2916 2992 2886
f 2916 3022 2992
f 3021 2917 2915
f 3023 2917 3021
f 2918 3022 2916
f 2918 3024 3022
f 3023 2919 2917
f 3025 2919 3023
f 2920 3024 2918
f 2920 3026 3024
f 3025 2921 2919
f 3027 2921 3025
f 2922 3026 2920
f 2922 3028 3026
f 3027 2923 2921
f 3029 2923 3027
f 2924 3028 2922
f 2924 3030 3028
f 3029 2925 2923
f 3031 2925 3029
f 3033 3032 2926
f 3033 2926 2927
f 2924 2926 3030
f 3030 2926 3032
f 3031 2928 2925
f 3034 2928 3031
f 2929 3033 2927
f 2929 3035 3033
f 3034 2930 2928
f 3036 2930 3034
f 2931 3035 2929
f 2931 3037 3035
f 3036 2932 2930
f 3038 2932 3036
f 2933 3037 2931
f 2933 3039 3037
f 3038 2934 2932
f 3040 2934 3038
f 2935 3039 2933
f 2935 3041 3039
f 3040 2936 2934
f 3042 2936 3040
f 3043 3041 2935
f 3043 2935 2937
f 3044 2937 2938
f 3044 3043 2937
f 3045 2938 2939
f 3045 3044 2938
f 3046 2939 2940
f 3046 3045 2939
f 3047 2940 2941
f 3047 3046 2940
f 3048 2941 2942
f 3048 3047 2941
f 3049 2942 2943
f 3049 3048 2942
f 3050 2943 2944
f 3050 3049 2943
f 3051 2944 2945
f 3051 3050 2944
f 3052 2945 2946
f 3052 3051 2945
f 3053 2946 2947
f 3053 3052 2946
f 3054 2947 2948
f 3054 3053 2947
f 3055 2948 2949
f 3055 3054 2948
f 3056 2949 2950
f 3056 3055 2949
f 3057 2950 2951
f 3057 3056 2950
f 3058 2951 2952
f 3058 3057 2951
f 3059 2952 2953
f 3059 3058 2952
f 3060 2953 2954
f 3060 3059 2953
f 3061 2954 2955
f 3061 3060 2954
f 2955 2956 3061
f 3061 2956 3062
f 3042 2957 2936
f 3063 2957 3042
f 3064 3062 2956
f 3064 2956 2958
f 2958 2959 3064
f 3064 2959 3065
f 3063 2960 2957
f 3066 2960 3063
f 3068 3067 2961
f 3068 2961 2962
f 2959 2961 3065
f 3065 2961 3067
f 3066 2963 2960
f 3069 2963 3066
f 2964 3068 2962
f 2964 3070 3068
f 3069 2965 2963
f 3071 2965 3069
f 2966 3070 2964
f 2966 3072 3070
f 3071 2967 2965
f 3073 2967 3071
f 2968 3072 2966
f 2968 3074 3072
f 3073 2969 2967
f 3075 2969 3073
f 2970 3074 2968
f 2970 3076 3074
f 3075 2971 2969
f 3077 2971 3075
f 3078 3076 2970
f 3078 2970 2972
f 2972 2973 3078
f 3078 2973 3079
f 3077 2974 2971
f 3080 2974 3077
f 2975 3079 2973
f 2975 3081 3079
f 3080 2976 2974
f 3082 2976 3080
f 2977 3081 2975
f 2977 3083 3081
f 3085 3084 2979
f 2979 3084 2978
f 2979 2976 3082
f 2979 3082 3085
f 3086 3083 2977
f 3086 2977 2980
f 2980 2981 3086
f 3086 2981 3087
f 3089 3088 2983
f 2983 3088 2982
f 2983 2978 3084
f 2983 3084 3089
f 3090 3087 2981
f 3090 2981 2984
f 3091 2984 2985
f 3091 3090 2984
f 3092 2985 2986
f 3092 3091 2985
f 3093 2986 2987
f 3093 3092 2986
f 3094 2987 2988
f 3094 3093 2987
f 3095 2988 2989
f 3095 3094 2988
f 3096 2989 2990
f 3096 3095 2989
f 2990 2982 3088
f 2990 3088 3096
f 3098 3097 2991
f 3098 2991 2992
f 2991 3099 2993
f 3097 3099 2991
f 2993 3100 2994
f 3099 3100 2993
f 2994 3101 2995
f 3100 3101 2994
f 2995 3102 2996
f 3101 3102 2995
f 2996 3103 2997
f 3102 3103 2996
f 2997 3104 2998
f 3103 3104 2997
f 2998 3105 2999
f 3104 3105 2998
f 2999 3106 3000
f 3105 3106 2999
f 3000 3107 3001
f 3106 3107 3000
f 3001 3108 3002
f 3107 3108 3001
f 3002 3109 3003
f 3108 3109 3002
f 3003 3110 3004
f 3109 3110 3003
f 3004 3111 3005
f 3110 3111 3004
f 3005 3112 3006
f 3111 3112 3005
f 3006 3113 3007
f 3112 3113 3006
f 3007 3114 3008
f 3113 3114 3007
f 3008 3115 3009
f 3114 3115 3008
f 3009 3116 3010
f 3115 3116 3009
f 3010 3117 3011
f 3116 3117 3010
f 3011 3118 3012
f 3117 3118 3011
f 3012 3119 3013
f 3118 3119 3012
f 3013 3120 3014
f 3119 3120 3013
f 3014 3121 3015
f 3120 3121 3014
f 3015 3122 3016
f 3121 3122 3015
f 3016 3123 3017
f 3122 3123 3016
f 3017 3124 3018
f 3123 3124 3017
f 3018 3125 3019
f 3124 3125 3018
f 3019 3126 3020
f 3125 3126 3019
f 3021 3020 3126
f 3021 3126 3127
f 3022 3098 2992
f 3022 3128 3098
f 3127 3023 3021
f 3129 3023 3127
f 3024 3128 3022
f 3024 3130 3128
f 3129 3025 3023
f 3131 3025 3129
f 3026 3130 3024
f 3026 3132 3130
f 3131 3027 3025
f 3133 3027 3131
f 3028 3132 3026
f 3028 3134 3132
f 3133 3029 3027
f 3135 3029 3133
f 3030 3134 3028
f 3030 3136 3134
f 3135 3031 3029
f 3137 3031 3135
f 3139 3138 3032
f 3139 3032 3033
f 3030 3032 3136
f 3136 3032 3138
f 3137 3034 3031
f 3140 3034 3137
f 3035 3139 3033
f 3035 3141 3139
f 3140 3036 3034
f 3142 3036 3140
f 3037 3141 3035
f 3037 3143 3141
f 3142 3038 3036
f 3144 3038 3142
f 3039 3143 3037
f 3039 3145 3143
f 3144 3040 3038
f 3146 3040 3144
f 3041 3145 3039
f 3041 3147 3145
f 3146 3042 3040
f 3148 3042 3146
f 3149 3147 3041
f 3149 3041 3043
f 3150 3043 3044
f 3150 3149 3043
f 3151 3044 3045
f 3151 3150 3044
f 3152 3045 3046
f 3152 3151 3045
f 3153 3046 3047
f 3153 3152 3046
f 3154 3047 3048
f 3154 3153 3047
f 3155 3048 3049
f 3155 3154 3048
f 3156 3049 3050
f 3156 3155 3049
f 3157 3050 3051
f 3157 3156 3050
f 3158 3051 3052
f 3158 3157 3051
f 3159 3052 3053
f 3159 3158 3052
f 3160 3053 3054
f 3160 3159 3053
f 3161 3054 3055
f 3161 3160 3054
f 3162 3055 3056
f 3162 3161 3055
f 3163 3056 3057
f 3163 3162 3056
f 3164 3057 3058
f 3164 3163 3057
f 3165 3058 3059
f 3165 3164 3058
f 3166 3059 3060
f 3166 3165 3059
f 3167 3060 3061
f 3167 3166 3060
f 3061 3062 3167
f 3167 3062 3168
f 3148 3063 3042
f 3169 3063 3148
f 3170 3168 3062
f 3170 3062 3064
f 3064 3065 3170
f 3170 3065 3171
f 3169 3066 3063
f 3172 3066 3169
f 3174 3173 3067
f 3174 3067 3068
f 3065 3067 3171
f 3171 3067 3173
f 3172 3069 3066
f 3175 3069 3172
f 3070 3174 3068
f 3070 3176 3174
f 3175 3071 3069
f 3177 3071 3175
f 3072 3176 3070
f 3072 3178 3176
f 3177 3073 3071
f 3179 3073 3177
f 3074 3178 3072
f 3074 3180 3178
f 3179 3075 3073
f 3181 3075 3179
f 3076 3180 3074
f 3076 3182 3180
f 3181 3077 3075
f 3183 3077 3181
f 3184 3182 3076
f 3184 3076 3078
f 3078 3079 3184
f 3184 3079 3185
f 3183 3080 3077
f 3186 3080 3183
f 3081 3185 3079
f 3081 3187 3185
f 3186 3082 3080
f 3188 3082 3186
f 3083 3187 3081
f 3083 3189 3187
f 3191 3190 3085
f 3085 3190 3084
f 3085 3082 3188
f 3085 3188 3191
f 3192 3189 3083
f 3192 3083 3086
f 3086 3087 3192
f 3192 3087 3193
f 3195 3194 3089
f 3089 3194 3088
f 3089 3084 3190
f 3089 3190 3195
f 3196 3193 3087
f 3196 3087 3090
f 3197 3090 3091
f 3197 3196 3090
f 3198 3091 3092
f 3198 3197 3091
f 3199 3092 3093
f 3199 3198 3092
f 3200 3093 3094
f 3200 3199 3093
f 3201 3094 3095
f 3201 3200 3094
f 3202 3095 3096
f 3202 3201 3095
f 3096 3088 3194
f 3096 3194 3202
f 3204 3203 3097
f 3204 3097 3098
f 3097 3205 3099
f 3203 3205 3097
f 3099 3206 3100
f 3205 3206 3099
f 3100 3207 3101
f 3206 3207 3100
f 3101 3208 3102
f 3207 3208 3101
f 3102 3209 3103
f 3208 3209 3102
f 3103 3210 3104
f 3209 3210 3103
f 3104 3211 3105
f 3210 3211 3104
f 3105 3212 3106
f 3211 3212 3105
f 3106 3213 3107
f 3212 3213 3106
f 3107 3214 3108
f 3213 3214 3107
f 3108 3215 3109
f 3214 3215 3108
f 3109 3216 3110
f 3215 3216 3109
f 3110 3217 3111
f 3216 3217 3110
f 3111 3218 3112
f 3217 3218 3111
f 3112 3219 3113
f 3218 3219 3112
f 3113 3220 3114
f 3219 3220 3113
f 3114 3221 3115
f 3220 3221 3114
f 3115 3222 3116
f 3221 3222 3115
f 3116 3223 3117
f 3222 3223 3116
f 3117 3224 3118
f 3223 3224 3117
f 3118 3225 3119
f 3224 3225 3118
f 3119 3226 3120
f 3225 3226 3119
f 3120 3227 3121
f 3226 3227 3120
f 3121 3228 3122
f 3227 3228 3121
f 3122 3229 3123
f 3228 3229 3122
f 3123 3230 3124
f 3229 3230 3123
f 3124 3231 3125
f 3230 3231 3124
f 3125 3232 3126
f 3231 3232 3125
f 3127 3126 3232
f 3127 3232 3233
f 3128 3204 3098
f 3128 3234 3204
f 3233 3129 3127
f 3235 3129 3233
f 3130 3234 3128
f 3130 3236 3234
f 3235 3131 3129
f 3237 3131 3235
f 3132 3236 3130
f 3132 3238 3236
f 3237 3133 3131
f 3239 3133 3237
f 3134 3238 3132
f 3134 3240 3238
f 3239 3135 3133
f 3241 3135 3239
f 3136 3240 3134
f 3136 3242 3240
f 3241 3137 3135
f 3243 3137 3241
f 3245 3244 3138
f 3245 3138 3139
f 3136 3138 3242
f 3242 3138 3244
f 3243 3140 3137
f 3246 3140 3243
f 3141 3245 3139
f 3141 3247 3245
f 3246 3142 3140
f 3248 3142 3246
f 3143 3247 3141
f 3143 3249 3247
f 3248 3144 3142
f 3250 3144 3248
f 3145 3249 3143
f 3145 3251 3249
f 3250 3146 3144
f 3252 3146 3250
f 3147 3251 3145
f 3147 3253 3251
f 3252 3148 3146
f 3254 3148 3252
f 3255 3253 3147
f 3255 3147 3149
f 3256 3149 3150
f 3256 3255 3149
f 3257 3150 3151
f 3257 3256 3150
f 3258 3151 3152
f 3258 3257 3151
f 3259 3152 3153
f 3259 3258 3152
f 3260 3153 3154
f 3260 3259 3153
f 3261 3154 3155
f 3261 3260 3154
f 3262 3155 3156
f 3262 3261 3155
f 3263 3156 3157
f 3263 3262 3156
f 3264 3157 3158
f 3264 3263 3157
f 3265 3158 3159
f 3265 3264 3158
f 3266 3159 3160
f 3266 3265 3159
f 3267 3160 3161
f 3267 3266 3160
f 3268 3161 3162
f 3268 3267 3161
f 3269 3162 3163
f 3269 3268 3162
f 3270 3163 3164
f 3270 3269 3163
f 3271 3164 3165
f 3271 3270 3164
f 3272 3165 3166
f 3272 3271 3165
f 3273 3166 3167
f 3273 3272 3166
f 3167 3168 3273
f 3273 3168 3274
f 3254 3169 3148
f 3275 3169 3254
f 3276 3274 3168
f 3276 3168 3170
f 3170 3171 3276
f 3276 3171 3277
f 3275 3172 3169
f 3278 3172 3275
f 3280 3279 3173
f 3280 3173 3174
f 3171 3173 3277
f 3277 3173 3279
f 3278 3175 3172
f 3281 3175 3278
f 3176 3280 3174
f 3176 3282 3280
f 3281 3177 3175
f 3283 3177 3281
f 3178 3282 3176
f 3178 3284 3282
f 3283 3179 3177
f 3285 3179 3283
f 3180 3284 3178
f 3180 3286 3284
f 3285 3181 3179
f 3287 3181 3285
f 3182 3286 3180
f 3182 3288 3286
f 3287 3183 3181
f 3289 3183 3287
f 3290 3288 3182
f 3290 3182 3184
f 3184 3185 3290
f 3290 3185 3291
f 3289 3186 3183
f 3292 3186 3289
f 3187 3291 3185
f 3187 3293 3291
f 3292 3188 3186
f 3294 3188 3292
f 3189 3293 3187
f 3189 3295 3293
f 3297 3296 3191
f 3191 3296 3190
f 3191 3188 3294
f 3191 3294 3297
f 3298 3295 3189
f 3298 3189 3192
f 3192 3193 3298
f 3298 3193 3299
f 3301 3300 3195
f 3195 3300 3194
f 3195 3190 3296
f 3195 3296 3301
f 3302 3299 3193
f 3302 3193 3196
f 3303 3196 3197
f 3303 3302 3196
f 3304 3197 3198
f 3304 3303 3197
f 3305 3198 3199
f 3305 3304 3198
f 3306 3199 3200
f 3306 3305 3199
f 3307 3200 3201
f 3307 3306 3200
f 3308 3201 3202
f 3308 3307 3201
f 3202 3194 3300
f 3202 3300 3308
f 3310 3309 3203
f 3310 3203 3204
f 3203 3311 3205
f 3309 3311 3203
f 3205 3312 3206
f 3311 3312 3205
f 3206 3313 3207
f 3312 3313 3206
f 3207 3314 3208
f 3313 3314 3207
f 3208 3315 3209
f 3314 3315 3208
f 3209 3316 3210
f 3315 3316 3209
f 3210 3317 3211
f 3316 3317 3210
f 3211 3318 3212
f 3317 3318 3211
f 3212 3319 3213
f 3318 3319 3212
f 3213 3320 3214
f 3319 3320 3213
f 3214 3321 3215
f 3320 3321 3214
f 3215 3322 3216
f 3321 3322 3215
f 3216 3323 3217
f 3322 3323 3216
f 3217 3324 3218
f 3323 3324 3217
f 3218 3325 3219
f 3324 3325 3218
f 3219 3326 3220
f 3325 3326 3219
f 3220 3327 3221
f 3326 3327 3220
f 3221 3328 3222
f 3327 3328 3221
f 3222 3329 3223
f 3328 3329 3222
f 3223 3330 3224
f 3329 3330 3223
f 3224 3331 3225
f 3330 3331 3224
f 3225 3332 3226
f 3331 3332 3225
f 3226 3333 3227
f 3332 3333 3226
f 3227 3334 3228
f 3333 3334 3227
f 3228 3335 3229
f 3334 3335 3228
f 3229 3336 3230
f 3335 3336 3229
f 3230 3337 3231
f 3336 3337 3230
f 3231 3338 3232
f 3337 3338 3231
f 3233 3232 3338
f 3233 3338 3339
f 3234 3310 3204
f 3234 3340 3310
f 3339 3235 3233
f 3341 3235 3339
f 3236 3340 3234
f 3236 3342 3340
f 3341 3237 3235
f 3343 3237 3341
f 3238 3342 3236
f 3238 3344 3342
f 3343 3239 3237
f 3345 3239 3343
f 3240 3344 3238
f 3240 3346 3344
f 3345 3241 3239
f 3347 3241 3345
f 3242 3346 3240
f 3242 3348 3346
f 3347 3243 3241
f 3349 3243 3347
f 3351 3350 3244
f 3351 3244 3245
f 3242 3244 3348
f 3348 3244 3350
f 3349 3246 3243
f 3352 3246 3349
f 3247 3351 3245
f 3247 3353 3351
f 3352 3248 3246
f 3354 3248 3352
f 3249 3353 3247
f 3249 3355 3353
f 3354 3250 3248
f 3356 3250 3354
f 3251 3355 3249
f 3251 3357 3355
f 3356 3252 3250
f 3358 3252 3356
f 3253 3357 3251
f 3253 3359 3357
f 3358 3254 3252
f 3360 3254 3358
f 3361 3359 3253
f 3361 3253 3255
f 3362 3255 3256
f 3362 3361 3255
f 3363 3256 3257
f 3363 3362 3256
f 3364 3257 3258
f 3364 3363 3257
f 3365 3258 3259
f 3365 3364 3258
f 3366 3259 3260
f 3366 3365 3259
f 3367 3260 3261
f 3367 3366 3260
f 3368 3261 3262
f 3368 3367 3261
f 3369 3262 3263
f 3369 3368 3262
f 3370 3263 3264
f 3370 3369 3263
f 3371 3264 3265
f 3371 3370 3264
f 3372 3265 3266
f 3372 3371 3265
f 3373 3266 3267
f 3373 3372 3266
f 3374 3267 3268
f 3374 3373 3267
f 3375 3268 3269
f 3375 3374 3268
f 3376 3269 3270
f 3376 3375 3269
f 3377 3270 3271
f 3377 3376 3270
f 3378 3271 3272
f 3378 3377 3271
f 3379 3272 3273
f 3379 3378 3272
f 3273 3274 3379
f 3379 3274 3380
f 3360 3275 3254
f 3381 3275 3360
f 3382 3380 3274
f 3382 3274 3276
f 3276 3277 3382
f 3382 3277 3383
f 3381 3278 3275
f 3384 3278 3381
f 3386 3385 3279
f 3386 3279 3280
f 3277 3279 3383
f 3383 3279 3385
f 3384 3281 3278
f 3387 3281 3384
f 3282 3386 3280
f 3282 3388 3386
f 3387 3283 3281
f 3389 3283 3387
f 3284 3388 3282
f 3284 3390 3388
f 3389 3285 3283
f 3391 3285 3389
f 3286 3390 3284
f 3286 3392 3390
f 3391 3287 3285
f 3393 3287 3391
f 3288 3392 3286
f 3288 3394 3392
f 3393 3289 3287
f 3395 3289 3393
f 3396 3394 3288
f 3396 3288 3290
f 3290 3291 3396
f 3396 3291 3397
f 3395 3292 3289
f 3398 3292 3395
f 3293 3397 3291
f 3293 3399 3397
f 3398 3294 3292
f 3400 3294 3398
f 3295 3399 3293
f 3295 3401 3399
f 3403 3402 3297
f 3297 3402 3296
f 3297 3294 3400
f 3297 3400 3403
f 3404 3401 3295
f 3404 3295 3298
f 3298 3299 3404
f 3404 3299 3405
f 3407 3406 3301
f 3301 3406 3300
f 3301 3296 3402
f 3301 3402 3407
f 3408 3405 3299
f 3408 3299 3302
f 3409 3302 3303
f 3409 3408 3302
f 3410 3303 3304
f 3410 3409 3303
f 3411 3304 3305
f 3411 3410 3304
f 3412 3305 3306
f 3412 3411 3305
f 3413 3306 3307
f 3413 3412 3306
f 3414 3307 3308
f 3414 3413 3307
f 3308 3300 3406
f 3308 3406 3414
f 3416 3415 3309
f 3416 3309 3310
f 3309 3417 3311
f 3415 3417 3309
f 3311 3418 3312
f 3417 3418 3311
f 3312 3419 3313
f 3418 3419 3312
f 3313 3420 3314
f 3419 3420 3313
f 3314 3421 3315
f 3420 3421 3314
f 3315 3422 3316
f 3421 3422 3315
f 3316 3423 3317
f 3422 3423 3316
f 3317 3424 3318
f 3423 3424 3317
f 3318 3425 3319
f 3424 3425 3318
f 3319 3426 3320
f 3425 3426 3319
f 3320 3427 3321
f 3426 3427 3320
f 3321 3428 3322
f 3427 3428 3321
f 3322 3429 3323
f 3428 3429 3322
f 3323 3430 3324
f 3429 3430 3323
f 3324 3431 3325
f 3430 3431 3324
f 3325 3432 3326
f 3431 3432 3325
f 3326 3433 3327
f 3432 3433 3326
f 3327 3434 3328
f 3433 3434 3327
f 3328 3435 3329
f 3434 3435 3328
f 3329 3436 3330
f 3435 3436 3329
f 3330 3437 3331
f 3436 3437 3330
f 3331 3438 3332
f 3437 3438 3331
f 3332 3439 3333
f 3438 3439 3332
f 3333 3440 3334
f 3439 3440 3333
f 3334 3441 3335
f 3440 3441 3334
f 3335 3442 3336
f 3441 3442 3335
f 3336 3443 3337
f 3442 3443 3336
f 3337 3444 3338
f 3443 3444 3337
f 3339 3338 3444
f 3339 3444 3445
f 3340 3416 3310
f 3340 3446 3416
f 3445 3341 3339
f 3447 3341 3445
f 3342 3446 3340
f 3342 3448 3446
f 3447 3343 3341
f 3449 3343 3447
f 3344 3448 3342
f 3344 3450 3448
f 3449 3345 3343
f 3451 3345 3449
f 3346 3450 3344
f 3346 3452 3450
f 3451 3347 3345
f 3453 3347 3451
f 3348 3452 3346
f 3348 3454 3452
f 3453 3349 3347
f 3455 3349 3453
f 3457 3456 3350
f 3457 3350 3351
f 3348 3350 3454
f 3454 3350 3456
f 3455 3352 3349
f 3458 3352 3455
f 3353 3457 3351
f 3353 3459 3457
f 3458 3354 3352
f 3460 3354 3458
f 3355 3459 3353
f 3355 3461 3459
f 3460 3356 3354
f 3462 3356 3460
f 3357 3461 3355
f 3357 3463 3461
f 3462 3358 3356
f 3464 3358 3462
f 3359 3463 3357
f 3359 3465 3463
f 3464 3360 3358
f 3466 3360 3464
f 3467 3465 3359
f 3467 3359 3361
f 3468 3361 3362
f 3468 3467 3361
f 3469 3362 3363
f 3469 3468 3362
f 3470 3363 3364
f 3470 3469 3363
f 3471 3364 3365
f 3471 3470 3364
f 3472 3365 3366
f 3472 3471 3365
f 3473 3366 3367
f 3473 3472 3366
f 3474 3367 3368
f 3474 3473 3367
f 3475 3368 3369
f 3475 3474 3368
f 3476 3369 3370
f 3476 3475 3369
f 3477 3370 3371
f 3477 3476 3370
f 3478 3371 3372
f 3478 3477 3371
f 3479 3372 3373
f 3479 3478 3372
f 3480 3373 3374
f 3480 3479 3373
f 3481 3374 3375
f 3481 3480 3374
f 3482 3375 3376
f 3482 3481 3375
f 3483 3376 3377
f 3483 3482 3376
f 3484 3377 3378
f 3484 3483 3377
f 3485 3378 3379
f 3485 3484 3378
f 3379 3380 3485
f 3485 3380 3486
f 3466 3381 3360
f 3487 3381 3466
f 3488 3486 3380
f 3488 3380 3382
f 3382 3383 3488
f 3488 3383 3489
f 3487 3384 3381
f 3490 3384 3487
f 3492 3491 3385
f 3492 3385 3386
f 3383 3385 3489
f 3489 3385 3491
f 3490 3387 3384
f 3493 3387 3490
f 3388 3492 3386
f 3388 3494 3492
f 3493 3389 3387
f 3495 3389 3493
f 3390 3494 3388
f 3390 3496 3494
f 3495 3391 3389
f 3497 3391 3495
f 3392 3496 3390
f 3392 3498 3496
f 3497 3393 3391
f 3499 3393 3497
f 3394 3498 3392
f 3394 3500 3498
f 3499 3395 3393
f 3501 3395 3499
f 3502 3500 3394
f 3502 3394 3396
f 3396 3397 3502
f 3502 3397 3503
f 3501 3398 3395
f 3504 3398 3501
f 3399 3503 3397
f 3399 3505 3503
f 3504 3400 3398
f 3506 3400 3504
f 3401 3505 3399
f 3401 3507 3505
f 3509 3508 3403
f 3403 3508 3402
f 3403 3400 3506
f 3403 3506 3509
f 3510 3507 3401
f 3510 3401 3404
f 3404 3405 3510
f 3510 3405 3511
f 3513 3512 3407
f 3407 3512 3406
f 3407 3402 3508
f 3407 3508 3513
f 3514 3511 3405
f 3514 3405 3408
f 3515 3408 3409
f 3515 3514 3408
f 3516 3409 3410
f 3516 3515 3409
f 3517 3410 3411
f 3517 3516 3410
f 3518 3411 3412
f 3518 3517 3411
f 3519 3412 3413
f 3519 3518 3412
f 3520 3413 3414
f 3520 3519 3413
f 3414 3406 3512
f 3414 3512 3520
f 3522 3521 3415
f 3522 3415 3416
f 3415 3523 3417
f 3521 3523 3415
f 3417 3524 3418
f 3523 3524 3417
f 3418 3525 3419
f 3524 3525 3418
f 3419 3526 3420
f 3525 3526 3419
f 3420 3527 3421
f 3526 3527 3420
f 3421 3528 3422
f 3527 3528 3421
f 3422 3529 3423
f 3528 3529 3422
f 3423 3530 3424
f 3529 3530 3423
f 3424 3531 3425
f 3530 3531 3424
f 3425 3532 3426
f 3531 3532 3425
f 3426 3533 3427
f 3532 3533 3426
f 3427 3534 3428
f 3533 3534 3427
f 3428 3535 3429
f 3534 3535 3428
f 3429 3536 3430
f 3535 3536 3429
f 3430 3537 3431
f 3536 3537 3430
f 3431 3538 3432
f 3537 3538 3431
f 3432 3539 3433
f 3538 3539 3432
f 3433 3540 3434
f 3539 3540 3433
f 3434 3541 3435
f 3540 3541 3434
f 3435 3542 3436
f 3541 3542 3435
f 3436 3543 3437
f 3542 3543 3436
f 3437 3544 3438
f 3543 3544 3437
f 3438 3545 3439
f 3544 3545 3438
f 3439 3546 3440
f 3545 3546 3439
f 3440 3547 3441
f 3546 3547 3440
f 3441 3548 3442
f 3547 3548 3441
f 3442 3549 3443
f 3548 3549 3442
f 3443 3550 3444
f 3549 3550 3443
f 3445 3444 3550
f 3445 3550 3551
f 3446 3522 3416
f 3446 3552 3522
f 3551 3447 3445
f 3553 3447 3551
f 3448 3552 3446
f 3448 3554 3552
f 3553 3449 3447
f 3555 3449 3553
f 3450 3554 3448
f 3450 3556 3554
f 3555 3451 3449
f 3557 3451 3555
f 3452 3556 3450
f 3452 3558 3556
f 3557 3453 3451
f 3559 3453 3557
f 3562 3561 3560
f 3561 3558 3560
f 3558 3454 3560
f 3558 3452 3454
f 3559 3455 3453
f 3563 3455 3559
f 3562 3560 3456
f 3457 3562 3456
f 3564 3562 3457
f 3456 3560 3454
f 3563 3458 3455
f 3565 3458 3563
f 3459 3564 3457
f 3459 3566 3564
f 3565 3460 3458
f 3567 3460 3565
f 3461 3566 3459
f 3461 3568 3566
f 3567 3462 3460
f 3569 3462 3567
f 3463 3568 3461
f 3463 3570 3568
f 3569 3464 3462
f 3571 3464 3569
f 3465 3570 3463
f 3465 3572 3570
f 3571 3466 3464
f 3573 3466 3571
f 3574 3572 3465
f 3574 3465 3467
f 3575 3467 3468
f 3575 3574 3467
f 3576 3468 3469
f 3576 3575 3468
f 3577 3469 3470
f 3577 3576 3469
f 3578 3470 3471
f 3578 3577 3470
f 3579 3471 3472
f 3579 3578 3471
f 3580 3472 3473
f 3580 3579 3472
f 3581 3473 3474
f 3581 3580 3473
f 3582 3474 3475
f 3582 3581 3474
f 3583 3475 3476
f 3583 3582 3475
f 3584 3476 3477
f 3584 3583 3476
f 3585 3477 3478
f 3585 3584 3477
f 3586 3478 3479
f 3586 3585 3478
f 3587 3479 3480
f 3587 3586 3479
f 3588 3480 3481
f 3588 3587 3480
f 3589 3481 3482
f 3589 3588 3481
f 3590 3482 3483
f 3590 3589 3482
f 3591 3483 3484
f 3591 3590 3483
f 3592 3484 3485
f 3592 3591 3484
f 3485 3486 3592
f 3592 3486 3593
f 3573 3487 3466
f 3594 3487 3573
f 3595 3593 3486
f 3595 3486 3488
f 3488 3489 3595
f 3595 3489 3596
f 3594 3490 3487
f 3597 3490 3594
f 3599 3598 3491
f 3599 3491 3492
f 3489 3491 3596
f 3596 3491 3598
f 3597 3493 3490
f 3600 3493 3597
f 3494 3599 3492
f 3494 3601 3599
f 3600 3495 3493
f 3602 3495 3600
f 3496 3601 3494
f 3496 3603 3601
f 3602 3497 3495
f 3604 3497 3602
f 3498 3603 3496
f 3498 3605 3603
f 3604 3499 3497
f 3606 3499 3604
f 3500 3605 3498
f 3500 3607 3605
f 3606 3501 3499
f 3608 3501 3606
f 3609 3607 3500
f 3609 3500 3502
f 3502 3503 3609
f 3609 3503 3610
f 3608 3504 3501
f 3611 3504 3608
f 3505 3610 3503
f 3505 3612 3610
f 3611 3506 3504
f 3613 3506 3611
f 3507 3612 3505
f 3507 3614 3612
f 3616 3615 3509
f 3509 3615 3508
f 3509 3506 3613
f 3509 3613 3616
f 3617 3614 3507
f 3617 3507 3510
f 3510 3511 3617
f 3617 3511 3618
f 3620 3619 3513
f 3513 3619 3512
f 3513 3508 3615
f 3513 3615 3620
f 3621 3618 3511
f 3621 3511 3514
f 3622 3514 3515
f 3622 3621 3514
f 3623 3515 3516
f 3623 3622 3515
f 3624 3516 3517
f 3624 3623 3516
f 3625 3517 3518
f 3625 3624 3517
f 3626 3518 3519
f 3626 3625 3518
f 3627 3519 3520
f 3627 3626 3519
f 3520 3512 3619
f 3520 3619 3627
f 3629 3628 3521
f 3629 3521 3522
f 3521 3630 3523
f 3628 3630 3521
f 3523 3631 3524
f 3630 3631 3523
f 3524 3632 3525
f 3631 3632 3524
f 3525 3633 3526
f 3632 3633 3525
f 3526 3634 3527
f 3633 3634 3526
f 3527 3635 3528
f 3634 3635 3527
f 3528 3636 3529
f 3635 3636 3528
f 3529 3637 3530
f 3636 3637 3529
f 3530 3638 3531
f 3637 3638 3530
f 3531 3639 3532
f 3638 3639 3531
f 3532 3640 3533
f 3639 3640 3532
f 3533 3641 3534
f 3640 3641 3533
f 3534 3642 3535
f 3641 3642 3534
f 3535 3643 3536
f 3642 3643 3535
f 3536 3644 3537
f 3643 3644 3536
f 3537 3645 3538
f 3644 3645 3537
f 3538 3646 3539
f 3645 3646 3538
f 3539 3647 3540
f 3646 3647 3539
f 3540 3648 3541
f 3647 3648 3540
f 3541 3649 3542
f 3648 3649 3541
f 3542 3650 3543
f 3649 3650 3542
f 3543 3651 3544
f 3650 3651 3543
f 3544 3652 3545
f 3651 3652 3544
f 3545 3653 3546
f 3652 3653 3545
f 3546 3654 3547
f 3653 3654 3546
f 3547 3655 3548
f 3654 3655 3547
f 3548 3656 3549
f 3655 3656 3548
f 3549 3657 3550
f 3656 3657 3549
f 3551 3550 3657
f 3551 3657 3658
f 3552 3629 3522
f 3552 3659 3629
f 3658 3553 3551
f 3660 3553 3658
f 3554 3659 3552
f 3554 3661 3659
f 3660 3555 3553
f 3662 3555 3660
f 3556 3661 3554
f 3556 3663 3661
f 3662 3557 3555
f 3664 3557 3662
f 3558 3663 3556
f 3558 3665 3663
f 3664 3559 3557
f 3666 3559 3664
f 3668 3667 3561
f 3668 3561 3562
f 3558 3561 3665
f 3665 3561 3667
f 3666 3563 3559
f 3669 3563 3666
f 3564 3668 3562
f 3564 3670 3668
f 3669 3565 3563
f 3671 3565 3669
f 3566 3670 3564
f 3566 3672 3670
f 3671 3567 3565
f 3673 3567 3671
f 3568 3672 3566
f 3568 3674 3672
f 3673 3569 3567
f 3675 3569 3673
f 3570 3674 3568
f 3570 3676 3674
f 3675 3571 3569
f 3677 3571 3675
f 3572 3676 3570
f 3572 3678 3676
f 3677 3573 3571
f 3679 3573 3677
f 3680 3678 3572
f 3680 3572 3574
f 3681 3574 3575
f 3681 3680 3574
f 3682 3575 3576
f 3682 3681 3575
f 3683 3576 3577
f 3683 3682 3576
f 3684 3577 3578
f 3684 3683 3577
f 3685 3578 3579
f 3685 3684 3578
f 3686 3579 3580
f 3686 3685 3579
f 3687 3580 3581
f 3687 3686 3580
f 3688 3581 3582
f 3688 3687 3581
f 3689 3582 3583
f 3689 3688 3582
f 3690 3583 3584
f 3690 3689 3583
f 3691 3584 3585
f 3691 3690 3584
f 3692 3585 3586
f 3692 3691 3585
f 3693 3586 3587
f 3693 3692 3586
f 3694 3587 3588
f 3694 3693 3587
f 3695 3588 3589
f 3695 3694 3588
f 3696 3589 3590
f 3696 3695 3589
f 3697 3590 3591
f 3697 3696 3590
f 3698 3591 3592
f 3698 3697 3591
f 3592 3593 3698
f 3698 3593 3699
f 3679 3594 3573
f 3700 3594 3679
f 3701 3699 3593
f 3701 3593 3595
f 3595 3596 3701
f 3701 3596 3702
f 3700 3597 3594
f 3703 3597 3700
f 3705 3704 3598
f 3705 3598 3599
f 3596 3598 3702
f 3702 3598 3704
f 3703 3600 3597
f 3706 3600 3703
f 3601 3705 3599
f 3601 3707 3705
f 3706 3602 3600
f 3708 3602 3706
f 3603 3707 3601
f 3603 3709 3707
f 3708 3604 3602
f 3710 3604 3708
f 3605 3709 3603
f 3605 3711 3709
f 3710 3606 3604
f 3712 3606 3710
f 3607 3711 3605
f 3607 3713 3711
f 3712 3608 3606
f 3714 3608 3712
f 3715 3713 3607
f 3715 3607 3609
f 3609 3610 3715
f 3715 3610 3716
f 3714 3611 3608
f 3717 3611 3714
f 3612 3716 3610
f 3612 3718 3716
f 3717 3613 3611
f 3719 3613 3717
f 3614 3718 3612
f 3614 3720 3718
f 3722 3721 3616
f 3616 3721 3615
f 3616 3613 3719
f 3616 3719 3722
f 3723 3720 3614
f 3723 3614 3617
f 3617 3618 3723
f 3723 3618 3724
f 3726 3725 3620
f 3620 3725 3619
f 3620 3615 3721
f 3620 3721 3726
f 3727 3724 3618
f 3727 3618 3621
f 3728 3621 3622
f 3728 3727 3621
f 3729 3622 3623
f 3729 3728 3622
f 3730 3623 3624
f 3730 3729 3623
f 3731 3624 3625
f 3731 3730 3624
f 3732 3625 3626
f 3732 3731 3625
f 3733 3626 3627
f 3733 3732 3626
f 3627 3619 3725
f 3627 3725 3733
f 3735 3734 3628
f 3735 3628 3629
f 3628 3736 3630
f 3734 3736 3628
f 3630 3737 3631
f 3736 3737 3630
f 3631 3738 3632
f 3737 3738 3631
f 3632 3739 3633
f 3738 3739 3632
f 3633 3740 3634
f 3739 3740 3633
f 3634 3741 3635
f 3740 3741 3634
f 3635 3742 3636
f 3741 3742 3635
f 3636 3743 3637
f 3742 3743 3636
f 3637 3744 3638
f 3743 3744 3637
f 3638 3745 3639
f 3744 3745 3638
f 3639 3746 3640
f 3745 3746 3639
f 3640 3747 3641
f 3746 3747 3640
f 3641 3748 3642
f 3747 3748 3641
f 3642 3749 3643
f 3748 3749 3642
f 3643 3750 3644
f 3749 3750 3643
f 3644 3751 3645
f 3750 3751 3644
f 3645 3752 3646
f 3751 3752 3645
f 3646 3753 3647
f 3752 3753 3646
f 3647 3754 3648
f 3753 3754 3647
f 3648 3755 3649
f 3754 3755 3648
f 3649 3756 3650
f 3755 3756 3649
f 3650 3757 3651
f 3756 3757 3650
f 3651 3758 3652
f 3757 3758 3651
f 3652 3759 3653
f 3758 3759 3652
f 3653 3760 3654
f 3759 3760 3653
f 3654 3761 3655
f 3760 3761 3654
f 3655 3762 3656
f 3761 3762 3655
f 3656 3763 3657
f 3762 3763 3656
f 3658 3657 3763
f 3658 3763 3764
f 3659 3735 3629
f 3659 3765 3735
f 3764 3660 3658
f 3766 3660 3764
f 3661 3765 3659
f 3661 3767 3765
f 3766 3662 3660
f 3768 3662 3766
f 3663 3767 3661
f 3663 3769 3767
f 3768 3664 3662
f 3770 3664 3768
f 3665 3769 3663
f 3665 3771 3769
f 3770 3666 3664
f 3772 3666 3770
f 3774 3773 3667
f 3774 3667 3668
f 3665 3667 3771
f 3771 3667 3773
f 3772 3669 3666
f 3775 3669 3772
f 3670 3774 3668
f 3670 3776 3774
f 3775 3671 3669
f 3777 3671 3775
f 3672 3776 3670
f 3672 3778 3776
f 3777 3673 3671
f 3779 3673 3777
f 3674 3778 3672
f 3674 3780 3778
f 3779 3675 3673
f 3781 3675 3779
f 3676 3780 3674
f 3676 3782 3780
f 3781 3677 3675
f 3783 3677 3781
f 3678 3782 3676
f 3678 3784 3782
f 3783 3679 3677
f 3785 3679 3783
f 3786 3784 3678
f 3786 3678 3680
f 3787 3680 3681
f 3787 3786 3680
f 3788 3681 3682
f 3788 3787 3681
f 3789 3682 3683
f 3789 3788 3682
f 3790 3683 3684
f 3790 3789 3683
f 3791 3684 3685
f 3791 3790 3684
f 3792 3685 3686
f 3792 3791 3685
f 3793 3686 3687
f 3793 3792 3686
f 3794 3687 3688
f 3794 3793 3687
f 3795 3688 3689
f 3795 3794 3688
f 3796 3689 3690
f 3796 3795 3689
f 3797 3690 3691
f 3797 3796 3690
f 3798 3691 3692
f 3798 3797 3691
f 3799 3692 3693
f 3799 3798 3692
f 3800 3693 3694
f 3800 3799 3693
f 3801 3694 3695
f 3801 3800 3694
f 3802 3695 3696
f 3802 3801 3695
f 3803 3696 3697
f 3803 3802 3696
f 3804 3697 3698
f 3804 3803 3697
f 3698 3699 3804
f 3804 3699 3805
f 3785 3700 3679
f 3806 3700 3785
f 3807 3805 3699
f 3807 3699 3701
f 3701 3702 3807
f 3807 3702 3808
f 3806 3703 3700
f 3809 3703 3806
f 3811 3810 3704
f 3811 3704 3705
f 3702 3704 3808
f 3808 3704 3810
f 3809 3706 3703
f 3812 3706 3809
f 3707 3811 3705
f 3707 3813 3811
f 3812 3708 3706
f 3814 3708 3812
f 3709 3813 3707
f 3709 3815 3813
f 3814 3710 3708
f 3816 3710 3814
f 3711 3815 3709
f 3711 3817 3815
f 3816 3712 3710
f 3818 3712 3816
f 3713 3817 3711
f 3713 3819 3817
f 3818 3714 3712
f 3820 3714 3818
f 3821 3819 3713
f 3821 3713 3715
f 3715 3716 3821
f 3821 3716 3822
f 3820 3717 3714
f 3823 3717 3820
f 3718 3822 3716
f 3718 3824 3822
f 3823 3719 3717
f 3825 3719 3823
f 3720 3824 3718
f 3720 3826 3824
f 3828 3827 3722
f 3722 3827 3721
f 3722 3719 3825
f 3722 3825 3828
f 3829 3826 3720
f 3829 3720 3723
f 3723 3724 3829
f 3829 3724 3830
f 3832 3831 3726
f 3726 3831 3725
f 3726 3721 3827
f 3726 3827 3832
f 3833 3830 3724
f 3833 3724 3727
f 3834 3727 3728
f 3834 3833 3727
f 3835 3728 3729
f 3835 3834 3728
f 3836 3729 3730
f 3836 3835 3729
f 3837 3730 3731
f 3837 3836 3730
f 3838 3731 3732
f 3838 3837 3731
f 3839 3732 3733
f 3839 3838 3732
f 3733 3725 3831
f 3733 3831 3839
f 3841 3840 3734
f 3841 3734 3735
f 3734 3842 3736
f 3840 3842 3734
f 3736 3843 3737
f 3842 3843 3736
f 3737 3844 3738
f 3843 3844 3737
f 3738 3845 3739
f 3844 3845 3738
f 3739 3846 3740
f 3845 3846 3739
f 3740 3847 3741
f 3846 3847 3740
f 3741 3848 3742
f 3847 3848 3741
f 3742 3849 3743
f 3848 3849 3742
f 3743 3850 3744
f 3849 3850 3743
f 3744 3851 3745
f 3850 3851 3744
f 3745 3852 3746
f 3851 3852 3745
f 3746 3853 3747
f 3852 3853 3746
f 3747 3854 3748
f 3853 3854 3747
f 3748 3855 3749
f 3854 3855 3748
f 3749 3856 3750
f 3855 3856 3749
f 3750 3857 3751
f 3856 3857 3750
f 3751 3858 3752
f 3857 3858 3751
f 3752 3859 3753
f 3858 3859 3752
f 3753 3860 3754
f 3859 3860 3753
f 3754 3861 3755
f 3860 3861 3754
f 3755 3862 3756
f 3861 3862 3755
f 3756 3863 3757
f 3862 3863 3756
f 3757 3864 3758
f 3863 3864 3757
f 3758 3865 3759
f 3864 3865 3758
f 3759 3866 3760
f 3865 3866 3759
f 3760 3867 3761
f 3866 3867 3760
f 3761 3868 3762
f 3867 3868 3761
f 3762 3869 3763
f 3868 3869 3762
f 3764 3763 3869
f 3764 3869 3870
f 3765 3841 3735
f 3765 3871 3841
f 3870 3766 3764
f 3872 3766 3870
f 3767 3871 3765
f 3767 3873 3871
f 3872 3768 3766
f 3874 3768 3872
f 3769 3873 3767
f 3769 3875 3873
f 3874 3770 3768
f 3876 3770 3874
f 3771 3875 3769
f 3771 3877 3875
f 3876 3772 3770
f 3878 3772 3876
f 3880 3879 3773
f 3880 3773 3774
f 3771 3773 3877
f 3877 3773 3879
f 3878 3775 3772
f 3881 3775 3878
f 3776 3880 3774
f 3776 3882 3880
f 3881 3777 3775
f 3883 3777 3881
f 3778 3882 3776
f 3778 3884 3882
f 3883 3779 3777
f 3885 3779 3883
f 3780 3884 3778
f 3780 3886 3884
f 3885 3781 3779
f 3887 3781 3885
f 3782 3886 3780
f 3782 3888 3886
f 3887 3783 3781
f 3889 3783 3887
f 3784 3888 3782
f 3784 3890 3888
f 3889 3785 3783
f 3891 3785 3889
f 3892 3890 3784
f 3892 3784 3786
f 3893 3786 3787
f 3893 3892 3786
f 3894 3787 3788
f 3894 3893 3787
f 3895 3788 3789
f 3895 3894 3788
f 3896 3789 3790
f 3896 3895 3789
f 3897 3790 3791
f 3897 3896 3790
f 3898 3791 3792
f 3898 3897 3791
f 3899 3792 3793
f 3899 3898 3792
f 3900 3793 3794
f 3900 3899 3793
f 3901 3794 3795
f 3901 3900 3794
f 3902 3795 3796
f 3902 3901 3795
f 3903 3796 3797
f 3903 3902 3796
f 3904 3797 3798
f 3904 3903 3797
f 3905 3798 3799
f 3905 3904 3798
f 3906 3799 3800
f 3906 3905 3799
f 3907 3800 3801
f 3907 3906 3800
f 3908 3801 3802
f 3908 3907 3801
f 3909 3802 3803
f 3909 3908 3802
f 3910 3803 3804
f 3910 3909 3803
f 3804 3805 3910
f 3910 3805 3911
f 3891 3806 3785
f 3912 3806 3891
f 3913 3911 3805
f 3913 3805 3807
f 3807 3808 3913
f 3913 3808 3914
f 3912 3809 3806
f 3915 3809 3912
f 3917 3916 3810
f 3917 3810 3811
f 3808 3810 3914
f 3914 3810 3916
f 3915 3812 3809
f 3918 3812 3915
f 3813 3917 3811
f 3813 3919 3917
f 3918 3814 3812
f 3920 3814 3918
f 3815 3919 3813
f 3815 3921 3919
f 3920 3816 3814
f 3922 3816 3920
f 3817 3921 3815
f 3817 3923 3921
f 3922 3818 3816
f 3924 3818 3922
f 3819 3923 3817
f 3819 3925 3923
f 3924 3820 3818
f 3926 3820 3924
f 3927 3925 3819
f 3927 3819 3821
f 3821 3822 3927
f 3927 3822 3928
f 3926 3823 3820
f 3929 3823 3926
f 3824 3928 3822
f 3824 3930 3928
f 3929 3825 3823
f 3931 3825 3929
f 3826 3930 3824
f 3826 3932 3930
f 3934 3933 3828
f 3828 3933 3827
f 3828 3825 3931
f 3828 3931 3934
f 3935 3932 3826
f 3935 3826 3829
f 3829 3830 3935
f 3935 3830 3936
f 3938 3937 3832
f 3832 3937 3831
f 3832 3827 3933
f 3832 3933 3938
f 3939 3936 3830
f 3939 3830 3833
f 3940 3833 3834
f 3940 3939 3833
f 3941 3834 3835
f 3941 3940 3834
f 3942 3835 3836
f 3942 3941 3835
f 3943 3836 3837
f 3943 3942 3836
f 3944 3837 3838
f 3944 3943 3837
f 3945 3838 3839
f 3945 3944 3838
f 3839 3831 3937
f 3839 3937 3945
f 3947 3946 3840
f 3947 3840 3841
f 3840 3948 3842
f 3946 3948 3840
f 3842 3949 3843
f 3948 3949 3842
f 3843 3950 3844
f 3949 3950 3843
f 3844 3951 3845
f 3950 3951 3844
f 3845 3952 3846
f 3951 3952 3845
f 3846 3953 3847
f 3952 3953 3846
f 3847 3954 3848
f 3953 3954 3847
f 3848 3955 3849
f 3954 3955 3848
f 3849 3956 3850
f 3955 3956 3849
f 3850 3957 3851
f 3956 3957 3850
f 3851 3958 3852
f 3957 3958 3851
f 3852 3959 3853
f 3958 3959 3852
f 3853 3960 3854
f 3959 3960 3853
f 3854 3961 3855
f 3960 3961 3854
f 3855 3962 3856
f 3961 3962 3855
f 3856 3963 3857
f 3962 3963 3856
f 3857 3964 3858
f 3963 3964 3857
f 3858 3965 3859
f 3964 3965 3858
f 3859 3966 3860
f 3965 3966 3859
f 3860 3967 3861
f 3966 3967 3860
f 3861 3968 3862
f 3967 3968 3861
f 3862 3969 3863
f 3968 3969 3862
f 3863 3970 3864
f 3969 3970 3863
f 3864 3971 3865
f 3970 3971 3864
f 3865 3972 3866
f 3971 3972 3865
f 3866 3973 3867
f 3972 3973 3866
f 3867 3974 3868
f 3973 3974 3867
f 3868 3975 3869
f 3974 3975 3868
f 3870 3869 3975
f 3870 3975 3976
f 3871 3947 3841
f 3871 3977 3947
f 3976 3872 3870
f 3978 3872 3976
f 3873 3977 3871
f 3873 3979 3977
f 3978 3874 3872
f 3980 3874 3978
f 3875 3979 3873
f 3875 3981 3979
f 3980 3876 3874
f 3982 3876 3980
f 3877 3981 3875
f 3877 3983 3981
f 3982 3878 3876
f 3984 3878 3982
f 3986 3985 3879
f 3986 3879 3880
f 3877 3879 3983
f 3983 3879 3985
f 3984 3881 3878
f 3987 3881 3984
f 3882 3986 3880
f 3882 3988 3986
f 3987 3883 3881
f 3989 3883 3987
f 3884 3988 3882
f 3884 3990 3988
f 3989 3885 3883
f 3991 3885 3989
f 3886 3990 3884
f 3886 3992 3990
f 3991 3887 3885
f 3993 3887 3991
f 3888 3992 3886
f 3888 3994 3992
f 3993 3889 3887
f 3995 3889 3993
f 3890 3994 3888
f 3890 3996 3994
f 3995 3891 3889
f 3997 3891 3995
f 3998 3996 3890
f 3998 3890 3892
f 3999 3892 3893
f 3999 3998 3892
f 4000 3893 3894
f 4000 3999 3893
f 4001 3894 3895
f 4001 4000 3894
f 4002 3895 3896
f 4002 4001 3895
f 4003 3896 3897
f 4003 4002 3896
f 4004 3897 3898
f 4004 4003 3897
f 4005 3898 3899
f 4005 4004 3898
f 4006 3899 3900
f 4006 4005 3899
f 4007 3900 3901
f 4007 4006 3900
f 4008 3901 3902
f 4008 4007 3901
f 4009 3902 3903
f 4009 4008 3902
f 4010 3903 3904
f 4010 4009 3903
f 4011 3904 3905
f 4011 4010 3904
f 4012 3905 3906
f 4012 4011 3905
f 4013 3906 3907
f 4013 4012 3906
f 4014 3907 3908
f 4014 4013 3907
f 4015 3908 3909
f 4015 4014 3908
f 4016 3909 3910
f 4016 4015 3909
f 3910 3911 4016
f 4016 3911 4017
f 3997 3912 3891
f 4018 3912 3997
f 4019 4017 3911
f 4019 3911 3913
f 3913 3914 4019
f 4019 3914 4020
f 4018 3915 3912
f 4021 3915 4018
f 4023 4022 3916
f 4023 3916 3917
f 3914 3916 4020
f 4020 3916 4022
f 4021 3918 3915
f 4024 3918 4021
f 3919 4023 3917
f 3919 4025 4023
f 4024 3920 3918
f 4026 3920 4024
f 3921 4025 3919
f 3921 4027 4025
f 4026 3922 3920
f 4028 3922 4026
f 3923 4027 3921
f 3923 4029 4027
f 4028 3924 3922
f 4030 3924 4028
f 3925 4029 3923
f 3925 4031 4029
f 4030 3926 3924
f 4032 3926 4030
f 4033 4031 3925
f 4033 3925 3927
f 3927 3928 4033
f 4033 3928 4034
f 4032 3929 3926
f 4035 3929 4032
f 3930 4034 3928
f 3930 4036 4034
f 4035 3931 3929
f 4037 3931 4035
f 3932 4036 3930
f 3932 4038 4036
f 4040 4039 3934
f 3934 4039 3933
f 3934 3931 4037
f 3934 4037 4040
f 4041 4038 3932
f 4041 3932 3935
f 3935 3936 4041
f 4041 3936 4042
f 4044 4043 3938
f 3938 4043 3937
f 3938 3933 4039
f 3938 4039 4044
f 4045 4042 3936
f 4045 3936 3939
f 4046 3939 3940
f 4046 4045 3939
f 4047 3940 3941
f 4047 4046 3940
f 4048 3941 3942
f 4048 4047 3941
f 4049 3942 3943
f 4049 4048 3942
f 4050 3943 3944
f 4050 4049 3943
f 4051 3944 3945
f 4051 4050 3944
f 3945 3937 4043
f 3945 4043 4051
f 4053 4052 3946
f 4053 3946 3947
f 3946 4054 3948
f 4052 4054 3946
f 3948 4055 3949
f 4054 4055 3948
f 3949 4056 3950
f 4055 4056 3949
f 3950 4057 3951
f 4056 4057 3950
f 3951 4058 3952
f 4057 4058 3951
f 3952 4059 3953
f 4058 4059 3952
f 3953 4060 3954
f 4059 4060 3953
f 3954 4061 3955
f 4060 4061 3954
f 3955 4062 3956
f 4061 4062 3955
f 3956 4063 3957
f 4062 4063 3956
f 3957 4064 3958
f 4063 4064 3957
f 3958 4065 3959
f 4064 4065 3958
f 3959 4066 3960
f 4065 4066 3959
f 3960 4067 3961
f 4066 4067 3960
f 3961 4068 3962
f 4067 4068 3961
f 3962 4069 3963
f 4068 4069 3962
f 3963 4070 3964
f 4069 4070 3963
f 3964 4071 3965
f 4070 4071 3964
f 3965 4072 3966
f 4071 4072 3965
f 3966 4073 3967
f 4072 4073 3966
f 3967 4074 3968
f 4073 4074 3967
f 3968 4075 3969
f 4074 4075 3968
f 3969 4076 3970
f 4075 4076 3969
f 3970 4077 3971
f 4076 4077 3970
f 3971 4078 3972
f 4077 4078 3971
f 3972 4079 3973
f 4078 4079 3972
f 3973 4080 3974
f 4079 4080 3973
f 3974 4081 3975
f 4080 4081 3974
f 3976 3975 4081
f 3976 4081 4082
f 3977 4053 3947
f 3977 4083 4053
f 4082 3978 3976
f 4084 3978 4082
f 3979 4083 3977
f 3979 4085 4083
f 4084 3980 3978
f 4086 3980 4084
f 3981 4085 3979
f 3981 4087 4085
f 4086 3982 3980
f 4088 3982 4086
f 3983 4087 3981
f 3983 4089 4087
f 4088 3984 3982
f 4090 3984 4088
f 4092 4091 3985
f 4092 3985 3986
f 3983 3985 4089
f 4089 3985 4091
f 4090 3987 3984
f 4093 3987 4090
f 3988 4092 3986
f 3988 4094 4092
f 4093 3989 3987
f 4095 3989 4093
f 3990 4094 3988
f 3990 4096 4094
f 4095 3991 3989
f 4097 3991 4095
f 3992 4096 3990
f 3992 4098 4096
f 4097 3993 3991
f 4099 3993 4097
f 3994 4098 3992
f 3994 4100 4098
f 4099 3995 3993
f 4101 3995 4099
f 3996 4100 3994
f 3996 4102 4100
f 4101 3997 3995
f 4103 3997 4101
f 4104 4102 3996
f 4104 3996 3998
f 4105 3998 3999
f 4105 4104 3998
f 4106 3999 4000
f 4106 4105 3999
f 4107 4000 4001
f 4107 4106 4000
f 4108 4001 4002
f 4108 4107 4001
f 4109 4002 4003
f 4109 4108 4002
f 4110 4003 4004
f 4110 4109 4003
f 4111 4004 4005
f 4111 4110 4004
f 4112 4005 4006
f 4112 4111 4005
f 4113 4006 4007
f 4113 4112 4006
f 4114 4007 4008
f 4114 4113 4007
f 4115 4008 4009
f 4115 4114 4008
f 4116 4009 4010
f 4116 4115 4009
f 4117 4010 4011
f 4117 4116 4010
f 4118 4011 4012
f 4118 4117 4011
f 4119 4012 4013
f 4119 4118 4012
f 4120 4013 4014
f 4120 4119 4013
f 4121 4014 4015
f 4121 4120 4014
f 4122 4015 4016
f 4122 4121 4015
f 4016 4017 4122
f 4122 4017 4123
f 4103 4018 3997
f 4124 4018 4103
f 4125 4123 4017
f 4125 4017 4019
f 4019 4020 4125
f 4125 4020 4126
f 4124 4021 4018
f 4127 4021 4124
f 4129 4128 4022
f 4129 4022 4023
f 4020 4022 4126
f 4126 4022 4128
f 4127 4024 4021
f 4130 4024 4127
f 4025 4129 4023
f 4025 4131 4129
f 4130 4026 4024
f 4132 4026 4130
f 4027 4131 4025
f 4027 4133 4131
f 4132 4028 4026
f 4134 4028 4132
f 4029 4133 4027
f 4029 4135 4133
f 4134 4030 4028
f 4136 4030 4134
f 4031 4135 4029
f 4031 4137 4135
f 4136 4032 4030
f 4138 4032 4136
f 4139 4137 4031
f 4139 4031 4033
f 4033 4034 4139
f 4139 4034 4140
f 4138 4035 4032
f 4141 4035 4138
f 4036 4140 4034
f 4036 4142 4140
f 4141 4037 4035
f 4143 4037 4141
f 4038 4142 4036
f 4038 4144 4142
f 4146 4145 4040
f 4040 4145 4039
f 4040 4037 4143
f 4040 4143 4146
f 4147 4144 4038
f 4147 4038 4041
f 4041 4042 4147
f 4147 4042 4148
f 4150 4149 4044
f 4044 4149 4043
f 4044 4039 4145
f 4044 4145 4150
f 4151 4148 4042
f 4151 4042 4045
f 4152 4045 4046
f 4152 4151 4045
f 4153 4046 4047
f 4153 4152 4046
f 4154 4047 4048
f 4154 4153 4047
f 4155 4048 4049
f 4155 4154 4048
f 4156 4049 4050
f 4156 4155 4049
f 4157 4050 4051
f 4157 4156 4050
f 4051 4043 4149
f 4051 4149 4157
f 4159 4158 4052
f 4159 4052 4053
f 4052 4160 4054
f 4158 4160 4052
f 4054 4161 4055
f 4160 4161 4054
f 4055 4162 4056
f 4161 4162 4055
f 4056 4163 4057
f 4162 4163 4056
f 4057 4164 4058
f 4163 4164 4057
f 4058 4165 4059
f 4164 4165 4058
f 4059 4166 4060
f 4165 4166 4059
f 4060 4167 4061
f 4166 4167 4060
f 4061 4168 4062
f 4167 4168 4061
f 4062 4169 4063
f 4168 4169 4062
f 4063 4170 4064
f 4169 4170 4063
f 4064 4171 4065
f 4170 4171 4064
f 4065 4172 4066
f 4171 4172 4065
f 4066 4173 4067
f 4172 4173 4066
f 4067 4174 4068
f 4173 4174 4067
f 4068 4175 4069
f 4174 4175 4068
f 4069 4176 4070
f 4175 4176 4069
f 4070 4177 4071
f 4176 4177 4070
f 4071 4178 4072
f 4177 4178 4071
f 4072 4179 4073
f 4178 4179 4072
f 4073 4180 4074
f 4179 4180 4073
f 4074 4181 4075
f 4180 4181 4074
f 4075 4182 4076
f 4181 4182 4075
f 4076 4183 4077
f 4182 4183 4076
f 4077 4184 4078
f 4183 4184 4077
f 4078 4185 4079
f 4184 4185 4078
f 4079 4186 4080
f 4185 4186 4079
f 4080 4187 4081
f 4186 4187 4080
f 4082 4081 4187
f 4082 4187 4188
f 4083 4159 4053
f 4083 4189 4159
f 4188 4084 4082
f 4190 4084 4188
f 4085 4189 4083
f 4085 4191 4189
f 4190 4086 4084
f 4192 4086 4190
f 4087 4191 4085
f 4087 4193 4191
f 4192 4088 4086
f 4194 4088 4192
f 4089 4193 4087
f 4089 4195 4193
f 4194 4090 4088
f 4196 4090 4194
f 4198 4197 4091
f 4198 4091 4092
f 4089 4091 4195
f 4195 4091 4197
f 4196 4093 4090
f 4199 4093 4196
f 4094 4198 4092
f 4094 4200 4198
f 4199 4095 4093
f 4201 4095 4199
f 4096 4200 4094
f 4096 4202 4200
f 4201 4097 4095
f 4203 4097 4201
f 4098 4202 4096
f 4098 4204 4202
f 4203 4099 4097
f 4205 4099 4203
f 4100 4204 4098
f 4100 4206 4204
f 4205 4101 4099
f 4207 4101 4205
f 4102 4206 4100
f 4102 4208 4206
f 4207 4103 4101
f 4209 4103 4207
f 4210 4208 4102
f 4210 4102 4104
f 4211 4104 4105
f 4211 4210 4104
f 4212 4105 4106
f 4212 4211 4105
f 4213 4106 4107
f 4213 4212 4106
f 4214 4107 4108
f 4214 4213 4107
f 4215 4108 4109
f 4215 4214 4108
f 4216 4109 4110
f 4216 4215 4109
f 4217 4110 4111
f 4217 4216 4110
f 4218 4111 4112
f 4218 4217 4111
f 4219 4112 4113
f 4219 4218 4112
f 4220 4113 4114
f 4220 4219 4113
f 4221 4114 4115
f 4221 4220 4114
f 4222 4115 4116
f 4222 4221 4115
f 4223 4116 4117
f 4223 4222 4116
f 4224 4117 4118
f 4224 4223 4117
f 4225 4118 4119
f 4225 4224 4118
f 4226 4119 4120
f 4226 4225 4119
f 4227 4120 4121
f 4227 4226 4120
f 4228 4121 4122
f 4228 4227 4121
f 4122 4123 4228
f 4228 4123 4229
f 4209 4124 4103
f 4230 4124 4209
f 4231 4229 4123
f 4231 4123 4125
f 4125 4126 4231
f 4231 4126 4232
f 4230 4127 4124
f 4233 4127 4230
f 4235 4234 4128
f 4235 4128 4129
f 4126 4128 4232
f 4232 4128 4234
f 4233 4130 4127
f 4236 4130 4233
f 4131 4235 4129
f 4131 4237 4235
f 4236 4132 4130
f 4238 4132 4236
f 4133 4237 4131
f 4133 4239 4237
f 4238 4134 4132
f 4240 4134 4238
f 4135 4239 4133
f 4135 4241 4239
f 4240 4136 4134
f 4242 4136 4240
f 4137 4241 4135
f 4137 4243 4241
f 4242 4138 4136
f 4244 4138 4242
f 4245 4243 4137
f 4245 4137 4139
f 4139 4140 4245
f 4245 4140 4246
f 4244 4141 4138
f 4247 4141 4244
f 4142 4246 4140
f 4142 4248 4246
f 4247 4143 4141
f 4249 4143 4247
f 4144 4248 4142
f 4144 4250 4248
f 4252 4251 4146
f 4146 4251 4145
f 4146 4143 4249
f 4146 4249 4252
f 4253 4250 4144
f 4253 4144 4147
f 4147 4148 4253
f 4253 4148 4254
f 4256 4255 4150
f 4150 4255 4149
f 4150 4145 4251
f 4150 4251 4256
f 4257 4254 4148
f 4257 4148 4151
f 4258 4151 4152
f 4258 4257 4151
f 4259 4152 4153
f 4259 4258 4152
f 4260 4153 4154
f 4260 4259 4153
f 4261 4154 4155
f 4261 4260 4154
f 4262 4155 4156
f 4262 4261 4155
f 4263 4156 4157
f 4263 4262 4156
f 4157 4149 4255
f 4157 4255 4263
f 4265 4264 4158
f 4265 4158 4159
f 4158 4266 4160
f 4264 4266 4158
f 4160 4267 4161
f 4266 4267 4160
f 4161 4268 4162
f 4267 4268 4161
f 4162 4269 4163
f 4268 4269 4162
f 4163 4270 4164
f 4269 4270 4163
f 4164 4271 4165
f 4270 4271 4164
f 4165 4272 4166
f 4271 4272 4165
f 4166 4273 4167
f 4272 4273 4166
f 4167 4274 4168
f 4273 4274 4167
f 4168 4275 4169
f 4274 4275 4168
f 4169 4276 4170
f 4275 4276 4169
f 4170 4277 4171
f 4276 4277 4170
f 4171 4278 4172
f 4277 4278 4171
f 4172 4279 4173
f 4278 4279 4172
f 4173 4280 4174
f 4279 4280 4173
f 4174 4281 4175
f 4280 4281 4174
f 4175 4282 4176
f 4281 4282 4175
f 4176 4283 4177
f 4282 4283 4176
f 4177 4284 4178
f 4283 4284 4177
f 4178 4285 4179
f 4284 4285 4178
f 4179 4286 4180
f 4285 4286 4179
f 4180 4287 4181
f 4286 4287 4180
f 4181 4288 4182
f 4287 4288 4181
f 4182 4289 4183
f 4288 4289 4182
f 4183 4290 4184
f 4289 4290 4183
f 4184 4291 4185
f 4290 4291 4184
f 4185 4292 4186
f 4291 4292 4185
f 4186 4293 4187
f 4292 4293 4186
f 4188 4187 4293
f 4188 4293 4294
f 4189 4265 4159
f 4189 4295 4265
f 4294 4190 4188
f 4296 4190 4294
f 4191 4295 4189
f 4191 4297 4295
f 4296 4192 4190
f 4298 4192 4296
f 4193 4297 4191
f 4193 4299 4297
f 4298 4194 4192
f 4300 4194 4298
f 4195 4299 4193
f 4195 4301 4299
f 4300 4196 4194
f 4302 4196 4300
f 4304 4303 4197
f 4304 4197 4198
f 4195 4197 4301
f 4301 4197 4303
f 4302 4199 4196
f 4305 4199 4302
f 4200 4304 4198
f 4200 4306 4304
f 4305 4201 4199
f 4307 4201 4305
f 4202 4306 4200
f 4202 4308 4306
f 4307 4203 4201
f 4309 4203 4307
f 4204 4308 4202
f 4204 4310 4308
f 4309 4205 4203
f 4311 4205 4309
f 4206 4310 4204
f 4206 4312 4310
f 4311 4207 4205
f 4313 4207 4311
f 4208 4312 4206
f 4208 4314 4312
f 4313 4209 4207
f 4315 4209 4313
f 4316 4314 4208
f 4316 4208 4210
f 4317 4210 4211
f 4317 4316 4210
f 4318 4211 4212
f 4318 4317 4211
f 4319 4212 4213
f 4319 4318 4212
f 4320 4213 4214
f 4320 4319 4213
f 4321 4214 4215
f 4321 4320 4214
f 4322 4215 4216
f 4322 4321 4215
f 4323 4216 4217
f 4323 4322 4216
f 4324 4217 4218
f 4324 4323 4217
f 4325 4218 4219
f 4325 4324 4218
f 4326 4219 4220
f 4326 4325 4219
f 4327 4220 4221
f 4327 4326 4220
f 4328 4221 4222
f 4328 4327 4221
f 4329 4222 4223
f 4329 4328 4222
f 4330 4223 4224
f 4330 4329 4223
f 4331 4224 4225
f 4331 4330 4224
f 4332 4225 4226
f 4332 4331 4225
f 4333 4226 4227
f 4333 4332 4226
f 4334 4227 4228
f 4334 4333 4227
f 4228 4229 4334
f 4334 4229 4335
f 4315 4230 4209
f 4336 4230 4315
f 4337 4335 4229
f 4337 4229 4231
f 4231 4232 4337
f 4337 4232 4338
f 4336 4233 4230
f 4339 4233 4336
f 4341 4340 4234
f 4341 4234 4235
f 4232 4234 4338
f 4338 4234 4340
f 4339 4236 4233
f 4342 4236 4339
f 4237 4341 4235
f 4237 4343 4341
f 4342 4238 4236
f 4344 4238 4342
f 4239 4343 4237
f 4239 4345 4343
f 4344 4240 4238
f 4346 4240 4344
f 4241 4345 4239
f 4241 4347 4345
f 4346 4242 4240
f 4348 4242 4346
f 4243 4347 4241
f 4243 4349 4347
f 4348 4244 4242
f 4350 4244 4348
f 4351 4349 4243
f 4351 4243 4245
f 4245 4246 4351
f 4351 4246 4352
f 4350 4247 4244
f 4353 4247 4350
f 4248 4352 4246
f 4248 4354 4352
f 4353 4249 4247
f 4355 4249 4353
f 4250 4354 4248
f 4250 4356 4354
f 4358 4357 4252
f 4252 4357 4251
f 4252 4249 4355
f 4252 4355 4358
f 4359 4356 4250
f 4359 4250 4253
f 4253 4254 4359
f 4359 4254 4360
f 4362 4361 4256
f 4256 4361 4255
f 4256 4251 4357
f 4256 4357 4362
f 4363 4360 4254
f 4363 4254 4257
f 4364 4257 4258
f 4364 4363 4257
f 4365 4258 4259
f 4365 4364 4258
f 4366 4259 4260
f 4366 4365 4259
f 4367 4260 4261
f 4367 4366 4260
f 4368 4261 4262
f 4368 4367 4261
f 4369 4262 4263
f 4369 4368 4262
f 4263 4255 4361
f 4263 4361 4369
f 4371 4370 4264
f 4371 4264 4265
f 4264 4372 4266
f 4370 4372 4264
f 4266 4373 4267
f 4372 4373 4266
f 4267 4374 4268
f 4373 4374 4267
f 4268 4375 4269
f 4374 4375 4268
f 4269 4376 4270
f 4375 4376 4269
f 4270 4377 4271
f 4376 4377 4270
f 4271 4378 4272
f 4377 4378 4271
f 4272 4379 4273
f 4378 4379 4272
f 4273 4380 4274
f 4379 4380 4273
f 4274 4381 4275
f 4380 4381 4274
f 4275 4382 4276
f 4381 4382 4275
f 4276 4383 4277
f 4382 4383 4276
f 4277 4384 4278
f 4383 4384 4277
f 4278 4385 4279
f 4384 4385 4278
f 4279 4386 4280
f 4385 4386 4279
f 4280 4387 4281
f 4386 4387 4280
f 4281 4388 4282
f 4387 4388 4281
f 4282 4389 4283
f 4388 4389 4282
f 4283 4390 4284
f 4389 4390 4283
f 4284 4391 4285
f 4390 4391 4284
f 4285 4392 4286
f 4391 4392 4285
f 4286 4393 4287
f 4392 4393 4286
f 4287 4394 4288
f 4393 4394 4287
f 4288 4395 4289
f 4394 4395 4288
f 4289 4396 4290
f 4395 4396 4289
f 4290 4397 4291
f 4396 4397 4290
f 4291 4398 4292
f 4397 4398 4291
f 4292 4399 4293
f 4398 4399 4292
f 4294 4293 4399
f 4294 4399 4400
f 4295 4371 4265
f 4295 4401 4371
f 4400 4296 4294
f 4402 4296 4400
f 4297 4401 4295
f 4297 4403 4401
f 4402 4298 4296
f 4404 4298 4402
f 4299 4403 4297
f 4299 4405 4403
f 4404 4300 4298
f 4406 4300 4404
f 4301 4405 4299
f 4301 4407 4405
f 4406 4302 4300
f 4408 4302 4406
f 4410 4409 4303
f 4410 4303 4304
f 4301 4303 4407
f 4407 4303 4409
f 4408 4305 4302
f 4411 4305 4408
f 4306 4410 4304
f 4306 4412 4410
f 4411 4307 4305
f 4413 4307 4411
f 4308 4412 4306
f 4308 4414 4412
f 4413 4309 4307
f 4415 4309 4413
f 4310 4414 4308
f 4310 4416 4414
f 4415 4311 4309
f 4417 4311 4415
f 4312 4416 4310
f 4312 4418 4416
f 4417 4313 4311
f 4419 4313 4417
f 4314 4418 4312
f 4314 4420 4418
f 4419 4315 4313
f 4421 4315 4419
f 4422 4420 4314
f 4422 4314 4316
f 4423 4316 4317
f 4423 4422 4316
f 4424 4317 4318
f 4424 4423 4317
f 4425 4318 4319
f 4425 4424 4318
f 4426 4319 4320
f 4426 4425 4319
f 4427 4320 4321
f 4427 4426 4320
f 4428 4321 4322
f 4428 4427 4321
f 4429 4322 4323
f 4429 4428 4322
f 4430 4323 4324
f 4430 4429 4323
f 4431 4324 4325
f 4431 4430 4324
f 4432 4325 4326
f 4432 4431 4325
f 4433 4326 4327
f 4433 4432 4326
f 4434 4327 4328
f 4434 4433 4327
f 4435 4328 4329
f 4435 4434 4328
f 4436 4329 4330
f 4436 4435 4329
f 4437 4330 4331
f 4437 4436 4330
f 4438 4331 4332
f 4438 4437 4331
f 4439 4332 4333
f 4439 4438 4332
f 4440 4333 4334
f 4440 4439 4333
f 4334 4335 4440
f 4440 4335 4441
f 4421 4336 4315
f 4442 4336 4421
f 4443 4441 4335
f 4443 4335 4337
f 4337 4338 4443
f 4443 4338 4444
f 4442 4339 4336
f 4445 4339 4442
f 4447 4446 4340
f 4447 4340 4341
f 4338 4340 4444
f 4444 4340 4446
f 4445 4342 4339
f 4448 4342 4445
f 4343 4447 4341
f 4343 4449 4447
f 4448 4344 4342
f 4450 4344 4448
f 4345 4449 4343
f 4345 4451 4449
f 4450 4346 4344
f 4452 4346 4450
f 4347 4451 4345
f 4347 4453 4451
f 4452 4348 4346
f 4454 4348 4452
f 4349 4453 4347
f 4349 4455 4453
f 4454 4350 4348
f 4456 4350 4454
f 4457 4455 4349
f 4457 4349 4351
f 4351 4352 4457
f 4457 4352 4458
f 4456 4353 4350
f 4459 4353 4456
f 4354 4458 4352
f 4354 4460 4458
f 4459 4355 4353
f 4461 4355 4459
f 4356 4460 4354
f 4356 4462 4460
f 4464 4463 4358
f 4358 4463 4357
f 4358 4355 4461
f 4358 4461 4464
f 4465 4462 4356
f 4465 4356 4359
f 4359 4360 4465
f 4465 4360 4466
f 4468 4467 4362
f 4362 4467 4361
f 4362 4357 4463
f 4362 4463 4468
f 4469 4466 4360
f 4469 4360 4363
f 4470 4363 4364
f 4470 4469 4363
f 4471 4364 4365
f 4471 4470 4364
f 4472 4365 4366
f 4472 4471 4365
f 4473 4366 4367
f 4473 4472 4366
f 4474 4367 4368
f 4474 4473 4367
f 4475 4368 4369
f 4475 4474 4368
f 4369 4361 4467
f 4369 4467 4475
f 4477 4476 4370
f 4477 4370 4371
f 4370 4478 4372
f 4476 4478 4370
f 4372 4479 4373
f 4478 4479 4372
f 4373 4480 4374
f 4479 4480 4373
f 4374 4481 4375
f 4480 4481 4374
f 4375 4482 4376
f 4481 4482 4375
f 4376 4483 4377
f 4482 4483 4376
f 4377 4484 4378
f 4483 4484 4377
f 4378 4485 4379
f 4484 4485 4378
f 4379 4486 4380
f 4485 4486 4379
f 4380 4487 4381
f 4486 4487 4380
f 4381 4488 4382
f 4487 4488 4381
f 4382 4489 4383
f 4488 4489 4382
f 4383 4490 4384
f 4489 4490 4383
f 4384 4491 4385
f 4490 4491 4384
f 4385 4492 4386
f 4491 4492 4385
f 4386 4493 4387
f 4492 4493 4386
f 4387 4494 4388
f 4493 4494 4387
f 4388 4495 4389
f 4494 4495 4388
f 4389 4496 4390
f 4495 4496 4389
f 4390 4497 4391
f 4496 4497 4390
f 4391 4498 4392
f 4497 4498 4391
f 4392 4499 4393
f 4498 4499 4392
f 4393 4500 4394
f 4499 4500 4393
f 4394 4501 4395
f 4500 4501 4394
f 4395 4502 4396
f 4501 4502 4395
f 4396 4503 4397
f 4502 4503 4396
f 4397 4504 4398
f 4503 4504 4397
f 4398 4505 4399
f 4504 4505 4398
f 4400 4399 4505
f 4400 4505 4506
f 4401 4477 4371
f 4401 4507 4477
f 4506 4402 4400
f 4508 4402 4506
f 4403 4507 4401
f 4403 4509 4507
f 4508 4404 4402
f 4510 4404 4508
f 4405 4509 4403
f 4405 4511 4509
f 4510 4406 4404
f 4512 4406 4510
f 4407 4511 4405
f 4407 4513 4511
f 4512 4408 4406
f 4514 4408 4512
f 4516 4515 4409
f 4516 4409 4410
f 4407 4409 4513
f 4513 4409 4515
f 4514 4411 4408
f 4517 4411 4514
f 4412 4516 4410
f 4412 4518 4516
f 4517 4413 4411
f 4519 4413 4517
f 4414 4518 4412
f 4414 4520 4518
f 4519 4415 4413
f 4521 4415 4519
f 4416 4520 4414
f 4416 4522 4520
f 4521 4417 4415
f 4523 4417 4521
f 4418 4522 4416
f 4418 4524 4522
f 4523 4419 4417
f 4525 4419 4523
f 4420 4524 4418
f 4420 4526 4524
f 4525 4421 4419
f 4527 4421 4525
f 4528 4526 4420
f 4528 4420 4422
f 4529 4422 4423
f 4529 4528 4422
f 4530 4423 4424
f 4530 4529 4423
f 4531 4424 4425
f 4531 4530 4424
f 4532 4425 4426
f 4532 4531 4425
f 4533 4426 4427
f 4533 4532 4426
f 4534 4427 4428
f 4534 4533 4427
f 4535 4428 4429
f 4535 4534 4428
f 4536 4429 4430
f 4536 4535 4429
f 4537 4430 4431
f 4537 4536 4430
f 4538 4431 4432
f 4538 4537 4431
f 4539 4432 4433
f 4539 4538 4432
f 4540 4433 4434
f 4540 4539 4433
f 4541 4434 4435
f 4541 4540 4434
f 4542 4435 4436
f 4542 4541 4435
f 4543 4436 4437
f 4543 4542 4436
f 4544 4437 4438
f 4544 4543 4437
f 4545 4438 4439
f 4545 4544 4438
f 4546 4439 4440
f 4546 4545 4439
f 4440 4441 4546
f 4546 4441 4547
f 4527 4442 4421
f 4548 4442 4527
f 4549 4547 4441
f 4549 4441 4443
f 4443 4444 4549
f 4549 4444 4550
f 4548 4445 4442
f 4551 4445 4548
f 4553 4552 4446
f 4553 4446 4447
f 4444 4446 4550
f 4550 4446 4552
f 4551 4448 4445
f 4554 4448 4551
f 4449 4553 4447
f 4449 4555 4553
f 4554 4450 4448
f 4556 4450 4554
f 4451 4555 4449
f 4451 4557 4555
f 4556 4452 4450
f 4558 4452 4556
f 4453 4557 4451
f 4453 4559 4557
f 4558 4454 4452
f 4560 4454 4558
f 4455 4559 4453
f 4455 4561 4559
f 4560 4456 4454
f 4562 4456 4560
f 4563 4561 4455
f 4563 4455 4457
f 4457 4458 4563
f 4563 4458 4564
f 4562 4459 4456
f 4565 4459 4562
f 4460 4564 4458
f 4460 4566 4564
f 4565 4461 4459
f 4567 4461 4565
f 4462 4566 4460
f 4462 4568 4566
f 4570 4569 4464
f 4464 4569 4463
f 4464 4461 4567
f 4464 4567 4570
f 4571 4568 4462
f 4571 4462 4465
f 4465 4466 4571
f 4571 4466 4572
f 4574 4573 4468
f 4468 4573 4467
f 4468 4463 4569
f 4468 4569 4574
f 4575 4572 4466
f 4575 4466 4469
f 4576 4469 4470
f 4576 4575 4469
f 4577 4470 4471
f 4577 4576 4470
f 4578 4471 4472
f 4578 4577 4471
f 4579 4472 4473
f 4579 4578 4472
f 4580 4473 4474
f 4580 4579 4473
f 4581 4474 4475
f 4581 4580 4474
f 4475 4467 4573
f 4475 4573 4581
f 4583 4582 4476
f 4583 4476 4477
f 4476 4584 4478
f 4582 4584 4476
f 4478 4585 4479
f 4584 4585 4478
f 4479 4586 4480
f 4585 4586 4479
f 4480 4587 4481
f 4586 4587 4480
f 4481 4588 4482
f 4587 4588 4481
f 4482 4589 4483
f 4588 4589 4482
f 4483 4590 4484
f 4589 4590 4483
f 4484 4591 4485
f 4590 4591 4484
f 4485 4592 4486
f 4591 4592 4485
f 4486 4593 4487
f 4592 4593 4486
f 4487 4594 4488
f 4593 4594 4487
f 4488 4595 4489
f 4594 4595 4488
f 4489 4596 4490
f 4595 4596 4489
f 4490 4597 4491
f 4596 4597 4490
f 4491 4598 4492
f 4597 4598 4491
f 4492 4599 4493
f 4598 4599 4492
f 4493 4600 4494
f 4599 4600 4493
f 4494 4601 4495
f 4600 4601 4494
f 4495 4602 4496
f 4601 4602 4495
f 4496 4603 4497
f 4602 4603 4496
f 4497 4604 4498
f 4603 4604 4497
f 4498 4605 4499
f 4604 4605 4498
f 4499 4606 4500
f 4605 4606 4499
f 4500 4607 4501
f 4606 4607 4500
f 4501 4608 4502
f 4607 4608 4501
f 4502 4609 4503
f 4608 4609 4502
f 4503 4610 4504
f 4609 4610 4503
f 4504 4611 4505
f 4610 4611 4504
f 4506 4505 4611
f 4506 4611 4612
f 4507 4583 4477
f 4507 4613 4583
f 4612 4508 4506
f 4614 4508 4612
f 4509 4613 4507
f 4509 4615 4613
f 4614 4510 4508
f 4616 4510 4614
f 4511 4615 4509
f 4511 4617 4615
f 4616 4512 4510
f 4618 4512 4616
f 4513 4617 4511
f 4513 4619 4617
f 4618 4514 4512
f 4620 4514 4618
f 4622 4621 4515
f 4622 4515 4516
f 4513 4515 4619
f 4619 4515 4621
f 4620 4517 4514
f 4623 4517 4620
f 4518 4622 4516
f 4518 4624 4622
f 4623 4519 4517
f 4625 4519 4623
f 4520 4624 4518
f 4520 4626 4624
f 4625 4521 4519
f 4627 4521 4625
f 4522 4626 4520
f 4522 4628 4626
f 4627 4523 4521
f 4629 4523 4627
f 4524 4628 4522
f 4524 4630 4628
f 4629 4525 4523
f 4631 4525 4629
f 4526 4630 4524
f 4526 4632 4630
f 4631 4527 4525
f 4633 4527 4631
f 4634 4632 4526
f 4634 4526 4528
f 4635 4528 4529
f 4635 4634 4528
f 4636 4529 4530
f 4636 4635 4529
f 4637 4530 4531
f 4637 4636 4530
f 4638 4531 4532
f 4638 4637 4531
f 4639 4532 4533
f 4639 4638 4532
f 4640 4533 4534
f 4640 4639 4533
f 4641 4534 4535
f 4641 4640 4534
f 4642 4535 4536
f 4642 4641 4535
f 4643 4536 4537
f 4643 4642 4536
f 4644 4537 4538
f 4644 4643 4537
f 4645 4538 4539
f 4645 4644 4538
f 4646 4539 4540
f 4646 4645 4539
f 4647 4540 4541
f 4647 4646 4540
f 4648 4541 4542
f 4648 4647 4541
f 4649 4542 4543
f 4649 4648 4542
f 4650 4543 4544
f 4650 4649 4543
f 4651 4544 4545
f 4651 4650 4544
f 4652 4545 4546
f 4652 4651 4545
f 4546 4547 4652
f 4652 4547 4653
f 4633 4548 4527
f 4654 4548 4633
f 4655 4653 4547
f 4655 4547 4549
f 4549 4550 4655
f 4655 4550 4656
f 4654 4551 4548
f 4657 4551 4654
f 4659 4658 4552
f 4659 4552 4553
f 4550 4552 4656
f 4656 4552 4658
f 4657 4554 4551
f 4660 4554 4657
f 4555 4659 4553
f 4555 4661 4659
f 4660 4556 4554
f 4662 4556 4660
f 4557 4661 4555
f 4557 4663 4661
f 4662 4558 4556
f 4664 4558 4662
f 4559 4663 4557
f 4559 4665 4663
f 4664 4560 4558
f 4666 4560 4664
f 4561 4665 4559
f 4561 4667 4665
f 4666 4562 4560
f 4668 4562 4666
f 4669 4667 4561
f 4669 4561 4563
f 4563 4564 4669
f 4669 4564 4670
f 4668 4565 4562
f 4671 4565 4668
f 4566 4670 4564
f 4566 4672 4670
f 4671 4567 4565
f 4673 4567 4671
f 4568 4672 4566
f 4568 4674 4672
f 4676 4675 4570
f 4570 4675 4569
f 4570 4567 4673
f 4570 4673 4676
f 4677 4674 4568
f 4677 4568 4571
f 4571 4572 4677
f 4677 4572 4678
f 4680 4679 4574
f 4574 4679 4573
f 4574 4569 4675
f 4574 4675 4680
f 4681 4678 4572
f 4681 4572 4575
f 4682 4575 4576
f 4682 4681 4575
f 4683 4576 4577
f 4683 4682 4576
f 4684 4577 4578
f 4684 4683 4577
f 4685 4578 4579
f 4685 4684 4578
f 4686 4579 4580
f 4686 4685 4579
f 4687 4580 4581
f 4687 4686 4580
f 4581 4573 4679
f 4581 4679 4687
f 4689 4688 4582
f 4689 4582 4583
f 4582 4690 4584
f 4688 4690 4582
f 4584 4691 4585
f 4690 4691 4584
f 4585 4692 4586
f 4691 4692 4585
f 4586 4693 4587
f 4692 4693 4586
f 4587 4694 4588
f 4693 4694 4587
f 4588 4695 4589
f 4694 4695 4588
f 4589 4696 4590
f 4695 4696 4589
f 4590 4697 4591
f 4696 4697 4590
f 4591 4698 4592
f 4697 4698 4591
f 4592 4699 4593
f 4698 4699 4592
f 4593 4700 4594
f 4699 4700 4593
f 4594 4701 4595
f 4700 4701 4594
f 4595 4702 4596
f 4701 4702 4595
f 4596 4703 4597
f 4702 4703 4596
f 4597 4704 4598
f 4703 4704 4597
f 4598 4705 4599
f 4704 4705 4598
f 4599 4706 4600
f 4705 4706 4599
f 4600 4707 4601
f 4706 4707 4600
f 4601 4708 4602
f 4707 4708 4601
f 4602 4709 4603
f 4708 4709 4602
f 4603 4710 4604
f 4709 4710 4603
f 4604 4711 4605
f 4710 4711 4604
f 4605 4712 4606
f 4711 4712 4605
f 4606 4713 4607
f 4712 4713 4606
f 4607 4714 4608
f 4713 4714 4607
f 4608 4715 4609
f 4714 4715 4608
f 4609 4716 4610
f 4715 4716 4609
f 4610 4717 4611
f 4716 4717 4610
f 4612 4611 4717
f 4612 4717 4718
f 4613 4689 4583
f 4613 4719 4689
f 4718 4614 4612
f 4720 4614 4718
f 4615 4719 4613
f 4615 4721 4719
f 4720 4616 4614
f 4722 4616 4720
f 4617 4721 4615
f 4617 4723 4721
f 4722 4618 4616
f 4724 4618 4722
f 4619 4723 4617
f 4619 4725 4723
f 4724 4620 4618
f 4726 4620 4724
f 4728 4727 4621
f 4728 4621 4622
f 4619 4621 4725
f 4725 4621 4727
f 4726 4623 4620
f 4729 4623 4726
f 4624 4728 4622
f 4624 4730 4728
f 4729 4625 4623
f 4731 4625 4729
f 4626 4730 4624
f 4626 4732 4730
f 4731 4627 4625
f 4733 4627 4731
f 4628 4732 4626
f 4628 4734 4732
f 4733 4629 4627
f 4735 4629 4733
f 4630 4734 4628
f 4630 4736 4734
f 4735 4631 4629
f 4737 4631 4735
f 4632 4736 4630
f 4632 4738 4736
f 4737 4633 4631
f 4739 4633 4737
f 4740 4738 4632
f 4740 4632 4634
f 4741 4634 4635
f 4741 4740 4634
f 4742 4635 4636
f 4742 4741 4635
f 4743 4636 4637
f 4743 4742 4636
f 4744 4637 4638
f 4744 4743 4637
f 4745 4638 4639
f 4745 4744 4638
f 4746 4639 4640
f 4746 4745 4639
f 4747 4640 4641
f 4747 4746 4640
f 4748 4641 4642
f 4748 4747 4641
f 4749 4642 4643
f 4749 4748 4642
f 4750 4643 4644
f 4750 4749 4643
f 4751 4644 4645
f 4751 4750 4644
f 4752 4645 4646
f 4752 4751 4645
f 4753 4646 4647
f 4753 4752 4646
f 4754 4647 4648
f 4754 4753 4647
f 4755 4648 4649
f 4755 4754 4648
f 4756 4649 4650
f 4756 4755 4649
f 4757 4650 4651
f 4757 4756 4650
f 4758 4651 4652
f 4758 4757 4651
f 4652 4653 4758
f 4758 4653 4759
f 4739 4654 4633
f 4760 4654 4739
f 4761 4759 4653
f 4761 4653 4655
f 4655 4656 4761
f 4761 4656 4762
f 4760 4657 4654
f 4763 4657 4760
f 4765 4764 4658
f 4765 4658 4659
f 4656 4658 4762
f 4762 4658 4764
f 4763 4660 4657
f 4766 4660 4763
f 4661 4765 4659
f 4661 4767 4765
f 4766 4662 4660
f 4768 4662 4766
f 4663 4767 4661
f 4663 4769 4767
f 4768 4664 4662
f 4770 4664 4768
f 4665 4769 4663
f 4665 4771 4769
f 4770 4666 4664
f 4772 4666 4770
f 4667 4771 4665
f 4667 4773 4771
f 4772 4668 4666
f 4774 4668 4772
f 4775 4773 4667
f 4775 4667 4669
f 4669 4670 4775
f 4775 4670 4776
f 4774 4671 4668
f 4777 4671 4774
f 4672 4776 4670
f 4672 4778 4776
f 4777 4673 4671
f 4779 4673 4777
f 4674 4778 4672
f 4674 4780 4778
f 4782 4781 4676
f 4676 4781 4675
f 4676 4673 4779
f 4676 4779 4782
f 4783 4780 4674
f 4783 4674 4677
f 4677 4678 4783
f 4783 4678 4784
f 4786 4785 4680
f 4680 4785 4679
f 4680 4675 4781
f 4680 4781 4786
f 4787 4784 4678
f 4787 4678 4681
f 4788 4681 4682
f 4788 4787 4681
f 4789 4682 4683
f 4789 4788 4682
f 4790 4683 4684
f 4790 4789 4683
f 4791 4684 4685
f 4791 4790 4684
f 4792 4685 4686
f 4792 4791 4685
f 4793 4686 4687
f 4793 4792 4686
f 4687 4679 4785
f 4687 4785 4793
f 4795 4794 4688
f 4795 4688 4689
f 4688 4796 4690
f 4794 4796 4688
f 4690 4797 4691
f 4796 4797 4690
f 4691 4798 4692
f 4797 4798 4691
f 4692 4799 4693
f 4798 4799 4692
f 4693 4800 4694
f 4799 4800 4693
f 4694 4801 4695
f 4800 4801 4694
f 4695 4802 4696
f 4801 4802 4695
f 4696 4803 4697
f 4802 4803 4696
f 4697 4804 4698
f 4803 4804 4697
f 4698 4805 4699
f 4804 4805 4698
f 4699 4806 4700
f 4805 4806 4699
f 4700 4807 4701
f 4806 4807 4700
f 4701 4808 4702
f 4807 4808 4701
f 4702 4809 4703
f 4808 4809 4702
f 4703 4810 4704
f 4809 4810 4703
f 4704 4811 4705
f 4810 4811 4704
f 4705 4812 4706
f 4811 4812 4705
f 4706 4813 4707
f 4812 4813 4706
f 4707 4814 4708
f 4813 4814 4707
f 4708 4815 4709
f 4814 4815 4708
f 4709 4816 4710
f 4815 4816 4709
f 4710 4817 4711
f 4816 4817 4710
f 4711 4818 4712
f 4817 4818 4711
f 4712 4819 4713
f 4818 4819 4712
f 4713 4820 4714
f 4819 4820 4713
f 4714 4821 4715
f 4820 4821 4714
f 4715 4822 4716
f 4821 4822 4715
f 4716 4823 4717
f 4822 4823 4716
f 4718 4717 4823
f 4718 4823 4824
f 4719 4795 4689
f 4719 4825 4795
f 4824 4720 4718
f 4826 4720 4824
f 4829 4828 4827
f 4828 4825 4827
f 4825 4721 4827
f 4825 4719 4721
f 4826 4722 4720
f 4830 4722 4826
f 4831 4829 4827
f 4827 4721 4831
f 4721 4832 4831
f 4721 4723 4832
f 4830 4724 4722
f 4833 4724 4830
f 4836 4835 4834
f 4835 4832 4834
f 4832 4725 4834
f 4832 4723 4725
f 4833 4726 4724
f 4837 4726 4833
f 4836 4834 4727
f 4728 4836 4727
f 4838 4836 4728
f 4727 4834 4725
f 4837 4729 4726
f 4839 4729 4837
f 4730 4838 4728
f 4730 4840 4838
f 4839 4731 4729
f 4841 4731 4839
f 4732 4840 4730
f 4732 4842 4840
f 4841 4733 4731
f 4843 4733 4841
f 4734 4842 4732
f 4734 4844 4842
f 4843 4735 4733
f 4845 4735 4843
f 4736 4844 4734
f 4736 4846 4844
f 4845 4737 4735
f 4847 4737 4845
f 4738 4846 4736
f 4738 4848 4846
f 4847 4739 4737
f 4849 4739 4847
f 4850 4848 4738
f 4850 4738 4740
f 4851 4740 4741
f 4851 4850 4740
f 4852 4741 4742
f 4852 4851 4741
f 4853 4742 4743
f 4853 4852 4742
f 4854 4743 4744
f 4854 4853 4743
f 4855 4744 4745
f 4855 4854 4744
f 4856 4745 4746
f 4856 4855 4745
f 4857 4746 4747
f 4857 4856 4746
f 4858 4747 4748
f 4858 4857 4747
f 4859 4748 4749
f 4859 4858 4748
f 4860 4749 4750
f 4860 4859 4749
f 4861 4750 4751
f 4861 4860 4750
f 4862 4751 4752
f 4862 4861 4751
f 4863 4752 4753
f 4863 4862 4752
f 4864 4753 4754
f 4864 4863 4753
f 4865 4754 4755
f 4865 4864 4754
f 4866 4755 4756
f 4866 4865 4755
f 4867 4756 4757
f 4867 4866 4756
f 4868 4757 4758
f 4868 4867 4757
f 4758 4759 4868
f 4868 4759 4869
f 4849 4760 4739
f 4870 4760 4849
f 4871 4869 4759
f 4871 4759 4761
f 4761 4762 4871
f 4871 4762 4872
f 4870 4763 4760
f 4873 4763 4870
f 4875 4874 4764
f 4875 4764 4765
f 4762 4764 4872
f 4872 4764 4874
f 4873 4766 4763
f 4876 4766 4873
f 4767 4875 4765
f 4767 4877 4875
f 4876 4768 4766
f 4878 4768 4876
f 4769 4877 4767
f 4769 4879 4877
f 4878 4770 4768
f 4880 4770 4878
f 4771 4879 4769
f 4771 4881 4879
f 4880 4772 4770
f 4882 4772 4880
f 4773 4881 4771
f 4773 4883 4881
f 4882 4774 4772
f 4884 4774 4882
f 4885 4883 4773
f 4885 4773 4775
f 4775 4776 4885
f 4885 4776 4886
f 4884 4777 4774
f 4887 4777 4884
f 4778 4886 4776
f 4778 4888 4886
f 4887 4779 4777
f 4889 4779 4887
f 4780 4888 4778
f 4780 4890 4888
f 4892 4891 4782
f 4782 4891 4781
f 4782 4779 4889
f 4782 4889 4892
f 4893 4890 4780
f 4893 4780 4783
f 4783 4784 4893
f 4893 4784 4894
f 4896 4895 4786
f 4786 4895 4785
f 4786 4781 4891
f 4786 4891 4896
f 4897 4894 4784
f 4897 4784 4787
f 4898 4787 4788
f 4898 4897 4787
f 4899 4788 4789
f 4899 4898 4788
f 4900 4789 4790
f 4900 4899 4789
f 4901 4790 4791
f 4901 4900 4790
f 4902 4791 4792
f 4902 4901 4791
f 4903 4792 4793
f 4903 4902 4792
f 4793 4785 4895
f 4793 4895 4903
f 4905 4904 4794
f 4905 4794 4795
f 4794 4906 4796
f 4904 4906 4794
f 4796 4907 4797
f 4906 4907 4796
f 4797 4908 4798
f 4907 4908 4797
f 4798 4909 4799
f 4908 4909 4798
f 4799 4910 4800
f 4909 4910 4799
f 4800 4911 4801
f 4910 4911 4800
f 4801 4912 4802
f 4911 4912 4801
f 4802 4913 4803
f 4912 4913 4802
f 4803 4914 4804
f 4913 4914 4803
f 4804 4915 4805
f 4914 4915 4804
f 4805 4916 4806
f 4915 4916 4805
f 4806 4917 4807
f 4916 4917 4806
f 4807 4918 4808
f 4917 4918 4807
f 4808 4919 4809
f 4918 4919 4808
f 4809 4920 4810
f 4919 4920 4809
f 4810 4921 4811
f 4920 4921 4810
f 4811 4922 4812
f 4921 4922 4811
f 4812 4923 4813
f 4922 4923 4812
f 4813 4924 4814
f 4923 4924 4813
f 4814 4925 4815
f 4924 4925 4814
f 4815 4926 4816
f 4925 4926 4815
f 4816 4927 4817
f 4926 4927 4816
f 4817 4928 4818
f 4927 4928 4817
f 4818 4929 4819
f 4928 4929 4818
f 4819 4930 4820
f 4929 4930 4819
f 4820 4931 4821
f 4930 4931 4820
f 4821 4932 4822
f 4931 4932 4821
f 4822 4933 4823
f 4932 4933 4822
f 4824 4823 4933
f 4824 4933 4934
f 4937 4936 4935
f 4936 4905 4935
f 4905 4825 4935
f 4905 4795 4825
f 4934 4826 4824
f 4938 4826 4934
f 4937 4935 4828
f 4829 4937 4828
f 4939 4937 4829
f 4828 4935 4825
f 4938 4830 4826
f 4940 4830 4938
f 4829 4831 4941
f 4942 4829 4941
f 4939 4829 4942
f 4832 4941 4831
f 4940 4833 4830
f 4943 4833 4940
f 4942 4941 4835
f 4836 4942 4835
f 4944 4942 4836
f 4835 4941 4832
f 4943 4837 4833
f 4945 4837 4943
f 4838 4944 4836
f 4838 4946 4944
f 4945 4839 4837
f 4947 4839 4945
f 4840 4946 4838
f 4840 4948 4946
f 4947 4841 4839
f 4949 4841 4947
f 4842 4948 4840
f 4842 4950 4948
f 4949 4843 4841
f 4951 4843 4949
f 4844 4950 4842
f 4844 4952 4950
f 4951 4845 4843
f 4953 4845 4951
f 4846 4952 4844
f 4846 4954 4952
f 4953 4847 4845
f 4955 4847 4953
f 4848 4954 4846
f 4848 4956 4954
f 4955 4849 4847
f 4957 4849 4955
f 4958 4956 4848
f 4958 4848 4850
f 4959 4850 4851
f 4959 4958 4850
f 4960 4851 4852
f 4960 4959 4851
f 4961 4852 4853
f 4961 4960 4852
f 4962 4853 4854
f 4962 4961 4853
f 4963 4854 4855
f 4963 4962 4854
f 4964 4855 4856
f 4964 4963 4855
f 4965 4856 4857
f 4965 4964 4856
f 4966 4857 4858
f 4966 4965 4857
f 4967 4858 4859
f 4967 4966 4858
f 4968 4859 4860
f 4968 4967 4859
f 4969 4860 4861
f 4969 4968 4860
f 4970 4861 4862
f 4970 4969 4861
f 4971 4862 4863
f 4971 4970 4862
f 4972 4863 4864
f 4972 4971 4863
f 4973 4864 4865
f 4973 4972 4864
f 4974 4865 4866
f 4974 4973 4865
f 4975 4866 4867
f 4975 4974 4866
f 4976 4867 4868
f 4976 4975 4867
f 4868 4869 4976
f 4976 4869 4977
f 4957 4870 4849
f 4978 4870 4957
f 4979 4977 4869
f 4979 4869 4871
f 4871 4872 4979
f 4979 4872 4980
f 4978 4873 4870
f 4981 4873 4978
f 4983 4982 4874
f 4983 4874 4875
f 4872 4874 4980
f 4980 4874 4982
f 4981 4876 4873
f 4984 4876 4981
f 4877 4983 4875
f 4877 4985 4983
f 4984 4878 4876
f 4986 4878 4984
f 4879 4985 4877
f 4879 4987 4985
f 4986 4880 4878
f 4988 4880 4986
f 4881 4987 4879
f 4881 4989 4987
f 4988 4882 4880
f 4990 4882 4988
f 4883 4989 4881
f 4883 4991 4989
f 4990 4884 4882
f 4992 4884 4990
f 4993 4991 4883
f 4993 4883 4885
f 4885 4886 4993
f 4993 4886 4994
f 4992 4887 4884
f 4995 4887 4992
f 4888 4994 4886
f 4888 4996 4994
f 4995 4889 4887
f 4997 4889 4995
f 4890 4996 4888
f 4890 4998 4996
f 5000 4999 4892
f 4892 4999 4891
f 4892 4889 4997
f 4892 4997 5000
f 5001 4998 4890
f 5001 4890 4893
f 4893 4894 5001
f 5001 4894 5002
f 5004 5003 4896
f 4896 5003 4895
f 4896 4891 4999
f 4896 4999 5004
f 5005 5002 4894
f 5005 4894 4897
f 5006 4897 4898
f 5006 5005 4897
f 5007 4898 4899
f 5007 5006 4898
f 5008 4899 4900
f 5008 5007 4899
f 5009 4900 4901
f 5009 5008 4900
f 5010 4901 4902
f 5010 5009 4901
f 5011 4902 4903
f 5011 5010 4902
f 4903 4895 5003
f 4903 5003 5011
f 5013 5012 4904
f 5013 4904 4905
f 4904 5014 4906
f 5012 5014 4904
f 4906 5015 4907
f 5014 5015 4906
f 4907 5016 4908
f 5015 5016 4907
f 4908 5017 4909
f 5016 5017 4908
f 4909 5018 4910
f 5017 5018 4909
f 4910 5019 4911
f 5018 5019 4910
f 4911 5020 4912
f 5019 5020 4911
f 4912 5021 4913
f 5020 5021 4912
f 4913 5022 4914
f 5021 5022 4913
f 4914 5023 4915
f 5022 5023 4914
f 4915 5024 4916
f 5023 5024 4915
f 4916 5025 4917
f 5024 5025 4916
f 4917 5026 4918
f 5025 5026 4917
f 4918 5027 4919
f 5026 5027 4918
f 4919 5028 4920
f 5027 5028 4919
f 4920 5029 4921
f 5028 5029 4920
f 4921 5030 4922
f 5029 5030 4921
f 4922 5031 4923
f 5030 5031 4922
f 4923 5032 4924
f 5031 5032 4923
f 4924 5033 4925
f 5032 5033 4924
f 4925 5034 4926
f 5033 5034 4925
f 4926 5035 4927
f 5034 5035 4926
f 4927 5036 4928
f 5035 5036 4927
f 4928 5037 4929
f 5036 5037 4928
f 4929 5038 4930
f 5037 5038 4929
f 4930 5039 4931
f 5038 5039 4930
f 4931 5040 4932
f 5039 5040 4931
f 4932 5041 4933
f 5040 5041 4932
f 4934 4933 5041
f 4934 5041 5042
f 5044 5043 4936
f 5044 4936 4937
f 4905 4936 5013
f 5013 4936 5043
f 5042 4938 4934
f 5045 4938 5042
f 4939 5044 4937
f 4939 5046 5044
f 5045 4940 4938
f 5047 4940 5045
f 4942 5046 4939
f 4942 5048 5046
f 5047 4943 4940
f 5049 4943 5047
f 4944 5048 4942
f 4944 5050 5048
f 5049 4945 4943
f 5051 4945 5049
f 4946 5050 4944
f 4946 5052 5050
f 5051 4947 4945
f 5053 4947 5051
f 4948 5052 4946
f 4948 5054 5052
f 5053 4949 4947
f 5055 4949 5053
f 4950 5054 4948
f 4950 5056 5054
f 5055 4951 4949
f 5057 4951 5055
f 4952 5056 4950
f 4952 5058 5056
f 5057 4953 4951
f 5059 4953 5057
f 4954 5058 4952
f 4954 5060 5058
f 5059 4955 4953
f 5061 4955 5059
f 4956 5060 4954
f 4956 5062 5060
f 5061 4957 4955
f 5063 4957 5061
f 5064 5062 4956
f 5064 4956 4958
f 5065 4958 4959
f 5065 5064 4958
f 5066 4959 4960
f 5066 5065 4959
f 5067 4960 4961
f 5067 5066 4960
f 5068 4961 4962
f 5068 5067 4961
f 5069 4962 4963
f 5069 5068 4962
f 5070 4963 4964
f 5070 5069 4963
f 5071 4964 4965
f 5071 5070 4964
f 5072 4965 4966
f 5072 5071 4965
f 5073 4966 4967
f 5073 5072 4966
f 5074 4967 4968
f 5074 5073 4967
f 5075 4968 4969
f 5075 5074 4968
f 5076 4969 4970
f 5076 5075 4969
f 5077 4970 4971
f 5077 5076 4970
f 5078 4971 4972
f 5078 5077 4971
f 5079 4972 4973
f 5079 5078 4972
f 5080 4973 4974
f 5080 5079 4973
f 5081 4974 4975
f 5081 5080 4974
f 5082 4975 4976
f 5082 5081 4975
f 4976 4977 5082
f 5082 4977 5083
f 5063 4978 4957
f 5084 4978 5063
f 4977 4979 5085
f 5086 4977 5085
f 5083 4977 5086
f 4980 5085 4979
f 5084 4981 4978
f 5087 4981 5084
f 5086 5085 4982
f 4983 5086 4982
f 5088 5086 4983
f 4982 5085 4980
f 5087 4984 4981
f 5089 4984 5087
f 4985 5088 4983
f 4985 5090 5088
f 5089 4986 4984
f 5091 4986 5089
f 4987 5090 4985
f 4987 5092 5090
f 5091 4988 4986
f 5093 4988 5091
f 4989 5092 4987
f 4989 5094 5092
f 5093 4990 4988
f 5095 4990 5093
f 4991 5094 4989
f 4991 5096 5094
f 5095 4992 4990
f 5097 4992 5095
f 5098 5096 4991
f 5098 4991 4993
f 4993 4994 5098
f 5098 4994 5099
f 5097 4995 4992
f 5100 4995 5097
f 4996 5099 4994
f 4996 5101 5099
f 5100 4997 4995
f 5102 4997 5100
f 4998 5101 4996
f 4998 5103 5101
f 5105 5104 5000
f 5000 5104 4999
f 5000 4997 5102
f 5000 5102 5105
f 5106 5103 4998
f 5106 4998 5001
f 5001 5002 5106
f 5106 5002 5107
f 5109 5108 5004
f 5004 5108 5003
f 5004 4999 5104
f 5004 5104 5109
f 5110 5107 5002
f 5110 5002 5005
f 5111 5005 5006
f 5111 5110 5005
f 5112 5006 5007
f 5112 5111 5006
f 5113 5007 5008
f 5113 5112 5007
f 5114 5008 5009
f 5114 5113 5008
f 5115 5009 5010
f 5115 5114 5009
f 5116 5010 5011
f 5116 5115 5010
f 5011 5003 5108
f 5011 5108 5116
f 5118 5117 5012
f 5118 5012 5013
f 5012 5119 5014
f 5117 5119 5012
f 5014 5120 5015
f 5119 5120 5014
f 5015 5121 5016
f 5120 5121 5015
f 5016 5122 5017
f 5121 5122 5016
f 5017 5123 5018
f 5122 5123 5017
f 5018 5124 5019
f 5123 5124 5018
f 5019 5125 5020
f 5124 5125 5019
f 5020 5126 5021
f 5125 5126 5020
f 5021 5127 5022
f 5126 5127 5021
f 5022 5128 5023
f 5127 5128 5022
f 5023 5129 5024
f 5128 5129 5023
f 5024 5130 5025
f 5129 5130 5024
f 5025 5131 5026
f 5130 5131 5025
f 5026 5132 5027
f 5131 5132 5026
f 5027 5133 5028
f 5132 5133 5027
f 5028 5134 5029
f 5133 5134 5028
f 5029 5135 5030
f 5134 5135 5029
f 5030 5136 5031
f 5135 5136 5030
f 5031 5137 5032
f 5136 5137 5031
f 5032 5138 5033
f 5137 5138 5032
f 5033 5139 5034
f 5138 5139 5033
f 5034 5140 5035
f 5139 5140 5034
f 5035 5141 5036
f 5140 5141 5035
f 5036 5142 5037
f 5141 5142 5036
f 5037 5143 5038
f 5142 5143 5037
f 5038 5144 5039
f 5143 5144 5038
f 5039 5145 5040
f 5144 5145 5039
f 5040 5146 5041
f 5145 5146 5040
f 5042 5041 5146
f 5042 5146 5147
f 5149 5148 5043
f 5149 5043 5044
f 5013 5043 5118
f 5118 5043 5148
f 5147 5045 5042
f 5150 5045 5147
f 5046 5149 5044
f 5046 5151 5149
f 5150 5047 5045
f 5152 5047 5150
f 5048 5151 5046
f 5048 5153 5151
f 5152 5049 5047
f 5154 5049 5152
f 5050 5153 5048
f 5050 5155 5153
f 5154 5051 5049
f 5156 5051 5154
f 5052 5155 5050
f 5052 5157 5155
f 5156 5053 5051
f 5158 5053 5156
f 5054 5157 5052
f 5054 5159 5157
f 5158 5055 5053
f 5160 5055 5158
f 5056 5159 5054
f 5056 5161 5159
f 5160 5057 5055
f 5162 5057 5160
f 5058 5161 5056
f 5058 5163 5161
f 5162 5059 5057
f 5164 5059 5162
f 5060 5163 5058
f 5060 5165 5163
f 5164 5061 5059
f 5166 5061 5164
f 5062 5165 5060
f 5062 5167 5165
f 5166 5063 5061
f 5168 5063 5166
f 5169 5167 5062
f 5169 5062 5064
f 5170 5064 5065
f 5170 5169 5064
f 5171 5065 5066
f 5171 5170 5065
f 5172 5066 5067
f 5172 5171 5066
f 5173 5067 5068
f 5173 5172 5067
f 5174 5068 5069
f 5174 5173 5068
f 5175 5069 5070
f 5175 5174 5069
f 5176 5070 5071
f 5176 5175 5070
f 5177 5071 5072
f 5177 5176 5071
f 5178 5072 5073
f 5178 5177 5072
f 5179 5073 5074
f 5179 5178 5073
f 5180 5074 5075
f 5180 5179 5074
f 5181 5075 5076
f 5181 5180 5075
f 5182 5076 5077
f 5182 5181 5076
f 5183 5077 5078
f 5183 5182 5077
f 5184 5078 5079
f 5184 5183 5078
f 5185 5079 5080
f 5185 5184 5079
f 5186 5080 5081
f 5186 5185 5080
f 5187 5081 5082
f 5187 5186 5081
f 5082 5083 5187
f 5187 5083 5188
f 5168 5084 5063
f 5189 5084 5168
f 5086 5188 5083
f 5086 5190 5188
f 5189 5087 5084
f 5191 5087 5189
f 5088 5190 5086
f 5088 5192 5190
f 5191 5089 5087
f 5193 5089 5191
f 5090 5192 5088
f 5090 5194 5192
f 5193 5091 5089
f 5195 5091 5193
f 5092 5194 5090
f 5092 5196 5194
f 5195 5093 5091
f 5197 5093 5195
f 5094 5196 5092
f 5094 5198 5196
f 5197 5095 5093
f 5199 5095 5197
f 5096 5198 5094
f 5096 5200 5198
f 5199 5097 5095
f 5201 5097 5199
f 5202 5200 5096
f 5202 5096 5098
f 5098 5099 5202
f 5202 5099 5203
f 5201 5100 5097
f 5204 5100 5201
f 5101 5203 5099
f 5101 5205 5203
f 5204 5102 5100
f 5206 5102 5204
f 5103 5205 5101
f 5103 5207 5205
f 5209 5208 5105
f 5105 5208 5104
f 5105 5102 5206
f 5105 5206 5209
f 5210 5207 5103
f 5210 5103 5106
f 5106 5107 5210
f 5210 5107 5211
f 5213 5212 5109
f 5109 5212 5108
f 5109 5104 5208
f 5109 5208 5213
f 5214 5211 5107
f 5214 5107 5110
f 5215 5110 5111
f 5215 5214 5110
f 5216 5111 5112
f 5216 5215 5111
f 5217 5112 5113
f 5217 5216 5112
f 5218 5113 5114
f 5218 5217 5113
f 5219 5114 5115
f 5219 5218 5114
f 5220 5115 5116
f 5220 5219 5115
f 5116 5108 5212
f 5116 5212 5220
f 5222 5221 5117
f 5222 5117 5118
f 5117 5223 5119
f 5221 5223 5117
f 5119 5224 5120
f 5223 5224 5119
f 5120 5225 5121
f 5224 5225 5120
f 5121 5226 5122
f 5225 5226 5121
f 5122 5227 5123
f 5226 5227 5122
f 5123 5228 5124
f 5227 5228 5123
f 5124 5229 5125
f 5228 5229 5124
f 5125 5230 5126
f 5229 5230 5125
f 5126 5231 5127
f 5230 5231 5126
f 5127 5232 5128
f 5231 5232 5127
f 5128 5233 5129
f 5232 5233 5128
f 5129 5234 5130
f 5233 5234 5129
f 5130 5235 5131
f 5234 5235 5130
f 5131 5236 5132
f 5235 5236 5131
f 5132 5237 5133
f 5236 5237 5132
f 5133 5238 5134
f 5237 5238 5133
f 5134 5239 5135
f 5238 5239 5134
f 5135 5240 5136
f 5239 5240 5135
f 5136 5241 5137
f 5240 5241 5136
f 5137 5242 5138
f 5241 5242 5137
f 5138 5243 5139
f 5242 5243 5138
f 5139 5244 5140
f 5243 5244 5139
f 5140 5245 5141
f 5244 5245 5140
f 5141 5246 5142
f 5245 5246 5141
f 5142 5247 5143
f 5246 5247 5142
f 5143 5248 5144
f 5247 5248 5143
f 5144 5249 5145
f 5248 5249 5144
f 5145 5250 5146
f 5249 5250 5145
f 5147 5146 5250
f 5147 5250 5251
f 5253 5252 5148
f 5253 5148 5149
f 5118 5148 5222
f 5222 5148 5252
f 5251 5150 5147
f 5254 5150 5251
f 5151 5253 5149
f 5151 5255 5253
f 5254 5152 5150
f 5256 5152 5254
f 5153 5255 5151
f 5153 5257 5255
f 5256 5154 5152
f 5258 5154 5256
f 5155 5257 5153
f 5155 5259 5257
f 5258 5156 5154
f 5260 5156 5258
f 5157 5259 5155
f 5157 5261 5259
f 5260 5158 5156
f 5262 5158 5260
f 5159 5261 5157
f 5159 5263 5261
f 5262 5160 5158
f 5264 5160 5262
f 5161 5263 5159
f 5161 5265 5263
f 5264 5162 5160
f 5266 5162 5264
f 5163 5265 5161
f 5163 5267 5265
f 5266 5164 5162
f 5268 5164 5266
f 5165 5267 5163
f 5165 5269 5267
f 5268 5166 5164
f 5270 5166 5268
f 5167 5269 5165
f 5167 5271 5269
f 5270 5168 5166
f 5272 5168 5270
f 5273 5271 5167
f 5273 5167 5169
f 5274 5169 5170
f 5274 5273 5169
f 5275 5170 5171
f 5275 5274 5170
f 5276 5171 5172
f 5276 5275 5171
f 5277 5172 5173
f 5277 5276 5172
f 5278 5173 5174
f 5278 5277 5173
f 5279 5174 5175
f 5279 5278 5174
f 5280 5175 5176
f 5280 5279 5175
f 5281 5176 5177
f 5281 5280 5176
f 5282 5177 5178
f 5282 5281 5177
f 5283 5178 5179
f 5283 5282 5178
f 5284 5179 5180
f 5284 5283 5179
f 5285 5180 5181
f 5285 5284 5180
f 5286 5181 5182
f 5286 5285 5181
f 5287 5182 5183
f 5287 5286 5182
f 5288 5183 5184
f 5288 5287 5183
f 5289 5184 5185
f 5289 5288 5184
f 5290 5185 5186
f 5290 5289 5185
f 5291 5186 5187
f 5291 5290 5186
f 5187 5188 5291
f 5291 5188 5292
f 5272 5189 5168
f 5293 5189 5272
f 5190 5292 5188
f 5190 5294 5292
f 5293 5191 5189
f 5295 5191 5293
f 5192 5294 5190
f 5192 5296 5294
f 5295 5193 5191
f 5297 5193 5295
f 5194 5296 5192
f 5194 5298 5296
f 5297 5195 5193
f 5299 5195 5297
f 5196 5298 5194
f 5196 5300 5298
f 5299 5197 5195
f 5301 5197 5299
f 5198 5300 5196
f 5198 5302 5300
f 5301 5199 5197
f 5303 5199 5301
f 5200 5302 5198
f 5200 5304 5302
f 5303 5201 5199
f 5305 5201 5303
f 5306 5304 5200
f 5306 5200 5202
f 5202 5203 5306
f 5306 5203 5307
f 5305 5204 5201
f 5308 5204 5305
f 5205 5307 5203
f 5205 5309 5307
f 5308 5206 5204
f 5310 5206 5308
f 5207 5309 5205
f 5207 5311 5309
f 5313 5312 5209
f 5209 5312 5208
f 5209 5206 5310
f 5209 5310 5313
f 5314 5311 5207
f 5314 5207 5210
f 5210 5211 5314
f 5314 5211 5315
f 5317 5316 5213
f 5213 5316 5212
f 5213 5208 5312
f 5213 5312 5317
f 5318 5315 5211
f 5318 5211 5214
f 5319 5214 5215
f 5319 5318 5214
f 5320 5215 5216
f 5320 5319 5215
f 5321 5216 5217
f 5321 5320 5216
f 5322 5217 5218
f 5322 5321 5217
f 5323 5218 5219
f 5323 5322 5218
f 5324 5219 5220
f 5324 5323 5219
f 5220 5212 5316
f 5220 5316 5324
f 5326 5325 5221
f 5326 5221 5222
f 5221 5327 5223
f 5325 5327 5221
f 5223 5328 5224
f 5327 5328 5223
f 5224 5329 5225
f 5328 5329 5224
f 5225 5330 5226
f 5329 5330 5225
f 5226 5331 5227
f 5330 5331 5226
f 5227 5332 5228
f 5331 5332 5227
f 5228 5333 5229
f 5332 5333 5228
f 5229 5334 5230
f 5333 5334 5229
f 5230 5335 5231
f 5334 5335 5230
f 5231 5336 5232
f 5335 5336 5231
f 5232 5337 5233
f 5336 5337 5232
f 5233 5338 5234
f 5337 5338 5233
f 5234 5339 5235
f 5338 5339 5234
f 5235 5340 5236
f 5339 5340 5235
f 5236 5341 5237
f 5340 5341 5236
f 5237 5342 5238
f 5341 5342 5237
f 5238 5343 5239
f 5342 5343 5238
f 5239 5344 5240
f 5343 5344 5239
f 5240 5345 5241
f 5344 5345 5240
f 5241 5346 5242
f 5345 5346 5241
f 5242 5347 5243
f 5346 5347 5242
f 5243 5348 5244
f 5347 5348 5243
f 5244 5349 5245
f 5348 5349 5244
f 5245 5350 5246
f 5349 5350 5245
f 5246 5351 5247
f 5350 5351 5246
f 5247 5352 5248
f 5351 5352 5247
f 5248 5353 5249
f 5352 5353 5248
f 5249 5354 5250
f 5353 5354 5249
f 5251 5250 5354
f 5251 5354 5355
f 5357 5356 5252
f 5357 5252 5253
f 5222 5252 5326
f 5326 5252 5356
f 5355 5254 5251
f 5358 5254 5355
f 5255 5357 5253
f 5255 5359 5357
f 5358 5256 5254
f 5360 5256 5358
f 5257 5359 5255
f 5257 5361 5359
f 5360 5258 5256
f 5362 5258 5360
f 5259 5361 5257
f 5259 5363 5361
f 5362 5260 5258
f 5364 5260 5362
f 5261 5363 5259
f 5261 5365 5363
f 5364 5262 5260
f 5366 5262 5364
f 5263 5365 5261
f 5263 5367 5365
f 5366 5264 5262
f 5368 5264 5366
f 5265 5367 5263
f 5265 5369 5367
f 5368 5266 5264
f 5370 5266 5368
f 5267 5369 5265
f 5267 5371 5369
f 5370 5268 5266
f 5372 5268 5370
f 5269 5371 5267
f 5269 5373 5371
f 5372 5270 5268
f 5374 5270 5372
f 5271 5373 5269
f 5271 5375 5373
f 5374 5272 5270
f 5376 5272 5374
f 5377 5375 5271
f 5377 5271 5273
f 5378 5273 5274
f 5378 5377 5273
f 5379 5274 5275
f 5379 5378 5274
f 5380 5275 5276
f 5380 5379 5275
f 5381 5276 5277
f 5381 5380 5276
f 5382 5277 5278
f 5382 5381 5277
f 5383 5278 5279
f 5383 5382 5278
f 5384 5279 5280
f 5384 5383 5279
f 5385 5280 5281
f 5385 5384 5280
f 5386 5281 5282
f 5386 5385 5281
f 5387 5282 5283
f 5387 5386 5282
f 5388 5283 5284
f 5388 5387 5283
f 5389 5284 5285
f 5389 5388 5284
f 5390 5285 5286
f 5390 5389 5285
f 5391 5286 5287
f 5391 5390 5286
f 5392 5287 5288
f 5392 5391 5287
f 5393 5288 5289
f 5393 5392 5288
f 5394 5289 5290
f 5394 5393 5289
f 5395 5290 5291
f 5395 5394 5290
f 5291 5292 5395
f 5395 5292 5396
f 5376 5293 5272
f 5397 5293 5376
f 5294 5396 5292
f 5294 5398 5396
f 5397 5295 5293
f 5399 5295 5397
f 5296 5398 5294
f 5296 5400 5398
f 5399 5297 5295
f 5401 5297 5399
f 5298 5400 5296
f 5298 5402 5400
f 5401 5299 5297
f 5403 5299 5401
f 5300 5402 5298
f 5300 5404 5402
f 5403 5301 5299
f 5405 5301 5403
f 5302 5404 5300
f 5302 5406 5404
f 5405 5303 5301
f 5407 5303 5405
f 5304 5406 5302
f 5304 5408 5406
f 5407 5305 5303
f 5409 5305 5407
f 5410 5408 5304
f 5410 5304 5306
f 5306 5307 5410
f 5410 5307 5411
f 5409 5308 5305
f 5412 5308 5409
f 5309 5411 5307
f 5309 5413 5411
f 5412 5310 5308
f 5414 5310 5412
f 5311 5413 5309
f 5311 5415 5413
f 5417 5416 5313
f 5313 5416 5312
f 5313 5310 5414
f 5313 5414 5417
f 5418 5415 5311
f 5418 5311 5314
f 5314 5315 5418
f 5418 5315 5419
f 5421 5420 5317
f 5317 5420 5316
f 5317 5312 5416
f 5317 5416 5421
f 5422 5419 5315
f 5422 5315 5318
f 5423 5318 5319
f 5423 5422 5318
f 5424 5319 5320
f 5424 5423 5319
f 5425 5320 5321
f 5425 5424 5320
f 5426 5321 5322
f 5426 5425 5321
f 5427 5322 5323
f 5427 5426 5322
f 5428 5323 5324
f 5428 5427 5323
f 5324 5316 5420
f 5324 5420 5428
f 5430 5429 5325
f 5430 5325 5326
f 5325 5431 5327
f 5429 5431 5325
f 5327 5432 5328
f 5431 5432 5327
f 5328 5433 5329
f 5432 5433 5328
f 5329 5434 5330
f 5433 5434 5329
f 5330 5435 5331
f 5434 5435 5330
f 5331 5436 5332
f 5435 5436 5331
f 5332 5437 5333
f 5436 5437 5332
f 5333 5438 5334
f 5437 5438 5333
f 5334 5439 5335
f 5438 5439 5334
f 5335 5440 5336
f 5439 5440 5335
f 5336 5441 5337
f 5440 5441 5336
f 5337 5442 5338
f 5441 5442 5337
f 5338 5443 5339
f 5442 5443 5338
f 5339 5444 5340
f 5443 5444 5339
f 5340 5445 5341
f 5444 5445 5340
f 5341 5446 5342
f 5445 5446 5341
f 5342 5447 5343
f 5446 5447 5342
f 5343 5448 5344
f 5447 5448 5343
f 5344 5449 5345
f 5448 5449 5344
f 5345 5450 5346
f 5449 5450 5345
f 5346 5451 5347
f 5450 5451 5346
f 5347 5452 5348
f 5451 5452 5347
f 5348 5453 5349
f 5452 5453 5348
f 5349 5454 5350
f 5453 5454 5349
f 5350 5455 5351
f 5454 5455 5350
f 5351 5456 5352
f 5455 5456 5351
f 5352 5457 5353
f 5456 5457 5352
f 5353 5458 5354
f 5457 5458 5353
f 5355 5354 5458
f 5355 5458 5459
f 5461 5460 5356
f 5461 5356 5357
f 5326 5356 5430
f 5430 5356 5460
f 5459 5358 5355
f 5462 5358 5459
f 5359 5461 5357
f 5359 5463 5461
f 5462 5360 5358
f 5464 5360 5462
f 5361 5463 5359
f 5361 5465 5463
f 5464 5362 5360
f 5466 5362 5464
f 5363 5465 5361
f 5363 5467 5465
f 5466 5364 5362
f 5468 5364 5466
f 5365 5467 5363
f 5365 5469 5467
f 5468 5366 5364
f 5470 5366 5468
f 5367 5469 5365
f 5367 5471 5469
f 5470 5368 5366
f 5472 5368 5470
f 5369 5471 5367
f 5369 5473 5471
f 5472 5370 5368
f 5474 5370 5472
f 5371 5473 5369
f 5371 5475 5473
f 5474 5372 5370
f 5476 5372 5474
f 5373 5475 5371
f 5373 5477 5475
f 5476 5374 5372
f 5478 5374 5476
f 5375 5477 5373
f 5375 5479 5477
f 5478 5376 5374
f 5480 5376 5478
f 5481 5479 5375
f 5481 5375 5377
f 5482 5377 5378
f 5482 5481 5377
f 5483 5378 5379
f 5483 5482 5378
f 5484 5379 5380
f 5484 5483 5379
f 5485 5380 5381
f 5485 5484 5380
f 5486 5381 5382
f 5486 5485 5381
f 5487 5382 5383
f 5487 5486 5382
f 5488 5383 5384
f 5488 5487 5383
f 5489 5384 5385
f 5489 5488 5384
f 5490 5385 5386
f 5490 5489 5385
f 5491 5386 5387
f 5491 5490 5386
f 5492 5387 5388
f 5492 5491 5387
f 5493 5388 5389
f 5493 5492 5388
f 5494 5389 5390
f 5494 5493 5389
f 5495 5390 5391
f 5495 5494 5390
f 5496 5391 5392
f 5496 5495 5391
f 5497 5392 5393
f 5497 5496 5392
f 5498 5393 5394
f 5498 5497 5393
f 5499 5394 5395
f 5499 5498 5394
f 5395 5396 5499
f 5499 5396 5500
f 5480 5397 5376
f 5501 5397 5480
f 5398 5500 5396
f 5398 5502 5500
f 5501 5399 5397
f 5503 5399 5501
f 5400 5502 5398
f 5400 5504 5502
f 5503 5401 5399
f 5505 5401 5503
f 5402 5504 5400
f 5402 5506 5504
f 5505 5403 5401
f 5507 5403 5505
f 5404 5506 5402
f 5404 5508 5506
f 5507 5405 5403
f 5509 5405 5507
f 5406 5508 5404
f 5406 5510 5508
f 5509 5407 5405
f 5511 5407 5509
f 5408 5510 5406
f 5408 5512 5510
f 5511 5409 5407
f 5513 5409 5511
f 5408 5410 5514
f 5515 5408 5514
f 5512 5408 5515
f 5411 5514 5410
f 5513 5412 5409
f 5516 5412 5513
f 5517 5515 5514
f 5514 5411 5517
f 5411 5518 5517
f 5411 5413 5518
f 5516 5414 5412
f 5519 5414 5516
f 5415 5518 5413
f 5415 5520 5518
f 5522 5521 5417
f 5417 5521 5416
f 5417 5414 5519
f 5417 5519 5522
f 5523 5520 5415
f 5523 5415 5418
f 5418 5419 5523
f 5523 5419 5524
f 5526 5525 5421
f 5421 5525 5420
f 5421 5416 5521
f 5421 5521 5526
f 5527 5524 5419
f 5527 5419 5422
f 5528 5422 5423
f 5528 5527 5422
f 5529 5423 5424
f 5529 5528 5423
f 5530 5424 5425
f 5530 5529 5424
f 5531 5425 5426
f 5531 5530 5425
f 5532 5426 5427
f 5532 5531 5426
f 5533 5427 5428
f 5533 5532 5427
f 5428 5420 5525
f 5428 5525 5533
f 5535 5534 5429
f 5535 5429 5430
f 5429 5536 5431
f 5534 5536 5429
f 5431 5537 5432
f 5536 5537 5431
f 5432 5538 5433
f 5537 5538 5432
f 5433 5539 5434
f 5538 5539 5433
f 5434 5540 5435
f 5539 5540 5434
f 5435 5541 5436
f 5540 5541 5435
f 5436 5542 5437
f 5541 5542 5436
f 5437 5543 5438
f 5542 5543 5437
f 5438 5544 5439
f 5543 5544 5438
f 5439 5545 5440
f 5544 5545 5439
f 5440 5546 5441
f 5545 5546 5440
f 5441 5547 5442
f 5546 5547 5441
f 5442 5548 5443
f 5547 5548 5442
f 5443 5549 5444
f 5548 5549 5443
f 5444 5550 5445
f 5549 5550 5444
f 5445 5551 5446
f 5550 5551 5445
f 5446 5552 5447
f 5551 5552 5446
f 5447 5553 5448
f 5552 5553 5447
f 5448 5554 5449
f 5553 5554 5448
f 5449 5555 5450
f 5554 5555 5449
f 5450 5556 5451
f 5555 5556 5450
f 5451 5557 5452
f 5556 5557 5451
f 5452 5558 5453
f 5557 5558 5452
f 5453 5559 5454
f 5558 5559 5453
f 5454 5560 5455
f 5559 5560 5454
f 5455 5561 5456
f 5560 5561 5455
f 5456 5562 5457
f 5561 5562 5456
f 5457 5563 5458
f 5562 5563 5457
f 5459 5458 5563
f 5459 5563 5564
f 5566 5565 5460
f 5566 5460 5461
f 5430 5460 5535
f 5535 5460 5565
f 5564 5462 5459
f 5567 5462 5564
f 5463 5566 5461
f 5463 5568 5566
f 5567 5464 5462
f 5569 5464 5567
f 5465 5568 5463
f 5465 5570 5568
f 5569 5466 5464
f 5571 5466 5569
f 5467 5570 5465
f 5467 5572 5570
f 5571 5468 5466
f 5573 5468 5571
f 5469 5572 5467
f 5469 5574 5572
f 5573 5470 5468
f 5575 5470 5573
f 5471 5574 5469
f 5471 5576 5574
f 5575 5472 5470
f 5577 5472 5575
f 5473 5576 5471
f 5473 5578 5576
f 5577 5474 5472
f 5579 5474 5577
f 5475 5578 5473
f 5475 5580 5578
f 5579 5476 5474
f 5581 5476 5579
f 5477 5580 5475
f 5477 5582 5580
f 5581 5478 5476
f 5583 5478 5581
f 5479 5582 5477
f 5479 5584 5582
f 5583 5480 5478
f 5585 5480 5583
f 5586 5584 5479
f 5586 5479 5481
f 5587 5481 5482
f 5587 5586 5481
f 5588 5482 5483
f 5588 5587 5482
f 5589 5483 5484
f 5589 5588 5483
f 5590 5484 5485
f 5590 5589 5484
f 5591 5485 5486
f 5591 5590 5485
f 5592 5486 5487
f 5592 5591 5486
f 5593 5487 5488
f 5593 5592 5487
f 5594 5488 5489
f 5594 5593 5488
f 5595 5489 5490
f 5595 5594 5489
f 5596 5490 5491
f 5596 5595 5490
f 5597 5491 5492
f 5597 5596 5491
f 5598 5492 5493
f 5598 5597 5492
f 5599 5493 5494
f 5599 5598 5493
f 5600 5494 5495
f 5600 5599 5494
f 5601 5495 5496
f 5601 5600 5495
f 5602 5496 5497
f 5602 5601 5496
f 5603 5497 5498
f 5603 5602 5497
f 5604 5498 5499
f 5604 5603 5498
f 5499 5500 5604
f 5604 5500 5605
f 5585 5501 5480
f 5606 5501 5585
f 5502 5605 5500
f 5502 5607 5605
f 5606 5503 5501
f 5608 5503 5606
f 5611 5610 5609
f 5610 5607 5609
f 5607 5504 5609
f 5607 5502 5504
f 5608 5505 5503
f 5612 5505 5608
f 5611 5609 5613
f 5611 5613 5614
f 5506 5613 5504
f 5504 5613 5609
f 5612 5507 5505
f 5615 5507 5612
f 5614 5613 5616
f 5614 5616 5617
f 5508 5616 5506
f 5506 5616 5613
f 5615 5509 5507
f 5618 5509 5615
f 5617 5616 5619
f 5617 5619 5620
f 5510 5619 5508
f 5508 5619 5616
f 5618 5511 5509
f 5621 5511 5618
f 5622 5620 5619
f 5619 5510 5622
f 5510 5623 5622
f 5510 5512 5623
f 5621 5513 5511
f 5624 5513 5621
f 5515 5623 5512
f 5515 5625 5623
f 5624 5516 5513
f 5626 5516 5624
f 5627 5625 5515
f 5627 5515 5517
f 5517 5518 5627
f 5627 5518 5628
f 5626 5519 5516
f 5629 5519 5626
f 5520 5628 5518
f 5520 5630 5628
f 5632 5631 5522
f 5522 5631 5521
f 5522 5519 5629
f 5522 5629 5632
f 5633 5630 5520
f 5633 5520 5523
f 5523 5524 5633
f 5633 5524 5634
f 5636 5635 5526
f 5526 5635 5525
f 5526 5521 5631
f 5526 5631 5636
f 5637 5634 5524
f 5637 5524 5527
f 5638 5527 5528
f 5638 5637 5527
f 5639 5528 5529
f 5639 5638 5528
f 5640 5529 5530
f 5640 5639 5529
f 5641 5530 5531
f 5641 5640 5530
f 5642 5531 5532
f 5642 5641 5531
f 5643 5532 5533
f 5643 5642 5532
f 5533 5525 5635
f 5533 5635 5643
f 5645 5644 5534
f 5645 5534 5535
f 5534 5646 5536
f 5644 5646 5534
f 5536 5647 5537
f 5646 5647 5536
f 5537 5648 5538
f 5647 5648 5537
f 5538 5649 5539
f 5648 5649 5538
f 5539 5650 5540
f 5649 5650 5539
f 5540 5651 5541
f 5650 5651 5540
f 5541 5652 5542
f 5651 5652 5541
f 5542 5653 5543
f 5652 5653 5542
f 5543 5654 5544
f 5653 5654 5543
f 5544 5655 5545
f 5654 5655 5544
f 5545 5656 5546
f 5655 5656 5545
f 5546 5657 5547
f 5656 5657 5546
f 5547 5658 5548
f 5657 5658 5547
f 5548 5659 5549
f 5658 5659 5548
f 5549 5660 5550
f 5659 5660 5549
f 5550 5661 5551
f 5660 5661 5550
f 5551 5662 5552
f 5661 5662 5551
f 5552 5663 5553
f 5662 5663 5552
f 5553 5664 5554
f 5663 5664 5553
f 5554 5665 5555
f 5664 5665 5554
f 5555 5666 5556
f 5665 5666 5555
f 5556 5667 5557
f 5666 5667 5556
f 5557 5668 5558
f 5667 5668 5557
f 5558 5669 5559
f 5668 5669 5558
f 5559 5670 5560
f 5669 5670 5559
f 5560 5671 5561
f 5670 5671 5560
f 5561 5672 5562
f 5671 5672 5561
f 5562 5673 5563
f 5672 5673 5562
f 5564 5563 5673
f 5564 5673 5674
f 5676 5675 5565
f 5676 5565 5566
f 5535 5565 5645
f 5645 5565 5675
f 5674 5567 5564
f 5677 5567 5674
f 5568 5676 5566
f 5568 5678 5676
f 5677 5569 5567
f 5679 5569 5677
f 5570 5678 5568
f 5570 5680 5678
f 5679 5571 5569
f 5681 5571 5679
f 5572 5680 5570
f 5572 5682 5680
f 5681 5573 5571
f 5683 5573 5681
f 5574 5682 5572
f 5574 5684 5682
f 5683 5575 5573
f 5685 5575 5683
f 5576 5684 5574
f 5576 5686 5684
f 5685 5577 5575
f 5687 5577 5685
f 5578 5686 5576
f 5578 5688 5686
f 5687 5579 5577
f 5689 5579 5687
f 5580 5688 5578
f 5580 5690 5688
f 5689 5581 5579
f 5691 5581 5689
f 5582 5690 5580
f 5582 5692 5690
f 5691 5583 5581
f 5693 5583 5691
f 5584 5692 5582
f 5584 5694 5692
f 5693 5585 5583
f 5695 5585 5693
f 5696 5694 5584
f 5696 5584 5586
f 5697 5586 5587
f 5697 5696 5586
f 5699 5697 5698
f 5697 5588 5698
f 5697 5587 5588
f 5589 5700 5588
f 5588 5700 5698
f 5590 5701 5589
f 5589 5701 5700
f 5591 5702 5590
f 5590 5702 5701
f 5592 5703 5591
f 5591 5703 5702
f 5593 5704 5592
f 5592 5704 5703
f 5704 5593 5705
f 5593 5706 5705
f 5593 5594 5706
f 5707 5594 5595
f 5707 5706 5594
f 5708 5595 5596
f 5708 5707 5595
f 5709 5596 5597
f 5709 5708 5596
f 5710 5597 5598
f 5710 5709 5597
f 5711 5598 5599
f 5711 5710 5598
f 5713 5711 5712
f 5711 5600 5712
f 5711 5599 5600
f 5601 5714 5600
f 5600 5714 5712
f 5602 5715 5601
f 5601 5715 5714
f 5603 5716 5602
f 5602 5716 5715
f 5604 5717 5603
f 5603 5717 5716
f 5605 5717 5604
f 5695 5606 5585
f 5718 5606 5695
f 5721 5720 5719
f 5719 5720 5699
f 5698 5719 5699
f 5722 5719 5698
f 5723 5698 5700
f 5722 5698 5723
f 5724 5700 5701
f 5723 5700 5724
f 5725 5701 5702
f 5724 5701 5725
f 5726 5702 5703
f 5725 5702 5726
f 5727 5703 5704
f 5726 5703 5727
f 5704 5705 5728
f 5704 5728 5727
f 5729 5713 5712
f 5731 5730 5729
f 5712 5731 5729
f 5714 5731 5712
f 5732 5714 5715
f 5731 5714 5732
f 5733 5715 5716
f 5732 5715 5733
f 5734 5716 5717
f 5733 5716 5734
f 5607 5734 5605
f 5605 5734 5717
f 5718 5608 5606
f 5735 5608 5718
f 5721 5719 5736
f 5721 5736 5737
f 5738 5719 5722
f 5736 5719 5738
f 5739 5722 5723
f 5738 5722 5739
f 5740 5723 5724
f 5739 5723 5740
f 5741 5724 5725
f 5740 5724 5741
f 5742 5725 5726
f 5741 5725 5742
f 5743 5726 5727
f 5742 5726 5743
f 5727 5728 5744
f 5745 5727 5744
f 5743 5727 5745
f 5747 5746 5745
f 5747 5745 5744
f 5749 5748 5746
f 5749 5746 5747
f 5751 5750 5748
f 5751 5748 5749
f 5753 5752 5750
f 5753 5750 5751
f 5755 5754 5752
f 5755 5752 5753
f 5757 5756 5754
f 5757 5754 5755
f 5756 5757 5730
f 5731 5756 5730
f 5758 5756 5731
f 5759 5731 5732
f 5758 5731 5759
f 5760 5732 5733
f 5759 5732 5760
f 5611 5760 5610
f 5760 5734 5610
f 5760 5733 5734
f 5610 5734 5607
f 5735 5612 5608
f 5761 5612 5735
f 5737 5736 5762
f 5737 5762 5763
f 5764 5736 5738
f 5762 5736 5764
f 5765 5738 5739
f 5764 5738 5765
f 5766 5739 5740
f 5765 5739 5766
f 5767 5740 5741
f 5766 5740 5767
f 5768 5741 5742
f 5767 5741 5768
f 5769 5742 5743
f 5768 5742 5769
f 5770 5743 5745
f 5769 5743 5770
f 5771 5745 5746
f 5770 5745 5771
f 5772 5746 5748
f 5771 5746 5772
f 5773 5748 5750
f 5772 5748 5773
f 5774 5750 5752
f 5773 5750 5774
f 5754 5776 5775
f 5774 5754 5775
f 5752 5754 5774
f 5778 5777 5776
f 5754 5778 5776
f 5756 5778 5754
f 5779 5756 5758
f 5778 5756 5779
f 5780 5758 5759
f 5779 5758 5780
f 5781 5759 5760
f 5780 5759 5781
f 5614 5781 5611
f 5611 5781 5760
f 5761 5615 5612
f 5782 5615 5761
f 5783 5763 5762
f 5785 5784 5783
f 5762 5785 5783
f 5764 5785 5762
f 5786 5764 5765
f 5785 5764 5786
f 5787 5765 5766
f 5786 5765 5787
f 5788 5766 5767
f 5787 5766 5788
f 5789 5767 5768
f 5788 5767 5789
f 5790 5768 5769
f 5789 5768 5790
f 5791 5769 5770
f 5790 5769 5791
f 5792 5770 5771
f 5791 5770 5792
f 5793 5771 5772
f 5792 5771 5793
f 5794 5772 5773
f 5793 5772 5794
f 5795 5773 5774
f 5794 5773 5795
f 5774 5775 5796
f 5774 5796 5795
f 5797 5777 5778
f 5797 5778 5779
f 5797 5779 5798
f 5800 5799 5798
f 5779 5800 5798
f 5780 5800 5779
f 5801 5780 5781
f 5800 5780 5801
f 5617 5801 5614
f 5614 5801 5781
f 5782 5618 5615
f 5802 5618 5782
f 5803 5784 5785
f 5803 5785 5786
f 5803 5786 5804
f 5804 5786 5787
f 5804 5787 5805
f 5805 5787 5788
f 5805 5788 5806
f 5806 5788 5789
f 5806 5789 5807
f 5807 5789 5790
f 5807 5790 5808
f 5808 5790 5791
f 5808 5791 5809
f 5809 5791 5792
f 5809 5792 5810
f 5810 5792 5793
f 5810 5793 5811
f 5811 5793 5794
f 5811 5794 5812
f 5812 5794 5795
f 5812 5795 5813
f 5813 5795 5796
f 5814 5799 5800
f 5816 5815 5814
f 5800 5816 5814
f 5801 5816 5800
f 5620 5816 5617
f 5617 5816 5801
f 5802 5621 5618
f 5817 5621 5802
f 5815 5816 5818
f 5815 5818 5819
f 5622 5820 5620
f 5820 5816 5620
f 5820 5818 5816
f 5623 5820 5622
f 5817 5624 5621
f 5821 5624 5817
f 5822 5819 5818
f 5824 5823 5822
f 5818 5824 5822
f 5820 5824 5818
f 5625 5824 5623
f 5623 5824 5820
f 5821 5626 5624
f 5825 5626 5821
f 5826 5823 5824
f 5826 5824 5625
f 5627 5826 5625
f 5827 5826 5627
f 5627 5628 5827
f 5827 5628 5828
f 5825 5629 5626
f 5829 5629 5825
f 5630 5828 5628
f 5630 5830 5828
f 5832 5831 5632
f 5632 5831 5631
f 5632 5629 5829
f 5632 5829 5832
f 5833 5830 5630
f 5833 5630 5633
f 5633 5634 5833
f 5833 5634 5834
f 5836 5835 5636
f 5636 5835 5635
f 5636 5631 5831
f 5636 5831 5836
f 5837 5834 5634
f 5837 5634 5637
f 5838 5637 5638
f 5838 5837 5637
f 5839 5638 5639
f 5839 5838 5638
f 5840 5639 5640
f 5840 5839 5639
f 5841 5640 5641
f 5841 5840 5640
f 5842 5641 5642
f 5842 5841 5641
f 5843 5642 5643
f 5843 5842 5642
f 5643 5635 5835
f 5643 5835 5843
f 5845 5844 5644
f 5845 5644 5645
f 5644 5846 5646
f 5844 5846 5644
f 5646 5847 5647
f 5846 5847 5646
f 5647 5848 5648
f 5847 5848 5647
f 5648 5849 5649
f 5848 5849 5648
f 5649 5850 5650
f 5849 5850 5649
f 5650 5851 5651
f 5850 5851 5650
f 5651 5852 5652
f 5851 5852 5651
f 5652 5853 5653
f 5852 5853 5652
f 5653 5854 5654
f 5853 5854 5653
f 5654 5855 5655
f 5854 5855 5654
f 5655 5856 5656
f 5855 5856 5655
f 5656 5857 5657
f 5856 5857 5656
f 5657 5858 5658
f 5857 5858 5657
f 5658 5859 5659
f 5858 5859 5658
f 5659 5860 5660
f 5859 5860 5659
f 5660 5861 5661
f 5860 5861 5660
f 5661 5862 5662
f 5861 5862 5661
f 5662 5863 5663
f 5862 5863 5662
f 5663 5864 5664
f 5863 5864 5663
f 5664 5865 5665
f 5864 5865 5664
f 5665 5866 5666
f 5865 5866 5665
f 5666 5867 5667
f 5866 5867 5666
f 5667 5868 5668
f 5867 5868 5667
f 5668 5869 5669
f 5868 5869 5668
f 5669 5870 5670
f 5869 5870 5669
f 5670 5871 5671
f 5870 5871 5670
f 5671 5872 5672
f 5871 5872 5671
f 5672 5873 5673
f 5872 5873 5672
f 5674 5673 5873
f 5674 5873 5874
f 5876 5875 5675
f 5876 5675 5676
f 5645 5675 5845
f 5845 5675 5875
f 5874 5677 5674
f 5877 5677 5874
f 5678 5876 5676
f 5678 5878 5876
f 5877 5679 5677
f 5879 5679 5877
f 5680 5878 5678
f 5680 5880 5878
f 5879 5681 5679
f 5881 5681 5879
f 5682 5880 5680
f 5682 5882 5880
f 5881 5683 5681
f 5883 5683 5881
f 5684 5882 5682
f 5684 5884 5882
f 5883 5685 5683
f 5885 5685 5883
f 5686 5884 5684
f 5686 5886 5884
f 5885 5687 5685
f 5887 5687 5885
f 5688 5886 5686
f 5688 5888 5886
f 5887 5689 5687
f 5889 5689 5887
f 5690 5888 5688
f 5690 5890 5888
f 5889 5691 5689
f 5891 5691 5889
f 5692 5890 5690
f 5692 5892 5890
f 5891 5693 5691
f 5893 5693 5891
f 5694 5892 5692
f 5694 5894 5892
f 5893 5695 5693
f 5895 5695 5893
f 5896 5894 5694
f 5896 5694 5696
f 5898 5896 5897
f 5896 5697 5897
f 5896 5696 5697
f 5699 5897 5697
f 5899 5705 5706
f 5707 5900 5706
f 5706 5900 5899
f 5708 5901 5707
f 5707 5901 5900
f 5709 5902 5708
f 5708 5902 5901
f 5710 5903 5709
f 5709 5903 5902
f 5711 5904 5710
f 5710 5904 5903
f 5713 5904 5711
f 5895 5718 5695
f 5905 5718 5895
f 5908 5907 5906
f 5906 5907 5898
f 5906 5898 5897
f 5721 5906 5897
f 5720 5721 5897
f 5720 5897 5699
f 5909 5728 5899
f 5899 5728 5705
f 5910 5899 5900
f 5909 5899 5910
f 5911 5900 5901
f 5910 5900 5911
f 5912 5901 5902
f 5911 5901 5912
f 5913 5902 5903
f 5912 5902 5913
f 5914 5903 5904
f 5913 5903 5914
f 5729 5915 5713
f 5915 5904 5713
f 5915 5914 5904
f 5730 5915 5729
f 5905 5735 5718
f 5916 5735 5905
f 5908 5906 5917
f 5908 5917 5918
f 5737 5917 5721
f 5721 5917 5906
f 5909 5744 5728
f 5744 5909 5747
f 5747 5909 5910
f 5747 5910 5749
f 5749 5910 5911
f 5749 5911 5751
f 5751 5911 5912
f 5751 5912 5753
f 5753 5912 5913
f 5753 5913 5755
f 5755 5913 5914
f 5755 5914 5757
f 5757 5914 5915
f 5757 5915 5730
f 5916 5761 5735
f 5919 5761 5916
f 5918 5917 5920
f 5918 5920 5921
f 5763 5920 5737
f 5737 5920 5917
f 5922 5775 5776
f 5777 5922 5776
f 5919 5782 5761
f 5923 5782 5919
f 5921 5920 5924
f 5921 5924 5925
f 5783 5926 5763
f 5926 5920 5763
f 5926 5924 5920
f 5784 5926 5783
f 5927 5796 5922
f 5922 5796 5775
f 5797 5928 5777
f 5928 5922 5777
f 5928 5927 5922
f 5798 5929 5797
f 5797 5929 5928
f 5799 5929 5798
f 5923 5802 5782
f 5930 5802 5923
f 5931 5925 5924
f 5933 5932 5931
f 5924 5933 5931
f 5926 5933 5924
f 5803 5934 5784
f 5934 5926 5784
f 5934 5933 5926
f 5804 5935 5803
f 5803 5935 5934
f 5805 5936 5804
f 5804 5936 5935
f 5806 5937 5805
f 5805 5937 5936
f 5807 5938 5806
f 5806 5938 5937
f 5808 5939 5807
f 5807 5939 5938
f 5809 5940 5808
f 5808 5940 5939
f 5810 5941 5809
f 5809 5941 5940
f 5811 5942 5810
f 5810 5942 5941
f 5812 5943 5811
f 5811 5943 5942
f 5813 5944 5812
f 5812 5944 5943
f 5796 5927 5813
f 5927 5944 5813
f 5927 5945 5944
f 5946 5927 5928
f 5945 5927 5946
f 5947 5928 5929
f 5946 5928 5947
f 5814 5948 5799
f 5948 5929 5799
f 5948 5947 5929
f 5815 5948 5814
f 5930 5817 5802
f 5949 5817 5930
f 5932 5933 5950
f 5932 5950 5951
f 5952 5933 5934
f 5950 5933 5952
f 5953 5934 5935
f 5952 5934 5953
f 5954 5935 5936
f 5953 5935 5954
f 5955 5936 5937
f 5954 5936 5955
f 5956 5937 5938
f 5955 5937 5956
f 5957 5938 5939
f 5956 5938 5957
f 5958 5939 5940
f 5957 5939 5958
f 5959 5940 5941
f 5958 5940 5959
f 5960 5941 5942
f 5959 5941 5960
f 5961 5942 5943
f 5960 5942 5961
f 5962 5943 5944
f 5961 5943 5962
f 5963 5944 5945
f 5962 5944 5963
f 5964 5945 5946
f 5963 5945 5964
f 5965 5946 5947
f 5964 5946 5965
f 5966 5947 5948
f 5965 5947 5966
f 5819 5966 5815
f 5815 5966 5948
f 5949 5821 5817
f 5967 5821 5949
f 5968 5951 5950
f 5968 5950 5952
f 5968 5952 5969
f 5969 5952 5953
f 5969 5953 5970
f 5970 5953 5954
f 5970 5954 5971
f 5973 5972 5971
f 5954 5973 5971
f 5955 5973 5954
f 5974 5955 5956
f 5973 5955 5974
f 5975 5956 5957
f 5974 5956 5975
f 5976 5957 5958
f 5975 5957 5976
f 5977 5958 5959
f 5976 5958 5977
f 5978 5959 5960
f 5977 5959 5978
f 5979 5960 5961
f 5978 5960 5979
f 5980 5961 5962
f 5979 5961 5980
f 5981 5962 5963
f 5980 5962 5981
f 5982 5963 5964
f 5981 5963 5982
f 5983 5964 5965
f 5982 5964 5983
f 5984 5965 5966
f 5983 5965 5984
f 5822 5985 5819
f 5985 5966 5819
f 5985 5984 5966
f 5823 5985 5822
f 5967 5825 5821
f 5986 5825 5967
f 5987 5972 5973
f 5987 5973 5974
f 5987 5974 5988
f 5988 5974 5975
f 5988 5975 5989
f 5989 5975 5976
f 5989 5976 5990
f 5990 5976 5977
f 5990 5977 5991
f 5991 5977 5978
f 5991 5978 5992
f 5992 5978 5979
f 5992 5979 5993
f 5993 5979 5980
f 5993 5980 5994
f 5994 5980 5981
f 5994 5981 5995
f 5995 5981 5982
f 5995 5982 5996
f 5996 5982 5983
f 5996 5983 5997
f 5997 5983 5984
f 5997 5984 5998
f 6000 5999 5998
f 5984 6000 5998
f 5985 6000 5984
f 5826 6001 5823
f 6001 5985 5823
f 6001 6000 5985
f 5827 6002 5826
f 5826 6002 6001
f 5828 6002 5827
f 5986 5829 5825
f 6003 5829 5986
f 6004 5999 6000
f 6004 6000 6001
f 6004 6001 6005
f 6005 6001 6002
f 6005 6002 6006
f 6002 5828 6006
f 5828 6007 6006
f 5828 5830 6007
f 6009 6008 5832
f 5832 6008 5831
f 5832 5829 6003
f 5832 6003 6009
f 6010 6007 5830
f 6010 5830 5833
f 5833 5834 6010
f 6010 5834 6011
f 6014 6013 6012
f 5835 5836 6012
f 5836 6014 6012
f 5836 6015 6014
f 5836 5831 6008
f 5836 6008 6015
f 6016 6011 5834
f 6016 5834 5837
f 6017 5837 5838
f 6017 6016 5837
f 6018 5838 5839
f 6018 6017 5838
f 6019 5839 5840
f 6019 6018 5839
f 6020 5840 5841
f 6020 6019 5840
f 6021 5841 5842
f 6021 6020 5841
f 5843 6012 6013
f 6021 5843 6013
f 5842 5843 6021
f 6012 5843 5835
f 6023 6022 5844
f 6023 5844 5845
f 5844 6024 5846
f 6022 6024 5844
f 5846 6025 5847
f 6024 6025 5846
f 5847 6026 5848
f 6025 6026 5847
f 5848 6027 5849
f 6026 6027 5848
f 5849 6028 5850
f 6027 6028 5849
f 5850 6029 5851
f 6028 6029 5850
f 5851 6030 5852
f 6029 6030 5851
f 5852 6031 5853
f 6030 6031 5852
f 5853 6032 5854
f 6031 6032 5853
f 5854 6033 5855
f 6032 6033 5854
f 5855 6034 5856
f 6033 6034 5855
f 5856 6035 5857
f 6034 6035 5856
f 5857 6036 5858
f 6035 6036 5857
f 5858 6037 5859
f 6036 6037 5858
f 5859 6038 5860
f 6037 6038 5859
f 5860 6039 5861
f 6038 6039 5860
f 5861 6040 5862
f 6039 6040 5861
f 5862 6041 5863
f 6040 6041 5862
f 5863 6042 5864
f 6041 6042 5863
f 5864 6043 5865
f 6042 6043 5864
f 5865 6044 5866
f 6043 6044 5865
f 5866 6045 5867
f 6044 6045 5866
f 5867 6046 5868
f 6045 6046 5867
f 5868 6047 5869
f 6046 6047 5868
f 5869 6048 5870
f 6047 6048 5869
f 5870 6049 5871
f 6048 6049 5870
f 5871 6050 5872
f 6049 6050 5871
f 5872 6051 5873
f 6050 6051 5872
f 5874 5873 6051
f 5874 6051 6052
f 6054 6053 5875
f 6054 5875 5876
f 5845 5875 6023
f 6023 5875 6053
f 6052 5877 5874
f 6055 5877 6052
f 5878 6054 5876
f 5878 6056 6054
f 6055 5879 5877
f 6057 5879 6055
f 5880 6056 5878
f 5880 6058 6056
f 6057 5881 5879
f 6059 5881 6057
f 5882 6058 5880
f 5882 6060 6058
f 6059 5883 5881
f 6061 5883 6059
f 5884 6060 5882
f 5884 6062 6060
f 6061 5885 5883
f 6063 5885 6061
f 5886 6062 5884
f 5886 6064 6062
f 6063 5887 5885
f 6065 5887 6063
f 5888 6064 5886
f 5888 6066 6064
f 6065 5889 5887
f 6067 5889 6065
f 5890 6066 5888
f 5890 6068 6066
f 6067 5891 5889
f 6069 5891 6067
f 5892 6068 5890
f 5892 6070 6068
f 6069 5893 5891
f 6071 5893 6069
f 5894 6070 5892
f 5894 6072 6070
f 6071 5895 5893
f 6073 5895 6071
f 5894 5896 6074
f 6075 5894 6074
f 6072 5894 6075
f 5898 6074 5896
f 6073 5905 5895
f 6076 5905 6073
f 6075 6074 5907
f 5908 6075 5907
f 6077 6075 5908
f 5907 6074 5898
f 6076 5916 5905
f 6078 5916 6076
f 5918 6077 5908
f 5918 6079 6077
f 6078 5919 5916
f 6080 5919 6078
f 5921 6079 5918
f 5921 6081 6079
f 6080 5923 5919
f 6082 5923 6080
f 5925 6081 5921
f 5925 6083 6081
f 6082 5930 5923
f 6084 5930 6082
f 5925 5931 6085
f 6086 5925 6085
f 6083 5925 6086
f 5932 6085 5931
f 6084 5949 5930
f 6087 5949 6084
f 6086 6085 6088
f 6086 6088 6089
f 5951 6088 5932
f 5932 6088 6085
f 6087 5967 5949
f 6090 5967 6087
f 6091 6089 6088
f 6091 6088 5951
f 5968 6091 5951
f 6092 6091 5968
f 6094 6092 6093
f 6092 5969 6093
f 6092 5968 5969
f 5970 6095 5969
f 5969 6095 6093
f 5971 6096 5970
f 5970 6096 6095
f 5972 6096 5971
f 6090 5986 5967
f 6097 5986 6090
f 6098 6094 6093
f 6098 6093 6095
f 6098 6095 6099
f 6099 6095 6096
f 6099 6096 6100
f 6100 6096 5972
f 5987 6100 5972
f 6101 6100 5987
f 6102 5987 5988
f 6102 6101 5987
f 6103 5988 5989
f 6103 6102 5988
f 6104 5989 5990
f 6104 6103 5989
f 6106 6104 6105
f 6104 5991 6105
f 6104 5990 5991
f 5992 6107 5991
f 5991 6107 6105
f 5993 6108 5992
f 5992 6108 6107
f 5994 6109 5993
f 5993 6109 6108
f 5995 6110 5994
f 5994 6110 6109
f 5996 6111 5995
f 5995 6111 6110
f 5997 6112 5996
f 5996 6112 6111
f 5998 6113 5997
f 5997 6113 6112
f 5999 6113 5998
f 6116 6115 6114
f 6097 6116 6114
f 6003 6097 6114
f 5986 6097 6003
f 6117 6106 6105
f 6117 6105 6107
f 6117 6107 6118
f 6118 6107 6108
f 6118 6108 6119
f 6119 6108 6109
f 6119 6109 6120
f 6120 6109 6110
f 6120 6110 6121
f 6121 6110 6111
f 6121 6111 6122
f 6122 6111 6112
f 6122 6112 6123
f 6123 6112 6113
f 6123 6113 6124
f 6124 6113 5999
f 6004 6124 5999
f 6125 6124 6004
f 6126 6004 6005
f 6126 6125 6004
f 6127 6005 6006
f 6127 6126 6005
f 6006 6007 6127
f 6127 6007 6128
f 6114 6115 6009
f 6115 6008 6009
f 6115 6129 6008
f 6114 6009 6003
f 6130 6128 6007
f 6130 6007 6010
f 6010 6011 6130
f 6130 6011 6131
f 6133 6132 6014
f 6014 6132 6013
f 6134 6014 6015
f 6134 6133 6014
f 6015 6008 6129
f 6015 6129 6134
f 6135 6131 6011
f 6135 6011 6016
f 6136 6016 6017
f 6136 6135 6016
f 6137 6017 6018
f 6137 6136 6017
f 6138 6018 6019
f 6138 6137 6018
f 6139 6019 6020
f 6139 6138 6019
f 6140 6020 6021
f 6140 6139 6020
f 6021 6013 6132
f 6021 6132 6140
f 6142 6141 6022
f 6142 6022 6023
f 6022 6143 6024
f 6141 6143 6022
f 6024 6144 6025
f 6143 6144 6024
f 6025 6145 6026
f 6144 6145 6025
f 6026 6146 6027
f 6145 6146 6026
f 6027 6147 6028
f 6146 6147 6027
f 6028 6148 6029
f 6147 6148 6028
f 6029 6149 6030
f 6148 6149 6029
f 6030 6150 6031
f 6149 6150 6030
f 6031 6151 6032
f 6150 6151 6031
f 6032 6152 6033
f 6151 6152 6032
f 6033 6153 6034
f 6152 6153 6033
f 6034 6154 6035
f 6153 6154 6034
f 6035 6155 6036
f 6154 6155 6035
f 6036 6156 6037
f 6155 6156 6036
f 6037 6157 6038
f 6156 6157 6037
f 6038 6158 6039
f 6157 6158 6038
f 6039 6159 6040
f 6158 6159 6039
f 6040 6160 6041
f 6159 6160 6040
f 6041 6161 6042
f 6160 6161 6041
f 6042 6162 6043
f 6161 6162 6042
f 6043 6163 6044
f 6162 6163 6043
f 6044 6164 6045
f 6163 6164 6044
f 6045 6165 6046
f 6164 6165 6045
f 6046 6166 6047
f 6165 6166 6046
f 6047 6167 6048
f 6166 6167 6047
f 6048 6168 6049
f 6167 6168 6048
f 6049 6169 6050
f 6168 6169 6049
f 6050 6170 6051
f 6169 6170 6050
f 6052 6051 6170
f 6052 6170 6171
f 6173 6172 6053
f 6173 6053 6054
f 6023 6053 6142
f 6142 6053 6172
f 6171 6055 6052
f 6174 6055 6171
f 6056 6173 6054
f 6056 6175 6173
f 6174 6057 6055
f 6176 6057 6174
f 6058 6175 6056
f 6058 6177 6175
f 6176 6059 6057
f 6178 6059 6176
f 6060 6177 6058
f 6060 6179 6177
f 6178 6061 6059
f 6180 6061 6178
f 6062 6179 6060
f 6062 6181 6179
f 6180 6063 6061
f 6182 6063 6180
f 6064 6181 6062
f 6064 6183 6181
f 6182 6065 6063
f 6184 6065 6182
f 6066 6183 6064
f 6066 6185 6183
f 6184 6067 6065
f 6186 6067 6184
f 6068 6185 6066
f 6068 6187 6185
f 6186 6069 6067
f 6188 6069 6186
f 6070 6187 6068
f 6070 6189 6187
f 6188 6071 6069
f 6190 6071 6188
f 6072 6189 6070
f 6072 6191 6189
f 6190 6073 6071
f 6192 6073 6190
f 6075 6191 6072
f 6075 6193 6191
f 6192 6076 6073
f 6194 6076 6192
f 6077 6193 6075
f 6077 6195 6193
f 6194 6078 6076
f 6196 6078 6194
f 6079 6195 6077
f 6079 6197 6195
f 6196 6080 6078
f 6198 6080 6196
f 6081 6197 6079
f 6081 6199 6197
f 6198 6082 6080
f 6200 6082 6198
f 6083 6199 6081
f 6083 6201 6199
f 6200 6084 6082
f 6202 6084 6200
f 6086 6201 6083
f 6086 6203 6201
f 6202 6087 6084
f 6204 6087 6202
f 6089 6203 6086
f 6089 6205 6203
f 6204 6090 6087
f 6206 6090 6204
f 6207 6205 6089
f 6207 6089 6091
f 6208 6091 6092
f 6208 6207 6091
f 6092 6094 6208
f 6208 6094 6209
f 6212 6211 6210
f 6206 6212 6210
f 6097 6206 6210
f 6090 6206 6097
f 6213 6209 6094
f 6213 6094 6098
f 6214 6098 6099
f 6214 6213 6098
f 6215 6099 6100
f 6215 6214 6099
f 6216 6100 6101
f 6216 6215 6100
f 6217 6101 6102
f 6217 6216 6101
f 6219 6217 6218
f 6217 6103 6218
f 6217 6102 6103
f 6104 6220 6103
f 6103 6220 6218
f 6106 6220 6104
f 6210 6211 6116
f 6211 6115 6116
f 6211 6221 6115
f 6210 6116 6097
f 6222 6219 6218
f 6222 6218 6220
f 6222 6220 6223
f 6223 6220 6106
f 6117 6223 6106
f 6224 6223 6117
f 6225 6117 6118
f 6225 6224 6117
f 6226 6118 6119
f 6226 6225 6118
f 6227 6119 6120
f 6227 6226 6119
f 6228 6120 6121
f 6228 6227 6120
f 6229 6121 6122
f 6229 6228 6121
f 6230 6122 6123
f 6230 6229 6122
f 6231 6123 6124
f 6231 6230 6123
f 6232 6124 6125
f 6232 6231 6124
f 6233 6125 6126
f 6233 6232 6125
f 6234 6126 6127
f 6234 6233 6126
f 6127 6128 6234
f 6234 6128 6235
f 6238 6237 6236
f 6221 6238 6236
f 6129 6221 6236
f 6115 6221 6129
f 6239 6235 6128
f 6239 6128 6130
f 6241 6240 6131
f 6240 6130 6131
f 6240 6239 6130
f 6243 6242 6241
f 6241 6242 6240
f 6245 6244 6243
f 6243 6244 6242
f 6247 6246 6245
f 6245 6246 6244
f 6249 6248 6247
f 6247 6248 6246
f 6251 6250 6249
f 6249 6250 6248
f 6132 6133 6251
f 6133 6250 6251
f 6133 6252 6250
f 6134 6236 6237
f 6252 6134 6237
f 6133 6134 6252
f 6236 6134 6129
f 6135 6241 6131
f 6241 6135 6136
f 6241 6136 6243
f 6243 6136 6137
f 6243 6137 6245
f 6245 6137 6138
f 6245 6138 6247
f 6247 6138 6139
f 6247 6139 6249
f 6249 6139 6140
f 6249 6140 6251
f 6251 6140 6132
f 6254 6253 6141
f 6254 6141 6142
f 6141 6255 6143
f 6253 6255 6141
f 6143 6256 6144
f 6255 6256 6143
f 6144 6257 6145
f 6256 6257 6144
f 6145 6258 6146
f 6257 6258 6145
f 6146 6259 6147
f 6258 6259 6146
f 6147 6260 6148
f 6259 6260 6147
f 6148 6261 6149
f 6260 6261 6148
f 6149 6262 6150
f 6261 6262 6149
f 6150 6263 6151
f 6262 6263 6150
f 6151 6264 6152
f 6263 6264 6151
f 6152 6265 6153
f 6264 6265 6152
f 6153 6266 6154
f 6265 6266 6153
f 6154 6267 6155
f 6266 6267 6154
f 6155 6268 6156
f 6267 6268 6155
f 6156 6269 6157
f 6268 6269 6156
f 6157 6270 6158
f 6269 6270 6157
f 6158 6271 6159
f 6270 6271 6158
f 6159 6272 6160
f 6271 6272 6159
f 6160 6273 6161
f 6272 6273 6160
f 6161 6274 6162
f 6273 6274 6161
f 6162 6275 6163
f 6274 6275 6162
f 6163 6276 6164
f 6275 6276 6163
f 6164 6277 6165
f 6276 6277 6164
f 6165 6278 6166
f 6277 6278 6165
f 6166 6279 6167
f 6278 6279 6166
f 6167 6280 6168
f 6279 6280 6167
f 6168 6281 6169
f 6280 6281 6168
f 6281 6283 6282
f 6170 6281 6282
f 6169 6281 6170
f 6282 6171 6170
f 6173 6284 6172
f 6284 6285 6172
f 6285 6142 6172
f 6285 6254 6142
f 6282 6283 6286
f 6286 6283 6287
f 6286 6174 6171
f 6286 6171 6282
f 6175 6288 6284
f 6175 6284 6173
f 6285 6284 6289
f 6289 6284 6288
f 6286 6287 6290
f 6290 6287 6291
f 6290 6176 6174
f 6290 6174 6286
f 6177 6292 6288
f 6177 6288 6175
f 6289 6288 6293
f 6293 6288 6292
f 6290 6291 6294
f 6294 6291 6295
f 6294 6178 6176
f 6294 6176 6290
f 6179 6296 6292
f 6179 6292 6177
f 6293 6292 6297
f 6297 6292 6296
f 6294 6295 6298
f 6298 6295 6299
f 6298 6180 6178
f 6298 6178 6294
f 6181 6300 6296
f 6181 6296 6179
f 6297 6296 6301
f 6301 6296 6300
f 6298 6299 6302
f 6302 6299 6303
f 6302 6182 6180
f 6302 6180 6298
f 6183 6304 6300
f 6183 6300 6181
f 6301 6300 6305
f 6305 6300 6304
f 6302 6303 6306
f 6306 6303 6307
f 6306 6184 6182
f 6306 6182 6302
f 6309 6308 6304
f 6183 6309 6304
f 6185 6309 6183
f 6304 6308 6305
f 6306 6307 6310
f 6310 6307 6311
f 6310 6186 6184
f 6310 6184 6306
f 6187 6309 6185
f 6187 6312 6309
f 6310 6311 6313
f 6313 6311 6314
f 6313 6188 6186
f 6313 6186 6310
f 6189 6312 6187
f 6189 6315 6312
f 6313 6314 6316
f 6316 6314 6317
f 6316 6190 6188
f 6316 6188 6313
f 6191 6315 6189
f 6191 6318 6315
f 6317 6319 6316
f 6190 6316 6319
f 6320 6190 6319
f 6192 6190 6320
f 6193 6318 6191
f 6193 6321 6318
f 6320 6194 6192
f 6322 6194 6320
f 6195 6321 6193
f 6195 6323 6321
f 6322 6196 6194
f 6324 6196 6322
f 6197 6323 6195
f 6197 6325 6323
f 6324 6198 6196
f 6326 6198 6324
f 6199 6325 6197
f 6199 6327 6325
f 6326 6200 6198
f 6328 6200 6326
f 6201 6327 6199
f 6201 6329 6327
f 6328 6202 6200
f 6330 6202 6328
f 6203 6329 6201
f 6203 6331 6329
f 6334 6333 6332
f 6330 6334 6332
f 6204 6330 6332
f 6202 6330 6204
f 6205 6336 6335
f 6331 6205 6335
f 6203 6205 6331
f 6336 6337 6335
f 6332 6333 6338
f 6338 6333 6339
f 6338 6206 6204
f 6338 6204 6332
f 6207 6336 6205
f 6340 6337 6336
f 6207 6340 6336
f 6208 6340 6207
f 6208 6209 6340
f 6340 6209 6341
f 6338 6339 6212
f 6339 6211 6212
f 6339 6342 6211
f 6338 6212 6206
f 6343 6341 6209
f 6343 6209 6213
f 6344 6213 6214
f 6344 6343 6213
f 6345 6214 6215
f 6345 6344 6214
f 6346 6215 6216
f 6346 6345 6215
f 6347 6216 6217
f 6347 6346 6216
f 6349 6348 6219
f 6348 6217 6219
f 6348 6347 6217
f 6351 6350 6349
f 6349 6350 6348
f 6353 6352 6351
f 6351 6352 6350
f 6353 6354 6352
f 6357 6356 6355
f 6355 6358 6357
f 6342 6221 6211
f 6359 6221 6342
f 6222 6349 6219
f 6349 6222 6223
f 6349 6223 6351
f 6351 6223 6224
f 6351 6224 6353
f 6360 6354 6353
f 6224 6360 6353
f 6225 6360 6224
f 6361 6225 6226
f 6361 6360 6225
f 6362 6226 6227
f 6362 6361 6226
f 6363 6227 6228
f 6363 6362 6227
f 6364 6228 6229
f 6364 6363 6228
f 6365 6229 6230
f 6365 6364 6229
f 6366 6230 6231
f 6366 6365 6230
f 6367 6231 6232
f 6367 6366 6231
f 6368 6232 6233
f 6368 6367 6232
f 6234 6355 6356
f 6368 6234 6356
f 6233 6234 6368
f 6370 6369 6235
f 6235 6369 6234
f 6369 6358 6234
f 6358 6355 6234
f 6372 6371 6370
f 6370 6371 6369
f 6374 6373 6372
f 6372 6373 6371
f 6374 6375 6373
f 6378 6377 6376
f 6237 6238 6376
f 6238 6378 6376
f 6238 6379 6378
f 6238 6221 6359
f 6238 6359 6379
f 6239 6370 6235
f 6370 6239 6240
f 6370 6240 6372
f 6372 6240 6242
f 6372 6242 6374
f 6380 6375 6374
f 6242 6380 6374
f 6244 6380 6242
f 6381 6244 6246
f 6381 6380 6244
f 6382 6246 6248
f 6382 6381 6246
f 6383 6248 6250
f 6383 6382 6248
f 6252 6376 6377
f 6383 6252 6377
f 6250 6252 6383
f 6376 6252 6237
f 6254 6384 6253
f 6385 6255 6253
f 6385 6253 6384
f 6386 6256 6255
f 6386 6255 6385
f 6387 6257 6256
f 6387 6256 6386
f 6388 6258 6257
f 6388 6257 6387
f 6389 6259 6258
f 6389 6258 6388
f 6390 6260 6259
f 6390 6259 6389
f 6391 6261 6260
f 6391 6260 6390
f 6392 6262 6261
f 6392 6261 6391
f 6393 6263 6262
f 6393 6262 6392
f 6394 6264 6263
f 6394 6263 6393
f 6395 6265 6264
f 6395 6264 6394
f 6396 6266 6265
f 6396 6265 6395
f 6397 6267 6266
f 6397 6266 6396
f 6398 6268 6267
f 6398 6267 6397
f 6399 6269 6268
f 6399 6268 6398
f 6400 6270 6269
f 6400 6269 6399
f 6401 6271 6270
f 6401 6270 6400
f 6402 6272 6271
f 6402 6271 6401
f 6403 6273 6272
f 6403 6272 6402
f 6404 6274 6273
f 6404 6273 6403
f 6405 6275 6274
f 6405 6274 6404
f 6406 6276 6275
f 6406 6275 6405
f 6407 6277 6276
f 6407 6276 6406
f 6408 6278 6277
f 6408 6277 6407
f 6409 6279 6278
f 6409 6278 6408
f 6410 6280 6279
f 6410 6279 6409
f 6411 6281 6280
f 6411 6280 6410
f 6411 6283 6281
f 6285 6412 6384
f 6285 6384 6254
f 6384 6413 6385
f 6384 6412 6413
f 6385 6414 6386
f 6385 6413 6414
f 6386 6415 6387
f 6386 6414 6415
f 6387 6416 6388
f 6387 6415 6416
f 6388 6417 6389
f 6388 6416 6417
f 6389 6418 6390
f 6389 6417 6418
f 6420 6391 6419
f 6391 6418 6419
f 6391 6390 6418
f 6391 6420 6392
f 6392 6420 6421
f 6392 6421 6393
f 6393 6421 6422
f 6393 6422 6394
f 6394 6422 6423
f 6394 6423 6395
f 6395 6423 6424
f 6395 6424 6396
f 6396 6424 6425
f 6396 6425 6397
f 6397 6425 6426
f 6397 6426 6398
f 6398 6426 6427
f 6398 6427 6399
f 6399 6427 6428
f 6430 6429 6428
f 6429 6399 6428
f 6429 6400 6399
f 6400 6431 6401
f 6400 6429 6431
f 6401 6432 6402
f 6401 6431 6432
f 6402 6433 6403
f 6402 6432 6433
f 6403 6434 6404
f 6403 6433 6434
f 6404 6435 6405
f 6404 6434 6435
f 6405 6436 6406
f 6405 6435 6436
f 6406 6437 6407
f 6406 6436 6437
f 6407 6438 6408
f 6407 6437 6438
f 6408 6439 6409
f 6408 6438 6439
f 6409 6440 6410
f 6409 6439 6440
f 6410 6441 6411
f 6410 6440 6441
f 6441 6287 6283
f 6441 6283 6411
f 6289 6442 6412
f 6289 6412 6285
f 6412 6443 6413
f 6412 6442 6443
f 6413 6444 6414
f 6413 6443 6444
f 6414 6445 6415
f 6414 6444 6445
f 6415 6446 6416
f 6415 6445 6446
f 6416 6447 6417
f 6416 6446 6447
f 6417 6448 6418
f 6417 6447 6448
f 6419 6418 6449
f 6418 6450 6449
f 6418 6448 6450
f 6452 6451 6450
f 6450 6451 6449
f 6454 6453 6452
f 6452 6453 6451
f 6456 6455 6454
f 6454 6455 6453
f 6458 6457 6456
f 6456 6457 6455
f 6460 6459 6458
f 6458 6459 6457
f 6462 6461 6460
f 6460 6461 6459
f 6464 6463 6462
f 6462 6463 6461
f 6466 6465 6464
f 6464 6465 6463
f 6465 6466 6430
f 6466 6429 6430
f 6466 6467 6429
f 6429 6468 6431
f 6429 6467 6468
f 6431 6469 6432
f 6431 6468 6469
f 6432 6470 6433
f 6432 6469 6470
f 6433 6471 6434
f 6433 6470 6471
f 6434 6472 6435
f 6434 6471 6472
f 6435 6473 6436
f 6435 6472 6473
f 6436 6474 6437
f 6436 6473 6474
f 6437 6475 6438
f 6437 6474 6475
f 6438 6476 6439
f 6438 6475 6476
f 6439 6477 6440
f 6439 6476 6477
f 6440 6478 6441
f 6440 6477 6478
f 6478 6291 6287
f 6478 6287 6441
f 6293 6479 6442
f 6293 6442 6289
f 6442 6480 6443
f 6442 6479 6480
f 6443 6481 6444
f 6443 6480 6481
f 6444 6482 6445
f 6444 6481 6482
f 6445 6483 6446
f 6445 6482 6483
f 6446 6484 6447
f 6446 6483 6484
f 6447 6485 6448
f 6447 6484 6485
f 6448 6486 6450
f 6448 6485 6486
f 6450 6487 6452
f 6450 6486 6487
f 6452 6488 6454
f 6452 6487 6488
f 6454 6489 6456
f 6454 6488 6489
f 6456 6490 6458
f 6456 6489 6490
f 6458 6491 6460
f 6458 6490 6491
f 6460 6492 6462
f 6460 6491 6492
f 6462 6493 6464
f 6462 6492 6493
f 6464 6494 6466
f 6464 6493 6494
f 6466 6495 6467
f 6466 6494 6495
f 6467 6496 6468
f 6467 6495 6496
f 6468 6497 6469
f 6468 6496 6497
f 6469 6498 6470
f 6469 6497 6498
f 6470 6499 6471
f 6470 6498 6499
f 6471 6500 6472
f 6471 6499 6500
f 6472 6501 6473
f 6472 6500 6501
f 6473 6502 6474
f 6473 6501 6502
f 6474 6503 6475
f 6474 6502 6503
f 6475 6504 6476
f 6475 6503 6504
f 6476 6505 6477
f 6476 6504 6505
f 6477 6506 6478
f 6477 6505 6506
f 6506 6295 6291
f 6506 6291 6478
f 6297 6507 6479
f 6297 6479 6293
f 6479 6508 6480
f 6479 6507 6508
f 6480 6509 6481
f 6480 6508 6509
f 6481 6510 6482
f 6481 6509 6510
f 6482 6511 6483
f 6482 6510 6511
f 6483 6512 6484
f 6483 6511 6512
f 6484 6513 6485
f 6484 6512 6513
f 6485 6514 6486
f 6485 6513 6514
f 6486 6515 6487
f 6486 6514 6515
f 6487 6516 6488
f 6487 6515 6516
f 6488 6517 6489
f 6488 6516 6517
f 6489 6518 6490
f 6489 6517 6518
f 6490 6519 6491
f 6490 6518 6519
f 6491 6520 6492
f 6491 6519 6520
f 6492 6521 6493
f 6492 6520 6521
f 6493 6522 6494
f 6493 6521 6522
f 6494 6523 6495
f 6494 6522 6523
f 6495 6524 6496
f 6495 6523 6524
f 6496 6525 6497
f 6496 6524 6525
f 6497 6526 6498
f 6497 6525 6526
f 6498 6527 6499
f 6498 6526 6527
f 6499 6528 6500
f 6499 6527 6528
f 6500 6529 6501
f 6500 6528 6529
f 6501 6530 6502
f 6501 6529 6530
f 6502 6531 6503
f 6502 6530 6531
f 6503 6532 6504
f 6503 6531 6532
f 6504 6533 6505
f 6504 6532 6533
f 6505 6534 6506
f 6505 6533 6534
f 6534 6299 6295
f 6534 6295 6506
f 6301 6535 6507
f 6301 6507 6297
f 6507 6536 6508
f 6507 6535 6536
f 6508 6537 6509
f 6508 6536 6537
f 6509 6538 6510
f 6509 6537 6538
f 6510 6539 6511
f 6510 6538 6539
f 6511 6540 6512
f 6511 6539 6540
f 6512 6541 6513
f 6512 6540 6541
f 6513 6542 6514
f 6513 6541 6542
f 6514 6543 6515
f 6514 6542 6543
f 6515 6544 6516
f 6515 6543 6544
f 6516 6545 6517
f 6516 6544 6545
f 6517 6546 6518
f 6517 6545 6546
f 6518 6547 6519
f 6518 6546 6547
f 6519 6548 6520
f 6519 6547 6548
f 6520 6549 6521
f 6520 6548 6549
f 6521 6550 6522
f 6521 6549 6550
f 6522 6551 6523
f 6522 6550 6551
f 6523 6552 6524
f 6523 6551 6552
f 6524 6553 6525
f 6524 6552 6553
f 6525 6554 6526
f 6525 6553 6554
f 6526 6555 6527
f 6526 6554 6555
f 6527 6556 6528
f 6527 6555 6556
f 6528 6557 6529
f 6528 6556 6557
f 6529 6558 6530
f 6529 6557 6558
f 6530 6559 6531
f 6530 6558 6559
f 6531 6560 6532
f 6531 6559 6560
f 6532 6561 6533
f 6532 6560 6561
f 6533 6562 6534
f 6533 6561 6562
f 6562 6303 6299
f 6562 6299 6534
f 6305 6563 6535
f 6305 6535 6301
f 6535 6564 6536
f 6535 6563 6564
f 6536 6565 6537
f 6536 6564 6565
f 6537 6566 6538
f 6537 6565 6566
f 6538 6567 6539
f 6538 6566 6567
f 6539 6568 6540
f 6539 6567 6568
f 6540 6569 6541
f 6540 6568 6569
f 6541 6570 6542
f 6541 6569 6570
f 6542 6571 6543
f 6542 6570 6571
f 6543 6572 6544
f 6543 6571 6572
f 6544 6573 6545
f 6544 6572 6573
f 6545 6574 6546
f 6545 6573 6574
f 6546 6575 6547
f 6546 6574 6575
f 6547 6576 6548
f 6547 6575 6576
f 6548 6577 6549
f 6548 6576 6577
f 6549 6578 6550
f 6549 6577 6578
f 6550 6579 6551
f 6550 6578 6579
f 6551 6580 6552
f 6551 6579 6580
f 6552 6581 6553
f 6552 6580 6581
f 6553 6582 6554
f 6553 6581 6582
f 6554 6583 6555
f 6554 6582 6583
f 6555 6584 6556
f 6555 6583 6584
f 6556 6585 6557
f 6556 6584 6585
f 6557 6586 6558
f 6557 6585 6586
f 6558 6587 6559
f 6558 6586 6587
f 6559 6588 6560
f 6559 6587 6588
f 6560 6589 6561
f 6560 6588 6589
f 6561 6590 6562
f 6561 6589 6590
f 6590 6307 6303
f 6590 6303 6562
f 6309 6591 6308
f 6563 6305 6308
f 6591 6563 6308
f 6592 6563 6591
f 6563 6593 6564
f 6563 6592 6593
f 6564 6594 6565
f 6564 6593 6594
f 6565 6595 6566
f 6565 6594 6595
f 6566 6596 6567
f 6566 6595 6596
f 6567 6597 6568
f 6567 6596 6597
f 6568 6598 6569
f 6568 6597 6598
f 6569 6599 6570
f 6569 6598 6599
f 6570 6600 6571
f 6570 6599 6600
f 6571 6601 6572
f 6571 6600 6601
f 6572 6602 6573
f 6572 6601 6602
f 6573 6603 6574
f 6573 6602 6603
f 6574 6604 6575
f 6574 6603 6604
f 6575 6605 6576
f 6575 6604 6605
f 6576 6606 6577
f 6576 6605 6606
f 6577 6607 6578
f 6577 6606 6607
f 6578 6608 6579
f 6578 6607 6608
f 6579 6609 6580
f 6579 6608 6609
f 6580 6610 6581
f 6580 6609 6610
f 6581 6611 6582
f 6581 6610 6611
f 6582 6612 6583
f 6582 6611 6612
f 6583 6613 6584
f 6583 6612 6613
f 6584 6614 6585
f 6584 6613 6614
f 6585 6615 6586
f 6585 6614 6615
f 6586 6616 6587
f 6586 6615 6616
f 6587 6617 6588
f 6587 6616 6617
f 6588 6618 6589
f 6588 6617 6618
f 6589 6619 6590
f 6589 6618 6619
f 6619 6311 6307
f 6619 6307 6590
f 6312 6620 6591
f 6312 6591 6309
f 6591 6621 6592
f 6591 6620 6621
f 6592 6622 6593
f 6592 6621 6622
f 6593 6623 6594
f 6593 6622 6623
f 6594 6624 6595
f 6594 6623 6624
f 6595 6625 6596
f 6595 6624 6625
f 6596 6626 6597
f 6596 6625 6626
f 6597 6627 6598
f 6597 6626 6627
f 6598 6628 6599
f 6598 6627 6628
f 6599 6629 6600
f 6599 6628 6629
f 6600 6630 6601
f 6600 6629 6630
f 6601 6631 6602
f 6601 6630 6631
f 6602 6632 6603
f 6602 6631 6632
f 6603 6633 6604
f 6603 6632 6633
f 6604 6634 6605
f 6604 6633 6634
f 6605 6635 6606
f 6605 6634 6635
f 6606 6636 6607
f 6606 6635 6636
f 6607 6637 6608
f 6607 6636 6637
f 6608 6638 6609
f 6608 6637 6638
f 6609 6639 6610
f 6609 6638 6639
f 6610 6640 6611
f 6610 6639 6640
f 6611 6641 6612
f 6611 6640 6641
f 6612 6642 6613
f 6612 6641 6642
f 6613 6643 6614
f 6613 6642 6643
f 6614 6644 6615
f 6614 6643 6644
f 6615 6645 6616
f 6615 6644 6645
f 6616 6646 6617
f 6616 6645 6646
f 6617 6647 6618
f 6617 6646 6647
f 6618 6648 6619
f 6618 6647 6648
f 6648 6314 6311
f 6648 6311 6619
f 6315 6649 6620
f 6315 6620 6312
f 6620 6650 6621
f 6620 6649 6650
f 6621 6651 6622
f 6621 6650 6651
f 6622 6652 6623
f 6622 6651 6652
f 6623 6653 6624
f 6623 6652 6653
f 6624 6654 6625
f 6624 6653 6654
f 6625 6655 6626
f 6625 6654 6655
f 6626 6656 6627
f 6626 6655 6656
f 6627 6657 6628
f 6627 6656 6657
f 6628 6658 6629
f 6628 6657 6658
f 6629 6659 6630
f 6629 6658 6659
f 6630 6660 6631
f 6630 6659 6660
f 6631 6661 6632
f 6631 6660 6661
f 6632 6662 6633
f 6632 6661 6662
f 6633 6663 6634
f 6633 6662 6663
f 6634 6664 6635
f 6634 6663 6664
f 6635 6665 6636
f 6635 6664 6665
f 6636 6666 6637
f 6636 6665 6666
f 6637 6667 6638
f 6637 6666 6667
f 6638 6668 6639
f 6638 6667 6668
f 6639 6669 6640
f 6639 6668 6669
f 6640 6670 6641
f 6640 6669 6670
f 6641 6671 6642
f 6641 6670 6671
f 6642 6672 6643
f 6642 6671 6672
f 6643 6673 6644
f 6643 6672 6673
f 6644 6674 6645
f 6644 6673 6674
f 6645 6675 6646
f 6645 6674 6675
f 6646 6676 6647
f 6646 6675 6676
f 6647 6677 6648
f 6647 6676 6677
f 6677 6317 6314
f 6677 6314 6648
f 6318 6678 6649
f 6318 6649 6315
f 6649 6679 6650
f 6649 6678 6679
f 6650 6680 6651
f 6650 6679 6680
f 6651 6681 6652
f 6651 6680 6681
f 6652 6682 6653
f 6652 6681 6682
f 6653 6683 6654
f 6653 6682 6683
f 6654 6684 6655
f 6654 6683 6684
f 6655 6685 6656
f 6655 6684 6685
f 6656 6686 6657
f 6656 6685 6686
f 6657 6687 6658
f 6657 6686 6687
f 6658 6688 6659
f 6658 6687 6688
f 6659 6689 6660
f 6659 6688 6689
f 6660 6690 6661
f 6660 6689 6690
f 6661 6691 6662
f 6661 6690 6691
f 6662 6692 6663
f 6662 6691 6692
f 6663 6693 6664
f 6663 6692 6693
f 6664 6694 6665
f 6664 6693 6694
f 6665 6695 6666
f 6665 6694 6695
f 6666 6696 6667
f 6666 6695 6696
f 6667 6697 6668
f 6667 6696 6697
f 6668 6698 6669
f 6668 6697 6698
f 6669 6699 6670
f 6669 6698 6699
f 6670 6700 6671
f 6670 6699 6700
f 6671 6701 6672
f 6671 6700 6701
f 6672 6702 6673
f 6672 6701 6702
f 6673 6703 6674
f 6673 6702 6703
f 6674 6704 6675
f 6674 6703 6704
f 6675 6705 6676
f 6675 6704 6705
f 6676 6706 6677
f 6676 6705 6706
f 6707 6319 6317
f 6677 6707 6317
f 6706 6707 6677
f 6707 6320 6319
f 6321 6708 6678
f 6321 6678 6318
f 6710 6679 6709
f 6679 6708 6709
f 6679 6678 6708
f 6679 6710 6680
f 6680 6710 6711
f 6680 6711 6681
f 6681 6711 6712
f 6681 6712 6682
f 6682 6712 6713
f 6682 6713 6683
f 6683 6713 6714
f 6683 6714 6684
f 6684 6714 6715
f 6684 6715 6685
f 6685 6715 6716
f 6685 6716 6686
f 6686 6716 6717
f 6686 6717 6687
f 6687 6717 6718
f 6687 6718 6688
f 6688 6718 6719
f 6688 6719 6689
f 6689 6719 6720
f 6689 6720 6690
f 6690 6720 6721
f 6690 6721 6691
f 6691 6721 6722
f 6691 6722 6692
f 6692 6722 6723
f 6692 6723 6693
f 6693 6723 6724
f 6726 6725 6724
f 6725 6693 6724
f 6725 6694 6693
f 6694 6727 6695
f 6694 6725 6727
f 6695 6728 6696
f 6695 6727 6728
f 6696 6729 6697
f 6696 6728 6729
f 6697 6730 6698
f 6697 6729 6730
f 6698 6731 6699
f 6698 6730 6731
f 6699 6732 6700
f 6699 6731 6732
f 6700 6733 6701
f 6700 6732 6733
f 6701 6734 6702
f 6701 6733 6734
f 6702 6735 6703
f 6702 6734 6735
f 6703 6736 6704
f 6703 6735 6736
f 6704 6737 6705
f 6704 6736 6737
f 6705 6738 6706
f 6705 6737 6738
f 6706 6739 6707
f 6706 6738 6739
f 6739 6322 6320
f 6739 6320 6707
f 6323 6740 6708
f 6323 6708 6321
f 6709 6708 6741
f 6741 6708 6740
f 6726 6742 6725
f 6744 6743 6742
f 6743 6725 6742
f 6743 6727 6725
f 6727 6745 6728
f 6727 6743 6745
f 6728 6746 6729
f 6728 6745 6746
f 6729 6747 6730
f 6729 6746 6747
f 6730 6748 6731
f 6730 6747 6748
f 6731 6749 6732
f 6731 6748 6749
f 6732 6750 6733
f 6732 6749 6750
f 6733 6751 6734
f 6733 6750 6751
f 6734 6752 6735
f 6734 6751 6752
f 6735 6753 6736
f 6735 6752 6753
f 6736 6754 6737
f 6736 6753 6754
f 6737 6755 6738
f 6737 6754 6755
f 6738 6756 6739
f 6738 6755 6756
f 6756 6324 6322
f 6756 6322 6739
f 6758 6757 6740
f 6323 6758 6740
f 6325 6758 6323
f 6740 6757 6741
f 6744 6759 6743
f 6761 6760 6759
f 6760 6743 6759
f 6760 6745 6743
f 6745 6762 6746
f 6745 6760 6762
f 6746 6763 6747
f 6746 6762 6763
f 6747 6764 6748
f 6747 6763 6764
f 6748 6765 6749
f 6748 6764 6765
f 6749 6766 6750
f 6749 6765 6766
f 6750 6767 6751
f 6750 6766 6767
f 6751 6768 6752
f 6751 6767 6768
f 6752 6769 6753
f 6752 6768 6769
f 6753 6770 6754
f 6753 6769 6770
f 6754 6771 6755
f 6754 6770 6771
f 6755 6772 6756
f 6755 6771 6772
f 6772 6326 6324
f 6772 6324 6756
f 6327 6758 6325
f 6327 6773 6758
f 6760 6761 6774
f 6774 6761 6775
f 6760 6776 6762
f 6760 6774 6776
f 6762 6777 6763
f 6762 6776 6777
f 6763 6778 6764
f 6763 6777 6778
f 6764 6779 6765
f 6764 6778 6779
f 6765 6780 6766
f 6765 6779 6780
f 6766 6781 6767
f 6766 6780 6781
f 6767 6782 6768
f 6767 6781 6782
f 6768 6783 6769
f 6768 6782 6783
f 6769 6784 6770
f 6769 6783 6784
f 6770 6785 6771
f 6770 6784 6785
f 6771 6786 6772
f 6771 6785 6786
f 6786 6328 6326
f 6786 6326 6772
f 6329 6773 6327
f 6329 6787 6773
f 6790 6789 6788
f 6790 6788 6775
f 6788 6774 6775
f 6788 6791 6774
f 6774 6792 6776
f 6774 6791 6792
f 6776 6793 6777
f 6776 6792 6793
f 6777 6794 6778
f 6777 6793 6794
f 6778 6795 6779
f 6778 6794 6795
f 6779 6796 6780
f 6779 6795 6796
f 6780 6797 6781
f 6780 6796 6797
f 6799 6782 6798
f 6782 6797 6798
f 6782 6781 6797
f 6782 6799 6783
f 6783 6799 6800
f 6802 6801 6800
f 6801 6783 6800
f 6801 6784 6783
f 6784 6803 6785
f 6784 6801 6803
f 6785 6804 6786
f 6785 6803 6804
f 6804 6330 6328
f 6804 6328 6786
f 6331 6806 6805
f 6787 6331 6805
f 6329 6331 6787
f 6806 6807 6805
f 6810 6809 6808
f 6810 6808 6789
f 6808 6788 6789
f 6808 6811 6788
f 6788 6812 6791
f 6788 6811 6812
f 6791 6813 6792
f 6791 6812 6813
f 6792 6814 6793
f 6792 6813 6814
f 6793 6815 6794
f 6793 6814 6815
f 6794 6816 6795
f 6794 6815 6816
f 6795 6817 6796
f 6795 6816 6817
f 6796 6818 6797
f 6796 6817 6818
f 6798 6797 6819
f 6819 6797 6818
f 6801 6802 6820
f 6820 6802 6821
f 6801 6822 6803
f 6801 6820 6822
f 6822 6333 6334
f 6804 6822 6334
f 6803 6822 6804
f 6804 6334 6330
f 6335 6806 6331
f 6824 6823 6337
f 6337 6823 6335
f 6823 6807 6335
f 6807 6806 6335
f 6824 6825 6823
f 6828 6827 6826
f 6830 6829 6826
f 6826 6829 6828
f 6829 6830 6809
f 6830 6808 6809
f 6830 6831 6808
f 6808 6832 6811
f 6808 6831 6832
f 6811 6833 6812
f 6811 6832 6833
f 6812 6834 6813
f 6812 6833 6834
f 6813 6835 6814
f 6813 6834 6835
f 6814 6836 6815
f 6814 6835 6836
f 6815 6837 6816
f 6815 6836 6837
f 6816 6838 6817
f 6816 6837 6838
f 6817 6839 6818
f 6817 6838 6839
f 6819 6818 6840
f 6818 6841 6840
f 6818 6839 6841
f 6843 6842 6841
f 6841 6842 6840
f 6842 6843 6821
f 6843 6820 6821
f 6843 6844 6820
f 6820 6845 6822
f 6820 6844 6845
f 6845 6339 6333
f 6845 6333 6822
f 6340 6824 6337
f 6847 6846 6341
f 6341 6846 6340
f 6846 6825 6340
f 6825 6824 6340
f 6849 6848 6847
f 6847 6848 6846
f 6851 6850 6849
f 6849 6850 6848
f 6853 6852 6851
f 6851 6852 6850
f 6855 6854 6853
f 6853 6854 6852
f 6857 6856 6855
f 6855 6856 6854
f 6859 6858 6857
f 6857 6858 6856
f 6861 6860 6859
f 6859 6860 6858
f 6863 6862 6861
f 6861 6862 6860
f 6865 6864 6863
f 6863 6864 6862
f 6867 6866 6865
f 6865 6866 6864
f 6869 6868 6867
f 6867 6868 6866
f 6868 6869 6827
f 6869 6826 6827
f 6869 6870 6826
f 6826 6871 6830
f 6826 6870 6871
f 6830 6872 6831
f 6830 6871 6872
f 6831 6873 6832
f 6831 6872 6873
f 6832 6874 6833
f 6832 6873 6874
f 6833 6875 6834
f 6833 6874 6875
f 6834 6876 6835
f 6834 6875 6876
f 6835 6877 6836
f 6835 6876 6877
f 6836 6878 6837
f 6836 6877 6878
f 6837 6879 6838
f 6837 6878 6879
f 6838 6880 6839
f 6838 6879 6880
f 6839 6881 6841
f 6839 6880 6881
f 6841 6882 6843
f 6841 6881 6882
f 6843 6883 6844
f 6843 6882 6883
f 6844 6884 6845
f 6844 6883 6884
f 6884 6342 6339
f 6884 6339 6845
f 6343 6847 6341
f 6847 6343 6344
f 6847 6344 6849
f 6849 6344 6345
f 6849 6345 6851
f 6851 6345 6346
f 6851 6346 6853
f 6853 6346 6347
f 6853 6347 6855
f 6855 6347 6348
f 6855 6348 6857
f 6857 6348 6350
f 6857 6350 6859
f 6859 6350 6352
f 6859 6352 6861
f 6861 6352 6354
f 6885 6861 6354
f 6863 6861 6885
f 6863 6886 6865
f 6863 6885 6886
f 6865 6887 6867
f 6865 6886 6887
f 6867 6888 6869
f 6867 6887 6888
f 6869 6889 6870
f 6869 6888 6889
f 6870 6890 6871
f 6870 6889 6890
f 6871 6891 6872
f 6871 6890 6891
f 6872 6892 6873
f 6872 6891 6892
f 6873 6893 6874
f 6873 6892 6893
f 6893 6356 6357
f 6875 6893 6357
f 6874 6893 6875
f 6875 6357 6358
f 6894 6875 6358
f 6876 6875 6894
f 6876 6895 6877
f 6876 6894 6895
f 6877 6896 6878
f 6877 6895 6896
f 6878 6897 6879
f 6878 6896 6897
f 6879 6898 6880
f 6879 6897 6898
f 6880 6899 6881
f 6880 6898 6899
f 6881 6900 6882
f 6881 6899 6900
f 6882 6901 6883
f 6882 6900 6901
f 6883 6902 6884
f 6883 6901 6902
f 6902 6359 6342
f 6902 6342 6884
f 6360 6885 6354
f 6885 6360 6361
f 6885 6361 6886
f 6886 6361 6362
f 6886 6362 6887
f 6887 6362 6363
f 6887 6363 6888
f 6888 6363 6364
f 6888 6364 6889
f 6889 6364 6365
f 6889 6365 6890
f 6890 6365 6366
f 6890 6366 6891
f 6891 6366 6367
f 6891 6367 6892
f 6892 6367 6368
f 6892 6368 6893
f 6893 6368 6356
f 6369 6894 6358
f 6894 6369 6371
f 6894 6371 6895
f 6895 6371 6373
f 6895 6373 6896
f 6896 6373 6375
f 6903 6896 6375
f 6897 6896 6903
f 6897 6904 6898
f 6897 6903 6904
f 6898 6905 6899
f 6898 6904 6905
f 6899 6906 6900
f 6899 6905 6906
f 6906 6377 6378
f 6901 6906 6378
f 6900 6906 6901
f 6901 6378 6379
f 6901 6379 6902
f 6902 6379 6359
f 6380 6903 6375
f 6903 6380 6381
f 6903 6381 6904
f 6904 6381 6382
f 6904 6382 6905
f 6905 6382 6383
f 6905 6383 6906
f 6906 6383 6377
f 6419 6907 6420
f 6908 6421 6420
f 6908 6420 6907
f 6909 6422 6421
f 6909 6421 6908
f 6910 6423 6422
f 6910 6422 6909
f 6911 6424 6423
f 6911 6423 6910
f 6912 6425 6424
f 6912 6424 6911
f 6913 6426 6425
f 6913 6425 6912
f 6914 6427 6426
f 6914 6426 6913
f 6915 6428 6427
f 6915 6427 6914
f 6915 6430 6428
f 6449 6907 6419
f 6907 6449 6451
f 6907 6451 6908
f 6908 6451 6453
f 6908 6453 6909
f 6909 6453 6455
f 6909 6455 6910
f 6910 6455 6457
f 6910 6457 6911
f 6911 6457 6459
f 6911 6459 6912
f 6912 6459 6461
f 6912 6461 6913
f 6913 6461 6463
f 6913 6463 6914
f 6914 6463 6465
f 6914 6465 6915
f 6915 6465 6430
f 6709 6916 6710
f 6917 6711 6710
f 6917 6710 6916
f 6918 6712 6711
f 6918 6711 6917
f 6919 6713 6712
f 6919 6712 6918
f 6920 6714 6713
f 6920 6713 6919
f 6921 6715 6714
f 6921 6714 6920
f 6922 6716 6715
f 6922 6715 6921
f 6923 6717 6716
f 6923 6716 6922
f 6924 6718 6717
f 6924 6717 6923
f 6925 6719 6718
f 6925 6718 6924
f 6926 6720 6719
f 6926 6719 6925
f 6927 6721 6720
f 6927 6720 6926
f 6928 6722 6721
f 6928 6721 6927
f 6929 6723 6722
f 6929 6722 6928
f 6930 6724 6723
f 6930 6723 6929
f 6930 6726 6724
f 6741 6931 6916
f 6741 6916 6709
f 6916 6932 6917
f 6916 6931 6932
f 6917 6933 6918
f 6917 6932 6933
f 6918 6934 6919
f 6918 6933 6934
f 6919 6935 6920
f 6919 6934 6935
f 6920 6936 6921
f 6920 6935 6936
f 6921 6937 6922
f 6921 6936 6937
f 6922 6938 6923
f 6922 6937 6938
f 6923 6939 6924
f 6923 6938 6939
f 6924 6940 6925
f 6924 6939 6940
f 6925 6941 6926
f 6925 6940 6941
f 6926 6942 6927
f 6926 6941 6942
f 6927 6943 6928
f 6927 6942 6943
f 6928 6944 6929
f 6928 6943 6944
f 6929 6945 6930
f 6929 6944 6945
f 6946 6742 6726
f 6930 6946 6726
f 6945 6946 6930
f 6946 6744 6742
f 6758 6947 6757
f 6931 6741 6757
f 6947 6931 6757
f 6948 6931 6947
f 6931 6949 6932
f 6931 6948 6949
f 6932 6950 6933
f 6932 6949 6950
f 6933 6951 6934
f 6933 6950 6951
f 6934 6952 6935
f 6934 6951 6952
f 6935 6953 6936
f 6935 6952 6953
f 6936 6954 6937
f 6936 6953 6954
f 6937 6955 6938
f 6937 6954 6955
f 6938 6956 6939
f 6938 6955 6956
f 6939 6957 6940
f 6939 6956 6957
f 6940 6958 6941
f 6940 6957 6958
f 6941 6959 6942
f 6941 6958 6959
f 6942 6960 6943
f 6942 6959 6960
f 6943 6961 6944
f 6943 6960 6961
f 6944 6962 6945
f 6944 6961 6962
f 6945 6963 6946
f 6945 6962 6963
f 6964 6759 6744
f 6946 6964 6744
f 6963 6964 6946
f 6964 6761 6759
f 6773 6965 6947
f 6773 6947 6758
f 6947 6966 6948
f 6947 6965 6966
f 6948 6967 6949
f 6948 6966 6967
f 6949 6968 6950
f 6949 6967 6968
f 6950 6969 6951
f 6950 6968 6969
f 6951 6970 6952
f 6951 6969 6970
f 6952 6971 6953
f 6952 6970 6971
f 6953 6972 6954
f 6953 6971 6972
f 6954 6973 6955
f 6954 6972 6973
f 6955 6974 6956
f 6955 6973 6974
f 6956 6975 6957
f 6956 6974 6975
f 6957 6976 6958
f 6957 6975 6976
f 6958 6977 6959
f 6958 6976 6977
f 6959 6978 6960
f 6959 6977 6978
f 6960 6979 6961
f 6960 6978 6979
f 6961 6980 6962
f 6961 6979 6980
f 6962 6981 6963
f 6962 6980 6981
f 6963 6982 6964
f 6963 6981 6982
f 6982 6775 6761
f 6982 6761 6964
f 6787 6983 6965
f 6787 6965 6773
f 6965 6984 6966
f 6965 6983 6984
f 6966 6985 6967
f 6966 6984 6985
f 6967 6986 6968
f 6967 6985 6986
f 6968 6987 6969
f 6968 6986 6987
f 6969 6988 6970
f 6969 6987 6988
f 6970 6989 6971
f 6970 6988 6989
f 6971 6990 6972
f 6971 6989 6990
f 6972 6991 6973
f 6972 6990 6991
f 6973 6992 6974
f 6973 6991 6992
f 6974 6993 6975
f 6974 6992 6993
f 6975 6994 6976
f 6975 6993 6994
f 6976 6995 6977
f 6976 6994 6995
f 6977 6996 6978
f 6977 6995 6996
f 6978 6997 6979
f 6978 6996 6997
f 6979 6998 6980
f 6979 6997 6998
f 6980 6999 6981
f 6980 6998 6999
f 6999 6789 6790
f 6982 6999 6790
f 6981 6999 6982
f 6982 6790 6775
f 6798 7000 6799
f 7001 6800 6799
f 7001 6799 7000
f 7001 6802 6800
f 6805 6983 6787
f 6983 6805 6807
f 7002 6983 6807
f 6984 6983 7002
f 6984 7003 6985
f 6984 7002 7003
f 6985 7004 6986
f 6985 7003 7004
f 6986 7005 6987
f 6986 7004 7005
f 6987 7006 6988
f 6987 7005 7006
f 6988 7007 6989
f 6988 7006 7007
f 6989 7008 6990
f 6989 7007 7008
f 6990 7009 6991
f 6990 7008 7009
f 6991 7010 6992
f 6991 7009 7010
f 6992 7011 6993
f 6992 7010 7011
f 6993 7012 6994
f 6993 7011 7012
f 6994 7013 6995
f 6994 7012 7013
f 6995 7014 6996
f 6995 7013 7014
f 6996 7015 6997
f 6996 7014 7015
f 6997 7016 6998
f 6997 7015 7016
f 7016 6809 6810
f 6999 7016 6810
f 6998 7016 6999
f 6999 6810 6789
f 6819 7017 7000
f 6819 7000 6798
f 7000 7018 7001
f 7000 7017 7018
f 7018 6821 6802
f 7018 6802 7001
f 6823 7002 6807
f 7002 6823 6825
f 7019 7002 6825
f 7003 7002 7019
f 7003 7020 7004
f 7003 7019 7020
f 7004 7021 7005
f 7004 7020 7021
f 7005 7022 7006
f 7005 7021 7022
f 7006 7023 7007
f 7006 7022 7023
f 7007 7024 7008
f 7007 7023 7024
f 7008 7025 7009
f 7008 7024 7025
f 7009 7026 7010
f 7009 7025 7026
f 7010 7027 7011
f 7010 7026 7027
f 7011 7028 7012
f 7011 7027 7028
f 7012 7029 7013
f 7012 7028 7029
f 7013 7030 7014
f 7013 7029 7030
f 7030 6827 6828
f 7015 7030 6828
f 7014 7030 7015
f 7015 6828 6829
f 7015 6829 7016
f 7016 6829 6809
f 6840 7017 6819
f 7017 6840 6842
f 7017 6842 7018
f 7018 6842 6821
f 6846 7019 6825
f 7019 6846 6848
f 7019 6848 7020
f 7020 6848 6850
f 7020 6850 7021
f 7021 6850 6852
f 7021 6852 7022
f 7022 6852 6854
f 7022 6854 7023
f 7023 6854 6856
f 7023 6856 7024
f 7024 6856 6858
f 7024 6858 7025
f 7025 6858 6860
f 7025 6860 7026
f 7026 6860 6862
f 7026 6862 7027
f 7027 6862 6864
f 7027 6864 7028
f 7028 6864 6866
f 7028 6866 7029
f 7029 6866 6868
f 7029 6868 7030
f 7030 6868 6827

