# https://github.com/mikedh/trimesh
v 6.94230843 21.00000000 19.00000000
v 7.00000000 20.88862801 19.00000000
v 7.00000000 21.00000000 18.77574539
v 6.86419678 21.00000000 20.00000000
v 7.00000000 20.74449539 20.00000000
v 6.86166763 21.00000000 21.00000000
v 7.00000000 20.74068451 21.00000000
v 6.88588285 21.00000000 22.00000000
v 7.00000000 20.78351402 22.00000000
v 6.90599012 21.00000000 23.00000000
v 7.00000000 20.82398224 23.00000000
v 6.93842268 21.00000000 24.00000000
v 7.00000000 20.88587379 24.00000000
v 6.96516895 21.00000000 25.00000000
v 7.00000000 20.93654633 25.00000000
v 6.98511600 21.00000000 26.00000000
v 7.00000000 20.97355080 26.00000000
v 7.00000000 21.00000000 26.95979118
v 6.98755646 21.00000000 33.00000000
v 7.00000000 20.98141098 33.00000000
v 7.00000000 21.00000000 32.05052185
v 6.98051929 21.00000000 34.00000000
v 7.00000000 20.97122574 34.00000000
v 6.96925592 21.00000000 35.00000000
v 7.00000000 20.95546150 35.00000000
v 6.95437479 21.00000000 36.00000000
v 7.00000000 20.93533707 36.00000000
v 6.94481659 21.00000000 37.00000000
v 7.00000000 20.92185020 37.00000000
v 6.93844271 21.00000000 38.00000000
v 7.00000000 20.91080475 38.00000000
v 6.93202782 21.00000000 39.00000000
v 7.00000000 20.89853477 39.00000000
v 6.93131924 21.00000000 40.00000000
v 7.00000000 20.89433479 40.00000000
v 6.94580603 21.00000000 41.00000000
v 7.00000000 20.91149139 41.00000000
v 6.96970177 21.00000000 42.00000000
v 7.00000000 20.94645309 42.00000000
v 6.98997068 21.00000000 43.00000000
v 7.00000000 20.98097801 43.00000000
v 7.00000000 21.00000000 43.42898560
v 6.89681482 22.00000000 19.00000000
v 7.00000000 22.00000000 18.62381172
v 6.82450294 22.00000000 20.00000000
v 6.81116581 22.00000000 21.00000000
v 6.80941439 22.00000000 22.00000000
v 6.82017660 22.00000000 23.00000000
v 6.83817863 22.00000000 24.00000000
v 6.85743475 22.00000000 25.00000000
v 6.86828041 22.00000000 26.00000000
v 7.00000000 21.00412560 27.00000000
v 6.86870909 22.00000000 27.00000000
v 6.86937666 22.00000000 28.00000000
v 7.00000000 21.05760765 28.00000000
v 6.86842632 22.00000000 29.00000000
v 7.00000000 21.09059525 29.00000000
v 6.86451960 22.00000000 30.00000000
v 7.00000000 21.09376144 30.00000000
v 6.85842371 22.00000000 31.00000000
v 7.00000000 21.07840919 31.00000000
v 6.85408926 22.00000000 32.00000000
v 7.00000000 21.00389671 32.00000000
v 6.84580183 22.00000000 33.00000000
v 6.83981657 22.00000000 34.00000000
v 6.82128716 22.00000000 35.00000000
v 6.80130100 22.00000000 36.00000000
v 6.78048420 22.00000000 37.00000000
v 6.76462173 22.00000000 38.00000000
v 6.75304079 22.00000000 39.00000000
v 6.75264263 22.00000000 40.00000000
v 6.77267694 22.00000000 41.00000000
v 6.80659628 22.00000000 42.00000000
v 6.83823347 22.00000000 43.00000000
v 7.00000000 21.08002663 44.00000000
v 6.86468267 22.00000000 44.00000000
v 6.96475840 22.00000000 45.00000000
v 7.00000000 21.73573303 45.00000000
v 7.00000000 22.00000000 45.09511948
v 6.94056368 23.00000000 19.00000000
v 7.00000000 23.00000000 18.78379631
v 6.86314821 23.00000000 20.00000000
v 6.84854698 23.00000000 21.00000000
v 6.83817577 23.00000000 22.00000000
v 6.84568357 23.00000000 23.00000000
v 6.86568689 23.00000000 24.00000000
v 6.87769938 23.00000000 25.00000000
v 6.88073349 23.00000000 26.00000000
v 6.87284708 23.00000000 27.00000000
v 6.86158848 23.00000000 28.00000000
v 6.85621357 23.00000000 29.00000000
v 6.85636187 23.00000000 30.00000000
v 6.85509062 23.00000000 31.00000000
v 6.85152817 23.00000000 32.00000000
v 6.83956003 23.00000000 33.00000000
v 6.82511854 23.00000000 34.00000000
v 6.80580616 23.00000000 35.00000000
v 6.78609991 23.00000000 36.00000000
v 6.76435995 23.00000000 37.00000000
v 6.74878502 23.00000000 38.00000000
v 6.73375320 23.00000000 39.00000000
v 6.72892570 23.00000000 40.00000000
v 6.74686337 23.00000000 41.00000000
v 6.78284550 23.00000000 42.00000000
v 6.81607819 23.00000000 43.00000000
v 6.84552288 23.00000000 44.00000000
v 6.96903658 23.00000000 45.00000000
v 7.00000000 23.00000000 45.08359146
v 6.98722744 24.00000000 19.00000000
v 7.00000000 24.00000000 18.94647789
v 6.90548038 24.00000000 20.00000000
v 6.89009857 24.00000000 21.00000000
v 6.88256025 24.00000000 22.00000000
v 6.88574028 24.00000000 23.00000000
v 6.88834476 24.00000000 24.00000000
v 6.89163971 24.00000000 25.00000000
v 6.88986206 24.00000000 26.00000000
v 6.88224602 24.00000000 27.00000000
v 6.86971903 24.00000000 28.00000000
v 6.85989618 24.00000000 29.00000000
v 6.85641003 24.00000000 30.00000000
v 6.86088657 24.00000000 31.00000000
v 6.86309814 24.00000000 32.00000000
v 6.85597229 24.00000000 33.00000000
v 6.84409285 24.00000000 34.00000000
v 6.82528591 24.00000000 35.00000000
v 6.80519867 24.00000000 36.00000000
v 6.79181147 24.00000000 37.00000000
v 6.77902508 24.00000000 38.00000000
v 6.76457024 24.00000000 39.00000000
v 6.76022816 24.00000000 40.00000000
v 6.77003098 24.00000000 41.00000000
v 6.79190683 24.00000000 42.00000000
v 6.81724596 24.00000000 43.00000000
v 6.84136295 24.00000000 44.00000000
v 6.96091270 24.00000000 45.00000000
v 7.00000000 24.00000000 45.10983276
v 6.99835730 25.00000000 19.00000000
v 7.00000000 25.00000000 18.99168396
v 6.92131519 25.00000000 20.00000000
v 6.89308167 25.00000000 21.00000000
v 6.87900162 25.00000000 22.00000000
v 6.88153982 25.00000000 23.00000000
v 6.89286900 25.00000000 24.00000000
v 6.89226818 25.00000000 25.00000000
v 6.89385319 25.00000000 26.00000000
v 6.89618683 25.00000000 27.00000000
v 6.89276981 25.00000000 28.00000000
v 6.88791561 25.00000000 29.00000000
v 6.88579512 25.00000000 30.00000000
v 6.88401222 25.00000000 31.00000000
v 6.87776566 25.00000000 32.00000000
v 6.87188530 25.00000000 33.00000000
v 6.86801147 25.00000000 34.00000000
v 6.86120081 25.00000000 35.00000000
v 6.84946918 25.00000000 36.00000000
v 6.84231329 25.00000000 37.00000000
v 6.83418465 25.00000000 38.00000000
v 6.81914711 25.00000000 39.00000000
v 6.80863142 25.00000000 40.00000000
v 6.81041813 25.00000000 41.00000000
v 6.82363987 25.00000000 42.00000000
v 6.82075787 25.00000000 43.00000000
v 6.83544970 25.00000000 44.00000000
v 6.95746517 25.00000000 45.00000000
v 7.00000000 25.00000000 45.12167358
v 6.98425770 26.00000000 19.00000000
v 7.00000000 26.00000000 18.90442467
v 6.91236115 26.00000000 20.00000000
v 6.88580370 26.00000000 21.00000000
v 6.86621380 26.00000000 22.00000000
v 6.86664486 26.00000000 23.00000000
v 6.87625408 26.00000000 24.00000000
v 6.88989544 26.00000000 25.00000000
v 6.89638329 26.00000000 26.00000000
v 6.89944077 26.00000000 27.00000000
v 6.90312290 26.00000000 28.00000000
v 6.90397215 26.00000000 29.00000000
v 6.90318441 26.00000000 30.00000000
v 6.90430021 26.00000000 31.00000000
v 6.90057945 26.00000000 32.00000000
v 6.89532852 26.00000000 33.00000000
v 6.88914537 26.00000000 34.00000000
v 6.88141108 26.00000000 35.00000000
v 6.87243605 26.00000000 36.00000000
v 6.86427593 26.00000000 37.00000000
v 6.86462355 26.00000000 38.00000000
v 6.85971737 26.00000000 39.00000000
v 6.85412836 26.00000000 40.00000000
v 6.85713530 26.00000000 41.00000000
v 6.86036730 26.00000000 42.00000000
v 6.83370352 26.00000000 43.00000000
v 6.83384371 26.00000000 44.00000000
v 6.95648909 26.00000000 45.00000000
v 7.00000000 26.00000000 45.12577057
v 6.95741463 27.00000000 19.00000000
v 7.00000000 27.00000000 18.70212936
v 6.89509678 27.00000000 20.00000000
v 6.87308216 27.00000000 21.00000000
v 6.85947037 27.00000000 22.00000000
v 6.86221123 27.00000000 23.00000000
v 6.87032604 27.00000000 24.00000000
v 6.88342667 27.00000000 25.00000000
v 6.90022659 27.00000000 26.00000000
v 6.91246367 27.00000000 27.00000000
v 6.91933441 27.00000000 28.00000000
v 6.92211533 27.00000000 29.00000000
v 6.91742134 27.00000000 30.00000000
v 6.91276884 27.00000000 31.00000000
v 6.91163874 27.00000000 32.00000000
v 6.91112471 27.00000000 33.00000000
v 6.90376282 27.00000000 34.00000000
v 6.89308882 27.00000000 35.00000000
v 6.88970709 27.00000000 36.00000000
v 6.88998652 27.00000000 37.00000000
v 6.88789988 27.00000000 38.00000000
v 6.88482809 27.00000000 39.00000000
v 6.88821220 27.00000000 40.00000000
v 6.89385653 27.00000000 41.00000000
v 6.88442993 27.00000000 42.00000000
v 6.85793352 27.00000000 43.00000000
v 6.86533689 27.00000000 44.00000000
v 6.97464037 27.00000000 45.00000000
v 7.00000000 27.00000000 45.07531357
v 6.95010662 28.00000000 19.00000000
v 7.00000000 28.00000000 18.62666130
v 6.90161943 28.00000000 20.00000000
v 6.88554049 28.00000000 21.00000000
v 6.87091494 28.00000000 22.00000000
v 6.86874485 28.00000000 23.00000000
v 6.86913729 28.00000000 24.00000000
v 6.87498522 28.00000000 25.00000000
v 6.88497257 28.00000000 26.00000000
v 6.90071583 28.00000000 27.00000000
v 6.91383362 28.00000000 28.00000000
v 6.91555500 28.00000000 29.00000000
v 6.92209625 28.00000000 30.00000000
v 6.91957140 28.00000000 31.00000000
v 6.91341162 28.00000000 32.00000000
v 6.91178513 28.00000000 33.00000000
v 6.91232252 28.00000000 34.00000000
v 6.90866899 28.00000000 35.00000000
v 6.90816402 28.00000000 36.00000000
v 6.90708303 28.00000000 37.00000000
v 6.90026522 28.00000000 38.00000000
v 6.89680433 28.00000000 39.00000000
v 6.89902449 28.00000000 40.00000000
v 6.90466499 28.00000000 41.00000000
v 6.89671755 28.00000000 42.00000000
v 6.87500525 28.00000000 43.00000000
v 6.88576221 28.00000000 44.00000000
v 6.99144173 28.00000000 45.00000000
v 7.00000000 28.00000000 45.02625656
v 6.92861223 29.00000000 19.00000000
v 7.00000000 29.00000000 18.45448685
v 6.88350534 29.00000000 20.00000000
v 6.87227583 29.00000000 21.00000000
v 6.86488152 29.00000000 22.00000000
v 6.85680580 29.00000000 23.00000000
v 6.85973692 29.00000000 24.00000000
v 6.86154938 29.00000000 25.00000000
v 6.86576033 29.00000000 26.00000000
v 6.87501335 29.00000000 27.00000000
v 6.88694572 29.00000000 28.00000000
v 6.89645481 29.00000000 29.00000000
v 6.89923668 29.00000000 30.00000000
v 6.89683628 29.00000000 31.00000000
v 6.89692879 29.00000000 32.00000000
v 6.89514017 29.00000000 33.00000000
v 6.89917183 29.00000000 34.00000000
v 6.90785456 29.00000000 35.00000000
v 6.91215229 29.00000000 36.00000000
v 6.91192484 29.00000000 37.00000000
v 6.90154839 29.00000000 38.00000000
v 6.89329338 29.00000000 39.00000000
v 6.90447140 29.00000000 40.00000000
v 6.90995264 29.00000000 41.00000000
v 6.89596558 29.00000000 42.00000000
v 6.88263273 29.00000000 43.00000000
v 6.89124155 29.00000000 44.00000000
v 6.99168777 29.00000000 45.00000000
v 7.00000000 29.00000000 45.02495575
v 6.94976807 30.00000000 19.00000000
v 7.00000000 30.00000000 18.59475517
v 6.90196085 30.00000000 20.00000000
v 6.88422585 30.00000000 21.00000000
v 6.88241911 30.00000000 22.00000000
v 6.88006878 30.00000000 23.00000000
v 6.88196564 30.00000000 24.00000000
v 6.87960720 30.00000000 25.00000000
v 6.87814999 30.00000000 26.00000000
v 6.87473297 30.00000000 27.00000000
v 6.87472296 30.00000000 28.00000000
v 6.88338995 30.00000000 29.00000000
v 6.89473724 30.00000000 30.00000000
v 6.90235138 30.00000000 31.00000000
v 6.90138769 30.00000000 32.00000000
v 6.90851593 30.00000000 33.00000000
v 6.91010761 30.00000000 34.00000000
v 6.91956186 30.00000000 35.00000000
v 6.93068981 30.00000000 36.00000000
v 6.94293118 30.00000000 37.00000000
v 6.94324780 30.00000000 38.00000000
v 6.93912220 30.00000000 39.00000000
v 6.93743515 30.00000000 40.00000000
v 6.92123985 30.00000000 41.00000000
v 6.90577555 30.00000000 42.00000000
v 6.89138889 30.00000000 43.00000000
v 6.88280582 30.00000000 44.00000000
v 7.00000000 30.00000000 44.93107224
v 7.00000000 29.46163940 45.00000000
v 6.98451710 31.00000000 19.00000000
v 7.00000000 31.00000000 18.88279533
v 6.92786551 31.00000000 20.00000000
v 6.91142035 31.00000000 21.00000000
v 6.90016365 31.00000000 22.00000000
v 6.89786530 31.00000000 23.00000000
v 6.89229155 31.00000000 24.00000000
v 6.89232922 31.00000000 25.00000000
v 6.87935019 31.00000000 26.00000000
v 6.87038946 31.00000000 27.00000000
v 6.86483192 31.00000000 28.00000000
v 6.87087011 31.00000000 29.00000000
v 6.87767076 31.00000000 30.00000000
v 6.89323282 31.00000000 31.00000000
v 6.90821266 31.00000000 32.00000000
v 6.90552759 31.00000000 33.00000000
v 6.91027451 31.00000000 34.00000000
v 6.92473221 31.00000000 35.00000000
v 6.94989872 31.00000000 36.00000000
v 6.96678925 31.00000000 37.00000000
v 6.98141050 31.00000000 38.00000000
v 6.99373960 31.00000000 39.00000000
v 6.99027872 31.00000000 40.00000000
v 6.96932030 31.00000000 41.00000000
v 6.94078493 31.00000000 42.00000000
v 6.90279722 31.00000000 43.00000000
v 6.89451313 31.00000000 44.00000000
v 7.00000000 31.00000000 44.85032654
v 6.93379354 32.00000000 19.00000000
v 7.00000000 32.00000000 18.66168976
v 6.86930704 32.00000000 20.00000000
v 6.82241964 32.00000000 21.00000000
v 6.78629875 32.00000000 22.00000000
v 6.75398922 32.00000000 23.00000000
v 6.73767948 32.00000000 24.00000000
v 6.71845055 32.00000000 25.00000000
v 6.70521784 32.00000000 26.00000000
v 6.69254923 32.00000000 27.00000000
v 6.68484640 32.00000000 28.00000000
v 6.68206310 32.00000000 29.00000000
v 6.67965412 32.00000000 30.00000000
v 6.69200230 32.00000000 31.00000000
v 6.71461916 32.00000000 32.00000000
v 6.74221611 32.00000000 33.00000000
v 6.77347565 32.00000000 34.00000000
v 6.81349039 32.00000000 35.00000000
v 6.86210823 32.00000000 36.00000000
v 6.94746113 32.00000000 37.00000000
v 7.00000000 32.00000000 37.83754349
v 7.00000000 31.64533806 38.00000000
v 7.00000000 31.26204300 39.00000000
v 7.00000000 31.61817360 40.00000000
v 7.00000000 32.00000000 40.36396027
v 6.98932743 32.00000000 41.00000000
v 6.96057463 32.00000000 42.00000000
v 6.92681456 32.00000000 43.00000000
v 6.91427565 32.00000000 44.00000000
v 7.00000000 32.00000000 44.80670929
v 6.79838133 33.00000000 18.00000000
v 7.00000000 32.39363098 18.00000000
v 7.00000000 33.00000000 17.60395050
v 6.60662794 33.00000000 19.00000000
v 6.54029322 33.00000000 20.00000000
v 6.49028158 33.00000000 21.00000000
v 6.46539211 33.00000000 22.00000000
v 6.45473909 33.00000000 23.00000000
v 6.45239878 33.00000000 24.00000000
v 6.46162748 33.00000000 25.00000000
v 6.48170471 33.00000000 26.00000000
v 6.50758505 33.00000000 27.00000000
v 6.52750349 33.00000000 28.00000000
v 6.55079603 33.00000000 29.00000000
v 6.56965590 33.00000000 30.00000000
v 6.58838654 33.00000000 31.00000000
v 6.61895084 33.00000000 32.00000000
v 6.66807175 33.00000000 33.00000000
v 6.72333622 33.00000000 34.00000000
v 6.75920057 33.00000000 35.00000000
v 6.81844282 33.00000000 36.00000000
v 6.90829134 33.00000000 37.00000000
v 7.00000000 32.66209412 38.00000000
v 6.99455261 33.00000000 38.00000000
v 6.98854685 33.00000000 39.00000000
v 7.00000000 32.61492920 39.00000000
v 6.98903894 33.00000000 40.00000000
v 7.00000000 32.36266327 40.00000000
v 6.99624681 33.00000000 41.00000000
v 6.95683336 33.00000000 42.00000000
v 6.94011879 33.00000000 43.00000000
v 6.93817520 33.00000000 44.00000000
v 7.00000000 33.00000000 44.65384674
v 6.58083868 34.00000000 18.00000000
v 7.00000000 34.00000000 17.02747917
v 6.46539307 34.00000000 19.00000000
v 6.42793703 34.00000000 20.00000000
v 6.40440845 34.00000000 21.00000000
v 6.39354324 34.00000000 22.00000000
v 6.39911032 34.00000000 23.00000000
v 6.41271687 34.00000000 24.00000000
v 6.42903423 34.00000000 25.00000000
v 6.45018196 34.00000000 26.00000000
v 6.47396517 34.00000000 27.00000000
v 6.50754309 34.00000000 28.00000000
v 6.53791428 34.00000000 29.00000000
v 6.56577444 34.00000000 30.00000000
v 6.59067822 34.00000000 31.00000000
v 6.61819220 34.00000000 32.00000000
v 6.64674330 34.00000000 33.00000000
v 6.69051790 34.00000000 34.00000000
v 6.74196005 34.00000000 35.00000000
v 6.78579903 34.00000000 36.00000000
v 6.86461401 34.00000000 37.00000000
v 6.95841312 34.00000000 38.00000000
v 6.95817661 34.00000000 39.00000000
v 6.94228268 34.00000000 40.00000000
v 6.93905163 34.00000000 41.00000000
v 6.92061520 34.00000000 42.00000000
v 6.92638540 34.00000000 43.00000000
v 6.95549440 34.00000000 44.00000000
v 7.00000000 34.00000000 44.45556641
v 6.98480892 35.00000000 17.00000000
v 7.00000000 34.51309967 17.00000000
v 7.00000000 35.00000000 16.98522568
v 6.58817339 35.00000000 18.00000000
v 6.48464251 35.00000000 19.00000000
v 6.45633745 35.00000000 20.00000000
v 6.43186426 35.00000000 21.00000000
v 6.40979052 35.00000000 22.00000000
v 6.39957190 35.00000000 23.00000000
v 6.40065670 35.00000000 24.00000000
v 6.41811705 35.00000000 25.00000000
v 6.43978024 35.00000000 26.00000000
v 6.47432995 35.00000000 27.00000000
v 6.50783920 35.00000000 28.00000000
v 6.54204798 35.00000000 29.00000000
v 6.57394600 35.00000000 30.00000000
v 6.59726095 35.00000000 31.00000000
v 6.62237835 35.00000000 32.00000000
v 6.65515566 35.00000000 33.00000000
v 6.69083977 35.00000000 34.00000000
v 6.73654366 35.00000000 35.00000000
v 6.80191231 35.00000000 36.00000000
v 6.85968447 35.00000000 37.00000000
v 6.92194128 35.00000000 38.00000000
v 6.92581797 35.00000000 39.00000000
v 6.90904617 35.00000000 40.00000000
v 6.88468647 35.00000000 41.00000000
v 6.86802292 35.00000000 42.00000000
v 6.88110638 35.00000000 43.00000000
v 6.93028736 35.00000000 44.00000000
v 7.00000000 35.00000000 44.55559921
v 7.00000000 35.18481445 17.00000000
v 7.00000000 36.00000000 17.19713974
v 6.69053602 36.00000000 18.00000000
v 6.55739832 36.00000000 19.00000000
v 6.49932480 36.00000000 20.00000000
v 6.46503687 36.00000000 21.00000000
v 6.44632578 36.00000000 22.00000000
v 6.43401861 36.00000000 23.00000000
v 6.42771626 36.00000000 24.00000000
v 6.43863249 36.00000000 25.00000000
v 6.46055794 36.00000000 26.00000000
v 6.49013805 36.00000000 27.00000000
v 6.52437019 36.00000000 28.00000000
v 6.55706358 36.00000000 29.00000000
v 6.59196568 36.00000000 30.00000000
v 6.62028646 36.00000000 31.00000000
v 6.65161180 36.00000000 32.00000000
v 6.69003296 36.00000000 33.00000000
v 6.72606707 36.00000000 34.00000000
v 6.77482367 36.00000000 35.00000000
v 6.84026432 36.00000000 36.00000000
v 6.90063906 36.00000000 37.00000000
v 6.96623087 36.00000000 38.00000000
v 6.94400024 36.00000000 39.00000000
v 6.90074396 36.00000000 40.00000000
v 6.87198162 36.00000000 41.00000000
v 6.84344149 36.00000000 42.00000000
v 6.84671545 36.00000000 43.00000000
v 6.90039730 36.00000000 44.00000000
v 7.00000000 36.00000000 44.79534149
v 6.91094446 37.00000000 18.00000000
v 7.00000000 37.00000000 17.75436020
v 6.72721052 37.00000000 19.00000000
v 6.63149166 37.00000000 20.00000000
v 6.57463551 37.00000000 21.00000000
v 6.53186417 37.00000000 22.00000000
v 6.50611639 37.00000000 23.00000000
v 6.50036049 37.00000000 24.00000000
v 6.50477505 37.00000000 25.00000000
v 6.51949644 37.00000000 26.00000000
v 6.53676224 37.00000000 27.00000000
v 6.56277132 37.00000000 28.00000000
v 6.60046387 37.00000000 29.00000000
v 6.64423227 37.00000000 30.00000000
v 6.69167948 37.00000000 31.00000000
v 6.73800755 37.00000000 32.00000000
v 6.78091478 37.00000000 33.00000000
v 6.82212639 37.00000000 34.00000000
v 6.87289286 37.00000000 35.00000000
v 6.95336676 37.00000000 36.00000000
v 7.00000000 37.00000000 36.77507782
v 7.00000000 36.88140106 37.00000000
v 7.00000000 36.42313385 38.00000000
v 7.00000000 36.68770599 39.00000000
v 7.00000000 37.00000000 39.39990997
v 6.96128178 37.00000000 40.00000000
v 6.89507532 37.00000000 41.00000000
v 6.83711576 37.00000000 42.00000000
v 6.83587503 37.00000000 43.00000000
v 6.88660908 37.00000000 44.00000000
v 7.00000000 36.78387833 45.00000000
v 6.99214649 37.00000000 45.00000000
v 7.00000000 37.00000000 45.02596664
v 7.00000000 37.33536530 18.00000000
v 7.00000000 37.90446854 19.00000000
v 7.00000000 38.00000000 19.26390266
v 6.91479826 38.00000000 20.00000000
v 6.83300114 38.00000000 21.00000000
v 6.76976967 38.00000000 22.00000000
v 6.72056627 38.00000000 23.00000000
v 6.69160843 38.00000000 24.00000000
v 6.67375612 38.00000000 25.00000000
v 6.66843700 38.00000000 26.00000000
v 6.68674421 38.00000000 27.00000000
v 6.70467663 38.00000000 28.00000000
v 6.73035049 38.00000000 29.00000000
v 6.77180672 38.00000000 30.00000000
v 6.82626534 38.00000000 31.00000000
v 6.88025856 38.00000000 32.00000000
v 6.93651962 38.00000000 33.00000000
v 6.98281479 38.00000000 34.00000000
v 7.00000000 38.00000000 34.34587860
v 7.00000000 37.81029510 35.00000000
v 7.00000000 37.32435989 36.00000000
v 7.00000000 37.43703079 40.00000000
v 7.00000000 38.00000000 40.55556488
v 6.95996809 38.00000000 41.00000000
v 6.88322639 38.00000000 42.00000000
v 6.85949802 38.00000000 43.00000000
v 6.90341663 38.00000000 44.00000000
v 7.00000000 38.00000000 44.96117020
v 7.00000000 37.65142441 45.00000000
v 7.00000000 38.18875504 20.00000000
v 7.00000000 38.36246872 21.00000000
v 7.00000000 38.50078201 22.00000000
v 7.00000000 38.62835312 23.00000000
v 7.00000000 38.73125458 24.00000000
v 7.00000000 38.82869339 25.00000000
v 7.00000000 38.91403198 26.00000000
v 7.00000000 38.99897766 27.00000000
v 7.00000000 39.00000000 27.03450394
v 6.99034166 39.00000000 28.00000000
v 6.99936867 39.00000000 29.00000000
v 7.00000000 39.00000000 29.06395340
v 7.00000000 38.96644974 30.00000000
v 7.00000000 38.83663940 31.00000000
v 7.00000000 38.64122391 32.00000000
v 7.00000000 38.39423752 33.00000000
v 7.00000000 38.10675049 34.00000000
v 7.00000000 38.44173050 41.00000000
v 7.00000000 39.00000000 41.70596695
v 6.97768021 39.00000000 42.00000000
v 6.94147205 39.00000000 43.00000000
v 6.96424961 39.00000000 44.00000000
v 7.00000000 39.00000000 44.35316467
v 7.00000000 39.02562714 28.00000000
v 7.00000000 39.00177765 29.00000000
v 7.00000000 39.18048096 42.00000000
v 7.00000000 39.46176147 43.00000000
v 7.00000000 39.33441162 44.00000000
v 7.35571766 21.00000000 18.00000000
v 8.00000000 20.40250206 18.00000000
v 8.00000000 21.00000000 17.50017357
v 8.00000000 20.13081741 19.00000000
v 8.00000000 20.06892014 20.00000000
v 8.00000000 20.04605484 21.00000000
v 8.00000000 20.03361130 22.00000000
v 8.00000000 20.04892349 23.00000000
v 8.00000000 20.07792473 24.00000000
v 8.00000000 20.11657333 25.00000000
v 8.00000000 20.13830376 26.00000000
v 7.00071144 21.00000000 27.00000000
v 8.00000000 20.16023064 27.00000000
v 7.01033878 21.00000000 28.00000000
v 8.00000000 20.17810631 28.00000000
v 7.01684475 21.00000000 29.00000000
v 8.00000000 20.18572617 29.00000000
v 7.01792431 21.00000000 30.00000000
v 8.00000000 20.18947983 30.00000000
v 7.01546907 21.00000000 31.00000000
v 8.00000000 20.19408417 31.00000000
v 7.00073290 21.00000000 32.00000000
v 8.00000000 20.20746613 32.00000000
v 8.00000000 20.21781921 33.00000000
v 8.00000000 20.22632027 34.00000000
v 8.00000000 20.23525620 35.00000000
v 8.00000000 20.24809265 36.00000000
v 8.00000000 20.24806786 37.00000000
v 8.00000000 20.23810196 38.00000000
v 8.00000000 20.22389984 39.00000000
v 8.00000000 20.21591949 40.00000000
v 8.00000000 20.20019722 41.00000000
v 8.00000000 20.17675400 42.00000000
v 8.00000000 20.16491508 43.00000000
v 7.01783848 21.00000000 44.00000000
v 8.00000000 20.14504242 44.00000000
v 7.14915180 21.00000000 45.00000000
v 8.00000000 20.17854500 45.00000000
v 7.69362688 21.00000000 46.00000000
v 8.00000000 20.61556816 46.00000000
v 8.00000000 21.00000000 46.24708557
v 7.26729250 22.00000000 18.00000000
v 8.00000000 22.00000000 17.42407227
v 7.56428862 22.00000000 46.00000000
v 8.00000000 22.00000000 46.33040237
v 7.33700466 23.00000000 18.00000000
v 8.00000000 23.00000000 17.45979309
v 7.57869864 23.00000000 46.00000000
v 8.00000000 23.00000000 46.31346130
v 7.36910343 24.00000000 18.00000000
v 8.00000000 24.00000000 17.46992302
v 7.53803444 24.00000000 46.00000000
v 8.00000000 24.00000000 46.34151459
v 7.33262920 25.00000000 18.00000000
v 8.00000000 25.00000000 17.41553879
v 7.52016258 25.00000000 46.00000000
v 8.00000000 25.00000000 46.35004807
v 7.24471664 26.00000000 18.00000000
v 8.00000000 26.00000000 17.31045341
v 7.52798128 26.00000000 46.00000000
v 8.00000000 26.00000000 46.33588409
v 7.15788269 27.00000000 18.00000000
v 8.00000000 27.00000000 17.14364433
v 7.54151821 27.00000000 46.00000000
v 8.00000000 27.00000000 46.32328415
v 7.97024536 28.00000000 17.00000000
v 8.00000000 27.85986710 17.00000000
v 8.00000000 28.00000000 16.98364449
v 7.12472296 28.00000000 18.00000000
v 7.52597618 28.00000000 46.00000000
v 8.00000000 28.00000000 46.33218384
v 7.85070181 29.00000000 17.00000000
v 8.00000000 29.00000000 16.91366386
v 7.08458948 29.00000000 18.00000000
v 7.52584457 29.00000000 46.00000000
v 8.00000000 29.00000000 46.34354019
v 7.70373964 30.00000000 17.00000000
v 8.00000000 30.00000000 16.80942726
v 7.08893919 30.00000000 18.00000000
v 7.01147604 30.00000000 45.00000000
v 7.52397490 30.00000000 46.00000000
v 8.00000000 30.00000000 46.34863281
v 7.67900229 31.00000000 17.00000000
v 8.00000000 31.00000000 16.78017426
v 7.13434649 31.00000000 18.00000000
v 7.02362585 31.00000000 45.00000000
v 7.52005959 31.00000000 46.00000000
v 8.00000000 31.00000000 46.35886383
v 7.79544115 32.00000000 17.00000000
v 8.00000000 32.00000000 16.85530472
v 7.13925982 32.00000000 18.00000000
v 7.00655890 32.00000000 38.00000000
v 7.01208639 32.00000000 39.00000000
v 7.00423861 32.00000000 40.00000000
v 7.02516317 32.00000000 45.00000000
v 7.50799990 32.00000000 46.00000000
v 8.00000000 32.00000000 46.37282562
v 7.39423943 33.00000000 17.00000000
v 8.00000000 33.00000000 16.62004471
v 7.03769827 33.00000000 45.00000000
v 7.49018621 33.00000000 46.00000000
v 8.00000000 33.00000000 46.40012741
v 7.01594543 34.00000000 17.00000000
v 8.00000000 34.00000000 16.37070465
v 7.05737257 34.00000000 45.00000000
v 7.48501158 34.00000000 46.00000000
v 8.00000000 34.00000000 46.42345810
v 8.00000000 35.00000000 16.35644722
v 7.06057501 35.00000000 45.00000000
v 7.47441483 35.00000000 46.00000000
v 8.00000000 35.00000000 46.44961166
v 7.11662006 36.00000000 17.00000000
v 8.00000000 36.00000000 16.48959541
v 7.02836418 36.00000000 45.00000000
v 7.47008562 36.00000000 46.00000000
v 8.00000000 36.00000000 46.44117355
v 7.46892357 37.00000000 17.00000000
v 8.00000000 37.00000000 16.71673775
v 7.01359844 37.00000000 37.00000000
v 7.04289770 37.00000000 38.00000000
v 7.02229929 37.00000000 39.00000000
v 7.44143581 37.00000000 46.00000000
v 8.00000000 37.00000000 46.46257782
v 8.00000000 37.90540695 17.00000000
v 7.32951307 38.00000000 18.00000000
v 8.00000000 38.00000000 17.08266068
v 7.04668856 38.00000000 19.00000000
v 7.03949928 38.00000000 35.00000000
v 7.11543560 38.00000000 36.00000000
v 7.18668032 38.00000000 37.00000000
v 7.17265224 38.00000000 38.00000000
v 7.10535002 38.00000000 39.00000000
v 7.04741383 38.00000000 40.00000000
v 7.00490189 38.00000000 45.00000000
v 7.42174482 38.00000000 46.00000000
v 8.00000000 38.00000000 46.48592758
v 8.00000000 38.69138336 18.00000000
v 8.00000000 39.00000000 18.84875488
v 7.94031000 39.00000000 19.00000000
v 7.67969942 39.00000000 20.00000000
v 7.51037693 39.00000000 21.00000000
v 7.37118673 39.00000000 22.00000000
v 7.26789951 39.00000000 23.00000000
v 7.19095325 39.00000000 24.00000000
v 7.11730433 39.00000000 25.00000000
v 7.05526114 39.00000000 26.00000000
v 7.00055742 39.00000000 27.00000000
v 7.01282072 39.00000000 30.00000000
v 7.05397987 39.00000000 31.00000000
v 7.10325956 39.00000000 32.00000000
v 7.14644289 39.00000000 33.00000000
v 7.20754385 39.00000000 34.00000000
v 7.27686548 39.00000000 35.00000000
v 7.35010815 39.00000000 36.00000000
v 7.40370178 39.00000000 37.00000000
v 7.35048723 39.00000000 38.00000000
v 7.22807026 39.00000000 39.00000000
v 7.14391899 39.00000000 40.00000000
v 7.05799246 39.00000000 41.00000000
v 7.08557510 39.00000000 45.00000000
v 7.49797201 39.00000000 46.00000000
v 8.00000000 39.00000000 46.44493103
v 8.00000000 39.05324173 19.00000000
v 8.00000000 39.31328583 20.00000000
v 8.00000000 39.49705887 21.00000000
v 8.00000000 39.65739059 22.00000000
v 8.00000000 39.80881119 23.00000000
v 8.00000000 39.96156693 24.00000000
v 8.00000000 40.00000000 24.32118797
v 7.92367935 40.00000000 25.00000000
v 7.83837318 40.00000000 26.00000000
v 7.74522543 40.00000000 27.00000000
v 7.66190958 40.00000000 28.00000000
v 7.62999868 40.00000000 29.00000000
v 7.60552931 40.00000000 30.00000000
v 7.58962154 40.00000000 31.00000000
v 7.60212183 40.00000000 32.00000000
v 7.63314581 40.00000000 33.00000000
v 7.68357706 40.00000000 34.00000000
v 7.75254869 40.00000000 35.00000000
v 7.83365250 40.00000000 36.00000000
v 7.88383770 40.00000000 37.00000000
v 7.66888189 40.00000000 38.00000000
v 7.44071865 40.00000000 39.00000000
v 7.32857847 40.00000000 40.00000000
v 7.21461201 40.00000000 41.00000000
v 7.12387848 40.00000000 42.00000000
v 7.08555365 40.00000000 43.00000000
v 7.09067440 40.00000000 44.00000000
v 7.23318768 40.00000000 45.00000000
v 7.68283510 40.00000000 46.00000000
v 8.00000000 40.00000000 46.29542923
v 8.00000000 40.07804108 25.00000000
v 8.00000000 40.18417740 26.00000000
v 8.00000000 40.31280899 27.00000000
v 8.00000000 40.43410492 28.00000000
v 8.00000000 40.51510620 29.00000000
v 8.00000000 40.57555771 30.00000000
v 8.00000000 40.60098267 31.00000000
v 8.00000000 40.60264969 32.00000000
v 8.00000000 40.56607437 33.00000000
v 8.00000000 40.48944092 34.00000000
v 8.00000000 40.36503220 35.00000000
v 8.00000000 40.24153900 36.00000000
v 8.00000000 40.17845917 37.00000000
v 8.00000000 40.67350388 38.00000000
v 8.00000000 41.00000000 38.50316238
v 7.83366251 41.00000000 39.00000000
v 7.64404297 41.00000000 40.00000000
v 7.51889467 41.00000000 41.00000000
v 7.39202881 41.00000000 42.00000000
v 7.35697937 41.00000000 43.00000000
v 7.37697268 41.00000000 44.00000000
v 7.58715820 41.00000000 45.00000000
v 8.00000000 41.00000000 45.83423233
v 8.00000000 40.76942825 46.00000000
v 8.00000000 41.33715439 39.00000000
v 8.00000000 41.81319046 40.00000000
v 8.00000000 42.00000000 40.76232529
v 7.96923018 42.00000000 41.00000000
v 7.84179068 42.00000000 42.00000000
v 7.77434778 42.00000000 43.00000000
v 7.84233475 42.00000000 44.00000000
v 8.00000000 42.00000000 44.54729080
v 8.00000000 41.75749969 45.00000000
v 8.00000000 42.03703690 41.00000000
v 8.00000000 42.17537689 42.00000000
v 8.00000000 42.23836136 43.00000000
v 8.00000000 42.16513443 44.00000000
v 8.57257748 20.00000000 21.00000000
v 9.00000000 19.97052574 21.00000000
v 9.00000000 20.00000000 20.06945038
v 8.45443153 20.00000000 22.00000000
v 9.00000000 19.96566391 22.00000000
v 8.58274364 20.00000000 23.00000000
v 9.00000000 19.96997070 23.00000000
v 8.87823296 20.00000000 24.00000000
v 9.00000000 19.99068260 24.00000000
v 9.00000000 20.00000000 24.45693016
v 8.87006664 20.00000000 45.00000000
v 9.00000000 19.98333168 45.00000000
v 9.00000000 20.00000000 44.42687225
v 9.00000000 20.00000000 45.08714294
v 9.00000000 20.30749130 18.00000000
v 9.00000000 21.00000000 17.35379028
v 9.00000000 20.06548309 19.00000000
v 9.00000000 20.00211906 20.00000000
v 9.00000000 20.00895500 25.00000000
v 9.00000000 20.01563263 26.00000000
v 9.00000000 20.02485085 27.00000000
v 9.00000000 20.04154205 28.00000000
v 9.00000000 20.04989243 29.00000000
v 9.00000000 20.05564308 30.00000000
v 9.00000000 20.05882835 31.00000000
v 9.00000000 20.07047081 32.00000000
v 9.00000000 20.07932281 33.00000000
v 9.00000000 20.08288383 34.00000000
v 9.00000000 20.08682823 35.00000000
v 9.00000000 20.09464645 36.00000000
v 9.00000000 20.08984947 37.00000000
v 9.00000000 20.08769035 38.00000000
v 9.00000000 20.08256531 39.00000000
v 9.00000000 20.08090591 40.00000000
v 9.00000000 20.07522392 41.00000000
v 9.00000000 20.05851746 42.00000000
v 9.00000000 20.04059601 43.00000000
v 9.00000000 20.01235390 44.00000000
v 9.00000000 20.32930183 46.00000000
v 9.00000000 21.00000000 46.47256088
v 9.00000000 22.00000000 17.23106384
v 9.00000000 22.00000000 46.58465958
v 9.00000000 23.00000000 17.23736000
v 9.00000000 23.00000000 46.57045746
v 9.00000000 24.00000000 17.20851898
v 9.00000000 24.00000000 46.56848526
v 9.00000000 25.00000000 17.14190865
v 9.00000000 25.00000000 46.54887772
v 9.00000000 26.00000000 17.04515266
v 9.00000000 26.00000000 46.53097534
v 8.59193325 27.00000000 17.00000000
v 9.00000000 26.34335327 17.00000000
v 9.00000000 27.00000000 16.93062782
v 9.00000000 27.00000000 46.52452469
v 9.00000000 28.00000000 16.81409645
v 9.00000000 28.00000000 46.53169250
v 9.00000000 29.00000000 16.71081543
v 9.00000000 29.00000000 46.54910278
v 9.00000000 30.00000000 16.61509895
v 9.00000000 30.00000000 46.54856873
v 9.00000000 31.00000000 16.58843231
v 9.00000000 31.00000000 46.57852173
v 9.00000000 32.00000000 16.65311813
v 9.00000000 32.00000000 46.61451340
v 9.00000000 33.00000000 16.49770546
v 9.00000000 33.00000000 46.63989258
v 9.00000000 34.00000000 16.25449944
v 9.00000000 34.00000000 46.66283798
v 9.00000000 35.00000000 16.21470642
v 9.00000000 35.00000000 46.69823456
v 9.00000000 36.00000000 16.33280182
v 9.00000000 36.00000000 46.72195053
v 9.00000000 37.00000000 16.54338074
v 9.00000000 37.00000000 46.74325562
v 8.19128418 38.00000000 17.00000000
v 9.00000000 38.00000000 16.85210228
v 9.00000000 38.00000000 46.75396729
v 9.00000000 38.32769012 17.00000000
v 8.98325920 39.00000000 18.00000000
v 9.00000000 39.00000000 17.99036980
v 9.00000000 39.00000000 46.72556686
v 9.00000000 39.00524521 18.00000000
v 9.00000000 39.38026047 19.00000000
v 9.00000000 39.60001373 20.00000000
v 9.00000000 39.77301407 21.00000000
v 9.00000000 39.93314743 22.00000000
v 8.68731117 40.00000000 23.00000000
v 9.00000000 40.00000000 22.44924545
v 8.13697624 40.00000000 24.00000000
v 9.00000000 40.00000000 46.61906052
v 9.00000000 40.07773209 23.00000000
v 9.00000000 40.21071243 24.00000000
v 9.00000000 40.31669617 25.00000000
v 9.00000000 40.43317032 26.00000000
v 9.00000000 40.54406357 27.00000000
v 9.00000000 40.65645599 28.00000000
v 9.00000000 40.76948547 29.00000000
v 9.00000000 40.83621216 30.00000000
v 9.00000000 40.87678528 31.00000000
v 9.00000000 40.89340210 32.00000000
v 9.00000000 40.86177826 33.00000000
v 9.00000000 40.75996780 34.00000000
v 9.00000000 40.64728928 35.00000000
v 9.00000000 40.50029755 36.00000000
v 9.00000000 40.48014832 37.00000000
v 8.56666946 41.00000000 38.00000000
v 9.00000000 41.00000000 37.74841309
v 8.20914745 41.00000000 46.00000000
v 9.00000000 41.00000000 46.33213806
v 9.00000000 41.22776031 38.00000000
v 8.71100998 42.00000000 39.00000000
v 9.00000000 42.00000000 38.76668549
v 8.16753864 42.00000000 40.00000000
v 8.30750847 42.00000000 45.00000000
v 9.00000000 42.00000000 45.57843781
v 9.00000000 41.58848953 46.00000000
v 9.00000000 42.16781616 39.00000000
v 9.00000000 42.54147720 40.00000000
v 9.00000000 42.69749069 41.00000000
v 9.00000000 42.76356506 42.00000000
v 9.00000000 42.76523972 43.00000000
v 9.00000000 42.65951920 44.00000000
v 9.00000000 42.31246948 45.00000000
v 10.00000000 19.97521782 21.00000000
v 10.00000000 20.00000000 20.05593681
v 10.00000000 19.97414017 22.00000000
v 10.00000000 19.98369217 23.00000000
v 9.56759071 20.00000000 24.00000000
v 10.00000000 20.00000000 23.70178413
v 9.52584076 20.00000000 45.00000000
v 10.00000000 20.31545639 18.00000000
v 10.00000000 21.00000000 17.31471252
v 10.00000000 20.06182861 19.00000000
v 10.00000000 20.00133705 20.00000000
v 10.00000000 20.00535393 24.00000000
v 10.00000000 20.02103233 25.00000000
v 10.00000000 20.03100586 26.00000000
v 10.00000000 20.04321480 27.00000000
v 10.00000000 20.06067467 28.00000000
v 10.00000000 20.07088852 29.00000000
v 10.00000000 20.07889938 30.00000000
v 10.00000000 20.08266449 31.00000000
v 10.00000000 20.09349251 32.00000000
v 10.00000000 20.10208321 33.00000000
v 10.00000000 20.10560036 34.00000000
v 10.00000000 20.10967064 35.00000000
v 10.00000000 20.11495209 36.00000000
v 10.00000000 20.10472679 37.00000000
v 10.00000000 20.09879684 38.00000000
v 10.00000000 20.09247398 39.00000000
v 10.00000000 20.09162331 40.00000000
v 10.00000000 20.09067917 41.00000000
v 10.00000000 20.08086395 42.00000000
v 10.00000000 20.06707382 43.00000000
v 10.00000000 20.04446220 44.00000000
v 10.00000000 20.01786804 45.00000000
v 10.00000000 20.30505753 46.00000000
v 10.00000000 21.00000000 46.52230835
v 10.00000000 22.00000000 17.15176964
v 10.00000000 22.00000000 46.63412476
v 10.00000000 23.00000000 17.15449333
v 10.00000000 23.00000000 46.61456299
v 10.00000000 24.00000000 17.11806488
v 10.00000000 24.00000000 46.59573364
v 10.00000000 25.00000000 17.06514549
v 10.00000000 25.00000000 46.57846832
v 9.71190071 26.00000000 17.00000000
v 10.00000000 25.79807663 17.00000000
v 10.00000000 26.00000000 16.98556709
v 10.00000000 26.00000000 46.56386566
v 10.00000000 27.00000000 16.88507080
v 10.00000000 27.00000000 46.55203247
v 10.00000000 28.00000000 16.75980186
v 10.00000000 28.00000000 46.55666351
v 10.00000000 29.00000000 16.63519096
v 10.00000000 29.00000000 46.58118820
v 10.00000000 30.00000000 16.55696106
v 10.00000000 30.00000000 46.59209442
v 10.00000000 31.00000000 16.55687332
v 10.00000000 31.00000000 46.63030624
v 10.00000000 32.00000000 16.71988106
v 10.00000000 32.00000000 46.68044281
v 10.00000000 33.00000000 16.58356667
v 10.00000000 33.00000000 46.72170258
v 10.00000000 34.00000000 16.30059624
v 10.00000000 34.00000000 46.74603271
v 10.00000000 35.00000000 16.25816154
v 10.00000000 35.00000000 46.79330063
v 10.00000000 36.00000000 16.35134888
v 10.00000000 36.00000000 46.84725189
v 10.00000000 37.00000000 16.53209686
v 10.00000000 37.00000000 46.88224792
v 10.00000000 38.00000000 16.85442734
v 10.00000000 38.00000000 46.89913559
v 10.00000000 38.33075714 17.00000000
v 10.00000000 39.00000000 17.96294975
v 10.00000000 39.00000000 46.86387634
v 10.00000000 39.01945114 18.00000000
v 10.00000000 39.34756851 19.00000000
v 10.00000000 39.54078293 20.00000000
v 10.00000000 39.72485352 21.00000000
v 10.00000000 39.86114120 22.00000000
v 10.00000000 39.97533035 23.00000000
v 9.76531982 40.00000000 23.00000000
v 10.00000000 40.00000000 23.26321411
v 10.00000000 40.00000000 46.74510574
v 10.00000000 40.07118225 24.00000000
v 10.00000000 40.14958954 25.00000000
v 10.00000000 40.23766327 26.00000000
v 10.00000000 40.33881760 27.00000000
v 10.00000000 40.45787811 28.00000000
v 10.00000000 40.54444885 29.00000000
v 10.00000000 40.59429550 30.00000000
v 10.00000000 40.61699677 31.00000000
v 10.00000000 40.61371231 32.00000000
v 10.00000000 40.57236862 33.00000000
v 10.00000000 40.45908356 34.00000000
v 10.00000000 40.38602066 35.00000000
v 10.00000000 40.30436707 36.00000000
v 10.00000000 40.30209732 37.00000000
v 10.00000000 41.00000000 37.84303284
v 10.00000000 41.00000000 46.49974823
v 10.00000000 41.15430832 38.00000000
v 10.00000000 42.00000000 38.58830643
v 10.00000000 42.00000000 45.96506500
v 10.00000000 41.96128845 46.00000000
v 10.00000000 42.37743759 39.00000000
v 10.00000000 42.93066025 40.00000000
v 9.75935745 43.00000000 41.00000000
v 10.00000000 43.00000000 40.42262268
v 9.61687374 43.00000000 42.00000000
v 9.84870052 43.00000000 43.00000000
v 10.00000000 43.00000000 43.28702545
v 10.00000000 42.89543915 44.00000000
v 10.00000000 42.54857254 45.00000000
v 10.00000000 43.06509781 41.00000000
v 10.00000000 43.10015106 42.00000000
v 10.00000000 43.02893829 43.00000000
v 10.70658112 20.00000000 21.00000000
v 10.77156162 20.00000000 22.00000000
v 10.56983471 20.00000000 23.00000000
v 11.00000000 20.34268761 18.00000000
v 11.00000000 21.00000000 17.31958008
v 11.00000000 20.08477974 19.00000000
v 11.00000000 20.02441216 20.00000000
v 11.00000000 20.00838852 21.00000000
v 11.00000000 20.00606537 22.00000000
v 11.00000000 20.00956535 23.00000000
v 11.00000000 20.02877998 24.00000000
v 11.00000000 20.04516029 25.00000000
v 11.00000000 20.05301476 26.00000000
v 11.00000000 20.06399727 27.00000000
v 11.00000000 20.07647514 28.00000000
v 11.00000000 20.08913612 29.00000000
v 11.00000000 20.10089493 30.00000000
v 11.00000000 20.10722160 31.00000000
v 11.00000000 20.11824608 32.00000000
v 11.00000000 20.12509155 33.00000000
v 11.00000000 20.13256645 34.00000000
v 11.00000000 20.13737297 35.00000000
v 11.00000000 20.14036560 36.00000000
v 11.00000000 20.13281059 37.00000000
v 11.00000000 20.12784004 38.00000000
v 11.00000000 20.12129211 39.00000000
v 11.00000000 20.12387657 40.00000000
v 11.00000000 20.12554169 41.00000000
v 11.00000000 20.11556435 42.00000000
v 11.00000000 20.10840988 43.00000000
v 11.00000000 20.08889389 44.00000000
v 11.00000000 20.08008766 45.00000000
v 11.00000000 20.35641670 46.00000000
v 11.00000000 21.00000000 46.51094437
v 11.00000000 22.00000000 17.12397003
v 11.00000000 22.00000000 46.62012863
v 11.00000000 23.00000000 17.12966728
v 11.00000000 23.00000000 46.59815598
v 11.00000000 24.00000000 17.09103012
v 11.00000000 24.00000000 46.58104706
v 11.00000000 25.00000000 17.03796577
v 11.00000000 25.00000000 46.56699371
v 11.00000000 25.56538010 17.00000000
v 11.00000000 26.00000000 16.97321320
v 11.00000000 26.00000000 46.55914688
v 11.00000000 27.00000000 16.86956215
v 11.00000000 27.00000000 46.55006027
v 11.00000000 28.00000000 16.74575043
v 11.00000000 28.00000000 46.55332184
v 11.00000000 29.00000000 16.60262871
v 11.00000000 29.00000000 46.57823563
v 11.00000000 30.00000000 16.51286316
v 11.00000000 30.00000000 46.59827805
v 11.00000000 31.00000000 16.56975174
v 11.00000000 31.00000000 46.64761734
v 11.00000000 32.00000000 16.92723846
v 11.00000000 32.00000000 46.70705032
v 11.00000000 33.00000000 16.80836487
v 11.00000000 33.00000000 46.75282669
v 11.00000000 34.00000000 16.53248405
v 11.00000000 34.00000000 46.79361343
v 11.00000000 35.00000000 16.47810173
v 11.00000000 35.00000000 46.84390640
v 11.00000000 36.00000000 16.55695152
v 11.00000000 36.00000000 46.91128922
v 11.00000000 37.00000000 16.76138115
v 11.00000000 37.00000000 46.94245911
v 11.00000000 37.81529617 17.00000000
v 10.72226524 38.00000000 17.00000000
v 11.00000000 38.00000000 17.16117287
v 11.00000000 38.00000000 46.95283127
v 11.00000000 38.58042526 18.00000000
v 10.05106449 39.00000000 18.00000000
v 11.00000000 38.87652206 19.00000000
v 10.76278305 39.00000000 19.00000000
v 11.00000000 39.00000000 19.60209465
v 11.00000000 39.00000000 46.91630554
v 11.00000000 39.07280350 20.00000000
v 11.00000000 39.21885681 21.00000000
v 11.00000000 39.34328079 22.00000000
v 11.00000000 39.47519302 23.00000000
v 11.00000000 39.59152222 24.00000000
v 10.17456818 40.00000000 24.00000000
v 11.00000000 39.68214417 25.00000000
v 10.34582138 40.00000000 25.00000000
v 11.00000000 39.75259781 26.00000000
v 10.50864601 40.00000000 26.00000000
v 11.00000000 39.81142426 27.00000000
v 10.65433884 40.00000000 27.00000000
v 11.00000000 39.85290909 28.00000000
v 10.77265263 40.00000000 28.00000000
v 11.00000000 39.85695648 29.00000000
v 10.81333542 40.00000000 29.00000000
v 11.00000000 39.83999634 30.00000000
v 10.82585621 40.00000000 30.00000000
v 11.00000000 39.77330780 31.00000000
v 10.80156326 40.00000000 31.00000000
v 11.00000000 39.61640167 32.00000000
v 10.72038078 40.00000000 32.00000000
v 11.00000000 39.41823196 33.00000000
v 10.60314369 40.00000000 33.00000000
v 11.00000000 39.29237366 34.00000000
v 10.47284794 40.00000000 34.00000000
v 11.00000000 39.27597809 35.00000000
v 10.42646599 40.00000000 35.00000000
v 11.00000000 39.35407639 36.00000000
v 10.42311382 40.00000000 36.00000000
v 11.00000000 39.60511398 37.00000000
v 10.55563641 40.00000000 37.00000000
v 11.00000000 40.00000000 37.28931046
v 11.00000000 40.00000000 46.81644058
v 11.00000000 40.92075729 38.00000000
v 10.71784019 41.00000000 38.00000000
v 11.00000000 41.00000000 38.02975845
v 11.00000000 41.00000000 46.59183884
v 11.00000000 42.00000000 38.59778595
v 10.14209175 42.00000000 46.00000000
v 11.00000000 42.00000000 46.14543533
v 11.00000000 42.44946671 39.00000000
v 10.27427864 43.00000000 40.00000000
v 11.00000000 43.00000000 39.73580551
v 10.57286644 43.00000000 44.00000000
v 11.00000000 43.00000000 44.21082306
v 11.00000000 42.69443893 45.00000000
v 11.00000000 42.13709641 46.00000000
v 11.00000000 43.12071228 40.00000000
v 11.00000000 43.27070236 41.00000000
v 11.00000000 43.28125000 42.00000000
v 11.00000000 43.19059372 43.00000000
v 11.00000000 43.05304337 44.00000000
v 12.00000000 20.37641335 18.00000000
v 12.00000000 21.00000000 17.34279251
v 12.00000000 20.09800148 19.00000000
v 12.00000000 20.03720284 20.00000000
v 12.00000000 20.02152443 21.00000000
v 12.00000000 20.01346397 22.00000000
v 12.00000000 20.01273537 23.00000000
v 12.00000000 20.03019714 24.00000000
v 12.00000000 20.04477692 25.00000000
v 12.00000000 20.05308151 26.00000000
v 12.00000000 20.06621170 27.00000000
v 12.00000000 20.08429527 28.00000000
v 12.00000000 20.09901810 29.00000000
v 12.00000000 20.11499786 30.00000000
v 12.00000000 20.12549973 31.00000000
v 12.00000000 20.13631821 32.00000000
v 12.00000000 20.14122009 33.00000000
v 12.00000000 20.14984512 34.00000000
v 12.00000000 20.15788841 35.00000000
v 12.00000000 20.15921593 36.00000000
v 12.00000000 20.15389252 37.00000000
v 12.00000000 20.14682388 38.00000000
v 12.00000000 20.14044762 39.00000000
v 12.00000000 20.14173317 40.00000000
v 12.00000000 20.14494324 41.00000000
v 12.00000000 20.14158821 42.00000000
v 12.00000000 20.13335419 43.00000000
v 12.00000000 20.12135887 44.00000000
v 12.00000000 20.13676262 45.00000000
v 12.00000000 20.42499352 46.00000000
v 12.00000000 21.00000000 46.47433472
v 12.00000000 22.00000000 17.13433456
v 12.00000000 22.00000000 46.58973694
v 12.00000000 23.00000000 17.13117981
v 12.00000000 23.00000000 46.57684326
v 12.00000000 24.00000000 17.08419228
v 12.00000000 24.00000000 46.56018448
v 12.00000000 25.00000000 17.03959846
v 12.00000000 25.00000000 46.54847336
v 12.00000000 25.55085373 17.00000000
v 12.00000000 26.00000000 16.97005272
v 12.00000000 26.00000000 46.54219818
v 12.00000000 27.00000000 16.86531448
v 12.00000000 27.00000000 46.52904129
v 12.00000000 28.00000000 16.74556541
v 12.00000000 28.00000000 46.53278351
v 12.00000000 29.00000000 16.59464836
v 12.00000000 29.00000000 46.55557632
v 12.00000000 30.00000000 16.46637154
v 12.00000000 30.00000000 46.58496475
v 12.00000000 31.00000000 16.56265259
v 12.00000000 31.00000000 46.63174438
v 12.00000000 31.69301796 17.00000000
v 11.23155022 32.00000000 17.00000000
v 12.00000000 32.00000000 17.61188507
v 12.00000000 32.00000000 46.70280075
v 11.65344620 33.00000000 17.00000000
v 12.00000000 33.00000000 17.37278175
v 11.98997402 33.00000000 31.00000000
v 12.00000000 33.00000000 30.34103203
v 12.00000000 32.96249771 31.00000000
v 12.00000000 32.96981812 32.00000000
v 11.99265862 33.00000000 32.00000000
v 12.00000000 32.92414474 33.00000000
v 11.98125458 33.00000000 33.00000000
v 12.00000000 32.99488449 34.00000000
v 11.99870682 33.00000000 34.00000000
v 12.00000000 33.00000000 34.84219360
v 12.00000000 33.00000000 46.75724030
v 12.00000000 33.67036438 17.00000000
v 12.00000000 34.00000000 16.92578125
v 11.96205997 34.00000000 30.00000000
v 12.00000000 34.00000000 29.49299622
v 12.00000000 33.10605621 30.00000000
v 11.92117405 34.00000000 31.00000000
v 11.87990761 34.00000000 32.00000000
v 11.87344551 34.00000000 33.00000000
v 11.92814159 34.00000000 34.00000000
v 12.00000000 34.00000000 34.99493027
v 12.00000000 34.00000000 46.80167389
v 12.00000000 35.00000000 16.96400642
v 11.97826290 35.00000000 30.00000000
v 12.00000000 35.00000000 29.75116158
v 11.89014912 35.00000000 31.00000000
v 11.83087921 35.00000000 32.00000000
v 11.79183197 35.00000000 33.00000000
v 11.81201172 35.00000000 34.00000000
v 12.00000000 34.00251007 35.00000000
v 11.85864353 35.00000000 35.00000000
v 12.00000000 34.96122742 36.00000000
v 11.99616623 35.00000000 36.00000000
v 12.00000000 35.00000000 36.01219940
v 12.00000000 35.00000000 46.86218262
v 12.00000000 35.29469299 17.00000000
v 11.84800720 36.00000000 17.00000000
v 12.00000000 36.00000000 17.31299400
v 11.95078754 36.00000000 30.00000000
v 12.00000000 36.00000000 29.63439941
v 11.85549927 36.00000000 31.00000000
v 11.76751804 36.00000000 32.00000000
v 11.70276928 36.00000000 33.00000000
v 11.70496750 36.00000000 34.00000000
v 11.80854797 36.00000000 35.00000000
v 11.94526196 36.00000000 36.00000000
v 12.00000000 36.00000000 36.14315414
v 12.00000000 36.00000000 46.94170380
v 11.44589901 37.00000000 17.00000000
v 12.00000000 36.77720642 18.00000000
v 11.92282867 37.00000000 18.00000000
v 12.00000000 37.00000000 18.53953934
v 11.98777294 37.00000000 29.00000000
v 12.00000000 37.00000000 28.91082764
v 12.00000000 36.87497330 29.00000000
v 11.86535358 37.00000000 30.00000000
v 11.75555611 37.00000000 31.00000000
v 11.67400360 37.00000000 32.00000000
v 11.60822296 37.00000000 33.00000000
v 11.58539772 37.00000000 34.00000000
v 11.65831375 37.00000000 35.00000000
v 11.85287666 37.00000000 36.00000000
v 12.00000000 37.00000000 36.30850983
v 12.00000000 37.00000000 46.97126770
v 11.49515724 38.00000000 18.00000000
v 12.00000000 37.19908905 19.00000000
v 11.70397186 38.00000000 19.00000000
v 12.00000000 37.39861679 20.00000000
v 11.79527283 38.00000000 20.00000000
v 12.00000000 37.55121613 21.00000000
v 11.84280968 38.00000000 21.00000000
v 12.00000000 37.66577148 22.00000000
v 11.87951183 38.00000000 22.00000000
v 12.00000000 37.77149963 23.00000000
v 11.91477871 38.00000000 23.00000000
v 12.00000000 37.84411621 24.00000000
v 11.94121075 38.00000000 24.00000000
v 12.00000000 37.89458847 25.00000000
v 11.96181202 38.00000000 25.00000000
v 12.00000000 37.92406464 26.00000000
v 11.97570705 38.00000000 26.00000000
v 12.00000000 37.89111328 27.00000000
v 11.97098351 38.00000000 27.00000000
v 12.00000000 37.70322418 28.00000000
v 11.94511318 38.00000000 28.00000000
v 11.88430405 38.00000000 29.00000000
v 11.77382278 38.00000000 30.00000000
v 11.65998173 38.00000000 31.00000000
v 11.55388927 38.00000000 32.00000000
v 11.47831821 38.00000000 33.00000000
v 11.44477463 38.00000000 34.00000000
v 11.49223232 38.00000000 35.00000000
v 11.63231945 38.00000000 36.00000000
v 12.00000000 38.00000000 36.76674652
v 12.00000000 38.00000000 46.97085190
v 11.08036327 39.00000000 20.00000000
v 11.22835064 39.00000000 21.00000000
v 11.33389091 39.00000000 22.00000000
v 11.42377281 39.00000000 23.00000000
v 11.50026512 39.00000000 24.00000000
v 11.55561638 39.00000000 25.00000000
v 11.58532619 39.00000000 26.00000000
v 11.62031078 39.00000000 27.00000000
v 11.64175320 39.00000000 28.00000000
v 11.61624050 39.00000000 29.00000000
v 11.56787014 39.00000000 30.00000000
v 11.46047115 39.00000000 31.00000000
v 11.32685852 39.00000000 32.00000000
v 11.21564293 39.00000000 33.00000000
v 11.16597080 39.00000000 34.00000000
v 11.18214130 39.00000000 35.00000000
v 11.26636887 39.00000000 36.00000000
v 12.00000000 38.32949448 37.00000000
v 11.61794662 39.00000000 37.00000000
v 12.00000000 39.00000000 37.20413589
v 12.00000000 39.00000000 46.94158554
v 12.00000000 40.00000000 37.67023849
v 12.00000000 40.00000000 46.85829926
v 12.00000000 40.58578491 38.00000000
v 12.00000000 41.00000000 38.15843964
v 12.00000000 41.00000000 46.65211868
v 12.00000000 42.00000000 38.63496017
v 12.00000000 42.00000000 46.26160431
v 12.00000000 42.48606491 39.00000000
v 12.00000000 43.00000000 39.61794281
v 12.00000000 43.00000000 44.57765961
v 12.00000000 42.81135941 45.00000000
v 12.00000000 42.25389862 46.00000000
v 12.00000000 43.19658279 40.00000000
v 12.00000000 43.39191818 41.00000000
v 12.00000000 43.41311646 42.00000000
v 12.00000000 43.32677841 43.00000000
v 12.00000000 43.16712570 44.00000000
v 13.00000000 20.38029099 18.00000000
v 13.00000000 21.00000000 17.35369873
v 13.00000000 20.09836197 19.00000000
v 13.00000000 20.04388618 20.00000000
v 13.00000000 20.02577591 21.00000000
v 13.00000000 20.01389122 22.00000000
v 13.00000000 20.01191330 23.00000000
v 13.00000000 20.02631378 24.00000000
v 13.00000000 20.04064178 25.00000000
v 13.00000000 20.05031586 26.00000000
v 13.00000000 20.06393433 27.00000000
v 13.00000000 20.08585358 28.00000000
v 13.00000000 20.10403633 29.00000000
v 13.00000000 20.11910248 30.00000000
v 13.00000000 20.13263702 31.00000000
v 13.00000000 20.14250183 32.00000000
v 13.00000000 20.14866066 33.00000000
v 13.00000000 20.15414619 34.00000000
v 13.00000000 20.16288757 35.00000000
v 13.00000000 20.16444397 36.00000000
v 13.00000000 20.15932274 37.00000000
v 13.00000000 20.15378952 38.00000000
v 13.00000000 20.14887810 39.00000000
v 13.00000000 20.14904594 40.00000000
v 13.00000000 20.15034103 41.00000000
v 13.00000000 20.14648056 42.00000000
v 13.00000000 20.13728523 43.00000000
v 13.00000000 20.12496948 44.00000000
v 13.00000000 20.14921570 45.00000000
v 13.00000000 20.46133423 46.00000000
v 13.00000000 21.00000000 46.43923950
v 13.00000000 22.00000000 17.14571190
v 13.00000000 22.00000000 46.56241608
v 13.00000000 23.00000000 17.12817764
v 13.00000000 23.00000000 46.55959320
v 13.00000000 24.00000000 17.07520866
v 13.00000000 24.00000000 46.54455566
v 13.00000000 25.00000000 17.03031158
v 13.00000000 25.00000000 46.53517914
v 13.00000000 25.41629982 17.00000000
v 13.00000000 26.00000000 16.95947456
v 13.00000000 26.00000000 46.52891159
v 13.00000000 27.00000000 16.85640907
v 13.00000000 27.00000000 46.51717377
v 13.00000000 28.00000000 16.73783875
v 13.00000000 28.00000000 46.52492523
v 13.00000000 29.00000000 16.57930756
v 13.00000000 29.00000000 46.54745483
v 13.00000000 30.00000000 16.43252182
v 13.00000000 30.00000000 46.58202744
v 13.00000000 31.00000000 16.52947235
v 13.00000000 31.00000000 46.62761688
v 13.00000000 31.53764153 17.00000000
v 13.00000000 31.84385300 18.00000000
v 12.38507366 32.00000000 18.00000000
v 13.00000000 31.92451286 19.00000000
v 12.70781231 32.00000000 19.00000000
v 13.00000000 31.93307495 20.00000000
v 12.76828861 32.00000000 20.00000000
v 13.00000000 31.90394783 21.00000000
v 12.68613243 32.00000000 21.00000000
v 13.00000000 31.88269806 22.00000000
v 12.61517906 32.00000000 22.00000000
v 13.00000000 31.86160088 23.00000000
v 12.53189182 32.00000000 23.00000000
v 13.00000000 31.84694672 24.00000000
v 12.45898533 32.00000000 24.00000000
v 13.00000000 31.84263039 25.00000000
v 12.43061829 32.00000000 25.00000000
v 13.00000000 31.83202362 26.00000000
v 12.39620876 32.00000000 26.00000000
v 13.00000000 31.82440567 27.00000000
v 12.39222050 32.00000000 27.00000000
v 13.00000000 31.82016373 28.00000000
v 12.36374950 32.00000000 28.00000000
v 13.00000000 31.81323051 29.00000000
v 12.34254551 32.00000000 29.00000000
v 13.00000000 31.80407906 30.00000000
v 12.32242489 32.00000000 30.00000000
v 13.00000000 31.78846550 31.00000000
v 12.28767014 32.00000000 31.00000000
v 13.00000000 31.77944183 32.00000000
v 12.25109005 32.00000000 32.00000000
v 13.00000000 31.78822517 33.00000000
v 12.25350571 32.00000000 33.00000000
v 13.00000000 31.81346893 34.00000000
v 12.32347298 32.00000000 34.00000000
v 13.00000000 31.82518196 35.00000000
v 12.37101841 32.00000000 35.00000000
v 13.00000000 31.85538483 36.00000000
v 12.47106171 32.00000000 36.00000000
v 13.00000000 31.94063950 37.00000000
v 12.74395466 32.00000000 37.00000000
v 13.00000000 32.00000000 37.23204041
v 13.00000000 32.00000000 46.70275879
v 12.31935310 33.00000000 18.00000000
v 12.57493496 33.00000000 19.00000000
v 12.64044285 33.00000000 20.00000000
v 12.60243702 33.00000000 21.00000000
v 12.53750420 33.00000000 22.00000000
v 12.44618320 33.00000000 23.00000000
v 12.33173084 33.00000000 24.00000000
v 12.22390652 33.00000000 25.00000000
v 12.15191174 33.00000000 26.00000000
v 12.09364796 33.00000000 27.00000000
v 12.05205536 33.00000000 28.00000000
v 12.01441669 33.00000000 29.00000000
v 12.00297546 33.00000000 30.00000000
v 12.00023365 33.00000000 35.00000000
v 12.04013824 33.00000000 36.00000000
v 12.32421398 33.00000000 37.00000000
v 13.00000000 33.00000000 37.56610107
v 13.00000000 33.00000000 46.76144409
v 12.09319496 34.00000000 17.00000000
v 12.43121338 34.00000000 18.00000000
v 12.55223083 34.00000000 19.00000000
v 12.55811596 34.00000000 20.00000000
v 12.53777218 34.00000000 21.00000000
v 12.50199604 34.00000000 22.00000000
v 12.45283890 34.00000000 23.00000000
v 12.38686466 34.00000000 24.00000000
v 12.28927422 34.00000000 25.00000000
v 12.19437981 34.00000000 26.00000000
v 12.11701298 34.00000000 27.00000000
v 12.06600857 34.00000000 28.00000000
v 12.02332973 34.00000000 29.00000000
v 12.00030422 34.00000000 35.00000000
v 12.10099220 34.00000000 36.00000000
v 12.55979347 34.00000000 37.00000000
v 13.00000000 34.00000000 37.26093674
v 13.00000000 34.00000000 46.81119919
v 12.03664684 35.00000000 17.00000000
v 12.35920906 35.00000000 18.00000000
v 12.47496891 35.00000000 19.00000000
v 12.48417664 35.00000000 20.00000000
v 12.49431515 35.00000000 21.00000000
v 12.49933338 35.00000000 22.00000000
v 12.48158264 35.00000000 23.00000000
v 12.44138908 35.00000000 24.00000000
v 12.38042736 35.00000000 25.00000000
v 12.29802704 35.00000000 26.00000000
v 12.20393848 35.00000000 27.00000000
v 12.12380695 35.00000000 28.00000000
v 12.04273415 35.00000000 29.00000000
v 12.71711159 35.00000000 37.00000000
v 13.00000000 35.00000000 37.11454391
v 13.00000000 35.00000000 46.87209320
v 12.18187428 36.00000000 18.00000000
v 12.32204247 36.00000000 19.00000000
v 12.36129475 36.00000000 20.00000000
v 12.38253021 36.00000000 21.00000000
v 12.40425777 36.00000000 22.00000000
v 12.40869808 36.00000000 23.00000000
v 12.41104698 36.00000000 24.00000000
v 12.39050865 36.00000000 25.00000000
v 12.33900547 36.00000000 26.00000000
v 12.26837826 36.00000000 27.00000000
v 12.16627407 36.00000000 28.00000000
v 12.06201458 36.00000000 29.00000000
v 12.79849148 36.00000000 37.00000000
v 13.00000000 36.00000000 37.07182312
v 13.00000000 36.00000000 46.95347214
v 12.04759884 37.00000000 19.00000000
v 12.09724331 37.00000000 20.00000000
v 12.14807510 37.00000000 21.00000000
v 12.19157696 37.00000000 22.00000000
v 12.23393822 37.00000000 23.00000000
v 12.25868034 37.00000000 24.00000000
v 12.26572323 37.00000000 25.00000000
v 12.24073410 37.00000000 26.00000000
v 12.19312668 37.00000000 27.00000000
v 12.10658455 37.00000000 28.00000000
v 12.72485447 37.00000000 37.00000000
v 13.00000000 37.00000000 37.10789490
v 13.00000000 37.00000000 46.99362564
v 12.23182583 38.00000000 37.00000000
v 13.00000000 38.00000000 37.30818176
v 13.00000000 38.00000000 46.98130035
v 13.00000000 39.00000000 37.53858185
v 13.00000000 39.00000000 46.95513916
v 13.00000000 40.00000000 37.88651276
v 13.00000000 40.00000000 46.88240814
v 13.00000000 40.25611877 38.00000000
v 13.00000000 41.00000000 38.26819611
v 13.00000000 41.00000000 46.69312286
v 13.00000000 42.00000000 38.69741821
v 13.00000000 42.00000000 46.35414886
v 13.00000000 42.44360733 39.00000000
v 13.00000000 43.00000000 39.56424332
v 13.00000000 43.00000000 44.87440109
v 13.00000000 42.93978500 45.00000000
v 13.00000000 42.35336685 46.00000000
v 13.00000000 43.25772095 40.00000000
v 13.00000000 43.49218369 41.00000000
v 13.00000000 43.51349258 42.00000000
v 13.00000000 43.42366409 43.00000000
v 13.00000000 43.25830078 44.00000000
v 14.00000000 20.38591194 18.00000000
v 14.00000000 21.00000000 17.36505318
v 14.00000000 20.10294914 19.00000000
v 14.00000000 20.05137062 20.00000000
v 14.00000000 20.02710724 21.00000000
v 14.00000000 20.01078606 22.00000000
v 14.00000000 20.00843811 23.00000000
v 14.00000000 20.01927757 24.00000000
v 14.00000000 20.03385544 25.00000000
v 14.00000000 20.04269981 26.00000000
v 14.00000000 20.05555344 27.00000000
v 14.00000000 20.07896042 28.00000000
v 14.00000000 20.10268974 29.00000000
v 14.00000000 20.11770821 30.00000000
v 14.00000000 20.13147163 31.00000000
v 14.00000000 20.14291573 32.00000000
v 14.00000000 20.14764214 33.00000000
v 14.00000000 20.15294838 34.00000000
v 14.00000000 20.16105652 35.00000000
v 14.00000000 20.16390800 36.00000000
v 14.00000000 20.15897179 37.00000000
v 14.00000000 20.15352631 38.00000000
v 14.00000000 20.15171432 39.00000000
v 14.00000000 20.15437698 40.00000000
v 14.00000000 20.15476418 41.00000000
v 14.00000000 20.15176964 42.00000000
v 14.00000000 20.14450645 43.00000000
v 14.00000000 20.13022041 44.00000000
v 14.00000000 20.15637970 45.00000000
v 14.00000000 20.48357582 46.00000000
v 14.00000000 21.00000000 46.41654968
v 14.00000000 22.00000000 17.14654160
v 14.00000000 22.00000000 46.54541016
v 14.00000000 23.00000000 17.12353897
v 14.00000000 23.00000000 46.54948425
v 14.00000000 24.00000000 17.06810951
v 14.00000000 24.00000000 46.53521347
v 14.00000000 25.00000000 17.02290916
v 14.00000000 25.00000000 46.53115845
v 14.00000000 25.29327965 17.00000000
v 14.00000000 26.00000000 16.94634247
v 14.00000000 26.00000000 46.52745819
v 14.00000000 27.00000000 16.83887863
v 14.00000000 27.00000000 46.51902008
v 14.00000000 28.00000000 16.70766640
v 14.00000000 28.00000000 46.52209854
v 14.00000000 29.00000000 16.53988647
v 14.00000000 29.00000000 46.54623413
v 14.00000000 30.00000000 16.36842728
v 14.00000000 30.00000000 46.58196640
v 14.00000000 31.00000000 16.45985222
v 14.00000000 31.00000000 46.62258148
v 14.00000000 31.53205872 17.00000000
v 14.00000000 31.80451584 18.00000000
v 14.00000000 31.88650703 19.00000000
v 14.00000000 31.89203072 20.00000000
v 14.00000000 31.85612869 21.00000000
v 14.00000000 31.83959579 22.00000000
v 14.00000000 31.82591438 23.00000000
v 14.00000000 31.81167221 24.00000000
v 14.00000000 31.80435371 25.00000000
v 14.00000000 31.79323006 26.00000000
v 14.00000000 31.77504539 27.00000000
v 14.00000000 31.75473022 28.00000000
v 14.00000000 31.73503685 29.00000000
v 14.00000000 31.71014595 30.00000000
v 14.00000000 31.67725182 31.00000000
v 14.00000000 31.64574051 32.00000000
v 14.00000000 31.62225723 33.00000000
v 14.00000000 31.61768913 34.00000000
v 14.00000000 31.62012482 35.00000000
v 14.00000000 31.66049576 36.00000000
v 14.00000000 31.81259346 37.00000000
v 14.00000000 32.00000000 37.60675430
v 14.00000000 32.00000000 46.69849777
v 14.00000000 33.00000000 37.77328110
v 14.00000000 33.00000000 46.76561356
v 14.00000000 34.00000000 37.45714569
v 14.00000000 34.00000000 46.81839752
v 14.00000000 35.00000000 37.23852539
v 14.00000000 35.00000000 46.87861252
v 14.00000000 36.00000000 37.18432617
v 14.00000000 36.00000000 46.96221542
v 14.00000000 37.00000000 37.25622177
v 14.00000000 36.85685730 47.00000000
v 13.48346806 37.00000000 47.00000000
v 14.00000000 37.00000000 47.00439835
v 14.00000000 38.00000000 37.44127274
v 14.00000000 38.00000000 46.98925018
v 14.00000000 37.38801193 47.00000000
v 14.00000000 39.00000000 37.69958496
v 14.00000000 39.00000000 46.96322250
v 14.00000000 40.00000000 37.99574280
v 14.00000000 40.00000000 46.89827347
v 14.00000000 40.01124191 38.00000000
v 14.00000000 41.00000000 38.34207153
v 14.00000000 41.00000000 46.71234894
v 14.00000000 42.00000000 38.75994492
v 14.00000000 42.00000000 46.41335678
v 14.00000000 42.38178635 39.00000000
v 14.00000000 43.00000000 39.53135300
v 13.61913586 43.00000000 45.00000000
v 14.00000000 43.00000000 45.06544876
v 14.00000000 42.42629242 46.00000000
v 14.00000000 43.30222702 40.00000000
v 14.00000000 43.57347107 41.00000000
v 14.00000000 43.59133530 42.00000000
v 14.00000000 43.49658585 43.00000000
v 14.00000000 43.32402802 44.00000000
v 14.00000000 43.02539825 45.00000000
v 15.00000000 20.38247108 18.00000000
v 15.00000000 21.00000000 17.36570549
v 15.00000000 20.09972000 19.00000000
v 15.00000000 20.04899979 20.00000000
v 15.00000000 20.02164650 21.00000000
v 15.00000000 20.00520325 22.00000000
v 15.00000000 20.00341797 23.00000000
v 15.00000000 20.01364326 24.00000000
v 15.00000000 20.02793694 25.00000000
v 15.00000000 20.03960609 26.00000000
v 15.00000000 20.05310440 27.00000000
v 15.00000000 20.07663155 28.00000000
v 15.00000000 20.09863853 29.00000000
v 15.00000000 20.11673164 30.00000000
v 15.00000000 20.13054085 31.00000000
v 15.00000000 20.14377403 32.00000000
v 15.00000000 20.14780235 33.00000000
v 15.00000000 20.15345955 34.00000000
v 15.00000000 20.15994263 35.00000000
v 15.00000000 20.16403008 36.00000000
v 15.00000000 20.15799522 37.00000000
v 15.00000000 20.15298080 38.00000000
v 15.00000000 20.15258217 39.00000000
v 15.00000000 20.15874100 40.00000000
v 15.00000000 20.15947723 41.00000000
v 15.00000000 20.15493774 42.00000000
v 15.00000000 20.15095901 43.00000000
v 15.00000000 20.13525963 44.00000000
v 15.00000000 20.16252136 45.00000000
v 15.00000000 20.49941063 46.00000000
v 15.00000000 21.00000000 46.39843369
v 15.00000000 22.00000000 17.14537621
v 15.00000000 22.00000000 46.52777481
v 15.00000000 23.00000000 17.11699677
v 15.00000000 23.00000000 46.53484726
v 15.00000000 24.00000000 17.06183815
v 15.00000000 24.00000000 46.52229309
v 15.00000000 25.00000000 17.01440239
v 15.00000000 25.00000000 46.52809906
v 15.00000000 25.17136383 17.00000000
v 15.00000000 26.00000000 16.93085098
v 15.00000000 26.00000000 46.52492905
v 15.00000000 27.00000000 16.81215668
v 15.00000000 27.00000000 46.51915359
v 15.00000000 28.00000000 16.67675209
v 15.00000000 28.00000000 46.52022552
v 15.00000000 29.00000000 16.49496078
v 15.00000000 29.00000000 46.54875565
v 15.00000000 30.00000000 16.31051445
v 15.00000000 30.00000000 46.58114624
v 15.00000000 31.00000000 16.39639091
v 15.00000000 31.00000000 46.61934280
v 15.00000000 31.56784058 17.00000000
v 15.00000000 31.82805824 18.00000000
v 15.00000000 31.90082169 19.00000000
v 15.00000000 31.90476036 20.00000000
v 15.00000000 31.87282181 21.00000000
v 15.00000000 31.84825516 22.00000000
v 15.00000000 31.82633781 23.00000000
v 15.00000000 31.79944420 24.00000000
v 15.00000000 31.77754784 25.00000000
v 15.00000000 31.75127220 26.00000000
v 15.00000000 31.73072243 27.00000000
v 15.00000000 31.71467590 28.00000000
v 15.00000000 31.68855286 29.00000000
v 15.00000000 31.65470123 30.00000000
v 15.00000000 31.61173630 31.00000000
v 15.00000000 31.55893898 32.00000000
v 15.00000000 31.54954720 33.00000000
v 15.00000000 31.57062149 34.00000000
v 15.00000000 31.58675575 35.00000000
v 15.00000000 31.61734962 36.00000000
v 15.00000000 31.76920128 37.00000000
v 15.00000000 32.00000000 37.67337799
v 15.00000000 32.00000000 46.69396591
v 15.00000000 33.00000000 37.80339432
v 15.00000000 33.00000000 46.76389313
v 15.00000000 34.00000000 37.51684189
v 15.00000000 34.00000000 46.82015991
v 15.00000000 35.00000000 37.31124496
v 15.00000000 35.00000000 46.88032150
v 15.00000000 36.00000000 37.23005676
v 15.00000000 36.00000000 46.95857239
v 15.00000000 37.00000000 37.28920364
v 15.00000000 36.87290573 47.00000000
v 15.00000000 37.00000000 47.00425339
v 15.00000000 38.00000000 37.44790268
v 15.00000000 38.00000000 46.99131393
v 15.00000000 37.42759705 47.00000000
v 15.00000000 39.00000000 37.70546341
v 15.00000000 39.00000000 46.96730804
v 15.00000000 40.00000000 37.97875214
v 15.00000000 40.00000000 46.90821838
v 15.00000000 40.06226730 38.00000000
v 15.00000000 41.00000000 38.30890656
v 15.00000000 41.00000000 46.72565842
v 15.00000000 42.00000000 38.72994614
v 15.00000000 42.00000000 46.44368362
v 15.00000000 42.44627380 39.00000000
v 15.00000000 43.00000000 39.46498108
v 15.00000000 43.00000000 45.16472244
v 15.00000000 42.46600723 46.00000000
v 15.00000000 43.35030746 40.00000000
v 15.00000000 43.63243103 41.00000000
v 15.00000000 43.63818741 42.00000000
v 15.00000000 43.53783798 43.00000000
v 15.00000000 43.36615372 44.00000000
v 15.00000000 43.06707382 45.00000000
v 16.00000000 20.37659073 18.00000000
v 16.00000000 21.00000000 17.36205292
v 16.00000000 20.09577179 19.00000000
v 16.00000000 20.04137039 20.00000000
v 16.00000000 20.01595306 21.00000000
v 16.00000000 20.00136375 22.00000000
v 16.00000000 20.00043106 23.00000000
v 16.00000000 20.01118660 24.00000000
v 16.00000000 20.02215576 25.00000000
v 16.00000000 20.03732300 26.00000000
v 16.00000000 20.05262375 27.00000000
v 16.00000000 20.07600784 28.00000000
v 16.00000000 20.09770584 29.00000000
v 16.00000000 20.11691475 30.00000000
v 16.00000000 20.13025475 31.00000000
v 16.00000000 20.14379501 32.00000000
v 16.00000000 20.15106583 33.00000000
v 16.00000000 20.15569496 34.00000000
v 16.00000000 20.15954971 35.00000000
v 16.00000000 20.16263008 36.00000000
v 16.00000000 20.15706253 37.00000000
v 16.00000000 20.15295219 38.00000000
v 16.00000000 20.15403938 39.00000000
v 16.00000000 20.16171455 40.00000000
v 16.00000000 20.16385460 41.00000000
v 16.00000000 20.15932465 42.00000000
v 16.00000000 20.15777016 43.00000000
v 16.00000000 20.14138794 44.00000000
v 16.00000000 20.16856384 45.00000000
v 16.00000000 20.51281357 46.00000000
v 16.00000000 21.00000000 46.38296509
v 16.00000000 22.00000000 17.14233017
v 16.00000000 22.00000000 46.50958633
v 16.00000000 23.00000000 17.10767937
v 16.00000000 23.00000000 46.52207947
v 16.00000000 24.00000000 17.05117226
v 16.00000000 24.00000000 46.51479340
v 16.00000000 25.00000000 17.00238037
v 16.00000000 25.00000000 46.52356720
v 16.00000000 25.02708054 17.00000000
v 16.00000000 26.00000000 16.91285133
v 16.00000000 26.00000000 46.51897049
v 16.00000000 27.00000000 16.78673553
v 16.00000000 27.00000000 46.51591492
v 16.00000000 28.00000000 16.64518929
v 16.00000000 28.00000000 46.52005005
v 16.00000000 29.00000000 16.44335365
v 16.00000000 29.00000000 46.54843521
v 16.00000000 30.00000000 16.26188087
v 16.00000000 30.00000000 46.57991791
v 16.00000000 31.00000000 16.35339928
v 16.00000000 31.00000000 46.61648560
v 16.00000000 31.57775688 17.00000000
v 16.00000000 31.83553886 18.00000000
v 16.00000000 31.91006851 19.00000000
v 16.00000000 31.90903091 20.00000000
v 16.00000000 31.86981201 21.00000000
v 16.00000000 31.84167099 22.00000000
v 16.00000000 31.80681419 23.00000000
v 16.00000000 31.76683426 24.00000000
v 16.00000000 31.74146080 25.00000000
v 16.00000000 31.70591164 26.00000000
v 16.00000000 31.67849731 27.00000000
v 16.00000000 31.66154099 28.00000000
v 16.00000000 31.63675690 29.00000000
v 16.00000000 31.60631752 30.00000000
v 16.00000000 31.55965042 31.00000000
v 16.00000000 31.50749969 32.00000000
v 16.00000000 31.50653458 33.00000000
v 16.00000000 31.53141403 34.00000000
v 16.00000000 31.55728340 35.00000000
v 16.00000000 31.60492134 36.00000000
v 16.00000000 31.74999046 37.00000000
v 16.00000000 32.00000000 37.68080902
v 16.00000000 32.00000000 46.68976212
v 16.00000000 33.00000000 37.81999207
v 16.00000000 33.00000000 46.75971603
v 16.00000000 34.00000000 37.58685303
v 16.00000000 34.00000000 46.82011414
v 16.00000000 35.00000000 37.40578461
v 16.00000000 35.00000000 46.88830948
v 16.00000000 36.00000000 37.30725861
v 16.00000000 36.00000000 46.95803070
v 16.00000000 37.00000000 37.34895706
v 16.00000000 36.82676697 47.00000000
v 16.00000000 37.00000000 47.00627518
v 16.00000000 38.00000000 37.50877380
v 16.00000000 38.00000000 46.99529648
v 16.00000000 37.66809845 47.00000000
v 16.00000000 39.00000000 37.72294235
v 16.00000000 39.00000000 46.96773148
v 16.00000000 40.00000000 37.96290970
v 16.00000000 40.00000000 46.91242599
v 16.00000000 40.11955261 38.00000000
v 16.00000000 41.00000000 38.28076553
v 16.00000000 41.00000000 46.73238373
v 16.00000000 42.00000000 38.68365097
v 16.00000000 42.00000000 46.46022415
v 16.00000000 42.53525543 39.00000000
v 16.00000000 43.00000000 39.39272690
v 16.00000000 43.00000000 45.23206711
v 16.00000000 42.48960876 46.00000000
v 16.00000000 43.39484024 40.00000000
v 16.00000000 43.67626190 41.00000000
v 16.00000000 43.67192459 42.00000000
v 16.00000000 43.56642151 43.00000000
v 16.00000000 43.39366913 44.00000000
v 16.00000000 43.09841919 45.00000000
v 17.00000000 20.37204552 18.00000000
v 17.00000000 21.00000000 17.35542870
v 17.00000000 20.09488297 19.00000000
v 17.00000000 20.03504562 20.00000000
v 17.00000000 20.01300049 21.00000000
v 17.00000000 20.00143623 22.00000000
v 17.00000000 20.00125694 23.00000000
v 17.00000000 20.00936699 24.00000000
v 17.00000000 20.01934052 25.00000000
v 17.00000000 20.03531647 26.00000000
v 17.00000000 20.05271149 27.00000000
v 17.00000000 20.07493591 28.00000000
v 17.00000000 20.09672928 29.00000000
v 17.00000000 20.11452866 30.00000000
v 17.00000000 20.12819672 31.00000000
v 17.00000000 20.14108086 32.00000000
v 17.00000000 20.15089798 33.00000000
v 17.00000000 20.15729141 34.00000000
v 17.00000000 20.15873718 35.00000000
v 17.00000000 20.15809822 36.00000000
v 17.00000000 20.15415001 37.00000000
v 17.00000000 20.15074539 38.00000000
v 17.00000000 20.15293503 39.00000000
v 17.00000000 20.16113663 40.00000000
v 17.00000000 20.16551399 41.00000000
v 17.00000000 20.16146851 42.00000000
v 17.00000000 20.15966415 43.00000000
v 17.00000000 20.14419556 44.00000000
v 17.00000000 20.17057610 45.00000000
v 17.00000000 20.51946640 46.00000000
v 17.00000000 21.00000000 46.37695694
v 17.00000000 22.00000000 17.13160324
v 17.00000000 22.00000000 46.50367737
v 17.00000000 23.00000000 17.09329224
v 17.00000000 23.00000000 46.51457214
v 17.00000000 24.00000000 17.03843689
v 17.00000000 24.00000000 46.50995255
v 16.18485641 25.00000000 17.00000000
v 17.00000000 24.79109001 17.00000000
v 17.00000000 25.00000000 16.99020004
v 17.00000000 25.00000000 46.52097321
v 17.00000000 26.00000000 16.89086533
v 17.00000000 26.00000000 46.51209259
v 17.00000000 27.00000000 16.76218796
v 17.00000000 27.00000000 46.51070404
v 17.00000000 28.00000000 16.60963440
v 17.00000000 28.00000000 46.52000427
v 17.00000000 29.00000000 16.39636421
v 17.00000000 29.00000000 46.54713058
v 17.00000000 30.00000000 16.21439171
v 17.00000000 30.00000000 46.57715988
v 17.00000000 31.00000000 16.31965637
v 17.00000000 31.00000000 46.61157990
v 17.00000000 31.58641243 17.00000000
v 17.00000000 31.83263779 18.00000000
v 17.00000000 31.90700722 19.00000000
v 17.00000000 31.89899063 20.00000000
v 17.00000000 31.85364532 21.00000000
v 17.00000000 31.80633926 22.00000000
v 17.00000000 31.76972389 23.00000000
v 17.00000000 31.73345947 24.00000000
v 17.00000000 31.69621468 25.00000000
v 17.00000000 31.66544914 26.00000000
v 17.00000000 31.64560509 27.00000000
v 17.00000000 31.63160896 28.00000000
v 17.00000000 31.61228752 29.00000000
v 17.00000000 31.58413124 30.00000000
v 17.00000000 31.53004837 31.00000000
v 17.00000000 31.48456192 32.00000000
v 17.00000000 31.48366547 33.00000000
v 17.00000000 31.50150681 34.00000000
v 17.00000000 31.52728081 35.00000000
v 17.00000000 31.57732010 36.00000000
v 17.00000000 31.73161125 37.00000000
v 17.00000000 32.00000000 37.67804337
v 17.00000000 32.00000000 46.68498993
v 17.00000000 33.00000000 37.84457016
v 17.00000000 33.00000000 46.75709152
v 17.00000000 34.00000000 37.62957764
v 17.00000000 34.00000000 46.82278824
v 17.00000000 35.00000000 37.46459961
v 17.00000000 35.00000000 46.89838791
v 17.00000000 36.00000000 37.38137054
v 17.00000000 36.00000000 46.96622849
v 17.00000000 37.00000000 37.43310547
v 17.00000000 36.74785614 47.00000000
v 17.00000000 37.00000000 47.00818634
v 17.00000000 38.00000000 37.57188034
v 16.71505737 38.00000000 47.00000000
v 17.00000000 38.00000000 47.00126648
v 17.00000000 39.00000000 37.75094223
v 17.00000000 39.00000000 46.96856308
v 17.00000000 38.05505753 47.00000000
v 17.00000000 40.00000000 37.96055603
v 17.00000000 40.00000000 46.91126251
v 17.00000000 40.14471817 38.00000000
v 17.00000000 41.00000000 38.25293732
v 17.00000000 41.00000000 46.73432159
v 17.00000000 42.00000000 38.64467621
v 17.00000000 42.00000000 46.47352982
v 17.00000000 42.62318039 39.00000000
v 17.00000000 43.00000000 39.31905365
v 17.00000000 43.00000000 45.29164124
v 17.00000000 42.51227570 46.00000000
v 17.00000000 43.43767548 40.00000000
v 17.00000000 43.71727371 41.00000000
v 17.00000000 43.70727921 42.00000000
v 17.00000000 43.59381866 43.00000000
v 17.00000000 43.41878891 44.00000000
v 17.00000000 43.12731934 45.00000000
v 18.00000000 20.37014771 18.00000000
v 18.00000000 21.00000000 17.34634209
v 18.00000000 20.09712029 19.00000000
v 18.00000000 20.03270531 20.00000000
v 18.00000000 20.01176643 21.00000000
v 18.00000000 20.00142860 22.00000000
v 18.00000000 20.00101662 23.00000000
v 18.00000000 20.00497055 24.00000000
v 18.00000000 20.01316071 25.00000000
v 18.00000000 20.02748680 26.00000000
v 18.00000000 20.04755020 27.00000000
v 18.00000000 20.07159805 28.00000000
v 18.00000000 20.09233665 29.00000000
v 18.00000000 20.11020279 30.00000000
v 18.00000000 20.12381172 31.00000000
v 18.00000000 20.13706207 32.00000000
v 18.00000000 20.14669991 33.00000000
v 18.00000000 20.15447998 34.00000000
v 18.00000000 20.15637398 35.00000000
v 18.00000000 20.15242386 36.00000000
v 18.00000000 20.15045738 37.00000000
v 18.00000000 20.14844322 38.00000000
v 18.00000000 20.15205002 39.00000000
v 18.00000000 20.16180801 40.00000000
v 18.00000000 20.16642761 41.00000000
v 18.00000000 20.16436958 42.00000000
v 18.00000000 20.16209412 43.00000000
v 18.00000000 20.14723206 44.00000000
v 18.00000000 20.17359161 45.00000000
v 18.00000000 20.52528000 46.00000000
v 18.00000000 21.00000000 46.37469482
v 18.00000000 22.00000000 17.11893654
v 18.00000000 22.00000000 46.49964142
v 18.00000000 23.00000000 17.07759666
v 18.00000000 23.00000000 46.51151276
v 18.00000000 24.00000000 17.02318192
v 18.00000000 24.00000000 46.50868988
v 18.00000000 24.47837448 17.00000000
v 18.00000000 25.00000000 16.97508049
v 18.00000000 25.00000000 46.52357483
v 18.00000000 26.00000000 16.86889839
v 18.00000000 26.00000000 46.51425934
v 18.00000000 27.00000000 16.73685837
v 18.00000000 27.00000000 46.51354980
v 18.00000000 28.00000000 16.57296181
v 18.00000000 28.00000000 46.52681351
v 18.00000000 29.00000000 16.35511971
v 18.00000000 29.00000000 46.55113220
v 18.00000000 30.00000000 16.16977310
v 18.00000000 30.00000000 46.58255005
v 18.00000000 31.00000000 16.29399300
v 18.00000000 31.00000000 46.61381531
v 18.00000000 31.57943535 17.00000000
v 18.00000000 31.81797981 18.00000000
v 18.00000000 31.88317680 19.00000000
v 18.00000000 31.86577988 20.00000000
v 18.00000000 31.81979370 21.00000000
v 18.00000000 31.78117180 22.00000000
v 18.00000000 31.74497414 23.00000000
v 18.00000000 31.70364189 24.00000000
v 18.00000000 31.67314148 25.00000000
v 18.00000000 31.65122032 26.00000000
v 18.00000000 31.63076973 27.00000000
v 18.00000000 31.61804199 28.00000000
v 18.00000000 31.59660530 29.00000000
v 18.00000000 31.55381012 30.00000000
v 18.00000000 31.50255394 31.00000000
v 18.00000000 31.46390343 32.00000000
v 18.00000000 31.46277618 33.00000000
v 18.00000000 31.47691917 34.00000000
v 18.00000000 31.49811363 35.00000000
v 18.00000000 31.54538155 36.00000000
v 18.00000000 31.72069931 37.00000000
v 18.00000000 32.00000000 37.67049789
v 18.00000000 32.00000000 46.68538284
v 18.00000000 33.00000000 37.87577820
v 18.00000000 33.00000000 46.75812149
v 18.00000000 34.00000000 37.69917297
v 18.00000000 34.00000000 46.82232666
v 18.00000000 35.00000000 37.52641296
v 18.00000000 35.00000000 46.90365601
v 18.00000000 36.00000000 37.43570709
v 18.00000000 36.00000000 46.96768570
v 18.00000000 37.00000000 37.46489716
v 18.00000000 36.70578384 47.00000000
v 18.00000000 37.00000000 47.00973129
v 18.00000000 38.00000000 37.58832169
v 18.00000000 38.00000000 47.00722885
v 18.00000000 39.00000000 37.76086426
v 18.00000000 39.00000000 46.97134018
v 18.00000000 38.26625061 47.00000000
v 18.00000000 40.00000000 37.96374512
v 18.00000000 40.00000000 46.90793610
v 18.00000000 40.14532852 38.00000000
v 18.00000000 41.00000000 38.23838043
v 18.00000000 41.00000000 46.73751450
v 18.00000000 42.00000000 38.61483383
v 18.00000000 42.00000000 46.48138428
v 18.00000000 42.69847488 39.00000000
v 18.00000000 43.00000000 39.25633621
v 18.00000000 43.00000000 45.33835220
v 18.00000000 42.53094864 46.00000000
v 18.00000000 43.47987747 40.00000000
v 18.00000000 43.75394058 41.00000000
v 18.00000000 43.74137497 42.00000000
v 18.00000000 43.62351990 43.00000000
v 18.00000000 43.44090271 44.00000000
v 18.00000000 43.15153122 45.00000000
v 18.78474998 20.00000000 22.00000000
v 19.00000000 19.99954414 22.00000000
v 19.00000000 20.00000000 21.95637321
v 18.17263603 20.00000000 23.00000000
v 19.00000000 19.99422455 23.00000000
v 18.69438553 20.00000000 24.00000000
v 19.00000000 19.99740601 24.00000000
v 19.00000000 20.00000000 24.26936150
v 19.00000000 20.36553955 18.00000000
v 19.00000000 21.00000000 17.33671570
v 19.00000000 20.09428978 19.00000000
v 19.00000000 20.03057861 20.00000000
v 19.00000000 20.00895691 21.00000000
v 19.00000000 20.00583839 25.00000000
v 19.00000000 20.01840019 26.00000000
v 19.00000000 20.04153061 27.00000000
v 19.00000000 20.06734276 28.00000000
v 19.00000000 20.08700180 29.00000000
v 19.00000000 20.10401726 30.00000000
v 19.00000000 20.11819649 31.00000000
v 19.00000000 20.13211441 32.00000000
v 19.00000000 20.14253616 33.00000000
v 19.00000000 20.15037727 34.00000000
v 19.00000000 20.15160942 35.00000000
v 19.00000000 20.14713287 36.00000000
v 19.00000000 20.14612007 37.00000000
v 19.00000000 20.14679718 38.00000000
v 19.00000000 20.15181160 39.00000000
v 19.00000000 20.16248512 40.00000000
v 19.00000000 20.16791344 41.00000000
v 19.00000000 20.16554642 42.00000000
v 19.00000000 20.16563988 43.00000000
v 19.00000000 20.15243912 44.00000000
v 19.00000000 20.18065643 45.00000000
v 19.00000000 20.53177071 46.00000000
v 19.00000000 21.00000000 46.37203979
v 19.00000000 22.00000000 17.10695648
v 19.00000000 22.00000000 46.49681854
v 19.00000000 23.00000000 17.05989075
v 19.00000000 23.00000000 46.51106262
v 19.00000000 24.00000000 17.00758362
v 19.00000000 24.00000000 46.51448441
v 19.00000000 24.14794350 17.00000000
v 19.00000000 25.00000000 16.95583344
v 19.00000000 25.00000000 46.53448868
v 19.00000000 26.00000000 16.84539986
v 19.00000000 26.00000000 46.52405167
v 19.00000000 27.00000000 16.71297646
v 19.00000000 27.00000000 46.52297211
v 19.00000000 28.00000000 16.53973007
v 19.00000000 28.00000000 46.53775024
v 19.00000000 29.00000000 16.31492615
v 19.00000000 29.00000000 46.56110764
v 19.00000000 30.00000000 16.13154602
v 19.00000000 30.00000000 46.59070206
v 19.00000000 31.00000000 16.26649475
v 19.00000000 31.00000000 46.62315369
v 19.00000000 31.57876396 17.00000000
v 19.00000000 31.80261230 18.00000000
v 19.00000000 31.86100197 19.00000000
v 19.00000000 31.84125900 20.00000000
v 19.00000000 31.80282974 21.00000000
v 19.00000000 31.76624489 22.00000000
v 19.00000000 31.72720528 23.00000000
v 19.00000000 31.69054222 24.00000000
v 19.00000000 31.66220093 25.00000000
v 19.00000000 31.64155960 26.00000000
v 19.00000000 31.61996078 27.00000000
v 19.00000000 31.60369110 28.00000000
v 19.00000000 31.57220268 29.00000000
v 19.00000000 31.52378464 30.00000000
v 19.00000000 31.47626495 31.00000000
v 19.00000000 31.44505501 32.00000000
v 19.00000000 31.44348335 33.00000000
v 19.00000000 31.45450020 34.00000000
v 19.00000000 31.47169495 35.00000000
v 19.00000000 31.51675224 36.00000000
v 19.00000000 31.71804047 37.00000000
v 19.00000000 32.00000000 37.64041519
v 19.00000000 32.00000000 46.69129562
v 19.00000000 33.00000000 37.89988327
v 19.00000000 33.00000000 46.76429367
v 19.00000000 34.00000000 37.74387360
v 19.00000000 34.00000000 46.82621765
v 19.00000000 35.00000000 37.57844162
v 19.00000000 35.00000000 46.90771103
v 19.00000000 36.00000000 37.48014450
v 19.00000000 36.00000000 46.97130966
v 19.00000000 37.00000000 37.48816681
v 19.00000000 36.66746521 47.00000000
v 19.00000000 37.00000000 47.01037598
v 19.00000000 38.00000000 37.60026169
v 19.00000000 38.00000000 47.01125717
v 19.00000000 39.00000000 37.75962448
v 19.00000000 39.00000000 46.96896362
v 19.00000000 38.34180450 47.00000000
v 19.00000000 40.00000000 37.95679474
v 19.00000000 40.00000000 46.90242767
v 19.00000000 40.17990875 38.00000000
v 19.00000000 41.00000000 38.22408295
v 19.00000000 41.00000000 46.73407364
v 19.00000000 42.00000000 38.60167313
v 19.00000000 42.00000000 46.48685837
v 19.00000000 42.74831009 39.00000000
v 19.00000000 43.00000000 39.21016693
v 19.00000000 43.00000000 45.37673187
v 19.00000000 42.54593658 46.00000000
v 19.00000000 43.51467133 40.00000000
v 19.00000000 43.78829575 41.00000000
v 19.00000000 43.77330399 42.00000000
v 19.00000000 43.64987183 43.00000000
v 19.00000000 43.45840454 44.00000000
v 19.00000000 43.17251968 45.00000000
v 20.00000000 19.99704170 22.00000000
v 20.00000000 20.00000000 21.50040245
v 20.00000000 19.98962021 23.00000000
v 20.00000000 19.99060631 24.00000000
v 19.85452080 20.00000000 25.00000000
v 20.00000000 19.99883270 25.00000000
v 20.00000000 20.00000000 25.08308029
v 20.00000000 20.35859299 18.00000000
v 20.00000000 21.00000000 17.32422256
v 20.00000000 20.08881187 19.00000000
v 20.00000000 20.02494621 20.00000000
v 20.00000000 20.00267220 21.00000000
v 20.00000000 20.01086044 26.00000000
v 20.00000000 20.03554344 27.00000000
v 20.00000000 20.06068420 28.00000000
v 20.00000000 20.08142090 29.00000000
v 20.00000000 20.09686852 30.00000000
v 20.00000000 20.11193085 31.00000000
v 20.00000000 20.12565613 32.00000000
v 20.00000000 20.13847733 33.00000000
v 20.00000000 20.14699364 34.00000000
v 20.00000000 20.14535332 35.00000000
v 20.00000000 20.14117432 36.00000000
v 20.00000000 20.14140511 37.00000000
v 20.00000000 20.14505005 38.00000000
v 20.00000000 20.15153503 39.00000000
v 20.00000000 20.16274834 40.00000000
v 20.00000000 20.17100143 41.00000000
v 20.00000000 20.16871834 42.00000000
v 20.00000000 20.16893768 43.00000000
v 20.00000000 20.15872192 44.00000000
v 20.00000000 20.18696404 45.00000000
v 20.00000000 20.53299713 46.00000000
v 20.00000000 21.00000000 46.37507248
v 20.00000000 22.00000000 17.09664917
v 20.00000000 22.00000000 46.49870682
v 20.00000000 23.00000000 17.04330826
v 20.00000000 23.00000000 46.51298523
v 19.41634750 24.00000000 17.00000000
v 20.00000000 23.80494308 17.00000000
v 20.00000000 24.00000000 16.98990059
v 20.00000000 24.00000000 46.52383041
v 20.00000000 25.00000000 16.93529129
v 20.00000000 25.00000000 46.54328918
v 20.00000000 26.00000000 16.82495308
v 20.00000000 26.00000000 46.53646469
v 20.00000000 27.00000000 16.68519592
v 20.00000000 27.00000000 46.53822708
v 20.00000000 28.00000000 16.50438309
v 20.00000000 28.00000000 46.55224609
v 20.00000000 29.00000000 16.27750397
v 20.00000000 29.00000000 46.57091904
v 20.00000000 30.00000000 16.10159683
v 20.00000000 30.00000000 46.59893036
v 20.00000000 31.00000000 16.24459267
v 20.00000000 31.00000000 46.63492966
v 20.00000000 31.57820129 17.00000000
v 20.00000000 31.78911591 18.00000000
v 20.00000000 31.84465218 19.00000000
v 20.00000000 31.82954407 20.00000000
v 20.00000000 31.79193306 21.00000000
v 20.00000000 31.75336838 22.00000000
v 20.00000000 31.71745491 23.00000000
v 20.00000000 31.68381882 24.00000000
v 20.00000000 31.65516281 25.00000000
v 20.00000000 31.63181496 26.00000000
v 20.00000000 31.60828972 27.00000000
v 20.00000000 31.58666420 28.00000000
v 20.00000000 31.54660988 29.00000000
v 20.00000000 31.49822998 30.00000000
v 20.00000000 31.45317459 31.00000000
v 20.00000000 31.42679024 32.00000000
v 20.00000000 31.43004417 33.00000000
v 20.00000000 31.44167328 34.00000000
v 20.00000000 31.45926857 35.00000000
v 20.00000000 31.49966812 36.00000000
v 20.00000000 31.72286797 37.00000000
v 20.00000000 32.00000000 37.61174774
v 20.00000000 32.00000000 46.69872284
v 20.00000000 33.00000000 37.92902374
v 20.00000000 33.00000000 46.77379227
v 20.00000000 34.00000000 37.80414200
v 20.00000000 34.00000000 46.83953857
v 20.00000000 35.00000000 37.62702942
v 20.00000000 35.00000000 46.92097092
v 20.00000000 36.00000000 37.51791382
v 20.00000000 36.00000000 46.98005676
v 20.00000000 37.00000000 37.51573944
v 20.00000000 36.53385925 47.00000000
v 20.00000000 37.00000000 47.01273727
v 20.00000000 38.00000000 37.61600876
v 20.00000000 38.00000000 47.01319885
v 20.00000000 39.00000000 37.76229095
v 20.00000000 39.00000000 46.96982193
v 20.00000000 38.38427734 47.00000000
v 20.00000000 40.00000000 37.95104980
v 20.00000000 40.00000000 46.89455032
v 20.00000000 40.21283340 38.00000000
v 20.00000000 41.00000000 38.21064758
v 20.00000000 41.00000000 46.72904205
v 20.00000000 42.00000000 38.59071350
v 20.00000000 42.00000000 46.48073959
v 20.00000000 42.78555298 39.00000000
v 20.00000000 43.00000000 39.17742157
v 20.00000000 43.00000000 45.38995361
v 20.00000000 42.54705048 46.00000000
v 20.00000000 43.54324722 40.00000000
v 20.00000000 43.81664658 41.00000000
v 20.00000000 43.79967499 42.00000000
v 20.00000000 43.66535568 43.00000000
v 20.00000000 43.47156143 44.00000000
v 20.00000000 43.18260574 45.00000000
v 20.47069550 20.00000000 21.00000000
v 21.00000000 19.99667168 21.00000000
v 21.00000000 20.00000000 20.85084724
v 21.00000000 19.99088287 22.00000000
v 21.00000000 19.98700142 23.00000000
v 21.00000000 19.98564339 24.00000000
v 21.00000000 19.99160767 25.00000000
v 21.00000000 20.00000000 25.62837791
v 21.00000000 20.35010338 18.00000000
v 21.00000000 21.00000000 17.31588173
v 21.00000000 20.08225822 19.00000000
v 21.00000000 20.01813126 20.00000000
v 21.00000000 20.00421715 26.00000000
v 21.00000000 20.02887535 27.00000000
v 21.00000000 20.05450439 28.00000000
v 21.00000000 20.07356071 29.00000000
v 21.00000000 20.08959770 30.00000000
v 21.00000000 20.10465050 31.00000000
v 21.00000000 20.11898994 32.00000000
v 21.00000000 20.13395500 33.00000000
v 21.00000000 20.14210892 34.00000000
v 21.00000000 20.13966370 35.00000000
v 21.00000000 20.13551331 36.00000000
v 21.00000000 20.13605499 37.00000000
v 21.00000000 20.14166260 38.00000000
v 21.00000000 20.15275002 39.00000000
v 21.00000000 20.16388893 40.00000000
v 21.00000000 20.17285728 41.00000000
v 21.00000000 20.17088318 42.00000000
v 21.00000000 20.16948128 43.00000000
v 21.00000000 20.16161346 44.00000000
v 21.00000000 20.19025421 45.00000000
v 21.00000000 20.53292656 46.00000000
v 21.00000000 21.00000000 46.37866592
v 21.00000000 22.00000000 17.09140778
v 21.00000000 22.00000000 46.50132751
v 21.00000000 23.00000000 17.03442764
v 21.00000000 23.00000000 46.51716232
v 21.00000000 23.60477448 17.00000000
v 21.00000000 24.00000000 16.97825432
v 21.00000000 24.00000000 46.53232956
v 21.00000000 25.00000000 16.92742157
v 21.00000000 25.00000000 46.55231857
v 21.00000000 26.00000000 16.81285477
v 21.00000000 26.00000000 46.54993057
v 21.00000000 27.00000000 16.66967010
v 21.00000000 27.00000000 46.55411911
v 21.00000000 28.00000000 16.48548698
v 21.00000000 28.00000000 46.56794739
v 21.00000000 29.00000000 16.26088905
v 21.00000000 29.00000000 46.58440399
v 21.00000000 30.00000000 16.08940506
v 21.00000000 30.00000000 46.60902786
v 21.00000000 31.00000000 16.23332214
v 21.00000000 31.00000000 46.64860153
v 21.00000000 31.57628059 17.00000000
v 21.00000000 31.78263092 18.00000000
v 21.00000000 31.83345985 19.00000000
v 21.00000000 31.82164764 20.00000000
v 21.00000000 31.78242493 21.00000000
v 21.00000000 31.74555779 22.00000000
v 21.00000000 31.71085548 23.00000000
v 21.00000000 31.67746353 24.00000000
v 21.00000000 31.64678955 25.00000000
v 21.00000000 31.62145424 26.00000000
v 21.00000000 31.59442902 27.00000000
v 21.00000000 31.57089233 28.00000000
v 21.00000000 31.52742958 29.00000000
v 21.00000000 31.48442078 30.00000000
v 21.00000000 31.44316864 31.00000000
v 21.00000000 31.41872978 32.00000000
v 21.00000000 31.42251587 33.00000000
v 21.00000000 31.43499756 34.00000000
v 21.00000000 31.45154381 35.00000000
v 21.00000000 31.48862076 36.00000000
v 21.00000000 31.72961617 37.00000000
v 21.00000000 32.00000000 37.58535385
v 21.00000000 32.00000000 46.70835876
v 21.00000000 33.00000000 37.97267914
v 21.00000000 33.00000000 46.78285217
v 21.00000000 34.00000000 37.86045456
v 21.00000000 34.00000000 46.85268402
v 21.00000000 35.00000000 37.68151093
v 21.00000000 35.00000000 46.93154907
v 21.00000000 36.00000000 37.56024170
v 21.00000000 36.00000000 46.98974228
v 21.00000000 37.00000000 37.53265762
v 21.00000000 36.30722809 47.00000000
v 21.00000000 37.00000000 47.01698685
v 21.00000000 38.00000000 37.62895966
v 21.00000000 38.00000000 47.01705933
v 21.00000000 39.00000000 37.76887894
v 21.00000000 39.00000000 46.97458649
v 21.00000000 38.48880768 47.00000000
v 21.00000000 40.00000000 37.94934082
v 21.00000000 40.00000000 46.88935852
v 21.00000000 40.22730637 38.00000000
v 21.00000000 41.00000000 38.20299911
v 21.00000000 41.00000000 46.72832489
v 21.00000000 42.00000000 38.57941437
v 21.00000000 42.00000000 46.47630310
v 21.00000000 42.81206131 39.00000000
v 21.00000000 43.00000000 39.15539169
v 21.00000000 43.00000000 45.39244080
v 21.00000000 42.54463959 46.00000000
v 21.00000000 43.56392288 40.00000000
v 21.00000000 43.83440399 41.00000000
v 21.00000000 43.81486511 42.00000000
v 21.00000000 43.67417145 43.00000000
v 21.00000000 43.48003387 44.00000000
v 21.00000000 43.18825531 45.00000000
v 22.00000000 19.99123192 21.00000000
v 22.00000000 20.00000000 20.56671524
v 22.00000000 19.98431015 22.00000000
v 22.00000000 19.98253632 23.00000000
v 22.00000000 19.98328400 24.00000000
v 22.00000000 19.98735046 25.00000000
v 21.71990204 20.00000000 26.00000000
v 22.00000000 19.99811363 26.00000000
v 22.00000000 20.00000000 26.07165337
v 22.00000000 20.34488297 18.00000000
v 22.00000000 21.00000000 17.31118774
v 22.00000000 20.07590485 19.00000000
v 22.00000000 20.01107788 20.00000000
v 22.00000000 20.02102089 27.00000000
v 22.00000000 20.04810905 28.00000000
v 22.00000000 20.06600380 29.00000000
v 22.00000000 20.08205414 30.00000000
v 22.00000000 20.09734344 31.00000000
v 22.00000000 20.11256599 32.00000000
v 22.00000000 20.12846184 33.00000000
v 22.00000000 20.13628960 34.00000000
v 22.00000000 20.13478661 35.00000000
v 22.00000000 20.12979126 36.00000000
v 22.00000000 20.13240433 37.00000000
v 22.00000000 20.13897324 38.00000000
v 22.00000000 20.15067673 39.00000000
v 22.00000000 20.16360855 40.00000000
v 22.00000000 20.17321014 41.00000000
v 22.00000000 20.17302895 42.00000000
v 22.00000000 20.17001534 43.00000000
v 22.00000000 20.16342354 44.00000000
v 22.00000000 20.19350243 45.00000000
v 22.00000000 20.53258705 46.00000000
v 22.00000000 21.00000000 46.38306808
v 22.00000000 22.00000000 17.08945656
v 22.00000000 22.00000000 46.50652695
v 22.00000000 23.00000000 17.02612495
v 22.00000000 23.00000000 46.52277374
v 22.00000000 23.49994278 17.00000000
v 22.00000000 24.00000000 16.97454643
v 22.00000000 24.00000000 46.54069138
v 22.00000000 25.00000000 16.91925240
v 22.00000000 25.00000000 46.56137848
v 22.00000000 26.00000000 16.80300331
v 22.00000000 26.00000000 46.56348801
v 22.00000000 27.00000000 16.65700150
v 22.00000000 27.00000000 46.56967163
v 22.00000000 28.00000000 16.46889496
v 22.00000000 28.00000000 46.58562469
v 22.00000000 29.00000000 16.24770927
v 22.00000000 29.00000000 46.59977341
v 22.00000000 30.00000000 16.08026314
v 22.00000000 30.00000000 46.62175369
v 22.00000000 31.00000000 16.22413635
v 22.00000000 31.00000000 46.66500854
v 22.00000000 31.57851028 17.00000000
v 22.00000000 31.78087234 18.00000000
v 22.00000000 31.82825470 19.00000000
v 22.00000000 31.81616974 20.00000000
v 22.00000000 31.77524948 21.00000000
v 22.00000000 31.74067497 22.00000000
v 22.00000000 31.70676422 23.00000000
v 22.00000000 31.67331314 24.00000000
v 22.00000000 31.64161301 25.00000000
v 22.00000000 31.61746025 26.00000000
v 22.00000000 31.58871651 27.00000000
v 22.00000000 31.56299210 28.00000000
v 22.00000000 31.51854134 29.00000000
v 22.00000000 31.47767067 30.00000000
v 22.00000000 31.43917847 31.00000000
v 22.00000000 31.41503334 32.00000000
v 22.00000000 31.41791344 33.00000000
v 22.00000000 31.43245888 34.00000000
v 22.00000000 31.45039749 35.00000000
v 22.00000000 31.48638344 36.00000000
v 22.00000000 31.73630905 37.00000000
v 22.00000000 32.00000000 37.56570053
v 22.00000000 32.00000000 46.72182846
v 22.00000000 33.00000000 37.99465179
v 22.00000000 33.00000000 46.79195023
v 22.00000000 34.00000000 37.89749146
v 22.00000000 34.00000000 46.86620712
v 22.00000000 35.00000000 37.74104309
v 22.00000000 35.00000000 46.94002533
v 22.00000000 36.00000000 37.61066437
v 22.00000000 36.00000000 46.99564743
v 22.00000000 37.00000000 37.57235718
v 22.00000000 36.13373566 47.00000000
v 22.00000000 37.00000000 47.02073669
v 22.00000000 38.00000000 37.63969040
v 22.00000000 38.00000000 47.02073288
v 22.00000000 39.00000000 37.76874161
v 22.00000000 39.00000000 46.97816086
v 22.00000000 38.57456970 47.00000000
v 22.00000000 40.00000000 37.95103455
v 22.00000000 40.00000000 46.89026642
v 22.00000000 40.23048401 38.00000000
v 22.00000000 41.00000000 38.19453049
v 22.00000000 41.00000000 46.72951126
v 22.00000000 42.00000000 38.56696701
v 22.00000000 42.00000000 46.47487259
v 22.00000000 42.84113312 39.00000000
v 22.00000000 43.00000000 39.13173676
v 22.00000000 43.00000000 45.40115356
v 22.00000000 42.54468536 46.00000000
v 22.00000000 43.58121872 40.00000000
v 22.00000000 43.84697723 41.00000000
v 22.00000000 43.82151413 42.00000000
v 22.00000000 43.67945862 43.00000000
v 22.00000000 43.48654175 44.00000000
v 22.00000000 43.19584274 45.00000000
v 23.00000000 19.98300171 21.00000000
v 23.00000000 20.00000000 20.19477463
v 23.00000000 19.97609520 22.00000000
v 23.00000000 19.97717285 23.00000000
v 23.00000000 19.98189545 24.00000000
v 23.00000000 19.98610878 25.00000000
v 23.00000000 19.99343872 26.00000000
v 23.00000000 20.00000000 26.27293396
v 23.00000000 20.33786201 18.00000000
v 23.00000000 21.00000000 17.30455017
v 23.00000000 20.07075119 19.00000000
v 23.00000000 20.00402451 20.00000000
v 23.00000000 20.01514244 27.00000000
v 23.00000000 20.04006577 28.00000000
v 23.00000000 20.05869484 29.00000000
v 23.00000000 20.07448578 30.00000000
v 23.00000000 20.08927345 31.00000000
v 23.00000000 20.10588646 32.00000000
v 23.00000000 20.12320518 33.00000000
v 23.00000000 20.13077164 34.00000000
v 23.00000000 20.13006401 35.00000000
v 23.00000000 20.12473106 36.00000000
v 23.00000000 20.12782097 37.00000000
v 23.00000000 20.13653374 38.00000000
v 23.00000000 20.14765930 39.00000000
v 23.00000000 20.16139984 40.00000000
v 23.00000000 20.17138863 41.00000000
v 23.00000000 20.17571449 42.00000000
v 23.00000000 20.17074394 43.00000000
v 23.00000000 20.16496277 44.00000000
v 23.00000000 20.19334030 45.00000000
v 23.00000000 20.53139114 46.00000000
v 23.00000000 21.00000000 46.38840103
v 23.00000000 22.00000000 17.08345985
v 23.00000000 22.00000000 46.51198959
v 23.00000000 23.00000000 17.01648521
v 23.00000000 23.00000000 46.52783585
v 23.00000000 23.34180832 17.00000000
v 23.00000000 24.00000000 16.96889114
v 23.00000000 24.00000000 46.55022049
v 23.00000000 25.00000000 16.91159248
v 23.00000000 25.00000000 46.57028198
v 23.00000000 26.00000000 16.79325867
v 23.00000000 26.00000000 46.57600021
v 23.00000000 27.00000000 16.64072418
v 23.00000000 27.00000000 46.58502197
v 23.00000000 28.00000000 16.45307541
v 23.00000000 28.00000000 46.60294342
v 23.00000000 29.00000000 16.23479843
v 23.00000000 29.00000000 46.61643600
v 23.00000000 30.00000000 16.07325935
v 23.00000000 30.00000000 46.63699722
v 23.00000000 31.00000000 16.21833801
v 23.00000000 31.00000000 46.68149948
v 23.00000000 31.58010292 17.00000000
v 23.00000000 31.77970695 18.00000000
v 23.00000000 31.82429314 19.00000000
v 23.00000000 31.80903625 20.00000000
v 23.00000000 31.76863670 21.00000000
v 23.00000000 31.73820686 22.00000000
v 23.00000000 31.70639420 23.00000000
v 23.00000000 31.67409134 24.00000000
v 23.00000000 31.64098549 25.00000000
v 23.00000000 31.61358452 26.00000000
v 23.00000000 31.58287048 27.00000000
v 23.00000000 31.55411720 28.00000000
v 23.00000000 31.51266479 29.00000000
v 23.00000000 31.47562218 30.00000000
v 23.00000000 31.43723679 31.00000000
v 23.00000000 31.41207695 32.00000000
v 23.00000000 31.41523361 33.00000000
v 23.00000000 31.43021202 34.00000000
v 23.00000000 31.45145988 35.00000000
v 23.00000000 31.48704529 36.00000000
v 23.00000000 31.74342155 37.00000000
v 23.00000000 32.00000000 37.54688263
v 23.00000000 32.00000000 46.73756790
v 23.00000000 32.98570251 38.00000000
v 22.55826378 33.00000000 38.00000000
v 23.00000000 33.00000000 38.00397110
v 23.00000000 33.00000000 46.80323029
v 23.00000000 33.04068375 38.00000000
v 23.00000000 34.00000000 37.91713715
v 23.00000000 34.00000000 46.88118362
v 23.00000000 35.00000000 37.77795410
v 23.00000000 35.00000000 46.94832611
v 23.00000000 36.00000000 37.65908813
v 23.00000000 36.00000000 46.99912262
v 23.00000000 37.00000000 37.61244965
v 23.00000000 36.02822495 47.00000000
v 23.00000000 37.00000000 47.02222824
v 23.00000000 38.00000000 37.66298676
v 23.00000000 38.00000000 47.02177811
v 23.00000000 39.00000000 37.76867294
v 23.00000000 39.00000000 46.97964096
v 23.00000000 38.60215759 47.00000000
v 23.00000000 40.00000000 37.94832611
v 23.00000000 40.00000000 46.89119339
v 23.00000000 40.24280167 38.00000000
v 23.00000000 41.00000000 38.19258499
v 23.00000000 41.00000000 46.72860336
v 23.00000000 42.00000000 38.55819702
v 23.00000000 42.00000000 46.47555542
v 23.00000000 42.86730957 39.00000000
v 23.00000000 43.00000000 39.10938263
v 23.00000000 43.00000000 45.41380310
v 23.00000000 42.54991150 46.00000000
v 23.00000000 43.59868622 40.00000000
v 23.00000000 43.85708618 41.00000000
v 23.00000000 43.82756042 42.00000000
v 23.00000000 43.68607330 43.00000000
v 23.00000000 43.49449158 44.00000000
v 23.00000000 43.20444489 45.00000000
v 23.75121498 20.00000000 20.00000000
v 24.00000000 19.99859047 20.00000000
v 24.00000000 20.00000000 19.97660637
v 24.00000000 19.97438812 21.00000000
v 24.00000000 19.96849060 22.00000000
v 24.00000000 19.97251701 23.00000000
v 24.00000000 19.97990608 24.00000000
v 24.00000000 19.98552704 25.00000000
v 24.00000000 19.98808098 26.00000000
v 24.00000000 20.00000000 26.55939484
v 24.00000000 20.33134460 18.00000000
v 24.00000000 21.00000000 17.29890251
v 24.00000000 20.06550407 19.00000000
v 24.00000000 20.00818062 27.00000000
v 24.00000000 20.03052521 28.00000000
v 24.00000000 20.04993629 29.00000000
v 24.00000000 20.06594658 30.00000000
v 24.00000000 20.08305168 31.00000000
v 24.00000000 20.10248184 32.00000000
v 24.00000000 20.11824608 33.00000000
v 24.00000000 20.12562752 34.00000000
v 24.00000000 20.12447739 35.00000000
v 24.00000000 20.12002373 36.00000000
v 24.00000000 20.12388992 37.00000000
v 24.00000000 20.13497353 38.00000000
v 24.00000000 20.14526558 39.00000000
v 24.00000000 20.15883636 40.00000000
v 24.00000000 20.16972542 41.00000000
v 24.00000000 20.17614174 42.00000000
v 24.00000000 20.17206764 43.00000000
v 24.00000000 20.16786575 44.00000000
v 24.00000000 20.19508934 45.00000000
v 24.00000000 20.52999115 46.00000000
v 24.00000000 21.00000000 46.39427948
v 24.00000000 22.00000000 17.07462502
v 24.00000000 22.00000000 46.51688004
v 24.00000000 23.00000000 17.00971985
v 24.00000000 23.00000000 46.53475571
v 24.00000000 23.20730782 17.00000000
v 24.00000000 24.00000000 16.96302986
v 24.00000000 24.00000000 46.55985641
v 24.00000000 25.00000000 16.90339470
v 24.00000000 25.00000000 46.58008194
v 24.00000000 26.00000000 16.78528786
v 24.00000000 26.00000000 46.58842087
v 24.00000000 27.00000000 16.62290764
v 24.00000000 27.00000000 46.59991074
v 24.00000000 28.00000000 16.43627548
v 24.00000000 28.00000000 46.61962128
v 24.00000000 29.00000000 16.22653008
v 24.00000000 29.00000000 46.63313675
v 24.00000000 30.00000000 16.07042694
v 24.00000000 30.00000000 46.65306473
v 24.00000000 31.00000000 16.21471596
v 24.00000000 31.00000000 46.69746017
v 24.00000000 31.57893181 17.00000000
v 24.00000000 31.77752495 18.00000000
v 24.00000000 31.82474709 19.00000000
v 24.00000000 31.80622292 20.00000000
v 24.00000000 31.76882362 21.00000000
v 24.00000000 31.73987579 22.00000000
v 24.00000000 31.70711899 23.00000000
v 24.00000000 31.67234802 24.00000000
v 24.00000000 31.63718796 25.00000000
v 24.00000000 31.60700226 26.00000000
v 24.00000000 31.57505608 27.00000000
v 24.00000000 31.54578590 28.00000000
v 24.00000000 31.50744057 29.00000000
v 24.00000000 31.47384071 30.00000000
v 24.00000000 31.43503189 31.00000000
v 24.00000000 31.40900421 32.00000000
v 24.00000000 31.41314316 33.00000000
v 24.00000000 31.42818642 34.00000000
v 24.00000000 31.45031548 35.00000000
v 24.00000000 31.48714256 36.00000000
v 24.00000000 31.75146103 37.00000000
v 24.00000000 32.00000000 37.52738571
v 24.00000000 32.00000000 46.75362778
v 24.00000000 32.95970917 38.00000000
v 24.00000000 33.00000000 38.01189423
v 24.00000000 33.00000000 46.81529236
v 24.00000000 33.14282608 38.00000000
v 24.00000000 34.00000000 37.93759155
v 24.00000000 34.00000000 46.89469528
v 24.00000000 35.00000000 37.79829407
v 24.00000000 35.00000000 46.95755005
v 24.00000000 36.00000000 37.67874908
v 24.00000000 35.87121964 47.00000000
v 23.11669540 36.00000000 47.00000000
v 24.00000000 36.00000000 47.00496674
v 24.00000000 37.00000000 37.63818741
v 24.00000000 37.00000000 47.02154541
v 24.00000000 38.00000000 37.69128799
v 24.00000000 38.00000000 47.01903152
v 24.00000000 39.00000000 37.77260590
v 24.00000000 39.00000000 46.97616959
v 24.00000000 38.52796173 47.00000000
v 24.00000000 40.00000000 37.94482422
v 24.00000000 40.00000000 46.89241409
v 24.00000000 40.25954056 38.00000000
v 24.00000000 41.00000000 38.18947601
v 24.00000000 41.00000000 46.72849274
v 24.00000000 42.00000000 38.55044174
v 24.00000000 42.00000000 46.47766876
v 24.00000000 42.88601303 39.00000000
v 24.00000000 43.00000000 39.09366608
v 24.00000000 43.00000000 45.42540741
v 24.00000000 42.55698395 46.00000000
v 24.00000000 43.61406708 40.00000000
v 24.00000000 43.86882782 41.00000000
v 24.00000000 43.83850479 42.00000000
v 24.00000000 43.69303513 43.00000000
v 24.00000000 43.50214386 44.00000000
v 24.00000000 43.21209335 45.00000000
v 25.00000000 19.99143600 20.00000000
v 25.00000000 20.00000000 19.86252975
v 25.00000000 19.96587753 21.00000000
v 25.00000000 19.95949364 22.00000000
v 25.00000000 19.96639824 23.00000000
v 25.00000000 19.97389030 24.00000000
v 25.00000000 19.98108292 25.00000000
v 25.00000000 19.98422432 26.00000000
v 24.98395920 20.00000000 27.00000000
v 25.00000000 19.99984932 27.00000000
v 25.00000000 20.00000000 27.00569916
v 25.00000000 20.32623291 18.00000000
v 25.00000000 21.00000000 17.29041290
v 25.00000000 20.06008339 19.00000000
v 25.00000000 20.02325439 28.00000000
v 25.00000000 20.04487801 29.00000000
v 25.00000000 20.06094551 30.00000000
v 25.00000000 20.07876396 31.00000000
v 25.00000000 20.09948158 32.00000000
v 25.00000000 20.11376572 33.00000000
v 25.00000000 20.12055397 34.00000000
v 25.00000000 20.11956215 35.00000000
v 25.00000000 20.11598015 36.00000000
v 25.00000000 20.12086487 37.00000000
v 25.00000000 20.13248444 38.00000000
v 25.00000000 20.14417076 39.00000000
v 25.00000000 20.15637398 40.00000000
v 25.00000000 20.16970444 41.00000000
v 25.00000000 20.17794418 42.00000000
v 25.00000000 20.17523193 43.00000000
v 25.00000000 20.17092896 44.00000000
v 25.00000000 20.19870377 45.00000000
v 25.00000000 20.52950096 46.00000000
v 25.00000000 21.00000000 46.40019608
v 25.00000000 22.00000000 17.06455612
v 25.00000000 22.00000000 46.52225113
v 25.00000000 23.00000000 17.00145912
v 25.00000000 23.00000000 46.54340363
v 25.00000000 23.03181648 17.00000000
v 25.00000000 24.00000000 16.95528793
v 25.00000000 24.00000000 46.56901932
v 25.00000000 25.00000000 16.89456367
v 25.00000000 25.00000000 46.58921432
v 25.00000000 26.00000000 16.77715111
v 25.00000000 26.00000000 46.60006332
v 25.00000000 27.00000000 16.61050415
v 25.00000000 27.00000000 46.61473846
v 25.00000000 28.00000000 16.42400742
v 25.00000000 28.00000000 46.63674545
v 25.00000000 29.00000000 16.21858788
v 25.00000000 29.00000000 46.65021515
v 25.00000000 30.00000000 16.06876183
v 25.00000000 30.00000000 46.67014313
v 25.00000000 31.00000000 16.21019745
v 25.00000000 31.00000000 46.71189499
v 25.00000000 31.58220673 17.00000000
v 25.00000000 31.78116798 18.00000000
v 25.00000000 31.82790947 19.00000000
v 25.00000000 31.80674362 20.00000000
v 25.00000000 31.76844025 21.00000000
v 25.00000000 31.74039841 22.00000000
v 25.00000000 31.70747948 23.00000000
v 25.00000000 31.66787720 24.00000000
v 25.00000000 31.63122940 25.00000000
v 25.00000000 31.59924507 26.00000000
v 25.00000000 31.56856346 27.00000000
v 25.00000000 31.53970337 28.00000000
v 25.00000000 31.50491142 29.00000000
v 25.00000000 31.47209930 30.00000000
v 25.00000000 31.43298340 31.00000000
v 25.00000000 31.40539169 32.00000000
v 25.00000000 31.41176796 33.00000000
v 25.00000000 31.42596245 34.00000000
v 25.00000000 31.44815445 35.00000000
v 25.00000000 31.48753738 36.00000000
v 25.00000000 31.75922775 37.00000000
v 25.00000000 32.00000000 37.51324081
v 25.00000000 32.00000000 46.76963425
v 25.00000000 32.95841217 38.00000000
v 25.00000000 33.00000000 38.01259613
v 25.00000000 33.00000000 46.82915115
v 25.00000000 33.20308685 38.00000000
v 25.00000000 34.00000000 37.95766830
v 25.00000000 34.00000000 46.90208054
v 25.00000000 35.00000000 37.81806183
v 25.00000000 35.00000000 46.96336746
v 25.00000000 36.00000000 37.69428253
v 25.00000000 35.76413727 47.00000000
v 25.00000000 36.00000000 47.00893784
v 25.00000000 37.00000000 37.64459610
v 25.00000000 37.00000000 47.02223969
v 25.00000000 38.00000000 37.69955444
v 25.00000000 38.00000000 47.01710510
v 25.00000000 39.00000000 37.77633667
v 25.00000000 39.00000000 46.97201157
v 25.00000000 38.45824432 47.00000000
v 25.00000000 40.00000000 37.94536972
v 25.00000000 40.00000000 46.89206696
v 25.00000000 40.25885391 38.00000000
v 25.00000000 41.00000000 38.18825150
v 25.00000000 41.00000000 46.72814178
v 25.00000000 42.00000000 38.54440689
v 25.00000000 42.00000000 46.48135757
v 25.00000000 42.90496826 39.00000000
v 25.00000000 43.00000000 39.07762146
v 25.00000000 43.00000000 45.43921661
v 25.00000000 42.56540680 46.00000000
v 25.00000000 43.62752533 40.00000000
v 25.00000000 43.87996674 41.00000000
v 25.00000000 43.85251236 42.00000000
v 25.00000000 43.70555115 43.00000000
v 25.00000000 43.51108932 44.00000000
v 25.00000000 43.21979904 45.00000000
v 26.00000000 19.98405647 20.00000000
v 26.00000000 20.00000000 19.75665092
v 26.00000000 19.95830727 21.00000000
v 26.00000000 19.94975471 22.00000000
v 26.00000000 19.95922279 23.00000000
v 26.00000000 19.96893692 24.00000000
v 26.00000000 19.97555923 25.00000000
v 26.00000000 19.98227692 26.00000000
v 26.00000000 19.99669456 27.00000000
v 26.00000000 20.00000000 27.12641907
v 26.00000000 20.31871605 18.00000000
v 26.00000000 21.00000000 17.28237152
v 26.00000000 20.05546379 19.00000000
v 26.00000000 20.02027702 28.00000000
v 26.00000000 20.04153824 29.00000000
v 26.00000000 20.05767441 30.00000000
v 26.00000000 20.07641792 31.00000000
v 26.00000000 20.09672546 32.00000000
v 26.00000000 20.11168861 33.00000000
v 26.00000000 20.11853409 34.00000000
v 26.00000000 20.11691093 35.00000000
v 26.00000000 20.11366653 36.00000000
v 26.00000000 20.11906624 37.00000000
v 26.00000000 20.13126183 38.00000000
v 26.00000000 20.14232254 39.00000000
v 26.00000000 20.15412712 40.00000000
v 26.00000000 20.17010307 41.00000000
v 26.00000000 20.17965508 42.00000000
v 26.00000000 20.17833519 43.00000000
v 26.00000000 20.17330360 44.00000000
v 26.00000000 20.20034981 45.00000000
v 26.00000000 20.52886391 46.00000000
v 26.00000000 21.00000000 46.40609360
v 26.00000000 22.00000000 17.05527115
v 26.00000000 22.00000000 46.52770233
v 25.18054199 23.00000000 17.00000000
v 26.00000000 22.89630699 17.00000000
v 26.00000000 23.00000000 16.99380684
v 26.00000000 23.00000000 46.55320358
v 26.00000000 24.00000000 16.94558716
v 26.00000000 24.00000000 46.57678223
v 26.00000000 25.00000000 16.88429832
v 26.00000000 25.00000000 46.59955978
v 26.00000000 26.00000000 16.77168655
v 26.00000000 26.00000000 46.61019135
v 26.00000000 27.00000000 16.60090446
v 26.00000000 27.00000000 46.62894821
v 26.00000000 28.00000000 16.41153145
v 26.00000000 28.00000000 46.65463257
v 26.00000000 29.00000000 16.21104813
v 26.00000000 29.00000000 46.66778183
v 26.00000000 30.00000000 16.06660652
v 26.00000000 30.00000000 46.68737411
v 26.00000000 31.00000000 16.20344543
v 26.00000000 31.00000000 46.72541428
v 26.00000000 31.58717537 17.00000000
v 26.00000000 31.78534889 18.00000000
v 26.00000000 31.83021355 19.00000000
v 26.00000000 31.80743027 20.00000000
v 26.00000000 31.76701736 21.00000000
v 26.00000000 31.73868561 22.00000000
v 26.00000000 31.70540428 23.00000000
v 26.00000000 31.66115570 24.00000000
v 26.00000000 31.62308121 25.00000000
v 26.00000000 31.59224319 26.00000000
v 26.00000000 31.56247902 27.00000000
v 26.00000000 31.53389740 28.00000000
v 26.00000000 31.50290680 29.00000000
v 26.00000000 31.47012329 30.00000000
v 26.00000000 31.43096352 31.00000000
v 26.00000000 31.40260887 32.00000000
v 26.00000000 31.41034698 33.00000000
v 26.00000000 31.42372894 34.00000000
v 26.00000000 31.44601250 35.00000000
v 26.00000000 31.48673058 36.00000000
v 26.00000000 31.76050949 37.00000000
v 26.00000000 32.00000000 37.50914764
v 26.00000000 32.00000000 46.78434372
v 26.00000000 32.94536972 38.00000000
v 26.00000000 33.00000000 38.01696396
v 26.00000000 33.00000000 46.84331894
v 26.00000000 33.38827515 38.00000000
v 26.00000000 34.00000000 37.97717667
v 26.00000000 34.00000000 46.90771484
v 26.00000000 35.00000000 37.83589935
v 26.00000000 35.00000000 46.96628189
v 26.00000000 36.00000000 37.70956802
v 26.00000000 35.71240234 47.00000000
v 26.00000000 36.00000000 47.01073074
v 26.00000000 37.00000000 37.65130997
v 26.00000000 37.00000000 47.02511597
v 26.00000000 38.00000000 37.70140839
v 26.00000000 38.00000000 47.01466370
v 26.00000000 39.00000000 37.76908493
v 26.00000000 39.00000000 46.97313690
v 26.00000000 38.42870331 47.00000000
v 26.00000000 40.00000000 37.94047165
v 26.00000000 40.00000000 46.89292526
v 26.00000000 40.27390289 38.00000000
v 26.00000000 41.00000000 38.18983459
v 26.00000000 41.00000000 46.72639084
v 26.00000000 42.00000000 38.54040146
v 26.00000000 42.00000000 46.48273087
v 26.00000000 42.92461395 39.00000000
v 26.00000000 43.00000000 39.06134033
v 26.00000000 43.00000000 45.44968796
v 26.00000000 42.57123184 46.00000000
v 26.00000000 43.63687515 40.00000000
v 26.00000000 43.88637924 41.00000000
v 26.00000000 43.86309433 42.00000000
v 26.00000000 43.71433640 43.00000000
v 26.00000000 43.51849747 44.00000000
v 26.00000000 43.22625732 45.00000000
v 27.00000000 19.97848511 20.00000000
v 27.00000000 20.00000000 19.66189194
v 27.00000000 19.95336151 21.00000000
v 27.00000000 19.94435120 22.00000000
v 27.00000000 19.95685387 23.00000000
v 27.00000000 19.96815491 24.00000000
v 27.00000000 19.97527695 25.00000000
v 27.00000000 19.98537064 26.00000000
v 26.67635155 20.00000000 27.00000000
v 27.00000000 20.00000000 26.89943504
v 27.00000000 20.30834198 18.00000000
v 27.00000000 21.00000000 17.27273369
v 27.00000000 20.04713440 19.00000000
v 27.00000000 20.00142860 27.00000000
v 27.00000000 20.02172470 28.00000000
v 27.00000000 20.04114342 29.00000000
v 27.00000000 20.05885315 30.00000000
v 27.00000000 20.07773399 31.00000000
v 27.00000000 20.09544754 32.00000000
v 27.00000000 20.10945702 33.00000000
v 27.00000000 20.11715508 34.00000000
v 27.00000000 20.11534119 35.00000000
v 27.00000000 20.11157990 36.00000000
v 27.00000000 20.11724854 37.00000000
v 27.00000000 20.13037872 38.00000000
v 27.00000000 20.14045906 39.00000000
v 27.00000000 20.15189743 40.00000000
v 27.00000000 20.16842651 41.00000000
v 27.00000000 20.18089294 42.00000000
v 27.00000000 20.18099022 43.00000000
v 27.00000000 20.17582130 44.00000000
v 27.00000000 20.20405388 45.00000000
v 27.00000000 20.52762032 46.00000000
v 27.00000000 21.00000000 46.41188812
v 27.00000000 22.00000000 17.04178810
v 27.00000000 22.00000000 46.53239059
v 27.00000000 22.74262047 17.00000000
v 27.00000000 23.00000000 16.98590469
v 27.00000000 23.00000000 46.56296158
v 27.00000000 24.00000000 16.93686295
v 27.00000000 24.00000000 46.58387756
v 27.00000000 25.00000000 16.87667274
v 27.00000000 25.00000000 46.60839081
v 27.00000000 26.00000000 16.76481628
v 27.00000000 26.00000000 46.61863327
v 27.00000000 27.00000000 16.59147453
v 27.00000000 27.00000000 46.64137650
v 27.00000000 28.00000000 16.40163803
v 27.00000000 28.00000000 46.67028809
v 27.00000000 29.00000000 16.20609856
v 27.00000000 29.00000000 46.68269730
v 27.00000000 30.00000000 16.06376076
v 27.00000000 30.00000000 46.70143127
v 27.00000000 31.00000000 16.19678497
v 27.00000000 31.00000000 46.73839951
v 27.00000000 31.59227562 17.00000000
v 27.00000000 31.78938484 18.00000000
v 27.00000000 31.83340263 19.00000000
v 27.00000000 31.80879593 20.00000000
v 27.00000000 31.76513672 21.00000000
v 27.00000000 31.73278999 22.00000000
v 27.00000000 31.69889450 23.00000000
v 27.00000000 31.65511322 24.00000000
v 27.00000000 31.61452484 25.00000000
v 27.00000000 31.58460426 26.00000000
v 27.00000000 31.55761528 27.00000000
v 27.00000000 31.53037453 28.00000000
v 27.00000000 31.50107384 29.00000000
v 27.00000000 31.46895027 30.00000000
v 27.00000000 31.42999649 31.00000000
v 27.00000000 31.40059853 32.00000000
v 27.00000000 31.40846252 33.00000000
v 27.00000000 31.42168045 34.00000000
v 27.00000000 31.44513512 35.00000000
v 27.00000000 31.48538208 36.00000000
v 27.00000000 31.75833893 37.00000000
v 27.00000000 32.00000000 37.50692368
v 27.00000000 32.00000000 46.79460144
v 27.00000000 32.92982864 38.00000000
v 27.00000000 33.00000000 38.02247238
v 27.00000000 33.00000000 46.85707474
v 27.00000000 33.74891663 38.00000000
v 27.00000000 34.00000000 37.99359512
v 27.00000000 34.00000000 46.91248322
v 27.00000000 35.00000000 37.85438156
v 27.00000000 35.00000000 46.96543121
v 27.00000000 36.00000000 37.72414398
v 27.00000000 35.72623062 47.00000000
v 27.00000000 36.00000000 47.01027298
v 27.00000000 37.00000000 37.65787125
v 27.00000000 37.00000000 47.02698517
v 27.00000000 38.00000000 37.70390320
v 27.00000000 38.00000000 47.01194000
v 27.00000000 39.00000000 37.76316833
v 27.00000000 39.00000000 46.97224045
v 27.00000000 38.37041092 47.00000000
v 27.00000000 40.00000000 37.92615128
v 27.00000000 40.00000000 46.89055634
v 27.00000000 40.32309341 38.00000000
v 27.00000000 41.00000000 38.18552017
v 27.00000000 41.00000000 46.72808456
v 27.00000000 42.00000000 38.54080963
v 27.00000000 42.00000000 46.48273468
v 27.00000000 42.94107056 39.00000000
v 27.00000000 43.00000000 39.04718399
v 27.00000000 43.00000000 45.45888138
v 27.00000000 42.57605743 46.00000000
v 27.00000000 43.64527512 40.00000000
v 27.00000000 43.89251328 41.00000000
v 27.00000000 43.87463760 42.00000000
v 27.00000000 43.72202682 43.00000000
v 27.00000000 43.52428818 44.00000000
v 27.00000000 43.23109436 45.00000000
v 28.00000000 19.97507286 20.00000000
v 28.00000000 20.00000000 19.59055519
v 28.00000000 19.95238876 21.00000000
v 28.00000000 19.94368935 22.00000000
v 28.00000000 19.95748329 23.00000000
v 28.00000000 19.96944046 24.00000000
v 28.00000000 19.97618294 25.00000000
v 28.00000000 19.98865700 26.00000000
v 28.00000000 20.00000000 26.61829948
v 28.00000000 20.30083847 18.00000000
v 28.00000000 21.00000000 17.26183701
v 28.00000000 20.04021454 19.00000000
v 28.00000000 20.00609016 27.00000000
v 28.00000000 20.02383423 28.00000000
v 28.00000000 20.04143524 29.00000000
v 28.00000000 20.06015968 30.00000000
v 28.00000000 20.07914925 31.00000000
v 28.00000000 20.09518623 32.00000000
v 28.00000000 20.10761070 33.00000000
v 28.00000000 20.11573219 34.00000000
v 28.00000000 20.11429977 35.00000000
v 28.00000000 20.11060143 36.00000000
v 28.00000000 20.11540031 37.00000000
v 28.00000000 20.13030624 38.00000000
v 28.00000000 20.13941765 39.00000000
v 28.00000000 20.15022850 40.00000000
v 28.00000000 20.16789246 41.00000000
v 28.00000000 20.18259048 42.00000000
v 28.00000000 20.18360901 43.00000000
v 28.00000000 20.18005753 44.00000000
v 28.00000000 20.20907784 45.00000000
v 28.00000000 20.52714348 46.00000000
v 28.00000000 21.00000000 46.41717911
v 28.00000000 22.00000000 17.02845192
v 28.00000000 22.00000000 46.53686523
v 28.00000000 22.59816360 17.00000000
v 28.00000000 23.00000000 16.98142815
v 28.00000000 23.00000000 46.57218933
v 28.00000000 24.00000000 16.92902565
v 28.00000000 24.00000000 46.59029007
v 28.00000000 25.00000000 16.87161064
v 28.00000000 25.00000000 46.61531830
v 28.00000000 26.00000000 16.75623703
v 28.00000000 26.00000000 46.62438583
v 28.00000000 27.00000000 16.58179283
v 28.00000000 27.00000000 46.65182114
v 28.00000000 28.00000000 16.39382744
v 28.00000000 28.00000000 46.68326569
v 28.00000000 29.00000000 16.20252419
v 28.00000000 29.00000000 46.69478226
v 28.00000000 30.00000000 16.06020546
v 28.00000000 30.00000000 46.71479416
v 28.00000000 31.00000000 16.19021606
v 28.00000000 31.00000000 46.74944305
v 28.00000000 31.59739494 17.00000000
v 28.00000000 31.79340744 18.00000000
v 28.00000000 31.83656883 19.00000000
v 28.00000000 31.80911827 20.00000000
v 28.00000000 31.76118088 21.00000000
v 28.00000000 31.72705460 22.00000000
v 28.00000000 31.68827248 23.00000000
v 28.00000000 31.64806747 24.00000000
v 28.00000000 31.60741043 25.00000000
v 28.00000000 31.57914543 26.00000000
v 28.00000000 31.55316353 27.00000000
v 28.00000000 31.52888870 28.00000000
v 28.00000000 31.49893379 29.00000000
v 28.00000000 31.46726608 30.00000000
v 28.00000000 31.42909241 31.00000000
v 28.00000000 31.39980698 32.00000000
v 28.00000000 31.40620995 33.00000000
v 28.00000000 31.41893005 34.00000000
v 28.00000000 31.44471931 35.00000000
v 28.00000000 31.48389244 36.00000000
v 28.00000000 31.75566483 37.00000000
v 28.00000000 32.00000000 37.50878525
v 28.00000000 32.00000000 46.80396652
v 28.00000000 32.90812683 38.00000000
v 28.00000000 33.00000000 38.03009033
v 28.00000000 33.00000000 46.86642075
v 27.49382591 34.00000000 38.00000000
v 28.00000000 34.00000000 38.00748825
v 28.00000000 34.00000000 46.91622162
v 28.00000000 34.05183792 38.00000000
v 28.00000000 35.00000000 37.87164307
v 28.00000000 35.00000000 46.96349335
v 28.00000000 36.00000000 37.73822403
v 28.00000000 35.79294586 47.00000000
v 28.00000000 36.00000000 47.00750732
v 28.00000000 37.00000000 37.66382980
v 28.00000000 37.00000000 47.02796555
v 28.00000000 38.00000000 37.70391083
v 28.00000000 38.00000000 47.01135635
v 28.00000000 39.00000000 37.75881577
v 28.00000000 39.00000000 46.96815872
v 28.00000000 38.32739258 47.00000000
v 28.00000000 40.00000000 37.91543961
v 28.00000000 40.00000000 46.88842392
v 28.00000000 40.36033630 38.00000000
v 28.00000000 41.00000000 38.18082809
v 28.00000000 41.00000000 46.73182297
v 28.00000000 42.00000000 38.53742218
v 28.00000000 42.00000000 46.48173904
v 28.00000000 42.95503235 39.00000000
v 28.00000000 43.00000000 39.03586578
v 28.00000000 43.00000000 45.46768570
v 28.00000000 42.57925797 46.00000000
v 28.00000000 43.65304565 40.00000000
v 28.00000000 43.90007019 41.00000000
v 28.00000000 43.88257980 42.00000000
v 28.00000000 43.72898102 43.00000000
v 28.00000000 43.52926254 44.00000000
v 28.00000000 43.23633957 45.00000000
v 29.00000000 19.97331810 20.00000000
v 29.00000000 20.00000000 19.54674911
v 29.00000000 19.95284271 21.00000000
v 29.00000000 19.94411850 22.00000000
v 29.00000000 19.95631027 23.00000000
v 29.00000000 19.97125626 24.00000000
v 29.00000000 19.97926903 25.00000000
v 29.00000000 19.99134827 26.00000000
v 29.00000000 20.00000000 26.40669060
v 29.00000000 20.29416275 18.00000000
v 29.00000000 21.00000000 17.25365257
v 29.00000000 20.03606987 19.00000000
v 29.00000000 20.01095772 27.00000000
v 29.00000000 20.02592659 28.00000000
v 29.00000000 20.04364777 29.00000000
v 29.00000000 20.06243134 30.00000000
v 29.00000000 20.08006287 31.00000000
v 29.00000000 20.09573364 32.00000000
v 29.00000000 20.10738182 33.00000000
v 29.00000000 20.11470413 34.00000000
v 29.00000000 20.11279869 35.00000000
v 29.00000000 20.10893250 36.00000000
v 29.00000000 20.11398125 37.00000000
v 29.00000000 20.13016129 38.00000000
v 29.00000000 20.13903999 39.00000000
v 29.00000000 20.14905357 40.00000000
v 29.00000000 20.16608047 41.00000000
v 29.00000000 20.18234634 42.00000000
v 29.00000000 20.18631554 43.00000000
v 29.00000000 20.18395042 44.00000000
v 29.00000000 20.21520615 45.00000000
v 29.00000000 20.52745056 46.00000000
v 29.00000000 21.00000000 46.42198944
v 29.00000000 22.00000000 17.01868057
v 29.00000000 22.00000000 46.54073334
v 29.00000000 22.44788170 17.00000000
v 29.00000000 23.00000000 16.97769547
v 29.00000000 23.00000000 46.58008575
v 29.00000000 24.00000000 16.92207336
v 29.00000000 24.00000000 46.59627151
v 29.00000000 25.00000000 16.86610985
v 29.00000000 25.00000000 46.61971664
v 29.00000000 26.00000000 16.74799156
v 29.00000000 26.00000000 46.62862778
v 29.00000000 27.00000000 16.57340813
v 29.00000000 27.00000000 46.66027832
v 29.00000000 28.00000000 16.38873672
v 29.00000000 28.00000000 46.69314575
v 29.00000000 29.00000000 16.19923973
v 29.00000000 29.00000000 46.70614243
v 29.00000000 30.00000000 16.05636978
v 29.00000000 30.00000000 46.72809601
v 29.00000000 31.00000000 16.18435860
v 29.00000000 31.00000000 46.76039505
v 29.00000000 31.60261726 17.00000000
v 29.00000000 31.79696655 18.00000000
v 29.00000000 31.83844566 19.00000000
v 29.00000000 31.80718803 20.00000000
v 29.00000000 31.75735664 21.00000000
v 29.00000000 31.71962357 22.00000000
v 29.00000000 31.67819214 23.00000000
v 29.00000000 31.63806725 24.00000000
v 29.00000000 31.60103798 25.00000000
v 29.00000000 31.57630539 26.00000000
v 29.00000000 31.55057144 27.00000000
v 29.00000000 31.52813721 28.00000000
v 29.00000000 31.49738503 29.00000000
v 29.00000000 31.46546364 30.00000000
v 29.00000000 31.42745781 31.00000000
v 29.00000000 31.39859390 32.00000000
v 29.00000000 31.40407181 33.00000000
v 29.00000000 31.41680908 34.00000000
v 29.00000000 31.44461823 35.00000000
v 29.00000000 31.48372650 36.00000000
v 29.00000000 31.75286674 37.00000000
v 29.00000000 32.00000000 37.50973511
v 29.00000000 32.00000000 46.81328201
v 29.00000000 32.88129044 38.00000000
v 29.00000000 33.00000000 38.04011917
v 29.00000000 33.00000000 46.87277985
v 29.00000000 34.00000000 38.02294540
v 29.00000000 34.00000000 46.91934586
v 29.00000000 34.16590881 38.00000000
v 29.00000000 35.00000000 37.89010239
v 29.00000000 35.00000000 46.96162415
v 29.00000000 36.00000000 37.75222015
v 29.00000000 35.87545395 47.00000000
v 29.00000000 36.00000000 47.00428391
v 29.00000000 37.00000000 37.67177582
v 29.00000000 37.00000000 47.02800751
v 29.00000000 38.00000000 37.70395279
v 29.00000000 38.00000000 47.00939941
v 29.00000000 39.00000000 37.75788116
v 29.00000000 39.00000000 46.96398163
v 29.00000000 38.26167679 47.00000000
v 29.00000000 40.00000000 37.91268921
v 29.00000000 40.00000000 46.89030457
v 29.00000000 40.37340164 38.00000000
v 29.00000000 41.00000000 38.17647171
v 29.00000000 41.00000000 46.73530579
v 29.00000000 42.00000000 38.53219604
v 29.00000000 42.00000000 46.48080444
v 29.00000000 42.96368790 39.00000000
v 29.00000000 43.00000000 39.02919769
v 29.00000000 43.00000000 45.47218323
v 29.00000000 42.58103180 46.00000000
v 29.00000000 43.65822983 40.00000000
v 29.00000000 43.90899658 41.00000000
v 29.00000000 43.88973618 42.00000000
v 29.00000000 43.73392868 43.00000000
v 29.00000000 43.53349304 44.00000000
v 29.00000000 43.23942184 45.00000000
v 30.00000000 19.97181702 20.00000000
v 30.00000000 20.00000000 19.51569748
v 30.00000000 19.95212555 21.00000000
v 30.00000000 19.94526291 22.00000000
v 30.00000000 19.95656586 23.00000000
v 30.00000000 19.97269630 24.00000000
v 30.00000000 19.98381042 25.00000000
v 30.00000000 19.99435997 26.00000000
v 30.00000000 20.00000000 26.25632668
v 30.00000000 20.28864861 18.00000000
v 30.00000000 21.00000000 17.24500656
v 30.00000000 20.03372192 19.00000000
v 30.00000000 20.01425934 27.00000000
v 30.00000000 20.02807999 28.00000000
v 30.00000000 20.04548264 29.00000000
v 30.00000000 20.06483078 30.00000000
v 30.00000000 20.08250999 31.00000000
v 30.00000000 20.09766960 32.00000000
v 30.00000000 20.10751915 33.00000000
v 30.00000000 20.11482430 34.00000000
v 30.00000000 20.11070061 35.00000000
v 30.00000000 20.10723877 36.00000000
v 30.00000000 20.11299515 37.00000000
v 30.00000000 20.12999535 38.00000000
v 30.00000000 20.13801575 39.00000000
v 30.00000000 20.14857101 40.00000000
v 30.00000000 20.16447258 41.00000000
v 30.00000000 20.18156242 42.00000000
v 30.00000000 20.18835258 43.00000000
v 30.00000000 20.18792152 44.00000000
v 30.00000000 20.22045517 45.00000000
v 30.00000000 20.52806664 46.00000000
v 30.00000000 21.00000000 46.42487335
v 30.00000000 22.00000000 17.00936317
v 30.00000000 22.00000000 46.54356003
v 30.00000000 22.25421715 17.00000000
v 30.00000000 23.00000000 16.97349548
v 30.00000000 23.00000000 46.58841324
v 30.00000000 24.00000000 16.91721916
v 30.00000000 24.00000000 46.60266113
v 30.00000000 25.00000000 16.86129379
v 30.00000000 25.00000000 46.62379837
v 30.00000000 26.00000000 16.74104118
v 30.00000000 26.00000000 46.63325119
v 30.00000000 27.00000000 16.56797028
v 30.00000000 27.00000000 46.66781616
v 30.00000000 28.00000000 16.38558197
v 30.00000000 28.00000000 46.70145416
v 30.00000000 29.00000000 16.19720078
v 30.00000000 29.00000000 46.71527481
v 30.00000000 30.00000000 16.05482674
v 30.00000000 30.00000000 46.74010849
v 30.00000000 31.00000000 16.18124390
v 30.00000000 31.00000000 46.76981354
v 30.00000000 31.60571861 17.00000000
v 30.00000000 31.79884529 18.00000000
v 30.00000000 31.83692360 19.00000000
v 30.00000000 31.80495453 20.00000000
v 30.00000000 31.75326920 21.00000000
v 30.00000000 31.71315002 22.00000000
v 30.00000000 31.66903877 23.00000000
v 30.00000000 31.62777519 24.00000000
v 30.00000000 31.59251785 25.00000000
v 30.00000000 31.57298088 26.00000000
v 30.00000000 31.54892921 27.00000000
v 30.00000000 31.52716064 28.00000000
v 30.00000000 31.49597740 29.00000000
v 30.00000000 31.46318626 30.00000000
v 30.00000000 31.42827797 31.00000000
v 30.00000000 31.39763832 32.00000000
v 30.00000000 31.40205956 33.00000000
v 30.00000000 31.41555023 34.00000000
v 30.00000000 31.44348907 35.00000000
v 30.00000000 31.48208618 36.00000000
v 30.00000000 31.74939537 37.00000000
v 30.00000000 32.00000000 37.51251602
v 30.00000000 32.00000000 46.82291031
v 30.00000000 32.86826706 38.00000000
v 30.00000000 33.00000000 38.04521942
v 30.00000000 33.00000000 46.87599564
v 30.00000000 34.00000000 38.03768158
v 30.00000000 34.00000000 46.92111969
v 30.00000000 34.27865982 38.00000000
v 30.00000000 35.00000000 37.90589142
v 30.00000000 35.00000000 46.95998764
v 30.00000000 36.00000000 37.76694107
v 30.00000000 35.99358749 47.00000000
v 30.00000000 36.00000000 47.00020218
v 30.00000000 37.00000000 37.67718887
v 30.00000000 37.00000000 47.02605820
v 30.00000000 38.00000000 37.70571899
v 30.00000000 38.00000000 47.00874329
v 30.00000000 39.00000000 37.76058960
v 30.00000000 39.00000000 46.96331406
v 30.00000000 38.24423218 47.00000000
v 30.00000000 40.00000000 37.91140366
v 30.00000000 40.00000000 46.89580154
v 30.00000000 40.38104630 38.00000000
v 30.00000000 41.00000000 38.17457962
v 30.00000000 41.00000000 46.73857117
v 30.00000000 42.00000000 38.52698898
v 30.00000000 42.00000000 46.47901154
v 30.00000000 42.97372818 39.00000000
v 30.00000000 43.00000000 39.02124405
v 30.00000000 43.00000000 45.47259140
v 30.00000000 42.58012009 46.00000000
v 30.00000000 43.66260910 40.00000000
v 30.00000000 43.91556549 41.00000000
v 30.00000000 43.89450073 42.00000000
v 30.00000000 43.73759842 43.00000000
v 30.00000000 43.53633499 44.00000000
v 30.00000000 43.24042511 45.00000000
v 31.00000000 19.97068787 20.00000000
v 31.00000000 20.00000000 19.49147606
v 31.00000000 19.95193672 21.00000000
v 31.00000000 19.94323921 22.00000000
v 31.00000000 19.95610809 23.00000000
v 31.00000000 19.97484398 24.00000000
v 31.00000000 19.98866844 25.00000000
v 31.00000000 19.99813080 26.00000000
v 31.00000000 20.00000000 26.09635544
v 31.00000000 20.28282356 18.00000000
v 31.00000000 21.00000000 17.23667336
v 31.00000000 20.03193665 19.00000000
v 31.00000000 20.01530457 27.00000000
v 31.00000000 20.03111839 28.00000000
v 31.00000000 20.04812431 29.00000000
v 31.00000000 20.06726646 30.00000000
v 31.00000000 20.08487511 31.00000000
v 31.00000000 20.10010338 32.00000000
v 31.00000000 20.10877991 33.00000000
v 31.00000000 20.11458206 34.00000000
v 31.00000000 20.10928345 35.00000000
v 31.00000000 20.10545921 36.00000000
v 31.00000000 20.11208916 37.00000000
v 31.00000000 20.12840843 38.00000000
v 31.00000000 20.13703537 39.00000000
v 31.00000000 20.14825821 40.00000000
v 31.00000000 20.16402626 41.00000000
v 31.00000000 20.17982101 42.00000000
v 31.00000000 20.18848610 43.00000000
v 31.00000000 20.19163895 44.00000000
v 31.00000000 20.22373962 45.00000000
v 31.00000000 20.52881432 46.00000000
v 31.00000000 21.00000000 46.42691422
v 31.00000000 22.00000000 17.00306129
v 31.00000000 22.00000000 46.54745483
v 31.00000000 22.08368111 17.00000000
v 31.00000000 23.00000000 16.96754074
v 31.00000000 23.00000000 46.59630966
v 31.00000000 24.00000000 16.91518593
v 31.00000000 24.00000000 46.60865784
v 31.00000000 25.00000000 16.85445595
v 31.00000000 25.00000000 46.62648010
v 31.00000000 26.00000000 16.73434830
v 31.00000000 26.00000000 46.63722610
v 31.00000000 27.00000000 16.56433296
v 31.00000000 27.00000000 46.67292404
v 31.00000000 28.00000000 16.38414192
v 31.00000000 28.00000000 46.70644379
v 31.00000000 29.00000000 16.19916344
v 31.00000000 29.00000000 46.72168732
v 31.00000000 30.00000000 16.05716324
v 31.00000000 30.00000000 46.75069427
v 31.00000000 31.00000000 16.18396759
v 31.00000000 31.00000000 46.77702713
v 31.00000000 31.60587120 17.00000000
v 31.00000000 31.79776764 18.00000000
v 31.00000000 31.83449364 19.00000000
v 31.00000000 31.80174637 20.00000000
v 31.00000000 31.74937820 21.00000000
v 31.00000000 31.70547295 22.00000000
v 31.00000000 31.65974808 23.00000000
v 31.00000000 31.61818695 24.00000000
v 31.00000000 31.58630180 25.00000000
v 31.00000000 31.56836510 26.00000000
v 31.00000000 31.54986572 27.00000000
v 31.00000000 31.52683067 28.00000000
v 31.00000000 31.49397278 29.00000000
v 31.00000000 31.46144295 30.00000000
v 31.00000000 31.42889023 31.00000000
v 31.00000000 31.39700508 32.00000000
v 31.00000000 31.39957237 33.00000000
v 31.00000000 31.41467667 34.00000000
v 31.00000000 31.44246101 35.00000000
v 31.00000000 31.48025894 36.00000000
v 31.00000000 31.74600029 37.00000000
v 31.00000000 32.00000000 37.52017593
v 31.00000000 32.00000000 46.83028030
v 31.00000000 32.86308289 38.00000000
v 31.00000000 33.00000000 38.04676437
v 31.00000000 33.00000000 46.87696075
v 31.00000000 34.00000000 38.04860687
v 31.00000000 34.00000000 46.92079544
v 31.00000000 34.35569000 38.00000000
v 31.00000000 35.00000000 37.91499329
v 31.00000000 35.00000000 46.95717239
v 31.00000000 36.00000000 37.77625656
v 30.03244591 36.00000000 47.00000000
v 31.00000000 36.00000000 46.99205017
v 31.00000000 37.00000000 37.68446732
v 31.00000000 36.21644592 47.00000000
v 31.00000000 37.00000000 47.02136230
v 31.00000000 38.00000000 37.70872879
v 31.00000000 38.00000000 47.00632095
v 31.00000000 39.00000000 37.76617432
v 31.00000000 39.00000000 46.96294403
v 31.00000000 38.18740845 47.00000000
v 31.00000000 40.00000000 37.91483307
v 31.00000000 40.00000000 46.89909363
v 31.00000000 40.37604523 38.00000000
v 31.00000000 41.00000000 38.17251205
v 31.00000000 41.00000000 46.74019241
v 31.00000000 42.00000000 38.52041245
v 31.00000000 42.00000000 46.47795868
v 31.00000000 42.98263168 39.00000000
v 31.00000000 43.00000000 39.01413345
v 31.00000000 43.00000000 45.47501755
v 31.00000000 42.57993317 46.00000000
v 31.00000000 43.67001724 40.00000000
v 31.00000000 43.92205429 41.00000000
v 31.00000000 43.89899445 42.00000000
v 31.00000000 43.74224091 43.00000000
v 31.00000000 43.53979874 44.00000000
v 31.00000000 43.24264145 45.00000000
v 32.00000000 19.97044182 20.00000000
v 32.00000000 20.00000000 19.47634888
v 32.00000000 19.95356941 21.00000000
v 32.00000000 19.94219589 22.00000000
v 32.00000000 19.95464134 23.00000000
v 32.00000000 19.97600937 24.00000000
v 32.00000000 19.99266052 25.00000000
v 31.43462372 20.00000000 26.00000000
v 32.00000000 20.00000000 25.74766159
v 32.00000000 20.27661133 18.00000000
v 32.00000000 21.00000000 17.22661591
v 32.00000000 20.03030777 19.00000000
v 32.00000000 20.00213814 26.00000000
v 32.00000000 20.01699638 27.00000000
v 32.00000000 20.03408432 28.00000000
v 32.00000000 20.05228996 29.00000000
v 32.00000000 20.07046890 30.00000000
v 32.00000000 20.08908081 31.00000000
v 32.00000000 20.10278511 32.00000000
v 32.00000000 20.11019516 33.00000000
v 32.00000000 20.11393929 34.00000000
v 32.00000000 20.10785103 35.00000000
v 32.00000000 20.10398102 36.00000000
v 32.00000000 20.11134911 37.00000000
v 32.00000000 20.12718391 38.00000000
v 32.00000000 20.13699532 39.00000000
v 32.00000000 20.14829063 40.00000000
v 32.00000000 20.16467285 41.00000000
v 32.00000000 20.17827988 42.00000000
v 32.00000000 20.18678284 43.00000000
v 32.00000000 20.19450569 44.00000000
v 32.00000000 20.22559929 45.00000000
v 32.00000000 20.52969360 46.00000000
v 32.00000000 21.00000000 46.42757797
v 31.42868614 22.00000000 17.00000000
v 32.00000000 21.97605133 17.00000000
v 32.00000000 22.00000000 16.99621010
v 32.00000000 22.00000000 46.55078125
v 32.00000000 23.00000000 16.96239281
v 32.00000000 23.00000000 46.60199738
v 32.00000000 24.00000000 16.91544151
v 32.00000000 24.00000000 46.61346054
v 32.00000000 25.00000000 16.84986687
v 32.00000000 25.00000000 46.62745285
v 32.00000000 26.00000000 16.73067284
v 32.00000000 26.00000000 46.64007187
v 32.00000000 27.00000000 16.56267357
v 32.00000000 27.00000000 46.67564011
v 32.00000000 28.00000000 16.38378334
v 32.00000000 28.00000000 46.70877075
v 32.00000000 29.00000000 16.20162201
v 32.00000000 29.00000000 46.72649002
v 32.00000000 30.00000000 16.06129646
v 32.00000000 30.00000000 46.76069641
v 32.00000000 31.00000000 16.18930054
v 32.00000000 31.00000000 46.78236008
v 32.00000000 31.60384941 17.00000000
v 32.00000000 31.79630661 18.00000000
v 32.00000000 31.83064461 19.00000000
v 32.00000000 31.79700470 20.00000000
v 32.00000000 31.74387932 21.00000000
v 32.00000000 31.69798279 22.00000000
v 32.00000000 31.64903069 23.00000000
v 32.00000000 31.60786438 24.00000000
v 32.00000000 31.58023262 25.00000000
v 32.00000000 31.56307983 26.00000000
v 32.00000000 31.54765129 27.00000000
v 32.00000000 31.52502060 28.00000000
v 32.00000000 31.49095726 29.00000000
v 32.00000000 31.46066093 30.00000000
v 32.00000000 31.42769623 31.00000000
v 32.00000000 31.39678955 32.00000000
v 32.00000000 31.39759445 33.00000000
v 32.00000000 31.41289711 34.00000000
v 32.00000000 31.44018555 35.00000000
v 32.00000000 31.47712517 36.00000000
v 32.00000000 31.74064255 37.00000000
v 32.00000000 32.00000000 37.53211975
v 32.00000000 32.00000000 46.83603668
v 32.00000000 32.85350800 38.00000000
v 32.00000000 33.00000000 38.04940033
v 32.00000000 33.00000000 46.87746429
v 32.00000000 34.00000000 38.05036163
v 32.00000000 34.00000000 46.92007828
v 32.00000000 34.38930130 38.00000000
v 32.00000000 35.00000000 37.92274857
v 32.00000000 35.00000000 46.95312500
v 32.00000000 36.00000000 37.78367615
v 32.00000000 36.00000000 46.98453522
v 32.00000000 37.00000000 37.69137955
v 32.00000000 36.42998123 47.00000000
v 32.00000000 37.00000000 47.01525116
v 32.00000000 38.00000000 37.71577454
v 32.00000000 38.00000000 47.00377655
v 32.00000000 39.00000000 37.77503967
v 32.00000000 39.00000000 46.96535873
v 32.00000000 38.12840652 47.00000000
v 32.00000000 40.00000000 37.91987991
v 32.00000000 40.00000000 46.90552521
v 32.00000000 40.36351013 38.00000000
v 32.00000000 41.00000000 38.17211151
v 32.00000000 41.00000000 46.74296188
v 32.00000000 42.00000000 38.51547623
v 32.00000000 42.00000000 46.47720337
v 32.00000000 42.98864365 39.00000000
v 32.00000000 43.00000000 39.00929642
v 32.00000000 43.00000000 45.47958755
v 32.00000000 42.58118439 46.00000000
v 32.00000000 43.67582321 40.00000000
v 32.00000000 43.92795181 41.00000000
v 32.00000000 43.90379333 42.00000000
v 32.00000000 43.74711227 43.00000000
v 32.00000000 43.54369736 44.00000000
v 32.00000000 43.24540329 45.00000000
v 33.00000000 19.97167015 20.00000000
v 33.00000000 20.00000000 19.47522354
v 33.00000000 19.95452118 21.00000000
v 33.00000000 19.94001961 22.00000000
v 33.00000000 19.95301628 23.00000000
v 33.00000000 19.97637367 24.00000000
v 33.00000000 19.99576378 25.00000000
v 33.00000000 20.00000000 25.41004944
v 33.00000000 20.27203751 18.00000000
v 33.00000000 21.00000000 17.21885872
v 33.00000000 20.02891731 19.00000000
v 33.00000000 20.00526237 26.00000000
v 33.00000000 20.01999092 27.00000000
v 33.00000000 20.03689003 28.00000000
v 33.00000000 20.05607605 29.00000000
v 33.00000000 20.07400703 30.00000000
v 33.00000000 20.09303474 31.00000000
v 33.00000000 20.10620689 32.00000000
v 33.00000000 20.11191940 33.00000000
v 33.00000000 20.11302948 34.00000000
v 33.00000000 20.10644913 35.00000000
v 33.00000000 20.10340500 36.00000000
v 33.00000000 20.11085129 37.00000000
v 33.00000000 20.12607002 38.00000000
v 33.00000000 20.13678741 39.00000000
v 33.00000000 20.14921570 40.00000000
v 33.00000000 20.16512299 41.00000000
v 33.00000000 20.17683220 42.00000000
v 33.00000000 20.18522644 43.00000000
v 33.00000000 20.19228363 44.00000000
v 33.00000000 20.22744751 45.00000000
v 33.00000000 20.53011703 46.00000000
v 33.00000000 21.00000000 46.42895508
v 33.00000000 21.93646622 17.00000000
v 33.00000000 22.00000000 16.98987007
v 33.00000000 22.00000000 46.55579758
v 33.00000000 23.00000000 16.95706940
v 33.00000000 23.00000000 46.60616684
v 33.00000000 24.00000000 16.91533279
v 33.00000000 24.00000000 46.61678696
v 33.00000000 25.00000000 16.84592056
v 33.00000000 25.00000000 46.62809372
v 33.00000000 26.00000000 16.72843170
v 33.00000000 26.00000000 46.64229965
v 33.00000000 27.00000000 16.56148911
v 33.00000000 27.00000000 46.67568207
v 33.00000000 28.00000000 16.38471413
v 33.00000000 28.00000000 46.71109390
v 33.00000000 29.00000000 16.20407104
v 33.00000000 29.00000000 46.73188400
v 33.00000000 30.00000000 16.06610870
v 33.00000000 30.00000000 46.76847839
v 33.00000000 31.00000000 16.19451332
v 33.00000000 31.00000000 46.78661728
v 33.00000000 31.60193062 17.00000000
v 33.00000000 31.79438400 18.00000000
v 33.00000000 31.82437515 19.00000000
v 33.00000000 31.79093361 20.00000000
v 33.00000000 31.73796272 21.00000000
v 33.00000000 31.69112778 22.00000000
v 33.00000000 31.63902855 23.00000000
v 33.00000000 31.60012436 24.00000000
v 33.00000000 31.57519913 25.00000000
v 33.00000000 31.55770874 26.00000000
v 33.00000000 31.54492378 27.00000000
v 33.00000000 31.52136230 28.00000000
v 33.00000000 31.48841858 29.00000000
v 33.00000000 31.46021080 30.00000000
v 33.00000000 31.42608261 31.00000000
v 33.00000000 31.39640617 32.00000000
v 33.00000000 31.39643478 33.00000000
v 33.00000000 31.41202736 34.00000000
v 33.00000000 31.43681145 35.00000000
v 33.00000000 31.47396278 36.00000000
v 33.00000000 31.73306465 37.00000000
v 33.00000000 32.00000000 37.54666138
v 33.00000000 32.00000000 46.83923721
v 33.00000000 32.83024597 38.00000000
v 33.00000000 33.00000000 38.05721283
v 33.00000000 33.00000000 46.87746048
v 33.00000000 34.00000000 38.05191803
v 33.00000000 34.00000000 46.91821671
v 33.00000000 34.38354111 38.00000000
v 33.00000000 35.00000000 37.91852570
v 33.00000000 35.00000000 46.94689560
v 33.00000000 36.00000000 37.78400040
v 33.00000000 36.00000000 46.97726059
v 33.00000000 37.00000000 37.69968796
v 33.00000000 36.65661240 47.00000000
v 33.00000000 37.00000000 47.00883865
v 33.00000000 38.00000000 37.72542572
v 33.00000000 38.00000000 47.00459290
v 33.00000000 39.00000000 37.78536606
v 33.00000000 39.00000000 46.96821594
v 33.00000000 38.16421127 47.00000000
v 33.00000000 40.00000000 37.92122269
v 33.00000000 40.00000000 46.91095734
v 33.00000000 40.36191177 38.00000000
v 33.00000000 41.00000000 38.17200470
v 33.00000000 41.00000000 46.74610138
v 33.00000000 42.00000000 38.51025009
v 33.00000000 42.00000000 46.47635651
v 33.00000000 42.99555969 39.00000000
v 33.00000000 43.00000000 39.00363922
v 33.00000000 43.00000000 45.48517990
v 33.00000000 42.58310318 46.00000000
v 33.00000000 43.67921448 40.00000000
v 33.00000000 43.93094635 41.00000000
v 33.00000000 43.90620422 42.00000000
v 33.00000000 43.75140381 43.00000000
v 33.00000000 43.54785538 44.00000000
v 33.00000000 43.24872208 45.00000000
v 34.00000000 19.97493172 20.00000000
v 34.00000000 20.00000000 19.51600838
v 34.00000000 19.95360374 21.00000000
v 34.00000000 19.93838501 22.00000000
v 34.00000000 19.95225906 23.00000000
v 34.00000000 19.97607994 24.00000000
v 34.00000000 19.99913788 25.00000000
v 34.00000000 20.00000000 25.08220673
v 34.00000000 20.26941109 18.00000000
v 34.00000000 21.00000000 17.21215248
v 34.00000000 20.02993202 19.00000000
v 34.00000000 20.00833893 26.00000000
v 34.00000000 20.02309799 27.00000000
v 34.00000000 20.04074478 28.00000000
v 34.00000000 20.05830956 29.00000000
v 34.00000000 20.07799721 30.00000000
v 34.00000000 20.09864807 31.00000000
v 34.00000000 20.10990906 32.00000000
v 34.00000000 20.11400604 33.00000000
v 34.00000000 20.11273766 34.00000000
v 34.00000000 20.10490417 35.00000000
v 34.00000000 20.10281944 36.00000000
v 34.00000000 20.11016273 37.00000000
v 34.00000000 20.12608910 38.00000000
v 34.00000000 20.13813019 39.00000000
v 34.00000000 20.15072632 40.00000000
v 34.00000000 20.16606712 41.00000000
v 34.00000000 20.17615318 42.00000000
v 34.00000000 20.18364334 43.00000000
v 34.00000000 20.18769646 44.00000000
v 34.00000000 20.22800636 45.00000000
v 34.00000000 20.53143883 46.00000000
v 34.00000000 21.00000000 46.42967987
v 34.00000000 21.90048027 17.00000000
v 34.00000000 22.00000000 16.98403549
v 34.00000000 22.00000000 46.56168365
v 34.00000000 23.00000000 16.94984436
v 34.00000000 23.00000000 46.60975266
v 34.00000000 24.00000000 16.91442490
v 34.00000000 24.00000000 46.62009811
v 34.00000000 25.00000000 16.84593201
v 34.00000000 25.00000000 46.62948990
v 34.00000000 26.00000000 16.72647667
v 34.00000000 26.00000000 46.64319229
v 34.00000000 27.00000000 16.55922508
v 34.00000000 27.00000000 46.67542648
v 34.00000000 28.00000000 16.38566971
v 34.00000000 28.00000000 46.71316528
v 34.00000000 29.00000000 16.20679474
v 34.00000000 29.00000000 46.73702621
v 34.00000000 30.00000000 16.07128525
v 34.00000000 30.00000000 46.77394867
v 34.00000000 31.00000000 16.20117760
v 34.00000000 31.00000000 46.79019928
v 34.00000000 31.60037613 17.00000000
v 34.00000000 31.78968811 18.00000000
v 34.00000000 31.81790161 19.00000000
v 34.00000000 31.78449440 20.00000000
v 34.00000000 31.73186874 21.00000000
v 34.00000000 31.68293762 22.00000000
v 34.00000000 31.62960815 23.00000000
v 34.00000000 31.59321213 24.00000000
v 34.00000000 31.57036972 25.00000000
v 34.00000000 31.55498505 26.00000000
v 34.00000000 31.53929901 27.00000000
v 34.00000000 31.51675606 28.00000000
v 34.00000000 31.48540497 29.00000000
v 34.00000000 31.45942116 30.00000000
v 34.00000000 31.42493439 31.00000000
v 34.00000000 31.39579964 32.00000000
v 34.00000000 31.39577103 33.00000000
v 34.00000000 31.41016579 34.00000000
v 34.00000000 31.43334579 35.00000000
v 34.00000000 31.46994209 36.00000000
v 34.00000000 31.72473145 37.00000000
v 34.00000000 32.00000000 37.56101608
v 34.00000000 32.00000000 46.84238434
v 34.00000000 32.80875778 38.00000000
v 34.00000000 33.00000000 38.06455231
v 34.00000000 33.00000000 46.87951660
v 34.00000000 34.00000000 38.05125809
v 34.00000000 34.00000000 46.91414261
v 34.00000000 34.36296082 38.00000000
v 34.00000000 35.00000000 37.91186905
v 34.00000000 35.00000000 46.94199371
v 34.00000000 36.00000000 37.77735901
v 34.00000000 36.00000000 46.97309875
v 34.00000000 37.00000000 37.70867538
v 34.00000000 36.75636673 47.00000000
v 34.00000000 37.00000000 47.00639343
v 34.00000000 38.00000000 37.73581696
v 34.00000000 38.00000000 47.00820923
v 34.00000000 39.00000000 37.79412460
v 34.00000000 39.00000000 46.97351456
v 34.00000000 38.29841232 47.00000000
v 34.00000000 40.00000000 37.92136002
v 34.00000000 40.00000000 46.91598129
v 34.00000000 40.36457825 38.00000000
v 34.00000000 41.00000000 38.17152405
v 34.00000000 41.00000000 46.75017929
v 34.00000000 42.00000000 38.50696564
v 34.00000000 42.00000000 46.47821426
v 33.46981049 43.00000000 39.00000000
v 34.00000000 43.00000000 38.99718475
v 34.00000000 43.00000000 45.49241257
v 34.00000000 42.58579636 46.00000000
v 34.00000000 43.00313950 39.00000000
v 34.00000000 43.68131256 40.00000000
v 34.00000000 43.93228912 41.00000000
v 34.00000000 43.90806198 42.00000000
v 34.00000000 43.75511932 43.00000000
v 34.00000000 43.55122757 44.00000000
v 34.00000000 43.25303268 45.00000000
v 35.00000000 19.97776413 20.00000000
v 35.00000000 20.00000000 19.57735825
v 35.00000000 19.95231056 21.00000000
v 35.00000000 19.93803596 22.00000000
v 35.00000000 19.95186806 23.00000000
v 35.00000000 19.97667694 24.00000000
v 35.00000000 19.99789238 25.00000000
v 35.00000000 20.00000000 25.13764191
v 35.00000000 20.26745033 18.00000000
v 35.00000000 21.00000000 17.20615387
v 35.00000000 20.03376961 19.00000000
v 35.00000000 20.01152992 26.00000000
v 35.00000000 20.02624893 27.00000000
v 35.00000000 20.04456139 28.00000000
v 35.00000000 20.06078529 29.00000000
v 35.00000000 20.08253670 30.00000000
v 35.00000000 20.10445213 31.00000000
v 35.00000000 20.11462021 32.00000000
v 35.00000000 20.11649323 33.00000000
v 35.00000000 20.11285591 34.00000000
v 35.00000000 20.10455132 35.00000000
v 35.00000000 20.10257912 36.00000000
v 35.00000000 20.10961723 37.00000000
v 35.00000000 20.12673759 38.00000000
v 35.00000000 20.14027023 39.00000000
v 35.00000000 20.15399551 40.00000000
v 35.00000000 20.16817665 41.00000000
v 35.00000000 20.17697906 42.00000000
v 35.00000000 20.18306732 43.00000000
v 35.00000000 20.18519020 44.00000000
v 35.00000000 20.22658157 45.00000000
v 35.00000000 20.53331184 46.00000000
v 35.00000000 21.00000000 46.43106079
v 35.00000000 21.87182236 17.00000000
v 35.00000000 22.00000000 16.97937012
v 35.00000000 22.00000000 46.56724167
v 35.00000000 23.00000000 16.94249916
v 35.00000000 23.00000000 46.61277008
v 35.00000000 24.00000000 16.90707397
v 35.00000000 24.00000000 46.62407684
v 35.00000000 25.00000000 16.84590530
v 35.00000000 25.00000000 46.63144684
v 35.00000000 26.00000000 16.72574425
v 35.00000000 26.00000000 46.64347076
v 35.00000000 27.00000000 16.55638695
v 35.00000000 27.00000000 46.67535400
v 35.00000000 28.00000000 16.38863945
v 35.00000000 28.00000000 46.71451569
v 35.00000000 29.00000000 16.21134567
v 35.00000000 29.00000000 46.73871613
v 35.00000000 30.00000000 16.07677078
v 35.00000000 30.00000000 46.77711868
v 35.00000000 31.00000000 16.20493889
v 35.00000000 31.00000000 46.79505920
v 35.00000000 31.59805298 17.00000000
v 35.00000000 31.78451347 18.00000000
v 35.00000000 31.81148148 19.00000000
v 35.00000000 31.77766037 20.00000000
v 35.00000000 31.72470856 21.00000000
v 35.00000000 31.67394257 22.00000000
v 35.00000000 31.62337112 23.00000000
v 35.00000000 31.58756638 24.00000000
v 35.00000000 31.56595612 25.00000000
v 35.00000000 31.55214119 26.00000000
v 35.00000000 31.53481674 27.00000000
v 35.00000000 31.51060867 28.00000000
v 35.00000000 31.48270607 29.00000000
v 35.00000000 31.45731354 30.00000000
v 35.00000000 31.42429543 31.00000000
v 35.00000000 31.39564323 32.00000000
v 35.00000000 31.39528847 33.00000000
v 35.00000000 31.40806007 34.00000000
v 35.00000000 31.43048096 35.00000000
v 35.00000000 31.46559525 36.00000000
v 35.00000000 31.71706772 37.00000000
v 35.00000000 32.00000000 37.57565689
v 35.00000000 32.00000000 46.84421158
v 35.00000000 32.77973557 38.00000000
v 35.00000000 33.00000000 38.07437897
v 35.00000000 33.00000000 46.87878799
v 35.00000000 34.00000000 38.05286789
v 35.00000000 34.00000000 46.90895462
v 35.00000000 34.35189438 38.00000000
v 35.00000000 35.00000000 37.90410614
v 35.00000000 35.00000000 46.93665314
v 35.00000000 36.00000000 37.77104568
v 35.00000000 36.00000000 46.96741104
v 35.00000000 37.00000000 37.71402359
v 35.00000000 36.80786514 47.00000000
v 35.00000000 37.00000000 47.00571823
v 35.00000000 38.00000000 37.74769974
v 35.00000000 38.00000000 47.01100922
v 35.00000000 39.00000000 37.79957199
v 35.00000000 39.00000000 46.98017120
v 35.00000000 38.43376541 47.00000000
v 35.00000000 40.00000000 37.92138672
v 35.00000000 40.00000000 46.92028046
v 35.00000000 40.36610031 38.00000000
v 35.00000000 41.00000000 38.17076111
v 35.00000000 41.00000000 46.75578308
v 35.00000000 42.00000000 38.50732422
v 35.00000000 42.00000000 46.48106003
v 35.00000000 43.00000000 38.99274826
v 35.00000000 43.00000000 45.50099182
v 35.00000000 42.58922958 46.00000000
v 35.00000000 43.00806427 39.00000000
v 35.00000000 43.68096161 40.00000000
v 35.00000000 43.93028259 41.00000000
v 35.00000000 43.90628052 42.00000000
v 35.00000000 43.75465393 43.00000000
v 35.00000000 43.55298615 44.00000000
v 35.00000000 43.25680923 45.00000000
v 36.00000000 19.97859383 20.00000000
v 36.00000000 20.00000000 19.61828995
v 36.00000000 19.95215416 21.00000000
v 36.00000000 19.93941498 22.00000000
v 36.00000000 19.95191574 23.00000000
v 36.00000000 19.97740746 24.00000000
v 36.00000000 19.99657822 25.00000000
v 36.00000000 20.00000000 25.19624329
v 36.00000000 20.26961136 18.00000000
v 36.00000000 21.00000000 17.19777298
v 36.00000000 20.03846169 19.00000000
v 36.00000000 20.01235771 26.00000000
v 36.00000000 20.03000832 27.00000000
v 36.00000000 20.04756355 28.00000000
v 36.00000000 20.06515884 29.00000000
v 36.00000000 20.08773232 30.00000000
v 36.00000000 20.11052895 31.00000000
v 36.00000000 20.11973190 32.00000000
v 36.00000000 20.11967850 33.00000000
v 36.00000000 20.11364937 34.00000000
v 36.00000000 20.10511780 35.00000000
v 36.00000000 20.10353279 36.00000000
v 36.00000000 20.11155891 37.00000000
v 36.00000000 20.12857246 38.00000000
v 36.00000000 20.14245224 39.00000000
v 36.00000000 20.15733147 40.00000000
v 36.00000000 20.17306328 41.00000000
v 36.00000000 20.17867661 42.00000000
v 36.00000000 20.18202972 43.00000000
v 36.00000000 20.18285179 44.00000000
v 36.00000000 20.22357941 45.00000000
v 36.00000000 20.53308487 46.00000000
v 36.00000000 21.00000000 46.43371582
v 36.00000000 21.85092735 17.00000000
v 36.00000000 22.00000000 16.97643661
v 36.00000000 22.00000000 46.57337570
v 36.00000000 23.00000000 16.93515778
v 36.00000000 23.00000000 46.61394119
v 36.00000000 24.00000000 16.89790916
v 36.00000000 24.00000000 46.62658691
v 36.00000000 25.00000000 16.84375191
v 36.00000000 25.00000000 46.63264847
v 36.00000000 26.00000000 16.72585869
v 36.00000000 26.00000000 46.64372635
v 36.00000000 27.00000000 16.55379868
v 36.00000000 27.00000000 46.67534637
v 36.00000000 28.00000000 16.39271736
v 36.00000000 28.00000000 46.71335220
v 36.00000000 29.00000000 16.21521187
v 36.00000000 29.00000000 46.73970032
v 36.00000000 30.00000000 16.08240700
v 36.00000000 30.00000000 46.77978134
v 36.00000000 31.00000000 16.20890236
v 36.00000000 31.00000000 46.79962540
v 36.00000000 31.59483147 17.00000000
v 36.00000000 31.78076172 18.00000000
v 36.00000000 31.80498695 19.00000000
v 36.00000000 31.77096558 20.00000000
v 36.00000000 31.71781921 21.00000000
v 36.00000000 31.66487312 22.00000000
v 36.00000000 31.61867714 23.00000000
v 36.00000000 31.58356476 24.00000000
v 36.00000000 31.56190300 25.00000000
v 36.00000000 31.54795265 26.00000000
v 36.00000000 31.53122711 27.00000000
v 36.00000000 31.50467873 28.00000000
v 36.00000000 31.47916794 29.00000000
v 36.00000000 31.45634460 30.00000000
v 36.00000000 31.42161751 31.00000000
v 36.00000000 31.39547348 32.00000000
v 36.00000000 31.39386368 33.00000000
v 36.00000000 31.40590858 34.00000000
v 36.00000000 31.42705345 35.00000000
v 36.00000000 31.46132088 36.00000000
v 36.00000000 31.70845413 37.00000000
v 36.00000000 32.00000000 37.59316254
v 36.00000000 32.00000000 46.84280777
v 36.00000000 32.74850845 38.00000000
v 36.00000000 33.00000000 38.08411026
v 36.00000000 33.00000000 46.87764359
v 36.00000000 34.00000000 38.05574799
v 36.00000000 34.00000000 46.90154266
v 36.00000000 34.35997391 38.00000000
v 36.00000000 35.00000000 37.90154648
v 36.00000000 35.00000000 46.92862320
v 36.00000000 36.00000000 37.77202606
v 36.00000000 36.00000000 46.96010590
v 36.00000000 37.00000000 37.71592712
v 36.00000000 36.76374054 47.00000000
v 36.00000000 37.00000000 47.00915146
v 36.00000000 38.00000000 37.75382233
v 36.00000000 38.00000000 47.01338959
v 36.00000000 39.00000000 37.80437469
v 36.00000000 39.00000000 46.98682785
v 36.00000000 38.58486938 47.00000000
v 36.00000000 40.00000000 37.92287064
v 36.00000000 40.00000000 46.92452621
v 36.00000000 40.36065292 38.00000000
v 36.00000000 41.00000000 38.17140961
v 36.00000000 41.00000000 46.76379395
v 36.00000000 42.00000000 38.50879288
v 36.00000000 42.00000000 46.48312759
v 36.00000000 43.00000000 38.99059296
v 36.00000000 43.00000000 45.50160217
v 36.00000000 42.58965683 46.00000000
v 36.00000000 43.01038742 39.00000000
v 36.00000000 43.67702103 40.00000000
v 36.00000000 43.92419052 41.00000000
v 36.00000000 43.89999771 42.00000000
v 36.00000000 43.75078201 43.00000000
v 36.00000000 43.55188370 44.00000000
v 36.00000000 43.25577545 45.00000000
v 37.00000000 19.98290443 20.00000000
v 37.00000000 20.00000000 19.70237350
v 37.00000000 19.95590782 21.00000000
v 37.00000000 19.94293404 22.00000000
v 37.00000000 19.95505905 23.00000000
v 37.00000000 19.97903442 24.00000000
v 37.00000000 19.99697113 25.00000000
v 37.00000000 20.00000000 25.16218948
v 37.00000000 20.27463722 18.00000000
v 37.00000000 21.00000000 17.18824577
v 37.00000000 20.04448318 19.00000000
v 37.00000000 20.01387978 26.00000000
v 37.00000000 20.03546906 27.00000000
v 37.00000000 20.05159760 28.00000000
v 37.00000000 20.07047653 29.00000000
v 37.00000000 20.09357452 30.00000000
v 37.00000000 20.11798859 31.00000000
v 37.00000000 20.12617874 32.00000000
v 37.00000000 20.12448311 33.00000000
v 37.00000000 20.11689377 34.00000000
v 37.00000000 20.10801125 35.00000000
v 37.00000000 20.10531044 36.00000000
v 37.00000000 20.11428642 37.00000000
v 37.00000000 20.13051987 38.00000000
v 37.00000000 20.14444160 39.00000000
v 37.00000000 20.16002655 40.00000000
v 37.00000000 20.17683792 41.00000000
v 37.00000000 20.18171501 42.00000000
v 37.00000000 20.18297386 43.00000000
v 37.00000000 20.18070602 44.00000000
v 37.00000000 20.22162247 45.00000000
v 37.00000000 20.53196907 46.00000000
v 37.00000000 21.00000000 46.43658447
v 37.00000000 21.81049156 17.00000000
v 37.00000000 22.00000000 16.97027397
v 37.00000000 22.00000000 46.57891083
v 37.00000000 23.00000000 16.93086815
v 37.00000000 23.00000000 46.61477280
v 37.00000000 24.00000000 16.88809586
v 37.00000000 24.00000000 46.62796021
v 37.00000000 25.00000000 16.83825493
v 37.00000000 25.00000000 46.63494110
v 37.00000000 26.00000000 16.72660255
v 37.00000000 26.00000000 46.64384460
v 37.00000000 27.00000000 16.55200386
v 37.00000000 27.00000000 46.67450333
v 37.00000000 28.00000000 16.39666939
v 37.00000000 28.00000000 46.71261215
v 37.00000000 29.00000000 16.21881104
v 37.00000000 29.00000000 46.73905182
v 37.00000000 30.00000000 16.08570480
v 37.00000000 30.00000000 46.78099823
v 37.00000000 31.00000000 16.21336746
v 37.00000000 31.00000000 46.80009460
v 37.00000000 31.59163475 17.00000000
v 37.00000000 31.77701569 18.00000000
v 37.00000000 31.79823112 19.00000000
v 37.00000000 31.76447296 20.00000000
v 37.00000000 31.70945740 21.00000000
v 37.00000000 31.65643501 22.00000000
v 37.00000000 31.61367989 23.00000000
v 37.00000000 31.57940292 24.00000000
v 37.00000000 31.55810928 25.00000000
v 37.00000000 31.54453659 26.00000000
v 37.00000000 31.52778053 27.00000000
v 37.00000000 31.50354385 28.00000000
v 37.00000000 31.47594833 29.00000000
v 37.00000000 31.45401382 30.00000000
v 37.00000000 31.41999245 31.00000000
v 37.00000000 31.39379120 32.00000000
v 37.00000000 31.39145088 33.00000000
v 37.00000000 31.40486145 34.00000000
v 37.00000000 31.42479515 35.00000000
v 37.00000000 31.45802116 36.00000000
v 37.00000000 31.69716263 37.00000000
v 37.00000000 32.00000000 37.61188126
v 37.00000000 32.00000000 46.83923340
v 37.00000000 32.72705841 38.00000000
v 37.00000000 33.00000000 38.08931732
v 37.00000000 33.00000000 46.87575912
v 37.00000000 34.00000000 38.05708313
v 37.00000000 34.00000000 46.89489746
v 37.00000000 34.37703705 38.00000000
v 37.00000000 35.00000000 37.90576935
v 37.00000000 35.00000000 46.91861725
v 37.00000000 36.00000000 37.77385330
v 37.00000000 36.00000000 46.95652008
v 37.00000000 37.00000000 37.71548843
v 37.00000000 36.69210815 47.00000000
v 37.00000000 37.00000000 47.01437759
v 37.00000000 38.00000000 37.75367355
v 37.00000000 38.00000000 47.01684952
v 37.00000000 39.00000000 37.80620956
v 37.00000000 39.00000000 46.99293518
v 37.00000000 38.76841354 47.00000000
v 37.00000000 40.00000000 37.92652512
v 37.00000000 40.00000000 46.93286896
v 37.00000000 40.34725189 38.00000000
v 37.00000000 41.00000000 38.17272949
v 37.00000000 41.00000000 46.76961136
v 37.00000000 42.00000000 38.50779724
v 37.00000000 42.00000000 46.48393250
v 37.00000000 43.00000000 38.99185562
v 37.00000000 43.00000000 45.50221634
v 37.00000000 42.58902740 46.00000000
v 37.00000000 43.00891876 39.00000000
v 37.00000000 43.67296982 40.00000000
v 37.00000000 43.91826630 41.00000000
v 37.00000000 43.89309692 42.00000000
v 37.00000000 43.74753189 43.00000000
v 37.00000000 43.55029297 44.00000000
v 37.00000000 43.25470352 45.00000000
v 38.00000000 19.98812866 20.00000000
v 38.00000000 20.00000000 19.78703308
v 38.00000000 19.96167946 21.00000000
v 38.00000000 19.94942474 22.00000000
v 38.00000000 19.96239662 23.00000000
v 38.00000000 19.98358154 24.00000000
v 37.59958649 20.00000000 25.00000000
v 38.00000000 20.00000000 24.88978386
v 38.00000000 20.27967453 18.00000000
v 38.00000000 21.00000000 17.17706490
v 38.00000000 20.04822922 19.00000000
v 38.00000000 20.00180435 25.00000000
v 38.00000000 20.01912498 26.00000000
v 38.00000000 20.04184151 27.00000000
v 38.00000000 20.05998802 28.00000000
v 38.00000000 20.07864380 29.00000000
v 38.00000000 20.10297775 30.00000000
v 38.00000000 20.12650681 31.00000000
v 38.00000000 20.13515854 32.00000000
v 38.00000000 20.13084984 33.00000000
v 38.00000000 20.12311745 34.00000000
v 38.00000000 20.11494446 35.00000000
v 38.00000000 20.11034584 36.00000000
v 38.00000000 20.11946869 37.00000000
v 38.00000000 20.13472748 38.00000000
v 38.00000000 20.14851570 39.00000000
v 38.00000000 20.16346550 40.00000000
v 38.00000000 20.18092346 41.00000000
v 38.00000000 20.18605804 42.00000000
v 38.00000000 20.18716812 43.00000000
v 38.00000000 20.18196297 44.00000000
v 38.00000000 20.22402191 45.00000000
v 38.00000000 20.53191566 46.00000000
v 38.00000000 21.00000000 46.43906403
v 38.00000000 21.75679970 17.00000000
v 38.00000000 22.00000000 16.96200943
v 38.00000000 22.00000000 46.58285522
v 38.00000000 23.00000000 16.92615128
v 38.00000000 23.00000000 46.61447525
v 38.00000000 24.00000000 16.87800026
v 38.00000000 24.00000000 46.62960434
v 38.00000000 25.00000000 16.83098793
v 38.00000000 25.00000000 46.63777161
v 38.00000000 26.00000000 16.72309685
v 38.00000000 26.00000000 46.64331436
v 38.00000000 27.00000000 16.55054283
v 38.00000000 27.00000000 46.67127609
v 38.00000000 28.00000000 16.39973450
v 38.00000000 28.00000000 46.71061707
v 38.00000000 29.00000000 16.22345352
v 38.00000000 29.00000000 46.73672104
v 38.00000000 30.00000000 16.08889580
v 38.00000000 30.00000000 46.77657700
v 38.00000000 31.00000000 16.21792412
v 38.00000000 31.00000000 46.79689026
v 38.00000000 31.58815765 17.00000000
v 38.00000000 31.77331924 18.00000000
v 38.00000000 31.79258537 19.00000000
v 38.00000000 31.75720024 20.00000000
v 38.00000000 31.70042419 21.00000000
v 38.00000000 31.64906311 22.00000000
v 38.00000000 31.60952187 23.00000000
v 38.00000000 31.57660866 24.00000000
v 38.00000000 31.55481339 25.00000000
v 38.00000000 31.54041100 26.00000000
v 38.00000000 31.52394295 27.00000000
v 38.00000000 31.50341415 28.00000000
v 38.00000000 31.47460938 29.00000000
v 38.00000000 31.45164680 30.00000000
v 38.00000000 31.41837311 31.00000000
v 38.00000000 31.39101791 32.00000000
v 38.00000000 31.38723373 33.00000000
v 38.00000000 31.40297127 34.00000000
v 38.00000000 31.42271805 35.00000000
v 38.00000000 31.45470810 36.00000000
v 38.00000000 31.68519402 37.00000000
v 38.00000000 32.00000000 37.62940598
v 38.00000000 32.00000000 46.83555603
v 38.00000000 32.70417023 38.00000000
v 38.00000000 33.00000000 38.09537506
v 38.00000000 33.00000000 46.87335587
v 38.00000000 34.00000000 38.05785751
v 38.00000000 34.00000000 46.88921356
v 38.00000000 34.39896393 38.00000000
v 38.00000000 35.00000000 37.91242981
v 38.00000000 35.00000000 46.91157913
v 38.00000000 36.00000000 37.77716446
v 38.00000000 36.00000000 46.96061707
v 38.00000000 37.00000000 37.71351624
v 38.00000000 36.59616470 47.00000000
v 38.00000000 37.00000000 47.01976776
v 38.00000000 38.00000000 37.74851608
v 38.00000000 38.00000000 47.02051926
v 38.00000000 39.00000000 37.80595779
v 38.00000000 39.00000000 46.99975204
v 38.00000000 38.99137497 47.00000000
v 38.00000000 40.00000000 37.93001175
v 38.00000000 40.00000000 46.94005585
v 38.00000000 40.34220505 38.00000000
v 38.00000000 41.00000000 38.16799545
v 38.00000000 41.00000000 46.77433395
v 38.00000000 42.00000000 38.50365448
v 38.00000000 42.00000000 46.48715591
v 38.00000000 43.00000000 38.99371719
v 38.00000000 43.00000000 45.50245285
v 38.00000000 42.59086990 46.00000000
v 38.00000000 43.00684738 39.00000000
v 38.00000000 43.66864395 40.00000000
v 38.00000000 43.91245270 41.00000000
v 38.00000000 43.88681412 42.00000000
v 38.00000000 43.74491119 43.00000000
v 38.00000000 43.54838943 44.00000000
v 38.00000000 43.25262833 45.00000000
v 39.00000000 19.99568176 20.00000000
v 39.00000000 20.00000000 19.92012215
v 39.00000000 19.96965027 21.00000000
v 39.00000000 19.95831299 22.00000000
v 39.00000000 19.97211456 23.00000000
v 39.00000000 19.99120712 24.00000000
v 39.00000000 20.00000000 24.46899414
v 39.00000000 20.28489113 18.00000000
v 39.00000000 21.00000000 17.16600990
v 39.00000000 20.05430984 19.00000000
v 39.00000000 20.00879669 25.00000000
v 39.00000000 20.02905655 26.00000000
v 39.00000000 20.04986000 27.00000000
v 39.00000000 20.06997490 28.00000000
v 39.00000000 20.08950806 29.00000000
v 39.00000000 20.11426353 30.00000000
v 39.00000000 20.13492775 31.00000000
v 39.00000000 20.14534569 32.00000000
v 39.00000000 20.13913155 33.00000000
v 39.00000000 20.13123512 34.00000000
v 39.00000000 20.12267494 35.00000000
v 39.00000000 20.11749649 36.00000000
v 39.00000000 20.12516212 37.00000000
v 39.00000000 20.13914490 38.00000000
v 39.00000000 20.15327644 39.00000000
v 39.00000000 20.16673851 40.00000000
v 39.00000000 20.18405342 41.00000000
v 39.00000000 20.19117165 42.00000000
v 39.00000000 20.19124031 43.00000000
v 39.00000000 20.18596268 44.00000000
v 39.00000000 20.22908783 45.00000000
v 39.00000000 20.53434944 46.00000000
v 39.00000000 21.00000000 46.44011688
v 39.00000000 21.70030212 17.00000000
v 39.00000000 22.00000000 16.95321274
v 39.00000000 22.00000000 46.58465195
v 39.00000000 23.00000000 16.91855049
v 39.00000000 23.00000000 46.61444855
v 39.00000000 24.00000000 16.86964989
v 39.00000000 24.00000000 46.62998581
v 39.00000000 25.00000000 16.82079124
v 39.00000000 25.00000000 46.64045715
v 39.00000000 26.00000000 16.71848106
v 39.00000000 26.00000000 46.64239120
v 39.00000000 27.00000000 16.54968452
v 39.00000000 27.00000000 46.66640472
v 39.00000000 28.00000000 16.40120697
v 39.00000000 28.00000000 46.70621109
v 39.00000000 29.00000000 16.22544861
v 39.00000000 29.00000000 46.73199844
v 39.00000000 30.00000000 16.09205818
v 39.00000000 30.00000000 46.76959991
v 39.00000000 31.00000000 16.22147751
v 39.00000000 31.00000000 46.79179764
v 39.00000000 31.58492279 17.00000000
v 39.00000000 31.76979828 18.00000000
v 39.00000000 31.78874779 19.00000000
v 39.00000000 31.74919319 20.00000000
v 39.00000000 31.69084740 21.00000000
v 39.00000000 31.64377022 22.00000000
v 39.00000000 31.60509109 23.00000000
v 39.00000000 31.57459831 24.00000000
v 39.00000000 31.55209732 25.00000000
v 39.00000000 31.53522491 26.00000000
v 39.00000000 31.52097130 27.00000000
v 39.00000000 31.50344658 28.00000000
v 39.00000000 31.47555542 29.00000000
v 39.00000000 31.44882393 30.00000000
v 39.00000000 31.41539574 31.00000000
v 39.00000000 31.38843346 32.00000000
v 39.00000000 31.38300896 33.00000000
v 39.00000000 31.40009880 34.00000000
v 39.00000000 31.41929245 35.00000000
v 39.00000000 31.45061302 36.00000000
v 39.00000000 31.67403603 37.00000000
v 39.00000000 32.00000000 37.64854813
v 39.00000000 32.00000000 46.83175278
v 39.00000000 32.68141937 38.00000000
v 39.00000000 33.00000000 38.10009766
v 39.00000000 33.00000000 46.87071228
v 39.00000000 34.00000000 38.06182098
v 39.00000000 34.00000000 46.88434601
v 39.00000000 34.43815994 38.00000000
v 39.00000000 35.00000000 37.91961288
v 39.00000000 35.00000000 46.90774155
v 39.00000000 36.00000000 37.77569580
v 39.00000000 36.00000000 46.96548080
v 39.00000000 37.00000000 37.70473862
v 39.00000000 36.51427460 47.00000000
v 39.00000000 37.00000000 47.02407837
v 39.00000000 38.00000000 37.74220657
v 39.00000000 38.00000000 47.02504730
v 39.00000000 39.00000000 37.80373383
v 38.02478409 39.00000000 47.00000000
v 39.00000000 39.00000000 47.00730515
v 39.00000000 40.00000000 37.92697525
v 39.00000000 40.00000000 46.94718170
v 39.00000000 39.16957474 47.00000000
v 39.00000000 40.36014175 38.00000000
v 39.00000000 41.00000000 38.16025543
v 39.00000000 41.00000000 46.77968597
v 39.00000000 42.00000000 38.49963760
v 39.00000000 42.00000000 46.49150467
v 39.00000000 43.00000000 38.99565887
v 39.00000000 43.00000000 45.50189972
v 39.00000000 42.59302139 46.00000000
v 39.00000000 43.00466919 39.00000000
v 39.00000000 43.66440964 40.00000000
v 39.00000000 43.90808487 41.00000000
v 39.00000000 43.88105774 42.00000000
v 39.00000000 43.74267197 43.00000000
v 39.00000000 43.54574585 44.00000000
v 39.00000000 43.25034332 45.00000000
v 39.53991318 20.00000000 20.00000000
v 40.00000000 20.00000000 20.13810349
v 40.00000000 19.97762871 21.00000000
v 40.00000000 19.96748924 22.00000000
v 40.00000000 19.97962379 23.00000000
v 40.00000000 19.99900246 24.00000000
v 40.00000000 20.00000000 24.04969406
v 40.00000000 20.28896523 18.00000000
v 40.00000000 21.00000000 17.15415001
v 40.00000000 20.06133270 19.00000000
v 40.00000000 20.00349426 20.00000000
v 40.00000000 20.01677322 25.00000000
v 40.00000000 20.03861618 26.00000000
v 40.00000000 20.05900383 27.00000000
v 40.00000000 20.08009911 28.00000000
v 40.00000000 20.10230255 29.00000000
v 40.00000000 20.12552452 30.00000000
v 40.00000000 20.14399529 31.00000000
v 40.00000000 20.15435600 32.00000000
v 40.00000000 20.15029144 33.00000000
v 40.00000000 20.14125252 34.00000000
v 40.00000000 20.13182068 35.00000000
v 40.00000000 20.12720871 36.00000000
v 40.00000000 20.13392258 37.00000000
v 40.00000000 20.14603996 38.00000000
v 40.00000000 20.16011810 39.00000000
v 40.00000000 20.17261887 40.00000000
v 40.00000000 20.18810463 41.00000000
v 40.00000000 20.19626617 42.00000000
v 40.00000000 20.19766617 43.00000000
v 40.00000000 20.19335365 44.00000000
v 40.00000000 20.23822021 45.00000000
v 40.00000000 20.53877640 46.00000000
v 40.00000000 21.00000000 46.44066238
v 40.00000000 21.63905334 17.00000000
v 40.00000000 22.00000000 16.94349480
v 40.00000000 22.00000000 46.58727264
v 40.00000000 23.00000000 16.91162109
v 40.00000000 23.00000000 46.61489105
v 40.00000000 24.00000000 16.85937881
v 40.00000000 24.00000000 46.63052750
v 40.00000000 25.00000000 16.80794907
v 40.00000000 25.00000000 46.64083481
v 40.00000000 26.00000000 16.71318817
v 40.00000000 26.00000000 46.63866806
v 40.00000000 27.00000000 16.54786682
v 40.00000000 27.00000000 46.65881729
v 40.00000000 28.00000000 16.40318489
v 40.00000000 28.00000000 46.70000458
v 40.00000000 29.00000000 16.22772026
v 40.00000000 29.00000000 46.72471237
v 40.00000000 30.00000000 16.09493828
v 40.00000000 30.00000000 46.76267242
v 40.00000000 31.00000000 16.22363663
v 40.00000000 31.00000000 46.78541183
v 40.00000000 31.58428955 17.00000000
v 40.00000000 31.76983452 18.00000000
v 40.00000000 31.78858185 19.00000000
v 40.00000000 31.74219322 20.00000000
v 40.00000000 31.68492889 21.00000000
v 40.00000000 31.64015007 22.00000000
v 40.00000000 31.60029984 23.00000000
v 40.00000000 31.57242966 24.00000000
v 40.00000000 31.54984283 25.00000000
v 40.00000000 31.53094673 26.00000000
v 40.00000000 31.51749611 27.00000000
v 40.00000000 31.50308228 28.00000000
v 40.00000000 31.47743416 29.00000000
v 40.00000000 31.44958687 30.00000000
v 40.00000000 31.41231918 31.00000000
v 40.00000000 31.38648605 32.00000000
v 40.00000000 31.37906837 33.00000000
v 40.00000000 31.39544678 34.00000000
v 40.00000000 31.41412354 35.00000000
v 40.00000000 31.44712067 36.00000000
v 40.00000000 31.66199303 37.00000000
v 40.00000000 32.00000000 37.67207336
v 40.00000000 32.00000000 46.82778549
v 40.00000000 32.64881134 38.00000000
v 40.00000000 33.00000000 38.10695648
v 40.00000000 33.00000000 46.86822891
v 40.00000000 34.00000000 38.06171799
v 40.00000000 34.00000000 46.88129807
v 40.00000000 34.43502426 38.00000000
v 40.00000000 35.00000000 37.91883850
v 40.00000000 35.00000000 46.90871811
v 40.00000000 36.00000000 37.77268600
v 40.00000000 36.00000000 46.97040176
v 40.00000000 37.00000000 37.69533539
v 40.00000000 36.45146179 47.00000000
v 40.00000000 37.00000000 47.02651596
v 40.00000000 38.00000000 37.73236847
v 40.00000000 38.00000000 47.03235245
v 40.00000000 39.00000000 37.78909302
v 40.00000000 39.00000000 47.01507568
v 40.00000000 40.00000000 37.91915894
v 40.00000000 40.00000000 46.95428848
v 40.00000000 39.32859802 47.00000000
v 40.00000000 40.39102554 38.00000000
v 40.00000000 41.00000000 38.15418625
v 40.00000000 41.00000000 46.78617477
v 40.00000000 42.00000000 38.49570465
v 40.00000000 42.00000000 46.49531937
v 40.00000000 43.00000000 38.99773026
v 40.00000000 43.00000000 45.50177765
v 40.00000000 42.59509659 46.00000000
v 40.00000000 43.00241470 39.00000000
v 40.00000000 43.65821457 40.00000000
v 40.00000000 43.90402222 41.00000000
v 40.00000000 43.87645721 42.00000000
v 40.00000000 43.74029922 43.00000000
v 40.00000000 43.54288483 44.00000000
v 40.00000000 43.24849701 45.00000000
v 41.00000000 19.98922348 21.00000000
v 41.00000000 20.00000000 20.56468582
v 41.00000000 19.97845078 22.00000000
v 41.00000000 19.98910904 23.00000000
v 40.09786987 20.00000000 24.00000000
v 41.00000000 20.00000000 23.54038620
v 41.00000000 20.29407501 18.00000000
v 41.00000000 21.00000000 17.14215469
v 41.00000000 20.07004738 19.00000000
v 41.00000000 20.01347351 20.00000000
v 41.00000000 20.00812149 24.00000000
v 41.00000000 20.02813339 25.00000000
v 41.00000000 20.04920959 26.00000000
v 41.00000000 20.07032394 27.00000000
v 41.00000000 20.09339142 28.00000000
v 41.00000000 20.11670303 29.00000000
v 41.00000000 20.13905144 30.00000000
v 41.00000000 20.15565872 31.00000000
v 41.00000000 20.16396141 32.00000000
v 41.00000000 20.16336250 33.00000000
v 41.00000000 20.15457535 34.00000000
v 41.00000000 20.14367676 35.00000000
v 41.00000000 20.13920403 36.00000000
v 41.00000000 20.14474487 37.00000000
v 41.00000000 20.15679741 38.00000000
v 41.00000000 20.16901207 39.00000000
v 41.00000000 20.17986870 40.00000000
v 41.00000000 20.19342232 41.00000000
v 41.00000000 20.20220184 42.00000000
v 41.00000000 20.20606041 43.00000000
v 41.00000000 20.20333481 44.00000000
v 41.00000000 20.24969482 45.00000000
v 41.00000000 20.54335594 46.00000000
v 41.00000000 21.00000000 46.44248199
v 41.00000000 21.58222961 17.00000000
v 41.00000000 22.00000000 16.93438148
v 41.00000000 22.00000000 46.58957291
v 41.00000000 23.00000000 16.90416145
v 41.00000000 23.00000000 46.61520767
v 41.00000000 24.00000000 16.84762955
v 41.00000000 24.00000000 46.63027954
v 41.00000000 25.00000000 16.79362488
v 41.00000000 25.00000000 46.63912582
v 41.00000000 26.00000000 16.70717621
v 41.00000000 26.00000000 46.63229370
v 41.00000000 27.00000000 16.54611206
v 41.00000000 27.00000000 46.64973068
v 41.00000000 28.00000000 16.40005493
v 41.00000000 28.00000000 46.69181061
v 41.00000000 29.00000000 16.22906494
v 41.00000000 29.00000000 46.71675873
v 41.00000000 30.00000000 16.09918022
v 41.00000000 30.00000000 46.75581360
v 41.00000000 31.00000000 16.22466850
v 41.00000000 31.00000000 46.77847290
v 41.00000000 31.58348846 17.00000000
v 41.00000000 31.76937675 18.00000000
v 41.00000000 31.78821182 19.00000000
v 41.00000000 31.73859596 20.00000000
v 41.00000000 31.68379784 21.00000000
v 41.00000000 31.63936806 22.00000000
v 41.00000000 31.59947777 23.00000000
v 41.00000000 31.57207108 24.00000000
v 41.00000000 31.55001068 25.00000000
v 41.00000000 31.52839851 26.00000000
v 41.00000000 31.51460266 27.00000000
v 41.00000000 31.50304794 28.00000000
v 41.00000000 31.47809029 29.00000000
v 41.00000000 31.45014763 30.00000000
v 41.00000000 31.41097450 31.00000000
v 41.00000000 31.38388252 32.00000000
v 41.00000000 31.37592697 33.00000000
v 41.00000000 31.39143562 34.00000000
v 41.00000000 31.40796089 35.00000000
v 41.00000000 31.44330597 36.00000000
v 41.00000000 31.64554214 37.00000000
v 41.00000000 32.00000000 37.70481873
v 41.00000000 32.00000000 46.82468033
v 41.00000000 32.60324097 38.00000000
v 41.00000000 33.00000000 38.11647034
v 41.00000000 33.00000000 46.86401749
v 41.00000000 34.00000000 38.05798340
v 41.00000000 34.00000000 46.88142014
v 41.00000000 34.39291000 38.00000000
v 41.00000000 35.00000000 37.90968704
v 41.00000000 35.00000000 46.91147232
v 41.00000000 36.00000000 37.76619339
v 41.00000000 36.00000000 46.97558975
v 41.00000000 37.00000000 37.67854691
v 41.00000000 36.37849426 47.00000000
v 41.00000000 37.00000000 47.02950287
v 41.00000000 38.00000000 37.70870972
v 41.00000000 38.00000000 47.03950882
v 41.00000000 39.00000000 37.77099609
v 41.00000000 39.00000000 47.02272797
v 41.00000000 40.00000000 37.91129303
v 41.00000000 40.00000000 46.96160889
v 41.00000000 39.46897888 47.00000000
v 41.00000000 40.42666626 38.00000000
v 41.00000000 41.00000000 38.14527893
v 41.00000000 41.00000000 46.79584503
v 41.00000000 42.00000000 38.49165344
v 41.00000000 42.00000000 46.49903870
v 41.00000000 42.98640823 39.00000000
v 40.22657394 43.00000000 39.00000000
v 41.00000000 43.00000000 39.01139832
v 41.00000000 43.00000000 45.50157547
v 41.00000000 42.59735489 46.00000000
v 41.00000000 43.65108109 40.00000000
v 41.00000000 43.89765549 41.00000000
v 41.00000000 43.87133789 42.00000000
v 41.00000000 43.73747253 43.00000000
v 41.00000000 43.54037094 44.00000000
v 41.00000000 43.24684906 45.00000000
v 41.64497757 20.00000000 21.00000000
v 42.00000000 20.00000000 21.51117325
v 42.00000000 19.99436951 22.00000000
v 41.77626419 20.00000000 23.00000000
v 42.00000000 20.00000000 22.63969994
v 42.00000000 20.29718781 18.00000000
v 42.00000000 21.00000000 17.12424088
v 42.00000000 20.08094978 19.00000000
v 42.00000000 20.02641296 20.00000000
v 42.00000000 20.00538826 21.00000000
v 42.00000000 20.00278091 23.00000000
v 42.00000000 20.02117348 24.00000000
v 42.00000000 20.04167747 25.00000000
v 42.00000000 20.06209564 26.00000000
v 42.00000000 20.08359146 27.00000000
v 42.00000000 20.10708618 28.00000000
v 42.00000000 20.13193512 29.00000000
v 42.00000000 20.15357018 30.00000000
v 42.00000000 20.16770935 31.00000000
v 42.00000000 20.17622185 32.00000000
v 42.00000000 20.17629433 33.00000000
v 42.00000000 20.16770172 34.00000000
v 42.00000000 20.15648079 35.00000000
v 42.00000000 20.15086174 36.00000000
v 42.00000000 20.15620232 37.00000000
v 42.00000000 20.16819191 38.00000000
v 42.00000000 20.17935181 39.00000000
v 42.00000000 20.18743324 40.00000000
v 42.00000000 20.19867325 41.00000000
v 42.00000000 20.20765686 42.00000000
v 42.00000000 20.21301651 43.00000000
v 42.00000000 20.21355057 44.00000000
v 42.00000000 20.26047325 45.00000000
v 42.00000000 20.54450035 46.00000000
v 42.00000000 21.00000000 46.44990921
v 42.00000000 21.51447678 17.00000000
v 42.00000000 22.00000000 16.92519188
v 42.00000000 22.00000000 46.59403610
v 42.00000000 23.00000000 16.89646339
v 42.00000000 23.00000000 46.61774063
v 42.00000000 24.00000000 16.83627319
v 42.00000000 24.00000000 46.63156891
v 42.00000000 25.00000000 16.77861404
v 42.00000000 25.00000000 46.63394165
v 42.00000000 26.00000000 16.69858360
v 42.00000000 26.00000000 46.62399673
v 42.00000000 27.00000000 16.54377174
v 42.00000000 27.00000000 46.64001846
v 42.00000000 28.00000000 16.39508438
v 42.00000000 28.00000000 46.68285370
v 42.00000000 29.00000000 16.22666740
v 42.00000000 29.00000000 46.70814133
v 42.00000000 30.00000000 16.10250854
v 42.00000000 30.00000000 46.74778366
v 42.00000000 31.00000000 16.22721291
v 42.00000000 31.00000000 46.77228546
v 42.00000000 31.58236504 17.00000000
v 42.00000000 31.76823616 18.00000000
v 42.00000000 31.78561974 19.00000000
v 42.00000000 31.73709679 20.00000000
v 42.00000000 31.68381119 21.00000000
v 42.00000000 31.63864326 22.00000000
v 42.00000000 31.59968185 23.00000000
v 42.00000000 31.57297325 24.00000000
v 42.00000000 31.55287933 25.00000000
v 42.00000000 31.53071976 26.00000000
v 42.00000000 31.51561356 27.00000000
v 42.00000000 31.50452805 28.00000000
v 42.00000000 31.47827911 29.00000000
v 42.00000000 31.44922638 30.00000000
v 42.00000000 31.41232681 31.00000000
v 42.00000000 31.38198662 32.00000000
v 42.00000000 31.37407303 33.00000000
v 42.00000000 31.38847160 34.00000000
v 42.00000000 31.40131569 35.00000000
v 42.00000000 31.43637085 36.00000000
v 42.00000000 31.62615395 37.00000000
v 42.00000000 32.00000000 37.74835205
v 42.00000000 32.00000000 46.81898880
v 42.00000000 32.54623032 38.00000000
v 42.00000000 33.00000000 38.12464905
v 42.00000000 33.00000000 46.85976791
v 42.00000000 34.00000000 38.04638672
v 42.00000000 34.00000000 46.88702393
v 42.00000000 34.30585098 38.00000000
v 42.00000000 35.00000000 37.89254379
v 42.00000000 35.00000000 46.91772461
v 42.00000000 36.00000000 37.74151993
v 42.00000000 36.00000000 46.97917938
v 42.00000000 37.00000000 37.65245056
v 42.00000000 36.30431366 47.00000000
v 42.00000000 37.00000000 47.03500366
v 42.00000000 38.00000000 37.68286133
v 42.00000000 38.00000000 47.04560852
v 42.00000000 39.00000000 37.75486374
v 42.00000000 39.00000000 47.02966690
v 42.00000000 40.00000000 37.90412140
v 42.00000000 40.00000000 46.97162247
v 42.00000000 39.61052322 47.00000000
v 42.00000000 40.46190643 38.00000000
v 42.00000000 41.00000000 38.13501740
v 42.00000000 41.00000000 46.80690765
v 42.00000000 42.00000000 38.49073029
v 42.00000000 42.00000000 46.50309372
v 42.00000000 42.96355057 39.00000000
v 42.00000000 43.00000000 39.03103638
v 42.00000000 43.00000000 45.50001144
v 42.00000000 42.59886169 46.00000000
v 42.00000000 43.64028168 40.00000000
v 42.00000000 43.89097977 41.00000000
v 42.00000000 43.86374664 42.00000000
v 42.00000000 43.73395920 43.00000000
v 42.00000000 43.53789520 44.00000000
v 42.00000000 43.24438095 45.00000000
v 42.36454010 20.00000000 22.00000000
v 43.00000000 20.29608917 18.00000000
v 43.00000000 21.00000000 17.09923744
v 43.00000000 20.08947182 19.00000000
v 43.00000000 20.04046822 20.00000000
v 43.00000000 20.02058220 21.00000000
v 43.00000000 20.00872421 22.00000000
v 43.00000000 20.01731873 23.00000000
v 43.00000000 20.03622437 24.00000000
v 43.00000000 20.05817604 25.00000000
v 43.00000000 20.07666206 26.00000000
v 43.00000000 20.09788704 27.00000000
v 43.00000000 20.12030220 28.00000000
v 43.00000000 20.14536667 29.00000000
v 43.00000000 20.16736984 30.00000000
v 43.00000000 20.18021965 31.00000000
v 43.00000000 20.18825531 32.00000000
v 43.00000000 20.19005966 33.00000000
v 43.00000000 20.18140221 34.00000000
v 43.00000000 20.17060852 35.00000000
v 43.00000000 20.16376305 36.00000000
v 43.00000000 20.16816139 37.00000000
v 43.00000000 20.17941856 38.00000000
v 43.00000000 20.18966103 39.00000000
v 43.00000000 20.19585991 40.00000000
v 43.00000000 20.20400238 41.00000000
v 43.00000000 20.21272278 42.00000000
v 43.00000000 20.21824455 43.00000000
v 43.00000000 20.22378159 44.00000000
v 43.00000000 20.27061081 45.00000000
v 43.00000000 20.54489326 46.00000000
v 43.00000000 21.00000000 46.46178436
v 43.00000000 21.40548706 17.00000000
v 43.00000000 22.00000000 16.90846443
v 43.00000000 22.00000000 46.59954453
v 43.00000000 23.00000000 16.88686371
v 43.00000000 23.00000000 46.61874008
v 43.00000000 24.00000000 16.82497978
v 43.00000000 24.00000000 46.63201904
v 43.00000000 25.00000000 16.76527977
v 43.00000000 25.00000000 46.63126373
v 43.00000000 26.00000000 16.69017982
v 43.00000000 26.00000000 46.61748123
v 43.00000000 27.00000000 16.53505135
v 43.00000000 27.00000000 46.63101196
v 43.00000000 28.00000000 16.38971901
v 43.00000000 28.00000000 46.67326736
v 43.00000000 29.00000000 16.22482681
v 43.00000000 29.00000000 46.69876099
v 43.00000000 30.00000000 16.10476112
v 43.00000000 30.00000000 46.73876953
v 43.00000000 31.00000000 16.23133087
v 43.00000000 31.00000000 46.76570129
v 43.00000000 31.58057022 17.00000000
v 43.00000000 31.76904106 18.00000000
v 43.00000000 31.78294182 19.00000000
v 43.00000000 31.73834991 20.00000000
v 43.00000000 31.68390656 21.00000000
v 43.00000000 31.63795471 22.00000000
v 43.00000000 31.60006332 23.00000000
v 43.00000000 31.57375526 24.00000000
v 43.00000000 31.55523682 25.00000000
v 43.00000000 31.53418732 26.00000000
v 43.00000000 31.51733017 27.00000000
v 43.00000000 31.50975609 28.00000000
v 43.00000000 31.48422050 29.00000000
v 43.00000000 31.45332909 30.00000000
v 43.00000000 31.41600800 31.00000000
v 43.00000000 31.38523293 32.00000000
v 43.00000000 31.37340736 33.00000000
v 43.00000000 31.38655853 34.00000000
v 43.00000000 31.39837646 35.00000000
v 43.00000000 31.42911720 36.00000000
v 43.00000000 31.60257339 37.00000000
v 43.00000000 32.00000000 37.79554749
v 43.00000000 32.00000000 46.81447220
v 43.00000000 32.49703217 38.00000000
v 43.00000000 33.00000000 38.12407303
v 43.00000000 33.00000000 46.85829544
v 43.00000000 34.00000000 38.02726746
v 43.00000000 34.00000000 46.89227676
v 43.00000000 34.16379547 38.00000000
v 43.00000000 35.00000000 37.85062027
v 43.00000000 35.00000000 46.92592239
v 43.00000000 36.00000000 37.70652008
v 43.00000000 36.00000000 46.98677063
v 43.00000000 37.00000000 37.62364197
v 43.00000000 36.19452286 47.00000000
v 43.00000000 37.00000000 47.04020691
v 43.00000000 38.00000000 37.65838623
v 43.00000000 38.00000000 47.05088806
v 43.00000000 39.00000000 37.73912430
v 43.00000000 39.00000000 47.03759003
v 43.00000000 40.00000000 37.89698792
v 43.00000000 40.00000000 46.98282623
v 43.00000000 39.76791763 47.00000000
v 43.00000000 40.49274063 38.00000000
v 43.00000000 41.00000000 38.12693405
v 43.00000000 41.00000000 46.81740952
v 43.00000000 42.00000000 38.49404907
v 43.00000000 42.00000000 46.50712967
v 43.00000000 42.94025421 39.00000000
v 43.00000000 43.00000000 39.05088425
v 43.00000000 43.00000000 45.49420929
v 43.00000000 42.59776306 46.00000000
v 43.00000000 43.62757874 40.00000000
v 43.00000000 43.88043594 41.00000000
v 43.00000000 43.85373688 42.00000000
v 43.00000000 43.72728729 43.00000000
v 43.00000000 43.53348541 44.00000000
v 43.00000000 43.23963547 45.00000000
v 44.00000000 20.29083824 18.00000000
v 44.00000000 21.00000000 17.07285118
v 44.00000000 20.09008026 19.00000000
v 44.00000000 20.05052948 20.00000000
v 44.00000000 20.03427315 21.00000000
v 44.00000000 20.02330780 22.00000000
v 44.00000000 20.03276443 23.00000000
v 44.00000000 20.05134392 24.00000000
v 44.00000000 20.07307625 25.00000000
v 44.00000000 20.09232140 26.00000000
v 44.00000000 20.11290741 27.00000000
v 44.00000000 20.13548088 28.00000000
v 44.00000000 20.16057396 29.00000000
v 44.00000000 20.18002701 30.00000000
v 44.00000000 20.19395828 31.00000000
v 44.00000000 20.20115852 32.00000000
v 44.00000000 20.20356178 33.00000000
v 44.00000000 20.19536018 34.00000000
v 44.00000000 20.18566513 35.00000000
v 44.00000000 20.17840004 36.00000000
v 44.00000000 20.18128395 37.00000000
v 44.00000000 20.19038963 38.00000000
v 44.00000000 20.19986725 39.00000000
v 44.00000000 20.20509720 40.00000000
v 44.00000000 20.21067619 41.00000000
v 44.00000000 20.21826935 42.00000000
v 44.00000000 20.22404099 43.00000000
v 44.00000000 20.23205185 44.00000000
v 44.00000000 20.28037643 45.00000000
v 44.00000000 20.54364777 46.00000000
v 44.00000000 21.00000000 46.47479248
v 44.00000000 21.29258728 17.00000000
v 44.00000000 22.00000000 16.89045334
v 44.00000000 22.00000000 46.60655212
v 44.00000000 23.00000000 16.86917114
v 44.00000000 23.00000000 46.61903763
v 44.00000000 24.00000000 16.81241989
v 44.00000000 24.00000000 46.63022614
v 44.00000000 25.00000000 16.75201988
v 44.00000000 25.00000000 46.62657928
v 44.00000000 26.00000000 16.68374443
v 44.00000000 26.00000000 46.61233902
v 44.00000000 27.00000000 16.52839470
v 44.00000000 27.00000000 46.62619781
v 44.00000000 28.00000000 16.38530540
v 44.00000000 28.00000000 46.66638565
v 44.00000000 29.00000000 16.22506523
v 44.00000000 29.00000000 46.68951416
v 44.00000000 30.00000000 16.10581970
v 44.00000000 30.00000000 46.73024368
v 44.00000000 31.00000000 16.23414612
v 44.00000000 31.00000000 46.75955582
v 44.00000000 31.58146286 17.00000000
v 44.00000000 31.77056313 18.00000000
v 44.00000000 31.78096199 19.00000000
v 44.00000000 31.74407196 20.00000000
v 44.00000000 31.68719864 21.00000000
v 44.00000000 31.63861656 22.00000000
v 44.00000000 31.60146904 23.00000000
v 44.00000000 31.57466316 24.00000000
v 44.00000000 31.55783844 25.00000000
v 44.00000000 31.53836060 26.00000000
v 44.00000000 31.52032661 27.00000000
v 44.00000000 31.51496315 28.00000000
v 44.00000000 31.48993111 29.00000000
v 44.00000000 31.45947075 30.00000000
v 44.00000000 31.42253494 31.00000000
v 44.00000000 31.39289665 32.00000000
v 44.00000000 31.38064575 33.00000000
v 44.00000000 31.39034462 34.00000000
v 44.00000000 31.40065956 35.00000000
v 44.00000000 31.42663383 36.00000000
v 44.00000000 31.58063507 37.00000000
v 44.00000000 32.00000000 37.84027863
v 44.00000000 32.00000000 46.81070328
v 44.00000000 32.46555328 38.00000000
v 44.00000000 33.00000000 38.11155701
v 44.00000000 33.00000000 46.86132431
v 43.82688522 34.00000000 38.00000000
v 44.00000000 33.95146561 38.00000000
v 44.00000000 34.00000000 37.99426651
v 44.00000000 34.00000000 46.89699173
v 44.00000000 35.00000000 37.80549240
v 44.00000000 35.00000000 46.93483734
v 44.00000000 36.00000000 37.66617966
v 44.00000000 36.00000000 46.99702835
v 44.00000000 37.00000000 37.59523010
v 44.00000000 36.04543304 47.00000000
v 44.00000000 37.00000000 47.04567719
v 44.00000000 38.00000000 37.63562775
v 44.00000000 38.00000000 47.05427170
v 44.00000000 39.00000000 37.72277451
v 44.00000000 39.00000000 47.04536057
v 44.00000000 40.00000000 37.88779831
v 44.00000000 40.00000000 46.99406052
v 44.00000000 39.92089462 47.00000000
v 44.00000000 40.50600052 38.00000000
v 44.00000000 41.00000000 38.12854385
v 44.00000000 41.00000000 46.82512665
v 44.00000000 42.00000000 38.49945831
v 44.00000000 42.00000000 46.50394440
v 44.00000000 42.91349411 39.00000000
v 44.00000000 43.00000000 39.07426834
v 44.00000000 43.00000000 45.47325134
v 44.00000000 42.58797836 46.00000000
v 44.00000000 43.60835266 40.00000000
v 44.00000000 43.86221313 41.00000000
v 44.00000000 43.83522797 42.00000000
v 44.00000000 43.71446609 43.00000000
v 44.00000000 43.52273560 44.00000000
v 44.00000000 43.22694397 45.00000000
v 45.00000000 20.28460121 18.00000000
v 45.00000000 21.00000000 17.04607582
v 45.00000000 20.09159088 19.00000000
v 45.00000000 20.05689430 20.00000000
v 45.00000000 20.04199409 21.00000000
v 45.00000000 20.03402710 22.00000000
v 45.00000000 20.04651070 23.00000000
v 45.00000000 20.06574440 24.00000000
v 45.00000000 20.08741188 25.00000000
v 45.00000000 20.10738754 26.00000000
v 45.00000000 20.12747574 27.00000000
v 45.00000000 20.15027809 28.00000000
v 45.00000000 20.17511177 29.00000000
v 45.00000000 20.19344902 30.00000000
v 45.00000000 20.20906067 31.00000000
v 45.00000000 20.21756554 32.00000000
v 45.00000000 20.21844673 33.00000000
v 45.00000000 20.20978355 34.00000000
v 45.00000000 20.20162010 35.00000000
v 45.00000000 20.19451141 36.00000000
v 45.00000000 20.19556046 37.00000000
v 45.00000000 20.20262337 38.00000000
v 45.00000000 20.21000862 39.00000000
v 45.00000000 20.21493530 40.00000000
v 45.00000000 20.21920013 41.00000000
v 45.00000000 20.22561073 42.00000000
v 45.00000000 20.23064232 43.00000000
v 45.00000000 20.23845673 44.00000000
v 45.00000000 20.29064369 45.00000000
v 45.00000000 20.54048347 46.00000000
v 45.00000000 21.00000000 46.48519516
v 45.00000000 21.17952538 17.00000000
v 45.00000000 22.00000000 16.87051582
v 45.00000000 22.00000000 46.61523056
v 45.00000000 23.00000000 16.85020638
v 45.00000000 23.00000000 46.61888885
v 45.00000000 24.00000000 16.79704666
v 45.00000000 24.00000000 46.62526703
v 45.00000000 25.00000000 16.73248863
v 45.00000000 25.00000000 46.62170410
v 45.00000000 26.00000000 16.67369843
v 45.00000000 26.00000000 46.60727692
v 45.00000000 27.00000000 16.52364922
v 45.00000000 27.00000000 46.62102127
v 45.00000000 28.00000000 16.38265419
v 45.00000000 28.00000000 46.66073608
v 45.00000000 29.00000000 16.22502899
v 45.00000000 29.00000000 46.68508530
v 45.00000000 30.00000000 16.10891151
v 45.00000000 30.00000000 46.72444534
v 45.00000000 31.00000000 16.23270798
v 45.00000000 31.00000000 46.75548935
v 45.00000000 31.58063698 17.00000000
v 45.00000000 31.77912140 18.00000000
v 45.00000000 31.78979874 19.00000000
v 45.00000000 31.75445366 20.00000000
v 45.00000000 31.69364929 21.00000000
v 45.00000000 31.64254379 22.00000000
v 45.00000000 31.60669518 23.00000000
v 45.00000000 31.57821655 24.00000000
v 45.00000000 31.56179047 25.00000000
v 45.00000000 31.54245758 26.00000000
v 45.00000000 31.52266502 27.00000000
v 45.00000000 31.51903534 28.00000000
v 45.00000000 31.49524498 29.00000000
v 45.00000000 31.46564865 30.00000000
v 45.00000000 31.42763329 31.00000000
v 45.00000000 31.40005112 32.00000000
v 45.00000000 31.39190483 33.00000000
v 45.00000000 31.39818382 34.00000000
v 45.00000000 31.40848732 35.00000000
v 45.00000000 31.43453217 36.00000000
v 45.00000000 31.56955338 37.00000000
v 45.00000000 32.00000000 37.86178970
v 45.00000000 32.00000000 46.80885696
v 45.00000000 32.48368073 38.00000000
v 45.00000000 33.00000000 38.09111404
v 45.00000000 33.00000000 46.86161804
v 45.00000000 33.68836212 38.00000000
v 45.00000000 34.00000000 37.95690155
v 45.00000000 34.00000000 46.90190125
v 45.00000000 35.00000000 37.76506042
v 45.00000000 35.00000000 46.94739151
v 45.00000000 36.00000000 37.62785339
v 45.00000000 35.86172867 47.00000000
v 44.25465775 36.00000000 47.00000000
v 45.00000000 36.00000000 47.00647736
v 45.00000000 37.00000000 37.56903458
v 45.00000000 37.00000000 47.05056000
v 45.00000000 38.00000000 37.61499405
v 45.00000000 38.00000000 47.05648422
v 45.00000000 39.00000000 37.71308899
v 45.00000000 39.00000000 47.05186462
v 45.00000000 40.00000000 37.87530899
v 45.00000000 40.00000000 46.99649048
v 45.00000000 39.95782471 47.00000000
v 45.00000000 40.53810120 38.00000000
v 45.00000000 41.00000000 38.12376404
v 45.00000000 41.00000000 46.82442474
v 45.00000000 42.00000000 38.50215912
v 45.00000000 42.00000000 46.49676132
v 45.00000000 42.88493729 39.00000000
v 45.00000000 43.00000000 39.10060120
v 45.00000000 43.00000000 45.44401550
v 45.00000000 42.57393265 46.00000000
v 45.00000000 43.58882523 40.00000000
v 45.00000000 43.84235001 41.00000000
v 45.00000000 43.81706238 42.00000000
v 45.00000000 43.69986725 43.00000000
v 45.00000000 43.51015091 44.00000000
v 45.00000000 43.21013641 45.00000000
v 46.00000000 20.28044510 18.00000000
v 46.00000000 21.00000000 17.01781845
v 46.00000000 20.09502220 19.00000000
v 46.00000000 20.06243896 20.00000000
v 46.00000000 20.04906845 21.00000000
v 46.00000000 20.04197693 22.00000000
v 46.00000000 20.05927467 23.00000000
v 46.00000000 20.07754517 24.00000000
v 46.00000000 20.09883118 25.00000000
v 46.00000000 20.11928940 26.00000000
v 46.00000000 20.14042664 27.00000000
v 46.00000000 20.16399765 28.00000000
v 46.00000000 20.18817711 29.00000000
v 46.00000000 20.20899963 30.00000000
v 46.00000000 20.22411537 31.00000000
v 46.00000000 20.23429298 32.00000000
v 46.00000000 20.23492241 33.00000000
v 46.00000000 20.22435760 34.00000000
v 46.00000000 20.21841812 35.00000000
v 46.00000000 20.21262741 36.00000000
v 46.00000000 20.21303749 37.00000000
v 46.00000000 20.21702385 38.00000000
v 46.00000000 20.22242546 39.00000000
v 46.00000000 20.22565079 40.00000000
v 46.00000000 20.22901535 41.00000000
v 46.00000000 20.23399925 42.00000000
v 46.00000000 20.23732948 43.00000000
v 46.00000000 20.24612808 44.00000000
v 46.00000000 20.29447746 45.00000000
v 46.00000000 20.53888512 46.00000000
v 46.00000000 21.00000000 46.48971558
v 46.00000000 21.06875992 17.00000000
v 46.00000000 22.00000000 16.85348320
v 46.00000000 22.00000000 46.61854935
v 46.00000000 23.00000000 16.83294296
v 46.00000000 23.00000000 46.62077713
v 46.00000000 24.00000000 16.78406906
v 46.00000000 24.00000000 46.62157822
v 46.00000000 25.00000000 16.71635056
v 46.00000000 25.00000000 46.61597061
v 46.00000000 26.00000000 16.65519905
v 46.00000000 26.00000000 46.60250092
v 46.00000000 27.00000000 16.51990509
v 46.00000000 27.00000000 46.61462784
v 46.00000000 28.00000000 16.38599586
v 46.00000000 28.00000000 46.65634155
v 46.00000000 29.00000000 16.23021317
v 46.00000000 29.00000000 46.68340302
v 46.00000000 30.00000000 16.11995316
v 46.00000000 30.00000000 46.71937943
v 46.00000000 31.00000000 16.23811913
v 46.00000000 31.00000000 46.75371552
v 46.00000000 31.59015083 17.00000000
v 46.00000000 31.78219223 18.00000000
v 46.00000000 31.80483437 19.00000000
v 46.00000000 31.77309608 20.00000000
v 46.00000000 31.71892738 21.00000000
v 46.00000000 31.66453934 22.00000000
v 46.00000000 31.62597656 23.00000000
v 46.00000000 31.59263992 24.00000000
v 46.00000000 31.57187653 25.00000000
v 46.00000000 31.55191422 26.00000000
v 46.00000000 31.53263855 27.00000000
v 46.00000000 31.52494049 28.00000000
v 46.00000000 31.50807381 29.00000000
v 46.00000000 31.47723389 30.00000000
v 46.00000000 31.43842506 31.00000000
v 46.00000000 31.41144371 32.00000000
v 46.00000000 31.40824318 33.00000000
v 46.00000000 31.41556740 34.00000000
v 46.00000000 31.42293930 35.00000000
v 46.00000000 31.44701576 36.00000000
v 46.00000000 31.56811142 37.00000000
v 46.00000000 32.00000000 37.87612152
v 46.00000000 32.00000000 46.81250763
v 46.00000000 32.51201248 38.00000000
v 46.00000000 33.00000000 38.07261658
v 46.00000000 33.00000000 46.86188507
v 46.00000000 33.48387146 38.00000000
v 46.00000000 34.00000000 37.91466904
v 46.00000000 34.00000000 46.91256332
v 46.00000000 35.00000000 37.71621704
v 46.00000000 35.00000000 46.95749664
v 46.00000000 36.00000000 37.57577515
v 46.00000000 35.70830154 47.00000000
v 46.00000000 36.00000000 47.01339722
v 46.00000000 37.00000000 37.51929474
v 46.00000000 37.00000000 47.05253220
v 46.00000000 38.00000000 37.57434845
v 46.00000000 38.00000000 47.05499268
v 46.00000000 39.00000000 37.68123627
v 46.00000000 39.00000000 47.05385590
v 46.00000000 40.00000000 37.86461258
v 46.00000000 40.00000000 46.99865341
v 46.00000000 39.98411560 47.00000000
v 46.00000000 40.53610229 38.00000000
v 46.00000000 41.00000000 38.13081741
v 46.00000000 41.00000000 46.82368851
v 46.00000000 42.00000000 38.51580811
v 46.00000000 42.00000000 46.49039459
v 46.00000000 42.85210037 39.00000000
v 46.00000000 43.00000000 39.13029861
v 46.00000000 43.00000000 45.40840149
v 46.00000000 42.55960083 46.00000000
v 46.00000000 43.56987762 40.00000000
v 46.00000000 43.82309723 41.00000000
v 46.00000000 43.79965210 42.00000000
v 46.00000000 43.68491745 43.00000000
v 46.00000000 43.49580765 44.00000000
v 46.00000000 43.19029999 45.00000000
v 46.61331558 21.00000000 17.00000000
v 47.00000000 20.98776245 17.00000000
v 47.00000000 21.00000000 16.99245834
v 47.00000000 20.27750969 18.00000000
v 47.00000000 20.10121346 19.00000000
v 47.00000000 20.07030678 20.00000000
v 47.00000000 20.05897903 21.00000000
v 47.00000000 20.05137062 22.00000000
v 47.00000000 20.06975937 23.00000000
v 47.00000000 20.08890915 24.00000000
v 47.00000000 20.11099243 25.00000000
v 47.00000000 20.13043785 26.00000000
v 47.00000000 20.15198135 27.00000000
v 47.00000000 20.17493248 28.00000000
v 47.00000000 20.19991493 29.00000000
v 47.00000000 20.22267723 30.00000000
v 47.00000000 20.23837090 31.00000000
v 47.00000000 20.25077438 32.00000000
v 47.00000000 20.24977303 33.00000000
v 47.00000000 20.23984909 34.00000000
v 47.00000000 20.23408508 35.00000000
v 47.00000000 20.23178291 36.00000000
v 47.00000000 20.23184776 37.00000000
v 47.00000000 20.23337746 38.00000000
v 47.00000000 20.23881721 39.00000000
v 47.00000000 20.23919868 40.00000000
v 47.00000000 20.24010849 41.00000000
v 47.00000000 20.24304962 42.00000000
v 47.00000000 20.24509239 43.00000000
v 47.00000000 20.25204277 44.00000000
v 47.00000000 20.29628563 45.00000000
v 47.00000000 20.53847504 46.00000000
v 47.00000000 21.00000000 46.49174881
v 47.00000000 22.00000000 16.83804321
v 47.00000000 22.00000000 46.61681747
v 47.00000000 23.00000000 16.81615067
v 47.00000000 23.00000000 46.61802673
v 47.00000000 24.00000000 16.77350044
v 47.00000000 24.00000000 46.61919403
v 47.00000000 25.00000000 16.70166969
v 47.00000000 25.00000000 46.61005402
v 47.00000000 26.00000000 16.64347649
v 47.00000000 26.00000000 46.59653091
v 47.00000000 27.00000000 16.51131630
v 47.00000000 27.00000000 46.60866547
v 47.00000000 28.00000000 16.38560295
v 47.00000000 28.00000000 46.65100098
v 47.00000000 29.00000000 16.24083519
v 47.00000000 29.00000000 46.67892075
v 47.00000000 30.00000000 16.13777351
v 47.00000000 30.00000000 46.71595764
v 47.00000000 31.00000000 16.25211716
v 47.00000000 31.00000000 46.75240326
v 47.00000000 31.60984230 17.00000000
v 47.00000000 31.80666733 18.00000000
v 47.00000000 31.82580185 19.00000000
v 47.00000000 31.80174637 20.00000000
v 47.00000000 31.75452995 21.00000000
v 47.00000000 31.70659256 22.00000000
v 47.00000000 31.66192436 23.00000000
v 47.00000000 31.62510872 24.00000000
v 47.00000000 31.60152054 25.00000000
v 47.00000000 31.58482361 26.00000000
v 47.00000000 31.56540871 27.00000000
v 47.00000000 31.54942322 28.00000000
v 47.00000000 31.53990555 29.00000000
v 47.00000000 31.50562477 30.00000000
v 47.00000000 31.45989609 31.00000000
v 47.00000000 31.42768097 32.00000000
v 47.00000000 31.42791557 33.00000000
v 47.00000000 31.43669319 34.00000000
v 47.00000000 31.44378471 35.00000000
v 47.00000000 31.46480370 36.00000000
v 47.00000000 31.56913757 37.00000000
v 47.00000000 32.00000000 37.88667679
v 47.00000000 32.00000000 46.81348038
v 47.00000000 32.56416702 38.00000000
v 47.00000000 33.00000000 38.05389023
v 47.00000000 33.00000000 46.86076355
v 47.00000000 33.34304810 38.00000000
v 47.00000000 34.00000000 37.87813568
v 47.00000000 34.00000000 46.92190552
v 47.00000000 35.00000000 37.63923645
v 47.00000000 35.00000000 46.96544266
v 47.00000000 36.00000000 37.47506714
v 47.00000000 35.60866547 47.00000000
v 47.00000000 36.00000000 47.01698303
v 47.00000000 37.00000000 37.45065308
v 47.00000000 37.00000000 47.04988098
v 47.00000000 38.00000000 37.52136230
v 47.00000000 38.00000000 47.05418777
v 47.00000000 39.00000000 37.65230179
v 47.00000000 39.00000000 47.05401993
v 47.00000000 40.00000000 37.86507416
v 47.00000000 40.00000000 46.99953842
v 47.00000000 39.99454117 47.00000000
v 47.00000000 40.51119232 38.00000000
v 47.00000000 41.00000000 38.13802719
v 47.00000000 41.00000000 46.82117844
v 47.00000000 42.00000000 38.52941132
v 47.00000000 42.00000000 46.48492050
v 47.00000000 42.82072830 39.00000000
v 47.00000000 43.00000000 39.15904999
v 47.00000000 43.00000000 45.36711121
v 47.00000000 42.54372787 46.00000000
v 47.00000000 43.54882812 40.00000000
v 47.00000000 43.80393600 41.00000000
v 47.00000000 43.77989578 42.00000000
v 47.00000000 43.66765213 43.00000000
v 47.00000000 43.48040390 44.00000000
v 47.00000000 43.16804504 45.00000000
v 48.00000000 20.94330406 17.00000000
v 48.00000000 21.00000000 16.96487999
v 48.00000000 20.26538849 18.00000000
v 48.00000000 20.10403252 19.00000000
v 48.00000000 20.07761955 20.00000000
v 48.00000000 20.06779480 21.00000000
v 48.00000000 20.06262398 22.00000000
v 48.00000000 20.08031273 23.00000000
v 48.00000000 20.09936714 24.00000000
v 48.00000000 20.12436676 25.00000000
v 48.00000000 20.14450836 26.00000000
v 48.00000000 20.16547775 27.00000000
v 48.00000000 20.18880653 28.00000000
v 48.00000000 20.21545410 29.00000000
v 48.00000000 20.23875427 30.00000000
v 48.00000000 20.25543594 31.00000000
v 48.00000000 20.26511955 32.00000000
v 48.00000000 20.26256561 33.00000000
v 48.00000000 20.25390625 34.00000000
v 48.00000000 20.24858284 35.00000000
v 48.00000000 20.25018501 36.00000000
v 48.00000000 20.24989891 37.00000000
v 48.00000000 20.25169182 38.00000000
v 48.00000000 20.25703430 39.00000000
v 48.00000000 20.25569344 40.00000000
v 48.00000000 20.25494576 41.00000000
v 48.00000000 20.25374794 42.00000000
v 48.00000000 20.25422096 43.00000000
v 48.00000000 20.25443268 44.00000000
v 48.00000000 20.29650307 45.00000000
v 48.00000000 20.53779221 46.00000000
v 48.00000000 21.00000000 46.48996735
v 48.00000000 22.00000000 16.82116127
v 48.00000000 22.00000000 46.61534882
v 48.00000000 23.00000000 16.80170441
v 48.00000000 23.00000000 46.61436844
v 48.00000000 24.00000000 16.76592636
v 48.00000000 24.00000000 46.61299133
v 48.00000000 25.00000000 16.69161224
v 48.00000000 25.00000000 46.60487366
v 48.00000000 26.00000000 16.63704109
v 48.00000000 26.00000000 46.58997345
v 48.00000000 27.00000000 16.51296043
v 48.00000000 27.00000000 46.60151291
v 48.00000000 28.00000000 16.38973618
v 48.00000000 28.00000000 46.64474106
v 48.00000000 29.00000000 16.25348282
v 48.00000000 29.00000000 46.67039108
v 48.00000000 30.00000000 16.16450310
v 48.00000000 30.00000000 46.70984650
v 48.00000000 31.00000000 16.28469467
v 48.00000000 31.00000000 46.75286484
v 48.00000000 31.62459183 17.00000000
v 48.00000000 31.82459831 18.00000000
v 48.00000000 31.84897614 19.00000000
v 48.00000000 31.82918167 20.00000000
v 48.00000000 31.79241753 21.00000000
v 48.00000000 31.76014519 22.00000000
v 48.00000000 31.72107697 23.00000000
v 48.00000000 31.68488312 24.00000000
v 48.00000000 31.65076065 25.00000000
v 48.00000000 31.62765694 26.00000000
v 48.00000000 31.61368561 27.00000000
v 48.00000000 31.59819031 28.00000000
v 48.00000000 31.58451843 29.00000000
v 48.00000000 31.56439781 30.00000000
v 48.00000000 31.51828384 31.00000000
v 48.00000000 31.48368263 32.00000000
v 48.00000000 31.48159599 33.00000000
v 48.00000000 31.48902512 34.00000000
v 48.00000000 31.50027657 35.00000000
v 48.00000000 31.50861549 36.00000000
v 48.00000000 31.58769226 37.00000000
v 48.00000000 32.00000000 37.88418198
v 48.00000000 32.00000000 46.81395721
v 48.00000000 32.73952866 38.00000000
v 48.00000000 33.00000000 38.02487564
v 48.00000000 33.00000000 46.86343765
v 48.00000000 33.14148331 38.00000000
v 48.00000000 34.00000000 37.81364441
v 48.00000000 34.00000000 46.92525864
v 48.00000000 35.00000000 37.54610825
v 48.00000000 35.00000000 46.97173309
v 48.00000000 36.00000000 37.37334442
v 48.00000000 35.49983215 47.00000000
v 48.00000000 36.00000000 47.02146912
v 48.00000000 37.00000000 37.37150192
v 48.00000000 37.00000000 47.04853821
v 48.00000000 38.00000000 37.45133591
v 48.00000000 38.00000000 47.05109024
v 48.00000000 39.00000000 37.60880661
v 48.00000000 39.00000000 47.05054474
v 48.00000000 40.00000000 37.84776688
v 48.00000000 40.00000000 46.99663925
v 48.00000000 39.95906067 47.00000000
v 48.00000000 40.55115891 38.00000000
v 48.00000000 41.00000000 38.12508392
v 48.00000000 41.00000000 46.81184006
v 48.00000000 42.00000000 38.52947617
v 48.00000000 42.00000000 46.47041702
v 48.00000000 42.80937958 39.00000000
v 48.00000000 43.00000000 39.17411041
v 48.00000000 43.00000000 45.30093002
v 48.00000000 42.51757431 46.00000000
v 48.00000000 43.52448273 40.00000000
v 48.00000000 43.77404404 41.00000000
v 48.00000000 43.74751282 42.00000000
v 48.00000000 43.63744736 43.00000000
v 48.00000000 43.45519257 44.00000000
v 48.00000000 43.13441849 45.00000000
v 49.00000000 20.89998817 17.00000000
v 49.00000000 21.00000000 16.93798828
v 49.00000000 20.24739456 18.00000000
v 49.00000000 20.09774208 19.00000000
v 49.00000000 20.07537270 20.00000000
v 49.00000000 20.06705475 21.00000000
v 49.00000000 20.06138992 22.00000000
v 49.00000000 20.08174324 23.00000000
v 49.00000000 20.10415840 24.00000000
v 49.00000000 20.12994576 25.00000000
v 49.00000000 20.15640068 26.00000000
v 49.00000000 20.17986679 27.00000000
v 49.00000000 20.20429039 28.00000000
v 49.00000000 20.23100662 29.00000000
v 49.00000000 20.25310135 30.00000000
v 49.00000000 20.27073479 31.00000000
v 49.00000000 20.27874947 32.00000000
v 49.00000000 20.27510643 33.00000000
v 49.00000000 20.26756859 34.00000000
v 49.00000000 20.26264763 35.00000000
v 49.00000000 20.26376915 36.00000000
v 49.00000000 20.26578712 37.00000000
v 49.00000000 20.26974487 38.00000000
v 49.00000000 20.27461624 39.00000000
v 49.00000000 20.27367401 40.00000000
v 49.00000000 20.27285576 41.00000000
v 49.00000000 20.26719475 42.00000000
v 49.00000000 20.26048851 43.00000000
v 49.00000000 20.25977516 44.00000000
v 49.00000000 20.29597855 45.00000000
v 49.00000000 20.53463936 46.00000000
v 49.00000000 21.00000000 46.49200821
v 49.00000000 22.00000000 16.80181122
v 49.00000000 22.00000000 46.61595917
v 49.00000000 23.00000000 16.78940964
v 49.00000000 23.00000000 46.61420822
v 49.00000000 24.00000000 16.75535202
v 49.00000000 24.00000000 46.60945511
v 49.00000000 25.00000000 16.68780327
v 49.00000000 25.00000000 46.59989548
v 49.00000000 26.00000000 16.63479424
v 49.00000000 26.00000000 46.58077240
v 49.00000000 27.00000000 16.51555824
v 49.00000000 27.00000000 46.59308624
v 49.00000000 28.00000000 16.39654160
v 49.00000000 28.00000000 46.63880539
v 49.00000000 29.00000000 16.26758766
v 49.00000000 29.00000000 46.66292572
v 49.00000000 30.00000000 16.18560982
v 49.00000000 30.00000000 46.70576859
v 49.00000000 31.00000000 16.30379868
v 49.00000000 31.00000000 46.75540161
v 49.00000000 31.61333656 17.00000000
v 49.00000000 31.82697487 18.00000000
v 49.00000000 31.84942627 19.00000000
v 49.00000000 31.83470726 20.00000000
v 49.00000000 31.80298996 21.00000000
v 49.00000000 31.77694702 22.00000000
v 49.00000000 31.76155281 23.00000000
v 49.00000000 31.74357224 24.00000000
v 49.00000000 31.72550774 25.00000000
v 49.00000000 31.70423508 26.00000000
v 49.00000000 31.68807411 27.00000000
v 49.00000000 31.67960167 28.00000000
v 49.00000000 31.66466331 29.00000000
v 49.00000000 31.64187241 30.00000000
v 49.00000000 31.60771942 31.00000000
v 49.00000000 31.57596779 32.00000000
v 49.00000000 31.56587982 33.00000000
v 49.00000000 31.56396294 34.00000000
v 49.00000000 31.55656433 35.00000000
v 49.00000000 31.54285049 36.00000000
v 49.00000000 31.62490273 37.00000000
v 49.00000000 32.00000000 37.85761642
v 49.00000000 32.00000000 46.82132721
v 48.96954727 33.00000000 38.00000000
v 49.00000000 33.00000000 37.99886322
v 49.00000000 33.00000000 46.87004089
v 49.00000000 34.00000000 37.72896194
v 49.00000000 34.00000000 46.93099594
v 49.00000000 35.00000000 37.46407700
v 49.00000000 35.00000000 46.98052216
v 49.00000000 36.00000000 37.28071976
v 49.00000000 35.34918976 47.00000000
v 49.00000000 36.00000000 47.02716064
v 49.00000000 37.00000000 37.25940323
v 49.00000000 37.00000000 47.04760742
v 49.00000000 38.00000000 37.33983231
v 49.00000000 38.00000000 47.04442215
v 49.00000000 39.00000000 37.50917053
v 49.00000000 39.00000000 47.04216766
v 49.00000000 40.00000000 37.78223038
v 49.00000000 40.00000000 46.97868347
v 49.00000000 39.75526810 47.00000000
v 49.00000000 40.73157120 38.00000000
v 49.00000000 41.00000000 38.07355499
v 49.00000000 41.00000000 46.79293823
v 49.00000000 42.00000000 38.49860764
v 49.00000000 42.00000000 46.44162750
v 49.00000000 42.84749985 39.00000000
v 49.00000000 43.00000000 39.14382553
v 49.00000000 43.00000000 45.22230530
v 49.00000000 42.48115540 46.00000000
v 49.00000000 43.51081467 40.00000000
v 49.00000000 43.73316193 41.00000000
v 49.00000000 43.70283127 42.00000000
v 49.00000000 43.59944916 43.00000000
v 49.00000000 43.42277145 44.00000000
v 49.00000000 43.09675598 45.00000000
v 50.00000000 20.87670135 17.00000000
v 50.00000000 21.00000000 16.92416573
v 50.00000000 20.22866249 18.00000000
v 50.00000000 20.08621407 19.00000000
v 50.00000000 20.07186317 20.00000000
v 50.00000000 20.06690216 21.00000000
v 50.00000000 20.06027985 22.00000000
v 50.00000000 20.07580185 23.00000000
v 50.00000000 20.10007477 24.00000000
v 50.00000000 20.12887192 25.00000000
v 50.00000000 20.15455818 26.00000000
v 50.00000000 20.18067741 27.00000000
v 50.00000000 20.20738792 28.00000000
v 50.00000000 20.23539734 29.00000000
v 50.00000000 20.25895882 30.00000000
v 50.00000000 20.27830124 31.00000000
v 50.00000000 20.28610802 32.00000000
v 50.00000000 20.28438950 33.00000000
v 50.00000000 20.27778435 34.00000000
v 50.00000000 20.27377892 35.00000000
v 50.00000000 20.27311897 36.00000000
v 50.00000000 20.27856636 37.00000000
v 50.00000000 20.28330612 38.00000000
v 50.00000000 20.28897285 39.00000000
v 50.00000000 20.28602219 40.00000000
v 50.00000000 20.28344345 41.00000000
v 50.00000000 20.27231216 42.00000000
v 50.00000000 20.26153564 43.00000000
v 50.00000000 20.26304245 44.00000000
v 50.00000000 20.29490662 45.00000000
v 50.00000000 20.52859306 46.00000000
v 50.00000000 21.00000000 46.50119400
v 50.00000000 22.00000000 16.78804207
v 50.00000000 22.00000000 46.62586594
v 50.00000000 23.00000000 16.78401375
v 50.00000000 23.00000000 46.62231445
v 50.00000000 24.00000000 16.74958229
v 50.00000000 24.00000000 46.60861969
v 50.00000000 25.00000000 16.68828964
v 50.00000000 25.00000000 46.59559250
v 50.00000000 26.00000000 16.63886833
v 50.00000000 26.00000000 46.56963348
v 50.00000000 27.00000000 16.52098083
v 50.00000000 27.00000000 46.57549667
v 50.00000000 28.00000000 16.40313530
v 50.00000000 28.00000000 46.62804413
v 50.00000000 29.00000000 16.28144646
v 50.00000000 29.00000000 46.65694809
v 50.00000000 30.00000000 16.20438766
v 50.00000000 30.00000000 46.70217514
v 50.00000000 31.00000000 16.31020164
v 50.00000000 31.00000000 46.75416183
v 50.00000000 31.67171860 17.00000000
v 50.00000000 31.85021591 18.00000000
v 50.00000000 31.86430550 19.00000000
v 50.00000000 31.85338402 20.00000000
v 50.00000000 31.83508492 21.00000000
v 50.00000000 31.81817436 22.00000000
v 50.00000000 31.80531120 23.00000000
v 50.00000000 31.79304886 24.00000000
v 50.00000000 31.78307152 25.00000000
v 50.00000000 31.77498436 26.00000000
v 50.00000000 31.76873589 27.00000000
v 50.00000000 31.75648117 28.00000000
v 50.00000000 31.74488449 29.00000000
v 50.00000000 31.73961449 30.00000000
v 50.00000000 31.71876144 31.00000000
v 50.00000000 31.69263840 32.00000000
v 50.00000000 31.68201065 33.00000000
v 50.00000000 31.67760086 34.00000000
v 50.00000000 31.65994072 35.00000000
v 50.00000000 31.64087296 36.00000000
v 50.00000000 31.74481201 37.00000000
v 50.00000000 32.00000000 37.68191528
v 50.00000000 32.00000000 46.82518005
v 50.00000000 33.00000000 37.89656067
v 50.00000000 33.00000000 46.87656784
v 50.00000000 34.00000000 37.53276825
v 50.00000000 34.00000000 46.93156433
v 50.00000000 35.00000000 37.23883820
v 50.00000000 35.00000000 46.98044586
v 50.00000000 36.00000000 37.00735855
v 50.00000000 35.31441116 47.00000000
v 50.00000000 36.00000000 47.03125763
v 49.89816284 37.00000000 37.00000000
v 50.00000000 36.15172958 37.00000000
v 50.00000000 37.00000000 36.96912003
v 50.00000000 37.00000000 47.04126740
v 50.00000000 37.23265457 37.00000000
v 50.00000000 38.00000000 37.11132050
v 50.00000000 38.00000000 47.03090668
v 50.00000000 39.00000000 37.34956741
v 50.00000000 39.00000000 47.02855301
v 50.00000000 40.00000000 37.67269516
v 50.00000000 40.00000000 46.95745850
v 50.00000000 39.51445007 47.00000000
v 49.97030640 41.00000000 38.00000000
v 50.00000000 41.00000000 37.99774551
v 50.00000000 41.00000000 46.76435852
v 50.00000000 41.00546646 38.00000000
v 50.00000000 42.00000000 38.42665100
v 50.00000000 42.00000000 46.39815140
v 50.00000000 42.90206146 39.00000000
v 50.00000000 43.00000000 39.10042572
v 50.00000000 43.00000000 45.11006165
v 50.00000000 42.42206573 46.00000000
v 50.00000000 43.49225998 40.00000000
v 50.00000000 43.67651367 41.00000000
v 50.00000000 43.64169312 42.00000000
v 50.00000000 43.54336929 43.00000000
v 50.00000000 43.36716843 44.00000000
v 50.00000000 43.04688263 45.00000000
v 51.00000000 20.85254097 17.00000000
v 51.00000000 21.00000000 16.91132164
v 51.00000000 20.20588875 18.00000000
v 51.00000000 20.07486343 19.00000000
v 51.00000000 20.06189919 20.00000000
v 51.00000000 20.06524658 21.00000000
v 51.00000000 20.05967903 22.00000000
v 51.00000000 20.07227898 23.00000000
v 51.00000000 20.09488869 24.00000000
v 51.00000000 20.12581062 25.00000000
v 51.00000000 20.15242958 26.00000000
v 51.00000000 20.17691803 27.00000000
v 51.00000000 20.20589256 28.00000000
v 51.00000000 20.23463058 29.00000000
v 51.00000000 20.26067924 30.00000000
v 51.00000000 20.27901268 31.00000000
v 51.00000000 20.28663826 32.00000000
v 51.00000000 20.28455544 33.00000000
v 51.00000000 20.27750397 34.00000000
v 51.00000000 20.27363014 35.00000000
v 51.00000000 20.27425194 36.00000000
v 51.00000000 20.28128242 37.00000000
v 51.00000000 20.28890991 38.00000000
v 51.00000000 20.29583168 39.00000000
v 51.00000000 20.29399872 40.00000000
v 51.00000000 20.28620529 41.00000000
v 51.00000000 20.26828194 42.00000000
v 51.00000000 20.25730324 43.00000000
v 51.00000000 20.25438881 44.00000000
v 51.00000000 20.27896309 45.00000000
v 51.00000000 20.51143837 46.00000000
v 51.00000000 21.00000000 46.51609039
v 51.00000000 22.00000000 16.77437210
v 51.00000000 22.00000000 46.63514709
v 51.00000000 23.00000000 16.78425407
v 51.00000000 23.00000000 46.63031006
v 51.00000000 24.00000000 16.74299049
v 51.00000000 24.00000000 46.60931015
v 51.00000000 25.00000000 16.69250870
v 51.00000000 25.00000000 46.59614182
v 51.00000000 26.00000000 16.64679718
v 51.00000000 26.00000000 46.56816864
v 51.00000000 27.00000000 16.52736092
v 51.00000000 27.00000000 46.56634521
v 51.00000000 28.00000000 16.41021538
v 51.00000000 28.00000000 46.61282349
v 51.00000000 29.00000000 16.30167770
v 51.00000000 29.00000000 46.64299011
v 51.00000000 30.00000000 16.21911812
v 51.00000000 30.00000000 46.69573975
v 51.00000000 31.00000000 16.31582069
v 51.00000000 31.00000000 46.75716782
v 51.00000000 31.79742050 17.00000000
v 51.00000000 31.96821976 18.00000000
v 50.87997055 32.00000000 19.00000000
v 51.00000000 32.00000000 18.58278656
v 50.86460876 32.00000000 20.00000000
v 50.93998718 32.00000000 21.00000000
v 51.00000000 32.00000000 21.67437172
v 51.00000000 31.99374199 22.00000000
v 51.00000000 31.97403336 23.00000000
v 51.00000000 31.96195221 24.00000000
v 51.00000000 31.95588303 25.00000000
v 51.00000000 31.96177864 26.00000000
v 51.00000000 31.95953941 27.00000000
v 51.00000000 31.94630051 28.00000000
v 51.00000000 31.93408394 29.00000000
v 51.00000000 31.92910385 30.00000000
v 51.00000000 31.93165016 31.00000000
v 51.00000000 31.93890572 32.00000000
v 51.00000000 31.95379448 33.00000000
v 51.00000000 31.97110939 34.00000000
v 51.00000000 31.96781349 35.00000000
v 51.00000000 31.95799065 36.00000000
v 50.84126282 32.00000000 37.00000000
v 51.00000000 32.00000000 36.45475006
v 51.00000000 32.00000000 46.82805252
v 50.82119751 33.00000000 18.00000000
v 51.00000000 32.32293320 18.00000000
v 51.00000000 33.00000000 17.64180374
v 50.72281647 33.00000000 19.00000000
v 50.78138733 33.00000000 20.00000000
v 50.86304474 33.00000000 21.00000000
v 51.00000000 32.21872330 22.00000000
v 50.95066833 33.00000000 22.00000000
v 51.00000000 33.00000000 22.61930084
v 51.00000000 32.78514099 37.00000000
v 51.00000000 33.00000000 37.05520630
v 51.00000000 33.00000000 46.87693024
v 50.84776306 34.00000000 18.00000000
v 51.00000000 34.00000000 17.32645798
v 50.80801010 34.00000000 19.00000000
v 50.83029175 34.00000000 20.00000000
v 50.89627838 34.00000000 21.00000000
v 50.94202423 34.00000000 22.00000000
v 51.00000000 33.67824554 23.00000000
v 50.98908234 34.00000000 23.00000000
v 51.00000000 34.00000000 23.17915535
v 50.76341248 34.00000000 37.00000000
v 51.00000000 33.15671539 37.00000000
v 51.00000000 34.00000000 36.50798416
v 51.00000000 34.00000000 46.92731476
v 50.95711136 35.00000000 18.00000000
v 51.00000000 35.00000000 17.75104332
v 50.92156601 35.00000000 19.00000000
v 50.88883591 35.00000000 20.00000000
v 50.87548447 35.00000000 21.00000000
v 50.89905548 35.00000000 22.00000000
v 50.92846680 35.00000000 23.00000000
v 51.00000000 34.58029175 24.00000000
v 50.96714020 35.00000000 24.00000000
v 51.00000000 35.00000000 24.84372902
v 50.46525574 35.00000000 37.00000000
v 51.00000000 35.00000000 36.04991531
v 51.00000000 35.00000000 46.98200607
v 51.00000000 35.30725861 18.00000000
v 51.00000000 35.74913788 19.00000000
v 51.00000000 36.00000000 19.66458130
v 50.98633957 36.00000000 20.00000000
v 50.96793747 36.00000000 21.00000000
v 50.96109772 36.00000000 22.00000000
v 50.98211288 36.00000000 23.00000000
v 51.00000000 36.00000000 23.69214630
v 51.00000000 35.83082962 24.00000000
v 50.01757431 36.00000000 37.00000000
v 51.00000000 36.00000000 36.12318420
v 51.00000000 35.27807999 47.00000000
v 51.00000000 36.00000000 47.03369141
v 51.00000000 36.08552551 20.00000000
v 51.00000000 36.21180344 21.00000000
v 51.00000000 36.27758408 22.00000000
v 51.00000000 36.14910507 23.00000000
v 51.00000000 37.00000000 36.23653412
v 51.00000000 37.00000000 47.03200150
v 50.27924347 38.00000000 37.00000000
v 51.00000000 38.00000000 36.51426697
v 51.00000000 38.00000000 47.01910782
v 50.86496735 39.00000000 37.00000000
v 51.00000000 39.00000000 36.89359283
v 51.00000000 39.00000000 47.01319504
v 51.00000000 39.13001251 37.00000000
v 51.00000000 40.00000000 37.38347626
v 51.00000000 40.00000000 46.92805862
v 51.00000000 39.23072815 47.00000000
v 51.00000000 41.00000000 37.81896210
v 51.00000000 41.00000000 46.71298981
v 51.00000000 41.39494324 38.00000000
v 51.00000000 42.00000000 38.27303696
v 51.00000000 42.00000000 46.32688522
v 50.93066025 43.00000000 39.00000000
v 51.00000000 43.00000000 38.99464035
v 50.71936417 43.00000000 45.00000000
v 51.00000000 43.00000000 44.94490051
v 51.00000000 42.97391891 45.00000000
v 51.00000000 42.33363342 46.00000000
v 51.00000000 43.00410080 39.00000000
v 51.00000000 43.44232559 40.00000000
v 51.00000000 43.58659363 41.00000000
v 51.00000000 43.55707169 42.00000000
v 51.00000000 43.46052933 43.00000000
v 51.00000000 43.29105377 44.00000000
v 52.00000000 20.82852936 17.00000000
v 52.00000000 21.00000000 16.90043640
v 52.00000000 20.17189217 18.00000000
v 52.00000000 20.04592705 19.00000000
v 52.00000000 20.03871155 20.00000000
v 52.00000000 20.04749298 21.00000000
v 52.00000000 20.05012894 22.00000000
v 52.00000000 20.06332397 23.00000000
v 52.00000000 20.08877182 24.00000000
v 52.00000000 20.11927032 25.00000000
v 52.00000000 20.14519501 26.00000000
v 52.00000000 20.17011833 27.00000000
v 52.00000000 20.19784355 28.00000000
v 52.00000000 20.22639465 29.00000000
v 52.00000000 20.25455666 30.00000000
v 52.00000000 20.27275085 31.00000000
v 52.00000000 20.28056145 32.00000000
v 52.00000000 20.27750778 33.00000000
v 52.00000000 20.26860046 34.00000000
v 52.00000000 20.26321983 35.00000000
v 52.00000000 20.26495934 36.00000000
v 52.00000000 20.27323151 37.00000000
v 52.00000000 20.28110504 38.00000000
v 52.00000000 20.28910828 39.00000000
v 52.00000000 20.28446198 40.00000000
v 52.00000000 20.27014923 41.00000000
v 52.00000000 20.25357056 42.00000000
v 52.00000000 20.24510384 43.00000000
v 52.00000000 20.23470497 44.00000000
v 52.00000000 20.25046730 45.00000000
v 52.00000000 20.48111153 46.00000000
v 52.00000000 21.00000000 46.53863525
v 52.00000000 22.00000000 16.76471329
v 52.00000000 22.00000000 46.64858246
v 52.00000000 23.00000000 16.78462219
v 52.00000000 23.00000000 46.63721466
v 52.00000000 24.00000000 16.74483109
v 52.00000000 24.00000000 46.61583710
v 52.00000000 25.00000000 16.69963074
v 52.00000000 25.00000000 46.60229874
v 52.00000000 26.00000000 16.65412140
v 52.00000000 26.00000000 46.57020950
v 52.00000000 27.00000000 16.53545189
v 52.00000000 27.00000000 46.56678391
v 52.00000000 28.00000000 16.42661285
v 52.00000000 28.00000000 46.60985184
v 52.00000000 29.00000000 16.32768440
v 52.00000000 29.00000000 46.64217758
v 52.00000000 30.00000000 16.24126434
v 52.00000000 30.00000000 46.69654465
v 52.00000000 31.00000000 16.32170105
v 52.00000000 31.00000000 46.76123810
v 51.69161606 32.00000000 17.00000000
v 52.00000000 32.00000000 16.88824272
v 51.09638214 32.00000000 18.00000000
v 51.01586533 32.00000000 22.00000000
v 51.06647873 32.00000000 23.00000000
v 51.09826660 32.00000000 24.00000000
v 51.11724472 32.00000000 25.00000000
v 51.10690308 32.00000000 26.00000000
v 51.11685562 32.00000000 27.00000000
v 51.15643311 32.00000000 28.00000000
v 51.19489288 32.00000000 29.00000000
v 51.21372986 32.00000000 30.00000000
v 51.21602249 32.00000000 31.00000000
v 51.20406342 32.00000000 32.00000000
v 51.15888596 32.00000000 33.00000000
v 51.09566879 32.00000000 34.00000000
v 51.09856796 32.00000000 35.00000000
v 51.11824799 32.00000000 36.00000000
v 52.00000000 32.00000000 46.83263397
v 51.39730453 33.00000000 17.00000000
v 52.00000000 33.00000000 16.72834015
v 51.03536987 33.00000000 23.00000000
v 51.11791611 33.00000000 24.00000000
v 51.18870163 33.00000000 25.00000000
v 51.22985458 33.00000000 26.00000000
v 51.27222061 33.00000000 27.00000000
v 51.33619308 33.00000000 28.00000000
v 51.38740921 33.00000000 29.00000000
v 51.41162491 33.00000000 30.00000000
v 51.41800308 33.00000000 31.00000000
v 51.42306519 33.00000000 32.00000000
v 51.40296173 33.00000000 33.00000000
v 51.39296341 33.00000000 34.00000000
v 51.40772247 33.00000000 35.00000000
v 51.37248611 33.00000000 36.00000000
v 51.04119873 33.00000000 37.00000000
v 52.00000000 33.00000000 46.88077545
v 51.12136841 34.00000000 17.00000000
v 52.00000000 34.00000000 16.44535446
v 51.07304001 34.00000000 24.00000000
v 51.14969254 34.00000000 25.00000000
v 51.18148804 34.00000000 26.00000000
v 51.21467590 34.00000000 27.00000000
v 51.24467850 34.00000000 28.00000000
v 51.29172134 34.00000000 29.00000000
v 51.33716583 34.00000000 30.00000000
v 51.38286591 34.00000000 31.00000000
v 51.39167023 34.00000000 32.00000000
v 51.30117416 34.00000000 33.00000000
v 51.24795532 34.00000000 34.00000000
v 51.24851990 34.00000000 35.00000000
v 51.18040466 34.00000000 36.00000000
v 52.00000000 34.00000000 46.92607117
v 51.21466064 35.00000000 17.00000000
v 52.00000000 35.00000000 16.37514687
v 51.01061249 35.00000000 25.00000000
v 51.06172180 35.00000000 26.00000000
v 51.11650467 35.00000000 27.00000000
v 51.14727783 35.00000000 28.00000000
v 51.19863510 35.00000000 29.00000000
v 51.24776459 35.00000000 30.00000000
v 51.30899429 35.00000000 31.00000000
v 51.34409714 35.00000000 32.00000000
v 51.31672668 35.00000000 33.00000000
v 51.25304413 35.00000000 34.00000000
v 51.19622421 35.00000000 35.00000000
v 51.01771545 35.00000000 36.00000000
v 52.00000000 35.00000000 46.98153687
v 51.46769333 36.00000000 17.00000000
v 52.00000000 36.00000000 16.53979492
v 51.14953995 36.00000000 18.00000000
v 51.04088211 36.00000000 19.00000000
v 51.01196289 36.00000000 24.00000000
v 51.05587006 36.00000000 25.00000000
v 51.10893250 36.00000000 26.00000000
v 51.13135529 36.00000000 27.00000000
v 51.14230728 36.00000000 28.00000000
v 51.16470718 36.00000000 29.00000000
v 51.24388504 36.00000000 30.00000000
v 51.30294800 36.00000000 31.00000000
v 51.35762787 36.00000000 32.00000000
v 51.38812256 36.00000000 33.00000000
v 51.37649155 36.00000000 34.00000000
v 51.31568909 36.00000000 35.00000000
v 51.06638718 36.00000000 36.00000000
v 52.00000000 35.30747604 47.00000000
v 52.00000000 36.00000000 47.02979279
v 51.83916855 37.00000000 17.00000000
v 52.00000000 37.00000000 16.86668968
v 51.46100998 37.00000000 18.00000000
v 51.31335831 37.00000000 19.00000000
v 51.22361374 37.00000000 20.00000000
v 51.18151093 37.00000000 21.00000000
v 51.15423965 37.00000000 22.00000000
v 51.15989304 37.00000000 23.00000000
v 51.16777802 37.00000000 24.00000000
v 51.17961502 37.00000000 25.00000000
v 51.17173767 37.00000000 26.00000000
v 51.18578339 37.00000000 27.00000000
v 51.20045090 37.00000000 28.00000000
v 51.22461700 37.00000000 29.00000000
v 51.27417755 37.00000000 30.00000000
v 51.35531235 37.00000000 31.00000000
v 51.41671371 37.00000000 32.00000000
v 51.45890045 37.00000000 33.00000000
v 51.46962738 37.00000000 34.00000000
v 51.42746735 37.00000000 35.00000000
v 51.14825439 37.00000000 36.00000000
v 52.00000000 37.00000000 47.01703262
v 52.00000000 37.39775467 17.00000000
v 52.00000000 38.00000000 17.66039848
v 51.87768555 38.00000000 18.00000000
v 51.69232178 38.00000000 19.00000000
v 51.55944824 38.00000000 20.00000000
v 51.48840714 38.00000000 21.00000000
v 51.44870758 38.00000000 22.00000000
v 51.42122650 38.00000000 23.00000000
v 51.41489410 38.00000000 24.00000000
v 51.39447784 38.00000000 25.00000000
v 51.35154724 38.00000000 26.00000000
v 51.31380844 38.00000000 27.00000000
v 51.31792450 38.00000000 28.00000000
v 51.32627487 38.00000000 29.00000000
v 51.34792709 38.00000000 30.00000000
v 51.41051483 38.00000000 31.00000000
v 51.49996948 38.00000000 32.00000000
v 51.55925369 38.00000000 33.00000000
v 51.58422852 38.00000000 34.00000000
v 51.53469086 38.00000000 35.00000000
v 51.33432007 38.00000000 36.00000000
v 52.00000000 38.00000000 47.00046921
v 52.00000000 38.20195389 18.00000000
v 52.00000000 38.52191544 19.00000000
v 52.00000000 38.77783585 20.00000000
v 52.00000000 38.95636749 21.00000000
v 52.00000000 39.00000000 21.40878677
v 51.96247101 39.00000000 22.00000000
v 51.90523529 39.00000000 23.00000000
v 51.85840607 39.00000000 24.00000000
v 51.79503632 39.00000000 25.00000000
v 51.72578430 39.00000000 26.00000000
v 51.66639709 39.00000000 27.00000000
v 51.61745071 39.00000000 28.00000000
v 51.60804367 39.00000000 29.00000000
v 51.60943222 39.00000000 30.00000000
v 51.61481857 39.00000000 31.00000000
v 51.66908264 39.00000000 32.00000000
v 51.75125504 39.00000000 33.00000000
v 51.79099655 39.00000000 34.00000000
v 51.71197891 39.00000000 35.00000000
v 51.56164551 39.00000000 36.00000000
v 51.54777145 39.00000000 47.00000000
v 52.00000000 39.00000000 46.98383331
v 52.00000000 38.04212570 47.00000000
v 52.00000000 39.05460739 22.00000000
v 52.00000000 39.14542770 23.00000000
v 52.00000000 39.22805786 24.00000000
v 52.00000000 39.33880615 25.00000000
v 52.00000000 39.47109985 26.00000000
v 52.00000000 39.59111023 27.00000000
v 52.00000000 39.68558121 28.00000000
v 52.00000000 39.72959900 29.00000000
v 52.00000000 39.73184586 30.00000000
v 52.00000000 39.72483444 31.00000000
v 52.00000000 39.68194199 32.00000000
v 52.00000000 39.57798004 33.00000000
v 52.00000000 39.48903656 34.00000000
v 52.00000000 39.64733124 35.00000000
v 52.00000000 39.91742325 36.00000000
v 51.79083252 40.00000000 37.00000000
v 52.00000000 40.00000000 36.24999619
v 52.00000000 40.00000000 46.87089157
v 52.00000000 40.18419266 37.00000000
v 52.00000000 41.00000000 37.48527145
v 52.00000000 41.00000000 46.65099335
v 52.00000000 41.84688187 38.00000000
v 52.00000000 42.00000000 38.08149338
v 52.00000000 42.00000000 46.22328949
v 52.00000000 43.00000000 38.92402267
v 52.00000000 43.00000000 44.61726761
v 52.00000000 42.84243774 45.00000000
v 52.00000000 42.21818924 46.00000000
v 52.00000000 43.05063629 39.00000000
v 52.00000000 43.34228134 40.00000000
v 52.00000000 43.46149826 41.00000000
v 52.00000000 43.43821716 42.00000000
v 52.00000000 43.34288406 43.00000000
v 52.00000000 43.17837143 44.00000000
v 52.94888687 20.00000000 20.00000000
v 53.00000000 19.99735451 20.00000000
v 53.00000000 20.00000000 19.49556351
v 53.00000000 20.00000000 20.15543938
v 53.00000000 20.78667831 17.00000000
v 53.00000000 21.00000000 16.88440514
v 53.00000000 20.11842155 18.00000000
v 53.00000000 20.00234222 19.00000000
v 53.00000000 20.01095963 21.00000000
v 53.00000000 20.01525879 22.00000000
v 53.00000000 20.03266716 23.00000000
v 53.00000000 20.06107140 24.00000000
v 53.00000000 20.09210968 25.00000000
v 53.00000000 20.12194443 26.00000000
v 53.00000000 20.15086555 27.00000000
v 53.00000000 20.17966652 28.00000000
v 53.00000000 20.20834732 29.00000000
v 53.00000000 20.23427200 30.00000000
v 53.00000000 20.25415421 31.00000000
v 53.00000000 20.26516342 32.00000000
v 53.00000000 20.26278114 33.00000000
v 53.00000000 20.25230980 34.00000000
v 53.00000000 20.24703979 35.00000000
v 53.00000000 20.24992752 36.00000000
v 53.00000000 20.25725365 37.00000000
v 53.00000000 20.26482201 38.00000000
v 53.00000000 20.27417183 39.00000000
v 53.00000000 20.26648331 40.00000000
v 53.00000000 20.25312996 41.00000000
v 53.00000000 20.23697090 42.00000000
v 53.00000000 20.22337341 43.00000000
v 53.00000000 20.20378494 44.00000000
v 53.00000000 20.20986176 45.00000000
v 53.00000000 20.43817902 46.00000000
v 53.00000000 21.00000000 46.56843567
v 53.00000000 22.00000000 16.76427841
v 53.00000000 22.00000000 46.67177582
v 53.00000000 23.00000000 16.79113388
v 53.00000000 23.00000000 46.64788818
v 53.00000000 24.00000000 16.74965858
v 53.00000000 24.00000000 46.62759018
v 53.00000000 25.00000000 16.71307564
v 53.00000000 25.00000000 46.61298752
v 53.00000000 26.00000000 16.66084862
v 53.00000000 26.00000000 46.57891846
v 53.00000000 27.00000000 16.54008102
v 53.00000000 27.00000000 46.57760239
v 53.00000000 28.00000000 16.45792580
v 53.00000000 28.00000000 46.61354446
v 53.00000000 29.00000000 16.35170364
v 53.00000000 29.00000000 46.64159393
v 53.00000000 30.00000000 16.26470184
v 53.00000000 30.00000000 46.69464493
v 53.00000000 31.00000000 16.31669044
v 53.00000000 31.00000000 46.75701141
v 53.00000000 32.00000000 16.59855843
v 53.00000000 32.00000000 46.82901382
v 53.00000000 33.00000000 16.40395927
v 53.00000000 33.00000000 46.88117218
v 53.00000000 34.00000000 16.07874870
v 53.00000000 34.00000000 46.92045975
v 52.96158600 35.00000000 16.00000000
v 53.00000000 34.87968826 16.00000000
v 53.00000000 35.00000000 15.99403000
v 53.00000000 35.00000000 46.96944427
v 53.00000000 35.23674011 16.00000000
v 53.00000000 36.00000000 16.04847145
v 53.00000000 35.68352509 47.00000000
v 53.00000000 36.00000000 47.00991058
v 53.00000000 37.00000000 16.26240540
v 52.54422379 37.00000000 47.00000000
v 53.00000000 37.00000000 46.97786331
v 53.00000000 36.41591644 47.00000000
v 52.40546799 38.00000000 17.00000000
v 53.00000000 38.00000000 16.72034073
v 52.01330948 38.00000000 47.00000000
v 53.00000000 38.00000000 46.94745636
v 53.00000000 38.48691177 17.00000000
v 52.89463806 39.00000000 18.00000000
v 53.00000000 39.00000000 17.86588669
v 52.50550842 39.00000000 19.00000000
v 52.20543289 39.00000000 20.00000000
v 52.03516006 39.00000000 21.00000000
v 53.00000000 39.00000000 46.90804291
v 53.00000000 39.06182861 18.00000000
v 53.00000000 39.32771683 19.00000000
v 53.00000000 39.59281540 20.00000000
v 53.00000000 39.76543808 21.00000000
v 53.00000000 39.88998413 22.00000000
v 53.00000000 39.98774338 23.00000000
v 52.89764404 40.00000000 24.00000000
v 53.00000000 40.00000000 23.17092323
v 52.75082779 40.00000000 25.00000000
v 52.56071854 40.00000000 26.00000000
v 52.39193344 40.00000000 27.00000000
v 52.27748489 40.00000000 28.00000000
v 52.22113419 40.00000000 29.00000000
v 52.21310043 40.00000000 30.00000000
v 52.21461487 40.00000000 31.00000000
v 52.22284317 40.00000000 32.00000000
v 52.25654984 40.00000000 33.00000000
v 52.31092453 40.00000000 34.00000000
v 52.22278976 40.00000000 35.00000000
v 52.05477524 40.00000000 36.00000000
v 53.00000000 40.00000000 46.78242874
v 53.00000000 40.05894470 24.00000000
v 53.00000000 40.15173340 25.00000000
v 53.00000000 40.28701019 26.00000000
v 53.00000000 40.41864014 27.00000000
v 53.00000000 40.52970123 28.00000000
v 53.00000000 40.62028503 29.00000000
v 53.00000000 40.69079208 30.00000000
v 53.00000000 40.72641754 31.00000000
v 53.00000000 40.75300217 32.00000000
v 53.00000000 40.76416397 33.00000000
v 53.00000000 40.75384140 34.00000000
v 53.00000000 40.79219437 35.00000000
v 53.00000000 40.85489273 36.00000000
v 52.90299225 41.00000000 37.00000000
v 53.00000000 41.00000000 36.67234421
v 53.00000000 41.00000000 46.55463028
v 53.00000000 41.06134033 37.00000000
v 52.64820862 42.00000000 38.00000000
v 53.00000000 42.00000000 37.94045639
v 53.00000000 42.00000000 46.05381012
v 53.00000000 42.04955673 38.00000000
v 53.00000000 42.89791489 39.00000000
v 52.47602463 43.00000000 39.00000000
v 53.00000000 43.00000000 39.24184799
v 53.00000000 43.00000000 44.00788116
v 53.00000000 42.65342712 45.00000000
v 53.00000000 42.04998398 46.00000000
v 53.00000000 43.20421219 40.00000000
v 53.00000000 43.26913834 41.00000000
v 53.00000000 43.23991776 42.00000000
v 53.00000000 43.16252136 43.00000000
v 53.00000000 43.00206757 44.00000000
v 53.07134628 20.00000000 19.00000000
v 54.00000000 19.96251106 19.00000000
v 54.00000000 20.00000000 18.62905312
v 54.00000000 19.96043777 20.00000000
v 53.36135101 20.00000000 21.00000000
v 54.00000000 19.97425079 21.00000000
v 53.52295303 20.00000000 22.00000000
v 54.00000000 19.98149300 22.00000000
v 54.00000000 20.00000000 22.84871674
v 54.00000000 20.79937935 17.00000000
v 54.00000000 21.00000000 16.90312386
v 54.00000000 20.07606888 18.00000000
v 54.00000000 20.00256348 23.00000000
v 54.00000000 20.03432274 24.00000000
v 54.00000000 20.06399536 25.00000000
v 54.00000000 20.09049988 26.00000000
v 54.00000000 20.11859512 27.00000000
v 54.00000000 20.15411377 28.00000000
v 54.00000000 20.18342018 29.00000000
v 54.00000000 20.20907784 30.00000000
v 54.00000000 20.23115158 31.00000000
v 54.00000000 20.24877167 32.00000000
v 54.00000000 20.24752617 33.00000000
v 54.00000000 20.24029922 34.00000000
v 54.00000000 20.23552895 35.00000000
v 54.00000000 20.24037743 36.00000000
v 54.00000000 20.24735832 37.00000000
v 54.00000000 20.25604439 38.00000000
v 54.00000000 20.26087761 39.00000000
v 54.00000000 20.24827766 40.00000000
v 54.00000000 20.23314095 41.00000000
v 54.00000000 20.21427536 42.00000000
v 54.00000000 20.19213295 43.00000000
v 54.00000000 20.16728020 44.00000000
v 54.00000000 20.15950394 45.00000000
v 54.00000000 20.39118576 46.00000000
v 54.00000000 21.00000000 46.56193924
v 54.00000000 22.00000000 16.79323578
v 54.00000000 22.00000000 46.65780258
v 54.00000000 23.00000000 16.81467056
v 54.00000000 23.00000000 46.63269806
v 54.00000000 24.00000000 16.78927803
v 54.00000000 24.00000000 46.61058426
v 54.00000000 25.00000000 16.74812889
v 54.00000000 25.00000000 46.58951187
v 54.00000000 26.00000000 16.70453644
v 54.00000000 26.00000000 46.54643631
v 54.00000000 27.00000000 16.59937096
v 54.00000000 27.00000000 46.53909683
v 54.00000000 28.00000000 16.49577141
v 54.00000000 28.00000000 46.56145096
v 54.00000000 29.00000000 16.37977409
v 54.00000000 29.00000000 46.58733749
v 54.00000000 30.00000000 16.29238701
v 54.00000000 30.00000000 46.63572693
v 54.00000000 31.00000000 16.32410431
v 54.00000000 31.00000000 46.70538330
v 54.00000000 32.00000000 16.44680214
v 54.00000000 32.00000000 46.77392960
v 54.00000000 33.00000000 16.20778084
v 54.00000000 33.00000000 46.81756210
v 53.37958908 34.00000000 16.00000000
v 54.00000000 33.73018646 16.00000000
v 54.00000000 34.00000000 15.94137478
v 54.00000000 34.00000000 46.84618759
v 54.00000000 35.00000000 15.89470863
v 54.00000000 35.00000000 46.88274765
v 53.27955627 36.00000000 16.00000000
v 54.00000000 36.00000000 15.94534779
v 53.13241577 36.00000000 47.00000000
v 54.00000000 36.00000000 46.88898849
v 54.00000000 36.54710388 16.00000000
v 54.00000000 37.00000000 16.09869385
v 54.00000000 37.00000000 46.85529709
v 54.00000000 38.00000000 16.52024651
v 54.00000000 38.00000000 46.80220795
v 54.00000000 38.77379227 17.00000000
v 54.00000000 39.00000000 17.36054420
v 54.00000000 39.00000000 46.75713730
v 54.00000000 39.33066177 18.00000000
v 54.00000000 39.58862686 19.00000000
v 54.00000000 39.82699585 20.00000000
v 53.98762131 40.00000000 21.00000000
v 54.00000000 40.00000000 20.98388100
v 53.44860840 40.00000000 22.00000000
v 53.04954147 40.00000000 23.00000000
v 54.00000000 40.00000000 46.62279510
v 54.00000000 40.00262833 21.00000000
v 54.00000000 40.12657928 22.00000000
v 54.00000000 40.23026276 23.00000000
v 54.00000000 40.31437302 24.00000000
v 54.00000000 40.42467880 25.00000000
v 54.00000000 40.54625320 26.00000000
v 54.00000000 40.66598129 27.00000000
v 54.00000000 40.76927948 28.00000000
v 54.00000000 40.86213684 29.00000000
v 54.00000000 40.93581390 30.00000000
v 54.00000000 40.97428131 31.00000000
v 54.00000000 40.96957397 32.00000000
v 54.00000000 40.95434952 33.00000000
v 54.00000000 40.93055725 34.00000000
v 54.00000000 40.95507050 35.00000000
v 53.72501755 41.00000000 36.00000000
v 54.00000000 41.00000000 35.50232315
v 54.00000000 41.00000000 46.34838486
v 54.00000000 41.03676987 36.00000000
v 54.00000000 41.17060089 37.00000000
v 54.00000000 41.71901703 38.00000000
v 53.21131134 42.00000000 38.00000000
v 54.00000000 42.00000000 38.30925369
v 53.17459869 42.00000000 46.00000000
v 54.00000000 42.00000000 45.62210846
v 54.00000000 41.60419464 46.00000000
v 54.00000000 42.43167496 39.00000000
v 54.00000000 42.78462601 40.00000000
v 53.58786774 43.00000000 40.00000000
v 54.00000000 42.91997528 41.00000000
v 53.82863235 43.00000000 41.00000000
v 54.00000000 42.92184830 42.00000000
v 53.80459976 43.00000000 42.00000000
v 54.00000000 42.82180786 43.00000000
v 53.55576706 43.00000000 43.00000000
v 54.00000000 42.65623474 44.00000000
v 53.00775146 43.00000000 44.00000000
v 54.00000000 42.35821915 45.00000000
v 54.19648361 20.00000000 19.00000000
v 54.20414734 20.00000000 20.00000000
v 54.13483429 20.00000000 21.00000000
v 54.10085297 20.00000000 22.00000000
v 54.38761902 21.00000000 17.00000000
v 55.00000000 21.00000000 17.25217247
v 55.00000000 20.32750893 18.00000000
v 55.00000000 20.17937660 19.00000000
v 55.00000000 20.17573738 20.00000000
v 55.00000000 20.18255997 21.00000000
v 55.00000000 20.18338013 22.00000000
v 55.00000000 20.19622040 23.00000000
v 55.00000000 20.21920586 24.00000000
v 55.00000000 20.24203873 25.00000000
v 55.00000000 20.26352501 26.00000000
v 55.00000000 20.29327202 27.00000000
v 55.00000000 20.32436371 28.00000000
v 55.00000000 20.34903336 29.00000000
v 55.00000000 20.37041092 30.00000000
v 55.00000000 20.39222336 31.00000000
v 55.00000000 20.41139030 32.00000000
v 55.00000000 20.41916466 33.00000000
v 55.00000000 20.41834641 34.00000000
v 55.00000000 20.41621971 35.00000000
v 55.00000000 20.42174149 36.00000000
v 55.00000000 20.43011475 37.00000000
v 55.00000000 20.43973351 38.00000000
v 55.00000000 20.44230080 39.00000000
v 55.00000000 20.43036842 40.00000000
v 55.00000000 20.41360664 41.00000000
v 55.00000000 20.39335823 42.00000000
v 55.00000000 20.36793137 43.00000000
v 55.00000000 20.32800484 44.00000000
v 55.00000000 20.34576607 45.00000000
v 55.00000000 20.66988182 46.00000000
v 55.00000000 21.00000000 46.26957321
v 54.86080933 22.00000000 17.00000000
v 55.00000000 22.00000000 17.05641747
v 55.00000000 22.00000000 46.34730530
v 54.81948471 23.00000000 17.00000000
v 55.00000000 23.00000000 17.06180763
v 55.00000000 23.00000000 46.34275055
v 54.92213821 24.00000000 17.00000000
v 55.00000000 24.00000000 17.02555275
v 55.00000000 24.00000000 46.32663345
v 55.00000000 24.84922409 17.00000000
v 55.00000000 25.00000000 16.99652672
v 55.00000000 25.00000000 46.29725647
v 55.00000000 26.00000000 16.94657898
v 55.00000000 26.00000000 46.26953506
v 55.00000000 27.00000000 16.82090759
v 55.00000000 27.00000000 46.29023361
v 55.00000000 28.00000000 16.69196701
v 55.00000000 28.00000000 46.33458328
v 55.00000000 29.00000000 16.55778503
v 55.00000000 29.00000000 46.36260986
v 55.00000000 30.00000000 16.45019531
v 55.00000000 30.00000000 46.39822388
v 55.00000000 31.00000000 16.45587540
v 55.00000000 31.00000000 46.46154404
v 55.00000000 32.00000000 16.50589943
v 55.00000000 32.00000000 46.53866959
v 55.00000000 33.00000000 16.25519562
v 55.00000000 33.00000000 46.57601166
v 55.00000000 33.93838882 16.00000000
v 55.00000000 34.00000000 15.98692989
v 55.00000000 34.00000000 46.60039902
v 55.00000000 35.00000000 15.93627357
v 55.00000000 35.00000000 46.63674927
v 55.00000000 36.00000000 15.98516273
v 55.00000000 36.00000000 46.62635803
v 55.00000000 36.13035583 16.00000000
v 55.00000000 37.00000000 16.23705292
v 55.00000000 37.00000000 46.58638763
v 55.00000000 38.00000000 16.66202545
v 55.00000000 38.00000000 46.53440475
v 55.00000000 38.55308151 17.00000000
v 55.00000000 39.00000000 17.74992943
v 55.00000000 39.00000000 46.45756531
v 55.00000000 39.12400436 18.00000000
v 55.00000000 39.41062546 19.00000000
v 55.00000000 39.60247421 20.00000000
v 55.00000000 39.76259995 21.00000000
v 54.01208496 40.00000000 21.00000000
v 55.00000000 39.90591812 22.00000000
v 54.58823395 40.00000000 22.00000000
v 55.00000000 40.00000000 22.73742867
v 55.00000000 40.00000000 46.25716400
v 55.00000000 40.02998352 23.00000000
v 55.00000000 40.11623383 24.00000000
v 55.00000000 40.23171234 25.00000000
v 55.00000000 40.34669113 26.00000000
v 55.00000000 40.44562149 27.00000000
v 55.00000000 40.53633881 28.00000000
v 55.00000000 40.60638809 29.00000000
v 55.00000000 40.62580872 30.00000000
v 55.00000000 40.61459732 31.00000000
v 55.00000000 40.61331177 32.00000000
v 55.00000000 40.59737015 33.00000000
v 55.00000000 40.56674576 34.00000000
v 55.00000000 40.55108643 35.00000000
v 55.00000000 40.50006866 36.00000000
v 54.08790207 41.00000000 36.00000000
v 55.00000000 40.45639038 37.00000000
v 54.26251984 41.00000000 37.00000000
v 55.00000000 40.82060623 38.00000000
v 54.83284378 41.00000000 38.00000000
v 55.00000000 41.00000000 38.25191116
v 54.78099060 41.00000000 46.00000000
v 55.00000000 41.00000000 45.82263565
v 55.00000000 40.73085403 46.00000000
v 55.00000000 41.48258591 39.00000000
v 54.57732010 42.00000000 39.00000000
v 55.00000000 41.88603210 40.00000000
v 54.92527008 42.00000000 40.00000000
v 55.00000000 42.00000000 40.86893463
v 54.69332123 42.00000000 45.00000000
v 55.00000000 42.00000000 44.45299149
v 55.00000000 41.73164749 45.00000000
v 55.00000000 42.01156616 41.00000000
v 55.00000000 42.13335037 42.00000000
v 55.00000000 42.19668198 43.00000000
v 55.00000000 42.13554382 44.00000000
v 55.65944290 21.00000000 18.00000000
v 55.94597244 21.00000000 19.00000000
v 55.99179840 21.00000000 20.00000000
v 56.00000000 21.00000000 20.56164360
v 56.00000000 20.99292564 21.00000000
v 56.00000000 20.99832916 22.00000000
v 55.99905396 21.00000000 23.00000000
v 56.00000000 21.00000000 22.60625458
v 56.00000000 21.00000000 23.06519890
v 56.00000000 20.98526573 24.00000000
v 56.00000000 20.97583389 25.00000000
v 56.00000000 20.97812843 26.00000000
v 56.00000000 20.98196793 27.00000000
v 56.00000000 20.99188805 28.00000000
v 55.99670792 21.00000000 29.00000000
v 56.00000000 21.00000000 28.73046112
v 55.98838806 21.00000000 30.00000000
v 55.98584747 21.00000000 31.00000000
v 55.96329880 21.00000000 32.00000000
v 55.93407059 21.00000000 33.00000000
v 55.92164230 21.00000000 34.00000000
v 55.91460037 21.00000000 35.00000000
v 55.90467072 21.00000000 36.00000000
v 55.88960648 21.00000000 37.00000000
v 55.86576080 21.00000000 38.00000000
v 55.84637833 21.00000000 39.00000000
v 55.82621002 21.00000000 40.00000000
v 55.80251312 21.00000000 41.00000000
v 55.79545593 21.00000000 42.00000000
v 55.79040909 21.00000000 43.00000000
v 55.78968048 21.00000000 44.00000000
v 55.66933060 21.00000000 45.00000000
v 55.26884460 21.00000000 46.00000000
v 55.85311890 22.00000000 18.00000000
v 56.00000000 22.00000000 18.55822182
v 56.00000000 21.32037735 19.00000000
v 56.00000000 21.05952835 20.00000000
v 56.00000000 21.00891685 23.00000000
v 56.00000000 21.01777267 29.00000000
v 56.00000000 21.06339455 30.00000000
v 56.00000000 21.07878685 31.00000000
v 56.00000000 21.17977524 32.00000000
v 56.00000000 21.27010345 33.00000000
v 56.00000000 21.29708862 34.00000000
v 56.00000000 21.30713654 35.00000000
v 56.00000000 21.32684517 36.00000000
v 56.00000000 21.36425018 37.00000000
v 56.00000000 21.42935562 38.00000000
v 56.00000000 21.50239182 39.00000000
v 56.00000000 21.61489296 40.00000000
v 56.00000000 21.76704025 41.00000000
v 56.00000000 21.91747856 42.00000000
v 56.00000000 21.94535446 43.00000000
v 56.00000000 21.97514915 44.00000000
v 55.87006760 22.00000000 45.00000000
v 56.00000000 22.00000000 44.03812790
v 55.38217926 22.00000000 46.00000000
v 55.87966919 23.00000000 18.00000000
v 56.00000000 23.00000000 18.62842941
v 55.99568176 23.00000000 41.00000000
v 56.00000000 23.00000000 40.70173645
v 56.00000000 22.86806107 41.00000000
v 56.00000000 22.27765656 42.00000000
v 55.97678375 23.00000000 42.00000000
v 56.00000000 22.20295525 43.00000000
v 55.97452927 23.00000000 43.00000000
v 56.00000000 22.16736794 44.00000000
v 55.98266602 23.00000000 44.00000000
v 55.87732697 23.00000000 45.00000000
v 55.38020325 23.00000000 46.00000000
v 55.89554977 24.00000000 18.00000000
v 56.00000000 24.00000000 18.67747879
v 55.99364090 24.00000000 22.00000000
v 56.00000000 24.00000000 21.31755066
v 56.00000000 23.76399612 22.00000000
v 56.00000000 23.89151955 23.00000000
v 55.99768448 24.00000000 23.00000000
v 56.00000000 23.91859436 24.00000000
v 55.99801636 24.00000000 24.00000000
v 56.00000000 23.95565414 25.00000000
v 55.99877167 24.00000000 25.00000000
v 56.00000000 23.97953033 26.00000000
v 55.99928284 24.00000000 26.00000000
v 56.00000000 23.99080467 27.00000000
v 55.99964142 24.00000000 27.00000000
v 56.00000000 24.00000000 27.45145607
v 55.99702072 24.00000000 29.00000000
v 56.00000000 24.00000000 28.12828636
v 56.00000000 23.93085480 29.00000000
v 56.00000000 23.76969337 30.00000000
v 55.99010849 24.00000000 30.00000000
v 56.00000000 23.53241348 31.00000000
v 55.98086166 24.00000000 31.00000000
v 56.00000000 23.47189522 32.00000000
v 55.97875595 24.00000000 32.00000000
v 56.00000000 23.53818130 33.00000000
v 55.98131180 24.00000000 33.00000000
v 56.00000000 23.70887756 34.00000000
v 55.98884583 24.00000000 34.00000000
v 56.00000000 23.95394516 35.00000000
v 55.99839401 24.00000000 35.00000000
v 56.00000000 24.00000000 35.19408798
v 55.99343872 24.00000000 39.00000000
v 56.00000000 24.00000000 38.54948807
v 56.00000000 23.80670547 39.00000000
v 56.00000000 23.25324249 40.00000000
v 55.97023773 24.00000000 40.00000000
v 55.94909286 24.00000000 41.00000000
v 55.94035339 24.00000000 42.00000000
v 55.94147110 24.00000000 43.00000000
v 55.94513702 24.00000000 44.00000000
v 55.85162354 24.00000000 45.00000000
v 55.36965942 24.00000000 46.00000000
v 55.00590897 25.00000000 17.00000000
v 55.89200974 25.00000000 18.00000000
v 56.00000000 25.00000000 18.80466843
v 55.99539566 25.00000000 21.00000000
v 56.00000000 25.00000000 20.75822639
v 56.00000000 24.40068626 21.00000000
v 55.98438263 25.00000000 22.00000000
v 55.98251343 25.00000000 23.00000000
v 55.97940826 25.00000000 24.00000000
v 55.97281265 25.00000000 25.00000000
v 55.96487045 25.00000000 26.00000000
v 55.95651245 25.00000000 27.00000000
v 56.00000000 24.00877190 28.00000000
v 55.95027161 25.00000000 28.00000000
v 55.94287872 25.00000000 29.00000000
v 55.93927383 25.00000000 30.00000000
v 55.93895340 25.00000000 31.00000000
v 55.94090271 25.00000000 32.00000000
v 55.94262314 25.00000000 33.00000000
v 55.94736862 25.00000000 34.00000000
v 55.95631790 25.00000000 35.00000000
v 56.00000000 24.14360619 36.00000000
v 55.96092224 25.00000000 36.00000000
v 56.00000000 24.20839691 37.00000000
v 55.95961380 25.00000000 37.00000000
v 56.00000000 24.14770699 38.00000000
v 55.95374298 25.00000000 38.00000000
v 55.93888474 25.00000000 39.00000000
v 55.91889191 25.00000000 40.00000000
v 55.91189575 25.00000000 41.00000000
v 55.91008377 25.00000000 42.00000000
v 55.91571808 25.00000000 43.00000000
v 55.92003250 25.00000000 44.00000000
v 55.82442856 25.00000000 45.00000000
v 55.33813858 25.00000000 46.00000000
v 55.08521652 26.00000000 17.00000000
v 55.87329483 26.00000000 18.00000000
v 56.00000000 25.81560707 19.00000000
v 55.99601746 26.00000000 19.00000000
v 56.00000000 25.79566956 20.00000000
v 55.99583435 26.00000000 20.00000000
v 55.98192978 26.00000000 21.00000000
v 55.97129440 26.00000000 22.00000000
v 55.96413422 26.00000000 23.00000000
v 55.95891571 26.00000000 24.00000000
v 55.95413589 26.00000000 25.00000000
v 55.94278336 26.00000000 26.00000000
v 55.93209076 26.00000000 27.00000000
v 55.92578506 26.00000000 28.00000000
v 55.92107010 26.00000000 29.00000000
v 55.91980743 26.00000000 30.00000000
v 55.92107773 26.00000000 31.00000000
v 55.92332077 26.00000000 32.00000000
v 55.92699432 26.00000000 33.00000000
v 55.92895126 26.00000000 34.00000000
v 55.92633438 26.00000000 35.00000000
v 55.91765976 26.00000000 36.00000000
v 55.91024017 26.00000000 37.00000000
v 55.89745712 26.00000000 38.00000000
v 55.88701248 26.00000000 39.00000000
v 55.88038254 26.00000000 40.00000000
v 55.87812424 26.00000000 41.00000000
v 55.88385773 26.00000000 42.00000000
v 55.89313889 26.00000000 43.00000000
v 55.90241623 26.00000000 44.00000000
v 55.81458282 26.00000000 45.00000000
v 55.31874084 26.00000000 46.00000000
v 55.25067139 27.00000000 17.00000000
v 55.89290619 27.00000000 18.00000000
v 55.98498154 27.00000000 19.00000000
v 55.98148727 27.00000000 20.00000000
v 55.96896744 27.00000000 21.00000000
v 55.95983505 27.00000000 22.00000000
v 55.95563126 27.00000000 23.00000000
v 55.94878769 27.00000000 24.00000000
v 55.93999863 27.00000000 25.00000000
v 55.93068695 27.00000000 26.00000000
v 55.92191315 27.00000000 27.00000000
v 55.91896820 27.00000000 28.00000000
v 55.91589737 27.00000000 29.00000000
v 55.91528320 27.00000000 30.00000000
v 55.91391754 27.00000000 31.00000000
v 55.91199493 27.00000000 32.00000000
v 55.91223526 27.00000000 33.00000000
v 55.90871429 27.00000000 34.00000000
v 55.89721298 27.00000000 35.00000000
v 55.88571167 27.00000000 36.00000000
v 55.86902237 27.00000000 37.00000000
v 55.85497665 27.00000000 38.00000000
v 55.84502792 27.00000000 39.00000000
v 55.84429550 27.00000000 40.00000000
v 55.84589386 27.00000000 41.00000000
v 55.85955429 27.00000000 42.00000000
v 55.88590240 27.00000000 43.00000000
v 55.90060806 27.00000000 44.00000000
v 55.81668091 27.00000000 45.00000000
v 55.35163116 27.00000000 46.00000000
v 55.40211487 28.00000000 17.00000000
v 55.92502213 28.00000000 18.00000000
v 55.98032379 28.00000000 19.00000000
v 55.96688461 28.00000000 20.00000000
v 55.95560074 28.00000000 21.00000000
v 55.94650269 28.00000000 22.00000000
v 55.93950653 28.00000000 23.00000000
v 55.93353271 28.00000000 24.00000000
v 55.92995071 28.00000000 25.00000000
v 55.92914200 28.00000000 26.00000000
v 55.92766190 28.00000000 27.00000000
v 55.92470551 28.00000000 28.00000000
v 55.91796112 28.00000000 29.00000000
v 55.91480255 28.00000000 30.00000000
v 55.91313553 28.00000000 31.00000000
v 55.90921402 28.00000000 32.00000000
v 55.90008926 28.00000000 33.00000000
v 55.88904572 28.00000000 34.00000000
v 55.87851334 28.00000000 35.00000000
v 55.86623764 28.00000000 36.00000000
v 55.84714127 28.00000000 37.00000000
v 55.82746506 28.00000000 38.00000000
v 55.81630707 28.00000000 39.00000000
v 55.81933212 28.00000000 40.00000000
v 55.82602692 28.00000000 41.00000000
v 55.85615158 28.00000000 42.00000000
v 55.89131927 28.00000000 43.00000000
v 55.90741348 28.00000000 44.00000000
v 55.83110046 28.00000000 45.00000000
v 55.40666580 28.00000000 46.00000000
v 55.52627945 29.00000000 17.00000000
v 55.95081711 29.00000000 18.00000000
v 55.97194290 29.00000000 19.00000000
v 55.95283127 29.00000000 20.00000000
v 55.93630600 29.00000000 21.00000000
v 55.93205261 29.00000000 22.00000000
v 55.92737198 29.00000000 23.00000000
v 55.92843246 29.00000000 24.00000000
v 55.93278122 29.00000000 25.00000000
v 55.93409348 29.00000000 26.00000000
v 55.93397903 29.00000000 27.00000000
v 55.93749619 29.00000000 28.00000000
v 55.93188095 29.00000000 29.00000000
v 55.92129517 29.00000000 30.00000000
v 55.91454697 29.00000000 31.00000000
v 55.91242981 29.00000000 32.00000000
v 55.90217972 29.00000000 33.00000000
v 55.88968658 29.00000000 34.00000000
v 55.87615967 29.00000000 35.00000000
v 55.86021423 29.00000000 36.00000000
v 55.84401703 29.00000000 37.00000000
v 55.82687759 29.00000000 38.00000000
v 55.81573486 29.00000000 39.00000000
v 55.81547928 29.00000000 40.00000000
v 55.82571411 29.00000000 41.00000000
v 55.85596085 29.00000000 42.00000000
v 55.89169693 29.00000000 43.00000000
v 55.90557098 29.00000000 44.00000000
v 55.83779526 29.00000000 45.00000000
v 55.44917297 29.00000000 46.00000000
v 55.60748672 30.00000000 17.00000000
v 55.95516968 30.00000000 18.00000000
v 55.99362183 30.00000000 19.00000000
v 55.96528625 30.00000000 20.00000000
v 55.94244385 30.00000000 21.00000000
v 55.93706131 30.00000000 22.00000000
v 55.93344116 30.00000000 23.00000000
v 55.93345642 30.00000000 24.00000000
v 55.94052124 30.00000000 25.00000000
v 55.94347000 30.00000000 26.00000000
v 55.94693756 30.00000000 27.00000000
v 55.94338989 30.00000000 28.00000000
v 55.93745422 30.00000000 29.00000000
v 55.93336487 30.00000000 30.00000000
v 55.92570496 30.00000000 31.00000000
v 55.91935349 30.00000000 32.00000000
v 55.91635895 30.00000000 33.00000000
v 55.90802765 30.00000000 34.00000000
v 55.89134598 30.00000000 35.00000000
v 55.87025070 30.00000000 36.00000000
v 55.85100555 30.00000000 37.00000000
v 55.83465958 30.00000000 38.00000000
v 55.82550812 30.00000000 39.00000000
v 55.81571579 30.00000000 40.00000000
v 55.81738663 30.00000000 41.00000000
v 55.84307098 30.00000000 42.00000000
v 55.88031387 30.00000000 43.00000000
v 55.89437866 30.00000000 44.00000000
v 55.84713364 30.00000000 45.00000000
v 55.49215317 30.00000000 46.00000000
v 55.59118652 31.00000000 17.00000000
v 55.96618271 31.00000000 18.00000000
v 56.00000000 31.00000000 18.55238533
v 56.00000000 30.21062660 19.00000000
v 56.00000000 30.71252632 20.00000000
v 55.99816513 31.00000000 21.00000000
v 56.00000000 31.00000000 20.87836075
v 55.99003983 31.00000000 22.00000000
v 55.99172974 31.00000000 23.00000000
v 55.99180984 31.00000000 24.00000000
v 55.98809433 31.00000000 25.00000000
v 55.98843384 31.00000000 26.00000000
v 55.98652267 31.00000000 27.00000000
v 55.98120117 31.00000000 28.00000000
v 55.97348404 31.00000000 29.00000000
v 55.97092056 31.00000000 30.00000000
v 55.97240829 31.00000000 31.00000000
v 55.97397232 31.00000000 32.00000000
v 55.97560501 31.00000000 33.00000000
v 55.97134399 31.00000000 34.00000000
v 55.95546341 31.00000000 35.00000000
v 55.93584061 31.00000000 36.00000000
v 55.90727234 31.00000000 37.00000000
v 55.87697601 31.00000000 38.00000000
v 55.84626389 31.00000000 39.00000000
v 55.84015274 31.00000000 40.00000000
v 55.84173203 31.00000000 41.00000000
v 55.86106491 31.00000000 42.00000000
v 55.90086365 31.00000000 43.00000000
v 55.92185593 31.00000000 44.00000000
v 55.90180969 31.00000000 45.00000000
v 55.55952072 31.00000000 46.00000000
v 55.58968353 32.00000000 17.00000000
v 56.00000000 32.00000000 17.89299393
v 56.00000000 31.50351715 18.00000000
v 56.00000000 31.01339149 21.00000000
v 56.00000000 31.06623840 22.00000000
v 56.00000000 31.05202675 23.00000000
v 56.00000000 31.04851723 24.00000000
v 56.00000000 31.06697464 25.00000000
v 56.00000000 31.06565475 26.00000000
v 56.00000000 31.07817268 27.00000000
v 56.00000000 31.10887146 28.00000000
v 56.00000000 31.15499496 29.00000000
v 56.00000000 31.18214035 30.00000000
v 56.00000000 31.18478775 31.00000000
v 56.00000000 31.18454552 32.00000000
v 56.00000000 31.19372940 33.00000000
v 56.00000000 31.27108765 34.00000000
v 56.00000000 31.47043419 35.00000000
v 56.00000000 31.75357628 36.00000000
v 55.97944641 32.00000000 37.00000000
v 56.00000000 32.00000000 36.49997330
v 55.92829895 32.00000000 38.00000000
v 55.88652039 32.00000000 39.00000000
v 55.87272263 32.00000000 40.00000000
v 55.88000870 32.00000000 41.00000000
v 55.89108276 32.00000000 42.00000000
v 55.92298889 32.00000000 43.00000000
v 55.95059586 32.00000000 44.00000000
v 55.93803024 32.00000000 45.00000000
v 55.62882233 32.00000000 46.00000000
v 56.00000000 32.87564850 17.00000000
v 56.00000000 33.00000000 16.93845558
v 56.00000000 32.40788269 37.00000000
v 55.98694611 33.00000000 38.00000000
v 56.00000000 33.00000000 37.69617844
v 55.94950485 33.00000000 39.00000000
v 55.92765427 33.00000000 40.00000000
v 55.92304230 33.00000000 41.00000000
v 55.93281937 33.00000000 42.00000000
v 55.95334244 33.00000000 43.00000000
v 55.97385025 33.00000000 44.00000000
v 55.96304321 33.00000000 45.00000000
v 55.65356827 33.00000000 46.00000000
v 55.04711151 34.00000000 16.00000000
v 56.00000000 34.00000000 16.53048515
v 56.00000000 33.34223938 38.00000000
v 55.99547958 34.00000000 39.00000000
v 56.00000000 34.00000000 38.86110687
v 55.98138428 34.00000000 40.00000000
v 55.96829987 34.00000000 41.00000000
v 55.98184967 34.00000000 42.00000000
v 56.00000000 34.00000000 42.78609467
v 56.00000000 33.90092850 43.00000000
v 56.00000000 33.69318771 44.00000000
v 55.99481583 34.00000000 45.00000000
v 56.00000000 34.00000000 44.75852203
v 55.68464661 34.00000000 46.00000000
v 55.25357437 35.00000000 16.00000000
v 56.00000000 35.00000000 16.41058731
v 56.00000000 34.17791367 39.00000000
v 56.00000000 34.51099777 40.00000000
v 56.00000000 34.64081573 41.00000000
v 56.00000000 34.38782120 42.00000000
v 56.00000000 34.10056686 45.00000000
v 55.70352173 35.00000000 46.00000000
v 56.00000000 35.00000000 45.17300797
v 55.07538605 36.00000000 16.00000000
v 56.00000000 36.00000000 16.45446968
v 55.73404312 36.00000000 46.00000000
v 56.00000000 36.00000000 45.37056351
v 56.00000000 37.00000000 16.68388367
v 55.95611191 37.00000000 38.00000000
v 56.00000000 37.00000000 37.08866882
v 56.00000000 36.52683640 38.00000000
v 56.00000000 37.00000000 38.91734314
v 55.76726532 37.00000000 46.00000000
v 56.00000000 37.00000000 45.49018478
v 56.00000000 37.65414810 17.00000000
v 55.67219925 38.00000000 17.00000000
v 56.00000000 38.00000000 17.47054863
v 55.97091675 38.00000000 35.00000000
v 56.00000000 38.00000000 34.08535004
v 56.00000000 37.77364731 35.00000000
v 56.00000000 37.45248413 36.00000000
v 55.92462158 38.00000000 36.00000000
v 56.00000000 37.03607941 37.00000000
v 55.87075806 38.00000000 37.00000000
v 55.83036804 38.00000000 38.00000000
v 56.00000000 37.06710434 39.00000000
v 55.93580246 38.00000000 39.00000000
v 56.00000000 38.00000000 39.80391693
v 55.74847412 38.00000000 46.00000000
v 56.00000000 38.00000000 45.40166855
v 56.00000000 38.34989166 18.00000000
v 55.20904922 39.00000000 18.00000000
v 56.00000000 38.60245514 19.00000000
v 55.57890701 39.00000000 19.00000000
v 56.00000000 38.78190613 20.00000000
v 55.78287506 39.00000000 20.00000000
v 56.00000000 38.92217636 21.00000000
v 55.93295288 39.00000000 21.00000000
v 56.00000000 39.00000000 21.84255791
v 55.94569016 39.00000000 31.00000000
v 56.00000000 39.00000000 30.02968597
v 56.00000000 38.83221817 31.00000000
v 56.00000000 38.58736420 32.00000000
v 55.89084625 39.00000000 32.00000000
v 56.00000000 38.27101135 33.00000000
v 55.82870865 39.00000000 33.00000000
v 56.00000000 38.01433945 34.00000000
v 55.77493668 39.00000000 34.00000000
v 55.73169327 39.00000000 35.00000000
v 55.67044830 39.00000000 36.00000000
v 55.62886810 39.00000000 37.00000000
v 55.63881302 39.00000000 38.00000000
v 55.79460144 39.00000000 39.00000000
v 56.00000000 38.13724899 40.00000000
v 55.89315414 39.00000000 40.00000000
v 56.00000000 38.87831879 41.00000000
v 55.98575592 39.00000000 41.00000000
v 56.00000000 39.00000000 41.20993042
v 55.64237976 39.00000000 46.00000000
v 56.00000000 39.00000000 45.14373398
v 56.00000000 39.01338577 22.00000000
v 56.00000000 39.08822250 23.00000000
v 55.04720688 40.00000000 23.00000000
v 56.00000000 39.16151047 24.00000000
v 55.17220688 40.00000000 24.00000000
v 56.00000000 39.22611237 25.00000000
v 55.30604172 40.00000000 25.00000000
v 56.00000000 39.28184891 26.00000000
v 55.41692734 40.00000000 26.00000000
v 56.00000000 39.29339218 27.00000000
v 55.48616028 40.00000000 27.00000000
v 56.00000000 39.24274826 28.00000000
v 55.52622986 40.00000000 28.00000000
v 56.00000000 39.13944626 29.00000000
v 55.53726196 40.00000000 29.00000000
v 56.00000000 39.00481033 30.00000000
v 55.51911926 40.00000000 30.00000000
v 55.47810364 40.00000000 31.00000000
v 55.45045853 40.00000000 32.00000000
v 55.43376923 40.00000000 33.00000000
v 55.39887619 40.00000000 34.00000000
v 55.36227417 40.00000000 35.00000000
v 55.31361389 40.00000000 36.00000000
v 55.26065445 40.00000000 37.00000000
v 55.34998703 40.00000000 38.00000000
v 55.55909348 40.00000000 39.00000000
v 55.69842911 40.00000000 40.00000000
v 55.80105591 40.00000000 41.00000000
v 56.00000000 39.32933044 42.00000000
v 55.87512589 40.00000000 42.00000000
v 56.00000000 39.71444702 43.00000000
v 55.94176102 40.00000000 43.00000000
v 56.00000000 39.82608032 44.00000000
v 55.96572495 40.00000000 44.00000000
v 56.00000000 39.26389313 45.00000000
v 55.85385132 40.00000000 45.00000000
v 55.35322189 40.00000000 46.00000000
v 55.24385834 41.00000000 39.00000000
v 55.40666580 41.00000000 40.00000000
v 55.51343155 41.00000000 41.00000000
v 55.60413742 41.00000000 42.00000000
v 55.66068649 41.00000000 43.00000000
v 55.67981339 41.00000000 44.00000000
v 55.53215408 41.00000000 45.00000000
v 55.01021957 42.00000000 41.00000000
v 55.12814331 42.00000000 42.00000000
v 55.19943619 42.00000000 43.00000000
v 55.14749908 42.00000000 44.00000000
v 56.00382996 21.00000000 21.00000000
v 56.00092316 21.00000000 22.00000000
v 56.00860596 21.00000000 24.00000000
v 56.01461029 21.00000000 25.00000000
v 56.01361084 21.00000000 26.00000000
v 56.01164627 21.00000000 27.00000000
v 56.00531006 21.00000000 28.00000000
v 56.06344604 22.00000000 19.00000000
v 56.07398605 22.00000000 20.00000000
v 56.07094955 22.00000000 21.00000000
v 56.06418991 22.00000000 22.00000000
v 56.06386566 22.00000000 23.00000000
v 56.07279587 22.00000000 24.00000000
v 56.08184814 22.00000000 25.00000000
v 56.08960724 22.00000000 26.00000000
v 56.09919357 22.00000000 27.00000000
v 56.10290146 22.00000000 28.00000000
v 56.10037994 22.00000000 29.00000000
v 56.09162140 22.00000000 30.00000000
v 56.08578491 22.00000000 31.00000000
v 56.08592224 22.00000000 32.00000000
v 56.09063339 22.00000000 33.00000000
v 56.09262848 22.00000000 34.00000000
v 56.09635925 22.00000000 35.00000000
v 56.09788132 22.00000000 36.00000000
v 56.09412766 22.00000000 37.00000000
v 56.08668137 22.00000000 38.00000000
v 56.07421494 22.00000000 39.00000000
v 56.05498505 22.00000000 40.00000000
v 56.03196335 22.00000000 41.00000000
v 56.01010895 22.00000000 42.00000000
v 56.00671768 22.00000000 43.00000000
v 56.00296021 22.00000000 44.00000000
v 56.04023743 23.00000000 19.00000000
v 56.04327011 23.00000000 20.00000000
v 56.03258514 23.00000000 21.00000000
v 56.02543640 23.00000000 22.00000000
v 56.02337646 23.00000000 23.00000000
v 56.02740479 23.00000000 24.00000000
v 56.03216553 23.00000000 25.00000000
v 56.04119110 23.00000000 26.00000000
v 56.04643631 23.00000000 27.00000000
v 56.04871368 23.00000000 28.00000000
v 56.04715729 23.00000000 29.00000000
v 56.03851318 23.00000000 30.00000000
v 56.02539444 23.00000000 31.00000000
v 56.02194977 23.00000000 32.00000000
v 56.02505875 23.00000000 33.00000000
v 56.03130722 23.00000000 34.00000000
v 56.03849792 23.00000000 35.00000000
v 56.04620361 23.00000000 36.00000000
v 56.05142975 23.00000000 37.00000000
v 56.04759979 23.00000000 38.00000000
v 56.03163147 23.00000000 39.00000000
v 56.01172256 23.00000000 40.00000000
v 56.03037643 24.00000000 19.00000000
v 56.02403641 24.00000000 20.00000000
v 56.00374985 24.00000000 21.00000000
v 56.00051880 24.00000000 28.00000000
v 56.00777817 24.00000000 36.00000000
v 56.01256943 24.00000000 37.00000000
v 56.00949097 24.00000000 38.00000000
v 56.01668167 25.00000000 19.00000000
v 56.01797104 25.00000000 20.00000000
v 56.02986526 31.00000000 19.00000000
v 56.01852798 31.00000000 20.00000000
v 56.03877640 32.00000000 18.00000000
v 56.12275314 32.00000000 19.00000000
v 56.15249252 32.00000000 20.00000000
v 56.18267059 32.00000000 21.00000000
v 56.19330215 32.00000000 22.00000000
v 56.20787430 32.00000000 23.00000000
v 56.22151947 32.00000000 24.00000000
v 56.22855377 32.00000000 25.00000000
v 56.22600555 32.00000000 26.00000000
v 56.22061157 32.00000000 27.00000000
v 56.21112823 32.00000000 28.00000000
v 56.19810867 32.00000000 29.00000000
v 56.18095398 32.00000000 30.00000000
v 56.16583252 32.00000000 31.00000000
v 56.15343857 32.00000000 32.00000000
v 56.13432312 32.00000000 33.00000000
v 56.10221100 32.00000000 34.00000000
v 56.06639862 32.00000000 35.00000000
v 56.02770615 32.00000000 36.00000000
v 56.05161667 33.00000000 17.00000000
v 56.39611435 33.00000000 18.00000000
v 56.46924591 33.00000000 19.00000000
v 56.50238800 33.00000000 20.00000000
v 56.51717758 33.00000000 21.00000000
v 56.51604080 33.00000000 22.00000000
v 56.50416183 33.00000000 23.00000000
v 56.48641205 33.00000000 24.00000000
v 56.46563339 33.00000000 25.00000000
v 56.44274139 33.00000000 26.00000000
v 56.41282654 33.00000000 27.00000000
v 56.37557220 33.00000000 28.00000000
v 56.33762741 33.00000000 29.00000000
v 56.29436111 33.00000000 30.00000000
v 56.25419998 33.00000000 31.00000000
v 56.22659302 33.00000000 32.00000000
v 56.18964767 33.00000000 33.00000000
v 56.15700912 33.00000000 34.00000000
v 56.13186646 33.00000000 35.00000000
v 56.09511566 33.00000000 36.00000000
v 56.04016113 33.00000000 37.00000000
v 56.36624908 34.00000000 17.00000000
v 56.57417679 34.00000000 18.00000000
v 56.61078644 34.00000000 19.00000000
v 56.61713028 34.00000000 20.00000000
v 56.61481094 34.00000000 21.00000000
v 56.60287476 34.00000000 22.00000000
v 56.58362198 34.00000000 23.00000000
v 56.55269241 34.00000000 24.00000000
v 56.52143478 34.00000000 25.00000000
v 56.49184036 34.00000000 26.00000000
v 56.46380615 34.00000000 27.00000000
v 56.43185043 34.00000000 28.00000000
v 56.39865494 34.00000000 29.00000000
v 56.36118698 34.00000000 30.00000000
v 56.32210922 34.00000000 31.00000000
v 56.27173233 34.00000000 32.00000000
v 56.22791290 34.00000000 33.00000000
v 56.18866730 34.00000000 34.00000000
v 56.15966797 34.00000000 35.00000000
v 56.13856506 34.00000000 36.00000000
v 56.08185196 34.00000000 37.00000000
v 56.03509903 34.00000000 38.00000000
v 56.00576019 34.00000000 43.00000000
v 56.01174164 34.00000000 44.00000000
v 56.44152069 35.00000000 17.00000000
v 56.62641907 35.00000000 18.00000000
v 56.65480804 35.00000000 19.00000000
v 56.66317368 35.00000000 20.00000000
v 56.64559937 35.00000000 21.00000000
v 56.62235260 35.00000000 22.00000000
v 56.60117722 35.00000000 23.00000000
v 56.58214569 35.00000000 24.00000000
v 56.55254364 35.00000000 25.00000000
v 56.51955414 35.00000000 26.00000000
v 56.49449539 35.00000000 27.00000000
v 56.46983719 35.00000000 28.00000000
v 56.44279861 35.00000000 29.00000000
v 56.40821838 35.00000000 30.00000000
v 56.35530853 35.00000000 31.00000000
v 56.29357529 35.00000000 32.00000000
v 56.23742294 35.00000000 33.00000000
v 56.19436646 35.00000000 34.00000000
v 56.16924286 35.00000000 35.00000000
v 56.14702988 35.00000000 36.00000000
v 56.10377884 35.00000000 37.00000000
v 56.06051254 35.00000000 38.00000000
v 56.02801895 35.00000000 39.00000000
v 56.02289963 35.00000000 40.00000000
v 56.02278900 35.00000000 41.00000000
v 56.03462982 35.00000000 42.00000000
v 56.05738449 35.00000000 43.00000000
v 56.06572723 35.00000000 44.00000000
v 56.03665924 35.00000000 45.00000000
v 56.39216232 36.00000000 17.00000000
v 56.59402847 36.00000000 18.00000000
v 56.62405777 36.00000000 19.00000000
v 56.63559341 36.00000000 20.00000000
v 56.63579559 36.00000000 21.00000000
v 56.63032532 36.00000000 22.00000000
v 56.61239243 36.00000000 23.00000000
v 56.59290314 36.00000000 24.00000000
v 56.57540512 36.00000000 25.00000000
v 56.54557037 36.00000000 26.00000000
v 56.51167679 36.00000000 27.00000000
v 56.48204422 36.00000000 28.00000000
v 56.44881058 36.00000000 29.00000000
v 56.40402222 36.00000000 30.00000000
v 56.34027100 36.00000000 31.00000000
v 56.27350616 36.00000000 32.00000000
v 56.21854019 36.00000000 33.00000000
v 56.17159653 36.00000000 34.00000000
v 56.14531708 36.00000000 35.00000000
v 56.11668396 36.00000000 36.00000000
v 56.07719040 36.00000000 37.00000000
v 56.04510117 36.00000000 38.00000000
v 56.03662491 36.00000000 39.00000000
v 56.05374527 36.00000000 40.00000000
v 56.07186127 36.00000000 41.00000000
v 56.08028030 36.00000000 42.00000000
v 56.11211395 36.00000000 43.00000000
v 56.10988235 36.00000000 44.00000000
v 56.08218384 36.00000000 45.00000000
v 56.21522522 37.00000000 17.00000000
v 56.46748734 37.00000000 18.00000000
v 56.52176285 37.00000000 19.00000000
v 56.55381775 37.00000000 20.00000000
v 56.56907272 37.00000000 21.00000000
v 56.57539749 37.00000000 22.00000000
v 56.57794189 37.00000000 23.00000000
v 56.56467056 37.00000000 24.00000000
v 56.55118179 37.00000000 25.00000000
v 56.53297806 37.00000000 26.00000000
v 56.50159454 37.00000000 27.00000000
v 56.45404816 37.00000000 28.00000000
v 56.39546204 37.00000000 29.00000000
v 56.33594131 37.00000000 30.00000000
v 56.27503204 37.00000000 31.00000000
v 56.20658112 37.00000000 32.00000000
v 56.14951324 37.00000000 33.00000000
v 56.11132050 37.00000000 34.00000000
v 56.07887650 37.00000000 35.00000000
v 56.04981613 37.00000000 36.00000000
v 56.00395966 37.00000000 37.00000000
v 56.00403595 37.00000000 39.00000000
v 56.07144165 37.00000000 40.00000000
v 56.09720993 37.00000000 41.00000000
v 56.11515045 37.00000000 42.00000000
v 56.14570236 37.00000000 43.00000000
v 56.15451431 37.00000000 44.00000000
v 56.11089706 37.00000000 45.00000000
v 56.12787628 38.00000000 18.00000000
v 56.23066330 38.00000000 19.00000000
v 56.30014038 38.00000000 20.00000000
v 56.33506012 38.00000000 21.00000000
v 56.36250305 38.00000000 22.00000000
v 56.38774490 38.00000000 23.00000000
v 56.40276337 38.00000000 24.00000000
v 56.40415955 38.00000000 25.00000000
v 56.39081955 38.00000000 26.00000000
v 56.37141418 38.00000000 27.00000000
v 56.33683395 38.00000000 28.00000000
v 56.29416656 38.00000000 29.00000000
v 56.24209595 38.00000000 30.00000000
v 56.18245316 38.00000000 31.00000000
v 56.10922623 38.00000000 32.00000000
v 56.04584122 38.00000000 33.00000000
v 56.00233078 38.00000000 34.00000000
v 56.01391983 38.00000000 40.00000000
v 56.07926178 38.00000000 41.00000000
v 56.11422348 38.00000000 42.00000000
v 56.15589905 38.00000000 43.00000000
v 56.15563202 38.00000000 44.00000000
v 56.08548737 38.00000000 45.00000000
v 56.00548553 39.00000000 22.00000000
v 56.03429794 39.00000000 23.00000000
v 56.05921173 39.00000000 24.00000000
v 56.07991791 39.00000000 25.00000000
v 56.09457016 39.00000000 26.00000000
v 56.09392166 39.00000000 27.00000000
v 56.07267380 39.00000000 28.00000000
v 56.03854752 39.00000000 29.00000000
v 56.00122833 39.00000000 30.00000000
v 56.04542923 39.00000000 42.00000000
v 56.09878922 39.00000000 43.00000000
v 56.10596466 39.00000000 44.00000000
v 56.03066635 39.00000000 45.00000000
f 3 2 1
f 5 4 1
f 5 1 2
f 7 6 4
f 7 4 5
f 9 8 6
f 9 6 7
f 11 10 8
f 11 8 9
f 13 12 10
f 13 10 11
f 15 14 12
f 15 12 13
f 17 16 14
f 17 14 15
f 18 16 17
f 21 20 19
f 23 22 19
f 23 19 20
f 25 24 22
f 25 22 23
f 27 26 24
f 27 24 25
f 29 28 26
f 29 26 27
f 31 30 28
f 31 28 29
f 33 32 30
f 33 30 31
f 35 34 32
f 35 32 33
f 37 36 34
f 37 34 35
f 39 38 36
f 39 36 37
f 41 40 38
f 41 38 39
f 42 40 41
f 3 1 43
f 3 43 44
f 45 1 4
f 43 1 45
f 46 4 6
f 45 4 46
f 47 6 8
f 46 6 47
f 48 8 10
f 47 8 48
f 49 10 12
f 48 10 49
f 50 12 14
f 49 12 50
f 51 14 16
f 50 14 51
f 16 18 52
f 53 16 52
f 51 16 53
f 55 54 53
f 55 53 52
f 57 56 54
f 57 54 55
f 59 58 56
f 59 56 57
f 61 60 58
f 61 58 59
f 63 62 60
f 63 60 61
f 62 63 21
f 19 62 21
f 64 62 19
f 65 19 22
f 64 19 65
f 66 22 24
f 65 22 66
f 67 24 26
f 66 24 67
f 68 26 28
f 67 26 68
f 69 28 30
f 68 28 69
f 70 30 32
f 69 30 70
f 71 32 34
f 70 32 71
f 72 34 36
f 71 34 72
f 73 36 38
f 72 36 73
f 74 38 40
f 73 38 74
f 40 42 75
f 76 40 75
f 74 40 76
f 78 77 76
f 78 76 75
f 79 77 78
f 44 43 80
f 44 80 81
f 82 43 45
f 80 43 82
f 83 45 46
f 82 45 83
f 84 46 47
f 83 46 84
f 85 47 48
f 84 47 85
f 86 48 49
f 85 48 86
f 87 49 50
f 86 49 87
f 88 50 51
f 87 50 88
f 89 51 53
f 88 51 89
f 90 53 54
f 89 53 90
f 91 54 56
f 90 54 91
f 92 56 58
f 91 56 92
f 93 58 60
f 92 58 93
f 94 60 62
f 93 60 94
f 95 62 64
f 94 62 95
f 96 64 65
f 95 64 96
f 97 65 66
f 96 65 97
f 98 66 67
f 97 66 98
f 99 67 68
f 98 67 99
f 100 68 69
f 99 68 100
f 101 69 70
f 100 69 101
f 102 70 71
f 101 70 102
f 103 71 72
f 102 71 103
f 104 72 73
f 103 72 104
f 105 73 74
f 104 73 105
f 106 74 76
f 105 74 106
f 107 76 77
f 106 76 107
f 77 79 108
f 77 108 107
f 81 80 109
f 81 109 110
f 111 80 82
f 109 80 111
f 112 82 83
f 111 82 112
f 113 83 84
f 112 83 113
f 114 84 85
f 113 84 114
f 115 85 86
f 114 85 115
f 116 86 87
f 115 86 116
f 117 87 88
f 116 87 117
f 118 88 89
f 117 88 118
f 119 89 90
f 118 89 119
f 120 90 91
f 119 90 120
f 121 91 92
f 120 91 121
f 122 92 93
f 121 92 122
f 123 93 94
f 122 93 123
f 124 94 95
f 123 94 124
f 125 95 96
f 124 95 125
f 126 96 97
f 125 96 126
f 127 97 98
f 126 97 127
f 128 98 99
f 127 98 128
f 129 99 100
f 128 99 129
f 130 100 101
f 129 100 130
f 131 101 102
f 130 101 131
f 132 102 103
f 131 102 132
f 133 103 104
f 132 103 133
f 134 104 105
f 133 104 134
f 135 105 106
f 134 105 135
f 136 106 107
f 135 106 136
f 107 108 137
f 107 137 136
f 110 109 138
f 110 138 139
f 140 109 111
f 138 109 140
f 141 111 112
f 140 111 141
f 142 112 113
f 141 112 142
f 143 113 114
f 142 113 143
f 144 114 115
f 143 114 144
f 145 115 116
f 144 115 145
f 146 116 117
f 145 116 146
f 147 117 118
f 146 117 147
f 148 118 119
f 147 118 148
f 149 119 120
f 148 119 149
f 150 120 121
f 149 120 150
f 151 121 122
f 150 121 151
f 152 122 123
f 151 122 152
f 153 123 124
f 152 123 153
f 154 124 125
f 153 124 154
f 155 125 126
f 154 125 155
f 156 126 127
f 155 126 156
f 157 127 128
f 156 127 157
f 158 128 129
f 157 128 158
f 159 129 130
f 158 129 159
f 160 130 131
f 159 130 160
f 161 131 132
f 160 131 161
f 162 132 133
f 161 132 162
f 163 133 134
f 162 133 163
f 164 134 135
f 163 134 164
f 165 135 136
f 164 135 165
f 136 137 166
f 136 166 165
f 139 138 167
f 139 167 168
f 169 138 140
f 167 138 169
f 170 140 141
f 169 140 170
f 171 141 142
f 170 141 171
f 172 142 143
f 171 142 172
f 173 143 144
f 172 143 173
f 174 144 145
f 173 144 174
f 175 145 146
f 174 145 175
f 176 146 147
f 175 146 176
f 177 147 148
f 176 147 177
f 178 148 149
f 177 148 178
f 179 149 150
f 178 149 179
f 180 150 151
f 179 150 180
f 181 151 152
f 180 151 181
f 182 152 153
f 181 152 182
f 183 153 154
f 182 153 183
f 184 154 155
f 183 154 184
f 185 155 156
f 184 155 185
f 186 156 157
f 185 156 186
f 187 157 158
f 186 157 187
f 188 158 159
f 187 158 188
f 189 159 160
f 188 159 189
f 190 160 161
f 189 160 190
f 191 161 162
f 190 161 191
f 192 162 163
f 191 162 192
f 193 163 164
f 192 163 193
f 194 164 165
f 193 164 194
f 165 166 195
f 165 195 194
f 168 167 196
f 168 196 197
f 198 167 169
f 196 167 198
f 199 169 170
f 198 169 199
f 200 170 171
f 199 170 200
f 201 171 172
f 200 171 201
f 202 172 173
f 201 172 202
f 203 173 174
f 202 173 203
f 204 174 175
f 203 174 204
f 205 175 176
f 204 175 205
f 206 176 177
f 205 176 206
f 207 177 178
f 206 177 207
f 208 178 179
f 207 178 208
f 209 179 180
f 208 179 209
f 210 180 181
f 209 180 210
f 211 181 182
f 210 181 211
f 212 182 183
f 211 182 212
f 213 183 184
f 212 183 213
f 214 184 185
f 213 184 214
f 215 185 186
f 214 185 215
f 216 186 187
f 215 186 216
f 217 187 188
f 216 187 217
f 218 188 189
f 217 188 218
f 219 189 190
f 218 189 219
f 220 190 191
f 219 190 220
f 221 191 192
f 220 191 221
f 222 192 193
f 221 192 222
f 223 193 194
f 222 193 223
f 194 195 224
f 194 224 223
f 197 196 225
f 197 225 226
f 227 196 198
f 225 196 227
f 228 198 199
f 227 198 228
f 229 199 200
f 228 199 229
f 230 200 201
f 229 200 230
f 231 201 202
f 230 201 231
f 232 202 203
f 231 202 232
f 233 203 204
f 232 203 233
f 234 204 205
f 233 204 234
f 235 205 206
f 234 205 235
f 236 206 207
f 235 206 236
f 237 207 208
f 236 207 237
f 238 208 209
f 237 208 238
f 239 209 210
f 238 209 239
f 240 210 211
f 239 210 240
f 241 211 212
f 240 211 241
f 242 212 213
f 241 212 242
f 243 213 214
f 242 213 243
f 244 214 215
f 243 214 244
f 245 215 216
f 244 215 245
f 246 216 217
f 245 216 246
f 247 217 218
f 246 217 247
f 248 218 219
f 247 218 248
f 249 219 220
f 248 219 249
f 250 220 221
f 249 220 250
f 251 221 222
f 250 221 251
f 252 222 223
f 251 222 252
f 223 224 253
f 223 253 252
f 226 225 254
f 226 254 255
f 256 225 227
f 254 225 256
f 257 227 228
f 256 227 257
f 258 228 229
f 257 228 258
f 259 229 230
f 258 229 259
f 260 230 231
f 259 230 260
f 261 231 232
f 260 231 261
f 262 232 233
f 261 232 262
f 263 233 234
f 262 233 263
f 264 234 235
f 263 234 264
f 265 235 236
f 264 235 265
f 266 236 237
f 265 236 266
f 267 237 238
f 266 237 267
f 268 238 239
f 267 238 268
f 269 239 240
f 268 239 269
f 270 240 241
f 269 240 270
f 271 241 242
f 270 241 271
f 272 242 243
f 271 242 272
f 273 243 244
f 272 243 273
f 274 244 245
f 273 244 274
f 275 245 246
f 274 245 275
f 276 246 247
f 275 246 276
f 277 247 248
f 276 247 277
f 278 248 249
f 277 248 278
f 279 249 250
f 278 249 279
f 280 250 251
f 279 250 280
f 281 251 252
f 280 251 281
f 252 253 282
f 252 282 281
f 255 254 283
f 255 283 284
f 285 254 256
f 283 254 285
f 286 256 257
f 285 256 286
f 287 257 258
f 286 257 287
f 288 258 259
f 287 258 288
f 289 259 260
f 288 259 289
f 290 260 261
f 289 260 290
f 291 261 262
f 290 261 291
f 292 262 263
f 291 262 292
f 293 263 264
f 292 263 293
f 294 264 265
f 293 264 294
f 295 265 266
f 294 265 295
f 296 266 267
f 295 266 296
f 297 267 268
f 296 267 297
f 298 268 269
f 297 268 298
f 299 269 270
f 298 269 299
f 300 270 271
f 299 270 300
f 301 271 272
f 300 271 301
f 302 272 273
f 301 272 302
f 303 273 274
f 302 273 303
f 304 274 275
f 303 274 304
f 305 275 276
f 304 275 305
f 306 276 277
f 305 276 306
f 307 277 278
f 306 277 307
f 308 278 279
f 307 278 308
f 309 279 280
f 308 279 309
f 281 311 310
f 309 281 310
f 280 281 309
f 311 281 282
f 284 283 312
f 284 312 313
f 314 283 285
f 312 283 314
f 315 285 286
f 314 285 315
f 316 286 287
f 315 286 316
f 317 287 288
f 316 287 317
f 318 288 289
f 317 288 318
f 319 289 290
f 318 289 319
f 320 290 291
f 319 290 320
f 321 291 292
f 320 291 321
f 322 292 293
f 321 292 322
f 323 293 294
f 322 293 323
f 324 294 295
f 323 294 324
f 325 295 296
f 324 295 325
f 326 296 297
f 325 296 326
f 327 297 298
f 326 297 327
f 328 298 299
f 327 298 328
f 329 299 300
f 328 299 329
f 330 300 301
f 329 300 330
f 331 301 302
f 330 301 331
f 332 302 303
f 331 302 332
f 333 303 304
f 332 303 333
f 334 304 305
f 333 304 334
f 335 305 306
f 334 305 335
f 336 306 307
f 335 306 336
f 337 307 308
f 336 307 337
f 338 308 309
f 337 308 338
f 309 310 339
f 309 339 338
f 313 312 340
f 313 340 341
f 342 312 314
f 340 312 342
f 343 314 315
f 342 314 343
f 344 315 316
f 343 315 344
f 345 316 317
f 344 316 345
f 346 317 318
f 345 317 346
f 347 318 319
f 346 318 347
f 348 319 320
f 347 319 348
f 349 320 321
f 348 320 349
f 350 321 322
f 349 321 350
f 351 322 323
f 350 322 351
f 352 323 324
f 351 323 352
f 353 324 325
f 352 324 353
f 354 325 326
f 353 325 354
f 355 326 327
f 354 326 355
f 356 327 328
f 355 327 356
f 357 328 329
f 356 328 357
f 358 329 330
f 357 329 358
f 359 330 331
f 358 330 359
f 332 361 360
f 359 332 360
f 331 332 359
f 361 332 333
f 361 333 362
f 362 333 334
f 362 334 363
f 365 364 363
f 334 365 363
f 335 365 334
f 366 335 336
f 365 335 366
f 367 336 337
f 366 336 367
f 368 337 338
f 367 337 368
f 338 339 369
f 338 369 368
f 372 371 370
f 370 371 341
f 340 370 341
f 373 370 340
f 374 340 342
f 373 340 374
f 375 342 343
f 374 342 375
f 376 343 344
f 375 343 376
f 377 344 345
f 376 344 377
f 378 345 346
f 377 345 378
f 379 346 347
f 378 346 379
f 380 347 348
f 379 347 380
f 381 348 349
f 380 348 381
f 382 349 350
f 381 349 382
f 383 350 351
f 382 350 383
f 384 351 352
f 383 351 384
f 385 352 353
f 384 352 385
f 386 353 354
f 385 353 386
f 387 354 355
f 386 354 387
f 388 355 356
f 387 355 388
f 389 356 357
f 388 356 389
f 390 357 358
f 389 357 390
f 391 358 359
f 390 358 391
f 359 360 392
f 393 359 392
f 391 359 393
f 395 394 393
f 395 393 392
f 397 396 394
f 397 394 395
f 396 397 364
f 365 396 364
f 398 396 365
f 399 365 366
f 398 365 399
f 400 366 367
f 399 366 400
f 401 367 368
f 400 367 401
f 368 369 402
f 368 402 401
f 372 370 403
f 372 403 404
f 405 370 373
f 403 370 405
f 406 373 374
f 405 373 406
f 407 374 375
f 406 374 407
f 408 375 376
f 407 375 408
f 409 376 377
f 408 376 409
f 410 377 378
f 409 377 410
f 411 378 379
f 410 378 411
f 412 379 380
f 411 379 412
f 413 380 381
f 412 380 413
f 414 381 382
f 413 381 414
f 415 382 383
f 414 382 415
f 416 383 384
f 415 383 416
f 417 384 385
f 416 384 417
f 418 385 386
f 417 385 418
f 419 386 387
f 418 386 419
f 420 387 388
f 419 387 420
f 421 388 389
f 420 388 421
f 422 389 390
f 421 389 422
f 423 390 391
f 422 390 423
f 424 391 393
f 423 391 424
f 425 393 394
f 424 393 425
f 426 394 396
f 425 394 426
f 427 396 398
f 426 396 427
f 428 398 399
f 427 398 428
f 429 399 400
f 428 399 429
f 430 400 401
f 429 400 430
f 401 402 431
f 401 431 430
f 434 433 432
f 432 433 404
f 403 432 404
f 435 432 403
f 436 403 405
f 435 403 436
f 437 405 406
f 436 405 437
f 438 406 407
f 437 406 438
f 439 407 408
f 438 407 439
f 440 408 409
f 439 408 440
f 441 409 410
f 440 409 441
f 442 410 411
f 441 410 442
f 443 411 412
f 442 411 443
f 444 412 413
f 443 412 444
f 445 413 414
f 444 413 445
f 446 414 415
f 445 414 446
f 447 415 416
f 446 415 447
f 448 416 417
f 447 416 448
f 449 417 418
f 448 417 449
f 450 418 419
f 449 418 450
f 451 419 420
f 450 419 451
f 452 420 421
f 451 420 452
f 453 421 422
f 452 421 453
f 454 422 423
f 453 422 454
f 455 423 424
f 454 423 455
f 456 424 425
f 455 424 456
f 457 425 426
f 456 425 457
f 458 426 427
f 457 426 458
f 459 427 428
f 458 427 459
f 460 428 429
f 459 428 460
f 461 429 430
f 460 429 461
f 430 431 462
f 430 462 461
f 463 434 432
f 465 464 463
f 432 465 463
f 435 465 432
f 466 435 436
f 465 435 466
f 467 436 437
f 466 436 467
f 468 437 438
f 467 437 468
f 469 438 439
f 468 438 469
f 470 439 440
f 469 439 470
f 471 440 441
f 470 440 471
f 472 441 442
f 471 441 472
f 473 442 443
f 472 442 473
f 474 443 444
f 473 443 474
f 475 444 445
f 474 444 475
f 476 445 446
f 475 445 476
f 477 446 447
f 476 446 477
f 478 447 448
f 477 447 478
f 479 448 449
f 478 448 479
f 480 449 450
f 479 449 480
f 481 450 451
f 480 450 481
f 482 451 452
f 481 451 482
f 483 452 453
f 482 452 483
f 484 453 454
f 483 453 484
f 485 454 455
f 484 454 485
f 486 455 456
f 485 455 486
f 487 456 457
f 486 456 487
f 488 457 458
f 487 457 488
f 489 458 459
f 488 458 489
f 490 459 460
f 489 459 490
f 491 460 461
f 490 460 491
f 461 462 492
f 461 492 491
f 464 465 493
f 464 493 494
f 495 465 466
f 493 465 495
f 496 466 467
f 495 466 496
f 497 467 468
f 496 467 497
f 498 468 469
f 497 468 498
f 499 469 470
f 498 469 499
f 500 470 471
f 499 470 500
f 501 471 472
f 500 471 501
f 502 472 473
f 501 472 502
f 503 473 474
f 502 473 503
f 504 474 475
f 503 474 504
f 505 475 476
f 504 475 505
f 506 476 477
f 505 476 506
f 507 477 478
f 506 477 507
f 508 478 479
f 507 478 508
f 509 479 480
f 508 479 509
f 510 480 481
f 509 480 510
f 511 481 482
f 510 481 511
f 512 482 483
f 511 482 512
f 484 514 513
f 512 484 513
f 483 484 512
f 514 484 485
f 514 485 515
f 515 485 486
f 515 486 516
f 518 517 516
f 486 518 516
f 487 518 486
f 519 487 488
f 518 487 519
f 520 488 489
f 519 488 520
f 521 489 490
f 520 489 521
f 522 490 491
f 521 490 522
f 491 492 523
f 524 491 523
f 522 491 524
f 525 524 523
f 526 494 493
f 526 493 495
f 526 495 527
f 529 528 527
f 495 529 527
f 496 529 495
f 530 496 497
f 529 496 530
f 531 497 498
f 530 497 531
f 532 498 499
f 531 498 532
f 533 499 500
f 532 499 533
f 534 500 501
f 533 500 534
f 535 501 502
f 534 501 535
f 536 502 503
f 535 502 536
f 537 503 504
f 536 503 537
f 538 504 505
f 537 504 538
f 539 505 506
f 538 505 539
f 540 506 507
f 539 506 540
f 541 507 508
f 540 507 541
f 542 508 509
f 541 508 542
f 543 509 510
f 542 509 543
f 511 545 544
f 543 511 544
f 510 511 543
f 545 511 512
f 545 512 546
f 546 512 513
f 547 517 518
f 549 548 547
f 518 549 547
f 519 549 518
f 550 519 520
f 549 519 550
f 551 520 521
f 550 520 551
f 552 521 522
f 551 521 552
f 524 554 553
f 552 524 553
f 522 524 552
f 554 524 525
f 555 528 529
f 555 529 530
f 555 530 556
f 556 530 531
f 556 531 557
f 557 531 532
f 557 532 558
f 558 532 533
f 558 533 559
f 559 533 534
f 559 534 560
f 560 534 535
f 560 535 561
f 561 535 536
f 561 536 562
f 564 563 562
f 536 564 562
f 537 564 536
f 565 537 538
f 564 537 565
f 539 567 566
f 565 539 566
f 538 539 565
f 567 539 540
f 567 540 568
f 568 540 541
f 568 541 569
f 569 541 542
f 569 542 570
f 570 542 543
f 570 543 571
f 571 543 544
f 572 548 549
f 574 573 572
f 549 574 572
f 550 574 549
f 575 550 551
f 574 550 575
f 576 551 552
f 575 551 576
f 552 553 577
f 552 577 576
f 578 563 564
f 578 564 565
f 578 565 579
f 579 565 566
f 580 573 574
f 580 574 575
f 580 575 581
f 581 575 576
f 581 576 582
f 582 576 577
f 585 584 583
f 2 3 583
f 584 2 583
f 586 2 584
f 2 587 5
f 586 587 2
f 5 588 7
f 587 588 5
f 7 589 9
f 588 589 7
f 9 590 11
f 589 590 9
f 11 591 13
f 590 591 11
f 13 592 15
f 591 592 13
f 15 593 17
f 592 593 15
f 595 594 18
f 17 595 18
f 593 595 17
f 597 596 594
f 597 594 595
f 599 598 596
f 599 596 597
f 601 600 598
f 601 598 599
f 603 602 600
f 603 600 601
f 605 604 602
f 605 602 603
f 20 21 604
f 605 20 604
f 606 20 605
f 20 607 23
f 606 607 20
f 23 608 25
f 607 608 23
f 25 609 27
f 608 609 25
f 27 610 29
f 609 610 27
f 29 611 31
f 610 611 29
f 31 612 33
f 611 612 31
f 33 613 35
f 612 613 33
f 35 614 37
f 613 614 35
f 37 615 39
f 614 615 37
f 39 616 41
f 615 616 39
f 618 617 42
f 41 618 42
f 616 618 41
f 620 619 617
f 620 617 618
f 622 621 619
f 622 619 620
f 623 621 622
f 585 583 624
f 585 624 625
f 44 624 3
f 3 624 583
f 594 52 18
f 52 594 55
f 55 594 596
f 55 596 57
f 57 596 598
f 57 598 59
f 59 598 600
f 59 600 61
f 61 600 602
f 61 602 63
f 63 602 604
f 63 604 21
f 617 75 42
f 75 617 78
f 78 617 619
f 78 619 79
f 619 626 79
f 619 621 626
f 621 623 627
f 621 627 626
f 625 624 628
f 625 628 629
f 81 628 44
f 44 628 624
f 630 108 626
f 626 108 79
f 626 627 631
f 626 631 630
f 629 628 632
f 629 632 633
f 110 632 81
f 81 632 628
f 634 137 630
f 630 137 108
f 630 631 635
f 630 635 634
f 633 632 636
f 633 636 637
f 139 636 110
f 110 636 632
f 638 166 634
f 634 166 137
f 634 635 639
f 634 639 638
f 637 636 640
f 637 640 641
f 168 640 139
f 139 640 636
f 642 195 638
f 638 195 166
f 638 639 643
f 638 643 642
f 641 640 644
f 641 644 645
f 197 644 168
f 168 644 640
f 646 224 642
f 642 224 195
f 642 643 647
f 642 647 646
f 650 649 648
f 648 649 645
f 644 648 645
f 651 648 644
f 226 651 197
f 197 651 644
f 652 253 646
f 646 253 224
f 646 647 653
f 646 653 652
f 650 648 654
f 650 654 655
f 656 648 651
f 654 648 656
f 255 656 226
f 226 656 651
f 657 282 652
f 652 282 253
f 652 653 658
f 652 658 657
f 655 654 659
f 655 659 660
f 661 654 656
f 659 654 661
f 284 661 255
f 255 661 656
f 662 310 311
f 282 657 311
f 657 662 311
f 657 663 662
f 657 658 664
f 657 664 663
f 660 659 665
f 660 665 666
f 667 659 661
f 665 659 667
f 313 667 284
f 284 667 661
f 668 339 662
f 662 339 310
f 669 662 663
f 668 662 669
f 663 664 670
f 663 670 669
f 666 665 671
f 666 671 672
f 673 665 667
f 671 665 673
f 341 673 313
f 313 673 667
f 674 360 361
f 362 675 361
f 361 675 674
f 363 676 362
f 362 676 675
f 364 676 363
f 677 369 668
f 668 369 339
f 678 668 669
f 677 668 678
f 669 670 679
f 669 679 678
f 672 671 680
f 672 680 681
f 372 680 371
f 680 673 371
f 680 671 673
f 371 673 341
f 674 392 360
f 392 674 395
f 395 674 675
f 395 675 397
f 397 675 676
f 397 676 364
f 682 402 677
f 677 402 369
f 683 677 678
f 682 677 683
f 678 679 684
f 678 684 683
f 681 680 685
f 681 685 686
f 404 685 372
f 372 685 680
f 687 431 682
f 682 431 402
f 688 682 683
f 687 682 688
f 683 684 689
f 683 689 688
f 686 685 433
f 434 686 433
f 690 686 434
f 433 685 404
f 691 462 687
f 687 462 431
f 692 687 688
f 691 687 692
f 688 689 693
f 688 693 692
f 434 463 694
f 695 434 694
f 690 434 695
f 464 694 463
f 696 492 691
f 691 492 462
f 697 691 692
f 696 691 697
f 692 693 698
f 692 698 697
f 695 694 699
f 695 699 700
f 494 699 464
f 464 699 694
f 701 513 514
f 515 702 514
f 514 702 701
f 516 703 515
f 515 703 702
f 517 703 516
f 696 523 492
f 523 696 525
f 696 704 525
f 696 697 704
f 697 698 705
f 697 705 704
f 706 700 699
f 708 706 707
f 707 706 526
f 706 699 526
f 699 494 526
f 527 709 526
f 526 709 707
f 528 709 527
f 710 544 545
f 546 711 545
f 545 711 710
f 513 701 546
f 701 711 546
f 701 712 711
f 713 701 702
f 712 701 713
f 714 702 703
f 713 702 714
f 547 715 517
f 715 703 517
f 715 714 703
f 548 715 547
f 716 553 554
f 525 704 554
f 704 716 554
f 704 717 716
f 704 705 718
f 704 718 717
f 719 708 707
f 721 720 719
f 707 721 719
f 709 721 707
f 555 722 528
f 722 709 528
f 722 721 709
f 556 723 555
f 555 723 722
f 557 724 556
f 556 724 723
f 558 725 557
f 557 725 724
f 559 726 558
f 558 726 725
f 560 727 559
f 559 727 726
f 561 728 560
f 560 728 727
f 562 729 561
f 561 729 728
f 563 729 562
f 730 566 567
f 568 731 567
f 567 731 730
f 569 732 568
f 568 732 731
f 570 733 569
f 569 733 732
f 571 734 570
f 570 734 733
f 544 710 571
f 710 734 571
f 710 735 734
f 736 710 711
f 735 710 736
f 737 711 712
f 736 711 737
f 738 712 713
f 737 712 738
f 739 713 714
f 738 713 739
f 740 714 715
f 739 714 740
f 572 741 548
f 741 715 548
f 741 740 715
f 573 741 572
f 742 577 716
f 716 577 553
f 743 716 717
f 742 716 743
f 717 718 744
f 717 744 743
f 745 720 721
f 745 721 722
f 745 722 746
f 746 722 723
f 746 723 747
f 747 723 724
f 747 724 748
f 748 724 725
f 748 725 749
f 749 725 726
f 749 726 750
f 752 751 750
f 726 752 750
f 727 752 726
f 753 727 728
f 752 727 753
f 754 728 729
f 753 728 754
f 578 755 563
f 755 729 563
f 755 754 729
f 579 756 578
f 578 756 755
f 566 730 579
f 730 756 579
f 730 757 756
f 758 730 731
f 757 730 758
f 759 731 732
f 758 731 759
f 760 732 733
f 759 732 760
f 761 733 734
f 760 733 761
f 762 734 735
f 761 734 762
f 763 735 736
f 762 735 763
f 764 736 737
f 763 736 764
f 765 737 738
f 764 737 765
f 766 738 739
f 765 738 766
f 767 739 740
f 766 739 767
f 768 740 741
f 767 740 768
f 580 769 573
f 769 741 573
f 769 768 741
f 581 770 580
f 580 770 769
f 582 771 581
f 581 771 770
f 577 742 582
f 742 771 582
f 742 772 771
f 773 742 743
f 772 742 773
f 743 744 774
f 743 774 773
f 775 751 752
f 775 752 753
f 775 753 776
f 776 753 754
f 776 754 777
f 777 754 755
f 777 755 778
f 778 755 756
f 778 756 779
f 779 756 757
f 779 757 780
f 780 757 758
f 780 758 781
f 781 758 759
f 781 759 782
f 782 759 760
f 782 760 783
f 783 760 761
f 783 761 784
f 784 761 762
f 784 762 785
f 785 762 763
f 785 763 786
f 786 763 764
f 786 764 787
f 787 764 765
f 787 765 788
f 790 789 788
f 765 790 788
f 766 790 765
f 791 766 767
f 790 766 791
f 792 767 768
f 791 767 792
f 793 768 769
f 792 768 793
f 794 769 770
f 793 769 794
f 795 770 771
f 794 770 795
f 796 771 772
f 795 771 796
f 773 798 797
f 796 773 797
f 772 773 796
f 798 773 774
f 799 789 790
f 799 790 791
f 799 791 800
f 802 801 800
f 791 802 800
f 792 802 791
f 803 792 793
f 802 792 803
f 804 793 794
f 803 793 804
f 805 794 795
f 804 794 805
f 796 807 806
f 805 796 806
f 795 796 805
f 807 796 797
f 808 801 802
f 808 802 803
f 808 803 809
f 809 803 804
f 809 804 810
f 810 804 805
f 810 805 811
f 811 805 806
f 814 813 812
f 816 815 812
f 816 812 813
f 818 817 815
f 818 815 816
f 820 819 817
f 820 817 818
f 821 819 820
f 824 823 822
f 825 822 823
f 827 826 584
f 827 584 585
f 584 828 586
f 826 828 584
f 586 829 587
f 828 829 586
f 812 588 814
f 588 829 814
f 588 587 829
f 588 812 589
f 589 812 815
f 589 815 590
f 590 815 817
f 590 817 591
f 591 817 819
f 821 830 819
f 830 591 819
f 830 592 591
f 592 831 593
f 830 831 592
f 593 832 595
f 831 832 593
f 595 833 597
f 832 833 595
f 597 834 599
f 833 834 597
f 599 835 601
f 834 835 599
f 601 836 603
f 835 836 601
f 603 837 605
f 836 837 603
f 605 838 606
f 837 838 605
f 606 839 607
f 838 839 606
f 607 840 608
f 839 840 607
f 608 841 609
f 840 841 608
f 609 842 610
f 841 842 609
f 610 843 611
f 842 843 610
f 611 844 612
f 843 844 611
f 612 845 613
f 844 845 612
f 613 846 614
f 845 846 613
f 614 847 615
f 846 847 614
f 615 848 616
f 847 848 615
f 616 849 618
f 848 849 616
f 822 620 824
f 620 849 824
f 620 618 849
f 825 850 822
f 850 620 822
f 850 622 620
f 623 622 850
f 623 850 851
f 625 827 585
f 625 852 827
f 851 627 623
f 853 627 851
f 629 852 625
f 629 854 852
f 853 631 627
f 855 631 853
f 633 854 629
f 633 856 854
f 855 635 631
f 857 635 855
f 637 856 633
f 637 858 856
f 857 639 635
f 859 639 857
f 641 858 637
f 641 860 858
f 859 643 639
f 861 643 859
f 864 863 862
f 863 860 862
f 860 645 862
f 860 641 645
f 861 647 643
f 865 647 861
f 864 862 649
f 650 864 649
f 866 864 650
f 649 862 645
f 865 653 647
f 867 653 865
f 655 866 650
f 655 868 866
f 867 658 653
f 869 658 867
f 660 868 655
f 660 870 868
f 869 664 658
f 871 664 869
f 666 870 660
f 666 872 870
f 871 670 664
f 873 670 871
f 672 872 666
f 672 874 872
f 873 679 670
f 875 679 873
f 681 874 672
f 681 876 874
f 875 684 679
f 877 684 875
f 686 876 681
f 686 878 876
f 877 689 684
f 879 689 877
f 690 878 686
f 690 880 878
f 879 693 689
f 881 693 879
f 695 880 690
f 695 882 880
f 881 698 693
f 883 698 881
f 700 882 695
f 700 884 882
f 883 705 698
f 885 705 883
f 700 706 886
f 887 700 886
f 884 700 887
f 708 886 706
f 885 718 705
f 888 718 885
f 889 887 886
f 891 889 890
f 890 889 719
f 889 886 719
f 886 708 719
f 720 890 719
f 888 744 718
f 892 744 888
f 893 891 890
f 893 890 720
f 745 893 720
f 894 893 745
f 895 745 746
f 895 894 745
f 896 746 747
f 896 895 746
f 897 747 748
f 897 896 747
f 899 897 898
f 897 749 898
f 897 748 749
f 750 900 749
f 749 900 898
f 751 900 750
f 892 774 744
f 901 774 892
f 902 899 898
f 902 898 900
f 902 900 903
f 903 900 751
f 775 903 751
f 904 903 775
f 905 775 776
f 905 904 775
f 906 776 777
f 906 905 776
f 907 777 778
f 907 906 777
f 908 778 779
f 908 907 778
f 909 779 780
f 909 908 779
f 910 780 781
f 910 909 780
f 911 781 782
f 911 910 781
f 912 782 783
f 912 911 782
f 913 783 784
f 913 912 783
f 914 784 785
f 914 913 784
f 915 785 786
f 915 914 785
f 916 786 787
f 916 915 786
f 918 916 917
f 916 788 917
f 916 787 788
f 789 917 788
f 919 797 798
f 920 919 798
f 774 920 798
f 901 920 774
f 921 918 917
f 923 921 922
f 922 921 799
f 921 917 799
f 917 789 799
f 800 924 799
f 799 924 922
f 801 924 800
f 925 806 807
f 926 925 807
f 926 807 797
f 927 926 797
f 919 927 797
f 927 919 920
f 928 923 922
f 928 922 924
f 928 924 929
f 929 924 801
f 808 929 801
f 930 929 808
f 931 808 809
f 931 930 808
f 932 809 810
f 932 931 809
f 933 810 811
f 933 932 810
f 811 806 925
f 934 811 925
f 933 811 934
f 934 925 926
f 936 935 813
f 936 813 814
f 813 937 816
f 935 937 813
f 816 938 818
f 937 938 816
f 938 940 939
f 820 938 939
f 818 938 820
f 939 821 820
f 824 941 823
f 941 825 823
f 943 942 826
f 943 826 827
f 826 944 828
f 942 944 826
f 828 945 829
f 944 945 828
f 814 829 936
f 936 829 945
f 940 946 939
f 939 946 821
f 946 830 821
f 946 947 830
f 830 948 831
f 947 948 830
f 831 949 832
f 948 949 831
f 832 950 833
f 949 950 832
f 833 951 834
f 950 951 833
f 834 952 835
f 951 952 834
f 835 953 836
f 952 953 835
f 836 954 837
f 953 954 836
f 837 955 838
f 954 955 837
f 838 956 839
f 955 956 838
f 839 957 840
f 956 957 839
f 840 958 841
f 957 958 840
f 841 959 842
f 958 959 841
f 842 960 843
f 959 960 842
f 843 961 844
f 960 961 843
f 844 962 845
f 961 962 844
f 845 963 846
f 962 963 845
f 846 964 847
f 963 964 846
f 847 965 848
f 964 965 847
f 848 966 849
f 965 966 848
f 824 849 941
f 849 967 941
f 849 966 967
f 941 967 825
f 967 850 825
f 967 968 850
f 851 850 968
f 851 968 969
f 852 943 827
f 852 970 943
f 969 853 851
f 971 853 969
f 854 970 852
f 854 972 970
f 971 855 853
f 973 855 971
f 856 972 854
f 856 974 972
f 973 857 855
f 975 857 973
f 858 974 856
f 858 976 974
f 975 859 857
f 977 859 975
f 980 979 978
f 979 976 978
f 976 860 978
f 976 858 860
f 977 861 859
f 981 861 977
f 980 978 863
f 864 980 863
f 982 980 864
f 863 978 860
f 981 865 861
f 983 865 981
f 866 982 864
f 866 984 982
f 983 867 865
f 985 867 983
f 868 984 866
f 868 986 984
f 985 869 867
f 987 869 985
f 870 986 868
f 870 988 986
f 987 871 869
f 989 871 987
f 872 988 870
f 872 990 988
f 989 873 871
f 991 873 989
f 874 990 872
f 874 992 990
f 991 875 873
f 993 875 991
f 876 992 874
f 876 994 992
f 993 877 875
f 995 877 993
f 878 994 876
f 878 996 994
f 995 879 877
f 997 879 995
f 880 996 878
f 880 998 996
f 997 881 879
f 999 881 997
f 882 998 880
f 882 1000 998
f 999 883 881
f 1001 883 999
f 884 1000 882
f 884 1002 1000
f 1001 885 883
f 1003 885 1001
f 887 1002 884
f 887 1004 1002
f 1003 888 885
f 1005 888 1003
f 1006 1004 887
f 1006 887 889
f 889 891 1006
f 1006 891 1007
f 1005 892 888
f 1008 892 1005
f 1009 1007 891
f 1009 891 893
f 1010 893 894
f 1010 1009 893
f 1011 894 895
f 1011 1010 894
f 1012 895 896
f 1012 1011 895
f 1013 896 897
f 1013 1012 896
f 1015 1014 899
f 1014 897 899
f 1014 1013 897
f 1015 1016 1014
f 1008 901 892
f 1017 901 1008
f 902 1015 899
f 1018 1016 1015
f 902 1018 1015
f 903 1018 902
f 1019 903 904
f 1019 1018 903
f 1020 904 905
f 1020 1019 904
f 1021 905 906
f 1021 1020 905
f 1022 906 907
f 1022 1021 906
f 1023 907 908
f 1023 1022 907
f 1024 908 909
f 1024 1023 908
f 1025 909 910
f 1025 1024 909
f 1026 910 911
f 1026 1025 910
f 1027 911 912
f 1027 1026 911
f 1028 912 913
f 1028 1027 912
f 1029 913 914
f 1029 1028 913
f 1030 914 915
f 1030 1029 914
f 1031 915 916
f 1031 1030 915
f 916 918 1031
f 1031 918 1032
f 1017 920 901
f 1033 920 1017
f 1034 1032 918
f 1034 918 921
f 921 923 1034
f 1034 923 1035
f 1037 1036 927
f 927 1036 926
f 927 920 1033
f 927 1033 1037
f 1038 1035 923
f 1038 923 928
f 1039 928 929
f 1039 1038 928
f 1041 1039 1040
f 1039 930 1040
f 1039 929 930
f 931 1042 930
f 930 1042 1040
f 932 1043 931
f 931 1043 1042
f 1043 932 1044
f 932 1045 1044
f 932 933 1045
f 1046 933 934
f 1046 1045 933
f 934 926 1036
f 934 1036 1046
f 1047 1041 1040
f 1047 1040 1042
f 1047 1042 1048
f 1048 1042 1043
f 1048 1043 1049
f 1049 1043 1044
f 936 1050 935
f 1051 937 935
f 1051 935 1050
f 1052 938 937
f 1052 937 1051
f 1052 940 938
f 1054 1053 942
f 1054 942 943
f 942 1055 944
f 1053 1055 942
f 944 1056 945
f 1055 1056 944
f 936 945 1050
f 945 1057 1050
f 945 1056 1057
f 1050 1057 1051
f 1051 1057 1058
f 1051 1058 1052
f 1052 1058 1059
f 1052 1059 940
f 1059 946 940
f 1059 1060 946
f 946 1061 947
f 1060 1061 946
f 947 1062 948
f 1061 1062 947
f 948 1063 949
f 1062 1063 948
f 949 1064 950
f 1063 1064 949
f 950 1065 951
f 1064 1065 950
f 951 1066 952
f 1065 1066 951
f 952 1067 953
f 1066 1067 952
f 953 1068 954
f 1067 1068 953
f 954 1069 955
f 1068 1069 954
f 955 1070 956
f 1069 1070 955
f 956 1071 957
f 1070 1071 956
f 957 1072 958
f 1071 1072 957
f 958 1073 959
f 1072 1073 958
f 959 1074 960
f 1073 1074 959
f 960 1075 961
f 1074 1075 960
f 961 1076 962
f 1075 1076 961
f 962 1077 963
f 1076 1077 962
f 963 1078 964
f 1077 1078 963
f 964 1079 965
f 1078 1079 964
f 965 1080 966
f 1079 1080 965
f 966 1081 967
f 1080 1081 966
f 967 1082 968
f 1081 1082 967
f 969 968 1082
f 969 1082 1083
f 970 1054 943
f 970 1084 1054
f 1083 971 969
f 1085 971 1083
f 972 1084 970
f 972 1086 1084
f 1085 973 971
f 1087 973 1085
f 974 1086 972
f 974 1088 1086
f 1087 975 973
f 1089 975 1087
f 976 1088 974
f 976 1090 1088
f 1089 977 975
f 1091 977 1089
f 1093 1092 979
f 1093 979 980
f 976 979 1090
f 1090 979 1092
f 1091 981 977
f 1094 981 1091
f 982 1093 980
f 982 1095 1093
f 1094 983 981
f 1096 983 1094
f 984 1095 982
f 984 1097 1095
f 1096 985 983
f 1098 985 1096
f 986 1097 984
f 986 1099 1097
f 1098 987 985
f 1100 987 1098
f 988 1099 986
f 988 1101 1099
f 1100 989 987
f 1102 989 1100
f 990 1101 988
f 990 1103 1101
f 1102 991 989
f 1104 991 1102
f 992 1103 990
f 992 1105 1103
f 1104 993 991
f 1106 993 1104
f 994 1105 992
f 994 1107 1105
f 1106 995 993
f 1108 995 1106
f 996 1107 994
f 996 1109 1107
f 1108 997 995
f 1110 997 1108
f 998 1109 996
f 998 1111 1109
f 1110 999 997
f 1112 999 1110
f 1000 1111 998
f 1000 1113 1111
f 1112 1001 999
f 1114 1001 1112
f 1002 1113 1000
f 1002 1115 1113
f 1114 1003 1001
f 1116 1003 1114
f 1004 1118 1117
f 1115 1004 1117
f 1002 1004 1115
f 1118 1119 1117
f 1116 1005 1003
f 1120 1005 1116
f 1006 1118 1004
f 1122 1121 1007
f 1007 1121 1006
f 1121 1119 1006
f 1119 1118 1006
f 1124 1123 1122
f 1122 1123 1121
f 1124 1125 1123
f 1120 1008 1005
f 1126 1008 1120
f 1009 1122 1007
f 1122 1009 1010
f 1122 1010 1124
f 1127 1125 1124
f 1010 1127 1124
f 1011 1127 1010
f 1128 1011 1012
f 1128 1127 1011
f 1129 1012 1013
f 1129 1128 1012
f 1130 1013 1014
f 1130 1129 1013
f 1132 1131 1016
f 1131 1014 1016
f 1131 1130 1014
f 1134 1133 1132
f 1132 1133 1131
f 1136 1135 1134
f 1134 1135 1133
f 1138 1137 1136
f 1136 1137 1135
f 1140 1139 1138
f 1138 1139 1137
f 1142 1141 1140
f 1140 1141 1139
f 1144 1143 1142
f 1142 1143 1141
f 1146 1145 1144
f 1144 1145 1143
f 1148 1147 1146
f 1146 1147 1145
f 1150 1149 1148
f 1148 1149 1147
f 1152 1151 1150
f 1150 1151 1149
f 1154 1153 1152
f 1152 1153 1151
f 1156 1155 1154
f 1154 1155 1153
f 1158 1157 1156
f 1156 1157 1155
f 1158 1159 1157
f 1126 1017 1008
f 1160 1017 1126
f 1018 1132 1016
f 1132 1018 1019
f 1132 1019 1134
f 1134 1019 1020
f 1134 1020 1136
f 1136 1020 1021
f 1136 1021 1138
f 1138 1021 1022
f 1138 1022 1140
f 1140 1022 1023
f 1140 1023 1142
f 1142 1023 1024
f 1142 1024 1144
f 1144 1024 1025
f 1144 1025 1146
f 1146 1025 1026
f 1146 1026 1148
f 1148 1026 1027
f 1148 1027 1150
f 1150 1027 1028
f 1150 1028 1152
f 1152 1028 1029
f 1152 1029 1154
f 1154 1029 1030
f 1154 1030 1156
f 1156 1030 1031
f 1156 1031 1158
f 1162 1161 1032
f 1032 1161 1031
f 1161 1159 1031
f 1159 1158 1031
f 1162 1163 1161
f 1160 1033 1017
f 1164 1033 1160
f 1034 1162 1032
f 1034 1035 1162
f 1035 1163 1162
f 1035 1165 1163
f 1166 1036 1037
f 1167 1166 1037
f 1033 1167 1037
f 1164 1167 1033
f 1168 1165 1035
f 1168 1035 1038
f 1170 1168 1169
f 1168 1039 1169
f 1168 1038 1039
f 1041 1169 1039
f 1171 1044 1045
f 1171 1045 1172
f 1045 1173 1172
f 1045 1046 1173
f 1046 1036 1166
f 1174 1046 1166
f 1173 1046 1174
f 1174 1166 1167
f 1175 1170 1169
f 1175 1169 1041
f 1047 1175 1041
f 1176 1175 1047
f 1177 1047 1048
f 1177 1176 1047
f 1178 1048 1049
f 1178 1177 1048
f 1049 1044 1171
f 1179 1049 1171
f 1178 1049 1179
f 1179 1171 1172
f 1181 1180 1053
f 1181 1053 1054
f 1053 1182 1055
f 1180 1182 1053
f 1055 1183 1056
f 1182 1183 1055
f 1056 1184 1057
f 1183 1184 1056
f 1057 1185 1058
f 1184 1185 1057
f 1058 1186 1059
f 1185 1186 1058
f 1059 1187 1060
f 1186 1187 1059
f 1060 1188 1061
f 1187 1188 1060
f 1061 1189 1062
f 1188 1189 1061
f 1062 1190 1063
f 1189 1190 1062
f 1063 1191 1064
f 1190 1191 1063
f 1064 1192 1065
f 1191 1192 1064
f 1065 1193 1066
f 1192 1193 1065
f 1066 1194 1067
f 1193 1194 1066
f 1067 1195 1068
f 1194 1195 1067
f 1068 1196 1069
f 1195 1196 1068
f 1069 1197 1070
f 1196 1197 1069
f 1070 1198 1071
f 1197 1198 1070
f 1071 1199 1072
f 1198 1199 1071
f 1072 1200 1073
f 1199 1200 1072
f 1073 1201 1074
f 1200 1201 1073
f 1074 1202 1075
f 1201 1202 1074
f 1075 1203 1076
f 1202 1203 1075
f 1076 1204 1077
f 1203 1204 1076
f 1077 1205 1078
f 1204 1205 1077
f 1078 1206 1079
f 1205 1206 1078
f 1079 1207 1080
f 1206 1207 1079
f 1080 1208 1081
f 1207 1208 1080
f 1081 1209 1082
f 1208 1209 1081
f 1083 1082 1209
f 1083 1209 1210
f 1084 1181 1054
f 1084 1211 1181
f 1210 1085 1083
f 1212 1085 1210
f 1086 1211 1084
f 1086 1213 1211
f 1212 1087 1085
f 1214 1087 1212
f 1088 1213 1086
f 1088 1215 1213
f 1214 1089 1087
f 1216 1089 1214
f 1090 1215 1088
f 1090 1217 1215
f 1216 1091 1089
f 1218 1091 1216
f 1220 1219 1092
f 1220 1092 1093
f 1090 1092 1217
f 1217 1092 1219
f 1218 1094 1091
f 1221 1094 1218
f 1095 1220 1093
f 1095 1222 1220
f 1221 1096 1094
f 1223 1096 1221
f 1097 1222 1095
f 1097 1224 1222
f 1223 1098 1096
f 1225 1098 1223
f 1099 1224 1097
f 1099 1226 1224
f 1225 1100 1098
f 1227 1100 1225
f 1101 1226 1099
f 1101 1228 1226
f 1227 1102 1100
f 1229 1102 1227
f 1103 1228 1101
f 1103 1230 1228
f 1229 1104 1102
f 1231 1104 1229
f 1105 1233 1232
f 1230 1105 1232
f 1103 1105 1230
f 1233 1234 1232
f 1231 1106 1104
f 1235 1106 1231
f 1107 1236 1233
f 1107 1233 1105
f 1234 1233 1237
f 1237 1233 1236
f 1240 1239 1238
f 1242 1241 1238
f 1238 1241 1240
f 1244 1243 1242
f 1242 1243 1241
f 1246 1245 1244
f 1244 1245 1243
f 1246 1247 1245
f 1235 1108 1106
f 1248 1108 1235
f 1250 1249 1236
f 1107 1250 1236
f 1109 1250 1107
f 1236 1249 1237
f 1253 1252 1251
f 1253 1251 1239
f 1251 1238 1239
f 1251 1254 1238
f 1238 1255 1242
f 1238 1254 1255
f 1242 1256 1244
f 1242 1255 1256
f 1244 1257 1246
f 1244 1256 1257
f 1247 1246 1258
f 1258 1246 1257
f 1248 1110 1108
f 1259 1110 1248
f 1111 1250 1109
f 1111 1260 1250
f 1251 1252 1261
f 1261 1252 1262
f 1251 1263 1254
f 1251 1261 1263
f 1254 1264 1255
f 1254 1263 1264
f 1255 1265 1256
f 1255 1264 1265
f 1256 1266 1257
f 1256 1265 1266
f 1258 1257 1267
f 1257 1268 1267
f 1257 1266 1268
f 1270 1269 1268
f 1268 1269 1267
f 1270 1271 1269
f 1259 1112 1110
f 1272 1112 1259
f 1113 1274 1273
f 1260 1113 1273
f 1111 1113 1260
f 1274 1275 1273
f 1261 1262 1276
f 1276 1262 1277
f 1261 1278 1263
f 1261 1276 1278
f 1263 1279 1264
f 1263 1278 1279
f 1264 1280 1265
f 1264 1279 1280
f 1265 1281 1266
f 1265 1280 1281
f 1266 1282 1268
f 1266 1281 1282
f 1268 1283 1270
f 1268 1282 1283
f 1271 1270 1284
f 1284 1270 1283
f 1272 1114 1112
f 1285 1114 1272
f 1115 1286 1274
f 1115 1274 1113
f 1275 1274 1287
f 1274 1288 1287
f 1274 1286 1288
f 1288 1289 1287
f 1292 1291 1290
f 1292 1290 1277
f 1290 1276 1277
f 1290 1293 1276
f 1276 1294 1278
f 1276 1293 1294
f 1278 1295 1279
f 1278 1294 1295
f 1279 1296 1280
f 1279 1295 1296
f 1280 1297 1281
f 1280 1296 1297
f 1281 1298 1282
f 1281 1297 1298
f 1282 1299 1283
f 1282 1298 1299
f 1284 1283 1300
f 1300 1283 1299
f 1285 1116 1114
f 1301 1116 1285
f 1117 1286 1115
f 1286 1117 1119
f 1302 1286 1119
f 1288 1286 1302
f 1289 1288 1303
f 1288 1304 1303
f 1288 1302 1304
f 1306 1305 1304
f 1304 1305 1303
f 1308 1307 1306
f 1306 1307 1305
f 1310 1309 1308
f 1308 1309 1307
f 1312 1311 1310
f 1310 1311 1309
f 1314 1313 1312
f 1312 1313 1311
f 1316 1315 1314
f 1314 1315 1313
f 1318 1317 1316
f 1316 1317 1315
f 1320 1319 1318
f 1318 1319 1317
f 1322 1321 1320
f 1320 1321 1319
f 1321 1322 1291
f 1322 1290 1291
f 1322 1323 1290
f 1290 1324 1293
f 1290 1323 1324
f 1293 1325 1294
f 1293 1324 1325
f 1294 1326 1295
f 1294 1325 1326
f 1295 1327 1296
f 1295 1326 1327
f 1296 1328 1297
f 1296 1327 1328
f 1297 1329 1298
f 1297 1328 1329
f 1298 1330 1299
f 1298 1329 1330
f 1300 1299 1331
f 1331 1299 1330
f 1301 1120 1116
f 1332 1120 1301
f 1121 1302 1119
f 1302 1121 1123
f 1302 1123 1304
f 1304 1123 1125
f 1333 1304 1125
f 1306 1304 1333
f 1306 1334 1308
f 1306 1333 1334
f 1308 1335 1310
f 1308 1334 1335
f 1310 1336 1312
f 1310 1335 1336
f 1312 1337 1314
f 1312 1336 1337
f 1314 1338 1316
f 1314 1337 1338
f 1316 1339 1318
f 1316 1338 1339
f 1318 1340 1320
f 1318 1339 1340
f 1320 1341 1322
f 1320 1340 1341
f 1322 1342 1323
f 1322 1341 1342
f 1323 1343 1324
f 1323 1342 1343
f 1324 1344 1325
f 1324 1343 1344
f 1325 1345 1326
f 1325 1344 1345
f 1326 1346 1327
f 1326 1345 1346
f 1327 1347 1328
f 1327 1346 1347
f 1328 1348 1329
f 1328 1347 1348
f 1329 1349 1330
f 1329 1348 1349
f 1331 1330 1350
f 1330 1351 1350
f 1330 1349 1351
f 1351 1352 1350
f 1332 1126 1120
f 1353 1126 1332
f 1127 1333 1125
f 1333 1127 1128
f 1333 1128 1334
f 1334 1128 1129
f 1334 1129 1335
f 1335 1129 1130
f 1335 1130 1336
f 1336 1130 1131
f 1336 1131 1337
f 1337 1131 1133
f 1337 1133 1338
f 1338 1133 1135
f 1338 1135 1339
f 1339 1135 1137
f 1339 1137 1340
f 1340 1137 1139
f 1340 1139 1341
f 1341 1139 1141
f 1341 1141 1342
f 1342 1141 1143
f 1342 1143 1343
f 1343 1143 1145
f 1343 1145 1344
f 1344 1145 1147
f 1344 1147 1345
f 1345 1147 1149
f 1345 1149 1346
f 1346 1149 1151
f 1346 1151 1347
f 1347 1151 1153
f 1347 1153 1348
f 1348 1153 1155
f 1348 1155 1349
f 1349 1155 1157
f 1349 1157 1351
f 1157 1159 1351
f 1159 1352 1351
f 1159 1354 1352
f 1353 1160 1126
f 1355 1160 1353
f 1356 1354 1159
f 1356 1159 1161
f 1161 1163 1356
f 1356 1163 1357
f 1355 1164 1160
f 1358 1164 1355
f 1165 1357 1163
f 1165 1359 1357
f 1358 1167 1164
f 1360 1167 1358
f 1361 1359 1165
f 1361 1165 1168
f 1168 1170 1361
f 1361 1170 1362
f 1364 1363 1173
f 1173 1363 1172
f 1365 1173 1174
f 1365 1364 1173
f 1174 1167 1360
f 1174 1360 1365
f 1366 1362 1170
f 1366 1170 1175
f 1367 1175 1176
f 1367 1366 1175
f 1368 1176 1177
f 1368 1367 1176
f 1369 1177 1178
f 1369 1368 1177
f 1370 1178 1179
f 1370 1369 1178
f 1179 1172 1363
f 1179 1363 1370
f 1372 1371 1180
f 1372 1180 1181
f 1180 1373 1182
f 1371 1373 1180
f 1182 1374 1183
f 1373 1374 1182
f 1183 1375 1184
f 1374 1375 1183
f 1184 1376 1185
f 1375 1376 1184
f 1185 1377 1186
f 1376 1377 1185
f 1186 1378 1187
f 1377 1378 1186
f 1187 1379 1188
f 1378 1379 1187
f 1188 1380 1189
f 1379 1380 1188
f 1189 1381 1190
f 1380 1381 1189
f 1190 1382 1191
f 1381 1382 1190
f 1191 1383 1192
f 1382 1383 1191
f 1192 1384 1193
f 1383 1384 1192
f 1193 1385 1194
f 1384 1385 1193
f 1194 1386 1195
f 1385 1386 1194
f 1195 1387 1196
f 1386 1387 1195
f 1196 1388 1197
f 1387 1388 1196
f 1197 1389 1198
f 1388 1389 1197
f 1198 1390 1199
f 1389 1390 1198
f 1199 1391 1200
f 1390 1391 1199
f 1200 1392 1201
f 1391 1392 1200
f 1201 1393 1202
f 1392 1393 1201
f 1202 1394 1203
f 1393 1394 1202
f 1203 1395 1204
f 1394 1395 1203
f 1204 1396 1205
f 1395 1396 1204
f 1205 1397 1206
f 1396 1397 1205
f 1206 1398 1207
f 1397 1398 1206
f 1207 1399 1208
f 1398 1399 1207
f 1208 1400 1209
f 1399 1400 1208
f 1210 1209 1400
f 1210 1400 1401
f 1211 1372 1181
f 1211 1402 1372
f 1401 1212 1210
f 1403 1212 1401
f 1213 1402 1211
f 1213 1404 1402
f 1403 1214 1212
f 1405 1214 1403
f 1215 1404 1213
f 1215 1406 1404
f 1405 1216 1214
f 1407 1216 1405
f 1217 1406 1215
f 1217 1408 1406
f 1407 1218 1216
f 1409 1218 1407
f 1411 1410 1219
f 1411 1219 1220
f 1217 1219 1408
f 1408 1219 1410
f 1409 1221 1218
f 1412 1221 1409
f 1222 1411 1220
f 1222 1413 1411
f 1412 1223 1221
f 1414 1223 1412
f 1224 1413 1222
f 1224 1415 1413
f 1414 1225 1223
f 1416 1225 1414
f 1226 1415 1224
f 1226 1417 1415
f 1416 1227 1225
f 1418 1227 1416
f 1228 1417 1226
f 1228 1419 1417
f 1418 1229 1227
f 1420 1229 1418
f 1230 1419 1228
f 1230 1421 1419
f 1420 1231 1229
f 1422 1231 1420
f 1423 1421 1230
f 1423 1230 1232
f 1425 1424 1234
f 1424 1232 1234
f 1424 1423 1232
f 1427 1426 1425
f 1425 1426 1424
f 1429 1428 1427
f 1427 1428 1426
f 1431 1430 1429
f 1429 1430 1428
f 1433 1432 1431
f 1431 1432 1430
f 1435 1434 1433
f 1433 1434 1432
f 1437 1436 1435
f 1435 1436 1434
f 1439 1438 1437
f 1437 1438 1436
f 1441 1440 1439
f 1439 1440 1438
f 1443 1442 1441
f 1441 1442 1440
f 1445 1444 1443
f 1443 1444 1442
f 1447 1446 1445
f 1445 1446 1444
f 1449 1448 1447
f 1447 1448 1446
f 1451 1450 1449
f 1449 1450 1448
f 1453 1452 1451
f 1451 1452 1450
f 1455 1454 1453
f 1453 1454 1452
f 1457 1456 1455
f 1455 1456 1454
f 1459 1458 1457
f 1457 1458 1456
f 1461 1460 1459
f 1459 1460 1458
f 1463 1462 1461
f 1461 1462 1460
f 1463 1464 1462
f 1422 1235 1231
f 1465 1235 1422
f 1237 1466 1425
f 1237 1425 1234
f 1425 1467 1427
f 1425 1466 1467
f 1427 1468 1429
f 1427 1467 1468
f 1429 1469 1431
f 1429 1468 1469
f 1431 1470 1433
f 1431 1469 1470
f 1433 1471 1435
f 1433 1470 1471
f 1435 1472 1437
f 1435 1471 1472
f 1437 1473 1439
f 1437 1472 1473
f 1439 1474 1441
f 1439 1473 1474
f 1441 1475 1443
f 1441 1474 1475
f 1443 1476 1445
f 1443 1475 1476
f 1445 1477 1447
f 1445 1476 1477
f 1447 1478 1449
f 1447 1477 1478
f 1478 1239 1240
f 1451 1478 1240
f 1449 1478 1451
f 1451 1240 1241
f 1451 1241 1453
f 1453 1241 1243
f 1453 1243 1455
f 1455 1243 1245
f 1455 1245 1457
f 1457 1245 1247
f 1479 1457 1247
f 1459 1457 1479
f 1459 1480 1461
f 1459 1479 1480
f 1461 1481 1463
f 1461 1480 1481
f 1464 1463 1482
f 1482 1463 1481
f 1465 1248 1235
f 1483 1248 1465
f 1250 1484 1249
f 1466 1237 1249
f 1484 1466 1249
f 1485 1466 1484
f 1466 1486 1467
f 1466 1485 1486
f 1467 1487 1468
f 1467 1486 1487
f 1468 1488 1469
f 1468 1487 1488
f 1469 1489 1470
f 1469 1488 1489
f 1470 1490 1471
f 1470 1489 1490
f 1471 1491 1472
f 1471 1490 1491
f 1472 1492 1473
f 1472 1491 1492
f 1473 1493 1474
f 1473 1492 1493
f 1474 1494 1475
f 1474 1493 1494
f 1475 1495 1476
f 1475 1494 1495
f 1476 1496 1477
f 1476 1495 1496
f 1496 1252 1253
f 1478 1496 1253
f 1477 1496 1478
f 1478 1253 1239
f 1258 1497 1479
f 1258 1479 1247
f 1479 1498 1480
f 1479 1497 1498
f 1480 1499 1481
f 1480 1498 1499
f 1482 1481 1500
f 1500 1481 1499
f 1483 1259 1248
f 1501 1259 1483
f 1260 1502 1484
f 1260 1484 1250
f 1484 1503 1485
f 1484 1502 1503
f 1485 1504 1486
f 1485 1503 1504
f 1486 1505 1487
f 1486 1504 1505
f 1487 1506 1488
f 1487 1505 1506
f 1488 1507 1489
f 1488 1506 1507
f 1489 1508 1490
f 1489 1507 1508
f 1490 1509 1491
f 1490 1508 1509
f 1491 1510 1492
f 1491 1509 1510
f 1492 1511 1493
f 1492 1510 1511
f 1493 1512 1494
f 1493 1511 1512
f 1494 1513 1495
f 1494 1512 1513
f 1495 1514 1496
f 1495 1513 1514
f 1514 1262 1252
f 1514 1252 1496
f 1267 1497 1258
f 1497 1267 1269
f 1497 1269 1498
f 1498 1269 1271
f 1515 1498 1271
f 1499 1498 1515
f 1500 1499 1516
f 1516 1499 1515
f 1501 1272 1259
f 1517 1272 1501
f 1273 1502 1260
f 1502 1273 1275
f 1518 1502 1275
f 1503 1502 1518
f 1503 1519 1504
f 1503 1518 1519
f 1504 1520 1505
f 1504 1519 1520
f 1505 1521 1506
f 1505 1520 1521
f 1506 1522 1507
f 1506 1521 1522
f 1507 1523 1508
f 1507 1522 1523
f 1508 1524 1509
f 1508 1523 1524
f 1509 1525 1510
f 1509 1524 1525
f 1510 1526 1511
f 1510 1525 1526
f 1511 1527 1512
f 1511 1526 1527
f 1512 1528 1513
f 1512 1527 1528
f 1513 1529 1514
f 1513 1528 1529
f 1529 1277 1262
f 1529 1262 1514
f 1284 1530 1515
f 1284 1515 1271
f 1516 1515 1531
f 1531 1515 1530
f 1517 1285 1272
f 1532 1285 1517
f 1287 1518 1275
f 1518 1287 1289
f 1533 1518 1289
f 1519 1518 1533
f 1519 1534 1520
f 1519 1533 1534
f 1520 1535 1521
f 1520 1534 1535
f 1521 1536 1522
f 1521 1535 1536
f 1522 1537 1523
f 1522 1536 1537
f 1523 1538 1524
f 1523 1537 1538
f 1524 1539 1525
f 1524 1538 1539
f 1525 1540 1526
f 1525 1539 1540
f 1526 1541 1527
f 1526 1540 1541
f 1527 1542 1528
f 1527 1541 1542
f 1542 1291 1292
f 1529 1542 1292
f 1528 1542 1529
f 1529 1292 1277
f 1300 1543 1530
f 1300 1530 1284
f 1531 1530 1544
f 1544 1530 1543
f 1532 1301 1285
f 1545 1301 1532
f 1303 1533 1289
f 1533 1303 1305
f 1533 1305 1534
f 1534 1305 1307
f 1534 1307 1535
f 1535 1307 1309
f 1535 1309 1536
f 1536 1309 1311
f 1536 1311 1537
f 1537 1311 1313
f 1537 1313 1538
f 1538 1313 1315
f 1538 1315 1539
f 1539 1315 1317
f 1539 1317 1540
f 1540 1317 1319
f 1540 1319 1541
f 1541 1319 1321
f 1541 1321 1542
f 1542 1321 1291
f 1331 1546 1543
f 1331 1543 1300
f 1544 1543 1547
f 1547 1543 1546
f 1545 1332 1301
f 1548 1332 1545
f 1350 1546 1331
f 1350 1352 1546
f 1352 1547 1546
f 1352 1549 1547
f 1548 1353 1332
f 1550 1353 1548
f 1354 1549 1352
f 1354 1551 1549
f 1550 1355 1353
f 1552 1355 1550
f 1553 1551 1354
f 1553 1354 1356
f 1356 1357 1553
f 1553 1357 1554
f 1552 1358 1355
f 1555 1358 1552
f 1359 1554 1357
f 1359 1556 1554
f 1555 1360 1358
f 1557 1360 1555
f 1558 1556 1359
f 1558 1359 1361
f 1361 1362 1558
f 1558 1362 1559
f 1561 1560 1364
f 1364 1560 1363
f 1562 1364 1365
f 1562 1561 1364
f 1365 1360 1557
f 1365 1557 1562
f 1563 1559 1362
f 1563 1362 1366
f 1564 1366 1367
f 1564 1563 1366
f 1565 1367 1368
f 1565 1564 1367
f 1566 1368 1369
f 1566 1565 1368
f 1567 1369 1370
f 1567 1566 1369
f 1370 1363 1560
f 1370 1560 1567
f 1569 1568 1371
f 1569 1371 1372
f 1371 1570 1373
f 1568 1570 1371
f 1373 1571 1374
f 1570 1571 1373
f 1374 1572 1375
f 1571 1572 1374
f 1375 1573 1376
f 1572 1573 1375
f 1376 1574 1377
f 1573 1574 1376
f 1377 1575 1378
f 1574 1575 1377
f 1378 1576 1379
f 1575 1576 1378
f 1379 1577 1380
f 1576 1577 1379
f 1380 1578 1381
f 1577 1578 1380
f 1381 1579 1382
f 1578 1579 1381
f 1382 1580 1383
f 1579 1580 1382
f 1383 1581 1384
f 1580 1581 1383
f 1384 1582 1385
f 1581 1582 1384
f 1385 1583 1386
f 1582 1583 1385
f 1386 1584 1387
f 1583 1584 1386
f 1387 1585 1388
f 1584 1585 1387
f 1388 1586 1389
f 1585 1586 1388
f 1389 1587 1390
f 1586 1587 1389
f 1390 1588 1391
f 1587 1588 1390
f 1391 1589 1392
f 1588 1589 1391
f 1392 1590 1393
f 1589 1590 1392
f 1393 1591 1394
f 1590 1591 1393
f 1394 1592 1395
f 1591 1592 1394
f 1395 1593 1396
f 1592 1593 1395
f 1396 1594 1397
f 1593 1594 1396
f 1397 1595 1398
f 1594 1595 1397
f 1398 1596 1399
f 1595 1596 1398
f 1399 1597 1400
f 1596 1597 1399
f 1401 1400 1597
f 1401 1597 1598
f 1402 1569 1372
f 1402 1599 1569
f 1598 1403 1401
f 1600 1403 1598
f 1404 1599 1402
f 1404 1601 1599
f 1600 1405 1403
f 1602 1405 1600
f 1406 1601 1404
f 1406 1603 1601
f 1602 1407 1405
f 1604 1407 1602
f 1408 1603 1406
f 1408 1605 1603
f 1604 1409 1407
f 1606 1409 1604
f 1608 1607 1410
f 1608 1410 1411
f 1408 1410 1605
f 1605 1410 1607
f 1606 1412 1409
f 1609 1412 1606
f 1413 1608 1411
f 1413 1610 1608
f 1609 1414 1412
f 1611 1414 1609
f 1415 1610 1413
f 1415 1612 1610
f 1611 1416 1414
f 1613 1416 1611
f 1417 1612 1415
f 1417 1614 1612
f 1613 1418 1416
f 1615 1418 1613
f 1419 1614 1417
f 1419 1616 1614
f 1615 1420 1418
f 1617 1420 1615
f 1421 1616 1419
f 1421 1618 1616
f 1617 1422 1420
f 1619 1422 1617
f 1620 1618 1421
f 1620 1421 1423
f 1621 1423 1424
f 1621 1620 1423
f 1622 1424 1426
f 1622 1621 1424
f 1623 1426 1428
f 1623 1622 1426
f 1624 1428 1430
f 1624 1623 1428
f 1625 1430 1432
f 1625 1624 1430
f 1626 1432 1434
f 1626 1625 1432
f 1627 1434 1436
f 1627 1626 1434
f 1628 1436 1438
f 1628 1627 1436
f 1629 1438 1440
f 1629 1628 1438
f 1630 1440 1442
f 1630 1629 1440
f 1631 1442 1444
f 1631 1630 1442
f 1632 1444 1446
f 1632 1631 1444
f 1633 1446 1448
f 1633 1632 1446
f 1634 1448 1450
f 1634 1633 1448
f 1635 1450 1452
f 1635 1634 1450
f 1636 1452 1454
f 1636 1635 1452
f 1637 1454 1456
f 1637 1636 1454
f 1638 1456 1458
f 1638 1637 1456
f 1639 1458 1460
f 1639 1638 1458
f 1640 1460 1462
f 1640 1639 1460
f 1462 1464 1640
f 1640 1464 1641
f 1619 1465 1422
f 1642 1465 1619
f 1482 1641 1464
f 1482 1643 1641
f 1642 1483 1465
f 1644 1483 1642
f 1500 1643 1482
f 1500 1645 1643
f 1644 1501 1483
f 1646 1501 1644
f 1516 1645 1500
f 1516 1647 1645
f 1646 1517 1501
f 1648 1517 1646
f 1531 1647 1516
f 1531 1649 1647
f 1648 1532 1517
f 1650 1532 1648
f 1544 1649 1531
f 1544 1651 1649
f 1653 1545 1652
f 1545 1650 1652
f 1545 1532 1650
f 1654 1653 1652
f 1547 1651 1544
f 1547 1655 1651
f 1657 1656 1653
f 1656 1545 1653
f 1656 1548 1545
f 1657 1653 1654
f 1549 1655 1547
f 1549 1658 1655
f 1656 1550 1548
f 1659 1550 1656
f 1551 1658 1549
f 1551 1660 1658
f 1659 1552 1550
f 1661 1552 1659
f 1662 1660 1551
f 1662 1551 1553
f 1553 1554 1662
f 1662 1554 1663
f 1661 1555 1552
f 1664 1555 1661
f 1556 1663 1554
f 1556 1665 1663
f 1664 1557 1555
f 1666 1557 1664
f 1667 1665 1556
f 1667 1556 1558
f 1558 1559 1667
f 1667 1559 1668
f 1669 1560 1561
f 1669 1561 1670
f 1561 1671 1670
f 1561 1562 1671
f 1562 1557 1666
f 1562 1666 1671
f 1672 1668 1559
f 1672 1559 1563
f 1673 1563 1564
f 1673 1672 1563
f 1674 1564 1565
f 1674 1673 1564
f 1675 1565 1566
f 1675 1674 1565
f 1676 1566 1567
f 1676 1675 1566
f 1567 1560 1669
f 1677 1567 1669
f 1676 1567 1677
f 1677 1669 1670
f 1679 1678 1568
f 1679 1568 1569
f 1568 1680 1570
f 1678 1680 1568
f 1570 1681 1571
f 1680 1681 1570
f 1571 1682 1572
f 1681 1682 1571
f 1572 1683 1573
f 1682 1683 1572
f 1573 1684 1574
f 1683 1684 1573
f 1574 1685 1575
f 1684 1685 1574
f 1575 1686 1576
f 1685 1686 1575
f 1576 1687 1577
f 1686 1687 1576
f 1577 1688 1578
f 1687 1688 1577
f 1578 1689 1579
f 1688 1689 1578
f 1579 1690 1580
f 1689 1690 1579
f 1580 1691 1581
f 1690 1691 1580
f 1581 1692 1582
f 1691 1692 1581
f 1582 1693 1583
f 1692 1693 1582
f 1583 1694 1584
f 1693 1694 1583
f 1584 1695 1585
f 1694 1695 1584
f 1585 1696 1586
f 1695 1696 1585
f 1586 1697 1587
f 1696 1697 1586
f 1587 1698 1588
f 1697 1698 1587
f 1588 1699 1589
f 1698 1699 1588
f 1589 1700 1590
f 1699 1700 1589
f 1590 1701 1591
f 1700 1701 1590
f 1591 1702 1592
f 1701 1702 1591
f 1592 1703 1593
f 1702 1703 1592
f 1593 1704 1594
f 1703 1704 1593
f 1594 1705 1595
f 1704 1705 1594
f 1595 1706 1596
f 1705 1706 1595
f 1596 1707 1597
f 1706 1707 1596
f 1598 1597 1707
f 1598 1707 1708
f 1599 1679 1569
f 1599 1709 1679
f 1708 1600 1598
f 1710 1600 1708
f 1601 1709 1599
f 1601 1711 1709
f 1710 1602 1600
f 1712 1602 1710
f 1603 1711 1601
f 1603 1713 1711
f 1712 1604 1602
f 1714 1604 1712
f 1605 1713 1603
f 1605 1715 1713
f 1714 1606 1604
f 1716 1606 1714
f 1718 1717 1607
f 1718 1607 1608
f 1605 1607 1715
f 1715 1607 1717
f 1716 1609 1606
f 1719 1609 1716
f 1610 1718 1608
f 1610 1720 1718
f 1719 1611 1609
f 1721 1611 1719
f 1612 1720 1610
f 1612 1722 1720
f 1721 1613 1611
f 1723 1613 1721
f 1614 1722 1612
f 1614 1724 1722
f 1723 1615 1613
f 1725 1615 1723
f 1616 1724 1614
f 1616 1726 1724
f 1725 1617 1615
f 1727 1617 1725
f 1618 1726 1616
f 1618 1728 1726
f 1727 1619 1617
f 1729 1619 1727
f 1730 1728 1618
f 1730 1618 1620
f 1731 1620 1621
f 1731 1730 1620
f 1732 1621 1622
f 1732 1731 1621
f 1733 1622 1623
f 1733 1732 1622
f 1734 1623 1624
f 1734 1733 1623
f 1735 1624 1625
f 1735 1734 1624
f 1736 1625 1626
f 1736 1735 1625
f 1737 1626 1627
f 1737 1736 1626
f 1738 1627 1628
f 1738 1737 1627
f 1739 1628 1629
f 1739 1738 1628
f 1740 1629 1630
f 1740 1739 1629
f 1741 1630 1631
f 1741 1740 1630
f 1742 1631 1632
f 1742 1741 1631
f 1743 1632 1633
f 1743 1742 1632
f 1744 1633 1634
f 1744 1743 1633
f 1745 1634 1635
f 1745 1744 1634
f 1746 1635 1636
f 1746 1745 1635
f 1747 1636 1637
f 1747 1746 1636
f 1748 1637 1638
f 1748 1747 1637
f 1749 1638 1639
f 1749 1748 1638
f 1750 1639 1640
f 1750 1749 1639
f 1640 1641 1750
f 1750 1641 1751
f 1729 1642 1619
f 1752 1642 1729
f 1643 1751 1641
f 1643 1753 1751
f 1752 1644 1642
f 1754 1644 1752
f 1645 1753 1643
f 1645 1755 1753
f 1754 1646 1644
f 1756 1646 1754
f 1647 1755 1645
f 1647 1757 1755
f 1756 1648 1646
f 1758 1648 1756
f 1649 1757 1647
f 1649 1759 1757
f 1758 1650 1648
f 1760 1650 1758
f 1651 1759 1649
f 1651 1761 1759
f 1760 1762 1650
f 1650 1762 1652
f 1654 1652 1762
f 1654 1762 1763
f 1655 1761 1651
f 1655 1764 1761
f 1766 1765 1657
f 1657 1765 1656
f 1657 1654 1763
f 1657 1763 1766
f 1658 1764 1655
f 1658 1767 1764
f 1765 1659 1656
f 1768 1659 1765
f 1660 1767 1658
f 1660 1769 1767
f 1768 1661 1659
f 1770 1661 1768
f 1771 1769 1660
f 1771 1660 1662
f 1662 1663 1771
f 1771 1663 1772
f 1770 1664 1661
f 1773 1664 1770
f 1665 1772 1663
f 1665 1774 1772
f 1773 1666 1664
f 1775 1666 1773
f 1776 1774 1665
f 1776 1665 1667
f 1667 1668 1776
f 1776 1668 1777
f 1779 1778 1671
f 1671 1778 1670
f 1671 1666 1775
f 1671 1775 1779
f 1780 1777 1668
f 1780 1668 1672
f 1781 1672 1673
f 1781 1780 1672
f 1782 1673 1674
f 1782 1781 1673
f 1783 1674 1675
f 1783 1782 1674
f 1784 1675 1676
f 1784 1783 1675
f 1785 1676 1677
f 1785 1784 1676
f 1677 1670 1778
f 1677 1778 1785
f 1787 1786 1678
f 1787 1678 1679
f 1678 1788 1680
f 1786 1788 1678
f 1680 1789 1681
f 1788 1789 1680
f 1681 1790 1682
f 1789 1790 1681
f 1682 1791 1683
f 1790 1791 1682
f 1683 1792 1684
f 1791 1792 1683
f 1684 1793 1685
f 1792 1793 1684
f 1685 1794 1686
f 1793 1794 1685
f 1686 1795 1687
f 1794 1795 1686
f 1687 1796 1688
f 1795 1796 1687
f 1688 1797 1689
f 1796 1797 1688
f 1689 1798 1690
f 1797 1798 1689
f 1690 1799 1691
f 1798 1799 1690
f 1691 1800 1692
f 1799 1800 1691
f 1692 1801 1693
f 1800 1801 1692
f 1693 1802 1694
f 1801 1802 1693
f 1694 1803 1695
f 1802 1803 1694
f 1695 1804 1696
f 1803 1804 1695
f 1696 1805 1697
f 1804 1805 1696
f 1697 1806 1698
f 1805 1806 1697
f 1698 1807 1699
f 1806 1807 1698
f 1699 1808 1700
f 1807 1808 1699
f 1700 1809 1701
f 1808 1809 1700
f 1701 1810 1702
f 1809 1810 1701
f 1702 1811 1703
f 1810 1811 1702
f 1703 1812 1704
f 1811 1812 1703
f 1704 1813 1705
f 1812 1813 1704
f 1705 1814 1706
f 1813 1814 1705
f 1706 1815 1707
f 1814 1815 1706
f 1708 1707 1815
f 1708 1815 1816
f 1709 1787 1679
f 1709 1817 1787
f 1816 1710 1708
f 1818 1710 1816
f 1711 1817 1709
f 1711 1819 1817
f 1818 1712 1710
f 1820 1712 1818
f 1713 1819 1711
f 1713 1821 1819
f 1820 1714 1712
f 1822 1714 1820
f 1715 1821 1713
f 1715 1823 1821
f 1822 1716 1714
f 1824 1716 1822
f 1826 1825 1717
f 1826 1717 1718
f 1715 1717 1823
f 1823 1717 1825
f 1824 1719 1716
f 1827 1719 1824
f 1720 1826 1718
f 1720 1828 1826
f 1827 1721 1719
f 1829 1721 1827
f 1722 1828 1720
f 1722 1830 1828
f 1829 1723 1721
f 1831 1723 1829
f 1724 1830 1722
f 1724 1832 1830
f 1831 1725 1723
f 1833 1725 1831
f 1726 1832 1724
f 1726 1834 1832
f 1833 1727 1725
f 1835 1727 1833
f 1728 1834 1726
f 1728 1836 1834
f 1835 1729 1727
f 1837 1729 1835
f 1838 1836 1728
f 1838 1728 1730
f 1839 1730 1731
f 1839 1838 1730
f 1840 1731 1732
f 1840 1839 1731
f 1841 1732 1733
f 1841 1840 1732
f 1842 1733 1734
f 1842 1841 1733
f 1843 1734 1735
f 1843 1842 1734
f 1844 1735 1736
f 1844 1843 1735
f 1845 1736 1737
f 1845 1844 1736
f 1846 1737 1738
f 1846 1845 1737
f 1847 1738 1739
f 1847 1846 1738
f 1848 1739 1740
f 1848 1847 1739
f 1849 1740 1741
f 1849 1848 1740
f 1850 1741 1742
f 1850 1849 1741
f 1851 1742 1743
f 1851 1850 1742
f 1852 1743 1744
f 1852 1851 1743
f 1853 1744 1745
f 1853 1852 1744
f 1854 1745 1746
f 1854 1853 1745
f 1855 1746 1747
f 1855 1854 1746
f 1856 1747 1748
f 1856 1855 1747
f 1857 1748 1749
f 1857 1856 1748
f 1858 1749 1750
f 1858 1857 1749
f 1750 1751 1858
f 1858 1751 1859
f 1837 1752 1729
f 1860 1752 1837
f 1753 1859 1751
f 1753 1861 1859
f 1860 1754 1752
f 1862 1754 1860
f 1755 1861 1753
f 1755 1863 1861
f 1862 1756 1754
f 1864 1756 1862
f 1757 1863 1755
f 1757 1865 1863
f 1864 1758 1756
f 1866 1758 1864
f 1759 1865 1757
f 1759 1867 1865
f 1866 1760 1758
f 1868 1760 1866
f 1761 1867 1759
f 1761 1869 1867
f 1868 1870 1760
f 1760 1870 1762
f 1763 1762 1870
f 1763 1870 1871
f 1764 1869 1761
f 1764 1872 1869
f 1874 1873 1766
f 1766 1873 1765
f 1766 1763 1871
f 1766 1871 1874
f 1767 1872 1764
f 1767 1875 1872
f 1873 1768 1765
f 1876 1768 1873
f 1769 1875 1767
f 1769 1877 1875
f 1876 1770 1768
f 1878 1770 1876
f 1879 1877 1769
f 1879 1769 1771
f 1771 1772 1879
f 1879 1772 1880
f 1878 1773 1770
f 1881 1773 1878
f 1774 1880 1772
f 1774 1882 1880
f 1881 1775 1773
f 1883 1775 1881
f 1884 1882 1774
f 1884 1774 1776
f 1776 1777 1884
f 1884 1777 1885
f 1887 1886 1779
f 1779 1886 1778
f 1779 1775 1883
f 1779 1883 1887
f 1888 1885 1777
f 1888 1777 1780
f 1889 1780 1781
f 1889 1888 1780
f 1890 1781 1782
f 1890 1889 1781
f 1891 1782 1783
f 1891 1890 1782
f 1892 1783 1784
f 1892 1891 1783
f 1893 1784 1785
f 1893 1892 1784
f 1785 1778 1886
f 1785 1886 1893
f 1895 1894 1786
f 1895 1786 1787
f 1786 1896 1788
f 1894 1896 1786
f 1788 1897 1789
f 1896 1897 1788
f 1789 1898 1790
f 1897 1898 1789
f 1790 1899 1791
f 1898 1899 1790
f 1791 1900 1792
f 1899 1900 1791
f 1792 1901 1793
f 1900 1901 1792
f 1793 1902 1794
f 1901 1902 1793
f 1794 1903 1795
f 1902 1903 1794
f 1795 1904 1796
f 1903 1904 1795
f 1796 1905 1797
f 1904 1905 1796
f 1797 1906 1798
f 1905 1906 1797
f 1798 1907 1799
f 1906 1907 1798
f 1799 1908 1800
f 1907 1908 1799
f 1800 1909 1801
f 1908 1909 1800
f 1801 1910 1802
f 1909 1910 1801
f 1802 1911 1803
f 1910 1911 1802
f 1803 1912 1804
f 1911 1912 1803
f 1804 1913 1805
f 1912 1913 1804
f 1805 1914 1806
f 1913 1914 1805
f 1806 1915 1807
f 1914 1915 1806
f 1807 1916 1808
f 1915 1916 1807
f 1808 1917 1809
f 1916 1917 1808
f 1809 1918 1810
f 1917 1918 1809
f 1810 1919 1811
f 1918 1919 1810
f 1811 1920 1812
f 1919 1920 1811
f 1812 1921 1813
f 1920 1921 1812
f 1813 1922 1814
f 1921 1922 1813
f 1814 1923 1815
f 1922 1923 1814
f 1816 1815 1923
f 1816 1923 1924
f 1817 1895 1787
f 1817 1925 1895
f 1924 1818 1816
f 1926 1818 1924
f 1819 1925 1817
f 1819 1927 1925
f 1926 1820 1818
f 1928 1820 1926
f 1821 1927 1819
f 1821 1929 1927
f 1928 1822 1820
f 1930 1822 1928
f 1933 1932 1931
f 1932 1929 1931
f 1929 1823 1931
f 1929 1821 1823
f 1930 1824 1822
f 1934 1824 1930
f 1933 1931 1825
f 1826 1933 1825
f 1935 1933 1826
f 1825 1931 1823
f 1934 1827 1824
f 1936 1827 1934
f 1828 1935 1826
f 1828 1937 1935
f 1936 1829 1827
f 1938 1829 1936
f 1830 1937 1828
f 1830 1939 1937
f 1938 1831 1829
f 1940 1831 1938
f 1832 1939 1830
f 1832 1941 1939
f 1940 1833 1831
f 1942 1833 1940
f 1834 1941 1832
f 1834 1943 1941
f 1942 1835 1833
f 1944 1835 1942
f 1836 1943 1834
f 1836 1945 1943
f 1944 1837 1835
f 1946 1837 1944
f 1947 1945 1836
f 1947 1836 1838
f 1948 1838 1839
f 1948 1947 1838
f 1949 1839 1840
f 1949 1948 1839
f 1950 1840 1841
f 1950 1949 1840
f 1951 1841 1842
f 1951 1950 1841
f 1952 1842 1843
f 1952 1951 1842
f 1953 1843 1844
f 1953 1952 1843
f 1954 1844 1845
f 1954 1953 1844
f 1955 1845 1846
f 1955 1954 1845
f 1956 1846 1847
f 1956 1955 1846
f 1957 1847 1848
f 1957 1956 1847
f 1958 1848 1849
f 1958 1957 1848
f 1959 1849 1850
f 1959 1958 1849
f 1960 1850 1851
f 1960 1959 1850
f 1961 1851 1852
f 1961 1960 1851
f 1962 1852 1853
f 1962 1961 1852
f 1963 1853 1854
f 1963 1962 1853
f 1964 1854 1855
f 1964 1963 1854
f 1965 1855 1856
f 1965 1964 1855
f 1966 1856 1857
f 1966 1965 1856
f 1967 1857 1858
f 1967 1966 1857
f 1858 1859 1967
f 1967 1859 1968
f 1946 1860 1837
f 1969 1860 1946
f 1861 1968 1859
f 1861 1970 1968
f 1969 1862 1860
f 1971 1862 1969
f 1863 1970 1861
f 1863 1972 1970
f 1971 1864 1862
f 1973 1864 1971
f 1865 1972 1863
f 1865 1974 1972
f 1973 1866 1864
f 1975 1866 1973
f 1867 1974 1865
f 1867 1976 1974
f 1975 1868 1866
f 1977 1868 1975
f 1869 1976 1867
f 1869 1978 1976
f 1977 1979 1868
f 1868 1979 1870
f 1871 1870 1979
f 1871 1979 1980
f 1872 1978 1869
f 1872 1981 1978
f 1982 1873 1874
f 1983 1982 1874
f 1871 1983 1874
f 1980 1983 1871
f 1875 1981 1872
f 1875 1984 1981
f 1986 1985 1982
f 1985 1873 1982
f 1985 1876 1873
f 1986 1982 1983
f 1877 1984 1875
f 1877 1987 1984
f 1985 1878 1876
f 1988 1878 1985
f 1989 1987 1877
f 1989 1877 1879
f 1879 1880 1989
f 1989 1880 1990
f 1988 1881 1878
f 1991 1881 1988
f 1882 1990 1880
f 1882 1992 1990
f 1991 1883 1881
f 1993 1883 1991
f 1994 1992 1882
f 1994 1882 1884
f 1884 1885 1994
f 1994 1885 1995
f 1997 1996 1887
f 1887 1996 1886
f 1887 1883 1993
f 1887 1993 1997
f 1998 1995 1885
f 1998 1885 1888
f 1999 1888 1889
f 1999 1998 1888
f 2000 1889 1890
f 2000 1999 1889
f 2001 1890 1891
f 2001 2000 1890
f 2002 1891 1892
f 2002 2001 1891
f 2003 1892 1893
f 2003 2002 1892
f 1893 1886 1996
f 1893 1996 2003
f 2005 2004 1894
f 2005 1894 1895
f 1894 2006 1896
f 2004 2006 1894
f 1896 2007 1897
f 2006 2007 1896
f 1897 2008 1898
f 2007 2008 1897
f 1898 2009 1899
f 2008 2009 1898
f 1899 2010 1900
f 2009 2010 1899
f 1900 2011 1901
f 2010 2011 1900
f 1901 2012 1902
f 2011 2012 1901
f 1902 2013 1903
f 2012 2013 1902
f 1903 2014 1904
f 2013 2014 1903
f 1904 2015 1905
f 2014 2015 1904
f 1905 2016 1906
f 2015 2016 1905
f 1906 2017 1907
f 2016 2017 1906
f 1907 2018 1908
f 2017 2018 1907
f 1908 2019 1909
f 2018 2019 1908
f 1909 2020 1910
f 2019 2020 1909
f 1910 2021 1911
f 2020 2021 1910
f 1911 2022 1912
f 2021 2022 1911
f 1912 2023 1913
f 2022 2023 1912
f 1913 2024 1914
f 2023 2024 1913
f 1914 2025 1915
f 2024 2025 1914
f 1915 2026 1916
f 2025 2026 1915
f 1916 2027 1917
f 2026 2027 1916
f 1917 2028 1918
f 2027 2028 1917
f 1918 2029 1919
f 2028 2029 1918
f 1919 2030 1920
f 2029 2030 1919
f 1920 2031 1921
f 2030 2031 1920
f 1921 2032 1922
f 2031 2032 1921
f 1922 2033 1923
f 2032 2033 1922
f 1924 1923 2033
f 1924 2033 2034
f 1925 2005 1895
f 1925 2035 2005
f 2034 1926 1924
f 2036 1926 2034
f 1927 2035 1925
f 1927 2037 2035
f 2036 1928 1926
f 2038 1928 2036
f 1929 2037 1927
f 1929 2039 2037
f 2038 1930 1928
f 2040 1930 2038
f 2042 2041 1932
f 2042 1932 1933
f 1929 1932 2039
f 2039 1932 2041
f 2040 1934 1930
f 2043 1934 2040
f 1935 2042 1933
f 1935 2044 2042
f 2043 1936 1934
f 2045 1936 2043
f 1937 2044 1935
f 1937 2046 2044
f 2045 1938 1936
f 2047 1938 2045
f 1939 2046 1937
f 1939 2048 2046
f 2047 1940 1938
f 2049 1940 2047
f 1941 2048 1939
f 1941 2050 2048
f 2049 1942 1940
f 2051 1942 2049
f 1943 2050 1941
f 1943 2052 2050
f 2051 1944 1942
f 2053 1944 2051
f 1945 2052 1943
f 1945 2054 2052
f 2053 1946 1944
f 2055 1946 2053
f 2056 2054 1945
f 2056 1945 1947
f 2057 1947 1948
f 2057 2056 1947
f 2058 1948 1949
f 2058 2057 1948
f 2059 1949 1950
f 2059 2058 1949
f 2060 1950 1951
f 2060 2059 1950
f 2061 1951 1952
f 2061 2060 1951
f 2062 1952 1953
f 2062 2061 1952
f 2063 1953 1954
f 2063 2062 1953
f 2064 1954 1955
f 2064 2063 1954
f 2065 1955 1956
f 2065 2064 1955
f 2066 1956 1957
f 2066 2065 1956
f 2067 1957 1958
f 2067 2066 1957
f 2068 1958 1959
f 2068 2067 1958
f 2069 1959 1960
f 2069 2068 1959
f 2070 1960 1961
f 2070 2069 1960
f 2071 1961 1962
f 2071 2070 1961
f 2072 1962 1963
f 2072 2071 1962
f 2073 1963 1964
f 2073 2072 1963
f 2074 1964 1965
f 2074 2073 1964
f 2075 1965 1966
f 2075 2074 1965
f 2076 1966 1967
f 2076 2075 1966
f 1967 1968 2076
f 2076 1968 2077
f 2055 1969 1946
f 2078 1969 2055
f 1970 2077 1968
f 1970 2079 2077
f 2078 1971 1969
f 2080 1971 2078
f 1972 2079 1970
f 1972 2081 2079
f 2080 1973 1971
f 2082 1973 2080
f 1974 2081 1972
f 1974 2083 2081
f 2082 1975 1973
f 2084 1975 2082
f 1976 2083 1974
f 1976 2085 2083
f 2084 1977 1975
f 2086 1977 2084
f 1978 2085 1976
f 1978 2087 2085
f 2086 2088 1977
f 1977 2088 1979
f 1980 1979 2088
f 1980 2088 2089
f 1981 2087 1978
f 1981 2090 2087
f 2089 1983 1980
f 2091 1983 2089
f 1984 2090 1981
f 1984 2092 2090
f 2094 2093 1986
f 1986 2093 1985
f 1986 1983 2091
f 1986 2091 2094
f 1987 2092 1984
f 1987 2095 2092
f 2093 1988 1985
f 2096 1988 2093
f 2097 2095 1987
f 2097 1987 1989
f 1989 1990 2097
f 2097 1990 2098
f 2096 1991 1988
f 2099 1991 2096
f 1992 2098 1990
f 1992 2100 2098
f 2099 1993 1991
f 2101 1993 2099
f 2102 2100 1992
f 2102 1992 1994
f 1994 1995 2102
f 2102 1995 2103
f 2105 2104 1997
f 1997 2104 1996
f 1997 1993 2101
f 1997 2101 2105
f 2106 2103 1995
f 2106 1995 1998
f 2107 1998 1999
f 2107 2106 1998
f 2108 1999 2000
f 2108 2107 1999
f 2109 2000 2001
f 2109 2108 2000
f 2110 2001 2002
f 2110 2109 2001
f 2111 2002 2003
f 2111 2110 2002
f 2003 1996 2104
f 2003 2104 2111
f 2114 2113 2112
f 2116 2115 2112
f 2116 2112 2113
f 2118 2117 2115
f 2118 2115 2116
f 2119 2117 2118
f 2121 2120 2004
f 2121 2004 2005
f 2004 2122 2006
f 2120 2122 2004
f 2006 2123 2007
f 2122 2123 2006
f 2007 2124 2008
f 2123 2124 2007
f 2112 2009 2114
f 2009 2124 2114
f 2009 2008 2124
f 2009 2112 2010
f 2010 2112 2115
f 2010 2115 2011
f 2011 2115 2117
f 2119 2125 2117
f 2125 2011 2117
f 2125 2012 2011
f 2012 2126 2013
f 2125 2126 2012
f 2013 2127 2014
f 2126 2127 2013
f 2014 2128 2015
f 2127 2128 2014
f 2015 2129 2016
f 2128 2129 2015
f 2016 2130 2017
f 2129 2130 2016
f 2017 2131 2018
f 2130 2131 2017
f 2018 2132 2019
f 2131 2132 2018
f 2019 2133 2020
f 2132 2133 2019
f 2020 2134 2021
f 2133 2134 2020
f 2021 2135 2022
f 2134 2135 2021
f 2022 2136 2023
f 2135 2136 2022
f 2023 2137 2024
f 2136 2137 2023
f 2024 2138 2025
f 2137 2138 2024
f 2025 2139 2026
f 2138 2139 2025
f 2026 2140 2027
f 2139 2140 2026
f 2027 2141 2028
f 2140 2141 2027
f 2028 2142 2029
f 2141 2142 2028
f 2029 2143 2030
f 2142 2143 2029
f 2030 2144 2031
f 2143 2144 2030
f 2031 2145 2032
f 2144 2145 2031
f 2032 2146 2033
f 2145 2146 2032
f 2034 2033 2146
f 2034 2146 2147
f 2035 2121 2005
f 2035 2148 2121
f 2147 2036 2034
f 2149 2036 2147
f 2037 2148 2035
f 2037 2150 2148
f 2149 2038 2036
f 2151 2038 2149
f 2039 2150 2037
f 2039 2152 2150
f 2151 2040 2038
f 2153 2040 2151
f 2155 2154 2041
f 2155 2041 2042
f 2039 2041 2152
f 2152 2041 2154
f 2153 2043 2040
f 2156 2043 2153
f 2044 2155 2042
f 2044 2157 2155
f 2156 2045 2043
f 2158 2045 2156
f 2046 2157 2044
f 2046 2159 2157
f 2158 2047 2045
f 2160 2047 2158
f 2048 2159 2046
f 2048 2161 2159
f 2160 2049 2047
f 2162 2049 2160
f 2050 2161 2048
f 2050 2163 2161
f 2162 2051 2049
f 2164 2051 2162
f 2052 2163 2050
f 2052 2165 2163
f 2164 2053 2051
f 2166 2053 2164
f 2054 2165 2052
f 2054 2167 2165
f 2166 2055 2053
f 2168 2055 2166
f 2169 2167 2054
f 2169 2054 2056
f 2170 2056 2057
f 2170 2169 2056
f 2171 2057 2058
f 2171 2170 2057
f 2172 2058 2059
f 2172 2171 2058
f 2173 2059 2060
f 2173 2172 2059
f 2174 2060 2061
f 2174 2173 2060
f 2175 2061 2062
f 2175 2174 2061
f 2176 2062 2063
f 2176 2175 2062
f 2177 2063 2064
f 2177 2176 2063
f 2178 2064 2065
f 2178 2177 2064
f 2179 2065 2066
f 2179 2178 2065
f 2180 2066 2067
f 2180 2179 2066
f 2181 2067 2068
f 2181 2180 2067
f 2182 2068 2069
f 2182 2181 2068
f 2183 2069 2070
f 2183 2182 2069
f 2184 2070 2071
f 2184 2183 2070
f 2185 2071 2072
f 2185 2184 2071
f 2186 2072 2073
f 2186 2185 2072
f 2187 2073 2074
f 2187 2186 2073
f 2188 2074 2075
f 2188 2187 2074
f 2189 2075 2076
f 2189 2188 2075
f 2076 2077 2189
f 2189 2077 2190
f 2168 2078 2055
f 2191 2078 2168
f 2079 2190 2077
f 2079 2192 2190
f 2191 2080 2078
f 2193 2080 2191
f 2081 2192 2079
f 2081 2194 2192
f 2193 2082 2080
f 2195 2082 2193
f 2083 2194 2081
f 2083 2196 2194
f 2195 2084 2082
f 2197 2084 2195
f 2085 2196 2083
f 2085 2198 2196
f 2197 2086 2084
f 2199 2086 2197
f 2087 2198 2085
f 2087 2200 2198
f 2199 2201 2086
f 2086 2201 2088
f 2089 2088 2201
f 2089 2201 2202
f 2090 2200 2087
f 2090 2203 2200
f 2202 2091 2089
f 2204 2091 2202
f 2092 2203 2090
f 2092 2205 2203
f 2207 2206 2094
f 2094 2206 2093
f 2094 2091 2204
f 2094 2204 2207
f 2095 2205 2092
f 2095 2208 2205
f 2206 2096 2093
f 2209 2096 2206
f 2210 2208 2095
f 2210 2095 2097
f 2097 2098 2210
f 2210 2098 2211
f 2209 2099 2096
f 2212 2099 2209
f 2100 2211 2098
f 2100 2213 2211
f 2212 2101 2099
f 2214 2101 2212
f 2215 2213 2100
f 2215 2100 2102
f 2102 2103 2215
f 2215 2103 2216
f 2218 2217 2105
f 2105 2217 2104
f 2105 2101 2214
f 2105 2214 2218
f 2219 2216 2103
f 2219 2103 2106
f 2220 2106 2107
f 2220 2219 2106
f 2221 2107 2108
f 2221 2220 2107
f 2222 2108 2109
f 2222 2221 2108
f 2223 2109 2110
f 2223 2222 2109
f 2224 2110 2111
f 2224 2223 2110
f 2111 2104 2217
f 2111 2217 2224
f 2226 2225 2113
f 2226 2113 2114
f 2113 2227 2116
f 2225 2227 2113
f 2116 2228 2118
f 2227 2228 2116
f 2230 2229 2119
f 2118 2230 2119
f 2228 2230 2118
f 2231 2229 2230
f 2233 2232 2120
f 2233 2120 2121
f 2120 2234 2122
f 2232 2234 2120
f 2122 2235 2123
f 2234 2235 2122
f 2123 2236 2124
f 2235 2236 2123
f 2114 2124 2226
f 2226 2124 2236
f 2229 2125 2119
f 2231 2237 2229
f 2237 2125 2229
f 2237 2126 2125
f 2126 2238 2127
f 2237 2238 2126
f 2127 2239 2128
f 2238 2239 2127
f 2128 2240 2129
f 2239 2240 2128
f 2129 2241 2130
f 2240 2241 2129
f 2130 2242 2131
f 2241 2242 2130
f 2131 2243 2132
f 2242 2243 2131
f 2132 2244 2133
f 2243 2244 2132
f 2133 2245 2134
f 2244 2245 2133
f 2134 2246 2135
f 2245 2246 2134
f 2135 2247 2136
f 2246 2247 2135
f 2136 2248 2137
f 2247 2248 2136
f 2137 2249 2138
f 2248 2249 2137
f 2138 2250 2139
f 2249 2250 2138
f 2139 2251 2140
f 2250 2251 2139
f 2140 2252 2141
f 2251 2252 2140
f 2141 2253 2142
f 2252 2253 2141
f 2142 2254 2143
f 2253 2254 2142
f 2143 2255 2144
f 2254 2255 2143
f 2144 2256 2145
f 2255 2256 2144
f 2145 2257 2146
f 2256 2257 2145
f 2147 2146 2257
f 2147 2257 2258
f 2148 2233 2121
f 2148 2259 2233
f 2258 2149 2147
f 2260 2149 2258
f 2150 2259 2148
f 2150 2261 2259
f 2260 2151 2149
f 2262 2151 2260
f 2265 2264 2263
f 2264 2261 2263
f 2261 2152 2263
f 2261 2150 2152
f 2262 2153 2151
f 2266 2153 2262
f 2265 2263 2154
f 2155 2265 2154
f 2267 2265 2155
f 2154 2263 2152
f 2266 2156 2153
f 2268 2156 2266
f 2157 2267 2155
f 2157 2269 2267
f 2268 2158 2156
f 2270 2158 2268
f 2159 2269 2157
f 2159 2271 2269
f 2270 2160 2158
f 2272 2160 2270
f 2161 2271 2159
f 2161 2273 2271
f 2272 2162 2160
f 2274 2162 2272
f 2163 2273 2161
f 2163 2275 2273
f 2274 2164 2162
f 2276 2164 2274
f 2165 2275 2163
f 2165 2277 2275
f 2276 2166 2164
f 2278 2166 2276
f 2167 2277 2165
f 2167 2279 2277
f 2278 2168 2166
f 2280 2168 2278
f 2281 2279 2167
f 2281 2167 2169
f 2282 2169 2170
f 2282 2281 2169
f 2283 2170 2171
f 2283 2282 2170
f 2284 2171 2172
f 2284 2283 2171
f 2285 2172 2173
f 2285 2284 2172
f 2286 2173 2174
f 2286 2285 2173
f 2287 2174 2175
f 2287 2286 2174
f 2288 2175 2176
f 2288 2287 2175
f 2289 2176 2177
f 2289 2288 2176
f 2290 2177 2178
f 2290 2289 2177
f 2291 2178 2179
f 2291 2290 2178
f 2292 2179 2180
f 2292 2291 2179
f 2293 2180 2181
f 2293 2292 2180
f 2294 2181 2182
f 2294 2293 2181
f 2295 2182 2183
f 2295 2294 2182
f 2296 2183 2184
f 2296 2295 2183
f 2297 2184 2185
f 2297 2296 2184
f 2298 2185 2186
f 2298 2297 2185
f 2299 2186 2187
f 2299 2298 2186
f 2300 2187 2188
f 2300 2299 2187
f 2301 2188 2189
f 2301 2300 2188
f 2189 2190 2301
f 2301 2190 2302
f 2280 2191 2168
f 2303 2191 2280
f 2192 2302 2190
f 2192 2304 2302
f 2303 2193 2191
f 2305 2193 2303
f 2194 2304 2192
f 2194 2306 2304
f 2305 2195 2193
f 2307 2195 2305
f 2196 2306 2194
f 2196 2308 2306
f 2307 2197 2195
f 2309 2197 2307
f 2198 2308 2196
f 2198 2310 2308
f 2309 2199 2197
f 2311 2199 2309
f 2200 2310 2198
f 2200 2312 2310
f 2311 2313 2199
f 2199 2313 2201
f 2202 2201 2313
f 2202 2313 2314
f 2203 2312 2200
f 2203 2315 2312
f 2314 2204 2202
f 2316 2204 2314
f 2205 2315 2203
f 2205 2317 2315
f 2319 2318 2207
f 2207 2318 2206
f 2207 2204 2316
f 2207 2316 2319
f 2208 2317 2205
f 2208 2320 2317
f 2318 2209 2206
f 2321 2209 2318
f 2322 2320 2208
f 2322 2208 2210
f 2210 2211 2322
f 2322 2211 2323
f 2321 2212 2209
f 2324 2212 2321
f 2213 2323 2211
f 2213 2325 2323
f 2324 2214 2212
f 2326 2214 2324
f 2327 2325 2213
f 2327 2213 2215
f 2215 2216 2327
f 2327 2216 2328
f 2330 2329 2218
f 2218 2329 2217
f 2218 2214 2326
f 2218 2326 2330
f 2331 2328 2216
f 2331 2216 2219
f 2332 2219 2220
f 2332 2331 2219
f 2333 2220 2221
f 2333 2332 2220
f 2334 2221 2222
f 2334 2333 2221
f 2335 2222 2223
f 2335 2334 2222
f 2336 2223 2224
f 2336 2335 2223
f 2224 2217 2329
f 2224 2329 2336
f 2339 2338 2337
f 2225 2226 2337
f 2338 2225 2337
f 2340 2225 2338
f 2225 2341 2227
f 2340 2341 2225
f 2227 2342 2228
f 2341 2342 2227
f 2228 2343 2230
f 2342 2343 2228
f 2231 2230 2343
f 2231 2343 2344
f 2346 2345 2232
f 2346 2232 2233
f 2232 2347 2234
f 2345 2347 2232
f 2234 2348 2235
f 2347 2348 2234
f 2337 2236 2339
f 2236 2348 2339
f 2236 2235 2348
f 2236 2337 2226
f 2344 2349 2231
f 2231 2349 2237
f 2237 2350 2238
f 2349 2350 2237
f 2238 2351 2239
f 2350 2351 2238
f 2239 2352 2240
f 2351 2352 2239
f 2240 2353 2241
f 2352 2353 2240
f 2241 2354 2242
f 2353 2354 2241
f 2242 2355 2243
f 2354 2355 2242
f 2243 2356 2244
f 2355 2356 2243
f 2244 2357 2245
f 2356 2357 2244
f 2245 2358 2246
f 2357 2358 2245
f 2246 2359 2247
f 2358 2359 2246
f 2247 2360 2248
f 2359 2360 2247
f 2248 2361 2249
f 2360 2361 2248
f 2249 2362 2250
f 2361 2362 2249
f 2250 2363 2251
f 2362 2363 2250
f 2251 2364 2252
f 2363 2364 2251
f 2252 2365 2253
f 2364 2365 2252
f 2253 2366 2254
f 2365 2366 2253
f 2254 2367 2255
f 2366 2367 2254
f 2255 2368 2256
f 2367 2368 2255
f 2256 2369 2257
f 2368 2369 2256
f 2258 2257 2369
f 2258 2369 2370
f 2259 2346 2233
f 2259 2371 2346
f 2370 2260 2258
f 2372 2260 2370
f 2261 2371 2259
f 2261 2373 2371
f 2372 2262 2260
f 2374 2262 2372
f 2376 2375 2264
f 2376 2264 2265
f 2261 2264 2373
f 2373 2264 2375
f 2374 2266 2262
f 2377 2266 2374
f 2267 2376 2265
f 2267 2378 2376
f 2377 2268 2266
f 2379 2268 2377
f 2269 2378 2267
f 2269 2380 2378
f 2379 2270 2268
f 2381 2270 2379
f 2271 2380 2269
f 2271 2382 2380
f 2381 2272 2270
f 2383 2272 2381
f 2273 2382 2271
f 2273 2384 2382
f 2383 2274 2272
f 2385 2274 2383
f 2275 2384 2273
f 2275 2386 2384
f 2385 2276 2274
f 2387 2276 2385
f 2277 2386 2275
f 2277 2388 2386
f 2387 2278 2276
f 2389 2278 2387
f 2279 2388 2277
f 2279 2390 2388
f 2389 2280 2278
f 2391 2280 2389
f 2392 2390 2279
f 2392 2279 2281
f 2393 2281 2282
f 2393 2392 2281
f 2394 2282 2283
f 2394 2393 2282
f 2395 2283 2284
f 2395 2394 2283
f 2396 2284 2285
f 2396 2395 2284
f 2397 2285 2286
f 2397 2396 2285
f 2398 2286 2287
f 2398 2397 2286
f 2399 2287 2288
f 2399 2398 2287
f 2400 2288 2289
f 2400 2399 2288
f 2401 2289 2290
f 2401 2400 2289
f 2402 2290 2291
f 2402 2401 2290
f 2403 2291 2292
f 2403 2402 2291
f 2404 2292 2293
f 2404 2403 2292
f 2405 2293 2294
f 2405 2404 2293
f 2406 2294 2295
f 2406 2405 2294
f 2407 2295 2296
f 2407 2406 2295
f 2408 2296 2297
f 2408 2407 2296
f 2409 2297 2298
f 2409 2408 2297
f 2410 2298 2299
f 2410 2409 2298
f 2411 2299 2300
f 2411 2410 2299
f 2412 2300 2301
f 2412 2411 2300
f 2301 2302 2412
f 2412 2302 2413
f 2391 2303 2280
f 2414 2303 2391
f 2304 2413 2302
f 2304 2415 2413
f 2414 2305 2303
f 2416 2305 2414
f 2306 2415 2304
f 2306 2417 2415
f 2416 2307 2305
f 2418 2307 2416
f 2308 2417 2306
f 2308 2419 2417
f 2418 2309 2307
f 2420 2309 2418
f 2310 2419 2308
f 2310 2421 2419
f 2420 2311 2309
f 2422 2311 2420
f 2312 2421 2310
f 2312 2423 2421
f 2422 2424 2311
f 2311 2424 2313
f 2314 2313 2424
f 2314 2424 2425
f 2315 2423 2312
f 2315 2426 2423
f 2425 2316 2314
f 2427 2316 2425
f 2317 2426 2315
f 2317 2428 2426
f 2430 2429 2319
f 2319 2429 2318
f 2319 2316 2427
f 2319 2427 2430
f 2320 2428 2317
f 2320 2431 2428
f 2429 2321 2318
f 2432 2321 2429
f 2433 2431 2320
f 2433 2320 2322
f 2322 2323 2433
f 2433 2323 2434
f 2432 2324 2321
f 2435 2324 2432
f 2325 2434 2323
f 2325 2436 2434
f 2435 2326 2324
f 2437 2326 2435
f 2438 2436 2325
f 2438 2325 2327
f 2327 2328 2438
f 2438 2328 2439
f 2441 2440 2330
f 2330 2440 2329
f 2330 2326 2437
f 2330 2437 2441
f 2442 2439 2328
f 2442 2328 2331
f 2443 2331 2332
f 2443 2442 2331
f 2444 2332 2333
f 2444 2443 2332
f 2445 2333 2334
f 2445 2444 2333
f 2446 2334 2335
f 2446 2445 2334
f 2447 2335 2336
f 2447 2446 2335
f 2336 2329 2440
f 2336 2440 2447
f 2449 2448 2338
f 2449 2338 2339
f 2338 2450 2340
f 2448 2450 2338
f 2340 2451 2341
f 2450 2451 2340
f 2341 2452 2342
f 2451 2452 2341
f 2342 2453 2343
f 2452 2453 2342
f 2455 2454 2344
f 2343 2455 2344
f 2453 2455 2343
f 2456 2454 2455
f 2458 2457 2345
f 2458 2345 2346
f 2345 2459 2347
f 2457 2459 2345
f 2347 2460 2348
f 2459 2460 2347
f 2339 2348 2449
f 2449 2348 2460
f 2454 2349 2344
f 2456 2461 2454
f 2461 2349 2454
f 2461 2350 2349
f 2350 2462 2351
f 2461 2462 2350
f 2351 2463 2352
f 2462 2463 2351
f 2352 2464 2353
f 2463 2464 2352
f 2353 2465 2354
f 2464 2465 2353
f 2354 2466 2355
f 2465 2466 2354
f 2355 2467 2356
f 2466 2467 2355
f 2356 2468 2357
f 2467 2468 2356
f 2357 2469 2358
f 2468 2469 2357
f 2358 2470 2359
f 2469 2470 2358
f 2359 2471 2360
f 2470 2471 2359
f 2360 2472 2361
f 2471 2472 2360
f 2361 2473 2362
f 2472 2473 2361
f 2362 2474 2363
f 2473 2474 2362
f 2363 2475 2364
f 2474 2475 2363
f 2364 2476 2365
f 2475 2476 2364
f 2365 2477 2366
f 2476 2477 2365
f 2366 2478 2367
f 2477 2478 2366
f 2367 2479 2368
f 2478 2479 2367
f 2368 2480 2369
f 2479 2480 2368
f 2370 2369 2480
f 2370 2480 2481
f 2371 2458 2346
f 2371 2482 2458
f 2481 2372 2370
f 2483 2372 2481
f 2373 2482 2371
f 2373 2484 2482
f 2483 2374 2372
f 2485 2374 2483
f 2487 2486 2375
f 2487 2375 2376
f 2373 2375 2484
f 2484 2375 2486
f 2485 2377 2374
f 2488 2377 2485
f 2378 2487 2376
f 2378 2489 2487
f 2488 2379 2377
f 2490 2379 2488
f 2380 2489 2378
f 2380 2491 2489
f 2490 2381 2379
f 2492 2381 2490
f 2382 2491 2380
f 2382 2493 2491
f 2492 2383 2381
f 2494 2383 2492
f 2384 2493 2382
f 2384 2495 2493
f 2494 2385 2383
f 2496 2385 2494
f 2386 2495 2384
f 2386 2497 2495
f 2496 2387 2385
f 2498 2387 2496
f 2388 2497 2386
f 2388 2499 2497
f 2498 2389 2387
f 2500 2389 2498
f 2390 2499 2388
f 2390 2501 2499
f 2500 2391 2389
f 2502 2391 2500
f 2503 2501 2390
f 2503 2390 2392
f 2504 2392 2393
f 2504 2503 2392
f 2505 2393 2394
f 2505 2504 2393
f 2506 2394 2395
f 2506 2505 2394
f 2507 2395 2396
f 2507 2506 2395
f 2508 2396 2397
f 2508 2507 2396
f 2509 2397 2398
f 2509 2508 2397
f 2510 2398 2399
f 2510 2509 2398
f 2511 2399 2400
f 2511 2510 2399
f 2512 2400 2401
f 2512 2511 2400
f 2513 2401 2402
f 2513 2512 2401
f 2514 2402 2403
f 2514 2513 2402
f 2515 2403 2404
f 2515 2514 2403
f 2516 2404 2405
f 2516 2515 2404
f 2517 2405 2406
f 2517 2516 2405
f 2518 2406 2407
f 2518 2517 2406
f 2519 2407 2408
f 2519 2518 2407
f 2520 2408 2409
f 2520 2519 2408
f 2521 2409 2410
f 2521 2520 2409
f 2522 2410 2411
f 2522 2521 2410
f 2523 2411 2412
f 2523 2522 2411
f 2412 2413 2523
f 2523 2413 2524
f 2502 2414 2391
f 2525 2414 2502
f 2415 2524 2413
f 2415 2526 2524
f 2525 2416 2414
f 2527 2416 2525
f 2417 2526 2415
f 2417 2528 2526
f 2527 2418 2416
f 2529 2418 2527
f 2419 2528 2417
f 2419 2530 2528
f 2529 2420 2418
f 2531 2420 2529
f 2421 2530 2419
f 2421 2532 2530
f 2531 2422 2420
f 2533 2422 2531
f 2423 2532 2421
f 2423 2534 2532
f 2533 2535 2422
f 2422 2535 2424
f 2425 2424 2535
f 2425 2535 2536
f 2426 2534 2423
f 2426 2537 2534
f 2536 2427 2425
f 2538 2427 2536
f 2428 2537 2426
f 2428 2539 2537
f 2541 2540 2430
f 2430 2540 2429
f 2430 2427 2538
f 2430 2538 2541
f 2431 2539 2428
f 2431 2542 2539
f 2540 2432 2429
f 2543 2432 2540
f 2544 2542 2431
f 2544 2431 2433
f 2433 2434 2544
f 2544 2434 2545
f 2543 2435 2432
f 2546 2435 2543
f 2436 2545 2434
f 2436 2547 2545
f 2546 2437 2435
f 2548 2437 2546
f 2549 2547 2436
f 2549 2436 2438
f 2438 2439 2549
f 2549 2439 2550
f 2552 2551 2441
f 2441 2551 2440
f 2441 2437 2548
f 2441 2548 2552
f 2553 2550 2439
f 2553 2439 2442
f 2554 2442 2443
f 2554 2553 2442
f 2555 2443 2444
f 2555 2554 2443
f 2556 2444 2445
f 2556 2555 2444
f 2557 2445 2446
f 2557 2556 2445
f 2558 2446 2447
f 2558 2557 2446
f 2447 2440 2551
f 2447 2551 2558
f 2560 2559 2448
f 2560 2448 2449
f 2448 2561 2450
f 2559 2561 2448
f 2450 2562 2451
f 2561 2562 2450
f 2451 2563 2452
f 2562 2563 2451
f 2452 2564 2453
f 2563 2564 2452
f 2453 2565 2455
f 2564 2565 2453
f 2456 2455 2565
f 2456 2565 2566
f 2568 2567 2457
f 2568 2457 2458
f 2457 2569 2459
f 2567 2569 2457
f 2459 2570 2460
f 2569 2570 2459
f 2449 2460 2560
f 2560 2460 2570
f 2566 2571 2456
f 2456 2571 2461
f 2461 2572 2462
f 2571 2572 2461
f 2462 2573 2463
f 2572 2573 2462
f 2463 2574 2464
f 2573 2574 2463
f 2464 2575 2465
f 2574 2575 2464
f 2465 2576 2466
f 2575 2576 2465
f 2466 2577 2467
f 2576 2577 2466
f 2467 2578 2468
f 2577 2578 2467
f 2468 2579 2469
f 2578 2579 2468
f 2469 2580 2470
f 2579 2580 2469
f 2470 2581 2471
f 2580 2581 2470
f 2471 2582 2472
f 2581 2582 2471
f 2472 2583 2473
f 2582 2583 2472
f 2473 2584 2474
f 2583 2584 2473
f 2474 2585 2475
f 2584 2585 2474
f 2475 2586 2476
f 2585 2586 2475
f 2476 2587 2477
f 2586 2587 2476
f 2477 2588 2478
f 2587 2588 2477
f 2478 2589 2479
f 2588 2589 2478
f 2479 2590 2480
f 2589 2590 2479
f 2481 2480 2590
f 2481 2590 2591
f 2482 2568 2458
f 2482 2592 2568
f 2591 2483 2481
f 2593 2483 2591
f 2484 2592 2482
f 2484 2594 2592
f 2593 2485 2483
f 2595 2485 2593
f 2597 2596 2486
f 2597 2486 2487
f 2484 2486 2594
f 2594 2486 2596
f 2595 2488 2485
f 2598 2488 2595
f 2489 2597 2487
f 2489 2599 2597
f 2598 2490 2488
f 2600 2490 2598
f 2491 2599 2489
f 2491 2601 2599
f 2600 2492 2490
f 2602 2492 2600
f 2493 2601 2491
f 2493 2603 2601
f 2602 2494 2492
f 2604 2494 2602
f 2495 2603 2493
f 2495 2605 2603
f 2604 2496 2494
f 2606 2496 2604
f 2497 2605 2495
f 2497 2607 2605
f 2606 2498 2496
f 2608 2498 2606
f 2499 2607 2497
f 2499 2609 2607
f 2608 2500 2498
f 2610 2500 2608
f 2501 2609 2499
f 2501 2611 2609
f 2610 2502 2500
f 2612 2502 2610
f 2613 2611 2501
f 2613 2501 2503
f 2614 2503 2504
f 2614 2613 2503
f 2615 2504 2505
f 2615 2614 2504
f 2616 2505 2506
f 2616 2615 2505
f 2617 2506 2507
f 2617 2616 2506
f 2618 2507 2508
f 2618 2617 2507
f 2619 2508 2509
f 2619 2618 2508
f 2620 2509 2510
f 2620 2619 2509
f 2621 2510 2511
f 2621 2620 2510
f 2622 2511 2512
f 2622 2621 2511
f 2623 2512 2513
f 2623 2622 2512
f 2624 2513 2514
f 2624 2623 2513
f 2625 2514 2515
f 2625 2624 2514
f 2626 2515 2516
f 2626 2625 2515
f 2627 2516 2517
f 2627 2626 2516
f 2628 2517 2518
f 2628 2627 2517
f 2629 2518 2519
f 2629 2628 2518
f 2630 2519 2520
f 2630 2629 2519
f 2631 2520 2521
f 2631 2630 2520
f 2632 2521 2522
f 2632 2631 2521
f 2633 2522 2523
f 2633 2632 2522
f 2523 2524 2633
f 2633 2524 2634
f 2612 2525 2502
f 2635 2525 2612
f 2526 2637 2636
f 2634 2526 2636
f 2524 2526 2634
f 2637 2638 2636
f 2635 2527 2525
f 2639 2527 2635
f 2641 2640 2637
f 2526 2641 2637
f 2528 2641 2526
f 2637 2640 2638
f 2639 2529 2527
f 2642 2529 2639
f 2530 2641 2528
f 2530 2643 2641
f 2642 2531 2529
f 2644 2531 2642
f 2532 2643 2530
f 2532 2645 2643
f 2644 2533 2531
f 2646 2533 2644
f 2534 2645 2532
f 2534 2647 2645
f 2646 2648 2533
f 2533 2648 2535
f 2536 2535 2648
f 2536 2648 2649
f 2537 2647 2534
f 2537 2650 2647
f 2649 2538 2536
f 2651 2538 2649
f 2539 2650 2537
f 2539 2652 2650
f 2654 2653 2541
f 2541 2653 2540
f 2541 2538 2651
f 2541 2651 2654
f 2542 2652 2539
f 2542 2655 2652
f 2653 2543 2540
f 2656 2543 2653
f 2657 2655 2542
f 2657 2542 2544
f 2544 2545 2657
f 2657 2545 2658
f 2656 2546 2543
f 2659 2546 2656
f 2547 2658 2545
f 2547 2660 2658
f 2659 2548 2546
f 2661 2548 2659
f 2662 2660 2547
f 2662 2547 2549
f 2549 2550 2662
f 2662 2550 2663
f 2665 2664 2552
f 2552 2664 2551
f 2552 2548 2661
f 2552 2661 2665
f 2666 2663 2550
f 2666 2550 2553
f 2667 2553 2554
f 2667 2666 2553
f 2668 2554 2555
f 2668 2667 2554
f 2669 2555 2556
f 2669 2668 2555
f 2670 2556 2557
f 2670 2669 2556
f 2671 2557 2558
f 2671 2670 2557
f 2558 2551 2664
f 2558 2664 2671
f 2674 2673 2672
f 2559 2560 2672
f 2673 2559 2672
f 2675 2559 2673
f 2559 2676 2561
f 2675 2676 2559
f 2561 2677 2562
f 2676 2677 2561
f 2562 2678 2563
f 2677 2678 2562
f 2563 2679 2564
f 2678 2679 2563
f 2564 2680 2565
f 2679 2680 2564
f 2566 2565 2680
f 2566 2680 2681
f 2683 2682 2567
f 2683 2567 2568
f 2567 2684 2569
f 2682 2684 2567
f 2672 2570 2674
f 2570 2684 2674
f 2570 2569 2684
f 2570 2672 2560
f 2681 2685 2566
f 2566 2685 2571
f 2571 2686 2572
f 2685 2686 2571
f 2572 2687 2573
f 2686 2687 2572
f 2573 2688 2574
f 2687 2688 2573
f 2574 2689 2575
f 2688 2689 2574
f 2575 2690 2576
f 2689 2690 2575
f 2576 2691 2577
f 2690 2691 2576
f 2577 2692 2578
f 2691 2692 2577
f 2578 2693 2579
f 2692 2693 2578
f 2579 2694 2580
f 2693 2694 2579
f 2580 2695 2581
f 2694 2695 2580
f 2581 2696 2582
f 2695 2696 2581
f 2582 2697 2583
f 2696 2697 2582
f 2583 2698 2584
f 2697 2698 2583
f 2584 2699 2585
f 2698 2699 2584
f 2585 2700 2586
f 2699 2700 2585
f 2586 2701 2587
f 2700 2701 2586
f 2587 2702 2588
f 2701 2702 2587
f 2588 2703 2589
f 2702 2703 2588
f 2589 2704 2590
f 2703 2704 2589
f 2591 2590 2704
f 2591 2704 2705
f 2592 2683 2568
f 2592 2706 2683
f 2705 2593 2591
f 2707 2593 2705
f 2594 2706 2592
f 2594 2708 2706
f 2707 2595 2593
f 2709 2595 2707
f 2711 2710 2596
f 2711 2596 2597
f 2594 2596 2708
f 2708 2596 2710
f 2709 2598 2595
f 2712 2598 2709
f 2599 2711 2597
f 2599 2713 2711
f 2712 2600 2598
f 2714 2600 2712
f 2601 2713 2599
f 2601 2715 2713
f 2714 2602 2600
f 2716 2602 2714
f 2603 2715 2601
f 2603 2717 2715
f 2716 2604 2602
f 2718 2604 2716
f 2605 2717 2603
f 2605 2719 2717
f 2718 2606 2604
f 2720 2606 2718
f 2607 2719 2605
f 2607 2721 2719
f 2720 2608 2606
f 2722 2608 2720
f 2609 2721 2607
f 2609 2723 2721
f 2722 2610 2608
f 2724 2610 2722
f 2611 2723 2609
f 2611 2725 2723
f 2724 2612 2610
f 2726 2612 2724
f 2727 2725 2611
f 2727 2611 2613
f 2728 2613 2614
f 2728 2727 2613
f 2729 2614 2615
f 2729 2728 2614
f 2730 2615 2616
f 2730 2729 2615
f 2731 2616 2617
f 2731 2730 2616
f 2732 2617 2618
f 2732 2731 2617
f 2733 2618 2619
f 2733 2732 2618
f 2734 2619 2620
f 2734 2733 2619
f 2735 2620 2621
f 2735 2734 2620
f 2736 2621 2622
f 2736 2735 2621
f 2737 2622 2623
f 2737 2736 2622
f 2738 2623 2624
f 2738 2737 2623
f 2739 2624 2625
f 2739 2738 2624
f 2740 2625 2626
f 2740 2739 2625
f 2741 2626 2627
f 2741 2740 2626
f 2742 2627 2628
f 2742 2741 2627
f 2743 2628 2629
f 2743 2742 2628
f 2744 2629 2630
f 2744 2743 2629
f 2745 2630 2631
f 2745 2744 2630
f 2746 2631 2632
f 2746 2745 2631
f 2747 2632 2633
f 2747 2746 2632
f 2633 2634 2747
f 2747 2634 2748
f 2726 2635 2612
f 2749 2635 2726
f 2750 2748 2634
f 2750 2634 2636
f 2636 2638 2750
f 2750 2638 2751
f 2749 2639 2635
f 2752 2639 2749
f 2754 2753 2640
f 2754 2640 2641
f 2638 2640 2751
f 2751 2640 2753
f 2752 2642 2639
f 2755 2642 2752
f 2643 2754 2641
f 2643 2756 2754
f 2755 2644 2642
f 2757 2644 2755
f 2645 2756 2643
f 2645 2758 2756
f 2760 2646 2759
f 2646 2757 2759
f 2646 2644 2757
f 2761 2760 2759
f 2647 2758 2645
f 2647 2762 2758
f 2760 2648 2646
f 2649 2648 2760
f 2761 2649 2760
f 2763 2649 2761
f 2650 2762 2647
f 2650 2764 2762
f 2763 2651 2649
f 2765 2651 2763
f 2652 2764 2650
f 2652 2766 2764
f 2768 2767 2654
f 2654 2767 2653
f 2654 2651 2765
f 2654 2765 2768
f 2655 2766 2652
f 2655 2769 2766
f 2767 2656 2653
f 2770 2656 2767
f 2771 2769 2655
f 2771 2655 2657
f 2657 2658 2771
f 2771 2658 2772
f 2770 2659 2656
f 2773 2659 2770
f 2660 2772 2658
f 2660 2774 2772
f 2773 2661 2659
f 2775 2661 2773
f 2776 2774 2660
f 2776 2660 2662
f 2662 2663 2776
f 2776 2663 2777
f 2779 2778 2665
f 2665 2778 2664
f 2665 2661 2775
f 2665 2775 2779
f 2780 2777 2663
f 2780 2663 2666
f 2781 2666 2667
f 2781 2780 2666
f 2782 2667 2668
f 2782 2781 2667
f 2783 2668 2669
f 2783 2782 2668
f 2784 2669 2670
f 2784 2783 2669
f 2785 2670 2671
f 2785 2784 2670
f 2671 2664 2778
f 2671 2778 2785
f 2787 2786 2673
f 2787 2673 2674
f 2673 2788 2675
f 2786 2788 2673
f 2675 2789 2676
f 2788 2789 2675
f 2676 2790 2677
f 2789 2790 2676
f 2677 2791 2678
f 2790 2791 2677
f 2678 2792 2679
f 2791 2792 2678
f 2679 2793 2680
f 2792 2793 2679
f 2795 2794 2681
f 2680 2795 2681
f 2793 2795 2680
f 2796 2794 2795
f 2798 2797 2682
f 2798 2682 2683
f 2682 2799 2684
f 2797 2799 2682
f 2674 2684 2787
f 2787 2684 2799
f 2794 2685 2681
f 2796 2800 2794
f 2800 2685 2794
f 2800 2686 2685
f 2686 2801 2687
f 2800 2801 2686
f 2687 2802 2688
f 2801 2802 2687
f 2688 2803 2689
f 2802 2803 2688
f 2689 2804 2690
f 2803 2804 2689
f 2690 2805 2691
f 2804 2805 2690
f 2691 2806 2692
f 2805 2806 2691
f 2692 2807 2693
f 2806 2807 2692
f 2693 2808 2694
f 2807 2808 2693
f 2694 2809 2695
f 2808 2809 2694
f 2695 2810 2696
f 2809 2810 2695
f 2696 2811 2697
f 2810 2811 2696
f 2697 2812 2698
f 2811 2812 2697
f 2698 2813 2699
f 2812 2813 2698
f 2699 2814 2700
f 2813 2814 2699
f 2700 2815 2701
f 2814 2815 2700
f 2701 2816 2702
f 2815 2816 2701
f 2702 2817 2703
f 2816 2817 2702
f 2703 2818 2704
f 2817 2818 2703
f 2705 2704 2818
f 2705 2818 2819
f 2706 2798 2683
f 2706 2820 2798
f 2819 2707 2705
f 2821 2707 2819
f 2708 2820 2706
f 2708 2822 2820
f 2821 2709 2707
f 2823 2709 2821
f 2825 2824 2710
f 2825 2710 2711
f 2708 2710 2822
f 2822 2710 2824
f 2823 2712 2709
f 2826 2712 2823
f 2713 2825 2711
f 2713 2827 2825
f 2826 2714 2712
f 2828 2714 2826
f 2715 2827 2713
f 2715 2829 2827
f 2828 2716 2714
f 2830 2716 2828
f 2717 2829 2715
f 2717 2831 2829
f 2830 2718 2716
f 2832 2718 2830
f 2719 2831 2717
f 2719 2833 2831
f 2832 2720 2718
f 2834 2720 2832
f 2721 2833 2719
f 2721 2835 2833
f 2834 2722 2720
f 2836 2722 2834
f 2723 2835 2721
f 2723 2837 2835
f 2836 2724 2722
f 2838 2724 2836
f 2725 2837 2723
f 2725 2839 2837
f 2838 2726 2724
f 2840 2726 2838
f 2841 2839 2725
f 2841 2725 2727
f 2842 2727 2728
f 2842 2841 2727
f 2843 2728 2729
f 2843 2842 2728
f 2844 2729 2730
f 2844 2843 2729
f 2845 2730 2731
f 2845 2844 2730
f 2846 2731 2732
f 2846 2845 2731
f 2847 2732 2733
f 2847 2846 2732
f 2848 2733 2734
f 2848 2847 2733
f 2849 2734 2735
f 2849 2848 2734
f 2850 2735 2736
f 2850 2849 2735
f 2851 2736 2737
f 2851 2850 2736
f 2852 2737 2738
f 2852 2851 2737
f 2853 2738 2739
f 2853 2852 2738
f 2854 2739 2740
f 2854 2853 2739
f 2855 2740 2741
f 2855 2854 2740
f 2856 2741 2742
f 2856 2855 2741
f 2857 2742 2743
f 2857 2856 2742
f 2858 2743 2744
f 2858 2857 2743
f 2859 2744 2745
f 2859 2858 2744
f 2860 2745 2746
f 2860 2859 2745
f 2861 2746 2747
f 2861 2860 2746
f 2747 2748 2861
f 2861 2748 2862
f 2840 2749 2726
f 2863 2749 2840
f 2864 2862 2748
f 2864 2748 2750
f 2750 2751 2864
f 2864 2751 2865
f 2863 2752 2749
f 2866 2752 2863
f 2868 2867 2753
f 2868 2753 2754
f 2751 2753 2865
f 2865 2753 2867
f 2866 2755 2752
f 2869 2755 2866
f 2756 2868 2754
f 2756 2870 2868
f 2869 2757 2755
f 2871 2757 2869
f 2758 2870 2756
f 2758 2872 2870
f 2871 2873 2757
f 2757 2873 2759
f 2761 2759 2873
f 2761 2873 2874
f 2762 2872 2758
f 2762 2875 2872
f 2874 2763 2761
f 2876 2763 2874
f 2764 2875 2762
f 2764 2877 2875
f 2876 2765 2763
f 2878 2765 2876
f 2766 2877 2764
f 2766 2879 2877
f 2881 2880 2768
f 2768 2880 2767
f 2768 2765 2878
f 2768 2878 2881
f 2769 2879 2766
f 2769 2882 2879
f 2880 2770 2767
f 2883 2770 2880
f 2884 2882 2769
f 2884 2769 2771
f 2771 2772 2884
f 2884 2772 2885
f 2883 2773 2770
f 2886 2773 2883
f 2774 2885 2772
f 2774 2887 2885
f 2886 2775 2773
f 2888 2775 2886
f 2889 2887 2774
f 2889 2774 2776
f 2776 2777 2889
f 2889 2777 2890
f 2892 2891 2779
f 2779 2891 2778
f 2779 2775 2888
f 2779 2888 2892
f 2893 2890 2777
f 2893 2777 2780
f 2894 2780 2781
f 2894 2893 2780
f 2895 2781 2782
f 2895 2894 2781
f 2896 2782 2783
f 2896 2895 2782
f 2897 2783 2784
f 2897 2896 2783
f 2898 2784 2785
f 2898 2897 2784
f 2785 2778 2891
f 2785 2891 2898
f 2900 2899 2786
f 2900 2786 2787
f 2786 2901 2788
f 2899 2901 2786
f 2788 2902 2789
f 2901 2902 2788
f 2789 2903 2790
f 2902 2903 2789
f 2790 2904 2791
f 2903 2904 2790
f 2791 2905 2792
f 2904 2905 2791
f 2792 2906 2793
f 2905 2906 2792
f 2793 2907 2795
f 2906 2907 2793
f 2796 2795 2907
f 2796 2907 2908
f 2910 2909 2797
f 2910 2797 2798
f 2797 2911 2799
f 2909 2911 2797
f 2787 2799 2900
f 2900 2799 2911
f 2908 2912 2796
f 2796 2912 2800
f 2800 2913 2801
f 2912 2913 2800
f 2801 2914 2802
f 2913 2914 2801
f 2802 2915 2803
f 2914 2915 2802
f 2803 2916 2804
f 2915 2916 2803
f 2804 2917 2805
f 2916 2917 2804
f 2805 2918 2806
f 2917 2918 2805
f 2806 2919 2807
f 2918 2919 2806
f 2807 2920 2808
f 2919 2920 2807
f 2808 2921 2809
f 2920 2921 2808
f 2809 2922 2810
f 2921 2922 2809
f 2810 2923 2811
f 2922 2923 2810
f 2811 2924 2812
f 2923 2924 2811
f 2812 2925 2813
f 2924 2925 2812
f 2813 2926 2814
f 2925 2926 2813
f 2814 2927 2815
f 2926 2927 2814
f 2815 2928 2816
f 2927 2928 2815
f 2816 2929 2817
f 2928 2929 2816
f 2817 2930 2818
f 2929 2930 2817
f 2819 2818 2930
f 2819 2930 2931
f 2820 2910 2798
f 2820 2932 2910
f 2931 2821 2819
f 2933 2821 2931
f 2936 2935 2934
f 2935 2932 2934
f 2932 2822 2934
f 2932 2820 2822
f 2933 2823 2821
f 2937 2823 2933
f 2936 2934 2824
f 2825 2936 2824
f 2938 2936 2825
f 2824 2934 2822
f 2937 2826 2823
f 2939 2826 2937
f 2827 2938 2825
f 2827 2940 2938
f 2939 2828 2826
f 2941 2828 2939
f 2829 2940 2827
f 2829 2942 2940
f 2941 2830 2828
f 2943 2830 2941
f 2831 2942 2829
f 2831 2944 2942
f 2943 2832 2830
f 2945 2832 2943
f 2833 2944 2831
f 2833 2946 2944
f 2945 2834 2832
f 2947 2834 2945
f 2835 2946 2833
f 2835 2948 2946
f 2947 2836 2834
f 2949 2836 2947
f 2837 2948 2835
f 2837 2950 2948
f 2949 2838 2836
f 2951 2838 2949
f 2839 2950 2837
f 2839 2952 2950
f 2951 2840 2838
f 2953 2840 2951
f 2954 2952 2839
f 2954 2839 2841
f 2955 2841 2842
f 2955 2954 2841
f 2956 2842 2843
f 2956 2955 2842
f 2957 2843 2844
f 2957 2956 2843
f 2958 2844 2845
f 2958 2957 2844
f 2959 2845 2846
f 2959 2958 2845
f 2960 2846 2847
f 2960 2959 2846
f 2961 2847 2848
f 2961 2960 2847
f 2962 2848 2849
f 2962 2961 2848
f 2963 2849 2850
f 2963 2962 2849
f 2964 2850 2851
f 2964 2963 2850
f 2965 2851 2852
f 2965 2964 2851
f 2966 2852 2853
f 2966 2965 2852
f 2967 2853 2854
f 2967 2966 2853
f 2968 2854 2855
f 2968 2967 2854
f 2969 2855 2856
f 2969 2968 2855
f 2970 2856 2857
f 2970 2969 2856
f 2971 2857 2858
f 2971 2970 2857
f 2972 2858 2859
f 2972 2971 2858
f 2973 2859 2860
f 2973 2972 2859
f 2974 2860 2861
f 2974 2973 2860
f 2861 2862 2974
f 2974 2862 2975
f 2953 2863 2840
f 2976 2863 2953
f 2977 2975 2862
f 2977 2862 2864
f 2864 2865 2977
f 2977 2865 2978
f 2976 2866 2863
f 2979 2866 2976
f 2981 2980 2867
f 2981 2867 2868
f 2865 2867 2978
f 2978 2867 2980
f 2979 2869 2866
f 2982 2869 2979
f 2870 2981 2868
f 2870 2983 2981
f 2982 2871 2869
f 2984 2871 2982
f 2872 2983 2870
f 2872 2985 2983
f 2984 2986 2871
f 2871 2986 2873
f 2874 2873 2986
f 2874 2986 2987
f 2875 2985 2872
f 2875 2988 2985
f 2987 2876 2874
f 2989 2876 2987
f 2877 2988 2875
f 2877 2990 2988
f 2989 2878 2876
f 2991 2878 2989
f 2879 2990 2877
f 2879 2992 2990
f 2994 2993 2881
f 2881 2993 2880
f 2881 2878 2991
f 2881 2991 2994
f 2882 2992 2879
f 2882 2995 2992
f 2993 2883 2880
f 2996 2883 2993
f 2997 2995 2882
f 2997 2882 2884
f 2884 2885 2997
f 2997 2885 2998
f 2996 2886 2883
f 2999 2886 2996
f 2887 2998 2885
f 2887 3000 2998
f 2999 2888 2886
f 3001 2888 2999
f 3002 3000 2887
f 3002 2887 2889
f 2889 2890 3002
f 3002 2890 3003
f 3005 3004 2892
f 2892 3004 2891
f 2892 2888 3001
f 2892 3001 3005
f 3006 3003 2890
f 3006 2890 2893
f 3007 2893 2894
f 3007 3006 2893
f 3008 2894 2895
f 3008 3007 2894
f 3009 2895 2896
f 3009 3008 2895
f 3010 2896 2897
f 3010 3009 2896
f 3011 2897 2898
f 3011 3010 2897
f 2898 2891 3004
f 2898 3004 3011
f 3013 3012 2899
f 3013 2899 2900
f 2899 3014 2901
f 3012 3014 2899
f 2901 3015 2902
f 3014 3015 2901
f 2902 3016 2903
f 3015 3016 2902
f 2903 3017 2904
f 3016 3017 2903
f 2904 3018 2905
f 3017 3018 2904
f 2905 3019 2906
f 3018 3019 2905
f 3019 3021 3020
f 2907 3019 3020
f 2906 3019 2907
f 3020 2908 2907
f 3023 3022 2909
f 3023 2909 2910
f 2909 3024 2911
f 3022 3024 2909
f 2900 2911 3013
f 3013 2911 3024
f 3021 3025 3020
f 3020 3025 2908
f 3025 2912 2908
f 3025 3026 2912
f 2912 3027 2913
f 3026 3027 2912
f 2913 3028 2914
f 3027 3028 2913
f 2914 3029 2915
f 3028 3029 2914
f 2915 3030 2916
f 3029 3030 2915
f 2916 3031 2917
f 3030 3031 2916
f 2917 3032 2918
f 3031 3032 2917
f 2918 3033 2919
f 3032 3033 2918
f 2919 3034 2920
f 3033 3034 2919
f 2920 3035 2921
f 3034 3035 2920
f 2921 3036 2922
f 3035 3036 2921
f 2922 3037 2923
f 3036 3037 2922
f 2923 3038 2924
f 3037 3038 2923
f 2924 3039 2925
f 3038 3039 2924
f 2925 3040 2926
f 3039 3040 2925
f 2926 3041 2927
f 3040 3041 2926
f 2927 3042 2928
f 3041 3042 2927
f 2928 3043 2929
f 3042 3043 2928
f 2929 3044 2930
f 3043 3044 2929
f 2931 2930 3044
f 2931 3044 3045
f 2932 3023 2910
f 2932 3046 3023
f 3045 2933 2931
f 3047 2933 3045
f 3049 3048 2935
f 3049 2935 2936
f 2932 2935 3046
f 3046 2935 3048
f 3047 2937 2933
f 3050 2937 3047
f 2938 3049 2936
f 2938 3051 3049
f 3050 2939 2937
f 3052 2939 3050
f 2940 3051 2938
f 2940 3053 3051
f 3052 2941 2939
f 3054 2941 3052
f 2942 3053 2940
f 2942 3055 3053
f 3054 2943 2941
f 3056 2943 3054
f 2944 3055 2942
f 2944 3057 3055
f 3056 2945 2943
f 3058 2945 3056
f 2946 3057 2944
f 2946 3059 3057
f 3058 2947 2945
f 3060 2947 3058
f 2948 3059 2946
f 2948 3061 3059
f 3060 2949 2947
f 3062 2949 3060
f 2950 3061 2948
f 2950 3063 3061
f 3062 2951 2949
f 3064 2951 3062
f 2952 3063 2950
f 2952 3065 3063
f 3064 2953 2951
f 3066 2953 3064
f 3067 3065 2952
f 3067 2952 2954
f 3068 2954 2955
f 3068 3067 2954
f 3069 2955 2956
f 3069 3068 2955
f 3070 2956 2957
f 3070 3069 2956
f 3071 2957 2958
f 3071 3070 2957
f 3072 2958 2959
f 3072 3071 2958
f 3073 2959 2960
f 3073 3072 2959
f 3074 2960 2961
f 3074 3073 2960
f 3075 2961 2962
f 3075 3074 2961
f 3076 2962 2963
f 3076 3075 2962
f 3077 2963 2964
f 3077 3076 2963
f 3078 2964 2965
f 3078 3077 2964
f 3079 2965 2966
f 3079 3078 2965
f 3080 2966 2967
f 3080 3079 2966
f 3081 2967 2968
f 3081 3080 2967
f 3082 2968 2969
f 3082 3081 2968
f 3083 2969 2970
f 3083 3082 2969
f 3084 2970 2971
f 3084 3083 2970
f 3085 2971 2972
f 3085 3084 2971
f 3086 2972 2973
f 3086 3085 2972
f 3087 2973 2974
f 3087 3086 2973
f 2974 2975 3087
f 3087 2975 3088
f 3066 2976 2953
f 3089 2976 3066
f 3090 3088 2975
f 3090 2975 2977
f 2977 2978 3090
f 3090 2978 3091
f 3089 2979 2976
f 3092 2979 3089
f 3094 3093 2980
f 3094 2980 2981
f 2978 2980 3091
f 3091 2980 3093
f 3092 2982 2979
f 3095 2982 3092
f 2983 3094 2981
f 2983 3096 3094
f 3095 2984 2982
f 3097 2984 3095
f 2985 3096 2983
f 2985 3098 3096
f 3097 3099 2984
f 2984 3099 2986
f 2987 2986 3099
f 2987 3099 3100
f 2988 3098 2985
f 2988 3101 3098
f 3100 2989 2987
f 3102 2989 3100
f 2990 3101 2988
f 2990 3103 3101
f 3102 2991 2989
f 3104 2991 3102
f 2992 3103 2990
f 2992 3105 3103
f 3107 3106 2994
f 2994 3106 2993
f 2994 2991 3104
f 2994 3104 3107
f 2995 3105 2992
f 2995 3108 3105
f 3106 2996 2993
f 3109 2996 3106
f 3110 3108 2995
f 3110 2995 2997
f 2997 2998 3110
f 3110 2998 3111
f 3109 2999 2996
f 3112 2999 3109
f 3000 3111 2998
f 3000 3113 3111
f 3112 3001 2999
f 3114 3001 3112
f 3115 3113 3000
f 3115 3000 3002
f 3002 3003 3115
f 3115 3003 3116
f 3118 3117 3005
f 3005 3117 3004
f 3005 3001 3114
f 3005 3114 3118
f 3119 3116 3003
f 3119 3003 3006
f 3120 3006 3007
f 3120 3119 3006
f 3121 3007 3008
f 3121 3120 3007
f 3122 3008 3009
f 3122 3121 3008
f 3123 3009 3010
f 3123 3122 3009
f 3124 3010 3011
f 3124 3123 3010
f 3011 3004 3117
f 3011 3117 3124
f 3126 3125 3012
f 3126 3012 3013
f 3012 3127 3014
f 3125 3127 3012
f 3014 3128 3015
f 3127 3128 3014
f 3015 3129 3016
f 3128 3129 3015
f 3016 3130 3017
f 3129 3130 3016
f 3017 3131 3018
f 3130 3131 3017
f 3018 3132 3019
f 3131 3132 3018
f 3021 3019 3132
f 3021 3132 3133
f 3135 3134 3022
f 3135 3022 3023
f 3022 3136 3024
f 3134 3136 3022
f 3013 3024 3126
f 3126 3024 3136
f 3133 3137 3021
f 3021 3137 3025
f 3025 3138 3026
f 3137 3138 3025
f 3026 3139 3027
f 3138 3139 3026
f 3027 3140 3028
f 3139 3140 3027
f 3028 3141 3029
f 3140 3141 3028
f 3029 3142 3030
f 3141 3142 3029
f 3030 3143 3031
f 3142 3143 3030
f 3031 3144 3032
f 3143 3144 3031
f 3032 3145 3033
f 3144 3145 3032
f 3033 3146 3034
f 3145 3146 3033
f 3034 3147 3035
f 3146 3147 3034
f 3035 3148 3036
f 3147 3148 3035
f 3036 3149 3037
f 3148 3149 3036
f 3037 3150 3038
f 3149 3150 3037
f 3038 3151 3039
f 3150 3151 3038
f 3039 3152 3040
f 3151 3152 3039
f 3040 3153 3041
f 3152 3153 3040
f 3041 3154 3042
f 3153 3154 3041
f 3042 3155 3043
f 3154 3155 3042
f 3043 3156 3044
f 3155 3156 3043
f 3045 3044 3156
f 3045 3156 3157
f 3046 3135 3023
f 3046 3158 3135
f 3157 3047 3045
f 3159 3047 3157
f 3161 3160 3048
f 3161 3048 3049
f 3046 3048 3158
f 3158 3048 3160
f 3159 3050 3047
f 3162 3050 3159
f 3051 3161 3049
f 3051 3163 3161
f 3162 3052 3050
f 3164 3052 3162
f 3053 3163 3051
f 3053 3165 3163
f 3164 3054 3052
f 3166 3054 3164
f 3055 3165 3053
f 3055 3167 3165
f 3166 3056 3054
f 3168 3056 3166
f 3057 3167 3055
f 3057 3169 3167
f 3168 3058 3056
f 3170 3058 3168
f 3059 3169 3057
f 3059 3171 3169
f 3170 3060 3058
f 3172 3060 3170
f 3061 3171 3059
f 3061 3173 3171
f 3172 3062 3060
f 3174 3062 3172
f 3063 3173 3061
f 3063 3175 3173
f 3174 3064 3062
f 3176 3064 3174
f 3065 3175 3063
f 3065 3177 3175
f 3176 3066 3064
f 3178 3066 3176
f 3179 3177 3065
f 3179 3065 3067
f 3180 3067 3068
f 3180 3179 3067
f 3181 3068 3069
f 3181 3180 3068
f 3182 3069 3070
f 3182 3181 3069
f 3183 3070 3071
f 3183 3182 3070
f 3184 3071 3072
f 3184 3183 3071
f 3185 3072 3073
f 3185 3184 3072
f 3186 3073 3074
f 3186 3185 3073
f 3187 3074 3075
f 3187 3186 3074
f 3188 3075 3076
f 3188 3187 3075
f 3189 3076 3077
f 3189 3188 3076
f 3190 3077 3078
f 3190 3189 3077
f 3191 3078 3079
f 3191 3190 3078
f 3192 3079 3080
f 3192 3191 3079
f 3193 3080 3081
f 3193 3192 3080
f 3194 3081 3082
f 3194 3193 3081
f 3195 3082 3083
f 3195 3194 3082
f 3196 3083 3084
f 3196 3195 3083
f 3197 3084 3085
f 3197 3196 3084
f 3198 3085 3086
f 3198 3197 3085
f 3199 3086 3087
f 3199 3198 3086
f 3087 3088 3199
f 3199 3088 3200
f 3178 3089 3066
f 3201 3089 3178
f 3202 3200 3088
f 3202 3088 3090
f 3090 3091 3202
f 3202 3091 3203
f 3201 3092 3089
f 3204 3092 3201
f 3094 3205 3093
f 3205 3206 3093
f 3206 3091 3093
f 3206 3203 3091
f 3204 3095 3092
f 3207 3095 3204
f 3209 3208 3205
f 3094 3209 3205
f 3096 3209 3094
f 3205 3208 3206
f 3207 3097 3095
f 3210 3097 3207
f 3098 3209 3096
f 3098 3211 3209
f 3210 3212 3097
f 3097 3212 3099
f 3100 3099 3212
f 3100 3212 3213
f 3101 3211 3098
f 3101 3214 3211
f 3213 3102 3100
f 3215 3102 3213
f 3103 3214 3101
f 3103 3216 3214
f 3215 3104 3102
f 3217 3104 3215
f 3105 3216 3103
f 3105 3218 3216
f 3220 3219 3107
f 3107 3219 3106
f 3107 3104 3217
f 3107 3217 3220
f 3108 3218 3105
f 3108 3221 3218
f 3219 3109 3106
f 3222 3109 3219
f 3223 3221 3108
f 3223 3108 3110
f 3110 3111 3223
f 3223 3111 3224
f 3222 3112 3109
f 3225 3112 3222
f 3113 3224 3111
f 3113 3226 3224
f 3225 3114 3112
f 3227 3114 3225
f 3228 3226 3113
f 3228 3113 3115
f 3115 3116 3228
f 3228 3116 3229
f 3231 3230 3118
f 3118 3230 3117
f 3118 3114 3227
f 3118 3227 3231
f 3232 3229 3116
f 3232 3116 3119
f 3233 3119 3120
f 3233 3232 3119
f 3234 3120 3121
f 3234 3233 3120
f 3235 3121 3122
f 3235 3234 3121
f 3236 3122 3123
f 3236 3235 3122
f 3237 3123 3124
f 3237 3236 3123
f 3124 3117 3230
f 3124 3230 3237
f 3239 3238 3125
f 3239 3125 3126
f 3125 3240 3127
f 3238 3240 3125
f 3127 3241 3128
f 3240 3241 3127
f 3128 3242 3129
f 3241 3242 3128
f 3129 3243 3130
f 3242 3243 3129
f 3130 3244 3131
f 3243 3244 3130
f 3131 3245 3132
f 3244 3245 3131
f 3133 3132 3245
f 3133 3245 3246
f 3248 3247 3134
f 3248 3134 3135
f 3134 3249 3136
f 3247 3249 3134
f 3126 3136 3239
f 3239 3136 3249
f 3246 3250 3133
f 3133 3250 3137
f 3137 3251 3138
f 3250 3251 3137
f 3138 3252 3139
f 3251 3252 3138
f 3139 3253 3140
f 3252 3253 3139
f 3140 3254 3141
f 3253 3254 3140
f 3141 3255 3142
f 3254 3255 3141
f 3142 3256 3143
f 3255 3256 3142
f 3143 3257 3144
f 3256 3257 3143
f 3144 3258 3145
f 3257 3258 3144
f 3145 3259 3146
f 3258 3259 3145
f 3146 3260 3147
f 3259 3260 3146
f 3147 3261 3148
f 3260 3261 3147
f 3148 3262 3149
f 3261 3262 3148
f 3149 3263 3150
f 3262 3263 3149
f 3150 3264 3151
f 3263 3264 3150
f 3151 3265 3152
f 3264 3265 3151
f 3152 3266 3153
f 3265 3266 3152
f 3153 3267 3154
f 3266 3267 3153
f 3154 3268 3155
f 3267 3268 3154
f 3155 3269 3156
f 3268 3269 3155
f 3157 3156 3269
f 3157 3269 3270
f 3158 3248 3135
f 3158 3271 3248
f 3270 3159 3157
f 3272 3159 3270
f 3274 3273 3160
f 3274 3160 3161
f 3158 3160 3271
f 3271 3160 3273
f 3272 3162 3159
f 3275 3162 3272
f 3163 3274 3161
f 3163 3276 3274
f 3275 3164 3162
f 3277 3164 3275
f 3165 3276 3163
f 3165 3278 3276
f 3277 3166 3164
f 3279 3166 3277
f 3167 3278 3165
f 3167 3280 3278
f 3279 3168 3166
f 3281 3168 3279
f 3169 3280 3167
f 3169 3282 3280
f 3281 3170 3168
f 3283 3170 3281
f 3171 3282 3169
f 3171 3284 3282
f 3283 3172 3170
f 3285 3172 3283
f 3173 3284 3171
f 3173 3286 3284
f 3285 3174 3172
f 3287 3174 3285
f 3175 3286 3173
f 3175 3288 3286
f 3287 3176 3174
f 3289 3176 3287
f 3177 3288 3175
f 3177 3290 3288
f 3289 3178 3176
f 3291 3178 3289
f 3292 3290 3177
f 3292 3177 3179
f 3293 3179 3180
f 3293 3292 3179
f 3294 3180 3181
f 3294 3293 3180
f 3295 3181 3182
f 3295 3294 3181
f 3296 3182 3183
f 3296 3295 3182
f 3297 3183 3184
f 3297 3296 3183
f 3298 3184 3185
f 3298 3297 3184
f 3299 3185 3186
f 3299 3298 3185
f 3300 3186 3187
f 3300 3299 3186
f 3301 3187 3188
f 3301 3300 3187
f 3302 3188 3189
f 3302 3301 3188
f 3303 3189 3190
f 3303 3302 3189
f 3304 3190 3191
f 3304 3303 3190
f 3305 3191 3192
f 3305 3304 3191
f 3306 3192 3193
f 3306 3305 3192
f 3307 3193 3194
f 3307 3306 3193
f 3308 3194 3195
f 3308 3307 3194
f 3309 3195 3196
f 3309 3308 3195
f 3310 3196 3197
f 3310 3309 3196
f 3311 3197 3198
f 3311 3310 3197
f 3312 3198 3199
f 3312 3311 3198
f 3199 3200 3312
f 3312 3200 3313
f 3291 3201 3178
f 3314 3201 3291
f 3315 3313 3200
f 3315 3200 3202
f 3202 3203 3315
f 3315 3203 3316
f 3314 3204 3201
f 3317 3204 3314
f 3206 3316 3203
f 3206 3318 3316
f 3317 3207 3204
f 3319 3207 3317
f 3321 3320 3208
f 3321 3208 3209
f 3206 3208 3318
f 3318 3208 3320
f 3319 3210 3207
f 3322 3210 3319
f 3211 3321 3209
f 3211 3323 3321
f 3322 3324 3210
f 3210 3324 3212
f 3213 3212 3324
f 3213 3324 3325
f 3214 3323 3211
f 3214 3326 3323
f 3325 3215 3213
f 3327 3215 3325
f 3216 3326 3214
f 3216 3328 3326
f 3327 3217 3215
f 3329 3217 3327
f 3218 3328 3216
f 3218 3330 3328
f 3332 3331 3220
f 3220 3331 3219
f 3220 3217 3329
f 3220 3329 3332
f 3221 3330 3218
f 3221 3333 3330
f 3331 3222 3219
f 3334 3222 3331
f 3335 3333 3221
f 3335 3221 3223
f 3223 3224 3335
f 3335 3224 3336
f 3334 3225 3222
f 3337 3225 3334
f 3226 3336 3224
f 3226 3338 3336
f 3337 3227 3225
f 3339 3227 3337
f 3340 3338 3226
f 3340 3226 3228
f 3228 3229 3340
f 3340 3229 3341
f 3343 3342 3231
f 3231 3342 3230
f 3231 3227 3339
f 3231 3339 3343
f 3344 3341 3229
f 3344 3229 3232
f 3345 3232 3233
f 3345 3344 3232
f 3346 3233 3234
f 3346 3345 3233
f 3347 3234 3235
f 3347 3346 3234
f 3348 3235 3236
f 3348 3347 3235
f 3349 3236 3237
f 3349 3348 3236
f 3237 3230 3342
f 3237 3342 3349
f 3351 3350 3238
f 3351 3238 3239
f 3238 3352 3240
f 3350 3352 3238
f 3240 3353 3241
f 3352 3353 3240
f 3241 3354 3242
f 3353 3354 3241
f 3242 3355 3243
f 3354 3355 3242
f 3243 3356 3244
f 3355 3356 3243
f 3244 3357 3245
f 3356 3357 3244
f 3246 3245 3357
f 3246 3357 3358
f 3360 3359 3247
f 3360 3247 3248
f 3247 3361 3249
f 3359 3361 3247
f 3239 3249 3351
f 3351 3249 3361
f 3358 3362 3246
f 3246 3362 3250
f 3250 3363 3251
f 3362 3363 3250
f 3251 3364 3252
f 3363 3364 3251
f 3252 3365 3253
f 3364 3365 3252
f 3253 3366 3254
f 3365 3366 3253
f 3254 3367 3255
f 3366 3367 3254
f 3255 3368 3256
f 3367 3368 3255
f 3256 3369 3257
f 3368 3369 3256
f 3257 3370 3258
f 3369 3370 3257
f 3258 3371 3259
f 3370 3371 3258
f 3259 3372 3260
f 3371 3372 3259
f 3260 3373 3261
f 3372 3373 3260
f 3261 3374 3262
f 3373 3374 3261
f 3262 3375 3263
f 3374 3375 3262
f 3263 3376 3264
f 3375 3376 3263
f 3264 3377 3265
f 3376 3377 3264
f 3265 3378 3266
f 3377 3378 3265
f 3266 3379 3267
f 3378 3379 3266
f 3267 3380 3268
f 3379 3380 3267
f 3268 3381 3269
f 3380 3381 3268
f 3270 3269 3381
f 3270 3381 3382
f 3271 3360 3248
f 3271 3383 3360
f 3382 3272 3270
f 3384 3272 3382
f 3386 3385 3273
f 3386 3273 3274
f 3271 3273 3383
f 3383 3273 3385
f 3384 3275 3272
f 3387 3275 3384
f 3276 3386 3274
f 3276 3388 3386
f 3387 3277 3275
f 3389 3277 3387
f 3278 3388 3276
f 3278 3390 3388
f 3389 3279 3277
f 3391 3279 3389
f 3280 3390 3278
f 3280 3392 3390
f 3391 3281 3279
f 3393 3281 3391
f 3282 3392 3280
f 3282 3394 3392
f 3393 3283 3281
f 3395 3283 3393
f 3284 3394 3282
f 3284 3396 3394
f 3395 3285 3283
f 3397 3285 3395
f 3286 3396 3284
f 3286 3398 3396
f 3397 3287 3285
f 3399 3287 3397
f 3288 3398 3286
f 3288 3400 3398
f 3399 3289 3287
f 3401 3289 3399
f 3290 3400 3288
f 3290 3402 3400
f 3401 3291 3289
f 3403 3291 3401
f 3404 3402 3290
f 3404 3290 3292
f 3405 3292 3293
f 3405 3404 3292
f 3406 3293 3294
f 3406 3405 3293
f 3407 3294 3295
f 3407 3406 3294
f 3408 3295 3296
f 3408 3407 3295
f 3409 3296 3297
f 3409 3408 3296
f 3410 3297 3298
f 3410 3409 3297
f 3411 3298 3299
f 3411 3410 3298
f 3412 3299 3300
f 3412 3411 3299
f 3413 3300 3301
f 3413 3412 3300
f 3414 3301 3302
f 3414 3413 3301
f 3415 3302 3303
f 3415 3414 3302
f 3416 3303 3304
f 3416 3415 3303
f 3417 3304 3305
f 3417 3416 3304
f 3418 3305 3306
f 3418 3417 3305
f 3419 3306 3307
f 3419 3418 3306
f 3420 3307 3308
f 3420 3419 3307
f 3421 3308 3309
f 3421 3420 3308
f 3422 3309 3310
f 3422 3421 3309
f 3423 3310 3311
f 3423 3422 3310
f 3424 3311 3312
f 3424 3423 3311
f 3312 3313 3424
f 3424 3313 3425
f 3403 3314 3291
f 3426 3314 3403
f 3427 3425 3313
f 3427 3313 3315
f 3315 3316 3427
f 3427 3316 3428
f 3426 3317 3314
f 3429 3317 3426
f 3318 3428 3316
f 3318 3430 3428
f 3429 3319 3317
f 3431 3319 3429
f 3433 3432 3320
f 3433 3320 3321
f 3318 3320 3430
f 3430 3320 3432
f 3431 3322 3319
f 3434 3322 3431
f 3323 3433 3321
f 3323 3435 3433
f 3434 3436 3322
f 3322 3436 3324
f 3325 3324 3436
f 3325 3436 3437
f 3326 3435 3323
f 3326 3438 3435
f 3437 3327 3325
f 3439 3327 3437
f 3328 3438 3326
f 3328 3440 3438
f 3439 3329 3327
f 3441 3329 3439
f 3330 3440 3328
f 3330 3442 3440
f 3444 3443 3332
f 3332 3443 3331
f 3332 3329 3441
f 3332 3441 3444
f 3333 3442 3330
f 3333 3445 3442
f 3443 3334 3331
f 3446 3334 3443
f 3447 3445 3333
f 3447 3333 3335
f 3335 3336 3447
f 3447 3336 3448
f 3446 3337 3334
f 3449 3337 3446
f 3338 3448 3336
f 3338 3450 3448
f 3449 3339 3337
f 3451 3339 3449
f 3452 3450 3338
f 3452 3338 3340
f 3340 3341 3452
f 3452 3341 3453
f 3455 3454 3343
f 3343 3454 3342
f 3343 3339 3451
f 3343 3451 3455
f 3456 3453 3341
f 3456 3341 3344
f 3457 3344 3345
f 3457 3456 3344
f 3458 3345 3346
f 3458 3457 3345
f 3459 3346 3347
f 3459 3458 3346
f 3460 3347 3348
f 3460 3459 3347
f 3461 3348 3349
f 3461 3460 3348
f 3349 3342 3454
f 3349 3454 3461
f 3463 3462 3350
f 3463 3350 3351
f 3350 3464 3352
f 3462 3464 3350
f 3352 3465 3353
f 3464 3465 3352
f 3353 3466 3354
f 3465 3466 3353
f 3354 3467 3355
f 3466 3467 3354
f 3355 3468 3356
f 3467 3468 3355
f 3356 3469 3357
f 3468 3469 3356
f 3358 3357 3469
f 3358 3469 3470
f 3472 3471 3359
f 3472 3359 3360
f 3359 3473 3361
f 3471 3473 3359
f 3351 3361 3463
f 3463 3361 3473
f 3470 3474 3358
f 3358 3474 3362
f 3362 3475 3363
f 3474 3475 3362
f 3363 3476 3364
f 3475 3476 3363
f 3364 3477 3365
f 3476 3477 3364
f 3365 3478 3366
f 3477 3478 3365
f 3366 3479 3367
f 3478 3479 3366
f 3367 3480 3368
f 3479 3480 3367
f 3368 3481 3369
f 3480 3481 3368
f 3369 3482 3370
f 3481 3482 3369
f 3370 3483 3371
f 3482 3483 3370
f 3371 3484 3372
f 3483 3484 3371
f 3372 3485 3373
f 3484 3485 3372
f 3373 3486 3374
f 3485 3486 3373
f 3374 3487 3375
f 3486 3487 3374
f 3375 3488 3376
f 3487 3488 3375
f 3376 3489 3377
f 3488 3489 3376
f 3377 3490 3378
f 3489 3490 3377
f 3378 3491 3379
f 3490 3491 3378
f 3379 3492 3380
f 3491 3492 3379
f 3380 3493 3381
f 3492 3493 3380
f 3382 3381 3493
f 3382 3493 3494
f 3383 3472 3360
f 3383 3495 3472
f 3494 3384 3382
f 3496 3384 3494
f 3498 3497 3385
f 3498 3385 3386
f 3383 3385 3495
f 3495 3385 3497
f 3496 3387 3384
f 3499 3387 3496
f 3388 3498 3386
f 3388 3500 3498
f 3499 3389 3387
f 3501 3389 3499
f 3390 3500 3388
f 3390 3502 3500
f 3501 3391 3389
f 3503 3391 3501
f 3392 3502 3390
f 3392 3504 3502
f 3503 3393 3391
f 3505 3393 3503
f 3394 3504 3392
f 3394 3506 3504
f 3505 3395 3393
f 3507 3395 3505
f 3396 3506 3394
f 3396 3508 3506
f 3507 3397 3395
f 3509 3397 3507
f 3398 3508 3396
f 3398 3510 3508
f 3509 3399 3397
f 3511 3399 3509
f 3400 3510 3398
f 3400 3512 3510
f 3511 3401 3399
f 3513 3401 3511
f 3402 3512 3400
f 3402 3514 3512
f 3513 3403 3401
f 3515 3403 3513
f 3516 3514 3402
f 3516 3402 3404
f 3517 3404 3405
f 3517 3516 3404
f 3518 3405 3406
f 3518 3517 3405
f 3519 3406 3407
f 3519 3518 3406
f 3520 3407 3408
f 3520 3519 3407
f 3521 3408 3409
f 3521 3520 3408
f 3522 3409 3410
f 3522 3521 3409
f 3523 3410 3411
f 3523 3522 3410
f 3524 3411 3412
f 3524 3523 3411
f 3525 3412 3413
f 3525 3524 3412
f 3526 3413 3414
f 3526 3525 3413
f 3527 3414 3415
f 3527 3526 3414
f 3528 3415 3416
f 3528 3527 3415
f 3529 3416 3417
f 3529 3528 3416
f 3530 3417 3418
f 3530 3529 3417
f 3531 3418 3419
f 3531 3530 3418
f 3532 3419 3420
f 3532 3531 3419
f 3533 3420 3421
f 3533 3532 3420
f 3534 3421 3422
f 3534 3533 3421
f 3535 3422 3423
f 3535 3534 3422
f 3536 3423 3424
f 3536 3535 3423
f 3424 3425 3536
f 3536 3425 3537
f 3515 3426 3403
f 3538 3426 3515
f 3539 3537 3425
f 3539 3425 3427
f 3427 3428 3539
f 3539 3428 3540
f 3538 3429 3426
f 3541 3429 3538
f 3430 3540 3428
f 3430 3542 3540
f 3541 3431 3429
f 3543 3431 3541
f 3545 3544 3432
f 3545 3432 3433
f 3430 3432 3542
f 3542 3432 3544
f 3543 3434 3431
f 3546 3434 3543
f 3435 3545 3433
f 3435 3547 3545
f 3436 3434 3548
f 3434 3549 3548
f 3434 3546 3549
f 3548 3437 3436
f 3438 3547 3435
f 3438 3550 3547
f 3549 3551 3548
f 3437 3548 3551
f 3552 3437 3551
f 3439 3437 3552
f 3440 3550 3438
f 3440 3553 3550
f 3552 3441 3439
f 3554 3441 3552
f 3442 3553 3440
f 3442 3555 3553
f 3557 3556 3444
f 3444 3556 3443
f 3444 3441 3554
f 3444 3554 3557
f 3445 3555 3442
f 3445 3558 3555
f 3556 3446 3443
f 3559 3446 3556
f 3560 3558 3445
f 3560 3445 3447
f 3447 3448 3560
f 3560 3448 3561
f 3559 3449 3446
f 3562 3449 3559
f 3450 3561 3448
f 3450 3563 3561
f 3562 3451 3449
f 3564 3451 3562
f 3565 3563 3450
f 3565 3450 3452
f 3452 3453 3565
f 3565 3453 3566
f 3568 3567 3455
f 3455 3567 3454
f 3455 3451 3564
f 3455 3564 3568
f 3569 3566 3453
f 3569 3453 3456
f 3570 3456 3457
f 3570 3569 3456
f 3571 3457 3458
f 3571 3570 3457
f 3572 3458 3459
f 3572 3571 3458
f 3573 3459 3460
f 3573 3572 3459
f 3574 3460 3461
f 3574 3573 3460
f 3461 3454 3567
f 3461 3567 3574
f 3576 3575 3462
f 3576 3462 3463
f 3462 3577 3464
f 3575 3577 3462
f 3464 3578 3465
f 3577 3578 3464
f 3465 3579 3466
f 3578 3579 3465
f 3466 3580 3467
f 3579 3580 3466
f 3467 3581 3468
f 3580 3581 3467
f 3581 3583 3582
f 3469 3581 3582
f 3468 3581 3469
f 3582 3470 3469
f 3585 3584 3471
f 3585 3471 3472
f 3471 3586 3473
f 3584 3586 3471
f 3463 3473 3576
f 3576 3473 3586
f 3583 3587 3582
f 3582 3587 3470
f 3587 3474 3470
f 3587 3588 3474
f 3474 3589 3475
f 3588 3589 3474
f 3475 3590 3476
f 3589 3590 3475
f 3476 3591 3477
f 3590 3591 3476
f 3477 3592 3478
f 3591 3592 3477
f 3478 3593 3479
f 3592 3593 3478
f 3479 3594 3480
f 3593 3594 3479
f 3480 3595 3481
f 3594 3595 3480
f 3481 3596 3482
f 3595 3596 3481
f 3482 3597 3483
f 3596 3597 3482
f 3483 3598 3484
f 3597 3598 3483
f 3484 3599 3485
f 3598 3599 3484
f 3485 3600 3486
f 3599 3600 3485
f 3486 3601 3487
f 3600 3601 3486
f 3487 3602 3488
f 3601 3602 3487
f 3488 3603 3489
f 3602 3603 3488
f 3489 3604 3490
f 3603 3604 3489
f 3490 3605 3491
f 3604 3605 3490
f 3491 3606 3492
f 3605 3606 3491
f 3492 3607 3493
f 3606 3607 3492
f 3494 3493 3607
f 3494 3607 3608
f 3611 3610 3609
f 3610 3585 3609
f 3585 3495 3609
f 3585 3472 3495
f 3608 3496 3494
f 3612 3496 3608
f 3611 3609 3497
f 3498 3611 3497
f 3613 3611 3498
f 3497 3609 3495
f 3612 3499 3496
f 3614 3499 3612
f 3500 3613 3498
f 3500 3615 3613
f 3614 3501 3499
f 3616 3501 3614
f 3502 3615 3500
f 3502 3617 3615
f 3616 3503 3501
f 3618 3503 3616
f 3504 3617 3502
f 3504 3619 3617
f 3618 3505 3503
f 3620 3505 3618
f 3506 3619 3504
f 3506 3621 3619
f 3620 3507 3505
f 3622 3507 3620
f 3508 3621 3506
f 3508 3623 3621
f 3622 3509 3507
f 3624 3509 3622
f 3510 3623 3508
f 3510 3625 3623
f 3624 3511 3509
f 3626 3511 3624
f 3512 3625 3510
f 3512 3627 3625
f 3626 3513 3511
f 3628 3513 3626
f 3514 3627 3512
f 3514 3629 3627
f 3628 3515 3513
f 3630 3515 3628
f 3631 3629 3514
f 3631 3514 3516
f 3632 3516 3517
f 3632 3631 3516
f 3633 3517 3518
f 3633 3632 3517
f 3634 3518 3519
f 3634 3633 3518
f 3635 3519 3520
f 3635 3634 3519
f 3636 3520 3521
f 3636 3635 3520
f 3637 3521 3522
f 3637 3636 3521
f 3638 3522 3523
f 3638 3637 3522
f 3639 3523 3524
f 3639 3638 3523
f 3640 3524 3525
f 3640 3639 3524
f 3641 3525 3526
f 3641 3640 3525
f 3642 3526 3527
f 3642 3641 3526
f 3643 3527 3528
f 3643 3642 3527
f 3644 3528 3529
f 3644 3643 3528
f 3645 3529 3530
f 3645 3644 3529
f 3646 3530 3531
f 3646 3645 3530
f 3647 3531 3532
f 3647 3646 3531
f 3648 3532 3533
f 3648 3647 3532
f 3649 3533 3534
f 3649 3648 3533
f 3650 3534 3535
f 3650 3649 3534
f 3651 3535 3536
f 3651 3650 3535
f 3536 3537 3651
f 3651 3537 3652
f 3630 3538 3515
f 3653 3538 3630
f 3654 3652 3537
f 3654 3537 3539
f 3539 3540 3654
f 3654 3540 3655
f 3653 3541 3538
f 3656 3541 3653
f 3542 3655 3540
f 3542 3657 3655
f 3656 3543 3541
f 3658 3543 3656
f 3660 3659 3544
f 3660 3544 3545
f 3542 3544 3657
f 3657 3544 3659
f 3658 3546 3543
f 3661 3546 3658
f 3547 3660 3545
f 3547 3662 3660
f 3661 3549 3546
f 3663 3549 3661
f 3550 3662 3547
f 3550 3664 3662
f 3663 3665 3549
f 3549 3665 3551
f 3552 3551 3665
f 3552 3665 3666
f 3553 3664 3550
f 3553 3667 3664
f 3666 3554 3552
f 3668 3554 3666
f 3555 3667 3553
f 3555 3669 3667
f 3671 3670 3557
f 3557 3670 3556
f 3557 3554 3668
f 3557 3668 3671
f 3558 3669 3555
f 3558 3672 3669
f 3670 3559 3556
f 3673 3559 3670
f 3674 3672 3558
f 3674 3558 3560
f 3560 3561 3674
f 3674 3561 3675
f 3673 3562 3559
f 3676 3562 3673
f 3563 3675 3561
f 3563 3677 3675
f 3676 3564 3562
f 3678 3564 3676
f 3679 3677 3563
f 3679 3563 3565
f 3565 3566 3679
f 3679 3566 3680
f 3682 3681 3568
f 3568 3681 3567
f 3568 3564 3678
f 3568 3678 3682
f 3683 3680 3566
f 3683 3566 3569
f 3684 3569 3570
f 3684 3683 3569
f 3685 3570 3571
f 3685 3684 3570
f 3686 3571 3572
f 3686 3685 3571
f 3687 3572 3573
f 3687 3686 3572
f 3688 3573 3574
f 3688 3687 3573
f 3574 3567 3681
f 3574 3681 3688
f 3690 3689 3575
f 3690 3575 3576
f 3575 3691 3577
f 3689 3691 3575
f 3577 3692 3578
f 3691 3692 3577
f 3578 3693 3579
f 3692 3693 3578
f 3579 3694 3580
f 3693 3694 3579
f 3580 3695 3581
f 3694 3695 3580
f 3583 3581 3695
f 3583 3695 3696
f 3698 3697 3584
f 3698 3584 3585
f 3584 3699 3586
f 3697 3699 3584
f 3576 3586 3690
f 3690 3586 3699
f 3696 3700 3583
f 3583 3700 3587
f 3587 3701 3588
f 3700 3701 3587
f 3588 3702 3589
f 3701 3702 3588
f 3589 3703 3590
f 3702 3703 3589
f 3590 3704 3591
f 3703 3704 3590
f 3591 3705 3592
f 3704 3705 3591
f 3592 3706 3593
f 3705 3706 3592
f 3593 3707 3594
f 3706 3707 3593
f 3594 3708 3595
f 3707 3708 3594
f 3595 3709 3596
f 3708 3709 3595
f 3596 3710 3597
f 3709 3710 3596
f 3597 3711 3598
f 3710 3711 3597
f 3598 3712 3599
f 3711 3712 3598
f 3599 3713 3600
f 3712 3713 3599
f 3600 3714 3601
f 3713 3714 3600
f 3601 3715 3602
f 3714 3715 3601
f 3602 3716 3603
f 3715 3716 3602
f 3603 3717 3604
f 3716 3717 3603
f 3604 3718 3605
f 3717 3718 3604
f 3605 3719 3606
f 3718 3719 3605
f 3606 3720 3607
f 3719 3720 3606
f 3608 3607 3720
f 3608 3720 3721
f 3723 3722 3610
f 3723 3610 3611
f 3585 3610 3698
f 3698 3610 3722
f 3721 3612 3608
f 3724 3612 3721
f 3613 3723 3611
f 3613 3725 3723
f 3724 3614 3612
f 3726 3614 3724
f 3615 3725 3613
f 3615 3727 3725
f 3726 3616 3614
f 3728 3616 3726
f 3617 3727 3615
f 3617 3729 3727
f 3728 3618 3616
f 3730 3618 3728
f 3619 3729 3617
f 3619 3731 3729
f 3730 3620 3618
f 3732 3620 3730
f 3621 3731 3619
f 3621 3733 3731
f 3732 3622 3620
f 3734 3622 3732
f 3623 3733 3621
f 3623 3735 3733
f 3734 3624 3622
f 3736 3624 3734
f 3625 3735 3623
f 3625 3737 3735
f 3736 3626 3624
f 3738 3626 3736
f 3627 3737 3625
f 3627 3739 3737
f 3738 3628 3626
f 3740 3628 3738
f 3629 3739 3627
f 3629 3741 3739
f 3740 3630 3628
f 3742 3630 3740
f 3743 3741 3629
f 3743 3629 3631
f 3744 3631 3632
f 3744 3743 3631
f 3745 3632 3633
f 3745 3744 3632
f 3746 3633 3634
f 3746 3745 3633
f 3747 3634 3635
f 3747 3746 3634
f 3748 3635 3636
f 3748 3747 3635
f 3749 3636 3637
f 3749 3748 3636
f 3750 3637 3638
f 3750 3749 3637
f 3751 3638 3639
f 3751 3750 3638
f 3752 3639 3640
f 3752 3751 3639
f 3753 3640 3641
f 3753 3752 3640
f 3754 3641 3642
f 3754 3753 3641
f 3755 3642 3643
f 3755 3754 3642
f 3756 3643 3644
f 3756 3755 3643
f 3757 3644 3645
f 3757 3756 3644
f 3758 3645 3646
f 3758 3757 3645
f 3759 3646 3647
f 3759 3758 3646
f 3760 3647 3648
f 3760 3759 3647
f 3761 3648 3649
f 3761 3760 3648
f 3762 3649 3650
f 3762 3761 3649
f 3763 3650 3651
f 3763 3762 3650
f 3651 3652 3763
f 3763 3652 3764
f 3742 3653 3630
f 3765 3653 3742
f 3766 3764 3652
f 3766 3652 3654
f 3654 3655 3766
f 3766 3655 3767
f 3765 3656 3653
f 3768 3656 3765
f 3657 3767 3655
f 3657 3769 3767
f 3768 3658 3656
f 3770 3658 3768
f 3772 3771 3659
f 3772 3659 3660
f 3657 3659 3769
f 3769 3659 3771
f 3770 3661 3658
f 3773 3661 3770
f 3662 3772 3660
f 3662 3774 3772
f 3773 3663 3661
f 3775 3663 3773
f 3664 3774 3662
f 3664 3776 3774
f 3775 3777 3663
f 3663 3777 3665
f 3666 3665 3777
f 3666 3777 3778
f 3667 3776 3664
f 3667 3779 3776
f 3778 3668 3666
f 3780 3668 3778
f 3669 3779 3667
f 3669 3781 3779
f 3783 3782 3671
f 3671 3782 3670
f 3671 3668 3780
f 3671 3780 3783
f 3672 3781 3669
f 3672 3784 3781
f 3782 3673 3670
f 3785 3673 3782
f 3786 3784 3672
f 3786 3672 3674
f 3674 3675 3786
f 3786 3675 3787
f 3785 3676 3673
f 3788 3676 3785
f 3677 3787 3675
f 3677 3789 3787
f 3788 3678 3676
f 3790 3678 3788
f 3791 3789 3677
f 3791 3677 3679
f 3679 3680 3791
f 3791 3680 3792
f 3794 3793 3682
f 3682 3793 3681
f 3682 3678 3790
f 3682 3790 3794
f 3795 3792 3680
f 3795 3680 3683
f 3796 3683 3684
f 3796 3795 3683
f 3797 3684 3685
f 3797 3796 3684
f 3798 3685 3686
f 3798 3797 3685
f 3799 3686 3687
f 3799 3798 3686
f 3800 3687 3688
f 3800 3799 3687
f 3688 3681 3793
f 3688 3793 3800
f 3802 3801 3689
f 3802 3689 3690
f 3689 3803 3691
f 3801 3803 3689
f 3691 3804 3692
f 3803 3804 3691
f 3692 3805 3693
f 3804 3805 3692
f 3693 3806 3694
f 3805 3806 3693
f 3694 3807 3695
f 3806 3807 3694
f 3696 3695 3807
f 3696 3807 3808
f 3810 3809 3697
f 3810 3697 3698
f 3697 3811 3699
f 3809 3811 3697
f 3690 3699 3802
f 3802 3699 3811
f 3808 3812 3696
f 3696 3812 3700
f 3700 3813 3701
f 3812 3813 3700
f 3701 3814 3702
f 3813 3814 3701
f 3702 3815 3703
f 3814 3815 3702
f 3703 3816 3704
f 3815 3816 3703
f 3704 3817 3705
f 3816 3817 3704
f 3705 3818 3706
f 3817 3818 3705
f 3706 3819 3707
f 3818 3819 3706
f 3707 3820 3708
f 3819 3820 3707
f 3708 3821 3709
f 3820 3821 3708
f 3709 3822 3710
f 3821 3822 3709
f 3710 3823 3711
f 3822 3823 3710
f 3711 3824 3712
f 3823 3824 3711
f 3712 3825 3713
f 3824 3825 3712
f 3713 3826 3714
f 3825 3826 3713
f 3714 3827 3715
f 3826 3827 3714
f 3715 3828 3716
f 3827 3828 3715
f 3716 3829 3717
f 3828 3829 3716
f 3717 3830 3718
f 3829 3830 3717
f 3718 3831 3719
f 3830 3831 3718
f 3719 3832 3720
f 3831 3832 3719
f 3721 3720 3832
f 3721 3832 3833
f 3835 3834 3722
f 3835 3722 3723
f 3698 3722 3810
f 3810 3722 3834
f 3833 3724 3721
f 3836 3724 3833
f 3725 3835 3723
f 3725 3837 3835
f 3836 3726 3724
f 3838 3726 3836
f 3727 3837 3725
f 3727 3839 3837
f 3838 3728 3726
f 3840 3728 3838
f 3729 3839 3727
f 3729 3841 3839
f 3840 3730 3728
f 3842 3730 3840
f 3731 3841 3729
f 3731 3843 3841
f 3842 3732 3730
f 3844 3732 3842
f 3733 3843 3731
f 3733 3845 3843
f 3844 3734 3732
f 3846 3734 3844
f 3735 3845 3733
f 3735 3847 3845
f 3846 3736 3734
f 3848 3736 3846
f 3737 3847 3735
f 3737 3849 3847
f 3848 3738 3736
f 3850 3738 3848
f 3739 3849 3737
f 3739 3851 3849
f 3850 3740 3738
f 3852 3740 3850
f 3741 3851 3739
f 3741 3853 3851
f 3852 3742 3740
f 3854 3742 3852
f 3855 3853 3741
f 3855 3741 3743
f 3856 3743 3744
f 3856 3855 3743
f 3857 3744 3745
f 3857 3856 3744
f 3858 3745 3746
f 3858 3857 3745
f 3859 3746 3747
f 3859 3858 3746
f 3860 3747 3748
f 3860 3859 3747
f 3861 3748 3749
f 3861 3860 3748
f 3862 3749 3750
f 3862 3861 3749
f 3863 3750 3751
f 3863 3862 3750
f 3864 3751 3752
f 3864 3863 3751
f 3865 3752 3753
f 3865 3864 3752
f 3866 3753 3754
f 3866 3865 3753
f 3867 3754 3755
f 3867 3866 3754
f 3868 3755 3756
f 3868 3867 3755
f 3869 3756 3757
f 3869 3868 3756
f 3870 3757 3758
f 3870 3869 3757
f 3871 3758 3759
f 3871 3870 3758
f 3872 3759 3760
f 3872 3871 3759
f 3873 3760 3761
f 3873 3872 3760
f 3874 3761 3762
f 3874 3873 3761
f 3875 3762 3763
f 3875 3874 3762
f 3763 3764 3875
f 3875 3764 3876
f 3854 3765 3742
f 3877 3765 3854
f 3878 3876 3764
f 3878 3764 3766
f 3766 3767 3878
f 3878 3767 3879
f 3877 3768 3765
f 3880 3768 3877
f 3769 3879 3767
f 3769 3881 3879
f 3880 3770 3768
f 3882 3770 3880
f 3884 3883 3771
f 3884 3771 3772
f 3769 3771 3881
f 3881 3771 3883
f 3882 3773 3770
f 3885 3773 3882
f 3774 3884 3772
f 3774 3886 3884
f 3885 3775 3773
f 3887 3775 3885
f 3776 3886 3774
f 3776 3888 3886
f 3887 3889 3775
f 3775 3889 3777
f 3778 3777 3889
f 3778 3889 3890
f 3779 3888 3776
f 3779 3891 3888
f 3890 3780 3778
f 3892 3780 3890
f 3781 3891 3779
f 3781 3893 3891
f 3895 3894 3783
f 3783 3894 3782
f 3783 3780 3892
f 3783 3892 3895
f 3784 3893 3781
f 3784 3896 3893
f 3894 3785 3782
f 3897 3785 3894
f 3898 3896 3784
f 3898 3784 3786
f 3786 3787 3898
f 3898 3787 3899
f 3897 3788 3785
f 3900 3788 3897
f 3789 3899 3787
f 3789 3901 3899
f 3900 3790 3788
f 3902 3790 3900
f 3789 3791 3903
f 3904 3789 3903
f 3901 3789 3904
f 3792 3903 3791
f 3906 3905 3794
f 3794 3905 3793
f 3794 3790 3902
f 3794 3902 3906
f 3907 3904 3903
f 3907 3903 3792
f 3795 3907 3792
f 3908 3907 3795
f 3909 3795 3796
f 3909 3908 3795
f 3910 3796 3797
f 3910 3909 3796
f 3911 3797 3798
f 3911 3910 3797
f 3912 3798 3799
f 3912 3911 3798
f 3913 3799 3800
f 3913 3912 3799
f 3800 3793 3905
f 3800 3905 3913
f 3915 3914 3801
f 3915 3801 3802
f 3801 3916 3803
f 3914 3916 3801
f 3803 3917 3804
f 3916 3917 3803
f 3804 3918 3805
f 3917 3918 3804
f 3805 3919 3806
f 3918 3919 3805
f 3806 3920 3807
f 3919 3920 3806
f 3808 3807 3920
f 3808 3920 3921
f 3923 3922 3809
f 3923 3809 3810
f 3809 3924 3811
f 3922 3924 3809
f 3802 3811 3915
f 3915 3811 3924
f 3921 3925 3808
f 3808 3925 3812
f 3812 3926 3813
f 3925 3926 3812
f 3813 3927 3814
f 3926 3927 3813
f 3814 3928 3815
f 3927 3928 3814
f 3815 3929 3816
f 3928 3929 3815
f 3816 3930 3817
f 3929 3930 3816
f 3817 3931 3818
f 3930 3931 3817
f 3818 3932 3819
f 3931 3932 3818
f 3819 3933 3820
f 3932 3933 3819
f 3820 3934 3821
f 3933 3934 3820
f 3821 3935 3822
f 3934 3935 3821
f 3822 3936 3823
f 3935 3936 3822
f 3823 3937 3824
f 3936 3937 3823
f 3824 3938 3825
f 3937 3938 3824
f 3825 3939 3826
f 3938 3939 3825
f 3826 3940 3827
f 3939 3940 3826
f 3827 3941 3828
f 3940 3941 3827
f 3828 3942 3829
f 3941 3942 3828
f 3829 3943 3830
f 3942 3943 3829
f 3830 3944 3831
f 3943 3944 3830
f 3831 3945 3832
f 3944 3945 3831
f 3833 3832 3945
f 3833 3945 3946
f 3948 3947 3834
f 3948 3834 3835
f 3810 3834 3923
f 3923 3834 3947
f 3946 3836 3833
f 3949 3836 3946
f 3837 3948 3835
f 3837 3950 3948
f 3949 3838 3836
f 3951 3838 3949
f 3839 3950 3837
f 3839 3952 3950
f 3951 3840 3838
f 3953 3840 3951
f 3841 3952 3839
f 3841 3954 3952
f 3953 3842 3840
f 3955 3842 3953
f 3843 3954 3841
f 3843 3956 3954
f 3955 3844 3842
f 3957 3844 3955
f 3845 3956 3843
f 3845 3958 3956
f 3957 3846 3844
f 3959 3846 3957
f 3847 3958 3845
f 3847 3960 3958
f 3959 3848 3846
f 3961 3848 3959
f 3849 3960 3847
f 3849 3962 3960
f 3961 3850 3848
f 3963 3850 3961
f 3851 3962 3849
f 3851 3964 3962
f 3963 3852 3850
f 3965 3852 3963
f 3853 3964 3851
f 3853 3966 3964
f 3965 3854 3852
f 3967 3854 3965
f 3968 3966 3853
f 3968 3853 3855
f 3969 3855 3856
f 3969 3968 3855
f 3970 3856 3857
f 3970 3969 3856
f 3971 3857 3858
f 3971 3970 3857
f 3972 3858 3859
f 3972 3971 3858
f 3973 3859 3860
f 3973 3972 3859
f 3974 3860 3861
f 3974 3973 3860
f 3975 3861 3862
f 3975 3974 3861
f 3976 3862 3863
f 3976 3975 3862
f 3977 3863 3864
f 3977 3976 3863
f 3978 3864 3865
f 3978 3977 3864
f 3979 3865 3866
f 3979 3978 3865
f 3980 3866 3867
f 3980 3979 3866
f 3981 3867 3868
f 3981 3980 3867
f 3982 3868 3869
f 3982 3981 3868
f 3983 3869 3870
f 3983 3982 3869
f 3984 3870 3871
f 3984 3983 3870
f 3985 3871 3872
f 3985 3984 3871
f 3986 3872 3873
f 3986 3985 3872
f 3987 3873 3874
f 3987 3986 3873
f 3988 3874 3875
f 3988 3987 3874
f 3875 3876 3988
f 3988 3876 3989
f 3967 3877 3854
f 3990 3877 3967
f 3991 3989 3876
f 3991 3876 3878
f 3878 3879 3991
f 3991 3879 3992
f 3990 3880 3877
f 3993 3880 3990
f 3881 3992 3879
f 3881 3994 3992
f 3993 3882 3880
f 3995 3882 3993
f 3997 3996 3883
f 3997 3883 3884
f 3881 3883 3994
f 3994 3883 3996
f 3995 3885 3882
f 3998 3885 3995
f 3886 3997 3884
f 3886 3999 3997
f 3998 3887 3885
f 4000 3887 3998
f 3888 3999 3886
f 3888 4001 3999
f 4000 4002 3887
f 3887 4002 3889
f 3890 3889 4002
f 3890 4002 4003
f 3891 4001 3888
f 3891 4004 4001
f 4003 3892 3890
f 4005 3892 4003
f 3893 4004 3891
f 3893 4006 4004
f 4008 4007 3895
f 3895 4007 3894
f 3895 3892 4005
f 3895 4005 4008
f 3896 4006 3893
f 3896 4009 4006
f 4007 3897 3894
f 4010 3897 4007
f 4011 4009 3896
f 4011 3896 3898
f 3898 3899 4011
f 4011 3899 4012
f 4010 3900 3897
f 4013 3900 4010
f 3901 4012 3899
f 3901 4014 4012
f 4013 3902 3900
f 4015 3902 4013
f 3904 4014 3901
f 3904 4016 4014
f 4018 4017 3906
f 3906 4017 3905
f 3906 3902 4015
f 3906 4015 4018
f 4019 4016 3904
f 4019 3904 3907
f 4020 3907 3908
f 4020 4019 3907
f 4021 3908 3909
f 4021 4020 3908
f 4022 3909 3910
f 4022 4021 3909
f 4023 3910 3911
f 4023 4022 3910
f 4024 3911 3912
f 4024 4023 3911
f 4025 3912 3913
f 4025 4024 3912
f 3913 3905 4017
f 3913 4017 4025
f 4027 4026 3914
f 4027 3914 3915
f 3914 4028 3916
f 4026 4028 3914
f 3916 4029 3917
f 4028 4029 3916
f 3917 4030 3918
f 4029 4030 3917
f 3918 4031 3919
f 4030 4031 3918
f 3919 4032 3920
f 4031 4032 3919
f 3921 3920 4032
f 3921 4032 4033
f 4035 4034 3922
f 4035 3922 3923
f 3922 4036 3924
f 4034 4036 3922
f 3915 3924 4027
f 4027 3924 4036
f 4033 4037 3921
f 3921 4037 3925
f 3925 4038 3926
f 4037 4038 3925
f 3926 4039 3927
f 4038 4039 3926
f 3927 4040 3928
f 4039 4040 3927
f 3928 4041 3929
f 4040 4041 3928
f 3929 4042 3930
f 4041 4042 3929
f 3930 4043 3931
f 4042 4043 3930
f 3931 4044 3932
f 4043 4044 3931
f 3932 4045 3933
f 4044 4045 3932
f 3933 4046 3934
f 4045 4046 3933
f 3934 4047 3935
f 4046 4047 3934
f 3935 4048 3936
f 4047 4048 3935
f 3936 4049 3937
f 4048 4049 3936
f 3937 4050 3938
f 4049 4050 3937
f 3938 4051 3939
f 4050 4051 3938
f 3939 4052 3940
f 4051 4052 3939
f 3940 4053 3941
f 4052 4053 3940
f 3941 4054 3942
f 4053 4054 3941
f 3942 4055 3943
f 4054 4055 3942
f 3943 4056 3944
f 4055 4056 3943
f 3944 4057 3945
f 4056 4057 3944
f 3946 3945 4057
f 3946 4057 4058
f 4060 4059 3947
f 4060 3947 3948
f 3923 3947 4035
f 4035 3947 4059
f 4058 3949 3946
f 4061 3949 4058
f 3950 4060 3948
f 3950 4062 4060
f 4061 3951 3949
f 4063 3951 4061
f 3952 4062 3950
f 3952 4064 4062
f 4063 3953 3951
f 4065 3953 4063
f 3954 4064 3952
f 3954 4066 4064
f 4065 3955 3953
f 4067 3955 4065
f 3956 4066 3954
f 3956 4068 4066
f 4067 3957 3955
f 4069 3957 4067
f 3958 4068 3956
f 3958 4070 4068
f 4069 3959 3957
f 4071 3959 4069
f 3960 4070 3958
f 3960 4072 4070
f 4071 3961 3959
f 4073 3961 4071
f 3962 4072 3960
f 3962 4074 4072
f 4073 3963 3961
f 4075 3963 4073
f 3964 4074 3962
f 3964 4076 4074
f 4075 3965 3963
f 4077 3965 4075
f 3966 4076 3964
f 3966 4078 4076
f 4077 3967 3965
f 4079 3967 4077
f 4080 4078 3966
f 4080 3966 3968
f 4081 3968 3969
f 4081 4080 3968
f 4082 3969 3970
f 4082 4081 3969
f 4083 3970 3971
f 4083 4082 3970
f 4084 3971 3972
f 4084 4083 3971
f 4085 3972 3973
f 4085 4084 3972
f 4086 3973 3974
f 4086 4085 3973
f 4087 3974 3975
f 4087 4086 3974
f 4088 3975 3976
f 4088 4087 3975
f 4089 3976 3977
f 4089 4088 3976
f 4090 3977 3978
f 4090 4089 3977
f 4091 3978 3979
f 4091 4090 3978
f 4092 3979 3980
f 4092 4091 3979
f 4093 3980 3981
f 4093 4092 3980
f 4094 3981 3982
f 4094 4093 3981
f 4095 3982 3983
f 4095 4094 3982
f 4096 3983 3984
f 4096 4095 3983
f 4097 3984 3985
f 4097 4096 3984
f 4098 3985 3986
f 4098 4097 3985
f 4099 3986 3987
f 4099 4098 3986
f 4100 3987 3988
f 4100 4099 3987
f 3988 3989 4100
f 4100 3989 4101
f 4079 3990 3967
f 4102 3990 4079
f 4103 4101 3989
f 4103 3989 3991
f 3991 3992 4103
f 4103 3992 4104
f 4102 3993 3990
f 4105 3993 4102
f 3994 4104 3992
f 3994 4106 4104
f 4105 3995 3993
f 4107 3995 4105
f 4109 4108 3996
f 4109 3996 3997
f 3994 3996 4106
f 4106 3996 4108
f 4107 3998 3995
f 4110 3998 4107
f 3999 4109 3997
f 3999 4111 4109
f 4110 4000 3998
f 4112 4000 4110
f 4001 4111 3999
f 4001 4113 4111
f 4112 4114 4000
f 4000 4114 4002
f 4003 4002 4114
f 4003 4114 4115
f 4004 4113 4001
f 4004 4116 4113
f 4115 4005 4003
f 4117 4005 4115
f 4006 4116 4004
f 4006 4118 4116
f 4120 4119 4008
f 4008 4119 4007
f 4008 4005 4117
f 4008 4117 4120
f 4009 4118 4006
f 4009 4121 4118
f 4119 4010 4007
f 4122 4010 4119
f 4123 4121 4009
f 4123 4009 4011
f 4011 4012 4123
f 4123 4012 4124
f 4122 4013 4010
f 4125 4013 4122
f 4014 4124 4012
f 4014 4126 4124
f 4125 4015 4013
f 4127 4015 4125
f 4016 4126 4014
f 4016 4128 4126
f 4130 4129 4018
f 4018 4129 4017
f 4018 4015 4127
f 4018 4127 4130
f 4131 4128 4016
f 4131 4016 4019
f 4132 4019 4020
f 4132 4131 4019
f 4133 4020 4021
f 4133 4132 4020
f 4134 4021 4022
f 4134 4133 4021
f 4135 4022 4023
f 4135 4134 4022
f 4136 4023 4024
f 4136 4135 4023
f 4137 4024 4025
f 4137 4136 4024
f 4025 4017 4129
f 4025 4129 4137
f 4139 4138 4026
f 4139 4026 4027
f 4026 4140 4028
f 4138 4140 4026
f 4028 4141 4029
f 4140 4141 4028
f 4029 4142 4030
f 4141 4142 4029
f 4030 4143 4031
f 4142 4143 4030
f 4031 4144 4032
f 4143 4144 4031
f 4033 4032 4144
f 4033 4144 4145
f 4147 4146 4034
f 4147 4034 4035
f 4034 4148 4036
f 4146 4148 4034
f 4027 4036 4139
f 4139 4036 4148
f 4145 4149 4033
f 4033 4149 4037
f 4037 4150 4038
f 4149 4150 4037
f 4038 4151 4039
f 4150 4151 4038
f 4039 4152 4040
f 4151 4152 4039
f 4040 4153 4041
f 4152 4153 4040
f 4041 4154 4042
f 4153 4154 4041
f 4042 4155 4043
f 4154 4155 4042
f 4043 4156 4044
f 4155 4156 4043
f 4044 4157 4045
f 4156 4157 4044
f 4045 4158 4046
f 4157 4158 4045
f 4046 4159 4047
f 4158 4159 4046
f 4047 4160 4048
f 4159 4160 4047
f 4048 4161 4049
f 4160 4161 4048
f 4049 4162 4050
f 4161 4162 4049
f 4050 4163 4051
f 4162 4163 4050
f 4051 4164 4052
f 4163 4164 4051
f 4052 4165 4053
f 4164 4165 4052
f 4053 4166 4054
f 4165 4166 4053
f 4054 4167 4055
f 4166 4167 4054
f 4055 4168 4056
f 4167 4168 4055
f 4056 4169 4057
f 4168 4169 4056
f 4058 4057 4169
f 4058 4169 4170
f 4172 4171 4059
f 4172 4059 4060
f 4035 4059 4147
f 4147 4059 4171
f 4170 4061 4058
f 4173 4061 4170
f 4062 4172 4060
f 4062 4174 4172
f 4173 4063 4061
f 4175 4063 4173
f 4064 4174 4062
f 4064 4176 4174
f 4175 4065 4063
f 4177 4065 4175
f 4066 4176 4064
f 4066 4178 4176
f 4177 4067 4065
f 4179 4067 4177
f 4068 4178 4066
f 4068 4180 4178
f 4179 4069 4067
f 4181 4069 4179
f 4070 4180 4068
f 4070 4182 4180
f 4181 4071 4069
f 4183 4071 4181
f 4072 4182 4070
f 4072 4184 4182
f 4183 4073 4071
f 4185 4073 4183
f 4074 4184 4072
f 4074 4186 4184
f 4185 4075 4073
f 4187 4075 4185
f 4076 4186 4074
f 4076 4188 4186
f 4187 4077 4075
f 4189 4077 4187
f 4078 4188 4076
f 4078 4190 4188
f 4189 4079 4077
f 4191 4079 4189
f 4192 4190 4078
f 4192 4078 4080
f 4193 4080 4081
f 4193 4192 4080
f 4194 4081 4082
f 4194 4193 4081
f 4195 4082 4083
f 4195 4194 4082
f 4196 4083 4084
f 4196 4195 4083
f 4197 4084 4085
f 4197 4196 4084
f 4198 4085 4086
f 4198 4197 4085
f 4199 4086 4087
f 4199 4198 4086
f 4200 4087 4088
f 4200 4199 4087
f 4201 4088 4089
f 4201 4200 4088
f 4202 4089 4090
f 4202 4201 4089
f 4203 4090 4091
f 4203 4202 4090
f 4204 4091 4092
f 4204 4203 4091
f 4205 4092 4093
f 4205 4204 4092
f 4206 4093 4094
f 4206 4205 4093
f 4207 4094 4095
f 4207 4206 4094
f 4208 4095 4096
f 4208 4207 4095
f 4209 4096 4097
f 4209 4208 4096
f 4210 4097 4098
f 4210 4209 4097
f 4211 4098 4099
f 4211 4210 4098
f 4212 4099 4100
f 4212 4211 4099
f 4100 4101 4212
f 4212 4101 4213
f 4191 4102 4079
f 4214 4102 4191
f 4215 4213 4101
f 4215 4101 4103
f 4103 4104 4215
f 4215 4104 4216
f 4214 4105 4102
f 4217 4105 4214
f 4106 4216 4104
f 4106 4218 4216
f 4217 4107 4105
f 4219 4107 4217
f 4221 4220 4108
f 4221 4108 4109
f 4106 4108 4218
f 4218 4108 4220
f 4219 4110 4107
f 4222 4110 4219
f 4111 4221 4109
f 4111 4223 4221
f 4222 4112 4110
f 4224 4112 4222
f 4113 4223 4111
f 4113 4225 4223
f 4224 4226 4112
f 4112 4226 4114
f 4115 4114 4226
f 4115 4226 4227
f 4116 4225 4113
f 4116 4228 4225
f 4227 4117 4115
f 4229 4117 4227
f 4118 4228 4116
f 4118 4230 4228
f 4232 4231 4120
f 4120 4231 4119
f 4120 4117 4229
f 4120 4229 4232
f 4121 4230 4118
f 4121 4233 4230
f 4231 4122 4119
f 4234 4122 4231
f 4235 4233 4121
f 4235 4121 4123
f 4123 4124 4235
f 4235 4124 4236
f 4234 4125 4122
f 4237 4125 4234
f 4126 4236 4124
f 4126 4238 4236
f 4237 4127 4125
f 4239 4127 4237
f 4128 4238 4126
f 4128 4240 4238
f 4242 4241 4130
f 4130 4241 4129
f 4130 4127 4239
f 4130 4239 4242
f 4243 4240 4128
f 4243 4128 4131
f 4244 4131 4132
f 4244 4243 4131
f 4245 4132 4133
f 4245 4244 4132
f 4246 4133 4134
f 4246 4245 4133
f 4247 4134 4135
f 4247 4246 4134
f 4248 4135 4136
f 4248 4247 4135
f 4249 4136 4137
f 4249 4248 4136
f 4137 4129 4241
f 4137 4241 4249
f 4251 4250 4138
f 4251 4138 4139
f 4138 4252 4140
f 4250 4252 4138
f 4140 4253 4141
f 4252 4253 4140
f 4141 4254 4142
f 4253 4254 4141
f 4142 4255 4143
f 4254 4255 4142
f 4255 4257 4256
f 4144 4255 4256
f 4143 4255 4144
f 4256 4145 4144
f 4259 4258 4146
f 4259 4146 4147
f 4146 4260 4148
f 4258 4260 4146
f 4139 4148 4251
f 4251 4148 4260
f 4257 4261 4256
f 4256 4261 4145
f 4261 4149 4145
f 4261 4262 4149
f 4149 4263 4150
f 4262 4263 4149
f 4150 4264 4151
f 4263 4264 4150
f 4151 4265 4152
f 4264 4265 4151
f 4152 4266 4153
f 4265 4266 4152
f 4153 4267 4154
f 4266 4267 4153
f 4154 4268 4155
f 4267 4268 4154
f 4155 4269 4156
f 4268 4269 4155
f 4156 4270 4157
f 4269 4270 4156
f 4157 4271 4158
f 4270 4271 4157
f 4158 4272 4159
f 4271 4272 4158
f 4159 4273 4160
f 4272 4273 4159
f 4160 4274 4161
f 4273 4274 4160
f 4161 4275 4162
f 4274 4275 4161
f 4162 4276 4163
f 4275 4276 4162
f 4163 4277 4164
f 4276 4277 4163
f 4164 4278 4165
f 4277 4278 4164
f 4165 4279 4166
f 4278 4279 4165
f 4166 4280 4167
f 4279 4280 4166
f 4167 4281 4168
f 4280 4281 4167
f 4168 4282 4169
f 4281 4282 4168
f 4170 4169 4282
f 4170 4282 4283
f 4285 4284 4171
f 4285 4171 4172
f 4147 4171 4259
f 4259 4171 4284
f 4283 4173 4170
f 4286 4173 4283
f 4174 4285 4172
f 4174 4287 4285
f 4286 4175 4173
f 4288 4175 4286
f 4176 4287 4174
f 4176 4289 4287
f 4288 4177 4175
f 4290 4177 4288
f 4178 4289 4176
f 4178 4291 4289
f 4290 4179 4177
f 4292 4179 4290
f 4180 4291 4178
f 4180 4293 4291
f 4292 4181 4179
f 4294 4181 4292
f 4182 4293 4180
f 4182 4295 4293
f 4294 4183 4181
f 4296 4183 4294
f 4184 4295 4182
f 4184 4297 4295
f 4296 4185 4183
f 4298 4185 4296
f 4186 4297 4184
f 4186 4299 4297
f 4298 4187 4185
f 4300 4187 4298
f 4188 4299 4186
f 4188 4301 4299
f 4300 4189 4187
f 4302 4189 4300
f 4190 4301 4188
f 4190 4303 4301
f 4302 4191 4189
f 4304 4191 4302
f 4305 4303 4190
f 4305 4190 4192
f 4306 4192 4193
f 4306 4305 4192
f 4307 4193 4194
f 4307 4306 4193
f 4308 4194 4195
f 4308 4307 4194
f 4309 4195 4196
f 4309 4308 4195
f 4310 4196 4197
f 4310 4309 4196
f 4311 4197 4198
f 4311 4310 4197
f 4312 4198 4199
f 4312 4311 4198
f 4313 4199 4200
f 4313 4312 4199
f 4314 4200 4201
f 4314 4313 4200
f 4315 4201 4202
f 4315 4314 4201
f 4316 4202 4203
f 4316 4315 4202
f 4317 4203 4204
f 4317 4316 4203
f 4318 4204 4205
f 4318 4317 4204
f 4319 4205 4206
f 4319 4318 4205
f 4320 4206 4207
f 4320 4319 4206
f 4321 4207 4208
f 4321 4320 4207
f 4322 4208 4209
f 4322 4321 4208
f 4323 4209 4210
f 4323 4322 4209
f 4324 4210 4211
f 4324 4323 4210
f 4325 4211 4212
f 4325 4324 4211
f 4212 4213 4325
f 4325 4213 4326
f 4304 4214 4191
f 4327 4214 4304
f 4328 4326 4213
f 4328 4213 4215
f 4215 4216 4328
f 4328 4216 4329
f 4327 4217 4214
f 4330 4217 4327
f 4218 4329 4216
f 4218 4331 4329
f 4330 4219 4217
f 4332 4219 4330
f 4334 4333 4220
f 4334 4220 4221
f 4218 4220 4331
f 4331 4220 4333
f 4332 4222 4219
f 4335 4222 4332
f 4223 4334 4221
f 4223 4336 4334
f 4335 4224 4222
f 4337 4224 4335
f 4225 4336 4223
f 4225 4338 4336
f 4337 4339 4224
f 4224 4339 4226
f 4227 4226 4339
f 4227 4339 4340
f 4228 4338 4225
f 4228 4341 4338
f 4340 4229 4227
f 4342 4229 4340
f 4230 4341 4228
f 4230 4343 4341
f 4345 4344 4232
f 4232 4344 4231
f 4232 4229 4342
f 4232 4342 4345
f 4233 4343 4230
f 4233 4346 4343
f 4344 4234 4231
f 4347 4234 4344
f 4348 4346 4233
f 4348 4233 4235
f 4235 4236 4348
f 4348 4236 4349
f 4347 4237 4234
f 4350 4237 4347
f 4238 4349 4236
f 4238 4351 4349
f 4350 4239 4237
f 4352 4239 4350
f 4240 4351 4238
f 4240 4353 4351
f 4355 4354 4242
f 4242 4354 4241
f 4242 4239 4352
f 4242 4352 4355
f 4356 4353 4240
f 4356 4240 4243
f 4357 4243 4244
f 4357 4356 4243
f 4358 4244 4245
f 4358 4357 4244
f 4359 4245 4246
f 4359 4358 4245
f 4360 4246 4247
f 4360 4359 4246
f 4361 4247 4248
f 4361 4360 4247
f 4362 4248 4249
f 4362 4361 4248
f 4249 4241 4354
f 4249 4354 4362
f 4364 4363 4250
f 4364 4250 4251
f 4250 4365 4252
f 4363 4365 4250
f 4252 4366 4253
f 4365 4366 4252
f 4253 4367 4254
f 4366 4367 4253
f 4254 4368 4255
f 4367 4368 4254
f 4257 4255 4368
f 4257 4368 4369
f 4371 4370 4258
f 4371 4258 4259
f 4258 4372 4260
f 4370 4372 4258
f 4251 4260 4364
f 4364 4260 4372
f 4369 4373 4257
f 4257 4373 4261
f 4261 4374 4262
f 4373 4374 4261
f 4262 4375 4263
f 4374 4375 4262
f 4263 4376 4264
f 4375 4376 4263
f 4264 4377 4265
f 4376 4377 4264
f 4265 4378 4266
f 4377 4378 4265
f 4266 4379 4267
f 4378 4379 4266
f 4267 4380 4268
f 4379 4380 4267
f 4268 4381 4269
f 4380 4381 4268
f 4269 4382 4270
f 4381 4382 4269
f 4270 4383 4271
f 4382 4383 4270
f 4271 4384 4272
f 4383 4384 4271
f 4272 4385 4273
f 4384 4385 4272
f 4273 4386 4274
f 4385 4386 4273
f 4274 4387 4275
f 4386 4387 4274
f 4275 4388 4276
f 4387 4388 4275
f 4276 4389 4277
f 4388 4389 4276
f 4277 4390 4278
f 4389 4390 4277
f 4278 4391 4279
f 4390 4391 4278
f 4279 4392 4280
f 4391 4392 4279
f 4280 4393 4281
f 4392 4393 4280
f 4281 4394 4282
f 4393 4394 4281
f 4283 4282 4394
f 4283 4394 4395
f 4397 4396 4284
f 4397 4284 4285
f 4259 4284 4371
f 4371 4284 4396
f 4395 4286 4283
f 4398 4286 4395
f 4287 4397 4285
f 4287 4399 4397
f 4398 4288 4286
f 4400 4288 4398
f 4289 4399 4287
f 4289 4401 4399
f 4400 4290 4288
f 4402 4290 4400
f 4291 4401 4289
f 4291 4403 4401
f 4402 4292 4290
f 4404 4292 4402
f 4293 4403 4291
f 4293 4405 4403
f 4404 4294 4292
f 4406 4294 4404
f 4295 4405 4293
f 4295 4407 4405
f 4406 4296 4294
f 4408 4296 4406
f 4297 4407 4295
f 4297 4409 4407
f 4408 4298 4296
f 4410 4298 4408
f 4299 4409 4297
f 4299 4411 4409
f 4410 4300 4298
f 4412 4300 4410
f 4301 4411 4299
f 4301 4413 4411
f 4412 4302 4300
f 4414 4302 4412
f 4303 4413 4301
f 4303 4415 4413
f 4414 4304 4302
f 4416 4304 4414
f 4417 4415 4303
f 4417 4303 4305
f 4418 4305 4306
f 4418 4417 4305
f 4419 4306 4307
f 4419 4418 4306
f 4420 4307 4308
f 4420 4419 4307
f 4421 4308 4309
f 4421 4420 4308
f 4422 4309 4310
f 4422 4421 4309
f 4423 4310 4311
f 4423 4422 4310
f 4424 4311 4312
f 4424 4423 4311
f 4425 4312 4313
f 4425 4424 4312
f 4426 4313 4314
f 4426 4425 4313
f 4427 4314 4315
f 4427 4426 4314
f 4428 4315 4316
f 4428 4427 4315
f 4429 4316 4317
f 4429 4428 4316
f 4430 4317 4318
f 4430 4429 4317
f 4431 4318 4319
f 4431 4430 4318
f 4432 4319 4320
f 4432 4431 4319
f 4433 4320 4321
f 4433 4432 4320
f 4434 4321 4322
f 4434 4433 4321
f 4435 4322 4323
f 4435 4434 4322
f 4436 4323 4324
f 4436 4435 4323
f 4437 4324 4325
f 4437 4436 4324
f 4325 4326 4437
f 4437 4326 4438
f 4416 4327 4304
f 4439 4327 4416
f 4440 4438 4326
f 4440 4326 4328
f 4328 4329 4440
f 4440 4329 4441
f 4439 4330 4327
f 4442 4330 4439
f 4331 4441 4329
f 4331 4443 4441
f 4442 4332 4330
f 4444 4332 4442
f 4446 4445 4333
f 4446 4333 4334
f 4331 4333 4443
f 4443 4333 4445
f 4444 4335 4332
f 4447 4335 4444
f 4336 4446 4334
f 4336 4448 4446
f 4447 4337 4335
f 4449 4337 4447
f 4338 4448 4336
f 4338 4450 4448
f 4449 4451 4337
f 4337 4451 4339
f 4340 4339 4451
f 4340 4451 4452
f 4341 4450 4338
f 4341 4453 4450
f 4452 4342 4340
f 4454 4342 4452
f 4343 4453 4341
f 4343 4455 4453
f 4456 4344 4345
f 4457 4456 4345
f 4342 4457 4345
f 4454 4457 4342
f 4346 4455 4343
f 4346 4458 4455
f 4460 4459 4456
f 4459 4344 4456
f 4459 4347 4344
f 4460 4456 4457
f 4461 4458 4346
f 4461 4346 4348
f 4348 4349 4461
f 4461 4349 4462
f 4459 4350 4347
f 4463 4350 4459
f 4351 4462 4349
f 4351 4464 4462
f 4463 4352 4350
f 4465 4352 4463
f 4353 4464 4351
f 4353 4466 4464
f 4468 4467 4355
f 4355 4467 4354
f 4355 4352 4465
f 4355 4465 4468
f 4469 4466 4353
f 4469 4353 4356
f 4470 4356 4357
f 4470 4469 4356
f 4471 4357 4358
f 4471 4470 4357
f 4472 4358 4359
f 4472 4471 4358
f 4473 4359 4360
f 4473 4472 4359
f 4474 4360 4361
f 4474 4473 4360
f 4475 4361 4362
f 4475 4474 4361
f 4362 4354 4467
f 4362 4467 4475
f 4364 4476 4363
f 4363 4476 4477
f 4478 4363 4477
f 4365 4363 4478
f 4365 4479 4366
f 4478 4479 4365
f 4366 4480 4367
f 4479 4480 4366
f 4367 4481 4368
f 4480 4481 4367
f 4369 4368 4481
f 4369 4481 4482
f 4484 4483 4370
f 4484 4370 4371
f 4370 4485 4372
f 4483 4485 4370
f 4364 4372 4476
f 4372 4486 4476
f 4372 4485 4486
f 4476 4486 4477
f 4482 4487 4369
f 4369 4487 4373
f 4373 4488 4374
f 4487 4488 4373
f 4374 4489 4375
f 4488 4489 4374
f 4375 4490 4376
f 4489 4490 4375
f 4376 4491 4377
f 4490 4491 4376
f 4377 4492 4378
f 4491 4492 4377
f 4378 4493 4379
f 4492 4493 4378
f 4379 4494 4380
f 4493 4494 4379
f 4380 4495 4381
f 4494 4495 4380
f 4381 4496 4382
f 4495 4496 4381
f 4382 4497 4383
f 4496 4497 4382
f 4383 4498 4384
f 4497 4498 4383
f 4384 4499 4385
f 4498 4499 4384
f 4385 4500 4386
f 4499 4500 4385
f 4386 4501 4387
f 4500 4501 4386
f 4387 4502 4388
f 4501 4502 4387
f 4388 4503 4389
f 4502 4503 4388
f 4389 4504 4390
f 4503 4504 4389
f 4390 4505 4391
f 4504 4505 4390
f 4391 4506 4392
f 4505 4506 4391
f 4392 4507 4393
f 4506 4507 4392
f 4393 4508 4394
f 4507 4508 4393
f 4395 4394 4508
f 4395 4508 4509
f 4511 4510 4396
f 4511 4396 4397
f 4371 4396 4484
f 4484 4396 4510
f 4509 4398 4395
f 4512 4398 4509
f 4399 4511 4397
f 4399 4513 4511
f 4512 4400 4398
f 4514 4400 4512
f 4401 4513 4399
f 4401 4515 4513
f 4514 4402 4400
f 4516 4402 4514
f 4403 4515 4401
f 4403 4517 4515
f 4516 4404 4402
f 4518 4404 4516
f 4405 4517 4403
f 4405 4519 4517
f 4518 4406 4404
f 4520 4406 4518
f 4407 4519 4405
f 4407 4521 4519
f 4520 4408 4406
f 4522 4408 4520
f 4409 4521 4407
f 4409 4523 4521
f 4522 4410 4408
f 4524 4410 4522
f 4411 4523 4409
f 4411 4525 4523
f 4524 4412 4410
f 4526 4412 4524
f 4413 4525 4411
f 4413 4527 4525
f 4526 4414 4412
f 4528 4414 4526
f 4415 4527 4413
f 4415 4529 4527
f 4528 4416 4414
f 4530 4416 4528
f 4531 4529 4415
f 4531 4415 4417
f 4532 4417 4418
f 4532 4531 4417
f 4533 4418 4419
f 4533 4532 4418
f 4534 4419 4420
f 4534 4533 4419
f 4535 4420 4421
f 4535 4534 4420
f 4536 4421 4422
f 4536 4535 4421
f 4537 4422 4423
f 4537 4536 4422
f 4538 4423 4424
f 4538 4537 4423
f 4539 4424 4425
f 4539 4538 4424
f 4540 4425 4426
f 4540 4539 4425
f 4541 4426 4427
f 4541 4540 4426
f 4542 4427 4428
f 4542 4541 4427
f 4543 4428 4429
f 4543 4542 4428
f 4544 4429 4430
f 4544 4543 4429
f 4545 4430 4431
f 4545 4544 4430
f 4546 4431 4432
f 4546 4545 4431
f 4547 4432 4433
f 4547 4546 4432
f 4548 4433 4434
f 4548 4547 4433
f 4549 4434 4435
f 4549 4548 4434
f 4550 4435 4436
f 4550 4549 4435
f 4551 4436 4437
f 4551 4550 4436
f 4437 4438 4551
f 4551 4438 4552
f 4530 4439 4416
f 4553 4439 4530
f 4554 4552 4438
f 4554 4438 4440
f 4440 4441 4554
f 4554 4441 4555
f 4553 4442 4439
f 4556 4442 4553
f 4443 4555 4441
f 4443 4557 4555
f 4556 4444 4442
f 4558 4444 4556
f 4560 4559 4445
f 4560 4445 4446
f 4443 4445 4557
f 4557 4445 4559
f 4558 4447 4444
f 4561 4447 4558
f 4448 4560 4446
f 4448 4562 4560
f 4561 4449 4447
f 4563 4449 4561
f 4450 4562 4448
f 4450 4564 4562
f 4563 4565 4449
f 4449 4565 4451
f 4452 4451 4565
f 4452 4565 4566
f 4453 4564 4450
f 4453 4567 4564
f 4566 4454 4452
f 4568 4454 4566
f 4455 4567 4453
f 4455 4569 4567
f 4568 4457 4454
f 4570 4457 4568
f 4458 4569 4455
f 4458 4571 4569
f 4573 4572 4460
f 4460 4572 4459
f 4460 4457 4570
f 4460 4570 4573
f 4574 4571 4458
f 4574 4458 4461
f 4461 4462 4574
f 4574 4462 4575
f 4572 4463 4459
f 4576 4463 4572
f 4464 4575 4462
f 4464 4577 4575
f 4576 4465 4463
f 4578 4465 4576
f 4466 4577 4464
f 4466 4579 4577
f 4581 4580 4468
f 4468 4580 4467
f 4468 4465 4578
f 4468 4578 4581
f 4582 4579 4466
f 4582 4466 4469
f 4583 4469 4470
f 4583 4582 4469
f 4584 4470 4471
f 4584 4583 4470
f 4585 4471 4472
f 4585 4584 4471
f 4586 4472 4473
f 4586 4585 4472
f 4587 4473 4474
f 4587 4586 4473
f 4588 4474 4475
f 4588 4587 4474
f 4475 4467 4580
f 4475 4580 4588
f 4590 4589 4478
f 4590 4478 4477
f 4478 4591 4479
f 4589 4591 4478
f 4479 4592 4480
f 4591 4592 4479
f 4592 4594 4593
f 4481 4592 4593
f 4480 4592 4481
f 4593 4482 4481
f 4596 4595 4483
f 4596 4483 4484
f 4483 4597 4485
f 4595 4597 4483
f 4485 4598 4486
f 4597 4598 4485
f 4477 4486 4590
f 4590 4486 4598
f 4594 4599 4593
f 4593 4599 4482
f 4599 4487 4482
f 4599 4600 4487
f 4487 4601 4488
f 4600 4601 4487
f 4488 4602 4489
f 4601 4602 4488
f 4489 4603 4490
f 4602 4603 4489
f 4490 4604 4491
f 4603 4604 4490
f 4491 4605 4492
f 4604 4605 4491
f 4492 4606 4493
f 4605 4606 4492
f 4493 4607 4494
f 4606 4607 4493
f 4494 4608 4495
f 4607 4608 4494
f 4495 4609 4496
f 4608 4609 4495
f 4496 4610 4497
f 4609 4610 4496
f 4497 4611 4498
f 4610 4611 4497
f 4498 4612 4499
f 4611 4612 4498
f 4499 4613 4500
f 4612 4613 4499
f 4500 4614 4501
f 4613 4614 4500
f 4501 4615 4502
f 4614 4615 4501
f 4502 4616 4503
f 4615 4616 4502
f 4503 4617 4504
f 4616 4617 4503
f 4504 4618 4505
f 4617 4618 4504
f 4505 4619 4506
f 4618 4619 4505
f 4506 4620 4507
f 4619 4620 4506
f 4507 4621 4508
f 4620 4621 4507
f 4509 4508 4621
f 4509 4621 4622
f 4624 4623 4510
f 4624 4510 4511
f 4484 4510 4596
f 4596 4510 4623
f 4622 4512 4509
f 4625 4512 4622
f 4513 4624 4511
f 4513 4626 4624
f 4625 4514 4512
f 4627 4514 4625
f 4515 4626 4513
f 4515 4628 4626
f 4627 4516 4514
f 4629 4516 4627
f 4517 4628 4515
f 4517 4630 4628
f 4629 4518 4516
f 4631 4518 4629
f 4519 4630 4517
f 4519 4632 4630
f 4631 4520 4518
f 4633 4520 4631
f 4521 4632 4519
f 4521 4634 4632
f 4633 4522 4520
f 4635 4522 4633
f 4523 4634 4521
f 4523 4636 4634
f 4635 4524 4522
f 4637 4524 4635
f 4525 4636 4523
f 4525 4638 4636
f 4637 4526 4524
f 4639 4526 4637
f 4527 4638 4525
f 4527 4640 4638
f 4639 4528 4526
f 4641 4528 4639
f 4529 4640 4527
f 4529 4642 4640
f 4641 4530 4528
f 4643 4530 4641
f 4644 4642 4529
f 4644 4529 4531
f 4645 4531 4532
f 4645 4644 4531
f 4646 4532 4533
f 4646 4645 4532
f 4647 4533 4534
f 4647 4646 4533
f 4648 4534 4535
f 4648 4647 4534
f 4649 4535 4536
f 4649 4648 4535
f 4650 4536 4537
f 4650 4649 4536
f 4651 4537 4538
f 4651 4650 4537
f 4652 4538 4539
f 4652 4651 4538
f 4653 4539 4540
f 4653 4652 4539
f 4654 4540 4541
f 4654 4653 4540
f 4655 4541 4542
f 4655 4654 4541
f 4656 4542 4543
f 4656 4655 4542
f 4657 4543 4544
f 4657 4656 4543
f 4658 4544 4545
f 4658 4657 4544
f 4659 4545 4546
f 4659 4658 4545
f 4660 4546 4547
f 4660 4659 4546
f 4661 4547 4548
f 4661 4660 4547
f 4662 4548 4549
f 4662 4661 4548
f 4663 4549 4550
f 4663 4662 4549
f 4664 4550 4551
f 4664 4663 4550
f 4551 4552 4664
f 4664 4552 4665
f 4643 4553 4530
f 4666 4553 4643
f 4667 4665 4552
f 4667 4552 4554
f 4554 4555 4667
f 4667 4555 4668
f 4666 4556 4553
f 4669 4556 4666
f 4557 4668 4555
f 4557 4670 4668
f 4669 4558 4556
f 4671 4558 4669
f 4673 4672 4559
f 4673 4559 4560
f 4557 4559 4670
f 4670 4559 4672
f 4671 4561 4558
f 4674 4561 4671
f 4562 4673 4560
f 4562 4675 4673
f 4674 4563 4561
f 4676 4563 4674
f 4564 4675 4562
f 4564 4677 4675
f 4676 4678 4563
f 4563 4678 4565
f 4566 4565 4678
f 4566 4678 4679
f 4567 4677 4564
f 4567 4680 4677
f 4679 4568 4566
f 4681 4568 4679
f 4569 4680 4567
f 4569 4682 4680
f 4681 4570 4568
f 4683 4570 4681
f 4571 4682 4569
f 4571 4684 4682
f 4686 4685 4573
f 4573 4685 4572
f 4573 4570 4683
f 4573 4683 4686
f 4687 4684 4571
f 4687 4571 4574
f 4574 4575 4687
f 4687 4575 4688
f 4685 4576 4572
f 4689 4576 4685
f 4577 4688 4575
f 4577 4690 4688
f 4689 4578 4576
f 4691 4578 4689
f 4579 4693 4692
f 4690 4579 4692
f 4577 4579 4690
f 4693 4694 4692
f 4696 4695 4581
f 4581 4695 4580
f 4581 4578 4691
f 4581 4691 4696
f 4582 4693 4579
f 4697 4694 4693
f 4582 4697 4693
f 4583 4697 4582
f 4698 4583 4584
f 4698 4697 4583
f 4699 4584 4585
f 4699 4698 4584
f 4700 4585 4586
f 4700 4699 4585
f 4701 4586 4587
f 4701 4700 4586
f 4702 4587 4588
f 4702 4701 4587
f 4588 4580 4695
f 4588 4695 4702
f 4590 4703 4589
f 4589 4703 4704
f 4705 4589 4704
f 4591 4589 4705
f 4705 4707 4706
f 4592 4705 4706
f 4591 4705 4592
f 4706 4594 4592
f 4709 4708 4595
f 4709 4595 4596
f 4595 4710 4597
f 4708 4710 4595
f 4597 4711 4598
f 4710 4711 4597
f 4590 4598 4703
f 4598 4712 4703
f 4598 4711 4712
f 4703 4712 4704
f 4707 4713 4706
f 4706 4713 4594
f 4713 4599 4594
f 4713 4714 4599
f 4599 4715 4600
f 4714 4715 4599
f 4600 4716 4601
f 4715 4716 4600
f 4601 4717 4602
f 4716 4717 4601
f 4602 4718 4603
f 4717 4718 4602
f 4603 4719 4604
f 4718 4719 4603
f 4604 4720 4605
f 4719 4720 4604
f 4605 4721 4606
f 4720 4721 4605
f 4606 4722 4607
f 4721 4722 4606
f 4607 4723 4608
f 4722 4723 4607
f 4608 4724 4609
f 4723 4724 4608
f 4609 4725 4610
f 4724 4725 4609
f 4610 4726 4611
f 4725 4726 4610
f 4611 4727 4612
f 4726 4727 4611
f 4612 4728 4613
f 4727 4728 4612
f 4613 4729 4614
f 4728 4729 4613
f 4614 4730 4615
f 4729 4730 4614
f 4615 4731 4616
f 4730 4731 4615
f 4616 4732 4617
f 4731 4732 4616
f 4617 4733 4618
f 4732 4733 4617
f 4618 4734 4619
f 4733 4734 4618
f 4619 4735 4620
f 4734 4735 4619
f 4620 4736 4621
f 4735 4736 4620
f 4622 4621 4736
f 4622 4736 4737
f 4739 4738 4623
f 4739 4623 4624
f 4596 4623 4709
f 4709 4623 4738
f 4737 4625 4622
f 4740 4625 4737
f 4626 4739 4624
f 4626 4741 4739
f 4740 4627 4625
f 4742 4627 4740
f 4628 4741 4626
f 4628 4743 4741
f 4742 4629 4627
f 4744 4629 4742
f 4630 4743 4628
f 4630 4745 4743
f 4744 4631 4629
f 4746 4631 4744
f 4632 4745 4630
f 4632 4747 4745
f 4746 4633 4631
f 4748 4633 4746
f 4634 4747 4632
f 4634 4749 4747
f 4748 4635 4633
f 4750 4635 4748
f 4636 4749 4634
f 4636 4751 4749
f 4750 4637 4635
f 4752 4637 4750
f 4638 4751 4636
f 4638 4753 4751
f 4752 4639 4637
f 4754 4639 4752
f 4640 4753 4638
f 4640 4755 4753
f 4754 4641 4639
f 4756 4641 4754
f 4642 4755 4640
f 4642 4757 4755
f 4756 4643 4641
f 4758 4643 4756
f 4759 4757 4642
f 4759 4642 4644
f 4760 4644 4645
f 4760 4759 4644
f 4761 4645 4646
f 4761 4760 4645
f 4762 4646 4647
f 4762 4761 4646
f 4763 4647 4648
f 4763 4762 4647
f 4764 4648 4649
f 4764 4763 4648
f 4765 4649 4650
f 4765 4764 4649
f 4766 4650 4651
f 4766 4765 4650
f 4767 4651 4652
f 4767 4766 4651
f 4768 4652 4653
f 4768 4767 4652
f 4769 4653 4654
f 4769 4768 4653
f 4770 4654 4655
f 4770 4769 4654
f 4771 4655 4656
f 4771 4770 4655
f 4772 4656 4657
f 4772 4771 4656
f 4773 4657 4658
f 4773 4772 4657
f 4774 4658 4659
f 4774 4773 4658
f 4775 4659 4660
f 4775 4774 4659
f 4776 4660 4661
f 4776 4775 4660
f 4777 4661 4662
f 4777 4776 4661
f 4778 4662 4663
f 4778 4777 4662
f 4779 4663 4664
f 4779 4778 4663
f 4664 4665 4779
f 4779 4665 4780
f 4758 4666 4643
f 4781 4666 4758
f 4782 4780 4665
f 4782 4665 4667
f 4667 4668 4782
f 4782 4668 4783
f 4781 4669 4666
f 4784 4669 4781
f 4670 4783 4668
f 4670 4785 4783
f 4784 4671 4669
f 4786 4671 4784
f 4788 4787 4672
f 4788 4672 4673
f 4670 4672 4785
f 4785 4672 4787
f 4786 4674 4671
f 4789 4674 4786
f 4675 4788 4673
f 4675 4790 4788
f 4789 4676 4674
f 4791 4676 4789
f 4677 4790 4675
f 4677 4792 4790
f 4791 4793 4676
f 4676 4793 4678
f 4679 4678 4793
f 4679 4793 4794
f 4680 4792 4677
f 4680 4795 4792
f 4794 4681 4679
f 4796 4681 4794
f 4682 4795 4680
f 4682 4797 4795
f 4796 4683 4681
f 4798 4683 4796
f 4684 4797 4682
f 4684 4799 4797
f 4801 4800 4686
f 4686 4800 4685
f 4686 4683 4798
f 4686 4798 4801
f 4802 4799 4684
f 4802 4684 4687
f 4687 4688 4802
f 4802 4688 4803
f 4800 4689 4685
f 4804 4689 4800
f 4690 4803 4688
f 4690 4805 4803
f 4804 4691 4689
f 4806 4691 4804
f 4807 4805 4690
f 4807 4690 4692
f 4692 4694 4807
f 4807 4694 4808
f 4810 4809 4696
f 4696 4809 4695
f 4696 4691 4806
f 4696 4806 4810
f 4811 4808 4694
f 4811 4694 4697
f 4812 4697 4698
f 4812 4811 4697
f 4813 4698 4699
f 4813 4812 4698
f 4814 4699 4700
f 4814 4813 4699
f 4815 4700 4701
f 4815 4814 4700
f 4816 4701 4702
f 4816 4815 4701
f 4702 4695 4809
f 4702 4809 4816
f 4704 4817 4705
f 4817 4707 4705
f 4819 4818 4708
f 4819 4708 4709
f 4708 4820 4710
f 4818 4820 4708
f 4710 4821 4711
f 4820 4821 4710
f 4711 4822 4712
f 4821 4822 4711
f 4704 4712 4817
f 4712 4823 4817
f 4712 4822 4823
f 4817 4823 4707
f 4823 4713 4707
f 4823 4824 4713
f 4713 4825 4714
f 4824 4825 4713
f 4714 4826 4715
f 4825 4826 4714
f 4715 4827 4716
f 4826 4827 4715
f 4716 4828 4717
f 4827 4828 4716
f 4717 4829 4718
f 4828 4829 4717
f 4718 4830 4719
f 4829 4830 4718
f 4719 4831 4720
f 4830 4831 4719
f 4720 4832 4721
f 4831 4832 4720
f 4721 4833 4722
f 4832 4833 4721
f 4722 4834 4723
f 4833 4834 4722
f 4723 4835 4724
f 4834 4835 4723
f 4724 4836 4725
f 4835 4836 4724
f 4725 4837 4726
f 4836 4837 4725
f 4726 4838 4727
f 4837 4838 4726
f 4727 4839 4728
f 4838 4839 4727
f 4728 4840 4729
f 4839 4840 4728
f 4729 4841 4730
f 4840 4841 4729
f 4730 4842 4731
f 4841 4842 4730
f 4731 4843 4732
f 4842 4843 4731
f 4732 4844 4733
f 4843 4844 4732
f 4733 4845 4734
f 4844 4845 4733
f 4734 4846 4735
f 4845 4846 4734
f 4735 4847 4736
f 4846 4847 4735
f 4737 4736 4847
f 4737 4847 4848
f 4850 4849 4738
f 4850 4738 4739
f 4709 4738 4819
f 4819 4738 4849
f 4848 4740 4737
f 4851 4740 4848
f 4741 4850 4739
f 4741 4852 4850
f 4851 4742 4740
f 4853 4742 4851
f 4743 4852 4741
f 4743 4854 4852
f 4853 4744 4742
f 4855 4744 4853
f 4745 4854 4743
f 4745 4856 4854
f 4855 4746 4744
f 4857 4746 4855
f 4747 4856 4745
f 4747 4858 4856
f 4857 4748 4746
f 4859 4748 4857
f 4749 4858 4747
f 4749 4860 4858
f 4859 4750 4748
f 4861 4750 4859
f 4751 4860 4749
f 4751 4862 4860
f 4861 4752 4750
f 4863 4752 4861
f 4753 4862 4751
f 4753 4864 4862
f 4863 4754 4752
f 4865 4754 4863
f 4755 4864 4753
f 4755 4866 4864
f 4865 4756 4754
f 4867 4756 4865
f 4757 4866 4755
f 4757 4868 4866
f 4867 4758 4756
f 4869 4758 4867
f 4870 4868 4757
f 4870 4757 4759
f 4871 4759 4760
f 4871 4870 4759
f 4872 4760 4761
f 4872 4871 4760
f 4873 4761 4762
f 4873 4872 4761
f 4874 4762 4763
f 4874 4873 4762
f 4875 4763 4764
f 4875 4874 4763
f 4876 4764 4765
f 4876 4875 4764
f 4877 4765 4766
f 4877 4876 4765
f 4878 4766 4767
f 4878 4877 4766
f 4879 4767 4768
f 4879 4878 4767
f 4880 4768 4769
f 4880 4879 4768
f 4881 4769 4770
f 4881 4880 4769
f 4882 4770 4771
f 4882 4881 4770
f 4883 4771 4772
f 4883 4882 4771
f 4884 4772 4773
f 4884 4883 4772
f 4885 4773 4774
f 4885 4884 4773
f 4886 4774 4775
f 4886 4885 4774
f 4887 4775 4776
f 4887 4886 4775
f 4888 4776 4777
f 4888 4887 4776
f 4889 4777 4778
f 4889 4888 4777
f 4890 4778 4779
f 4890 4889 4778
f 4779 4780 4890
f 4890 4780 4891
f 4869 4781 4758
f 4892 4781 4869
f 4893 4891 4780
f 4893 4780 4782
f 4782 4783 4893
f 4893 4783 4894
f 4892 4784 4781
f 4895 4784 4892
f 4785 4894 4783
f 4785 4896 4894
f 4895 4786 4784
f 4897 4786 4895
f 4899 4898 4787
f 4899 4787 4788
f 4785 4787 4896
f 4896 4787 4898
f 4897 4789 4786
f 4900 4789 4897
f 4790 4899 4788
f 4790 4901 4899
f 4900 4791 4789
f 4902 4791 4900
f 4792 4901 4790
f 4792 4903 4901
f 4902 4904 4791
f 4791 4904 4793
f 4794 4793 4904
f 4794 4904 4905
f 4795 4903 4792
f 4795 4906 4903
f 4905 4796 4794
f 4907 4796 4905
f 4797 4906 4795
f 4797 4908 4906
f 4907 4798 4796
f 4909 4798 4907
f 4799 4908 4797
f 4799 4910 4908
f 4912 4911 4801
f 4801 4911 4800
f 4801 4798 4909
f 4801 4909 4912
f 4913 4910 4799
f 4913 4799 4802
f 4802 4803 4913
f 4913 4803 4914
f 4911 4804 4800
f 4915 4804 4911
f 4805 4914 4803
f 4805 4916 4914
f 4915 4806 4804
f 4917 4806 4915
f 4918 4916 4805
f 4918 4805 4807
f 4807 4808 4918
f 4918 4808 4919
f 4921 4920 4810
f 4810 4920 4809
f 4810 4806 4917
f 4810 4917 4921
f 4922 4919 4808
f 4922 4808 4811
f 4923 4811 4812
f 4923 4922 4811
f 4924 4812 4813
f 4924 4923 4812
f 4925 4813 4814
f 4925 4924 4813
f 4926 4814 4815
f 4926 4925 4814
f 4927 4815 4816
f 4927 4926 4815
f 4816 4809 4920
f 4816 4920 4927
f 4929 4928 4818
f 4929 4818 4819
f 4818 4930 4820
f 4928 4930 4818
f 4820 4931 4821
f 4930 4931 4820
f 4821 4932 4822
f 4931 4932 4821
f 4822 4933 4823
f 4932 4933 4822
f 4823 4934 4824
f 4933 4934 4823
f 4824 4935 4825
f 4934 4935 4824
f 4825 4936 4826
f 4935 4936 4825
f 4826 4937 4827
f 4936 4937 4826
f 4827 4938 4828
f 4937 4938 4827
f 4828 4939 4829
f 4938 4939 4828
f 4829 4940 4830
f 4939 4940 4829
f 4830 4941 4831
f 4940 4941 4830
f 4831 4942 4832
f 4941 4942 4831
f 4832 4943 4833
f 4942 4943 4832
f 4833 4944 4834
f 4943 4944 4833
f 4834 4945 4835
f 4944 4945 4834
f 4835 4946 4836
f 4945 4946 4835
f 4836 4947 4837
f 4946 4947 4836
f 4837 4948 4838
f 4947 4948 4837
f 4838 4949 4839
f 4948 4949 4838
f 4839 4950 4840
f 4949 4950 4839
f 4840 4951 4841
f 4950 4951 4840
f 4841 4952 4842
f 4951 4952 4841
f 4842 4953 4843
f 4952 4953 4842
f 4843 4954 4844
f 4953 4954 4843
f 4844 4955 4845
f 4954 4955 4844
f 4845 4956 4846
f 4955 4956 4845
f 4846 4957 4847
f 4956 4957 4846
f 4848 4847 4957
f 4848 4957 4958
f 4960 4959 4849
f 4960 4849 4850
f 4819 4849 4929
f 4929 4849 4959
f 4958 4851 4848
f 4961 4851 4958
f 4852 4960 4850
f 4852 4962 4960
f 4961 4853 4851
f 4963 4853 4961
f 4854 4962 4852
f 4854 4964 4962
f 4963 4855 4853
f 4965 4855 4963
f 4856 4964 4854
f 4856 4966 4964
f 4965 4857 4855
f 4967 4857 4965
f 4858 4966 4856
f 4858 4968 4966
f 4967 4859 4857
f 4969 4859 4967
f 4860 4968 4858
f 4860 4970 4968
f 4969 4861 4859
f 4971 4861 4969
f 4862 4970 4860
f 4862 4972 4970
f 4971 4863 4861
f 4973 4863 4971
f 4864 4972 4862
f 4864 4974 4972
f 4973 4865 4863
f 4975 4865 4973
f 4866 4974 4864
f 4866 4976 4974
f 4975 4867 4865
f 4977 4867 4975
f 4868 4976 4866
f 4868 4978 4976
f 4977 4869 4867
f 4979 4869 4977
f 4980 4978 4868
f 4980 4868 4870
f 4981 4870 4871
f 4981 4980 4870
f 4982 4871 4872
f 4982 4981 4871
f 4983 4872 4873
f 4983 4982 4872
f 4984 4873 4874
f 4984 4983 4873
f 4985 4874 4875
f 4985 4984 4874
f 4986 4875 4876
f 4986 4985 4875
f 4987 4876 4877
f 4987 4986 4876
f 4988 4877 4878
f 4988 4987 4877
f 4989 4878 4879
f 4989 4988 4878
f 4990 4879 4880
f 4990 4989 4879
f 4991 4880 4881
f 4991 4990 4880
f 4992 4881 4882
f 4992 4991 4881
f 4993 4882 4883
f 4993 4992 4882
f 4994 4883 4884
f 4994 4993 4883
f 4995 4884 4885
f 4995 4994 4884
f 4996 4885 4886
f 4996 4995 4885
f 4997 4886 4887
f 4997 4996 4886
f 4998 4887 4888
f 4998 4997 4887
f 4999 4888 4889
f 4999 4998 4888
f 5000 4889 4890
f 5000 4999 4889
f 4890 4891 5000
f 5000 4891 5001
f 4979 4892 4869
f 5002 4892 4979
f 5003 5001 4891
f 5003 4891 4893
f 4893 4894 5003
f 5003 4894 5004
f 5002 4895 4892
f 5005 4895 5002
f 5008 5007 5006
f 5007 5004 5006
f 5004 4896 5006
f 5004 4894 4896
f 5005 4897 4895
f 5009 4897 5005
f 5008 5006 4898
f 4899 5008 4898
f 5010 5008 4899
f 4898 5006 4896
f 5009 4900 4897
f 5011 4900 5009
f 4901 5010 4899
f 4901 5012 5010
f 5011 4902 4900
f 5013 4902 5011
f 4903 5012 4901
f 4903 5014 5012
f 5013 5015 4902
f 4902 5015 4904
f 4905 4904 5015
f 4905 5015 5016
f 4906 5014 4903
f 4906 5017 5014
f 5016 4907 4905
f 5018 4907 5016
f 4908 5017 4906
f 4908 5019 5017
f 5018 4909 4907
f 5020 4909 5018
f 4910 5019 4908
f 4910 5021 5019
f 5023 5022 4912
f 4912 5022 4911
f 4912 4909 5020
f 4912 5020 5023
f 5024 5021 4910
f 5024 4910 4913
f 4913 4914 5024
f 5024 4914 5025
f 5022 4915 4911
f 5026 4915 5022
f 4916 5025 4914
f 4916 5027 5025
f 5026 4917 4915
f 5028 4917 5026
f 5029 5027 4916
f 5029 4916 4918
f 4918 4919 5029
f 5029 4919 5030
f 5032 5031 4921
f 4921 5031 4920
f 4921 4917 5028
f 4921 5028 5032
f 5033 5030 4919
f 5033 4919 4922
f 5034 4922 4923
f 5034 5033 4922
f 5035 4923 4924
f 5035 5034 4923
f 5036 4924 4925
f 5036 5035 4924
f 5037 4925 4926
f 5037 5036 4925
f 5038 4926 4927
f 5038 5037 4926
f 4927 4920 5031
f 4927 5031 5038
f 5040 5039 4928
f 5040 4928 4929
f 4928 5041 4930
f 5039 5041 4928
f 4930 5042 4931
f 5041 5042 4930
f 4931 5043 4932
f 5042 5043 4931
f 4932 5044 4933
f 5043 5044 4932
f 4933 5045 4934
f 5044 5045 4933
f 4934 5046 4935
f 5045 5046 4934
f 4935 5047 4936
f 5046 5047 4935
f 4936 5048 4937
f 5047 5048 4936
f 4937 5049 4938
f 5048 5049 4937
f 4938 5050 4939
f 5049 5050 4938
f 4939 5051 4940
f 5050 5051 4939
f 4940 5052 4941
f 5051 5052 4940
f 4941 5053 4942
f 5052 5053 4941
f 4942 5054 4943
f 5053 5054 4942
f 4943 5055 4944
f 5054 5055 4943
f 4944 5056 4945
f 5055 5056 4944
f 4945 5057 4946
f 5056 5057 4945
f 4946 5058 4947
f 5057 5058 4946
f 4947 5059 4948
f 5058 5059 4947
f 4948 5060 4949
f 5059 5060 4948
f 4949 5061 4950
f 5060 5061 4949
f 4950 5062 4951
f 5061 5062 4950
f 4951 5063 4952
f 5062 5063 4951
f 4952 5064 4953
f 5063 5064 4952
f 4953 5065 4954
f 5064 5065 4953
f 4954 5066 4955
f 5065 5066 4954
f 4955 5067 4956
f 5066 5067 4955
f 4956 5068 4957
f 5067 5068 4956
f 4958 4957 5068
f 4958 5068 5069
f 5071 5070 4959
f 5071 4959 4960
f 4929 4959 5040
f 5040 4959 5070
f 5069 4961 4958
f 5072 4961 5069
f 4962 5071 4960
f 4962 5073 5071
f 5072 4963 4961
f 5074 4963 5072
f 4964 5073 4962
f 4964 5075 5073
f 5074 4965 4963
f 5076 4965 5074
f 4966 5075 4964
f 4966 5077 5075
f 5076 4967 4965
f 5078 4967 5076
f 4968 5077 4966
f 4968 5079 5077
f 5078 4969 4967
f 5080 4969 5078
f 4970 5079 4968
f 4970 5081 5079
f 5080 4971 4969
f 5082 4971 5080
f 4972 5081 4970
f 4972 5083 5081
f 5082 4973 4971
f 5084 4973 5082
f 4974 5083 4972
f 4974 5085 5083
f 5084 4975 4973
f 5086 4975 5084
f 4976 5085 4974
f 4976 5087 5085
f 5086 4977 4975
f 5088 4977 5086
f 4978 5087 4976
f 4978 5089 5087
f 5088 4979 4977
f 5090 4979 5088
f 5091 5089 4978
f 5091 4978 4980
f 5092 4980 4981
f 5092 5091 4980
f 5093 4981 4982
f 5093 5092 4981
f 5094 4982 4983
f 5094 5093 4982
f 5095 4983 4984
f 5095 5094 4983
f 5096 4984 4985
f 5096 5095 4984
f 5097 4985 4986
f 5097 5096 4985
f 5098 4986 4987
f 5098 5097 4986
f 5099 4987 4988
f 5099 5098 4987
f 5100 4988 4989
f 5100 5099 4988
f 5101 4989 4990
f 5101 5100 4989
f 5102 4990 4991
f 5102 5101 4990
f 5103 4991 4992
f 5103 5102 4991
f 5104 4992 4993
f 5104 5103 4992
f 5105 4993 4994
f 5105 5104 4993
f 5106 4994 4995
f 5106 5105 4994
f 5107 4995 4996
f 5107 5106 4995
f 5108 4996 4997
f 5108 5107 4996
f 5109 4997 4998
f 5109 5108 4997
f 5110 4998 4999
f 5110 5109 4998
f 5111 4999 5000
f 5111 5110 4999
f 5000 5001 5111
f 5111 5001 5112
f 5090 5002 4979
f 5113 5002 5090
f 5114 5112 5001
f 5114 5001 5003
f 5003 5004 5114
f 5114 5004 5115
f 5113 5005 5002
f 5116 5005 5113
f 5118 5117 5007
f 5118 5007 5008
f 5004 5007 5115
f 5115 5007 5117
f 5116 5009 5005
f 5119 5009 5116
f 5010 5118 5008
f 5010 5120 5118
f 5119 5011 5009
f 5121 5011 5119
f 5012 5120 5010
f 5012 5122 5120
f 5124 5013 5123
f 5013 5121 5123
f 5013 5011 5121
f 5125 5124 5123
f 5014 5122 5012
f 5014 5126 5122
f 5124 5015 5013
f 5016 5015 5124
f 5125 5016 5124
f 5127 5016 5125
f 5017 5126 5014
f 5017 5128 5126
f 5127 5018 5016
f 5129 5018 5127
f 5019 5128 5017
f 5019 5130 5128
f 5129 5020 5018
f 5131 5020 5129
f 5021 5130 5019
f 5021 5132 5130
f 5134 5133 5023
f 5023 5133 5022
f 5023 5020 5131
f 5023 5131 5134
f 5135 5132 5021
f 5135 5021 5024
f 5024 5025 5135
f 5135 5025 5136
f 5133 5026 5022
f 5137 5026 5133
f 5027 5136 5025
f 5027 5138 5136
f 5137 5028 5026
f 5139 5028 5137
f 5140 5138 5027
f 5140 5027 5029
f 5029 5030 5140
f 5140 5030 5141
f 5143 5142 5032
f 5032 5142 5031
f 5032 5028 5139
f 5032 5139 5143
f 5144 5141 5030
f 5144 5030 5033
f 5145 5033 5034
f 5145 5144 5033
f 5146 5034 5035
f 5146 5145 5034
f 5147 5035 5036
f 5147 5146 5035
f 5148 5036 5037
f 5148 5147 5036
f 5149 5037 5038
f 5149 5148 5037
f 5038 5031 5142
f 5038 5142 5149
f 5151 5150 5039
f 5151 5039 5040
f 5039 5152 5041
f 5150 5152 5039
f 5041 5153 5042
f 5152 5153 5041
f 5042 5154 5043
f 5153 5154 5042
f 5043 5155 5044
f 5154 5155 5043
f 5044 5156 5045
f 5155 5156 5044
f 5045 5157 5046
f 5156 5157 5045
f 5046 5158 5047
f 5157 5158 5046
f 5047 5159 5048
f 5158 5159 5047
f 5048 5160 5049
f 5159 5160 5048
f 5049 5161 5050
f 5160 5161 5049
f 5050 5162 5051
f 5161 5162 5050
f 5051 5163 5052
f 5162 5163 5051
f 5052 5164 5053
f 5163 5164 5052
f 5053 5165 5054
f 5164 5165 5053
f 5054 5166 5055
f 5165 5166 5054
f 5055 5167 5056
f 5166 5167 5055
f 5056 5168 5057
f 5167 5168 5056
f 5057 5169 5058
f 5168 5169 5057
f 5058 5170 5059
f 5169 5170 5058
f 5059 5171 5060
f 5170 5171 5059
f 5060 5172 5061
f 5171 5172 5060
f 5061 5173 5062
f 5172 5173 5061
f 5062 5174 5063
f 5173 5174 5062
f 5063 5175 5064
f 5174 5175 5063
f 5064 5176 5065
f 5175 5176 5064
f 5065 5177 5066
f 5176 5177 5065
f 5066 5178 5067
f 5177 5178 5066
f 5067 5179 5068
f 5178 5179 5067
f 5069 5068 5179
f 5069 5179 5180
f 5182 5181 5070
f 5182 5070 5071
f 5040 5070 5151
f 5151 5070 5181
f 5180 5072 5069
f 5183 5072 5180
f 5073 5182 5071
f 5073 5184 5182
f 5183 5074 5072
f 5185 5074 5183
f 5075 5184 5073
f 5075 5186 5184
f 5185 5076 5074
f 5187 5076 5185
f 5077 5186 5075
f 5077 5188 5186
f 5187 5078 5076
f 5189 5078 5187
f 5079 5188 5077
f 5079 5190 5188
f 5189 5080 5078
f 5191 5080 5189
f 5081 5190 5079
f 5081 5192 5190
f 5191 5082 5080
f 5193 5082 5191
f 5083 5192 5081
f 5083 5194 5192
f 5193 5084 5082
f 5195 5084 5193
f 5085 5194 5083
f 5085 5196 5194
f 5195 5086 5084
f 5197 5086 5195
f 5087 5196 5085
f 5087 5198 5196
f 5197 5088 5086
f 5199 5088 5197
f 5089 5198 5087
f 5089 5200 5198
f 5199 5090 5088
f 5201 5090 5199
f 5202 5200 5089
f 5202 5089 5091
f 5203 5091 5092
f 5203 5202 5091
f 5204 5092 5093
f 5204 5203 5092
f 5205 5093 5094
f 5205 5204 5093
f 5206 5094 5095
f 5206 5205 5094
f 5207 5095 5096
f 5207 5206 5095
f 5208 5096 5097
f 5208 5207 5096
f 5209 5097 5098
f 5209 5208 5097
f 5210 5098 5099
f 5210 5209 5098
f 5211 5099 5100
f 5211 5210 5099
f 5212 5100 5101
f 5212 5211 5100
f 5213 5101 5102
f 5213 5212 5101
f 5214 5102 5103
f 5214 5213 5102
f 5215 5103 5104
f 5215 5214 5103
f 5216 5104 5105
f 5216 5215 5104
f 5217 5105 5106
f 5217 5216 5105
f 5218 5106 5107
f 5218 5217 5106
f 5219 5107 5108
f 5219 5218 5107
f 5220 5108 5109
f 5220 5219 5108
f 5221 5109 5110
f 5221 5220 5109
f 5222 5110 5111
f 5222 5221 5110
f 5111 5112 5222
f 5222 5112 5223
f 5201 5113 5090
f 5224 5113 5201
f 5225 5223 5112
f 5225 5112 5114
f 5114 5115 5225
f 5225 5115 5226
f 5224 5116 5113
f 5227 5116 5224
f 5229 5228 5117
f 5229 5117 5118
f 5115 5117 5226
f 5226 5117 5228
f 5227 5119 5116
f 5230 5119 5227
f 5120 5229 5118
f 5120 5231 5229
f 5230 5121 5119
f 5232 5121 5230
f 5122 5231 5120
f 5122 5233 5231
f 5232 5234 5121
f 5121 5234 5123
f 5125 5123 5234
f 5125 5234 5235
f 5126 5233 5122
f 5126 5236 5233
f 5235 5127 5125
f 5237 5127 5235
f 5128 5236 5126
f 5128 5238 5236
f 5237 5129 5127
f 5239 5129 5237
f 5130 5238 5128
f 5130 5240 5238
f 5239 5131 5129
f 5241 5131 5239
f 5132 5240 5130
f 5132 5242 5240
f 5244 5243 5134
f 5134 5243 5133
f 5134 5131 5241
f 5134 5241 5244
f 5245 5242 5132
f 5245 5132 5135
f 5135 5136 5245
f 5245 5136 5246
f 5243 5137 5133
f 5247 5137 5243
f 5138 5246 5136
f 5138 5248 5246
f 5247 5139 5137
f 5249 5139 5247
f 5250 5248 5138
f 5250 5138 5140
f 5140 5141 5250
f 5250 5141 5251
f 5253 5252 5143
f 5143 5252 5142
f 5143 5139 5249
f 5143 5249 5253
f 5254 5251 5141
f 5254 5141 5144
f 5255 5144 5145
f 5255 5254 5144
f 5256 5145 5146
f 5256 5255 5145
f 5257 5146 5147
f 5257 5256 5146
f 5258 5147 5148
f 5258 5257 5147
f 5259 5148 5149
f 5259 5258 5148
f 5149 5142 5252
f 5149 5252 5259
f 5262 5261 5260
f 5150 5151 5260
f 5261 5150 5260
f 5263 5150 5261
f 5150 5264 5152
f 5263 5264 5150
f 5152 5265 5153
f 5264 5265 5152
f 5153 5266 5154
f 5265 5266 5153
f 5154 5267 5155
f 5266 5267 5154
f 5155 5268 5156
f 5267 5268 5155
f 5156 5269 5157
f 5268 5269 5156
f 5157 5270 5158
f 5269 5270 5157
f 5158 5271 5159
f 5270 5271 5158
f 5159 5272 5160
f 5271 5272 5159
f 5160 5273 5161
f 5272 5273 5160
f 5161 5274 5162
f 5273 5274 5161
f 5162 5275 5163
f 5274 5275 5162
f 5163 5276 5164
f 5275 5276 5163
f 5164 5277 5165
f 5276 5277 5164
f 5165 5278 5166
f 5277 5278 5165
f 5166 5279 5167
f 5278 5279 5166
f 5167 5280 5168
f 5279 5280 5167
f 5168 5281 5169
f 5280 5281 5168
f 5169 5282 5170
f 5281 5282 5169
f 5170 5283 5171
f 5282 5283 5170
f 5171 5284 5172
f 5283 5284 5171
f 5172 5285 5173
f 5284 5285 5172
f 5173 5286 5174
f 5285 5286 5173
f 5174 5287 5175
f 5286 5287 5174
f 5175 5288 5176
f 5287 5288 5175
f 5176 5289 5177
f 5288 5289 5176
f 5177 5290 5178
f 5289 5290 5177
f 5178 5291 5179
f 5290 5291 5178
f 5180 5179 5291
f 5180 5291 5292
f 5262 5260 5181
f 5182 5262 5181
f 5293 5262 5182
f 5181 5260 5151
f 5292 5183 5180
f 5294 5183 5292
f 5184 5293 5182
f 5184 5295 5293
f 5294 5185 5183
f 5296 5185 5294
f 5186 5295 5184
f 5186 5297 5295
f 5296 5187 5185
f 5298 5187 5296
f 5188 5297 5186
f 5188 5299 5297
f 5298 5189 5187
f 5300 5189 5298
f 5190 5299 5188
f 5190 5301 5299
f 5300 5191 5189
f 5302 5191 5300
f 5192 5301 5190
f 5192 5303 5301
f 5302 5193 5191
f 5304 5193 5302
f 5194 5303 5192
f 5194 5305 5303
f 5304 5195 5193
f 5306 5195 5304
f 5196 5305 5194
f 5196 5307 5305
f 5306 5197 5195
f 5308 5197 5306
f 5198 5307 5196
f 5198 5309 5307
f 5308 5199 5197
f 5310 5199 5308
f 5200 5309 5198
f 5200 5311 5309
f 5310 5201 5199
f 5312 5201 5310
f 5313 5311 5200
f 5313 5200 5202
f 5314 5202 5203
f 5314 5313 5202
f 5315 5203 5204
f 5315 5314 5203
f 5316 5204 5205
f 5316 5315 5204
f 5317 5205 5206
f 5317 5316 5205
f 5318 5206 5207
f 5318 5317 5206
f 5319 5207 5208
f 5319 5318 5207
f 5320 5208 5209
f 5320 5319 5208
f 5321 5209 5210
f 5321 5320 5209
f 5322 5210 5211
f 5322 5321 5210
f 5323 5211 5212
f 5323 5322 5211
f 5324 5212 5213
f 5324 5323 5212
f 5325 5213 5214
f 5325 5324 5213
f 5326 5214 5215
f 5326 5325 5214
f 5327 5215 5216
f 5327 5326 5215
f 5328 5216 5217
f 5328 5327 5216
f 5329 5217 5218
f 5329 5328 5217
f 5330 5218 5219
f 5330 5329 5218
f 5331 5219 5220
f 5331 5330 5219
f 5332 5220 5221
f 5332 5331 5220
f 5333 5221 5222
f 5333 5332 5221
f 5222 5223 5333
f 5333 5223 5334
f 5312 5224 5201
f 5335 5224 5312
f 5336 5334 5223
f 5336 5223 5225
f 5225 5226 5336
f 5336 5226 5337
f 5335 5227 5224
f 5338 5227 5335
f 5340 5339 5228
f 5340 5228 5229
f 5226 5228 5337
f 5337 5228 5339
f 5338 5230 5227
f 5341 5230 5338
f 5231 5340 5229
f 5231 5342 5340
f 5341 5232 5230
f 5343 5232 5341
f 5233 5342 5231
f 5233 5344 5342
f 5343 5345 5232
f 5232 5345 5234
f 5235 5234 5345
f 5235 5345 5346
f 5236 5344 5233
f 5236 5347 5344
f 5346 5237 5235
f 5348 5237 5346
f 5238 5347 5236
f 5238 5349 5347
f 5348 5239 5237
f 5350 5239 5348
f 5240 5349 5238
f 5240 5351 5349
f 5350 5241 5239
f 5352 5241 5350
f 5242 5351 5240
f 5242 5353 5351
f 5355 5354 5244
f 5244 5354 5243
f 5244 5241 5352
f 5244 5352 5355
f 5356 5353 5242
f 5356 5242 5245
f 5245 5246 5356
f 5356 5246 5357
f 5354 5247 5243
f 5358 5247 5354
f 5248 5357 5246
f 5248 5359 5357
f 5358 5249 5247
f 5360 5249 5358
f 5361 5359 5248
f 5361 5248 5250
f 5250 5251 5361
f 5361 5251 5362
f 5364 5363 5253
f 5253 5363 5252
f 5253 5249 5360
f 5253 5360 5364
f 5365 5362 5251
f 5365 5251 5254
f 5366 5254 5255
f 5366 5365 5254
f 5367 5255 5256
f 5367 5366 5255
f 5368 5256 5257
f 5368 5367 5256
f 5369 5257 5258
f 5369 5368 5257
f 5370 5258 5259
f 5370 5369 5258
f 5259 5252 5363
f 5259 5363 5370
f 5372 5371 5261
f 5372 5261 5262
f 5261 5373 5263
f 5371 5373 5261
f 5263 5374 5264
f 5373 5374 5263
f 5264 5375 5265
f 5374 5375 5264
f 5265 5376 5266
f 5375 5376 5265
f 5266 5377 5267
f 5376 5377 5266
f 5267 5378 5268
f 5377 5378 5267
f 5268 5379 5269
f 5378 5379 5268
f 5269 5380 5270
f 5379 5380 5269
f 5270 5381 5271
f 5380 5381 5270
f 5271 5382 5272
f 5381 5382 5271
f 5272 5383 5273
f 5382 5383 5272
f 5273 5384 5274
f 5383 5384 5273
f 5274 5385 5275
f 5384 5385 5274
f 5275 5386 5276
f 5385 5386 5275
f 5276 5387 5277
f 5386 5387 5276
f 5277 5388 5278
f 5387 5388 5277
f 5278 5389 5279
f 5388 5389 5278
f 5279 5390 5280
f 5389 5390 5279
f 5280 5391 5281
f 5390 5391 5280
f 5281 5392 5282
f 5391 5392 5281
f 5282 5393 5283
f 5392 5393 5282
f 5283 5394 5284
f 5393 5394 5283
f 5284 5395 5285
f 5394 5395 5284
f 5285 5396 5286
f 5395 5396 5285
f 5286 5397 5287
f 5396 5397 5286
f 5287 5398 5288
f 5397 5398 5287
f 5288 5399 5289
f 5398 5399 5288
f 5289 5400 5290
f 5399 5400 5289
f 5290 5401 5291
f 5400 5401 5290
f 5292 5291 5401
f 5292 5401 5402
f 5293 5372 5262
f 5293 5403 5372
f 5402 5294 5292
f 5404 5294 5402
f 5295 5403 5293
f 5295 5405 5403
f 5404 5296 5294
f 5406 5296 5404
f 5297 5405 5295
f 5297 5407 5405
f 5406 5298 5296
f 5408 5298 5406
f 5299 5407 5297
f 5299 5409 5407
f 5408 5300 5298
f 5410 5300 5408
f 5301 5409 5299
f 5301 5411 5409
f 5410 5302 5300
f 5412 5302 5410
f 5303 5411 5301
f 5303 5413 5411
f 5412 5304 5302
f 5414 5304 5412
f 5305 5413 5303
f 5305 5415 5413
f 5414 5306 5304
f 5416 5306 5414
f 5307 5415 5305
f 5307 5417 5415
f 5416 5308 5306
f 5418 5308 5416
f 5309 5417 5307
f 5309 5419 5417
f 5418 5310 5308
f 5420 5310 5418
f 5311 5419 5309
f 5311 5421 5419
f 5420 5312 5310
f 5422 5312 5420
f 5423 5421 5311
f 5423 5311 5313
f 5424 5313 5314
f 5424 5423 5313
f 5425 5314 5315
f 5425 5424 5314
f 5426 5315 5316
f 5426 5425 5315
f 5427 5316 5317
f 5427 5426 5316
f 5428 5317 5318
f 5428 5427 5317
f 5429 5318 5319
f 5429 5428 5318
f 5430 5319 5320
f 5430 5429 5319
f 5431 5320 5321
f 5431 5430 5320
f 5432 5321 5322
f 5432 5431 5321
f 5433 5322 5323
f 5433 5432 5322
f 5434 5323 5324
f 5434 5433 5323
f 5435 5324 5325
f 5435 5434 5324
f 5436 5325 5326
f 5436 5435 5325
f 5437 5326 5327
f 5437 5436 5326
f 5438 5327 5328
f 5438 5437 5327
f 5439 5328 5329
f 5439 5438 5328
f 5440 5329 5330
f 5440 5439 5329
f 5441 5330 5331
f 5441 5440 5330
f 5442 5331 5332
f 5442 5441 5331
f 5443 5332 5333
f 5443 5442 5332
f 5333 5334 5443
f 5443 5334 5444
f 5422 5335 5312
f 5445 5335 5422
f 5446 5444 5334
f 5446 5334 5336
f 5336 5337 5446
f 5446 5337 5447
f 5445 5338 5335
f 5448 5338 5445
f 5450 5449 5339
f 5450 5339 5340
f 5337 5339 5447
f 5447 5339 5449
f 5448 5341 5338
f 5451 5341 5448
f 5342 5450 5340
f 5342 5452 5450
f 5451 5343 5341
f 5453 5343 5451
f 5344 5452 5342
f 5344 5454 5452
f 5453 5455 5343
f 5343 5455 5345
f 5346 5345 5455
f 5346 5455 5456
f 5347 5454 5344
f 5347 5457 5454
f 5456 5348 5346
f 5458 5348 5456
f 5349 5457 5347
f 5349 5459 5457
f 5458 5350 5348
f 5460 5350 5458
f 5351 5459 5349
f 5351 5461 5459
f 5460 5352 5350
f 5462 5352 5460
f 5353 5461 5351
f 5353 5463 5461
f 5465 5464 5355
f 5355 5464 5354
f 5355 5352 5462
f 5355 5462 5465
f 5466 5463 5353
f 5466 5353 5356
f 5356 5357 5466
f 5466 5357 5467
f 5464 5358 5354
f 5468 5358 5464
f 5359 5467 5357
f 5359 5469 5467
f 5468 5360 5358
f 5470 5360 5468
f 5471 5469 5359
f 5471 5359 5361
f 5361 5362 5471
f 5471 5362 5472
f 5474 5473 5364
f 5364 5473 5363
f 5364 5360 5470
f 5364 5470 5474
f 5475 5472 5362
f 5475 5362 5365
f 5476 5365 5366
f 5476 5475 5365
f 5477 5366 5367
f 5477 5476 5366
f 5478 5367 5368
f 5478 5477 5367
f 5479 5368 5369
f 5479 5478 5368
f 5480 5369 5370
f 5480 5479 5369
f 5370 5363 5473
f 5370 5473 5480
f 5482 5481 5371
f 5482 5371 5372
f 5371 5483 5373
f 5481 5483 5371
f 5373 5484 5374
f 5483 5484 5373
f 5374 5485 5375
f 5484 5485 5374
f 5375 5486 5376
f 5485 5486 5375
f 5376 5487 5377
f 5486 5487 5376
f 5377 5488 5378
f 5487 5488 5377
f 5378 5489 5379
f 5488 5489 5378
f 5379 5490 5380
f 5489 5490 5379
f 5380 5491 5381
f 5490 5491 5380
f 5381 5492 5382
f 5491 5492 5381
f 5382 5493 5383
f 5492 5493 5382
f 5383 5494 5384
f 5493 5494 5383
f 5384 5495 5385
f 5494 5495 5384
f 5385 5496 5386
f 5495 5496 5385
f 5386 5497 5387
f 5496 5497 5386
f 5387 5498 5388
f 5497 5498 5387
f 5388 5499 5389
f 5498 5499 5388
f 5389 5500 5390
f 5499 5500 5389
f 5390 5501 5391
f 5500 5501 5390
f 5391 5502 5392
f 5501 5502 5391
f 5392 5503 5393
f 5502 5503 5392
f 5393 5504 5394
f 5503 5504 5393
f 5394 5505 5395
f 5504 5505 5394
f 5395 5506 5396
f 5505 5506 5395
f 5396 5507 5397
f 5506 5507 5396
f 5397 5508 5398
f 5507 5508 5397
f 5398 5509 5399
f 5508 5509 5398
f 5399 5510 5400
f 5509 5510 5399
f 5400 5511 5401
f 5510 5511 5400
f 5402 5401 5511
f 5402 5511 5512
f 5403 5482 5372
f 5403 5513 5482
f 5512 5404 5402
f 5514 5404 5512
f 5405 5513 5403
f 5405 5515 5513
f 5514 5406 5404
f 5516 5406 5514
f 5407 5515 5405
f 5407 5517 5515
f 5516 5408 5406
f 5518 5408 5516
f 5409 5517 5407
f 5409 5519 5517
f 5518 5410 5408
f 5520 5410 5518
f 5411 5519 5409
f 5411 5521 5519
f 5520 5412 5410
f 5522 5412 5520
f 5413 5521 5411
f 5413 5523 5521
f 5522 5414 5412
f 5524 5414 5522
f 5415 5523 5413
f 5415 5525 5523
f 5524 5416 5414
f 5526 5416 5524
f 5417 5525 5415
f 5417 5527 5525
f 5526 5418 5416
f 5528 5418 5526
f 5419 5527 5417
f 5419 5529 5527
f 5528 5420 5418
f 5530 5420 5528
f 5421 5529 5419
f 5421 5531 5529
f 5530 5422 5420
f 5532 5422 5530
f 5533 5531 5421
f 5533 5421 5423
f 5534 5423 5424
f 5534 5533 5423
f 5535 5424 5425
f 5535 5534 5424
f 5536 5425 5426
f 5536 5535 5425
f 5537 5426 5427
f 5537 5536 5426
f 5538 5427 5428
f 5538 5537 5427
f 5539 5428 5429
f 5539 5538 5428
f 5540 5429 5430
f 5540 5539 5429
f 5541 5430 5431
f 5541 5540 5430
f 5542 5431 5432
f 5542 5541 5431
f 5543 5432 5433
f 5543 5542 5432
f 5544 5433 5434
f 5544 5543 5433
f 5545 5434 5435
f 5545 5544 5434
f 5546 5435 5436
f 5546 5545 5435
f 5547 5436 5437
f 5547 5546 5436
f 5548 5437 5438
f 5548 5547 5437
f 5549 5438 5439
f 5549 5548 5438
f 5550 5439 5440
f 5550 5549 5439
f 5551 5440 5441
f 5551 5550 5440
f 5552 5441 5442
f 5552 5551 5441
f 5553 5442 5443
f 5553 5552 5442
f 5443 5444 5553
f 5553 5444 5554
f 5532 5445 5422
f 5555 5445 5532
f 5444 5446 5556
f 5557 5444 5556
f 5554 5444 5557
f 5447 5556 5446
f 5555 5448 5445
f 5558 5448 5555
f 5557 5556 5449
f 5450 5557 5449
f 5559 5557 5450
f 5449 5556 5447
f 5558 5451 5448
f 5560 5451 5558
f 5452 5559 5450
f 5452 5561 5559
f 5560 5453 5451
f 5562 5453 5560
f 5454 5561 5452
f 5454 5563 5561
f 5562 5564 5453
f 5453 5564 5455
f 5456 5455 5564
f 5456 5564 5565
f 5457 5563 5454
f 5457 5566 5563
f 5565 5458 5456
f 5567 5458 5565
f 5459 5566 5457
f 5459 5568 5566
f 5567 5460 5458
f 5569 5460 5567
f 5461 5568 5459
f 5461 5570 5568
f 5569 5462 5460
f 5571 5462 5569
f 5463 5570 5461
f 5463 5572 5570
f 5574 5573 5465
f 5465 5573 5464
f 5465 5462 5571
f 5465 5571 5574
f 5575 5572 5463
f 5575 5463 5466
f 5466 5467 5575
f 5575 5467 5576
f 5573 5468 5464
f 5577 5468 5573
f 5469 5576 5467
f 5469 5578 5576
f 5577 5470 5468
f 5579 5470 5577
f 5580 5578 5469
f 5580 5469 5471
f 5471 5472 5580
f 5580 5472 5581
f 5583 5582 5474
f 5474 5582 5473
f 5474 5470 5579
f 5474 5579 5583
f 5584 5581 5472
f 5584 5472 5475
f 5585 5475 5476
f 5585 5584 5475
f 5586 5476 5477
f 5586 5585 5476
f 5587 5477 5478
f 5587 5586 5477
f 5588 5478 5479
f 5588 5587 5478
f 5589 5479 5480
f 5589 5588 5479
f 5480 5473 5582
f 5480 5582 5589
f 5591 5590 5481
f 5591 5481 5482
f 5481 5592 5483
f 5590 5592 5481
f 5483 5593 5484
f 5592 5593 5483
f 5484 5594 5485
f 5593 5594 5484
f 5485 5595 5486
f 5594 5595 5485
f 5486 5596 5487
f 5595 5596 5486
f 5487 5597 5488
f 5596 5597 5487
f 5488 5598 5489
f 5597 5598 5488
f 5489 5599 5490
f 5598 5599 5489
f 5490 5600 5491
f 5599 5600 5490
f 5491 5601 5492
f 5600 5601 5491
f 5492 5602 5493
f 5601 5602 5492
f 5493 5603 5494
f 5602 5603 5493
f 5494 5604 5495
f 5603 5604 5494
f 5495 5605 5496
f 5604 5605 5495
f 5496 5606 5497
f 5605 5606 5496
f 5497 5607 5498
f 5606 5607 5497
f 5498 5608 5499
f 5607 5608 5498
f 5499 5609 5500
f 5608 5609 5499
f 5500 5610 5501
f 5609 5610 5500
f 5501 5611 5502
f 5610 5611 5501
f 5502 5612 5503
f 5611 5612 5502
f 5503 5613 5504
f 5612 5613 5503
f 5504 5614 5505
f 5613 5614 5504
f 5505 5615 5506
f 5614 5615 5505
f 5506 5616 5507
f 5615 5616 5506
f 5507 5617 5508
f 5616 5617 5507
f 5508 5618 5509
f 5617 5618 5508
f 5509 5619 5510
f 5618 5619 5509
f 5510 5620 5511
f 5619 5620 5510
f 5512 5511 5620
f 5512 5620 5621
f 5513 5591 5482
f 5513 5622 5591
f 5621 5514 5512
f 5623 5514 5621
f 5515 5622 5513
f 5515 5624 5622
f 5623 5516 5514
f 5625 5516 5623
f 5517 5624 5515
f 5517 5626 5624
f 5625 5518 5516
f 5627 5518 5625
f 5519 5626 5517
f 5519 5628 5626
f 5627 5520 5518
f 5629 5520 5627
f 5521 5628 5519
f 5521 5630 5628
f 5629 5522 5520
f 5631 5522 5629
f 5523 5630 5521
f 5523 5632 5630
f 5631 5524 5522
f 5633 5524 5631
f 5525 5632 5523
f 5525 5634 5632
f 5633 5526 5524
f 5635 5526 5633
f 5527 5634 5525
f 5527 5636 5634
f 5635 5528 5526
f 5637 5528 5635
f 5529 5636 5527
f 5529 5638 5636
f 5637 5530 5528
f 5639 5530 5637
f 5531 5638 5529
f 5531 5640 5638
f 5639 5532 5530
f 5641 5532 5639
f 5642 5640 5531
f 5642 5531 5533
f 5643 5533 5534
f 5643 5642 5533
f 5644 5534 5535
f 5644 5643 5534
f 5645 5535 5536
f 5645 5644 5535
f 5646 5536 5537
f 5646 5645 5536
f 5647 5537 5538
f 5647 5646 5537
f 5648 5538 5539
f 5648 5647 5538
f 5649 5539 5540
f 5649 5648 5539
f 5650 5540 5541
f 5650 5649 5540
f 5651 5541 5542
f 5651 5650 5541
f 5652 5542 5543
f 5652 5651 5542
f 5653 5543 5544
f 5653 5652 5543
f 5654 5544 5545
f 5654 5653 5544
f 5655 5545 5546
f 5655 5654 5545
f 5656 5546 5547
f 5656 5655 5546
f 5657 5547 5548
f 5657 5656 5547
f 5658 5548 5549
f 5658 5657 5548
f 5659 5549 5550
f 5659 5658 5549
f 5660 5550 5551
f 5660 5659 5550
f 5661 5551 5552
f 5661 5660 5551
f 5662 5552 5553
f 5662 5661 5552
f 5553 5554 5662
f 5662 5554 5663
f 5641 5555 5532
f 5664 5555 5641
f 5557 5663 5554
f 5557 5665 5663
f 5664 5558 5555
f 5666 5558 5664
f 5559 5665 5557
f 5559 5667 5665
f 5666 5560 5558
f 5668 5560 5666
f 5561 5667 5559
f 5561 5669 5667
f 5668 5562 5560
f 5670 5562 5668
f 5563 5669 5561
f 5563 5671 5669
f 5670 5672 5562
f 5562 5672 5564
f 5565 5564 5672
f 5565 5672 5673
f 5676 5675 5674
f 5675 5671 5674
f 5671 5566 5674
f 5671 5563 5566
f 5673 5567 5565
f 5677 5567 5673
f 5678 5676 5674
f 5674 5566 5678
f 5566 5679 5678
f 5566 5568 5679
f 5677 5569 5567
f 5680 5569 5677
f 5570 5679 5568
f 5570 5681 5679
f 5680 5571 5569
f 5682 5571 5680
f 5572 5681 5570
f 5572 5683 5681
f 5685 5684 5574
f 5574 5684 5573
f 5574 5571 5682
f 5574 5682 5685
f 5572 5575 5686
f 5687 5572 5686
f 5683 5572 5687
f 5576 5686 5575
f 5684 5577 5573
f 5688 5577 5684
f 5689 5687 5686
f 5686 5576 5689
f 5576 5690 5689
f 5576 5578 5690
f 5688 5579 5577
f 5691 5579 5688
f 5692 5690 5578
f 5692 5578 5580
f 5580 5581 5692
f 5692 5581 5693
f 5695 5694 5583
f 5583 5694 5582
f 5583 5579 5691
f 5583 5691 5695
f 5696 5693 5581
f 5696 5581 5584
f 5697 5584 5585
f 5697 5696 5584
f 5698 5585 5586
f 5698 5697 5585
f 5699 5586 5587
f 5699 5698 5586
f 5700 5587 5588
f 5700 5699 5587
f 5701 5588 5589
f 5701 5700 5588
f 5589 5582 5694
f 5589 5694 5701
f 5703 5702 5590
f 5703 5590 5591
f 5590 5704 5592
f 5702 5704 5590
f 5592 5705 5593
f 5704 5705 5592
f 5593 5706 5594
f 5705 5706 5593
f 5594 5707 5595
f 5706 5707 5594
f 5595 5708 5596
f 5707 5708 5595
f 5596 5709 5597
f 5708 5709 5596
f 5597 5710 5598
f 5709 5710 5597
f 5598 5711 5599
f 5710 5711 5598
f 5599 5712 5600
f 5711 5712 5599
f 5600 5713 5601
f 5712 5713 5600
f 5601 5714 5602
f 5713 5714 5601
f 5602 5715 5603
f 5714 5715 5602
f 5603 5716 5604
f 5715 5716 5603
f 5604 5717 5605
f 5716 5717 5604
f 5605 5718 5606
f 5717 5718 5605
f 5606 5719 5607
f 5718 5719 5606
f 5607 5720 5608
f 5719 5720 5607
f 5608 5721 5609
f 5720 5721 5608
f 5609 5722 5610
f 5721 5722 5609
f 5610 5723 5611
f 5722 5723 5610
f 5611 5724 5612
f 5723 5724 5611
f 5612 5725 5613
f 5724 5725 5612
f 5613 5726 5614
f 5725 5726 5613
f 5614 5727 5615
f 5726 5727 5614
f 5615 5728 5616
f 5727 5728 5615
f 5616 5729 5617
f 5728 5729 5616
f 5617 5730 5618
f 5729 5730 5617
f 5618 5731 5619
f 5730 5731 5618
f 5619 5732 5620
f 5731 5732 5619
f 5621 5620 5732
f 5621 5732 5733
f 5622 5703 5591
f 5622 5734 5703
f 5733 5623 5621
f 5735 5623 5733
f 5624 5734 5622
f 5624 5736 5734
f 5735 5625 5623
f 5737 5625 5735
f 5626 5736 5624
f 5626 5738 5736
f 5737 5627 5625
f 5739 5627 5737
f 5628 5738 5626
f 5628 5740 5738
f 5739 5629 5627
f 5741 5629 5739
f 5630 5740 5628
f 5630 5742 5740
f 5741 5631 5629
f 5743 5631 5741
f 5632 5742 5630
f 5632 5744 5742
f 5743 5633 5631
f 5745 5633 5743
f 5634 5744 5632
f 5634 5746 5744
f 5745 5635 5633
f 5747 5635 5745
f 5636 5746 5634
f 5636 5748 5746
f 5747 5637 5635
f 5749 5637 5747
f 5638 5748 5636
f 5638 5750 5748
f 5749 5639 5637
f 5751 5639 5749
f 5640 5750 5638
f 5640 5752 5750
f 5751 5641 5639
f 5753 5641 5751
f 5754 5752 5640
f 5754 5640 5642
f 5755 5642 5643
f 5755 5754 5642
f 5757 5755 5756
f 5755 5644 5756
f 5755 5643 5644
f 5645 5758 5644
f 5644 5758 5756
f 5646 5759 5645
f 5645 5759 5758
f 5759 5646 5760
f 5646 5761 5760
f 5646 5647 5761
f 5762 5647 5648
f 5762 5761 5647
f 5763 5648 5649
f 5763 5762 5648
f 5764 5649 5650
f 5764 5763 5649
f 5765 5650 5651
f 5765 5764 5650
f 5766 5651 5652
f 5766 5765 5651
f 5767 5652 5653
f 5767 5766 5652
f 5768 5653 5654
f 5768 5767 5653
f 5769 5654 5655
f 5769 5768 5654
f 5770 5655 5656
f 5770 5769 5655
f 5771 5656 5657
f 5771 5770 5656
f 5772 5657 5658
f 5772 5771 5657
f 5773 5658 5659
f 5773 5772 5658
f 5774 5659 5660
f 5774 5773 5659
f 5775 5660 5661
f 5775 5774 5660
f 5777 5775 5776
f 5775 5662 5776
f 5775 5661 5662
f 5663 5776 5662
f 5753 5664 5641
f 5778 5664 5753
f 5781 5780 5779
f 5779 5780 5757
f 5756 5779 5757
f 5782 5779 5756
f 5783 5756 5758
f 5782 5756 5783
f 5784 5758 5759
f 5783 5758 5784
f 5759 5760 5785
f 5786 5759 5785
f 5784 5759 5786
f 5787 5786 5785
f 5788 5777 5776
f 5776 5663 5788
f 5663 5789 5788
f 5663 5665 5789
f 5778 5666 5664
f 5790 5666 5778
f 5781 5779 5791
f 5781 5791 5792
f 5793 5779 5782
f 5791 5779 5793
f 5794 5782 5783
f 5793 5782 5794
f 5795 5783 5784
f 5794 5783 5795
f 5796 5784 5786
f 5795 5784 5796
f 5786 5787 5797
f 5798 5786 5797
f 5796 5786 5798
f 5799 5798 5797
f 5802 5801 5800
f 5801 5789 5800
f 5789 5667 5800
f 5789 5665 5667
f 5790 5668 5666
f 5803 5668 5790
f 5792 5791 5804
f 5792 5804 5805
f 5806 5791 5793
f 5804 5791 5806
f 5807 5793 5794
f 5806 5793 5807
f 5808 5794 5795
f 5807 5794 5808
f 5809 5795 5796
f 5808 5795 5809
f 5810 5796 5798
f 5809 5796 5810
f 5798 5799 5811
f 5812 5798 5811
f 5810 5798 5812
f 5813 5812 5811
f 5802 5800 5814
f 5802 5814 5815
f 5669 5814 5667
f 5667 5814 5800
f 5803 5670 5668
f 5816 5670 5803
f 5817 5805 5804
f 5817 5804 5806
f 5817 5806 5818
f 5820 5819 5818
f 5806 5820 5818
f 5807 5820 5806
f 5821 5807 5808
f 5820 5807 5821
f 5822 5808 5809
f 5821 5808 5822
f 5823 5809 5810
f 5822 5809 5823
f 5812 5825 5824
f 5823 5812 5824
f 5810 5812 5823
f 5825 5812 5813
f 5815 5814 5826
f 5815 5826 5827
f 5671 5826 5669
f 5669 5826 5814
f 5816 5828 5670
f 5670 5828 5672
f 5673 5672 5828
f 5673 5828 5829
f 5830 5819 5820
f 5830 5820 5821
f 5830 5821 5831
f 5831 5821 5822
f 5831 5822 5832
f 5832 5822 5823
f 5832 5823 5833
f 5833 5823 5824
f 5827 5826 5675
f 5676 5827 5675
f 5834 5827 5676
f 5675 5826 5671
f 5829 5677 5673
f 5835 5677 5829
f 5676 5678 5836
f 5837 5676 5836
f 5834 5676 5837
f 5679 5836 5678
f 5835 5680 5677
f 5838 5680 5835
f 5837 5836 5839
f 5837 5839 5840
f 5681 5839 5679
f 5679 5839 5836
f 5838 5682 5680
f 5841 5682 5838
f 5842 5840 5839
f 5839 5681 5842
f 5681 5843 5842
f 5681 5683 5843
f 5845 5844 5685
f 5685 5844 5684
f 5685 5682 5841
f 5685 5841 5845
f 5687 5843 5683
f 5687 5846 5843
f 5844 5688 5684
f 5847 5688 5844
f 5848 5846 5687
f 5848 5687 5689
f 5689 5690 5848
f 5848 5690 5849
f 5847 5691 5688
f 5850 5691 5847
f 5690 5692 5851
f 5852 5690 5851
f 5849 5690 5852
f 5693 5851 5692
f 5855 5854 5853
f 5694 5695 5853
f 5695 5855 5853
f 5695 5856 5855
f 5695 5691 5850
f 5695 5850 5856
f 5857 5852 5851
f 5857 5851 5693
f 5696 5857 5693
f 5858 5857 5696
f 5859 5696 5697
f 5859 5858 5696
f 5860 5697 5698
f 5860 5859 5697
f 5861 5698 5699
f 5861 5860 5698
f 5862 5699 5700
f 5862 5861 5699
f 5701 5853 5854
f 5862 5701 5854
f 5700 5701 5862
f 5853 5701 5694
f 5864 5863 5702
f 5864 5702 5703
f 5702 5865 5704
f 5863 5865 5702
f 5704 5866 5705
f 5865 5866 5704
f 5705 5867 5706
f 5866 5867 5705
f 5706 5868 5707
f 5867 5868 5706
f 5707 5869 5708
f 5868 5869 5707
f 5708 5870 5709
f 5869 5870 5708
f 5709 5871 5710
f 5870 5871 5709
f 5710 5872 5711
f 5871 5872 5710
f 5711 5873 5712
f 5872 5873 5711
f 5712 5874 5713
f 5873 5874 5712
f 5713 5875 5714
f 5874 5875 5713
f 5714 5876 5715
f 5875 5876 5714
f 5715 5877 5716
f 5876 5877 5715
f 5716 5878 5717
f 5877 5878 5716
f 5717 5879 5718
f 5878 5879 5717
f 5718 5880 5719
f 5879 5880 5718
f 5719 5881 5720
f 5880 5881 5719
f 5720 5882 5721
f 5881 5882 5720
f 5721 5883 5722
f 5882 5883 5721
f 5722 5884 5723
f 5883 5884 5722
f 5723 5885 5724
f 5884 5885 5723
f 5724 5886 5725
f 5885 5886 5724
f 5725 5887 5726
f 5886 5887 5725
f 5726 5888 5727
f 5887 5888 5726
f 5727 5889 5728
f 5888 5889 5727
f 5728 5890 5729
f 5889 5890 5728
f 5729 5891 5730
f 5890 5891 5729
f 5730 5892 5731
f 5891 5892 5730
f 5731 5893 5732
f 5892 5893 5731
f 5733 5732 5893
f 5733 5893 5894
f 5734 5864 5703
f 5734 5895 5864
f 5894 5735 5733
f 5896 5735 5894
f 5736 5895 5734
f 5736 5897 5895
f 5896 5737 5735
f 5898 5737 5896
f 5738 5897 5736
f 5738 5899 5897
f 5898 5739 5737
f 5900 5739 5898
f 5740 5899 5738
f 5740 5901 5899
f 5900 5741 5739
f 5902 5741 5900
f 5742 5901 5740
f 5742 5903 5901
f 5902 5743 5741
f 5904 5743 5902
f 5744 5903 5742
f 5744 5905 5903
f 5904 5745 5743
f 5906 5745 5904
f 5746 5905 5744
f 5746 5907 5905
f 5906 5747 5745
f 5908 5747 5906
f 5748 5907 5746
f 5748 5909 5907
f 5908 5749 5747
f 5910 5749 5908
f 5750 5909 5748
f 5750 5911 5909
f 5910 5751 5749
f 5912 5751 5910
f 5752 5911 5750
f 5752 5913 5911
f 5912 5753 5751
f 5914 5753 5912
f 5752 5754 5915
f 5916 5752 5915
f 5913 5752 5916
f 5755 5917 5754
f 5754 5917 5915
f 5757 5917 5755
f 5918 5760 5761
f 5762 5919 5761
f 5761 5919 5918
f 5763 5920 5762
f 5762 5920 5919
f 5764 5921 5763
f 5763 5921 5920
f 5765 5922 5764
f 5764 5922 5921
f 5766 5923 5765
f 5765 5923 5922
f 5767 5924 5766
f 5766 5924 5923
f 5768 5925 5767
f 5767 5925 5924
f 5769 5926 5768
f 5768 5926 5925
f 5770 5927 5769
f 5769 5927 5926
f 5771 5928 5770
f 5770 5928 5927
f 5772 5929 5771
f 5771 5929 5928
f 5773 5930 5772
f 5772 5930 5929
f 5774 5931 5773
f 5773 5931 5930
f 5775 5932 5774
f 5774 5932 5931
f 5777 5932 5775
f 5914 5778 5753
f 5933 5778 5914
f 5916 5915 5934
f 5916 5934 5935
f 5781 5934 5780
f 5934 5917 5780
f 5934 5915 5917
f 5780 5917 5757
f 5918 5785 5760
f 5785 5918 5787
f 5918 5936 5787
f 5918 5919 5936
f 5937 5919 5920
f 5936 5919 5937
f 5938 5920 5921
f 5937 5920 5938
f 5939 5921 5922
f 5938 5921 5939
f 5940 5922 5923
f 5939 5922 5940
f 5941 5923 5924
f 5940 5923 5941
f 5942 5924 5925
f 5941 5924 5942
f 5943 5925 5926
f 5942 5925 5943
f 5944 5926 5927
f 5943 5926 5944
f 5945 5927 5928
f 5944 5927 5945
f 5946 5928 5929
f 5945 5928 5946
f 5947 5929 5930
f 5946 5929 5947
f 5948 5930 5931
f 5947 5930 5948
f 5949 5931 5932
f 5948 5931 5949
f 5788 5950 5777
f 5950 5932 5777
f 5950 5949 5932
f 5789 5950 5788
f 5933 5790 5778
f 5951 5790 5933
f 5935 5934 5952
f 5935 5952 5953
f 5792 5952 5781
f 5781 5952 5934
f 5936 5797 5787
f 5797 5936 5799
f 5936 5954 5799
f 5936 5937 5954
f 5955 5937 5938
f 5954 5937 5955
f 5956 5938 5939
f 5955 5938 5956
f 5957 5939 5940
f 5956 5939 5957
f 5958 5940 5941
f 5957 5940 5958
f 5959 5941 5942
f 5958 5941 5959
f 5960 5942 5943
f 5959 5942 5960
f 5961 5943 5944
f 5960 5943 5961
f 5962 5944 5945
f 5961 5944 5962
f 5963 5945 5946
f 5962 5945 5963
f 5964 5946 5947
f 5963 5946 5964
f 5965 5947 5948
f 5964 5947 5965
f 5966 5948 5949
f 5965 5948 5966
f 5802 5966 5801
f 5966 5950 5801
f 5966 5949 5950
f 5801 5950 5789
f 5951 5803 5790
f 5967 5803 5951
f 5953 5952 5968
f 5953 5968 5969
f 5805 5968 5792
f 5792 5968 5952
f 5954 5811 5799
f 5811 5954 5813
f 5954 5970 5813
f 5954 5955 5970
f 5971 5955 5956
f 5970 5955 5971
f 5972 5956 5957
f 5971 5956 5972
f 5973 5957 5958
f 5972 5957 5973
f 5974 5958 5959
f 5973 5958 5974
f 5975 5959 5960
f 5974 5959 5975
f 5976 5960 5961
f 5975 5960 5976
f 5977 5961 5962
f 5976 5961 5977
f 5978 5962 5963
f 5977 5962 5978
f 5979 5963 5964
f 5978 5963 5979
f 5980 5964 5965
f 5979 5964 5980
f 5981 5965 5966
f 5980 5965 5981
f 5815 5981 5802
f 5802 5981 5966
f 5967 5816 5803
f 5982 5816 5967
f 5969 5968 5983
f 5969 5983 5984
f 5817 5985 5805
f 5985 5968 5805
f 5985 5983 5968
f 5818 5986 5817
f 5817 5986 5985
f 5819 5986 5818
f 5987 5824 5825
f 5813 5970 5825
f 5970 5987 5825
f 5970 5988 5987
f 5989 5970 5971
f 5988 5970 5989
f 5990 5971 5972
f 5989 5971 5990
f 5991 5972 5973
f 5990 5972 5991
f 5992 5973 5974
f 5991 5973 5992
f 5993 5974 5975
f 5992 5974 5993
f 5994 5975 5976
f 5993 5975 5994
f 5995 5976 5977
f 5994 5976 5995
f 5996 5977 5978
f 5995 5977 5996
f 5997 5978 5979
f 5996 5978 5997
f 5998 5979 5980
f 5997 5979 5998
f 5999 5980 5981
f 5998 5980 5999
f 5827 5999 5815
f 5815 5999 5981
f 5982 6000 5816
f 5816 6000 5828
f 5829 5828 6000
f 5829 6000 6001
f 5984 5983 6002
f 5984 6002 6003
f 6004 5983 5985
f 6002 5983 6004
f 6005 5985 5986
f 6004 5985 6005
f 5830 6006 5819
f 6006 5986 5819
f 6006 6005 5986
f 5831 6007 5830
f 5830 6007 6006
f 5832 6008 5831
f 5831 6008 6007
f 5833 6009 5832
f 5832 6009 6008
f 5824 5987 5833
f 5987 6009 5833
f 5987 6010 6009
f 6011 5987 5988
f 6010 5987 6011
f 6012 5988 5989
f 6011 5988 6012
f 6013 5989 5990
f 6012 5989 6013
f 6014 5990 5991
f 6013 5990 6014
f 6015 5991 5992
f 6014 5991 6015
f 6016 5992 5993
f 6015 5992 6016
f 6017 5993 5994
f 6016 5993 6017
f 6018 5994 5995
f 6017 5994 6018
f 6019 5995 5996
f 6018 5995 6019
f 6020 5996 5997
f 6019 5996 6020
f 6021 5997 5998
f 6020 5997 6021
f 6022 5998 5999
f 6021 5998 6022
f 5834 6022 5827
f 5827 6022 5999
f 6001 5835 5829
f 6023 5835 6001
f 6024 6003 6002
f 6026 6025 6024
f 6002 6026 6024
f 6004 6026 6002
f 6027 6004 6005
f 6026 6004 6027
f 6028 6005 6006
f 6027 6005 6028
f 6029 6006 6007
f 6028 6006 6029
f 6030 6007 6008
f 6029 6007 6030
f 6031 6008 6009
f 6030 6008 6031
f 6032 6009 6010
f 6031 6009 6032
f 6033 6010 6011
f 6032 6010 6033
f 6034 6011 6012
f 6033 6011 6034
f 6035 6012 6013
f 6034 6012 6035
f 6036 6013 6014
f 6035 6013 6036
f 6037 6014 6015
f 6036 6014 6037
f 6038 6015 6016
f 6037 6015 6038
f 6039 6016 6017
f 6038 6016 6039
f 6040 6017 6018
f 6039 6017 6040
f 6041 6018 6019
f 6040 6018 6041
f 6042 6019 6020
f 6041 6019 6042
f 6043 6020 6021
f 6042 6020 6043
f 6044 6021 6022
f 6043 6021 6044
f 5837 6044 5834
f 5834 6044 6022
f 6023 5838 5835
f 6045 5838 6023
f 6046 6025 6026
f 6046 6026 6027
f 6046 6027 6047
f 6047 6027 6028
f 6047 6028 6048
f 6048 6028 6029
f 6048 6029 6049
f 6051 6050 6049
f 6029 6051 6049
f 6030 6051 6029
f 6052 6030 6031
f 6051 6030 6052
f 6053 6031 6032
f 6052 6031 6053
f 6054 6032 6033
f 6053 6032 6054
f 6055 6033 6034
f 6054 6033 6055
f 6056 6034 6035
f 6055 6034 6056
f 6057 6035 6036
f 6056 6035 6057
f 6058 6036 6037
f 6057 6036 6058
f 6059 6037 6038
f 6058 6037 6059
f 6060 6038 6039
f 6059 6038 6060
f 6061 6039 6040
f 6060 6039 6061
f 6062 6040 6041
f 6061 6040 6062
f 6063 6041 6042
f 6062 6041 6063
f 6064 6042 6043
f 6063 6042 6064
f 6065 6043 6044
f 6064 6043 6065
f 5840 6065 5837
f 5837 6065 6044
f 6068 6067 6066
f 6045 6068 6066
f 5841 6045 6066
f 5838 6045 5841
f 6069 6050 6051
f 6069 6051 6052
f 6069 6052 6070
f 6070 6052 6053
f 6070 6053 6071
f 6071 6053 6054
f 6071 6054 6072
f 6072 6054 6055
f 6072 6055 6073
f 6073 6055 6056
f 6073 6056 6074
f 6074 6056 6057
f 6074 6057 6075
f 6075 6057 6058
f 6075 6058 6076
f 6076 6058 6059
f 6076 6059 6077
f 6077 6059 6060
f 6077 6060 6078
f 6078 6060 6061
f 6078 6061 6079
f 6079 6061 6062
f 6079 6062 6080
f 6080 6062 6063
f 6080 6063 6081
f 6081 6063 6064
f 6081 6064 6082
f 6082 6064 6065
f 6082 6065 6083
f 6085 6083 6084
f 6084 6083 5842
f 6083 6065 5842
f 6065 5840 5842
f 5843 6084 5842
f 6066 6067 5845
f 6067 5844 5845
f 6067 6086 5844
f 6066 5845 5841
f 6087 6085 6084
f 6084 5843 6087
f 5843 6088 6087
f 5843 5846 6088
f 6086 5847 5844
f 6089 5847 6086
f 6090 6088 5846
f 6090 5846 5848
f 5848 5849 6090
f 6090 5849 6091
f 6089 5850 5847
f 6092 5850 6089
f 5852 6091 5849
f 5852 6093 6091
f 6095 6094 5855
f 5855 6094 5854
f 6096 5855 5856
f 6096 6095 5855
f 5856 5850 6092
f 5856 6092 6096
f 6097 6093 5852
f 6097 5852 5857
f 6098 5857 5858
f 6098 6097 5857
f 6099 5858 5859
f 6099 6098 5858
f 6100 5859 5860
f 6100 6099 5859
f 6101 5860 5861
f 6101 6100 5860
f 6102 5861 5862
f 6102 6101 5861
f 5862 5854 6094
f 5862 6094 6102
f 6105 6104 6103
f 6106 6103 6104
f 6108 6107 5863
f 6108 5863 5864
f 5863 6109 5865
f 6107 6109 5863
f 5865 6110 5866
f 6109 6110 5865
f 6103 5867 6105
f 5867 6110 6105
f 5867 5866 6110
f 6106 6111 6103
f 6111 5867 6103
f 6111 5868 5867
f 5868 6112 5869
f 6111 6112 5868
f 5869 6113 5870
f 6112 6113 5869
f 5870 6114 5871
f 6113 6114 5870
f 5871 6115 5872
f 6114 6115 5871
f 5872 6116 5873
f 6115 6116 5872
f 5873 6117 5874
f 6116 6117 5873
f 5874 6118 5875
f 6117 6118 5874
f 5875 6119 5876
f 6118 6119 5875
f 5876 6120 5877
f 6119 6120 5876
f 5877 6121 5878
f 6120 6121 5877
f 5878 6122 5879
f 6121 6122 5878
f 5879 6123 5880
f 6122 6123 5879
f 5880 6124 5881
f 6123 6124 5880
f 5881 6125 5882
f 6124 6125 5881
f 5882 6126 5883
f 6125 6126 5882
f 5883 6127 5884
f 6126 6127 5883
f 5884 6128 5885
f 6127 6128 5884
f 5885 6129 5886
f 6128 6129 5885
f 5886 6130 5887
f 6129 6130 5886
f 5887 6131 5888
f 6130 6131 5887
f 5888 6132 5889
f 6131 6132 5888
f 5889 6133 5890
f 6132 6133 5889
f 5890 6134 5891
f 6133 6134 5890
f 5891 6135 5892
f 6134 6135 5891
f 5892 6136 5893
f 6135 6136 5892
f 5894 5893 6136
f 5894 6136 6137
f 5895 6108 5864
f 5895 6138 6108
f 6137 5896 5894
f 6139 5896 6137
f 5897 6138 5895
f 5897 6140 6138
f 6139 5898 5896
f 6141 5898 6139
f 5899 6140 5897
f 5899 6142 6140
f 6141 5900 5898
f 6143 5900 6141
f 5901 6142 5899
f 5901 6144 6142
f 6143 5902 5900
f 6145 5902 6143
f 5903 6144 5901
f 5903 6146 6144
f 6145 5904 5902
f 6147 5904 6145
f 5905 6146 5903
f 5905 6148 6146
f 6147 5906 5904
f 6149 5906 6147
f 5907 6148 5905
f 5907 6150 6148
f 6149 5908 5906
f 6151 5908 6149
f 5909 6150 5907
f 5909 6152 6150
f 6151 5910 5908
f 6153 5910 6151
f 5911 6152 5909
f 5911 6154 6152
f 6153 5912 5910
f 6155 5912 6153
f 5913 6154 5911
f 5913 6156 6154
f 6155 5914 5912
f 6157 5914 6155
f 5916 6156 5913
f 5916 6158 6156
f 6157 5933 5914
f 6159 5933 6157
f 5935 6158 5916
f 5935 6160 6158
f 6159 5951 5933
f 6161 5951 6159
f 5953 6160 5935
f 5953 6162 6160
f 6161 5967 5951
f 6163 5967 6161
f 6166 6165 6164
f 6165 6162 6164
f 6162 5969 6164
f 6162 5953 5969
f 6163 5982 5967
f 6167 5982 6163
f 6168 6166 6164
f 6164 5969 6168
f 5969 6169 6168
f 5969 5984 6169
f 6167 6170 5982
f 5982 6170 6000
f 6001 6000 6170
f 6001 6170 6171
f 6003 6169 5984
f 6003 6172 6169
f 6175 6174 6173
f 6171 6175 6173
f 6023 6171 6173
f 6001 6171 6023
f 6003 6024 6176
f 6177 6003 6176
f 6172 6003 6177
f 6025 6176 6024
f 6173 6174 6178
f 6178 6174 6179
f 6178 6045 6023
f 6178 6023 6173
f 6180 6177 6176
f 6182 6180 6181
f 6181 6180 6046
f 6180 6176 6046
f 6176 6025 6046
f 6047 6183 6046
f 6046 6183 6181
f 6048 6184 6047
f 6047 6184 6183
f 6049 6185 6048
f 6048 6185 6184
f 6050 6185 6049
f 6178 6179 6068
f 6179 6067 6068
f 6179 6186 6067
f 6178 6068 6045
f 6187 6182 6181
f 6187 6181 6183
f 6187 6183 6188
f 6188 6183 6184
f 6188 6184 6189
f 6189 6184 6185
f 6189 6185 6190
f 6190 6185 6050
f 6069 6190 6050
f 6191 6190 6069
f 6192 6069 6070
f 6192 6191 6069
f 6194 6192 6193
f 6192 6071 6193
f 6192 6070 6071
f 6072 6195 6071
f 6071 6195 6193
f 6073 6196 6072
f 6072 6196 6195
f 6074 6197 6073
f 6073 6197 6196
f 6075 6198 6074
f 6074 6198 6197
f 6076 6199 6075
f 6075 6199 6198
f 6077 6200 6076
f 6076 6200 6199
f 6078 6201 6077
f 6077 6201 6200
f 6079 6202 6078
f 6078 6202 6201
f 6080 6203 6079
f 6079 6203 6202
f 6081 6204 6080
f 6080 6204 6203
f 6082 6205 6081
f 6081 6205 6204
f 6083 6206 6082
f 6082 6206 6205
f 6085 6206 6083
f 6186 6086 6067
f 6207 6086 6186
f 6208 6194 6193
f 6208 6193 6195
f 6208 6195 6209
f 6209 6195 6196
f 6209 6196 6210
f 6210 6196 6197
f 6210 6197 6211
f 6211 6197 6198
f 6211 6198 6212
f 6212 6198 6199
f 6212 6199 6213
f 6213 6199 6200
f 6213 6200 6214
f 6214 6200 6201
f 6214 6201 6215
f 6215 6201 6202
f 6215 6202 6216
f 6216 6202 6203
f 6216 6203 6217
f 6217 6203 6204
f 6217 6204 6218
f 6218 6204 6205
f 6218 6205 6219
f 6219 6205 6206
f 6219 6206 6220
f 6222 6220 6221
f 6221 6220 6087
f 6220 6206 6087
f 6206 6085 6087
f 6088 6221 6087
f 6207 6089 6086
f 6223 6089 6207
f 6224 6222 6221
f 6226 6224 6225
f 6225 6224 6090
f 6224 6221 6090
f 6221 6088 6090
f 6091 6225 6090
f 6223 6092 6089
f 6227 6092 6223
f 6228 6226 6225
f 6091 6093 6225
f 6093 6229 6225
f 6229 6228 6225
f 6229 6093 6230
f 6230 6231 6229
f 6233 6232 6095
f 6095 6232 6094
f 6234 6095 6096
f 6234 6233 6095
f 6096 6092 6227
f 6096 6227 6234
f 6097 6230 6093
f 6235 6231 6230
f 6097 6235 6230
f 6098 6235 6097
f 6236 6098 6099
f 6236 6235 6098
f 6237 6099 6100
f 6237 6236 6099
f 6238 6100 6101
f 6238 6237 6100
f 6239 6101 6102
f 6239 6238 6101
f 6102 6094 6232
f 6102 6232 6239
f 6242 6241 6240
f 6104 6105 6240
f 6241 6104 6240
f 6243 6104 6241
f 6245 6244 6106
f 6104 6245 6106
f 6243 6245 6104
f 6247 6246 6244
f 6247 6244 6245
f 6248 6246 6247
f 6250 6249 6107
f 6250 6107 6108
f 6107 6251 6109
f 6249 6251 6107
f 6240 6110 6242
f 6110 6251 6242
f 6110 6109 6251
f 6110 6240 6105
f 6244 6111 6106
f 6111 6244 6112
f 6112 6244 6246
f 6248 6252 6246
f 6252 6112 6246
f 6252 6113 6112
f 6113 6253 6114
f 6252 6253 6113
f 6114 6254 6115
f 6253 6254 6114
f 6115 6255 6116
f 6254 6255 6115
f 6116 6256 6117
f 6255 6256 6116
f 6117 6257 6118
f 6256 6257 6117
f 6118 6258 6119
f 6257 6258 6118
f 6119 6259 6120
f 6258 6259 6119
f 6120 6260 6121
f 6259 6260 6120
f 6121 6261 6122
f 6260 6261 6121
f 6122 6262 6123
f 6261 6262 6122
f 6123 6263 6124
f 6262 6263 6123
f 6124 6264 6125
f 6263 6264 6124
f 6125 6265 6126
f 6264 6265 6125
f 6126 6266 6127
f 6265 6266 6126
f 6127 6267 6128
f 6266 6267 6127
f 6128 6268 6129
f 6267 6268 6128
f 6129 6269 6130
f 6268 6269 6129
f 6130 6270 6131
f 6269 6270 6130
f 6131 6271 6132
f 6270 6271 6131
f 6132 6272 6133
f 6271 6272 6132
f 6133 6273 6134
f 6272 6273 6133
f 6134 6274 6135
f 6273 6274 6134
f 6135 6275 6136
f 6274 6275 6135
f 6137 6136 6275
f 6137 6275 6276
f 6138 6250 6108
f 6138 6277 6250
f 6276 6139 6137
f 6278 6139 6276
f 6140 6277 6138
f 6140 6279 6277
f 6278 6141 6139
f 6280 6141 6278
f 6142 6279 6140
f 6142 6281 6279
f 6280 6143 6141
f 6282 6143 6280
f 6144 6281 6142
f 6144 6283 6281
f 6282 6145 6143
f 6284 6145 6282
f 6146 6283 6144
f 6146 6285 6283
f 6284 6147 6145
f 6286 6147 6284
f 6148 6285 6146
f 6148 6287 6285
f 6286 6149 6147
f 6288 6149 6286
f 6150 6287 6148
f 6150 6289 6287
f 6288 6151 6149
f 6290 6151 6288
f 6152 6289 6150
f 6152 6291 6289
f 6290 6153 6151
f 6292 6153 6290
f 6154 6291 6152
f 6154 6293 6291
f 6292 6155 6153
f 6294 6155 6292
f 6156 6293 6154
f 6156 6295 6293
f 6294 6157 6155
f 6296 6157 6294
f 6158 6295 6156
f 6158 6297 6295
f 6296 6159 6157
f 6298 6159 6296
f 6160 6297 6158
f 6160 6299 6297
f 6298 6161 6159
f 6300 6161 6298
f 6303 6302 6301
f 6302 6299 6301
f 6299 6162 6301
f 6299 6160 6162
f 6300 6163 6161
f 6304 6163 6300
f 6303 6301 6165
f 6166 6303 6165
f 6305 6303 6166
f 6165 6301 6162
f 6304 6167 6163
f 6306 6167 6304
f 6166 6168 6307
f 6308 6166 6307
f 6305 6166 6308
f 6169 6307 6168
f 6170 6167 6309
f 6167 6310 6309
f 6167 6306 6310
f 6309 6171 6170
f 6311 6308 6307
f 6307 6169 6311
f 6169 6312 6311
f 6169 6172 6312
f 6309 6310 6175
f 6310 6174 6175
f 6310 6313 6174
f 6309 6175 6171
f 6177 6312 6172
f 6177 6314 6312
f 6313 6179 6174
f 6315 6179 6313
f 6316 6314 6177
f 6316 6177 6180
f 6180 6182 6316
f 6316 6182 6317
f 6315 6186 6179
f 6318 6186 6315
f 6319 6317 6182
f 6319 6182 6187
f 6320 6187 6188
f 6320 6319 6187
f 6321 6188 6189
f 6321 6320 6188
f 6323 6321 6322
f 6321 6190 6322
f 6321 6189 6190
f 6191 6324 6190
f 6190 6324 6322
f 6192 6325 6191
f 6191 6325 6324
f 6194 6325 6192
f 6318 6207 6186
f 6326 6207 6318
f 6327 6323 6322
f 6327 6322 6324
f 6327 6324 6328
f 6328 6324 6325
f 6328 6325 6329
f 6329 6325 6194
f 6208 6329 6194
f 6330 6329 6208
f 6331 6208 6209
f 6331 6330 6208
f 6332 6209 6210
f 6332 6331 6209
f 6333 6210 6211
f 6333 6332 6210
f 6334 6211 6212
f 6334 6333 6211
f 6335 6212 6213
f 6335 6334 6212
f 6336 6213 6214
f 6336 6335 6213
f 6337 6214 6215
f 6337 6336 6214
f 6338 6215 6216
f 6338 6337 6215
f 6339 6216 6217
f 6339 6338 6216
f 6340 6217 6218
f 6340 6339 6217
f 6341 6218 6219
f 6341 6340 6218
f 6343 6341 6342
f 6341 6220 6342
f 6341 6219 6220
f 6222 6342 6220
f 6326 6223 6207
f 6344 6223 6326
f 6345 6343 6342
f 6345 6342 6222
f 6224 6345 6222
f 6346 6345 6224
f 6348 6347 6226
f 6347 6224 6226
f 6347 6346 6224
f 6348 6349 6347
f 6352 6351 6350
f 6344 6352 6350
f 6227 6344 6350
f 6223 6344 6227
f 6228 6348 6226
f 6353 6349 6348
f 6228 6353 6348
f 6229 6353 6228
f 6355 6354 6231
f 6354 6229 6231
f 6354 6353 6229
f 6357 6356 6355
f 6355 6356 6354
f 6359 6358 6357
f 6357 6358 6356
f 6361 6360 6359
f 6359 6360 6358
f 6363 6362 6361
f 6361 6362 6360
f 6232 6233 6363
f 6233 6362 6363
f 6233 6364 6362
f 6234 6350 6351
f 6364 6234 6351
f 6233 6234 6364
f 6350 6234 6227
f 6235 6355 6231
f 6355 6235 6236
f 6355 6236 6357
f 6357 6236 6237
f 6357 6237 6359
f 6359 6237 6238
f 6359 6238 6361
f 6361 6238 6239
f 6361 6239 6363
f 6363 6239 6232
f 6242 6365 6241
f 6366 6243 6241
f 6366 6241 6365
f 6367 6245 6243
f 6367 6243 6366
f 6368 6247 6245
f 6368 6245 6367
f 6368 6248 6247
f 6250 6369 6249
f 6249 6369 6370
f 6371 6249 6370
f 6251 6249 6371
f 6242 6251 6365
f 6251 6372 6365
f 6251 6371 6372
f 6365 6372 6366
f 6366 6372 6373
f 6366 6373 6367
f 6367 6373 6374
f 6367 6374 6368
f 6368 6374 6375
f 6368 6375 6248
f 6375 6252 6248
f 6375 6376 6252
f 6252 6377 6253
f 6376 6377 6252
f 6253 6378 6254
f 6377 6378 6253
f 6254 6379 6255
f 6378 6379 6254
f 6255 6380 6256
f 6379 6380 6255
f 6256 6381 6257
f 6380 6381 6256
f 6257 6382 6258
f 6381 6382 6257
f 6258 6383 6259
f 6382 6383 6258
f 6259 6384 6260
f 6383 6384 6259
f 6260 6385 6261
f 6384 6385 6260
f 6261 6386 6262
f 6385 6386 6261
f 6262 6387 6263
f 6386 6387 6262
f 6263 6388 6264
f 6387 6388 6263
f 6264 6389 6265
f 6388 6389 6264
f 6265 6390 6266
f 6389 6390 6265
f 6266 6391 6267
f 6390 6391 6266
f 6267 6392 6268
f 6391 6392 6267
f 6268 6393 6269
f 6392 6393 6268
f 6269 6394 6270
f 6393 6394 6269
f 6270 6395 6271
f 6394 6395 6270
f 6271 6396 6272
f 6395 6396 6271
f 6272 6397 6273
f 6396 6397 6272
f 6273 6398 6274
f 6397 6398 6273
f 6274 6399 6275
f 6398 6399 6274
f 6276 6275 6399
f 6276 6399 6400
f 6277 6401 6369
f 6277 6369 6250
f 6370 6369 6402
f 6402 6369 6401
f 6400 6278 6276
f 6403 6278 6400
f 6279 6404 6401
f 6279 6401 6277
f 6402 6401 6405
f 6405 6401 6404
f 6403 6280 6278
f 6406 6280 6403
f 6281 6407 6404
f 6281 6404 6279
f 6405 6404 6408
f 6408 6404 6407
f 6406 6282 6280
f 6409 6282 6406
f 6411 6410 6407
f 6281 6411 6407
f 6283 6411 6281
f 6407 6410 6408
f 6409 6284 6282
f 6412 6284 6409
f 6285 6411 6283
f 6285 6413 6411
f 6412 6286 6284
f 6414 6286 6412
f 6287 6413 6285
f 6287 6415 6413
f 6414 6288 6286
f 6416 6288 6414
f 6289 6415 6287
f 6289 6417 6415
f 6416 6290 6288
f 6418 6290 6416
f 6291 6417 6289
f 6291 6419 6417
f 6418 6292 6290
f 6420 6292 6418
f 6293 6419 6291
f 6293 6421 6419
f 6420 6294 6292
f 6422 6294 6420
f 6295 6421 6293
f 6295 6423 6421
f 6422 6296 6294
f 6424 6296 6422
f 6297 6423 6295
f 6297 6425 6423
f 6424 6298 6296
f 6426 6298 6424
f 6299 6425 6297
f 6299 6427 6425
f 6426 6300 6298
f 6428 6300 6426
f 6430 6429 6302
f 6430 6302 6303
f 6299 6302 6427
f 6427 6302 6429
f 6428 6304 6300
f 6431 6304 6428
f 6305 6430 6303
f 6305 6432 6430
f 6431 6306 6304
f 6433 6306 6431
f 6308 6432 6305
f 6308 6434 6432
f 6433 6310 6306
f 6435 6310 6433
f 6436 6434 6308
f 6436 6308 6311
f 6311 6312 6436
f 6436 6312 6437
f 6435 6313 6310
f 6438 6313 6435
f 6314 6437 6312
f 6314 6439 6437
f 6438 6315 6313
f 6440 6315 6438
f 6441 6439 6314
f 6441 6314 6316
f 6316 6317 6441
f 6441 6317 6442
f 6440 6318 6315
f 6443 6318 6440
f 6444 6442 6317
f 6444 6317 6319
f 6445 6319 6320
f 6445 6444 6319
f 6446 6320 6321
f 6446 6445 6320
f 6448 6447 6323
f 6447 6321 6323
f 6447 6446 6321
f 6450 6449 6448
f 6448 6449 6447
f 6450 6451 6449
f 6443 6326 6318
f 6452 6326 6443
f 6327 6448 6323
f 6448 6327 6328
f 6448 6328 6450
f 6453 6451 6450
f 6328 6453 6450
f 6329 6453 6328
f 6454 6329 6330
f 6454 6453 6329
f 6455 6330 6331
f 6455 6454 6330
f 6456 6331 6332
f 6456 6455 6331
f 6457 6332 6333
f 6457 6456 6332
f 6458 6333 6334
f 6458 6457 6333
f 6459 6334 6335
f 6459 6458 6334
f 6460 6335 6336
f 6460 6459 6335
f 6461 6336 6337
f 6461 6460 6336
f 6462 6337 6338
f 6462 6461 6337
f 6463 6338 6339
f 6463 6462 6338
f 6464 6339 6340
f 6464 6463 6339
f 6465 6340 6341
f 6465 6464 6340
f 6467 6466 6343
f 6466 6341 6343
f 6466 6465 6341
f 6469 6468 6467
f 6467 6468 6466
f 6471 6470 6469
f 6469 6470 6468
f 6471 6472 6470
f 6475 6474 6473
f 6452 6475 6473
f 6344 6452 6473
f 6326 6452 6344
f 6345 6467 6343
f 6467 6345 6346
f 6467 6346 6469
f 6469 6346 6347
f 6469 6347 6471
f 6477 6476 6349
f 6349 6476 6347
f 6476 6472 6347
f 6472 6471 6347
f 6479 6478 6477
f 6477 6478 6476
f 6479 6480 6478
f 6483 6482 6481
f 6483 6481 6474
f 6474 6481 6473
f 6481 6351 6473
f 6351 6352 6473
f 6473 6352 6344
f 6353 6477 6349
f 6477 6353 6354
f 6477 6354 6479
f 6484 6480 6479
f 6354 6484 6479
f 6356 6484 6354
f 6485 6356 6358
f 6485 6484 6356
f 6486 6358 6360
f 6486 6485 6358
f 6487 6360 6362
f 6487 6486 6360
f 6364 6481 6482
f 6487 6364 6482
f 6362 6364 6487
f 6481 6364 6351
f 6370 6488 6371
f 6489 6372 6371
f 6489 6371 6488
f 6490 6373 6372
f 6490 6372 6489
f 6373 6490 6491
f 6492 6373 6491
f 6374 6373 6492
f 6374 6493 6375
f 6492 6493 6374
f 6493 6495 6494
f 6376 6493 6494
f 6375 6493 6376
f 6376 6494 6496
f 6497 6376 6496
f 6377 6376 6497
f 6377 6498 6378
f 6497 6498 6377
f 6378 6499 6379
f 6498 6499 6378
f 6379 6500 6380
f 6499 6500 6379
f 6380 6501 6381
f 6500 6501 6380
f 6501 6503 6502
f 6382 6501 6502
f 6381 6501 6382
f 6504 6383 6382
f 6504 6382 6502
f 6505 6384 6383
f 6505 6383 6504
f 6506 6385 6384
f 6506 6384 6505
f 6507 6386 6385
f 6507 6385 6506
f 6508 6387 6386
f 6508 6386 6507
f 6509 6388 6387
f 6509 6387 6508
f 6510 6389 6388
f 6510 6388 6509
f 6511 6390 6389
f 6511 6389 6510
f 6512 6391 6390
f 6512 6390 6511
f 6513 6392 6391
f 6513 6391 6512
f 6514 6393 6392
f 6514 6392 6513
f 6515 6394 6393
f 6515 6393 6514
f 6516 6395 6394
f 6516 6394 6515
f 6517 6396 6395
f 6517 6395 6516
f 6518 6397 6396
f 6518 6396 6517
f 6519 6398 6397
f 6519 6397 6518
f 6520 6399 6398
f 6520 6398 6519
f 6520 6400 6399
f 6402 6521 6488
f 6402 6488 6370
f 6523 6489 6522
f 6489 6521 6522
f 6489 6488 6521
f 6489 6523 6490
f 6490 6523 6524
f 6490 6524 6491
f 6495 6525 6494
f 6494 6525 6496
f 6503 6526 6502
f 6502 6526 6504
f 6504 6526 6527
f 6504 6527 6505
f 6505 6527 6528
f 6505 6528 6506
f 6506 6528 6529
f 6506 6529 6507
f 6507 6529 6530
f 6507 6530 6508
f 6508 6530 6531
f 6508 6531 6509
f 6509 6531 6532
f 6509 6532 6510
f 6510 6532 6533
f 6510 6533 6511
f 6511 6533 6534
f 6511 6534 6512
f 6512 6534 6535
f 6512 6535 6513
f 6513 6535 6536
f 6513 6536 6514
f 6514 6536 6537
f 6514 6537 6515
f 6515 6537 6538
f 6515 6538 6516
f 6516 6538 6539
f 6516 6539 6517
f 6517 6539 6540
f 6517 6540 6518
f 6518 6540 6541
f 6543 6542 6541
f 6542 6518 6541
f 6542 6519 6518
f 6519 6544 6520
f 6519 6542 6544
f 6544 6403 6400
f 6544 6400 6520
f 6405 6545 6521
f 6405 6521 6402
f 6522 6521 6546
f 6546 6521 6545
f 6549 6548 6547
f 6551 6550 6547
f 6547 6550 6549
f 6553 6552 6551
f 6551 6552 6550
f 6555 6554 6553
f 6553 6554 6552
f 6554 6555 6543
f 6555 6542 6543
f 6555 6556 6542
f 6542 6557 6544
f 6542 6556 6557
f 6557 6406 6403
f 6557 6403 6544
f 6408 6558 6545
f 6408 6545 6405
f 6546 6545 6559
f 6559 6545 6558
f 6562 6561 6560
f 6564 6563 6560
f 6560 6563 6562
f 6566 6565 6564
f 6564 6565 6563
f 6568 6567 6566
f 6566 6567 6565
f 6570 6569 6568
f 6568 6569 6567
f 6572 6571 6570
f 6570 6571 6569
f 6572 6573 6571
f 6576 6575 6574
f 6578 6577 6574
f 6574 6577 6576
f 6580 6579 6578
f 6578 6579 6577
f 6582 6581 6580
f 6580 6581 6579
f 6584 6583 6582
f 6582 6583 6581
f 6586 6585 6584
f 6584 6585 6583
f 6588 6587 6586
f 6586 6587 6585
f 6588 6589 6587
f 6592 6591 6590
f 6594 6593 6590
f 6590 6593 6592
f 6593 6594 6548
f 6594 6547 6548
f 6594 6595 6547
f 6547 6596 6551
f 6547 6595 6596
f 6551 6597 6553
f 6551 6596 6597
f 6553 6598 6555
f 6553 6597 6598
f 6555 6599 6556
f 6555 6598 6599
f 6556 6600 6557
f 6556 6599 6600
f 6600 6409 6406
f 6600 6406 6557
f 6411 6601 6410
f 6558 6408 6410
f 6601 6558 6410
f 6602 6558 6601
f 6559 6558 6603
f 6603 6558 6602
f 6606 6605 6604
f 6606 6604 6561
f 6604 6560 6561
f 6604 6607 6560
f 6560 6608 6564
f 6560 6607 6608
f 6564 6609 6566
f 6564 6608 6609
f 6566 6610 6568
f 6566 6609 6610
f 6568 6611 6570
f 6568 6610 6611
f 6570 6612 6572
f 6570 6611 6612
f 6573 6572 6613
f 6572 6614 6613
f 6572 6612 6614
f 6613 6614 6575
f 6614 6574 6575
f 6614 6615 6574
f 6574 6616 6578
f 6574 6615 6616
f 6578 6617 6580
f 6578 6616 6617
f 6580 6618 6582
f 6580 6617 6618
f 6582 6619 6584
f 6582 6618 6619
f 6584 6620 6586
f 6584 6619 6620
f 6586 6621 6588
f 6586 6620 6621
f 6589 6588 6622
f 6588 6623 6622
f 6588 6621 6623
f 6625 6624 6623
f 6623 6624 6622
f 6627 6626 6625
f 6625 6626 6624
f 6626 6627 6591
f 6627 6590 6591
f 6627 6628 6590
f 6590 6629 6594
f 6590 6628 6629
f 6594 6630 6595
f 6594 6629 6630
f 6595 6631 6596
f 6595 6630 6631
f 6596 6632 6597
f 6596 6631 6632
f 6597 6633 6598
f 6597 6632 6633
f 6598 6634 6599
f 6598 6633 6634
f 6599 6635 6600
f 6599 6634 6635
f 6635 6412 6409
f 6635 6409 6600
f 6413 6636 6601
f 6413 6601 6411
f 6601 6637 6602
f 6601 6636 6637
f 6603 6602 6638
f 6602 6639 6638
f 6602 6637 6639
f 6641 6640 6639
f 6639 6640 6638
f 6640 6641 6605
f 6641 6604 6605
f 6641 6642 6604
f 6604 6643 6607
f 6604 6642 6643
f 6607 6644 6608
f 6607 6643 6644
f 6608 6645 6609
f 6608 6644 6645
f 6609 6646 6610
f 6609 6645 6646
f 6610 6647 6611
f 6610 6646 6647
f 6611 6648 6612
f 6611 6647 6648
f 6612 6649 6614
f 6612 6648 6649
f 6614 6650 6615
f 6614 6649 6650
f 6615 6651 6616
f 6615 6650 6651
f 6616 6652 6617
f 6616 6651 6652
f 6617 6653 6618
f 6617 6652 6653
f 6618 6654 6619
f 6618 6653 6654
f 6619 6655 6620
f 6619 6654 6655
f 6620 6656 6621
f 6620 6655 6656
f 6621 6657 6623
f 6621 6656 6657
f 6623 6658 6625
f 6623 6657 6658
f 6625 6659 6627
f 6625 6658 6659
f 6627 6660 6628
f 6627 6659 6660
f 6628 6661 6629
f 6628 6660 6661
f 6629 6662 6630
f 6629 6661 6662
f 6630 6663 6631
f 6630 6662 6663
f 6631 6664 6632
f 6631 6663 6664
f 6632 6665 6633
f 6632 6664 6665
f 6633 6666 6634
f 6633 6665 6666
f 6634 6667 6635
f 6634 6666 6667
f 6667 6414 6412
f 6667 6412 6635
f 6415 6668 6636
f 6415 6636 6413
f 6636 6669 6637
f 6636 6668 6669
f 6637 6670 6639
f 6637 6669 6670
f 6639 6671 6641
f 6639 6670 6671
f 6641 6672 6642
f 6641 6671 6672
f 6642 6673 6643
f 6642 6672 6673
f 6643 6674 6644
f 6643 6673 6674
f 6644 6675 6645
f 6644 6674 6675
f 6645 6676 6646
f 6645 6675 6676
f 6646 6677 6647
f 6646 6676 6677
f 6647 6678 6648
f 6647 6677 6678
f 6648 6679 6649
f 6648 6678 6679
f 6649 6680 6650
f 6649 6679 6680
f 6650 6681 6651
f 6650 6680 6681
f 6651 6682 6652
f 6651 6681 6682
f 6652 6683 6653
f 6652 6682 6683
f 6653 6684 6654
f 6653 6683 6684
f 6654 6685 6655
f 6654 6684 6685
f 6655 6686 6656
f 6655 6685 6686
f 6656 6687 6657
f 6656 6686 6687
f 6657 6688 6658
f 6657 6687 6688
f 6658 6689 6659
f 6658 6688 6689
f 6659 6690 6660
f 6659 6689 6690
f 6660 6691 6661
f 6660 6690 6691
f 6661 6692 6662
f 6661 6691 6692
f 6662 6693 6663
f 6662 6692 6693
f 6663 6694 6664
f 6663 6693 6694
f 6664 6695 6665
f 6664 6694 6695
f 6665 6696 6666
f 6665 6695 6696
f 6666 6697 6667
f 6666 6696 6697
f 6697 6416 6414
f 6697 6414 6667
f 6417 6698 6668
f 6417 6668 6415
f 6668 6699 6669
f 6668 6698 6699
f 6669 6700 6670
f 6669 6699 6700
f 6670 6701 6671
f 6670 6700 6701
f 6671 6702 6672
f 6671 6701 6702
f 6672 6703 6673
f 6672 6702 6703
f 6673 6704 6674
f 6673 6703 6704
f 6674 6705 6675
f 6674 6704 6705
f 6675 6706 6676
f 6675 6705 6706
f 6676 6707 6677
f 6676 6706 6707
f 6677 6708 6678
f 6677 6707 6708
f 6678 6709 6679
f 6678 6708 6709
f 6679 6710 6680
f 6679 6709 6710
f 6680 6711 6681
f 6680 6710 6711
f 6681 6712 6682
f 6681 6711 6712
f 6682 6713 6683
f 6682 6712 6713
f 6683 6714 6684
f 6683 6713 6714
f 6684 6715 6685
f 6684 6714 6715
f 6685 6716 6686
f 6685 6715 6716
f 6686 6717 6687
f 6686 6716 6717
f 6687 6718 6688
f 6687 6717 6718
f 6688 6719 6689
f 6688 6718 6719
f 6689 6720 6690
f 6689 6719 6720
f 6690 6721 6691
f 6690 6720 6721
f 6691 6722 6692
f 6691 6721 6722
f 6692 6723 6693
f 6692 6722 6723
f 6693 6724 6694
f 6693 6723 6724
f 6694 6725 6695
f 6694 6724 6725
f 6695 6726 6696
f 6695 6725 6726
f 6696 6727 6697
f 6696 6726 6727
f 6727 6418 6416
f 6727 6416 6697
f 6419 6728 6698
f 6419 6698 6417
f 6698 6729 6699
f 6698 6728 6729
f 6699 6730 6700
f 6699 6729 6730
f 6700 6731 6701
f 6700 6730 6731
f 6701 6732 6702
f 6701 6731 6732
f 6702 6733 6703
f 6702 6732 6733
f 6703 6734 6704
f 6703 6733 6734
f 6704 6735 6705
f 6704 6734 6735
f 6705 6736 6706
f 6705 6735 6736
f 6706 6737 6707
f 6706 6736 6737
f 6707 6738 6708
f 6707 6737 6738
f 6708 6739 6709
f 6708 6738 6739
f 6709 6740 6710
f 6709 6739 6740
f 6710 6741 6711
f 6710 6740 6741
f 6711 6742 6712
f 6711 6741 6742
f 6712 6743 6713
f 6712 6742 6743
f 6713 6744 6714
f 6713 6743 6744
f 6714 6745 6715
f 6714 6744 6745
f 6715 6746 6716
f 6715 6745 6746
f 6716 6747 6717
f 6716 6746 6747
f 6717 6748 6718
f 6717 6747 6748
f 6718 6749 6719
f 6718 6748 6749
f 6719 6750 6720
f 6719 6749 6750
f 6720 6751 6721
f 6720 6750 6751
f 6721 6752 6722
f 6721 6751 6752
f 6722 6753 6723
f 6722 6752 6753
f 6723 6754 6724
f 6723 6753 6754
f 6724 6755 6725
f 6724 6754 6755
f 6725 6756 6726
f 6725 6755 6756
f 6726 6757 6727
f 6726 6756 6757
f 6757 6420 6418
f 6757 6418 6727
f 6421 6758 6728
f 6421 6728 6419
f 6728 6759 6729
f 6728 6758 6759
f 6729 6760 6730
f 6729 6759 6760
f 6730 6761 6731
f 6730 6760 6761
f 6731 6762 6732
f 6731 6761 6762
f 6732 6763 6733
f 6732 6762 6763
f 6733 6764 6734
f 6733 6763 6764
f 6734 6765 6735
f 6734 6764 6765
f 6735 6766 6736
f 6735 6765 6766
f 6736 6767 6737
f 6736 6766 6767
f 6737 6768 6738
f 6737 6767 6768
f 6738 6769 6739
f 6738 6768 6769
f 6739 6770 6740
f 6739 6769 6770
f 6740 6771 6741
f 6740 6770 6771
f 6741 6772 6742
f 6741 6771 6772
f 6742 6773 6743
f 6742 6772 6773
f 6743 6774 6744
f 6743 6773 6774
f 6744 6775 6745
f 6744 6774 6775
f 6745 6776 6746
f 6745 6775 6776
f 6746 6777 6747
f 6746 6776 6777
f 6747 6778 6748
f 6747 6777 6778
f 6748 6779 6749
f 6748 6778 6779
f 6749 6780 6750
f 6749 6779 6780
f 6750 6781 6751
f 6750 6780 6781
f 6751 6782 6752
f 6751 6781 6782
f 6752 6783 6753
f 6752 6782 6783
f 6753 6784 6754
f 6753 6783 6784
f 6754 6785 6755
f 6754 6784 6785
f 6755 6786 6756
f 6755 6785 6786
f 6756 6787 6757
f 6756 6786 6787
f 6787 6422 6420
f 6787 6420 6757
f 6423 6788 6758
f 6423 6758 6421
f 6758 6789 6759
f 6758 6788 6789
f 6791 6760 6790
f 6760 6789 6790
f 6760 6759 6789
f 6760 6791 6761
f 6761 6791 6792
f 6794 6793 6792
f 6793 6761 6792
f 6793 6762 6761
f 6762 6795 6763
f 6762 6793 6795
f 6763 6796 6764
f 6763 6795 6796
f 6764 6797 6765
f 6764 6796 6797
f 6765 6798 6766
f 6765 6797 6798
f 6766 6799 6767
f 6766 6798 6799
f 6767 6800 6768
f 6767 6799 6800
f 6768 6801 6769
f 6768 6800 6801
f 6769 6802 6770
f 6769 6801 6802
f 6770 6803 6771
f 6770 6802 6803
f 6771 6804 6772
f 6771 6803 6804
f 6772 6805 6773
f 6772 6804 6805
f 6773 6806 6774
f 6773 6805 6806
f 6774 6807 6775
f 6774 6806 6807
f 6775 6808 6776
f 6775 6807 6808
f 6776 6809 6777
f 6776 6808 6809
f 6777 6810 6778
f 6777 6809 6810
f 6778 6811 6779
f 6778 6810 6811
f 6779 6812 6780
f 6779 6811 6812
f 6780 6813 6781
f 6780 6812 6813
f 6781 6814 6782
f 6781 6813 6814
f 6782 6815 6783
f 6782 6814 6815
f 6783 6816 6784
f 6783 6815 6816
f 6784 6817 6785
f 6784 6816 6817
f 6785 6818 6786
f 6785 6817 6818
f 6786 6819 6787
f 6786 6818 6819
f 6819 6424 6422
f 6819 6422 6787
f 6425 6820 6788
f 6425 6788 6423
f 6822 6789 6821
f 6789 6820 6821
f 6789 6788 6820
f 6789 6822 6790
f 6794 6823 6793
f 6793 6823 6795
f 6795 6823 6824
f 6795 6824 6796
f 6796 6824 6825
f 6796 6825 6797
f 6797 6825 6826
f 6797 6826 6798
f 6798 6826 6827
f 6798 6827 6799
f 6799 6827 6828
f 6799 6828 6800
f 6800 6828 6829
f 6800 6829 6801
f 6801 6829 6830
f 6801 6830 6802
f 6802 6830 6831
f 6802 6831 6803
f 6803 6831 6832
f 6803 6832 6804
f 6804 6832 6833
f 6804 6833 6805
f 6805 6833 6834
f 6805 6834 6806
f 6806 6834 6835
f 6806 6835 6807
f 6807 6835 6836
f 6807 6836 6808
f 6808 6836 6837
f 6808 6837 6809
f 6809 6837 6838
f 6840 6839 6838
f 6839 6809 6838
f 6839 6810 6809
f 6810 6841 6811
f 6810 6839 6841
f 6811 6842 6812
f 6811 6841 6842
f 6812 6843 6813
f 6812 6842 6843
f 6813 6844 6814
f 6813 6843 6844
f 6814 6845 6815
f 6814 6844 6845
f 6815 6846 6816
f 6815 6845 6846
f 6816 6847 6817
f 6816 6846 6847
f 6817 6848 6818
f 6817 6847 6848
f 6818 6849 6819
f 6818 6848 6849
f 6849 6426 6424
f 6849 6424 6819
f 6851 6850 6820
f 6425 6851 6820
f 6427 6851 6425
f 6820 6850 6821
f 6840 6852 6839
f 6854 6853 6852
f 6853 6839 6852
f 6853 6841 6839
f 6841 6855 6842
f 6841 6853 6855
f 6842 6856 6843
f 6842 6855 6856
f 6843 6857 6844
f 6843 6856 6857
f 6844 6858 6845
f 6844 6857 6858
f 6845 6859 6846
f 6845 6858 6859
f 6846 6860 6847
f 6846 6859 6860
f 6847 6861 6848
f 6847 6860 6861
f 6848 6862 6849
f 6848 6861 6862
f 6862 6428 6426
f 6862 6426 6849
f 6430 6863 6429
f 6863 6864 6429
f 6864 6427 6429
f 6864 6851 6427
f 6854 6865 6853
f 6867 6866 6865
f 6866 6853 6865
f 6866 6855 6853
f 6855 6868 6856
f 6855 6866 6868
f 6856 6869 6857
f 6856 6868 6869
f 6857 6870 6858
f 6857 6869 6870
f 6872 6859 6871
f 6859 6870 6871
f 6859 6858 6870
f 6859 6872 6860
f 6860 6872 6873
f 6875 6874 6873
f 6874 6860 6873
f 6874 6861 6860
f 6861 6876 6862
f 6861 6874 6876
f 6876 6431 6428
f 6876 6428 6862
f 6432 6877 6863
f 6432 6863 6430
f 6864 6863 6878
f 6878 6863 6877
f 6867 6879 6866
f 6866 6879 6868
f 6868 6879 6880
f 6868 6880 6869
f 6869 6880 6881
f 6869 6881 6870
f 6870 6881 6882
f 6870 6882 6871
f 6875 6883 6874
f 6885 6884 6883
f 6884 6874 6883
f 6884 6876 6874
f 6884 6433 6431
f 6884 6431 6876
f 6434 6886 6877
f 6434 6877 6432
f 6878 6877 6887
f 6887 6877 6886
f 6884 6885 6888
f 6888 6885 6889
f 6888 6435 6433
f 6888 6433 6884
f 6436 6886 6434
f 6436 6437 6886
f 6437 6887 6886
f 6437 6890 6887
f 6893 6892 6891
f 6891 6894 6893
f 6888 6889 6895
f 6895 6889 6896
f 6895 6438 6435
f 6895 6435 6888
f 6439 6898 6897
f 6890 6439 6897
f 6437 6439 6890
f 6898 6899 6897
f 6902 6901 6900
f 6904 6903 6900
f 6900 6903 6902
f 6906 6905 6904
f 6904 6905 6903
f 6905 6906 6892
f 6906 6891 6892
f 6906 6907 6891
f 6894 6891 6908
f 6891 6909 6908
f 6891 6907 6909
f 6909 6910 6908
f 6895 6896 6911
f 6911 6896 6912
f 6911 6440 6438
f 6911 6438 6895
f 6441 6898 6439
f 6914 6913 6442
f 6442 6913 6441
f 6913 6899 6441
f 6899 6898 6441
f 6916 6915 6914
f 6914 6915 6913
f 6918 6917 6916
f 6916 6917 6915
f 6920 6919 6918
f 6918 6919 6917
f 6920 6921 6919
f 6924 6923 6922
f 6926 6925 6922
f 6922 6925 6924
f 6928 6927 6926
f 6926 6927 6925
f 6930 6929 6928
f 6928 6929 6927
f 6929 6930 6901
f 6930 6900 6901
f 6930 6931 6900
f 6900 6932 6904
f 6900 6931 6932
f 6904 6933 6906
f 6904 6932 6933
f 6906 6934 6907
f 6906 6933 6934
f 6907 6935 6909
f 6907 6934 6935
f 6910 6909 6936
f 6909 6937 6936
f 6909 6935 6937
f 6939 6938 6937
f 6937 6938 6936
f 6939 6940 6938
f 6911 6912 6941
f 6941 6912 6942
f 6941 6443 6440
f 6941 6440 6911
f 6444 6914 6442
f 6914 6444 6445
f 6914 6445 6916
f 6916 6445 6446
f 6916 6446 6918
f 6918 6446 6447
f 6918 6447 6920
f 6943 6921 6920
f 6447 6943 6920
f 6449 6943 6447
f 6945 6944 6451
f 6944 6449 6451
f 6944 6943 6449
f 6947 6946 6945
f 6945 6946 6944
f 6949 6948 6947
f 6947 6948 6946
f 6951 6950 6949
f 6949 6950 6948
f 6953 6952 6951
f 6951 6952 6950
f 6955 6954 6953
f 6953 6954 6952
f 6957 6956 6955
f 6955 6956 6954
f 6959 6958 6957
f 6957 6958 6956
f 6958 6959 6923
f 6959 6922 6923
f 6959 6960 6922
f 6922 6961 6926
f 6922 6960 6961
f 6926 6962 6928
f 6926 6961 6962
f 6928 6963 6930
f 6928 6962 6963
f 6930 6964 6931
f 6930 6963 6964
f 6931 6965 6932
f 6931 6964 6965
f 6932 6966 6933
f 6932 6965 6966
f 6933 6967 6934
f 6933 6966 6967
f 6934 6968 6935
f 6934 6967 6968
f 6935 6969 6937
f 6935 6968 6969
f 6937 6970 6939
f 6937 6969 6970
f 6940 6939 6971
f 6939 6972 6971
f 6939 6970 6972
f 6974 6973 6972
f 6972 6973 6971
f 6976 6975 6974
f 6974 6975 6973
f 6978 6977 6976
f 6976 6977 6975
f 6977 6978 6942
f 6978 6941 6942
f 6978 6979 6941
f 6979 6452 6443
f 6979 6443 6941
f 6453 6945 6451
f 6945 6453 6454
f 6945 6454 6947
f 6947 6454 6455
f 6947 6455 6949
f 6949 6455 6456
f 6949 6456 6951
f 6951 6456 6457
f 6951 6457 6953
f 6953 6457 6458
f 6953 6458 6955
f 6955 6458 6459
f 6955 6459 6957
f 6957 6459 6460
f 6957 6460 6959
f 6959 6460 6461
f 6959 6461 6960
f 6960 6461 6462
f 6960 6462 6961
f 6961 6462 6463
f 6961 6463 6962
f 6962 6463 6464
f 6962 6464 6963
f 6963 6464 6465
f 6963 6465 6964
f 6964 6465 6466
f 6964 6466 6965
f 6965 6466 6468
f 6965 6468 6966
f 6966 6468 6470
f 6966 6470 6967
f 6967 6470 6472
f 6980 6967 6472
f 6968 6967 6980
f 6968 6981 6969
f 6968 6980 6981
f 6969 6982 6970
f 6969 6981 6982
f 6970 6983 6972
f 6970 6982 6983
f 6972 6984 6974
f 6972 6983 6984
f 6974 6985 6976
f 6974 6984 6985
f 6976 6986 6978
f 6976 6985 6986
f 6986 6474 6475
f 6979 6986 6475
f 6978 6986 6979
f 6979 6475 6452
f 6476 6980 6472
f 6980 6476 6478
f 6980 6478 6981
f 6981 6478 6480
f 6987 6981 6480
f 6982 6981 6987
f 6982 6988 6983
f 6982 6987 6988
f 6983 6989 6984
f 6983 6988 6989
f 6984 6990 6985
f 6984 6989 6990
f 6990 6482 6483
f 6986 6990 6483
f 6985 6990 6986
f 6986 6483 6474
f 6484 6987 6480
f 6987 6484 6485
f 6987 6485 6988
f 6988 6485 6486
f 6988 6486 6989
f 6989 6486 6487
f 6989 6487 6990
f 6990 6487 6482
f 6491 6991 6492
f 6992 6493 6492
f 6992 6492 6991
f 6992 6495 6493
f 6496 6993 6497
f 6994 6498 6497
f 6994 6497 6993
f 6995 6499 6498
f 6995 6498 6994
f 6996 6500 6499
f 6996 6499 6995
f 6997 6501 6500
f 6997 6500 6996
f 6997 6503 6501
f 6522 6998 6523
f 6999 6524 6523
f 6999 6523 6998
f 6991 6491 6524
f 6999 6991 6524
f 7000 6991 6999
f 6991 7001 6992
f 6991 7000 7001
f 7002 6525 6495
f 6992 7002 6495
f 7001 7002 6992
f 6993 6496 6525
f 7002 6993 6525
f 7003 6993 7002
f 6993 7004 6994
f 6993 7003 7004
f 6994 7005 6995
f 6994 7004 7005
f 6995 7006 6996
f 6995 7005 7006
f 6996 7007 6997
f 6996 7006 7007
f 7008 6526 6503
f 6997 7008 6503
f 7007 7008 6997
f 7009 6527 6526
f 7009 6526 7008
f 7010 6528 6527
f 7010 6527 7009
f 7011 6529 6528
f 7011 6528 7010
f 7012 6530 6529
f 7012 6529 7011
f 7013 6531 6530
f 7013 6530 7012
f 7014 6532 6531
f 7014 6531 7013
f 7015 6533 6532
f 7015 6532 7014
f 7016 6534 6533
f 7016 6533 7015
f 7017 6535 6534
f 7017 6534 7016
f 7018 6536 6535
f 7018 6535 7017
f 7019 6537 6536
f 7019 6536 7018
f 7020 6538 6537
f 7020 6537 7019
f 7021 6539 6538
f 7021 6538 7020
f 7022 6540 6539
f 7022 6539 7021
f 7023 6541 6540
f 7023 6540 7022
f 7023 6543 6541
f 6546 7024 6998
f 6546 6998 6522
f 6998 7025 6999
f 6998 7024 7025
f 6999 7026 7000
f 6999 7025 7026
f 7000 7027 7001
f 7000 7026 7027
f 7001 7028 7002
f 7001 7027 7028
f 7002 7029 7003
f 7002 7028 7029
f 7003 7030 7004
f 7003 7029 7030
f 7004 7031 7005
f 7004 7030 7031
f 7005 7032 7006
f 7005 7031 7032
f 7006 7033 7007
f 7006 7032 7033
f 7007 7034 7008
f 7007 7033 7034
f 7008 7035 7009
f 7008 7034 7035
f 7009 7036 7010
f 7009 7035 7036
f 7010 7037 7011
f 7010 7036 7037
f 7011 7038 7012
f 7011 7037 7038
f 7012 7039 7013
f 7012 7038 7039
f 7013 7040 7014
f 7013 7039 7040
f 7014 7041 7015
f 7014 7040 7041
f 7015 7042 7016
f 7015 7041 7042
f 7016 7043 7017
f 7016 7042 7043
f 7017 7044 7018
f 7017 7043 7044
f 7018 7045 7019
f 7018 7044 7045
f 7045 6548 6549
f 7020 7045 6549
f 7019 7045 7020
f 7020 6549 6550
f 7020 6550 7021
f 7021 6550 6552
f 7021 6552 7022
f 7022 6552 6554
f 7022 6554 7023
f 7023 6554 6543
f 6559 7046 7024
f 6559 7024 6546
f 7024 7047 7025
f 7024 7046 7047
f 7025 7048 7026
f 7025 7047 7048
f 7048 6561 6562
f 7027 7048 6562
f 7026 7048 7027
f 7027 6562 6563
f 7027 6563 7028
f 7028 6563 6565
f 7028 6565 7029
f 7029 6565 6567
f 7029 6567 7030
f 7030 6567 6569
f 7030 6569 7031
f 7031 6569 6571
f 7031 6571 7032
f 7032 6571 6573
f 7049 7032 6573
f 7033 7032 7049
f 7049 6575 6576
f 7034 7049 6576
f 7033 7049 7034
f 7034 6576 6577
f 7034 6577 7035
f 7035 6577 6579
f 7035 6579 7036
f 7036 6579 6581
f 7036 6581 7037
f 7037 6581 6583
f 7037 6583 7038
f 7038 6583 6585
f 7038 6585 7039
f 7039 6585 6587
f 7039 6587 7040
f 7040 6587 6589
f 7050 7040 6589
f 7041 7040 7050
f 7041 7051 7042
f 7041 7050 7051
f 7042 7052 7043
f 7042 7051 7052
f 7052 6591 6592
f 7044 7052 6592
f 7043 7052 7044
f 7044 6592 6593
f 7044 6593 7045
f 7045 6593 6548
f 6603 7053 7046
f 6603 7046 6559
f 7046 7054 7047
f 7046 7053 7054
f 7054 6605 6606
f 7048 7054 6606
f 7047 7054 7048
f 7048 6606 6561
f 6613 7049 6573
f 7049 6613 6575
f 6622 7050 6589
f 7050 6622 6624
f 7050 6624 7051
f 7051 6624 6626
f 7051 6626 7052
f 7052 6626 6591
f 6638 7053 6603
f 7053 6638 6640
f 7053 6640 7054
f 7054 6640 6605
f 6790 7055 6791
f 7056 6792 6791
f 7056 6791 7055
f 7056 6794 6792
f 6821 7057 6822
f 7055 6790 6822
f 7057 7055 6822
f 7058 7055 7057
f 7055 7059 7056
f 7055 7058 7059
f 7060 6823 6794
f 7056 7060 6794
f 7059 7060 7056
f 7061 6824 6823
f 7061 6823 7060
f 7062 6825 6824
f 7062 6824 7061
f 7063 6826 6825
f 7063 6825 7062
f 7064 6827 6826
f 7064 6826 7063
f 7065 6828 6827
f 7065 6827 7064
f 7066 6829 6828
f 7066 6828 7065
f 7067 6830 6829
f 7067 6829 7066
f 7068 6831 6830
f 7068 6830 7067
f 7069 6832 6831
f 7069 6831 7068
f 7070 6833 6832
f 7070 6832 7069
f 7071 6834 6833
f 7071 6833 7070
f 7072 6835 6834
f 7072 6834 7071
f 7073 6836 6835
f 7073 6835 7072
f 7074 6837 6836
f 7074 6836 7073
f 7075 6838 6837
f 7075 6837 7074
f 7075 6840 6838
f 6851 7076 6850
f 7057 6821 6850
f 7076 7057 6850
f 7077 7057 7076
f 7057 7078 7058
f 7057 7077 7078
f 7058 7079 7059
f 7058 7078 7079
f 7059 7080 7060
f 7059 7079 7080
f 7060 7081 7061
f 7060 7080 7081
f 7061 7082 7062
f 7061 7081 7082
f 7062 7083 7063
f 7062 7082 7083
f 7063 7084 7064
f 7063 7083 7084
f 7064 7085 7065
f 7064 7084 7085
f 7065 7086 7066
f 7065 7085 7086
f 7066 7087 7067
f 7066 7086 7087
f 7067 7088 7068
f 7067 7087 7088
f 7068 7089 7069
f 7068 7088 7089
f 7069 7090 7070
f 7069 7089 7090
f 7070 7091 7071
f 7070 7090 7091
f 7071 7092 7072
f 7071 7091 7092
f 7072 7093 7073
f 7072 7092 7093
f 7073 7094 7074
f 7073 7093 7094
f 7074 7095 7075
f 7074 7094 7095
f 7096 6852 6840
f 7075 7096 6840
f 7095 7096 7075
f 7096 6854 6852
f 6864 7097 7076
f 6864 7076 6851
f 7076 7098 7077
f 7076 7097 7098
f 7077 7099 7078
f 7077 7098 7099
f 7078 7100 7079
f 7078 7099 7100
f 7079 7101 7080
f 7079 7100 7101
f 7080 7102 7081
f 7080 7101 7102
f 7081 7103 7082
f 7081 7102 7103
f 7082 7104 7083
f 7082 7103 7104
f 7083 7105 7084
f 7083 7104 7105
f 7084 7106 7085
f 7084 7105 7106
f 7085 7107 7086
f 7085 7106 7107
f 7086 7108 7087
f 7086 7107 7108
f 7087 7109 7088
f 7087 7108 7109
f 7088 7110 7089
f 7088 7109 7110
f 7089 7111 7090
f 7089 7110 7111
f 7090 7112 7091
f 7090 7111 7112
f 7091 7113 7092
f 7091 7112 7113
f 7092 7114 7093
f 7092 7113 7114
f 7093 7115 7094
f 7093 7114 7115
f 7094 7116 7095
f 7094 7115 7116
f 7095 7117 7096
f 7095 7116 7117
f 7118 6865 6854
f 7096 7118 6854
f 7117 7118 7096
f 7118 6867 6865
f 6871 7119 6872
f 7120 6873 6872
f 7120 6872 7119
f 7120 6875 6873
f 6878 7121 7097
f 6878 7097 6864
f 7097 7122 7098
f 7097 7121 7122
f 7098 7123 7099
f 7098 7122 7123
f 7099 7124 7100
f 7099 7123 7124
f 7100 7125 7101
f 7100 7124 7125
f 7101 7126 7102
f 7101 7125 7126
f 7102 7127 7103
f 7102 7126 7127
f 7103 7128 7104
f 7103 7127 7128
f 7104 7129 7105
f 7104 7128 7129
f 7105 7130 7106
f 7105 7129 7130
f 7106 7131 7107
f 7106 7130 7131
f 7107 7132 7108
f 7107 7131 7132
f 7108 7133 7109
f 7108 7132 7133
f 7109 7134 7110
f 7109 7133 7134
f 7110 7135 7111
f 7110 7134 7135
f 7111 7136 7112
f 7111 7135 7136
f 7112 7137 7113
f 7112 7136 7137
f 7113 7138 7114
f 7113 7137 7138
f 7114 7139 7115
f 7114 7138 7139
f 7115 7140 7116
f 7115 7139 7140
f 7116 7141 7117
f 7116 7140 7141
f 7117 7142 7118
f 7117 7141 7142
f 7143 6879 6867
f 7118 7143 6867
f 7142 7143 7118
f 7144 6880 6879
f 7144 6879 7143
f 7145 6881 6880
f 7145 6880 7144
f 7146 6882 6881
f 7146 6881 7145
f 7119 6871 6882
f 7146 7119 6882
f 7147 7119 7146
f 7119 7148 7120
f 7119 7147 7148
f 7149 6883 6875
f 7120 7149 6875
f 7148 7149 7120
f 7149 6885 6883
f 6887 7150 7121
f 6887 7121 6878
f 7121 7151 7122
f 7121 7150 7151
f 7122 7152 7123
f 7122 7151 7152
f 7123 7153 7124
f 7123 7152 7153
f 7124 7154 7125
f 7124 7153 7154
f 7125 7155 7126
f 7125 7154 7155
f 7126 7156 7127
f 7126 7155 7156
f 7127 7157 7128
f 7127 7156 7157
f 7128 7158 7129
f 7128 7157 7158
f 7129 7159 7130
f 7129 7158 7159
f 7130 7160 7131
f 7130 7159 7160
f 7131 7161 7132
f 7131 7160 7161
f 7132 7162 7133
f 7132 7161 7162
f 7133 7163 7134
f 7133 7162 7163
f 7134 7164 7135
f 7134 7163 7164
f 7135 7165 7136
f 7135 7164 7165
f 7136 7166 7137
f 7136 7165 7166
f 7137 7167 7138
f 7137 7166 7167
f 7138 7168 7139
f 7138 7167 7168
f 7139 7169 7140
f 7139 7168 7169
f 7140 7170 7141
f 7140 7169 7170
f 7141 7171 7142
f 7141 7170 7171
f 7142 7172 7143
f 7142 7171 7172
f 7143 7173 7144
f 7143 7172 7173
f 7144 7174 7145
f 7144 7173 7174
f 7145 7175 7146
f 7145 7174 7175
f 7146 7176 7147
f 7146 7175 7176
f 7147 7177 7148
f 7147 7176 7177
f 7148 7178 7149
f 7148 7177 7178
f 7178 6889 6885
f 7178 6885 7149
f 6890 7179 7150
f 6890 7150 6887
f 7150 7180 7151
f 7150 7179 7180
f 7151 7181 7152
f 7151 7180 7181
f 7152 7182 7153
f 7152 7181 7182
f 7153 7183 7154
f 7153 7182 7183
f 7154 7184 7155
f 7154 7183 7184
f 7155 7185 7156
f 7155 7184 7185
f 7156 7186 7157
f 7156 7185 7186
f 7157 7187 7158
f 7157 7186 7187
f 7158 7188 7159
f 7158 7187 7188
f 7159 7189 7160
f 7159 7188 7189
f 7160 7190 7161
f 7160 7189 7190
f 7161 7191 7162
f 7161 7190 7191
f 7162 7192 7163
f 7162 7191 7192
f 7163 7193 7164
f 7163 7192 7193
f 7164 7194 7165
f 7164 7193 7194
f 7165 7195 7166
f 7165 7194 7195
f 7166 7196 7167
f 7166 7195 7196
f 7167 7197 7168
f 7167 7196 7197
f 7168 7198 7169
f 7168 7197 7198
f 7169 7199 7170
f 7169 7198 7199
f 7199 6892 6893
f 7171 7199 6893
f 7170 7199 7171
f 7171 6893 6894
f 7200 7171 6894
f 7172 7171 7200
f 7172 7201 7173
f 7172 7200 7201
f 7173 7202 7174
f 7173 7201 7202
f 7174 7203 7175
f 7174 7202 7203
f 7175 7204 7176
f 7175 7203 7204
f 7176 7205 7177
f 7176 7204 7205
f 7177 7206 7178
f 7177 7205 7206
f 7206 6896 6889
f 7206 6889 7178
f 6897 7179 6890
f 7179 6897 6899
f 7207 7179 6899
f 7180 7179 7207
f 7180 7208 7181
f 7180 7207 7208
f 7181 7209 7182
f 7181 7208 7209
f 7182 7210 7183
f 7182 7209 7210
f 7183 7211 7184
f 7183 7210 7211
f 7184 7212 7185
f 7184 7211 7212
f 7185 7213 7186
f 7185 7212 7213
f 7186 7214 7187
f 7186 7213 7214
f 7187 7215 7188
f 7187 7214 7215
f 7188 7216 7189
f 7188 7215 7216
f 7189 7217 7190
f 7189 7216 7217
f 7190 7218 7191
f 7190 7217 7218
f 7191 7219 7192
f 7191 7218 7219
f 7192 7220 7193
f 7192 7219 7220
f 7193 7221 7194
f 7193 7220 7221
f 7194 7222 7195
f 7194 7221 7222
f 7195 7223 7196
f 7195 7222 7223
f 7223 6901 6902
f 7197 7223 6902
f 7196 7223 7197
f 7197 6902 6903
f 7197 6903 7198
f 7198 6903 6905
f 7198 6905 7199
f 7199 6905 6892
f 6908 7200 6894
f 7200 6908 6910
f 7224 7200 6910
f 7201 7200 7224
f 7201 7225 7202
f 7201 7224 7225
f 7202 7226 7203
f 7202 7225 7226
f 7203 7227 7204
f 7203 7226 7227
f 7204 7228 7205
f 7204 7227 7228
f 7205 7229 7206
f 7205 7228 7229
f 7229 6912 6896
f 7229 6896 7206
f 6913 7207 6899
f 7207 6913 6915
f 7207 6915 7208
f 7208 6915 6917
f 7208 6917 7209
f 7209 6917 6919
f 7209 6919 7210
f 7210 6919 6921
f 7230 7210 6921
f 7211 7210 7230
f 7211 7231 7212
f 7211 7230 7231
f 7212 7232 7213
f 7212 7231 7232
f 7213 7233 7214
f 7213 7232 7233
f 7214 7234 7215
f 7214 7233 7234
f 7215 7235 7216
f 7215 7234 7235
f 7216 7236 7217
f 7216 7235 7236
f 7217 7237 7218
f 7217 7236 7237
f 7218 7238 7219
f 7218 7237 7238
f 7238 6923 6924
f 7220 7238 6924
f 7219 7238 7220
f 7220 6924 6925
f 7220 6925 7221
f 7221 6925 6927
f 7221 6927 7222
f 7222 6927 6929
f 7222 6929 7223
f 7223 6929 6901
f 6936 7224 6910
f 7224 6936 6938
f 7224 6938 7225
f 7225 6938 6940
f 7239 7225 6940
f 7226 7225 7239
f 7226 7240 7227
f 7226 7239 7240
f 7227 7241 7228
f 7227 7240 7241
f 7228 7242 7229
f 7228 7241 7242
f 7242 6942 6912
f 7242 6912 7229
f 6943 7230 6921
f 7230 6943 6944
f 7230 6944 7231
f 7231 6944 6946
f 7231 6946 7232
f 7232 6946 6948
f 7232 6948 7233
f 7233 6948 6950
f 7233 6950 7234
f 7234 6950 6952
f 7234 6952 7235
f 7235 6952 6954
f 7235 6954 7236
f 7236 6954 6956
f 7236 6956 7237
f 7237 6956 6958
f 7237 6958 7238
f 7238 6958 6923
f 6971 7239 6940
f 7239 6971 6973
f 7239 6973 7240
f 7240 6973 6975
f 7240 6975 7241
f 7241 6975 6977
f 7241 6977 7242
f 7242 6977 6942

