# https://github.com/mikedh/trimesh
v 7.95064449 21.00000000 20.00000000
v 8.00000000 20.81250381 20.00000000
v 8.00000000 21.00000000 19.37190819
v 7.95103264 21.00000000 21.00000000
v 8.00000000 20.81788826 21.00000000
v 7.97607803 21.00000000 22.00000000
v 8.00000000 20.90746880 22.00000000
v 7.99652529 21.00000000 23.00000000
v 8.00000000 20.98650360 23.00000000
v 8.00000000 21.00000000 23.30359077
v 7.98938942 21.00000000 38.00000000
v 8.00000000 20.97336197 38.00000000
v 8.00000000 21.00000000 37.23519516
v 7.98580503 21.00000000 39.00000000
v 8.00000000 20.96425629 39.00000000
v 7.99056292 21.00000000 40.00000000
v 8.00000000 20.97602272 40.00000000
v 7.99434137 21.00000000 41.00000000
v 8.00000000 20.98539734 41.00000000
v 8.00000000 21.00000000 41.66066742
v 7.99188232 22.00000000 20.00000000
v 8.00000000 22.00000000 19.88069344
v 7.97709656 22.00000000 21.00000000
v 7.97555828 22.00000000 22.00000000
v 7.98892307 22.00000000 23.00000000
v 8.00000000 22.00000000 23.61925888
v 7.99259996 22.00000000 31.00000000
v 8.00000000 21.88749123 31.00000000
v 8.00000000 22.00000000 30.48986626
v 7.97752237 22.00000000 32.00000000
v 8.00000000 21.71428299 32.00000000
v 7.97107744 22.00000000 33.00000000
v 8.00000000 21.62035179 33.00000000
v 7.96152639 22.00000000 34.00000000
v 8.00000000 21.52160263 34.00000000
v 7.94681787 22.00000000 35.00000000
v 8.00000000 21.40468216 35.00000000
v 7.93162298 22.00000000 36.00000000
v 8.00000000 21.22147751 36.00000000
v 7.91554213 22.00000000 37.00000000
v 8.00000000 21.03372765 37.00000000
v 7.90337086 22.00000000 38.00000000
v 7.89390659 22.00000000 39.00000000
v 7.89175177 22.00000000 40.00000000
v 7.89156342 22.00000000 41.00000000
v 8.00000000 21.02803040 42.00000000
v 7.91006470 22.00000000 42.00000000
v 7.94234037 22.00000000 43.00000000
v 8.00000000 21.29503822 43.00000000
v 7.97098923 22.00000000 44.00000000
v 8.00000000 21.61577988 44.00000000
v 8.00000000 22.00000000 44.64403915
v 8.00000000 22.25691605 20.00000000
v 8.00000000 22.95503426 21.00000000
v 8.00000000 23.00000000 21.06237030
v 7.98451471 23.00000000 22.00000000
v 7.99103689 23.00000000 23.00000000
v 8.00000000 23.00000000 23.55705070
v 7.99187088 23.00000000 31.00000000
v 8.00000000 23.00000000 30.12921143
v 7.97571802 23.00000000 32.00000000
v 7.95937920 23.00000000 33.00000000
v 7.95187855 23.00000000 34.00000000
v 7.95015049 23.00000000 35.00000000
v 7.94269323 23.00000000 36.00000000
v 7.93517160 23.00000000 37.00000000
v 7.91940117 23.00000000 38.00000000
v 7.90197515 23.00000000 39.00000000
v 7.89104891 23.00000000 40.00000000
v 7.88743305 23.00000000 41.00000000
v 7.90673304 23.00000000 42.00000000
v 7.93346310 23.00000000 43.00000000
v 7.95150900 23.00000000 44.00000000
v 8.00000000 23.00000000 44.93807983
v 8.00000000 23.63062286 22.00000000
v 8.00000000 23.43951225 23.00000000
v 8.00000000 23.34928131 31.00000000
v 8.00000000 23.92793083 32.00000000
v 8.00000000 24.00000000 32.11217117
v 7.98529530 24.00000000 33.00000000
v 7.97464037 24.00000000 34.00000000
v 7.97265530 24.00000000 35.00000000
v 7.97335482 24.00000000 36.00000000
v 7.96451426 24.00000000 37.00000000
v 7.94994783 24.00000000 38.00000000
v 7.93371534 24.00000000 39.00000000
v 7.91300488 24.00000000 40.00000000
v 7.90728331 24.00000000 41.00000000
v 7.93028736 24.00000000 42.00000000
v 7.94153547 24.00000000 43.00000000
v 7.93590069 24.00000000 44.00000000
v 8.00000000 23.24508095 45.00000000
v 7.98965836 24.00000000 45.00000000
v 8.00000000 24.00000000 45.04734802
v 8.00000000 24.37708473 33.00000000
v 8.00000000 24.69831085 34.00000000
v 8.00000000 24.72864532 35.00000000
v 8.00000000 24.74088478 36.00000000
v 8.00000000 24.89863586 37.00000000
v 8.00000000 25.00000000 37.29188538
v 7.99029493 25.00000000 38.00000000
v 7.96868706 25.00000000 39.00000000
v 7.94511223 25.00000000 40.00000000
v 7.93032932 25.00000000 41.00000000
v 7.93421793 25.00000000 42.00000000
v 7.93352556 25.00000000 43.00000000
v 7.92686462 25.00000000 44.00000000
v 7.98011160 25.00000000 45.00000000
v 8.00000000 25.00000000 45.09374619
v 8.00000000 25.46853828 38.00000000
v 8.00000000 26.00000000 38.77318954
v 7.99666119 26.00000000 39.00000000
v 7.97268105 26.00000000 40.00000000
v 7.95217705 26.00000000 41.00000000
v 7.94713116 26.00000000 42.00000000
v 7.93217182 26.00000000 43.00000000
v 7.91216373 26.00000000 44.00000000
v 7.98588753 26.00000000 45.00000000
v 8.00000000 26.00000000 45.06521988
v 8.00000000 26.23611641 39.00000000
v 8.00000000 27.00000000 39.66477966
v 7.99440765 27.00000000 40.00000000
v 7.97798824 27.00000000 41.00000000
v 7.95420647 27.00000000 42.00000000
v 7.92499399 27.00000000 43.00000000
v 7.90775490 27.00000000 44.00000000
v 7.98499537 27.00000000 45.00000000
v 8.00000000 27.00000000 45.06845093
v 7.99367476 28.00000000 40.00000000
v 8.00000000 28.00000000 39.39953995
v 7.98580885 28.00000000 41.00000000
v 7.96729851 28.00000000 42.00000000
v 7.93241930 28.00000000 43.00000000
v 7.90967035 28.00000000 44.00000000
v 7.97869015 28.00000000 45.00000000
v 8.00000000 28.00000000 45.09981155
v 7.98648691 29.00000000 39.00000000
v 8.00000000 28.23789978 39.00000000
v 8.00000000 29.00000000 38.13530350
v 7.97754049 29.00000000 40.00000000
v 7.96963120 29.00000000 41.00000000
v 7.95992661 29.00000000 42.00000000
v 7.93935061 29.00000000 43.00000000
v 7.92426682 29.00000000 44.00000000
v 7.97863674 29.00000000 45.00000000
v 8.00000000 29.00000000 45.10902023
v 7.99955225 30.00000000 39.00000000
v 8.00000000 30.00000000 38.96235657
v 7.99004030 30.00000000 40.00000000
v 7.97865343 30.00000000 41.00000000
v 7.96291494 30.00000000 42.00000000
v 7.94587660 30.00000000 43.00000000
v 7.94276857 30.00000000 44.00000000
v 7.98697138 30.00000000 45.00000000
v 8.00000000 30.00000000 45.07276917
v 8.00000000 30.01780319 39.00000000
v 8.00000000 30.29995346 40.00000000
v 8.00000000 30.50880623 41.00000000
v 8.00000000 30.78281593 42.00000000
v 8.00000000 31.00000000 42.40649414
v 7.98473120 31.00000000 43.00000000
v 7.95798731 31.00000000 44.00000000
v 7.99412012 31.00000000 45.00000000
v 8.00000000 31.00000000 45.03049088
v 8.00000000 31.52672195 43.00000000
v 8.00000000 32.00000000 43.34830856
v 7.97384214 32.00000000 44.00000000
v 8.00000000 32.00000000 44.88472748
v 8.00000000 31.62887955 45.00000000
v 7.97850037 33.00000000 21.00000000
v 8.00000000 32.85843658 21.00000000
v 8.00000000 33.00000000 20.59069061
v 7.93493366 33.00000000 22.00000000
v 8.00000000 32.64006424 22.00000000
v 7.90072012 33.00000000 23.00000000
v 8.00000000 32.50337982 23.00000000
v 7.87457752 33.00000000 24.00000000
v 8.00000000 32.42590332 24.00000000
v 7.86926842 33.00000000 25.00000000
v 8.00000000 32.41464233 25.00000000
v 7.86768627 33.00000000 26.00000000
v 8.00000000 32.37948227 26.00000000
v 7.86425829 33.00000000 27.00000000
v 8.00000000 32.36106873 27.00000000
v 7.85968542 33.00000000 28.00000000
v 8.00000000 32.35676956 28.00000000
v 7.86117983 33.00000000 29.00000000
v 8.00000000 32.34955978 29.00000000
v 7.85703754 33.00000000 30.00000000
v 8.00000000 32.33538437 30.00000000
v 7.86526299 33.00000000 31.00000000
v 8.00000000 32.33173370 31.00000000
v 7.88482046 33.00000000 32.00000000
v 8.00000000 32.38209152 32.00000000
v 7.92230797 33.00000000 33.00000000
v 8.00000000 32.49448776 33.00000000
v 7.95091724 33.00000000 34.00000000
v 8.00000000 32.62066269 34.00000000
v 7.97179604 33.00000000 35.00000000
v 8.00000000 32.75471878 35.00000000
v 7.99528027 33.00000000 36.00000000
v 8.00000000 32.95391083 36.00000000
v 8.00000000 33.00000000 36.16024399
v 7.98630524 33.00000000 44.00000000
v 8.00000000 33.00000000 43.47550964
v 8.00000000 33.00000000 44.41242218
v 7.96691990 34.00000000 18.00000000
v 8.00000000 33.89068985 18.00000000
v 8.00000000 34.00000000 17.89106178
v 7.82151699 34.00000000 19.00000000
v 8.00000000 33.37244415 19.00000000
v 7.73894119 34.00000000 20.00000000
v 8.00000000 33.10960770 20.00000000
v 7.69218254 34.00000000 21.00000000
v 7.66528559 34.00000000 22.00000000
v 7.66078472 34.00000000 23.00000000
v 7.67295742 34.00000000 24.00000000
v 7.69038439 34.00000000 25.00000000
v 7.71164227 34.00000000 26.00000000
v 7.73528767 34.00000000 27.00000000
v 7.75457525 34.00000000 28.00000000
v 7.77117109 34.00000000 29.00000000
v 7.78074694 34.00000000 30.00000000
v 7.79134321 34.00000000 31.00000000
v 7.82507086 34.00000000 32.00000000
v 7.86458302 34.00000000 33.00000000
v 7.89617538 34.00000000 34.00000000
v 7.92487860 34.00000000 35.00000000
v 7.95267391 34.00000000 36.00000000
v 8.00000000 33.53984070 37.00000000
v 7.97886133 34.00000000 37.00000000
v 8.00000000 34.00000000 37.52016449
v 7.97793770 34.00000000 44.00000000
v 8.00000000 34.00000000 43.29505920
v 8.00000000 34.00000000 44.66897583
v 7.84819174 35.00000000 18.00000000
v 8.00000000 35.00000000 17.44354439
v 7.74773502 35.00000000 19.00000000
v 7.70038462 35.00000000 20.00000000
v 7.66784191 35.00000000 21.00000000
v 7.64939690 35.00000000 22.00000000
v 7.64641809 35.00000000 23.00000000
v 7.65041018 35.00000000 24.00000000
v 7.66469097 35.00000000 25.00000000
v 7.68130398 35.00000000 26.00000000
v 7.70156527 35.00000000 27.00000000
v 7.72333908 35.00000000 28.00000000
v 7.74444818 35.00000000 29.00000000
v 7.76932192 35.00000000 30.00000000
v 7.79031515 35.00000000 31.00000000
v 7.81142426 35.00000000 32.00000000
v 7.84150362 35.00000000 33.00000000
v 7.87240410 35.00000000 34.00000000
v 7.91131496 35.00000000 35.00000000
v 7.95042706 35.00000000 36.00000000
v 7.98318291 35.00000000 37.00000000
v 8.00000000 35.00000000 37.45386505
v 7.98331594 35.00000000 43.00000000
v 8.00000000 34.34840775 43.00000000
v 8.00000000 35.00000000 42.64596939
v 7.96372175 35.00000000 44.00000000
v 8.00000000 35.00000000 44.75173569
v 7.89276361 36.00000000 18.00000000
v 8.00000000 36.00000000 17.55735779
v 7.80315399 36.00000000 19.00000000
v 7.76072121 36.00000000 20.00000000
v 7.72429466 36.00000000 21.00000000
v 7.70090866 36.00000000 22.00000000
v 7.68064308 36.00000000 23.00000000
v 7.66921377 36.00000000 24.00000000
v 7.66784763 36.00000000 25.00000000
v 7.68239641 36.00000000 26.00000000
v 7.70121622 36.00000000 27.00000000
v 7.72640228 36.00000000 28.00000000
v 7.75896502 36.00000000 29.00000000
v 7.79167080 36.00000000 30.00000000
v 7.82304001 36.00000000 31.00000000
v 7.84378719 36.00000000 32.00000000
v 7.87210846 36.00000000 33.00000000
v 7.90762663 36.00000000 34.00000000
v 7.94324970 36.00000000 35.00000000
v 7.98348951 36.00000000 36.00000000
v 8.00000000 36.00000000 36.39696121
v 8.00000000 35.39554214 37.00000000
v 7.96356630 36.00000000 43.00000000
v 8.00000000 36.00000000 42.25123215
v 7.94428396 36.00000000 44.00000000
v 8.00000000 36.00000000 44.73418427
v 8.00000000 36.62701797 18.00000000
v 8.00000000 37.00000000 18.64408112
v 7.96010828 37.00000000 19.00000000
v 7.88838053 37.00000000 20.00000000
v 7.82422686 37.00000000 21.00000000
v 7.78103209 37.00000000 22.00000000
v 7.74867153 37.00000000 23.00000000
v 7.72968674 37.00000000 24.00000000
v 7.72599602 37.00000000 25.00000000
v 7.72941923 37.00000000 26.00000000
v 7.74792385 37.00000000 27.00000000
v 7.77688026 37.00000000 28.00000000
v 7.80834723 37.00000000 29.00000000
v 7.84578609 37.00000000 30.00000000
v 7.88031197 37.00000000 31.00000000
v 7.92564154 37.00000000 32.00000000
v 7.97022963 37.00000000 33.00000000
v 8.00000000 37.00000000 33.67684174
v 8.00000000 36.87512589 34.00000000
v 8.00000000 36.56594467 35.00000000
v 8.00000000 36.16603851 36.00000000
v 7.95812178 37.00000000 43.00000000
v 8.00000000 37.00000000 42.48621368
v 7.93739605 37.00000000 44.00000000
v 8.00000000 37.00000000 44.80135727
v 8.00000000 37.16391373 19.00000000
v 8.00000000 37.48778152 20.00000000
v 8.00000000 37.79690933 21.00000000
v 8.00000000 38.00000000 21.76764679
v 7.98518038 38.00000000 22.00000000
v 7.93343306 38.00000000 23.00000000
v 7.89805794 38.00000000 24.00000000
v 7.87688303 38.00000000 25.00000000
v 7.87718010 38.00000000 26.00000000
v 7.88042927 38.00000000 27.00000000
v 7.89548874 38.00000000 28.00000000
v 7.92926931 38.00000000 29.00000000
v 7.96773100 38.00000000 30.00000000
v 8.00000000 38.00000000 30.60391808
v 8.00000000 37.86361694 31.00000000
v 8.00000000 37.54922104 32.00000000
v 8.00000000 37.21696091 33.00000000
v 7.98890400 38.00000000 43.00000000
v 8.00000000 38.00000000 42.86199951
v 7.96718073 38.00000000 44.00000000
v 8.00000000 38.00000000 44.57151794
v 8.00000000 38.04168701 22.00000000
v 8.00000000 38.19322968 23.00000000
v 8.00000000 38.30618668 24.00000000
v 8.00000000 38.40150452 25.00000000
v 8.00000000 38.46183014 26.00000000
v 8.00000000 38.47098923 27.00000000
v 8.00000000 38.42247391 28.00000000
v 8.00000000 38.30490494 29.00000000
v 8.00000000 38.14460373 30.00000000
v 8.00000000 38.15862274 43.00000000
v 8.00000000 38.62069702 44.00000000
v 8.96680164 20.00000000 18.00000000
v 9.00000000 19.97881508 18.00000000
v 9.00000000 20.00000000 17.96909332
v 8.56912422 20.00000000 19.00000000
v 9.00000000 19.74496651 19.00000000
v 8.43843746 20.00000000 20.00000000
v 9.00000000 19.67739868 20.00000000
v 8.42760086 20.00000000 21.00000000
v 9.00000000 19.66888618 21.00000000
v 8.43015862 20.00000000 22.00000000
v 9.00000000 19.67056084 22.00000000
v 8.44176006 20.00000000 23.00000000
v 9.00000000 19.67955017 23.00000000
v 8.47109890 20.00000000 24.00000000
v 9.00000000 19.70121956 24.00000000
v 8.50407028 20.00000000 25.00000000
v 9.00000000 19.72551346 25.00000000
v 8.53540611 20.00000000 26.00000000
v 9.00000000 19.74385262 26.00000000
v 8.55740833 20.00000000 27.00000000
v 9.00000000 19.75963211 27.00000000
v 8.58645725 20.00000000 28.00000000
v 9.00000000 19.77740669 28.00000000
v 8.61077118 20.00000000 29.00000000
v 9.00000000 19.79022408 29.00000000
v 8.61369991 20.00000000 30.00000000
v 9.00000000 19.79238319 30.00000000
v 8.62341118 20.00000000 31.00000000
v 9.00000000 19.80040741 31.00000000
v 8.64226913 20.00000000 32.00000000
v 9.00000000 19.81416702 32.00000000
v 8.66498756 20.00000000 33.00000000
v 9.00000000 19.82843399 33.00000000
v 8.68516827 20.00000000 34.00000000
v 9.00000000 19.83989334 34.00000000
v 8.69268513 20.00000000 35.00000000
v 9.00000000 19.84552574 35.00000000
v 8.69597912 20.00000000 36.00000000
v 9.00000000 19.84674454 36.00000000
v 8.69221210 20.00000000 37.00000000
v 9.00000000 19.84505081 37.00000000
v 8.69040203 20.00000000 38.00000000
v 9.00000000 19.84432030 38.00000000
v 8.68463516 20.00000000 39.00000000
v 9.00000000 19.84069061 39.00000000
v 8.68356895 20.00000000 40.00000000
v 9.00000000 19.83818054 40.00000000
v 8.67467499 20.00000000 41.00000000
v 9.00000000 19.83156204 41.00000000
v 8.65277481 20.00000000 42.00000000
v 9.00000000 19.81927109 42.00000000
v 8.63732433 20.00000000 43.00000000
v 9.00000000 19.80522537 43.00000000
v 8.63311863 20.00000000 44.00000000
v 9.00000000 19.79233932 44.00000000
v 8.66601276 20.00000000 45.00000000
v 9.00000000 19.80374527 45.00000000
v 8.93524075 20.00000000 46.00000000
v 9.00000000 19.95675468 46.00000000
v 9.00000000 20.00000000 46.07910156
v 8.40450096 21.00000000 18.00000000
v 9.00000000 21.00000000 17.41868019
v 8.04032040 21.00000000 19.00000000
v 8.00806713 21.00000000 24.00000000
v 8.01939297 21.00000000 25.00000000
v 8.03250122 21.00000000 26.00000000
v 8.04699707 21.00000000 27.00000000
v 8.05840015 21.00000000 28.00000000
v 8.06654072 21.00000000 29.00000000
v 8.06921864 21.00000000 30.00000000
v 8.06423092 21.00000000 31.00000000
v 8.06217480 21.00000000 32.00000000
v 8.05258179 21.00000000 33.00000000
v 8.04694748 21.00000000 34.00000000
v 8.04039097 21.00000000 35.00000000
v 8.02213001 21.00000000 36.00000000
v 8.00345039 21.00000000 37.00000000
v 8.00327301 21.00000000 42.00000000
v 8.02988911 21.00000000 43.00000000
v 8.05819416 21.00000000 44.00000000
v 8.11796856 21.00000000 45.00000000
v 8.43400764 21.00000000 46.00000000
v 9.00000000 21.00000000 46.63115692
v 8.44844437 22.00000000 18.00000000
v 9.00000000 22.00000000 17.45705986
v 8.06797886 22.00000000 19.00000000
v 8.00558472 22.00000000 24.00000000
v 8.00945663 22.00000000 25.00000000
v 8.01069546 22.00000000 26.00000000
v 8.01392365 22.00000000 27.00000000
v 8.01756859 22.00000000 28.00000000
v 8.01326370 22.00000000 29.00000000
v 8.00614262 22.00000000 30.00000000
v 8.01810932 22.00000000 45.00000000
v 8.38368225 22.00000000 46.00000000
v 9.00000000 22.00000000 46.71956253
v 8.51030827 23.00000000 18.00000000
v 9.00000000 23.00000000 17.47194099
v 8.10951900 23.00000000 19.00000000
v 8.02131367 23.00000000 20.00000000
v 8.00089836 23.00000000 21.00000000
v 8.00571156 23.00000000 24.00000000
v 8.01170921 23.00000000 25.00000000
v 8.01371479 23.00000000 26.00000000
v 8.01226616 23.00000000 27.00000000
v 8.00834274 23.00000000 28.00000000
v 8.00559139 23.00000000 29.00000000
v 8.00103188 23.00000000 30.00000000
v 8.00364399 23.00000000 45.00000000
v 8.37801838 23.00000000 46.00000000
v 9.00000000 23.00000000 46.73915863
v 8.51924419 24.00000000 18.00000000
v 9.00000000 24.00000000 17.42082787
v 8.15042114 24.00000000 19.00000000
v 8.04908276 24.00000000 20.00000000
v 8.01992321 24.00000000 21.00000000
v 8.00750542 24.00000000 22.00000000
v 8.00930786 24.00000000 23.00000000
v 8.01782417 24.00000000 24.00000000
v 8.03364277 24.00000000 25.00000000
v 8.03779697 24.00000000 26.00000000
v 8.02913761 24.00000000 27.00000000
v 8.02248955 24.00000000 28.00000000
v 8.01702690 24.00000000 29.00000000
v 8.01704979 24.00000000 30.00000000
v 8.01280022 24.00000000 31.00000000
v 8.00159645 24.00000000 32.00000000
v 8.33969784 24.00000000 46.00000000
v 9.00000000 24.00000000 46.74728012
v 8.48429012 25.00000000 18.00000000
v 9.00000000 25.00000000 17.35192299
v 8.16609478 25.00000000 19.00000000
v 8.06191730 25.00000000 20.00000000
v 8.02498055 25.00000000 21.00000000
v 8.01280308 25.00000000 22.00000000
v 8.02073383 25.00000000 23.00000000
v 8.02484226 25.00000000 24.00000000
v 8.03277588 25.00000000 25.00000000
v 8.04048920 25.00000000 26.00000000
v 8.05073261 25.00000000 27.00000000
v 8.05014801 25.00000000 28.00000000
v 8.04465771 25.00000000 29.00000000
v 8.04360867 25.00000000 30.00000000
v 8.03903770 25.00000000 31.00000000
v 8.03291512 25.00000000 32.00000000
v 8.02093124 25.00000000 33.00000000
v 8.00928688 25.00000000 34.00000000
v 8.00847244 25.00000000 35.00000000
v 8.00758266 25.00000000 36.00000000
v 8.00321484 25.00000000 37.00000000
v 8.31861496 25.00000000 46.00000000
v 9.00000000 25.00000000 46.73763275
v 8.42502022 26.00000000 18.00000000
v 9.00000000 26.00000000 17.22456360
v 8.16519928 26.00000000 19.00000000
v 8.07042408 26.00000000 20.00000000
v 8.03923607 26.00000000 21.00000000
v 8.02144337 26.00000000 22.00000000
v 8.02238750 26.00000000 23.00000000
v 8.03220844 26.00000000 24.00000000
v 8.04121494 26.00000000 25.00000000
v 8.04994106 26.00000000 26.00000000
v 8.05819988 26.00000000 27.00000000
v 8.06601524 26.00000000 28.00000000
v 8.06169891 26.00000000 29.00000000
v 8.05369091 26.00000000 30.00000000
v 8.04685307 26.00000000 31.00000000
v 8.04031086 26.00000000 32.00000000
v 8.03870296 26.00000000 33.00000000
v 8.02928925 26.00000000 34.00000000
v 8.01878166 26.00000000 35.00000000
v 8.01297188 26.00000000 36.00000000
v 8.01277542 26.00000000 37.00000000
v 8.00909519 26.00000000 38.00000000
v 8.33341885 26.00000000 46.00000000
v 9.00000000 26.00000000 46.72362900
v 8.37633324 27.00000000 18.00000000
v 9.00000000 27.00000000 17.05148315
v 8.15966034 27.00000000 19.00000000
v 8.07529259 27.00000000 20.00000000
v 8.05709076 27.00000000 21.00000000
v 8.04127693 27.00000000 22.00000000
v 8.03729820 27.00000000 23.00000000
v 8.04560184 27.00000000 24.00000000
v 8.05902767 27.00000000 25.00000000
v 8.06756306 27.00000000 26.00000000
v 8.07151508 27.00000000 27.00000000
v 8.07783031 27.00000000 28.00000000
v 8.08133507 27.00000000 29.00000000
v 8.07286930 27.00000000 30.00000000
v 8.05951214 27.00000000 31.00000000
v 8.04952240 27.00000000 32.00000000
v 8.04133987 27.00000000 33.00000000
v 8.03843307 27.00000000 34.00000000
v 8.03291130 27.00000000 35.00000000
v 8.02836132 27.00000000 36.00000000
v 8.02329159 27.00000000 37.00000000
v 8.01811314 27.00000000 38.00000000
v 8.00893688 27.00000000 39.00000000
v 8.33450031 27.00000000 46.00000000
v 9.00000000 27.00000000 46.71967697
v 8.91795731 28.00000000 17.00000000
v 9.00000000 27.33415222 17.00000000
v 9.00000000 28.00000000 16.93267059
v 8.36802578 28.00000000 18.00000000
v 8.16591644 28.00000000 19.00000000
v 8.10154533 28.00000000 20.00000000
v 8.08422947 28.00000000 21.00000000
v 8.07657623 28.00000000 22.00000000
v 8.07118034 28.00000000 23.00000000
v 8.06720924 28.00000000 24.00000000
v 8.07093048 28.00000000 25.00000000
v 8.07606125 28.00000000 26.00000000
v 8.08332157 28.00000000 27.00000000
v 8.08823013 28.00000000 28.00000000
v 8.09643078 28.00000000 29.00000000
v 8.09096622 28.00000000 30.00000000
v 8.07893848 28.00000000 31.00000000
v 8.06378555 28.00000000 32.00000000
v 8.05356407 28.00000000 33.00000000
v 8.04882812 28.00000000 34.00000000
v 8.04116249 28.00000000 35.00000000
v 8.03199863 28.00000000 36.00000000
v 8.02290821 28.00000000 37.00000000
v 8.01372433 28.00000000 38.00000000
v 8.00358582 28.00000000 39.00000000
v 8.31278038 28.00000000 46.00000000
v 9.00000000 28.00000000 46.72695160
v 8.82096481 29.00000000 17.00000000
v 9.00000000 29.00000000 16.83569527
v 8.35245895 29.00000000 18.00000000
v 8.16937256 29.00000000 19.00000000
v 8.10440063 29.00000000 20.00000000
v 8.08209896 29.00000000 21.00000000
v 8.07257748 29.00000000 22.00000000
v 8.06819534 29.00000000 23.00000000
v 8.07236195 29.00000000 24.00000000
v 8.06970024 29.00000000 25.00000000
v 8.07016373 29.00000000 26.00000000
v 8.07363510 29.00000000 27.00000000
v 8.08100605 29.00000000 28.00000000
v 8.08260632 29.00000000 29.00000000
v 8.08298397 29.00000000 30.00000000
v 8.07717705 29.00000000 31.00000000
v 8.06369877 29.00000000 32.00000000
v 8.04703426 29.00000000 33.00000000
v 8.03856659 29.00000000 34.00000000
v 8.03429794 29.00000000 35.00000000
v 8.02679443 29.00000000 36.00000000
v 8.01374435 29.00000000 37.00000000
v 8.00186348 29.00000000 38.00000000
v 8.28371143 29.00000000 46.00000000
v 9.00000000 29.00000000 46.76686478
v 8.71870232 30.00000000 17.00000000
v 9.00000000 30.00000000 16.73162270
v 8.30486393 30.00000000 18.00000000
v 8.16345787 30.00000000 19.00000000
v 8.10184383 30.00000000 20.00000000
v 8.07336330 30.00000000 21.00000000
v 8.06646538 30.00000000 22.00000000
v 8.06246948 30.00000000 23.00000000
v 8.06241894 30.00000000 24.00000000
v 8.06304741 30.00000000 25.00000000
v 8.06306744 30.00000000 26.00000000
v 8.06210995 30.00000000 27.00000000
v 8.06766891 30.00000000 28.00000000
v 8.07667828 30.00000000 29.00000000
v 8.07638931 30.00000000 30.00000000
v 8.07341480 30.00000000 31.00000000
v 8.06821442 30.00000000 32.00000000
v 8.05974865 30.00000000 33.00000000
v 8.05117416 30.00000000 34.00000000
v 8.04327202 30.00000000 35.00000000
v 8.03447151 30.00000000 36.00000000
v 8.02461624 30.00000000 37.00000000
v 8.00941372 30.00000000 38.00000000
v 8.26516533 30.00000000 46.00000000
v 9.00000000 30.00000000 46.82999039
v 8.67012405 31.00000000 17.00000000
v 9.00000000 31.00000000 16.67402077
v 8.33479309 31.00000000 18.00000000
v 8.21580219 31.00000000 19.00000000
v 8.15188408 31.00000000 20.00000000
v 8.12765789 31.00000000 21.00000000
v 8.12071514 31.00000000 22.00000000
v 8.10726643 31.00000000 23.00000000
v 8.09471798 31.00000000 24.00000000
v 8.08344460 31.00000000 25.00000000
v 8.08024311 31.00000000 26.00000000
v 8.08602524 31.00000000 27.00000000
v 8.09075642 31.00000000 28.00000000
v 8.09255028 31.00000000 29.00000000
v 8.08903694 31.00000000 30.00000000
v 8.08839989 31.00000000 31.00000000
v 8.08819866 31.00000000 32.00000000
v 8.09254646 31.00000000 33.00000000
v 8.08749390 31.00000000 34.00000000
v 8.07785511 31.00000000 35.00000000
v 8.06108284 31.00000000 36.00000000
v 8.04590797 31.00000000 37.00000000
v 8.03061962 31.00000000 38.00000000
v 8.01943684 31.00000000 39.00000000
v 8.01821327 31.00000000 40.00000000
v 8.01680374 31.00000000 41.00000000
v 8.00885868 31.00000000 42.00000000
v 8.28630161 31.00000000 46.00000000
v 9.00000000 31.00000000 46.87800598
v 8.76452732 32.00000000 17.00000000
v 9.00000000 32.00000000 16.76813126
v 8.37425041 32.00000000 18.00000000
v 8.22364330 32.00000000 19.00000000
v 8.16257286 32.00000000 20.00000000
v 8.12769604 32.00000000 21.00000000
v 8.11229897 32.00000000 22.00000000
v 8.09745312 32.00000000 23.00000000
v 8.08791256 32.00000000 24.00000000
v 8.08397961 32.00000000 25.00000000
v 8.07039165 32.00000000 26.00000000
v 8.06448650 32.00000000 27.00000000
v 8.06389523 32.00000000 28.00000000
v 8.06098557 32.00000000 29.00000000
v 8.05927658 32.00000000 30.00000000
v 8.05414391 32.00000000 31.00000000
v 8.05681229 32.00000000 32.00000000
v 8.05842590 32.00000000 33.00000000
v 8.05995464 32.00000000 34.00000000
v 8.06280804 32.00000000 35.00000000
v 8.06812096 32.00000000 36.00000000
v 8.06191254 32.00000000 37.00000000
v 8.05399418 32.00000000 38.00000000
v 8.04564285 32.00000000 39.00000000
v 8.04544544 32.00000000 40.00000000
v 8.03944969 32.00000000 41.00000000
v 8.02691078 32.00000000 42.00000000
v 8.01214600 32.00000000 43.00000000
v 8.00389099 32.00000000 45.00000000
v 8.29242611 32.00000000 46.00000000
v 9.00000000 32.00000000 46.92346573
v 8.66530037 33.00000000 17.00000000
v 9.00000000 33.00000000 16.70410156
v 8.24821758 33.00000000 18.00000000
v 8.09786224 33.00000000 19.00000000
v 8.03087425 33.00000000 20.00000000
v 8.01740742 33.00000000 37.00000000
v 8.03775406 33.00000000 38.00000000
v 8.06003284 33.00000000 39.00000000
v 8.06649208 33.00000000 40.00000000
v 8.05114460 33.00000000 41.00000000
v 8.04404736 33.00000000 42.00000000
v 8.01024055 33.00000000 43.00000000
v 8.02020073 33.00000000 45.00000000
v 8.27160072 33.00000000 46.00000000
v 9.00000000 33.00000000 46.97292328
v 8.31927299 34.00000000 17.00000000
v 9.00000000 34.00000000 16.36609077
v 8.01435280 34.00000000 38.00000000
v 8.06292343 34.00000000 39.00000000
v 8.07816982 34.00000000 40.00000000
v 8.05398464 34.00000000 41.00000000
v 8.04461956 34.00000000 42.00000000
v 8.00740433 34.00000000 43.00000000
v 8.01109600 34.00000000 45.00000000
v 8.25962257 34.00000000 46.00000000
v 9.00000000 33.78618240 47.00000000
v 8.99288559 34.00000000 47.00000000
v 9.00000000 34.00000000 47.00455475
v 8.15267372 35.00000000 17.00000000
v 9.00000000 35.00000000 16.18778801
v 8.01621437 35.00000000 38.00000000
v 8.07544136 35.00000000 39.00000000
v 8.07354069 35.00000000 40.00000000
v 8.05142593 35.00000000 41.00000000
v 8.02420235 35.00000000 42.00000000
v 8.01253033 35.00000000 45.00000000
v 8.25540257 35.00000000 46.00000000
v 8.96741772 35.00000000 47.00000000
v 9.00000000 35.00000000 47.02084351
v 8.20193100 36.00000000 17.00000000
v 9.00000000 36.00000000 16.32122993
v 8.02440739 36.00000000 37.00000000
v 8.06405735 36.00000000 38.00000000
v 8.12004852 36.00000000 39.00000000
v 8.08337879 36.00000000 40.00000000
v 8.05775356 36.00000000 41.00000000
v 8.01011944 36.00000000 42.00000000
v 8.02222157 36.00000000 45.00000000
v 8.25570297 36.00000000 46.00000000
v 8.96088696 36.00000000 47.00000000
v 9.00000000 36.00000000 47.02432632
v 8.46450520 37.00000000 17.00000000
v 9.00000000 37.00000000 16.57165718
v 8.10436249 37.00000000 18.00000000
v 8.01610374 37.00000000 34.00000000
v 8.05196762 37.00000000 35.00000000
v 8.09348679 37.00000000 36.00000000
v 8.13354111 37.00000000 37.00000000
v 8.19370079 37.00000000 38.00000000
v 8.23410892 37.00000000 39.00000000
v 8.14877510 37.00000000 40.00000000
v 8.08632565 37.00000000 41.00000000
v 8.03483582 37.00000000 42.00000000
v 8.01799870 37.00000000 45.00000000
v 8.24180412 37.00000000 46.00000000
v 8.95446873 37.00000000 47.00000000
v 9.00000000 37.00000000 47.02780533
v 9.00000000 37.99696732 17.00000000
v 9.00000000 38.00000000 17.00376320
v 8.53343201 38.00000000 18.00000000
v 8.33116627 38.00000000 19.00000000
v 8.18773365 38.00000000 20.00000000
v 8.07472038 38.00000000 21.00000000
v 8.02760506 38.00000000 31.00000000
v 8.08514404 38.00000000 32.00000000
v 8.14291954 38.00000000 33.00000000
v 8.17726994 38.00000000 34.00000000
v 8.21306992 38.00000000 35.00000000
v 8.25960350 38.00000000 36.00000000
v 8.30522919 38.00000000 37.00000000
v 8.39320183 38.00000000 38.00000000
v 8.41061020 38.00000000 39.00000000
v 8.25844765 38.00000000 40.00000000
v 8.14980125 38.00000000 41.00000000
v 8.06538391 38.00000000 42.00000000
v 8.02959538 38.00000000 45.00000000
v 8.21839237 38.00000000 46.00000000
v 8.92218685 38.00000000 47.00000000
v 9.00000000 38.00000000 47.04568481
v 9.00000000 38.60462952 18.00000000
v 9.00000000 38.92850876 19.00000000
v 9.00000000 39.00000000 19.27341080
v 8.84006977 39.00000000 20.00000000
v 8.68854618 39.00000000 21.00000000
v 8.57098103 39.00000000 22.00000000
v 8.45872784 39.00000000 23.00000000
v 8.36680889 39.00000000 24.00000000
v 8.29565144 39.00000000 25.00000000
v 8.24080467 39.00000000 26.00000000
v 8.22484779 39.00000000 27.00000000
v 8.23554516 39.00000000 28.00000000
v 8.25978565 39.00000000 29.00000000
v 8.30606270 39.00000000 30.00000000
v 8.35037613 39.00000000 31.00000000
v 8.39130020 39.00000000 32.00000000
v 8.42343426 39.00000000 33.00000000
v 8.45315170 39.00000000 34.00000000
v 8.48926926 39.00000000 35.00000000
v 8.53917027 39.00000000 36.00000000
v 8.58955479 39.00000000 37.00000000
v 8.70662785 39.00000000 38.00000000
v 8.66788578 39.00000000 39.00000000
v 8.38279915 39.00000000 40.00000000
v 8.24174500 39.00000000 41.00000000
v 8.14575672 39.00000000 42.00000000
v 8.06624413 39.00000000 43.00000000
v 8.02316761 39.00000000 44.00000000
v 8.06446266 39.00000000 45.00000000
v 8.23199463 39.00000000 46.00000000
v 8.89432144 39.00000000 47.00000000
v 9.00000000 39.00000000 47.06160736
v 9.00000000 39.19064713 20.00000000
v 9.00000000 39.38241196 21.00000000
v 9.00000000 39.54114151 22.00000000
v 9.00000000 39.70781708 23.00000000
v 9.00000000 39.87728882 24.00000000
v 9.00000000 40.00000000 24.97506523
v 8.99751949 40.00000000 25.00000000
v 8.90216923 40.00000000 26.00000000
v 8.84704685 40.00000000 27.00000000
v 8.82635880 40.00000000 28.00000000
v 8.81457329 40.00000000 29.00000000
v 8.81885624 40.00000000 30.00000000
v 8.84648705 40.00000000 31.00000000
v 8.88650322 40.00000000 32.00000000
v 8.91606617 40.00000000 33.00000000
v 8.95417213 40.00000000 34.00000000
v 8.98163319 40.00000000 35.00000000
v 9.00000000 40.00000000 35.43775940
v 9.00000000 39.96007538 36.00000000
v 9.00000000 39.83916855 37.00000000
v 9.00000000 39.60645294 38.00000000
v 9.00000000 39.84756470 39.00000000
v 9.00000000 40.00000000 39.11339188
v 8.58963394 40.00000000 40.00000000
v 8.38248062 40.00000000 41.00000000
v 8.28298283 40.00000000 42.00000000
v 8.19562435 40.00000000 43.00000000
v 8.15824318 40.00000000 44.00000000
v 8.17110634 40.00000000 45.00000000
v 8.33934879 40.00000000 46.00000000
v 8.99046898 40.00000000 47.00000000
v 9.00000000 40.00000000 47.00578690
v 9.00000000 40.00329590 25.00000000
v 9.00000000 40.13410187 26.00000000
v 9.00000000 40.21967697 27.00000000
v 9.00000000 40.26397324 28.00000000
v 9.00000000 40.29328918 29.00000000
v 9.00000000 40.29207993 30.00000000
v 9.00000000 40.25965118 31.00000000
v 9.00000000 40.19488907 32.00000000
v 9.00000000 40.13465500 33.00000000
v 9.00000000 40.07126617 34.00000000
v 9.00000000 40.02771759 35.00000000
v 8.98351097 41.00000000 40.00000000
v 9.00000000 41.00000000 39.97047043
v 8.61729431 41.00000000 41.00000000
v 8.48565197 41.00000000 42.00000000
v 8.40126228 41.00000000 43.00000000
v 8.36882401 41.00000000 44.00000000
v 8.39507675 41.00000000 45.00000000
v 8.57029819 41.00000000 46.00000000
v 9.00000000 41.00000000 46.72491455
v 9.00000000 40.04486084 47.00000000
v 9.00000000 41.03357315 40.00000000
v 9.00000000 42.00000000 40.93402863
v 8.96850681 42.00000000 41.00000000
v 8.77316380 42.00000000 42.00000000
v 8.67932224 42.00000000 43.00000000
v 8.64271927 42.00000000 44.00000000
v 8.68750381 42.00000000 45.00000000
v 8.94116592 42.00000000 46.00000000
v 9.00000000 42.00000000 46.11017609
v 9.00000000 42.06479263 41.00000000
v 9.00000000 42.52378464 42.00000000
v 9.00000000 42.76153183 43.00000000
v 9.00000000 42.86233521 44.00000000
v 9.00000000 42.71787643 45.00000000
v 9.00000000 42.11637878 46.00000000
v 10.00000000 19.88838196 18.00000000
v 10.00000000 20.00000000 17.81835938
v 10.00000000 19.66674042 19.00000000
v 10.00000000 19.59796333 20.00000000
v 10.00000000 19.57799530 21.00000000
v 10.00000000 19.56392860 22.00000000
v 10.00000000 19.55850029 23.00000000
v 10.00000000 19.56404114 24.00000000
v 10.00000000 19.57801437 25.00000000
v 10.00000000 19.59294510 26.00000000
v 10.00000000 19.60346794 27.00000000
v 10.00000000 19.61878014 28.00000000
v 10.00000000 19.62930679 29.00000000
v 10.00000000 19.63113213 30.00000000
v 10.00000000 19.63952065 31.00000000
v 10.00000000 19.65004730 32.00000000
v 10.00000000 19.66502762 33.00000000
v 10.00000000 19.67504692 34.00000000
v 10.00000000 19.67932701 35.00000000
v 10.00000000 19.68423843 36.00000000
v 10.00000000 19.69006157 37.00000000
v 10.00000000 19.69846916 38.00000000
v 10.00000000 19.70422363 39.00000000
v 10.00000000 19.70827484 40.00000000
v 10.00000000 19.70910835 41.00000000
v 10.00000000 19.70038605 42.00000000
v 10.00000000 19.68113327 43.00000000
v 10.00000000 19.65921021 44.00000000
v 10.00000000 19.65874290 45.00000000
v 10.00000000 19.74775124 46.00000000
v 10.00000000 20.00000000 46.49901581
v 10.00000000 21.00000000 17.16780472
v 10.00000000 20.88322449 47.00000000
v 9.87853336 21.00000000 47.00000000
v 10.00000000 21.00000000 47.02875519
v 10.00000000 22.00000000 17.15299225
v 9.70516968 22.00000000 47.00000000
v 10.00000000 22.00000000 47.06307220
v 10.00000000 23.00000000 17.10644531
v 9.67860126 23.00000000 47.00000000
v 10.00000000 23.00000000 47.06450653
v 9.98451614 24.00000000 17.00000000
v 10.00000000 23.95589828 17.00000000
v 10.00000000 24.00000000 16.99594879
v 9.70925808 24.00000000 47.00000000
v 10.00000000 24.00000000 47.05598068
v 9.78455067 25.00000000 17.00000000
v 10.00000000 25.00000000 16.94174004
v 9.82235622 25.00000000 47.00000000
v 10.00000000 25.00000000 47.03121185
v 9.48761272 26.00000000 17.00000000
v 10.00000000 26.00000000 16.85625458
v 9.92945194 26.00000000 47.00000000
v 10.00000000 26.00000000 47.01123810
v 9.11241627 27.00000000 17.00000000
v 10.00000000 27.00000000 16.75424385
v 9.97412777 27.00000000 47.00000000
v 10.00000000 27.00000000 47.00405502
v 10.00000000 28.00000000 16.59367371
v 9.96789360 28.00000000 47.00000000
v 10.00000000 28.00000000 47.00513077
v 10.00000000 29.00000000 16.44376373
v 9.86854267 29.00000000 47.00000000
v 10.00000000 29.00000000 47.02032089
v 10.00000000 30.00000000 16.33002663
v 9.60797310 30.00000000 47.00000000
v 10.00000000 30.00000000 47.06105423
v 10.00000000 31.00000000 16.29865074
v 9.37738037 31.00000000 47.00000000
v 10.00000000 31.00000000 47.10513687
v 10.00000000 32.00000000 16.40581131
v 9.20821953 32.00000000 47.00000000
v 10.00000000 32.00000000 47.15032959
v 10.00000000 33.00000000 16.46176147
v 9.07183552 33.00000000 47.00000000
v 10.00000000 33.00000000 47.18858719
v 10.00000000 34.00000000 16.11968803
v 10.00000000 34.00000000 47.20756531
v 9.79276562 35.00000000 16.00000000
v 10.00000000 34.75504303 16.00000000
v 10.00000000 35.00000000 15.97413921
v 10.00000000 35.00000000 47.21900558
v 10.00000000 35.58814621 16.00000000
v 10.00000000 36.00000000 16.04105759
v 10.00000000 36.00000000 47.22510910
v 10.00000000 37.00000000 16.31357002
v 10.00000000 37.00000000 47.23515320
v 9.00551033 38.00000000 17.00000000
v 10.00000000 38.00000000 16.71776009
v 10.00000000 38.00000000 47.25262451
v 10.00000000 38.45263290 17.00000000
v 9.99474621 39.00000000 18.00000000
v 10.00000000 39.00000000 17.99582863
v 9.17320156 39.00000000 19.00000000
v 10.00000000 39.00000000 47.26939774
v 10.00000000 39.00207901 18.00000000
v 10.00000000 39.34089661 19.00000000
v 10.00000000 39.55193329 20.00000000
v 10.00000000 39.74716187 21.00000000
v 10.00000000 39.92490005 22.00000000
v 9.83155060 40.00000000 23.00000000
v 10.00000000 40.00000000 22.56338310
v 9.42575359 40.00000000 24.00000000
v 9.16966534 40.00000000 36.00000000
v 9.70888805 40.00000000 37.00000000
v 10.00000000 40.00000000 37.36391830
v 10.00000000 39.88754272 38.00000000
v 9.55194569 40.00000000 39.00000000
v 10.00000000 40.00000000 38.56219101
v 10.00000000 40.00000000 47.24042130
v 10.00000000 40.05088806 23.00000000
v 10.00000000 40.15269852 24.00000000
v 10.00000000 40.25546265 25.00000000
v 10.00000000 40.34346771 26.00000000
v 10.00000000 40.43153000 27.00000000
v 10.00000000 40.50836945 28.00000000
v 10.00000000 40.54714203 29.00000000
v 10.00000000 40.56204224 30.00000000
v 10.00000000 40.55742645 31.00000000
v 10.00000000 40.51793289 32.00000000
v 10.00000000 40.44058228 33.00000000
v 10.00000000 40.34594345 34.00000000
v 10.00000000 40.27137375 35.00000000
v 10.00000000 40.16928482 36.00000000
v 10.00000000 40.05587006 37.00000000
v 10.00000000 40.11233139 39.00000000
v 10.00000000 41.00000000 39.56615448
v 9.50020313 41.00000000 47.00000000
v 10.00000000 41.00000000 47.13251495
v 10.00000000 41.61203384 40.00000000
v 10.00000000 42.00000000 40.24317169
v 10.00000000 42.00000000 46.80958939
v 10.00000000 41.56976318 47.00000000
v 10.00000000 42.96316910 41.00000000
v 9.36649990 43.00000000 42.00000000
v 10.00000000 43.00000000 41.05859375
v 9.16469765 43.00000000 43.00000000
v 9.09677315 43.00000000 44.00000000
v 9.21730804 43.00000000 45.00000000
v 9.89754963 43.00000000 46.00000000
v 10.00000000 43.00000000 46.08695221
v 10.00000000 43.50687027 42.00000000
v 10.00000000 43.68015671 43.00000000
v 10.00000000 43.67887115 44.00000000
v 10.00000000 43.55390167 45.00000000
v 10.00000000 43.05997086 46.00000000
v 11.00000000 19.87189865 18.00000000
v 11.00000000 20.00000000 17.78890038
v 11.00000000 19.65068054 19.00000000
v 11.00000000 19.57857704 20.00000000
v 11.00000000 19.54881668 21.00000000
v 11.00000000 19.53396606 22.00000000
v 11.00000000 19.53351021 23.00000000
v 11.00000000 19.54346085 24.00000000
v 11.00000000 19.55554962 25.00000000
v 11.00000000 19.57023430 26.00000000
v 11.00000000 19.58909798 27.00000000
v 11.00000000 19.60949516 28.00000000
v 11.00000000 19.62504196 29.00000000
v 11.00000000 19.63467026 30.00000000
v 11.00000000 19.64510536 31.00000000
v 11.00000000 19.65834045 32.00000000
v 11.00000000 19.66927528 33.00000000
v 11.00000000 19.67536736 34.00000000
v 11.00000000 19.68042564 35.00000000
v 11.00000000 19.68452072 36.00000000
v 11.00000000 19.68581009 37.00000000
v 11.00000000 19.68944931 38.00000000
v 11.00000000 19.69462776 39.00000000
v 11.00000000 19.70576859 40.00000000
v 11.00000000 19.71013069 41.00000000
v 11.00000000 19.70238495 42.00000000
v 11.00000000 19.68288040 43.00000000
v 11.00000000 19.66477585 44.00000000
v 11.00000000 19.65679932 45.00000000
v 11.00000000 19.72733116 46.00000000
v 11.00000000 20.00000000 46.61234283
v 11.00000000 21.00000000 17.08297729
v 11.00000000 20.57130814 47.00000000
v 11.00000000 21.00000000 47.11412048
v 11.00000000 22.00000000 17.03439713
v 11.00000000 22.00000000 47.12317657
v 10.91318798 23.00000000 17.00000000
v 11.00000000 22.79626274 17.00000000
v 11.00000000 23.00000000 16.99221611
v 11.00000000 23.00000000 47.10266113
v 11.00000000 24.00000000 16.92065430
v 11.00000000 24.00000000 47.09821701
v 11.00000000 25.00000000 16.87187386
v 11.00000000 25.00000000 47.07629013
v 11.00000000 26.00000000 16.77385712
v 11.00000000 26.00000000 47.05097961
v 11.00000000 27.00000000 16.65274811
v 11.00000000 27.00000000 47.04697037
v 11.00000000 28.00000000 16.46805191
v 11.00000000 28.00000000 47.04483032
v 11.00000000 29.00000000 16.28978348
v 11.00000000 29.00000000 47.05202866
v 11.00000000 30.00000000 16.20304680
v 11.00000000 30.00000000 47.09279251
v 11.00000000 31.00000000 16.20099640
v 11.00000000 31.00000000 47.14179611
v 11.00000000 32.00000000 16.39467621
v 11.00000000 32.00000000 47.19250107
v 11.00000000 33.00000000 16.55315018
v 11.00000000 33.00000000 47.24814987
v 11.00000000 34.00000000 16.13898849
v 11.00000000 34.00000000 47.29214096
v 11.00000000 34.72099686 16.00000000
v 11.00000000 35.00000000 15.96970367
v 11.00000000 35.00000000 47.31254959
v 11.00000000 35.82503891 16.00000000
v 11.00000000 36.00000000 16.01657867
v 11.00000000 36.00000000 47.32553864
v 11.00000000 37.00000000 16.29091835
v 11.00000000 37.00000000 47.33769989
v 11.00000000 38.00000000 16.72107887
v 11.00000000 38.00000000 47.36128616
v 11.00000000 38.45632172 17.00000000
v 11.00000000 38.99282074 18.00000000
v 10.22041225 39.00000000 18.00000000
v 11.00000000 39.00000000 18.02611732
v 11.00000000 39.00000000 47.38437653
v 11.00000000 39.24795532 19.00000000
v 11.00000000 39.42469406 20.00000000
v 11.00000000 39.58627319 21.00000000
v 11.00000000 39.75506973 22.00000000
v 11.00000000 39.86093521 23.00000000
v 10.27778912 40.00000000 23.00000000
v 11.00000000 39.94187164 24.00000000
v 10.71667290 40.00000000 24.00000000
v 11.00000000 40.00000000 24.81236458
v 10.74669075 40.00000000 35.00000000
v 11.00000000 40.00000000 34.27162933
v 11.00000000 39.86870575 35.00000000
v 11.00000000 39.62656403 36.00000000
v 10.39951515 40.00000000 36.00000000
v 11.00000000 39.43101501 37.00000000
v 10.13135624 40.00000000 37.00000000
v 11.00000000 39.36394501 38.00000000
v 11.00000000 39.74852371 39.00000000
v 10.34612179 40.00000000 39.00000000
v 11.00000000 40.00000000 39.09717941
v 11.00000000 40.00000000 47.37864685
v 11.00000000 40.01506042 25.00000000
v 11.00000000 40.08790207 26.00000000
v 11.00000000 40.16160583 27.00000000
v 11.00000000 40.21337891 28.00000000
v 11.00000000 40.24985886 29.00000000
v 11.00000000 40.26646805 30.00000000
v 11.00000000 40.26755905 31.00000000
v 11.00000000 40.23675537 32.00000000
v 11.00000000 40.15415573 33.00000000
v 11.00000000 40.03756332 34.00000000
v 11.00000000 41.00000000 39.52478790
v 11.00000000 41.00000000 47.29449081
v 11.00000000 41.84703064 40.00000000
v 11.00000000 42.00000000 40.07748032
v 10.53562069 42.00000000 47.00000000
v 11.00000000 42.00000000 47.09282303
v 10.09006405 43.00000000 41.00000000
v 11.00000000 43.00000000 40.72467422
v 11.00000000 43.00000000 46.55578232
v 11.00000000 42.26983261 47.00000000
v 11.00000000 43.29613113 41.00000000
v 11.00000000 43.96282959 42.00000000
v 10.64302540 44.00000000 43.00000000
v 11.00000000 44.00000000 42.18294907
v 10.72959709 44.00000000 44.00000000
v 11.00000000 44.00000000 44.59910965
v 11.00000000 43.91644287 45.00000000
v 11.00000000 43.41933441 46.00000000
v 11.00000000 44.11576462 43.00000000
v 11.00000000 44.07989502 44.00000000
v 12.00000000 19.87107849 18.00000000
v 12.00000000 20.00000000 17.78587723
v 12.00000000 19.65827179 19.00000000
v 12.00000000 19.57068253 20.00000000
v 12.00000000 19.54271507 21.00000000
v 12.00000000 19.52181435 22.00000000
v 12.00000000 19.52032280 23.00000000
v 12.00000000 19.53541374 24.00000000
v 12.00000000 19.55446815 25.00000000
v 12.00000000 19.57199860 26.00000000
v 12.00000000 19.59877205 27.00000000
v 12.00000000 19.62212181 28.00000000
v 12.00000000 19.64015198 29.00000000
v 12.00000000 19.65691376 30.00000000
v 12.00000000 19.67116356 31.00000000
v 12.00000000 19.68547630 32.00000000
v 12.00000000 19.69946480 33.00000000
v 12.00000000 19.70771027 34.00000000
v 12.00000000 19.71489525 35.00000000
v 12.00000000 19.71947479 36.00000000
v 12.00000000 19.71896744 37.00000000
v 12.00000000 19.72078896 38.00000000
v 12.00000000 19.72558403 39.00000000
v 12.00000000 19.73547745 40.00000000
v 12.00000000 19.73975563 41.00000000
v 12.00000000 19.73488617 42.00000000
v 12.00000000 19.71293068 43.00000000
v 12.00000000 19.68874550 44.00000000
v 12.00000000 19.68736267 45.00000000
v 12.00000000 19.74498367 46.00000000
v 12.00000000 20.00000000 46.63794327
v 12.00000000 21.00000000 17.05045319
v 12.00000000 20.50567245 47.00000000
v 12.00000000 21.00000000 47.12759781
v 11.71205807 22.00000000 17.00000000
v 12.00000000 21.77376938 17.00000000
v 12.00000000 22.00000000 16.98879433
v 12.00000000 22.00000000 47.12236023
v 12.00000000 23.00000000 16.93800163
v 12.00000000 23.00000000 47.09950256
v 12.00000000 24.00000000 16.85166359
v 12.00000000 24.00000000 47.08989334
v 12.00000000 25.00000000 16.80429077
v 12.00000000 25.00000000 47.07410812
v 12.00000000 26.00000000 16.72331619
v 12.00000000 26.00000000 47.05424881
v 12.00000000 27.00000000 16.62052536
v 12.00000000 27.00000000 47.05487823
v 12.00000000 28.00000000 16.43129349
v 12.00000000 28.00000000 47.05206680
v 12.00000000 29.00000000 16.21778679
v 12.00000000 29.00000000 47.06423187
v 12.00000000 30.00000000 16.10655594
v 12.00000000 30.00000000 47.10402298
v 12.00000000 31.00000000 16.16615105
v 12.00000000 31.00000000 47.15422821
v 12.00000000 32.00000000 16.55891228
v 12.00000000 32.00000000 47.21231461
v 12.00000000 33.00000000 16.91926384
v 12.00000000 33.00000000 47.27274323
v 12.00000000 34.00000000 16.43915367
v 12.00000000 34.00000000 47.32285309
v 11.27909660 35.00000000 16.00000000
v 12.00000000 35.00000000 16.21751213
v 12.00000000 35.00000000 47.35165405
v 12.00000000 36.00000000 16.31151199
v 12.00000000 36.00000000 47.37018585
v 12.00000000 37.00000000 16.55424309
v 12.00000000 37.00000000 47.38640594
v 12.00000000 37.85502625 17.00000000
v 11.78850555 38.00000000 17.00000000
v 12.00000000 38.00000000 17.23673630
v 11.89149189 38.00000000 36.00000000
v 12.00000000 38.00000000 35.10120773
v 12.00000000 37.48931503 36.00000000
v 12.00000000 37.34019470 37.00000000
v 11.81627274 38.00000000 37.00000000
v 12.00000000 37.54837036 38.00000000
v 11.87720680 38.00000000 38.00000000
v 12.00000000 38.00000000 38.34653473
v 12.00000000 38.00000000 47.40502548
v 12.00000000 38.38002777 18.00000000
v 12.00000000 38.63337326 19.00000000
v 11.43953037 39.00000000 19.00000000
v 12.00000000 38.79618454 20.00000000
v 11.69918346 39.00000000 20.00000000
v 12.00000000 38.93641663 21.00000000
v 11.90917110 39.00000000 21.00000000
v 12.00000000 39.00000000 21.49491310
v 11.91677189 39.00000000 33.00000000
v 12.00000000 39.00000000 32.25513077
v 12.00000000 38.81979370 33.00000000
v 12.00000000 38.47471619 34.00000000
v 11.78641987 39.00000000 34.00000000
v 12.00000000 38.03306198 35.00000000
v 11.60446644 39.00000000 35.00000000
v 11.43130970 39.00000000 36.00000000
v 11.30702591 39.00000000 37.00000000
v 11.32721615 39.00000000 38.00000000
v 12.00000000 38.62840271 39.00000000
v 11.78186512 39.00000000 39.00000000
v 12.00000000 39.00000000 39.06901932
v 12.00000000 39.00000000 47.43090439
v 12.00000000 39.06302261 22.00000000
v 12.00000000 39.18767548 23.00000000
v 12.00000000 39.30144882 24.00000000
v 12.00000000 39.38162613 25.00000000
v 11.02730656 40.00000000 25.00000000
v 12.00000000 39.43881226 26.00000000
v 11.14840984 40.00000000 26.00000000
v 12.00000000 39.47285080 27.00000000
v 11.26359653 40.00000000 27.00000000
v 12.00000000 39.46282959 28.00000000
v 11.32268810 40.00000000 28.00000000
v 12.00000000 39.42275620 29.00000000
v 11.36438465 40.00000000 29.00000000
v 12.00000000 39.34336853 30.00000000
v 11.36791706 40.00000000 30.00000000
v 12.00000000 39.22671127 31.00000000
v 11.34146881 40.00000000 31.00000000
v 12.00000000 39.04585266 32.00000000
v 11.27695656 40.00000000 32.00000000
v 11.17253876 40.00000000 33.00000000
v 11.04087734 40.00000000 34.00000000
v 12.00000000 40.00000000 39.29430771
v 12.00000000 40.00000000 47.42778015
v 12.00000000 41.00000000 39.58610916
v 12.00000000 41.00000000 47.37092590
v 12.00000000 41.83472443 40.00000000
v 12.00000000 42.00000000 40.07884598
v 12.00000000 42.00000000 47.19561386
v 12.00000000 43.00000000 40.65707016
v 12.00000000 43.00000000 46.79837418
v 12.00000000 42.62964249 47.00000000
v 12.00000000 43.43323517 41.00000000
v 11.13920593 44.00000000 42.00000000
v 12.00000000 44.00000000 41.70258713
v 11.27104187 44.00000000 45.00000000
v 12.00000000 44.00000000 45.39364243
v 12.00000000 43.64518356 46.00000000
v 12.00000000 44.15839005 42.00000000
v 12.00000000 44.34935760 43.00000000
v 12.00000000 44.29846954 44.00000000
v 12.00000000 44.13910675 45.00000000
v 13.00000000 19.88736153 18.00000000
v 13.00000000 20.00000000 17.81180382
v 13.00000000 19.66952896 19.00000000
v 13.00000000 19.57490158 20.00000000
v 13.00000000 19.54159546 21.00000000
v 13.00000000 19.51864243 22.00000000
v 13.00000000 19.52217293 23.00000000
v 13.00000000 19.53977776 24.00000000
v 13.00000000 19.55992317 25.00000000
v 13.00000000 19.58271027 26.00000000
v 13.00000000 19.61361694 27.00000000
v 13.00000000 19.63772583 28.00000000
v 13.00000000 19.65658188 29.00000000
v 13.00000000 19.67264366 30.00000000
v 13.00000000 19.68795967 31.00000000
v 13.00000000 19.70056725 32.00000000
v 13.00000000 19.71385002 33.00000000
v 13.00000000 19.72365761 34.00000000
v 13.00000000 19.73197556 35.00000000
v 13.00000000 19.73596573 36.00000000
v 13.00000000 19.73483467 37.00000000
v 13.00000000 19.73610115 38.00000000
v 13.00000000 19.74484062 39.00000000
v 13.00000000 19.75457954 40.00000000
v 13.00000000 19.76336670 41.00000000
v 13.00000000 19.76091766 42.00000000
v 13.00000000 19.74339867 43.00000000
v 13.00000000 19.72029114 44.00000000
v 13.00000000 19.71365547 45.00000000
v 13.00000000 19.77873039 46.00000000
v 13.00000000 20.00000000 46.58252335
v 13.00000000 21.00000000 17.06626320
v 13.00000000 20.58409500 47.00000000
v 13.00000000 21.00000000 47.10646057
v 13.00000000 21.73857689 17.00000000
v 13.00000000 22.00000000 16.98175240
v 13.00000000 22.00000000 47.10297012
v 13.00000000 23.00000000 16.91409683
v 13.00000000 23.00000000 47.08613586
v 13.00000000 24.00000000 16.82374001
v 13.00000000 24.00000000 47.07835007
v 13.00000000 25.00000000 16.76812935
v 13.00000000 25.00000000 47.06842041
v 13.00000000 26.00000000 16.68348503
v 13.00000000 26.00000000 47.04703522
v 13.00000000 27.00000000 16.58931351
v 13.00000000 27.00000000 47.05015564
v 13.00000000 28.00000000 16.41341400
v 13.00000000 28.00000000 47.05220413
v 13.00000000 29.00000000 16.18673706
v 13.00000000 29.00000000 47.06615067
v 13.00000000 30.00000000 16.05295563
v 13.00000000 30.00000000 47.09978867
v 13.00000000 31.00000000 16.09306145
v 13.00000000 31.00000000 47.15028000
v 13.00000000 32.00000000 16.78689957
v 13.00000000 32.00000000 47.21690750
v 13.00000000 32.33704758 17.00000000
v 12.17118835 33.00000000 17.00000000
v 13.00000000 33.00000000 17.90444374
v 12.94398785 33.00000000 27.00000000
v 13.00000000 33.00000000 26.29421043
v 13.00000000 32.89985275 27.00000000
v 13.00000000 32.78853226 28.00000000
v 12.87528133 33.00000000 28.00000000
v 13.00000000 32.67348480 29.00000000
v 12.78966618 33.00000000 29.00000000
v 13.00000000 32.64278030 30.00000000
v 12.73359108 33.00000000 30.00000000
v 13.00000000 32.64077377 31.00000000
v 12.69710636 33.00000000 31.00000000
v 13.00000000 32.64209747 32.00000000
v 12.66874886 33.00000000 32.00000000
v 13.00000000 32.63404465 33.00000000
v 12.65348339 33.00000000 33.00000000
v 13.00000000 32.56761932 34.00000000
v 12.59272957 33.00000000 34.00000000
v 13.00000000 32.48506927 35.00000000
v 12.52073193 33.00000000 35.00000000
v 13.00000000 32.44750977 36.00000000
v 12.47019100 33.00000000 36.00000000
v 13.00000000 32.41196823 37.00000000
v 12.46317387 33.00000000 37.00000000
v 13.00000000 32.41823959 38.00000000
v 12.46199417 33.00000000 38.00000000
v 13.00000000 32.60997391 39.00000000
v 12.61800480 33.00000000 39.00000000
v 13.00000000 33.00000000 39.27056885
v 13.00000000 33.00000000 47.28190613
v 13.00000000 33.85561371 17.00000000
v 13.00000000 34.00000000 16.92236519
v 12.99633694 34.00000000 26.00000000
v 13.00000000 34.00000000 25.97323608
v 13.00000000 33.85528946 26.00000000
v 12.90259361 34.00000000 27.00000000
v 12.83051014 34.00000000 28.00000000
v 12.76354980 34.00000000 29.00000000
v 12.69611168 34.00000000 30.00000000
v 12.62451553 34.00000000 31.00000000
v 12.56636906 34.00000000 32.00000000
v 12.50439167 34.00000000 33.00000000
v 12.45933819 34.00000000 34.00000000
v 12.42253971 34.00000000 35.00000000
v 12.40092278 34.00000000 36.00000000
v 12.40285397 34.00000000 37.00000000
v 12.42254829 34.00000000 38.00000000
v 12.62261009 34.00000000 39.00000000
v 13.00000000 34.00000000 39.22324753
v 13.00000000 34.00000000 47.33604813
v 13.00000000 35.00000000 16.95767784
v 13.00000000 34.02582550 26.00000000
v 13.00000000 34.90640259 27.00000000
v 12.90778923 35.00000000 28.00000000
v 13.00000000 35.00000000 27.10603714
v 12.82202530 35.00000000 29.00000000
v 12.74678707 35.00000000 30.00000000
v 12.65538788 35.00000000 31.00000000
v 12.56588840 35.00000000 32.00000000
v 12.47135925 35.00000000 33.00000000
v 12.39162445 35.00000000 34.00000000
v 12.33023357 35.00000000 35.00000000
v 12.29773426 35.00000000 36.00000000
v 12.29332829 35.00000000 37.00000000
v 12.28870201 35.00000000 38.00000000
v 12.63665009 35.00000000 39.00000000
v 13.00000000 35.00000000 39.16421890
v 13.00000000 35.00000000 47.37118149
v 13.00000000 35.22932434 17.00000000
v 12.85298061 36.00000000 17.00000000
v 13.00000000 36.00000000 17.41666985
v 12.95663738 36.00000000 28.00000000
v 13.00000000 36.00000000 27.63722801
v 12.84049225 36.00000000 29.00000000
v 12.71098614 36.00000000 30.00000000
v 12.62274551 36.00000000 31.00000000
v 12.52704811 36.00000000 32.00000000
v 12.42331409 36.00000000 33.00000000
v 12.33174038 36.00000000 34.00000000
v 12.24606609 36.00000000 35.00000000
v 12.19982719 36.00000000 36.00000000
v 12.20001221 36.00000000 37.00000000
v 12.22357941 36.00000000 38.00000000
v 12.72973728 36.00000000 39.00000000
v 13.00000000 36.00000000 39.09506607
v 13.00000000 36.00000000 47.39011002
v 12.50552273 37.00000000 17.00000000
v 13.00000000 36.55536652 18.00000000
v 12.85360622 37.00000000 18.00000000
v 13.00000000 36.85077286 19.00000000
v 12.94939423 37.00000000 19.00000000
v 13.00000000 36.94309235 20.00000000
v 12.98151302 37.00000000 20.00000000
v 13.00000000 37.00000000 20.49153328
v 12.99278545 37.00000000 25.00000000
v 13.00000000 37.00000000 24.63423157
v 13.00000000 36.96585464 25.00000000
v 13.00000000 36.74301147 26.00000000
v 12.95011997 37.00000000 26.00000000
v 13.00000000 36.43840408 27.00000000
v 12.90692425 37.00000000 27.00000000
v 12.84322453 37.00000000 28.00000000
v 12.74413013 37.00000000 29.00000000
v 12.65806770 37.00000000 30.00000000
v 12.55342579 37.00000000 31.00000000
v 12.44717884 37.00000000 32.00000000
v 12.34298897 37.00000000 33.00000000
v 12.24563980 37.00000000 34.00000000
v 12.15809917 37.00000000 35.00000000
v 12.08986187 37.00000000 36.00000000
v 12.08019161 37.00000000 37.00000000
v 12.13587952 37.00000000 38.00000000
v 12.81071472 37.00000000 39.00000000
v 13.00000000 37.00000000 39.05640411
v 13.00000000 37.00000000 47.41437531
v 12.30372906 38.00000000 18.00000000
v 12.47159767 38.00000000 19.00000000
v 12.55294704 38.00000000 20.00000000
v 13.00000000 37.04700470 21.00000000
v 12.61597729 38.00000000 21.00000000
v 13.00000000 37.04555130 22.00000000
v 12.66523361 38.00000000 22.00000000
v 13.00000000 37.06035614 23.00000000
v 12.69888115 38.00000000 23.00000000
v 13.00000000 37.04520798 24.00000000
v 12.72449207 38.00000000 24.00000000
v 12.74082470 38.00000000 25.00000000
v 12.73159790 38.00000000 26.00000000
v 12.70219231 38.00000000 27.00000000
v 12.66406822 38.00000000 28.00000000
v 12.60463428 38.00000000 29.00000000
v 12.52084255 38.00000000 30.00000000
v 12.44005680 38.00000000 31.00000000
v 12.34114552 38.00000000 32.00000000
v 12.24226665 38.00000000 33.00000000
v 12.12937355 38.00000000 34.00000000
v 12.00996208 38.00000000 35.00000000
v 12.53088093 38.00000000 39.00000000
v 13.00000000 38.00000000 39.10391998
v 13.00000000 38.00000000 47.42983627
v 12.05512524 39.00000000 22.00000000
v 12.15161133 39.00000000 23.00000000
v 12.23166943 39.00000000 24.00000000
v 12.27769089 39.00000000 25.00000000
v 12.30462265 39.00000000 26.00000000
v 12.30411243 39.00000000 27.00000000
v 12.28511620 39.00000000 28.00000000
v 12.24622536 39.00000000 29.00000000
v 12.18865776 39.00000000 30.00000000
v 12.11461258 39.00000000 31.00000000
v 12.02154350 39.00000000 32.00000000
v 13.00000000 39.00000000 39.24262619
v 13.00000000 39.00000000 47.45349121
v 13.00000000 40.00000000 39.43957138
v 13.00000000 40.00000000 47.45808411
v 13.00000000 41.00000000 39.69303513
v 13.00000000 41.00000000 47.41944122
v 13.00000000 41.71012878 40.00000000
v 13.00000000 42.00000000 40.12428284
v 13.00000000 42.00000000 47.26717377
v 13.00000000 43.00000000 40.66475296
v 13.00000000 43.00000000 46.99820328
v 13.00000000 42.99637985 47.00000000
v 13.00000000 43.47539139 41.00000000
v 13.00000000 44.00000000 41.56467438
v 13.00000000 44.00000000 45.76473618
v 13.00000000 43.84365082 46.00000000
v 13.00000000 44.27101135 42.00000000
v 13.00000000 44.49174881 43.00000000
v 13.00000000 44.44285965 44.00000000
v 13.00000000 44.28446198 45.00000000
v 14.00000000 19.90356064 18.00000000
v 14.00000000 20.00000000 17.84144211
v 14.00000000 19.68073273 19.00000000
v 14.00000000 19.57926750 20.00000000
v 14.00000000 19.53922653 21.00000000
v 14.00000000 19.51865005 22.00000000
v 14.00000000 19.52229118 23.00000000
v 14.00000000 19.53785133 24.00000000
v 14.00000000 19.55608940 25.00000000
v 14.00000000 19.57831955 26.00000000
v 14.00000000 19.61030769 27.00000000
v 14.00000000 19.63665199 28.00000000
v 14.00000000 19.65904617 29.00000000
v 14.00000000 19.67771721 30.00000000
v 14.00000000 19.69311905 31.00000000
v 14.00000000 19.70760536 32.00000000
v 14.00000000 19.72498131 33.00000000
v 14.00000000 19.73728371 34.00000000
v 14.00000000 19.74402428 35.00000000
v 14.00000000 19.74910164 36.00000000
v 14.00000000 19.74669456 37.00000000
v 14.00000000 19.74740028 38.00000000
v 14.00000000 19.75732994 39.00000000
v 14.00000000 19.76576996 40.00000000
v 14.00000000 19.77519226 41.00000000
v 14.00000000 19.77518272 42.00000000
v 14.00000000 19.76236153 43.00000000
v 14.00000000 19.74696350 44.00000000
v 14.00000000 19.73753548 45.00000000
v 14.00000000 19.81281471 46.00000000
v 14.00000000 20.00000000 46.48782730
v 14.00000000 21.00000000 17.09705925
v 14.00000000 20.68968773 47.00000000
v 14.00000000 21.00000000 47.08564758
v 14.00000000 21.77317810 17.00000000
v 14.00000000 22.00000000 16.97759628
v 14.00000000 22.00000000 47.08797073
v 14.00000000 23.00000000 16.90577126
v 14.00000000 23.00000000 47.07743073
v 14.00000000 24.00000000 16.80643463
v 14.00000000 24.00000000 47.06984711
v 14.00000000 25.00000000 16.74101448
v 14.00000000 25.00000000 47.06417465
v 14.00000000 26.00000000 16.65923882
v 14.00000000 26.00000000 47.04417038
v 14.00000000 27.00000000 16.56778717
v 14.00000000 27.00000000 47.04868317
v 14.00000000 28.00000000 16.38156128
v 14.00000000 28.00000000 47.05625534
v 14.00000000 29.00000000 16.15168571
v 14.00000000 29.00000000 47.06894684
v 14.00000000 30.00000000 16.01241493
v 14.00000000 30.00000000 47.09937668
v 14.00000000 31.00000000 16.03151894
v 14.00000000 31.00000000 47.14872742
v 14.00000000 32.00000000 16.99542046
v 14.00000000 32.00000000 47.21804810
v 14.00000000 32.00349808 17.00000000
v 14.00000000 32.28894424 18.00000000
v 13.05069351 33.00000000 18.00000000
v 14.00000000 32.42210007 19.00000000
v 13.27819252 33.00000000 19.00000000
v 14.00000000 32.43931961 20.00000000
v 13.32689285 33.00000000 20.00000000
v 14.00000000 32.40234756 21.00000000
v 13.28639317 33.00000000 21.00000000
v 14.00000000 32.38798523 22.00000000
v 13.24947166 33.00000000 22.00000000
v 14.00000000 32.37439728 23.00000000
v 13.20105457 33.00000000 23.00000000
v 14.00000000 32.33938599 24.00000000
v 13.13864422 33.00000000 24.00000000
v 14.00000000 32.31229782 25.00000000
v 13.07601357 33.00000000 25.00000000
v 14.00000000 32.28878021 26.00000000
v 13.02019310 33.00000000 26.00000000
v 14.00000000 32.27112579 27.00000000
v 14.00000000 32.24897003 28.00000000
v 14.00000000 32.22538376 29.00000000
v 14.00000000 32.22800446 30.00000000
v 14.00000000 32.23054504 31.00000000
v 14.00000000 32.20722961 32.00000000
v 14.00000000 32.18726349 33.00000000
v 14.00000000 32.16604996 34.00000000
v 14.00000000 32.13606644 35.00000000
v 14.00000000 32.08050156 36.00000000
v 14.00000000 32.02150726 37.00000000
v 14.00000000 32.01834488 38.00000000
v 14.00000000 32.17015457 39.00000000
v 14.00000000 33.00000000 39.58851624
v 14.00000000 33.00000000 47.28862762
v 13.07319355 34.00000000 17.00000000
v 13.35405540 34.00000000 18.00000000
v 13.47941685 34.00000000 19.00000000
v 13.45352268 34.00000000 20.00000000
v 13.40867329 34.00000000 21.00000000
v 13.35805702 34.00000000 22.00000000
v 13.28953362 34.00000000 23.00000000
v 13.20963955 34.00000000 24.00000000
v 13.09865475 34.00000000 25.00000000
v 14.00000000 34.00000000 39.45362854
v 14.00000000 34.00000000 47.35148239
v 13.02664089 35.00000000 17.00000000
v 13.29041481 35.00000000 18.00000000
v 13.37457657 35.00000000 19.00000000
v 13.36135769 35.00000000 20.00000000
v 13.34926224 35.00000000 21.00000000
v 13.33423138 35.00000000 22.00000000
v 13.31075382 35.00000000 23.00000000
v 13.25101948 35.00000000 24.00000000
v 13.18279457 35.00000000 25.00000000
v 13.09676647 35.00000000 26.00000000
v 13.00692940 35.00000000 27.00000000
v 14.00000000 35.00000000 39.31712341
v 14.00000000 35.00000000 47.38984299
v 13.12990952 36.00000000 18.00000000
v 13.20640182 36.00000000 19.00000000
v 13.21409893 36.00000000 20.00000000
v 13.22358704 36.00000000 21.00000000
v 13.22784519 36.00000000 22.00000000
v 13.21399879 36.00000000 23.00000000
v 13.19394875 36.00000000 24.00000000
v 13.14464378 36.00000000 25.00000000
v 13.10085583 36.00000000 26.00000000
v 13.04833984 36.00000000 27.00000000
v 14.00000000 36.00000000 39.22438049
v 14.00000000 36.00000000 47.40693665
v 13.01387024 37.00000000 21.00000000
v 13.01208115 37.00000000 22.00000000
v 13.01503658 37.00000000 23.00000000
v 13.01026154 37.00000000 24.00000000
v 14.00000000 37.00000000 39.18870926
v 14.00000000 37.00000000 47.43348312
v 14.00000000 38.00000000 39.23273087
v 14.00000000 38.00000000 47.45274353
v 14.00000000 39.00000000 39.36737823
v 14.00000000 39.00000000 47.47223282
v 14.00000000 40.00000000 39.53254700
v 14.00000000 40.00000000 47.47576141
v 14.00000000 41.00000000 39.77182388
v 14.00000000 41.00000000 47.44675064
v 14.00000000 41.63184738 40.00000000
v 14.00000000 42.00000000 40.14210510
v 14.00000000 42.00000000 47.31397247
v 14.00000000 43.00000000 40.64226532
v 13.01099205 43.00000000 47.00000000
v 14.00000000 43.00000000 47.09844971
v 14.00000000 43.53935623 41.00000000
v 14.00000000 44.00000000 41.45601273
v 13.83987713 44.00000000 46.00000000
v 14.00000000 44.00000000 46.04030228
v 14.00000000 43.16136932 47.00000000
v 14.00000000 44.35758591 42.00000000
v 14.00000000 44.58734512 43.00000000
v 14.00000000 44.54724121 44.00000000
v 14.00000000 44.38149261 45.00000000
v 14.00000000 44.01748657 46.00000000
v 15.00000000 19.90890884 18.00000000
v 15.00000000 20.00000000 17.85283852
v 15.00000000 19.68133736 19.00000000
v 15.00000000 19.57712936 20.00000000
v 15.00000000 19.53413773 21.00000000
v 15.00000000 19.51380157 22.00000000
v 15.00000000 19.51794815 23.00000000
v 15.00000000 19.53073692 24.00000000
v 15.00000000 19.54869843 25.00000000
v 15.00000000 19.56909370 26.00000000
v 15.00000000 19.59851074 27.00000000
v 15.00000000 19.62672806 28.00000000
v 15.00000000 19.65119743 29.00000000
v 15.00000000 19.67231941 30.00000000
v 15.00000000 19.68878555 31.00000000
v 15.00000000 19.70582962 32.00000000
v 15.00000000 19.72625923 33.00000000
v 15.00000000 19.74207115 34.00000000
v 15.00000000 19.74788094 35.00000000
v 15.00000000 19.75262070 36.00000000
v 15.00000000 19.74920464 37.00000000
v 15.00000000 19.74874306 38.00000000
v 15.00000000 19.75926781 39.00000000
v 15.00000000 19.76843834 40.00000000
v 15.00000000 19.77953720 41.00000000
v 15.00000000 19.77902985 42.00000000
v 15.00000000 19.76565552 43.00000000
v 15.00000000 19.75316620 44.00000000
v 15.00000000 19.74498177 45.00000000
v 15.00000000 19.82452202 46.00000000
v 15.00000000 20.00000000 46.44791031
v 15.00000000 21.00000000 17.11598587
v 15.00000000 20.74285889 47.00000000
v 15.00000000 21.00000000 47.07304764
v 15.00000000 21.80658913 17.00000000
v 15.00000000 22.00000000 16.97802734
v 15.00000000 22.00000000 47.07664108
v 15.00000000 23.00000000 16.90631676
v 15.00000000 23.00000000 47.07258987
v 15.00000000 24.00000000 16.80077553
v 15.00000000 24.00000000 47.06425095
v 15.00000000 25.00000000 16.72795296
v 15.00000000 25.00000000 47.06379318
v 15.00000000 26.00000000 16.63926888
v 15.00000000 26.00000000 47.04679871
v 15.00000000 27.00000000 16.54432869
v 15.00000000 27.00000000 47.04722214
v 15.00000000 28.00000000 16.35327911
v 15.00000000 28.00000000 47.05668259
v 15.00000000 29.00000000 16.12364197
v 15.00000000 29.00000000 47.07179642
v 14.39889050 30.00000000 16.00000000
v 15.00000000 29.85183907 16.00000000
v 15.00000000 30.00000000 15.98411179
v 15.00000000 30.00000000 47.10267258
v 14.51093102 31.00000000 16.00000000
v 15.00000000 31.00000000 15.97760582
v 15.00000000 31.00000000 47.14603424
v 15.00000000 31.04607582 16.00000000
v 15.00000000 31.97306442 17.00000000
v 14.08677101 32.00000000 17.00000000
v 15.00000000 32.00000000 17.12811279
v 14.88619328 32.00000000 36.00000000
v 15.00000000 32.00000000 35.84183502
v 15.00000000 31.99606705 36.00000000
v 15.00000000 31.97937393 37.00000000
v 14.26336288 32.00000000 37.00000000
v 15.00000000 31.97509193 38.00000000
v 14.19151211 32.00000000 38.00000000
v 15.00000000 32.00000000 38.65279007
v 15.00000000 32.00000000 47.21667862
v 15.00000000 32.15648651 18.00000000
v 15.00000000 32.22242737 19.00000000
v 15.00000000 32.23788834 20.00000000
v 15.00000000 32.22545242 21.00000000
v 15.00000000 32.23281097 22.00000000
v 15.00000000 32.25234222 23.00000000
v 15.00000000 32.24390411 24.00000000
v 15.00000000 32.23152924 25.00000000
v 15.00000000 32.21323013 26.00000000
v 15.00000000 32.19568253 27.00000000
v 15.00000000 32.18140411 28.00000000
v 15.00000000 32.16114044 29.00000000
v 15.00000000 32.15191650 30.00000000
v 15.00000000 32.13487625 31.00000000
v 15.00000000 32.10706711 32.00000000
v 15.00000000 32.08850479 33.00000000
v 15.00000000 32.06629562 34.00000000
v 15.00000000 32.03129196 35.00000000
v 15.00000000 32.04112625 39.00000000
v 15.00000000 33.00000000 39.69552612
v 15.00000000 33.00000000 47.28827667
v 15.00000000 34.00000000 39.55884171
v 15.00000000 34.00000000 47.35895157
v 15.00000000 35.00000000 39.37916946
v 15.00000000 35.00000000 47.40191269
v 15.00000000 36.00000000 39.29258347
v 15.00000000 36.00000000 47.41839600
v 15.00000000 37.00000000 39.26608658
v 15.00000000 37.00000000 47.44437408
v 15.00000000 38.00000000 39.28261185
v 15.00000000 38.00000000 47.46788406
v 15.00000000 39.00000000 39.38812637
v 15.00000000 39.00000000 47.48698807
v 15.00000000 40.00000000 39.54808807
v 15.00000000 40.00000000 47.48888016
v 15.00000000 41.00000000 39.76293182
v 15.00000000 41.00000000 47.46576691
v 15.00000000 41.70069885 40.00000000
v 15.00000000 42.00000000 40.11244202
v 15.00000000 42.00000000 47.34753799
v 15.00000000 43.00000000 40.59582138
v 15.00000000 43.00000000 47.16600037
v 15.00000000 43.60026932 41.00000000
v 15.00000000 44.00000000 41.38407898
v 15.00000000 44.00000000 46.19921494
v 15.00000000 43.27964783 47.00000000
v 15.00000000 44.41780853 42.00000000
v 15.00000000 44.67010880 43.00000000
v 15.00000000 44.62633896 44.00000000
v 15.00000000 44.44962692 45.00000000
v 15.00000000 44.08992004 46.00000000
v 16.00000000 19.90886116 18.00000000
v 16.00000000 20.00000000 17.85471344
v 16.00000000 19.67769814 19.00000000
v 16.00000000 19.57488251 20.00000000
v 16.00000000 19.53114128 21.00000000
v 16.00000000 19.51041985 22.00000000
v 16.00000000 19.51260185 23.00000000
v 16.00000000 19.52435875 24.00000000
v 16.00000000 19.54179955 25.00000000
v 16.00000000 19.56037712 26.00000000
v 16.00000000 19.58952522 27.00000000
v 16.00000000 19.61828423 28.00000000
v 16.00000000 19.64419365 29.00000000
v 16.00000000 19.66601753 30.00000000
v 16.00000000 19.68370247 31.00000000
v 16.00000000 19.70550728 32.00000000
v 16.00000000 19.72749901 33.00000000
v 16.00000000 19.74608803 34.00000000
v 16.00000000 19.75457191 35.00000000
v 16.00000000 19.75833702 36.00000000
v 16.00000000 19.75465012 37.00000000
v 16.00000000 19.75540924 38.00000000
v 16.00000000 19.76360703 39.00000000
v 16.00000000 19.77096558 40.00000000
v 16.00000000 19.78061104 41.00000000
v 16.00000000 19.78002167 42.00000000
v 16.00000000 19.76586342 43.00000000
v 16.00000000 19.75544548 44.00000000
v 16.00000000 19.75065041 45.00000000
v 16.00000000 19.83478928 46.00000000
v 16.00000000 20.00000000 46.41044998
v 16.00000000 21.00000000 17.11963081
v 16.00000000 20.80366707 47.00000000
v 16.00000000 21.00000000 47.05646133
v 16.00000000 21.81254768 17.00000000
v 16.00000000 22.00000000 16.97805786
v 16.00000000 22.00000000 47.06211853
v 16.00000000 23.00000000 16.90041542
v 16.00000000 23.00000000 47.06510925
v 16.00000000 24.00000000 16.78388786
v 16.00000000 24.00000000 47.06263351
v 16.00000000 25.00000000 16.70372963
v 16.00000000 25.00000000 47.06705093
v 16.00000000 26.00000000 16.61319923
v 16.00000000 26.00000000 47.04858398
v 16.00000000 27.00000000 16.50839043
v 16.00000000 27.00000000 47.04631424
v 16.00000000 28.00000000 16.31584930
v 16.00000000 28.00000000 47.05609894
v 16.00000000 29.00000000 16.09099197
v 16.00000000 29.00000000 47.07589340
v 16.00000000 29.61680794 16.00000000
v 16.00000000 30.00000000 15.95654488
v 16.00000000 30.00000000 47.10516739
v 16.00000000 31.00000000 15.93071842
v 16.00000000 31.00000000 47.14339066
v 16.00000000 31.14375496 16.00000000
v 15.83865166 32.00000000 17.00000000
v 16.00000000 32.00000000 16.98991013
v 15.47664070 32.00000000 35.00000000
v 16.00000000 32.00000000 34.28776169
v 16.00000000 31.97820282 35.00000000
v 16.00000000 31.96041298 36.00000000
v 16.00000000 31.94688797 37.00000000
v 16.00000000 31.94238663 38.00000000
v 16.00000000 31.98619652 39.00000000
v 15.50714970 32.00000000 39.00000000
v 16.00000000 32.00000000 39.05326843
v 16.00000000 32.00000000 47.21377182
v 16.00000000 32.00410080 17.00000000
v 16.00000000 32.14802933 18.00000000
v 16.00000000 32.21471786 19.00000000
v 16.00000000 32.22709274 20.00000000
v 16.00000000 32.21561050 21.00000000
v 16.00000000 32.22086334 22.00000000
v 16.00000000 32.23291397 23.00000000
v 16.00000000 32.23080826 24.00000000
v 16.00000000 32.21793365 25.00000000
v 16.00000000 32.20454788 26.00000000
v 16.00000000 32.17430496 27.00000000
v 16.00000000 32.15167618 28.00000000
v 16.00000000 32.13157654 29.00000000
v 16.00000000 32.10391998 30.00000000
v 16.00000000 32.08048630 31.00000000
v 16.00000000 32.05482101 32.00000000
v 16.00000000 32.04403687 33.00000000
v 16.00000000 32.00960922 34.00000000
v 16.00000000 33.00000000 39.72776794
v 16.00000000 33.00000000 47.28386688
v 16.00000000 34.00000000 39.59783554
v 16.00000000 34.00000000 47.36062622
v 16.00000000 35.00000000 39.38685989
v 16.00000000 35.00000000 47.40552521
v 16.00000000 36.00000000 39.32722473
v 16.00000000 36.00000000 47.42635345
v 16.00000000 37.00000000 39.30998611
v 16.00000000 37.00000000 47.45269012
v 16.00000000 38.00000000 39.33531189
v 16.00000000 38.00000000 47.47621536
v 16.00000000 39.00000000 39.42265320
v 16.00000000 39.00000000 47.49835205
v 16.00000000 40.00000000 39.57890701
v 16.00000000 40.00000000 47.49839783
v 16.00000000 41.00000000 39.77913284
v 16.00000000 41.00000000 47.47615051
v 16.00000000 41.72803497 40.00000000
v 16.00000000 42.00000000 40.09335327
v 16.00000000 42.00000000 47.37172318
v 16.00000000 43.00000000 40.55713654
v 16.00000000 43.00000000 47.20651627
v 16.00000000 43.67035675 41.00000000
v 16.00000000 44.00000000 41.30450439
v 16.00000000 44.00000000 46.32221985
v 16.00000000 43.36315536 47.00000000
v 16.00000000 44.48116302 42.00000000
v 16.00000000 44.73669052 43.00000000
v 16.00000000 44.68484497 44.00000000
v 16.00000000 44.50026321 45.00000000
v 16.00000000 44.14862442 46.00000000
v 17.00000000 19.90734673 18.00000000
v 17.00000000 20.00000000 17.85325241
v 17.00000000 19.67653465 19.00000000
v 17.00000000 19.57440948 20.00000000
v 17.00000000 19.53273201 21.00000000
v 17.00000000 19.51122475 22.00000000
v 17.00000000 19.51095772 23.00000000
v 17.00000000 19.52235413 24.00000000
v 17.00000000 19.53866005 25.00000000
v 17.00000000 19.55745125 26.00000000
v 17.00000000 19.58701897 27.00000000
v 17.00000000 19.61649895 28.00000000
v 17.00000000 19.64108276 29.00000000
v 17.00000000 19.66377258 30.00000000
v 17.00000000 19.68356514 31.00000000
v 17.00000000 19.70692825 32.00000000
v 17.00000000 19.73003769 33.00000000
v 17.00000000 19.74978256 34.00000000
v 17.00000000 19.76091003 35.00000000
v 17.00000000 19.76131630 36.00000000
v 17.00000000 19.75369263 37.00000000
v 17.00000000 19.75710678 38.00000000
v 17.00000000 19.76317024 39.00000000
v 17.00000000 19.77041435 40.00000000
v 17.00000000 19.77947807 41.00000000
v 17.00000000 19.77992821 42.00000000
v 17.00000000 19.76578140 43.00000000
v 17.00000000 19.75653076 44.00000000
v 17.00000000 19.75403214 45.00000000
v 17.00000000 19.84343147 46.00000000
v 17.00000000 20.00000000 46.37683487
v 17.00000000 21.00000000 17.11404610
v 17.00000000 20.86277008 47.00000000
v 17.00000000 21.00000000 47.04009628
v 17.00000000 21.75012207 17.00000000
v 17.00000000 22.00000000 16.96959305
v 17.00000000 22.00000000 47.05040741
v 17.00000000 23.00000000 16.88651466
v 17.00000000 23.00000000 47.05638504
v 17.00000000 24.00000000 16.76435280
v 17.00000000 24.00000000 47.05850601
v 17.00000000 25.00000000 16.67884254
v 17.00000000 25.00000000 47.06704712
v 17.00000000 26.00000000 16.58761406
v 17.00000000 26.00000000 47.04819107
v 17.00000000 27.00000000 16.47262192
v 17.00000000 27.00000000 47.04730606
v 17.00000000 28.00000000 16.27636719
v 17.00000000 28.00000000 47.05800247
v 17.00000000 29.00000000 16.05912781
v 17.00000000 29.00000000 47.07926559
v 17.00000000 29.40210152 16.00000000
v 17.00000000 30.00000000 15.92955399
v 17.00000000 30.00000000 47.10784149
v 17.00000000 31.00000000 15.89300919
v 17.00000000 31.00000000 47.14266586
v 17.00000000 31.21783638 16.00000000
v 17.00000000 32.00000000 16.94540405
v 16.38696289 32.00000000 34.00000000
v 17.00000000 32.00000000 33.53963089
v 17.00000000 31.98602486 34.00000000
v 17.00000000 31.95585823 35.00000000
v 17.00000000 31.92823410 36.00000000
v 17.00000000 31.91114044 37.00000000
v 17.00000000 31.90419388 38.00000000
v 17.00000000 31.93858337 39.00000000
v 17.00000000 32.00000000 39.21117783
v 17.00000000 32.00000000 47.21057129
v 17.00000000 32.02104187 17.00000000
v 17.00000000 32.16016769 18.00000000
v 17.00000000 32.21721649 19.00000000
v 17.00000000 32.22253418 20.00000000
v 17.00000000 32.20931244 21.00000000
v 17.00000000 32.21057510 22.00000000
v 17.00000000 32.21736908 23.00000000
v 17.00000000 32.21414948 24.00000000
v 17.00000000 32.19659424 25.00000000
v 17.00000000 32.17699814 26.00000000
v 17.00000000 32.14348602 27.00000000
v 17.00000000 32.11069870 28.00000000
v 17.00000000 32.08000946 29.00000000
v 17.00000000 32.05808640 30.00000000
v 17.00000000 32.04378510 31.00000000
v 17.00000000 32.02874374 32.00000000
v 17.00000000 32.01520538 33.00000000
v 17.00000000 33.00000000 39.77338028
v 17.00000000 33.00000000 47.27985764
v 17.00000000 34.00000000 39.65264511
v 17.00000000 34.00000000 47.35974503
v 17.00000000 35.00000000 39.46270370
v 17.00000000 35.00000000 47.40761566
v 17.00000000 36.00000000 39.37311554
v 17.00000000 36.00000000 47.43300629
v 17.00000000 37.00000000 39.35177994
v 17.00000000 37.00000000 47.46012878
v 17.00000000 38.00000000 39.36675262
v 17.00000000 38.00000000 47.48208618
v 17.00000000 39.00000000 39.44194794
v 17.00000000 39.00000000 47.50748444
v 17.00000000 40.00000000 39.59121323
v 17.00000000 40.00000000 47.50495529
v 17.00000000 41.00000000 39.78228760
v 17.00000000 41.00000000 47.48423386
v 17.00000000 41.76210022 40.00000000
v 17.00000000 42.00000000 40.07843018
v 17.00000000 42.00000000 47.39105225
v 17.00000000 43.00000000 40.52314377
v 17.00000000 43.00000000 47.23494339
v 17.00000000 43.74175262 41.00000000
v 17.00000000 44.00000000 41.23290634
v 17.00000000 44.00000000 46.40744400
v 17.00000000 43.42204666 47.00000000
v 17.00000000 44.53230667 42.00000000
v 17.00000000 44.78765488 43.00000000
v 17.00000000 44.73185730 44.00000000
v 17.00000000 44.54158401 45.00000000
v 17.00000000 44.19274902 46.00000000
v 18.00000000 19.90626526 18.00000000
v 18.00000000 20.00000000 17.85069656
v 18.00000000 19.67666435 19.00000000
v 18.00000000 19.57422638 20.00000000
v 18.00000000 19.53370667 21.00000000
v 18.00000000 19.51155281 22.00000000
v 18.00000000 19.50923920 23.00000000
v 18.00000000 19.51920319 24.00000000
v 18.00000000 19.53393745 25.00000000
v 18.00000000 19.55671501 26.00000000
v 18.00000000 19.58580971 27.00000000
v 18.00000000 19.61598587 28.00000000
v 18.00000000 19.64001274 29.00000000
v 18.00000000 19.66245842 30.00000000
v 18.00000000 19.68376160 31.00000000
v 18.00000000 19.70550346 32.00000000
v 18.00000000 19.72689629 33.00000000
v 18.00000000 19.74667740 34.00000000
v 18.00000000 19.76131248 35.00000000
v 18.00000000 19.76112747 36.00000000
v 18.00000000 19.75181770 37.00000000
v 18.00000000 19.75497246 38.00000000
v 18.00000000 19.76096344 39.00000000
v 18.00000000 19.76822090 40.00000000
v 18.00000000 19.77581215 41.00000000
v 18.00000000 19.77684593 42.00000000
v 18.00000000 19.76335907 43.00000000
v 18.00000000 19.75510979 44.00000000
v 18.00000000 19.75385666 45.00000000
v 18.00000000 19.84820938 46.00000000
v 18.00000000 20.00000000 46.35689163
v 18.00000000 21.00000000 17.10006714
v 18.00000000 20.89531517 47.00000000
v 18.00000000 21.00000000 47.03114700
v 18.00000000 21.66136360 17.00000000
v 18.00000000 22.00000000 16.95887947
v 18.00000000 22.00000000 47.04402161
v 18.00000000 23.00000000 16.87337112
v 18.00000000 23.00000000 47.05148315
v 18.00000000 24.00000000 16.74296379
v 18.00000000 24.00000000 47.05672073
v 18.00000000 25.00000000 16.65244293
v 18.00000000 25.00000000 47.06513596
v 18.00000000 26.00000000 16.55653763
v 18.00000000 26.00000000 47.04778671
v 18.00000000 27.00000000 16.43564224
v 18.00000000 27.00000000 47.04979706
v 18.00000000 28.00000000 16.23665810
v 18.00000000 28.00000000 47.05831528
v 18.00000000 29.00000000 16.02788734
v 18.00000000 29.00000000 47.07948685
v 18.00000000 29.18870354 16.00000000
v 18.00000000 30.00000000 15.89964104
v 18.00000000 30.00000000 47.10881805
v 18.00000000 31.00000000 15.86152458
v 18.00000000 31.00000000 47.14570618
v 18.00000000 31.27404594 16.00000000
v 18.00000000 32.00000000 16.91425323
v 17.90839958 32.00000000 33.00000000
v 18.00000000 32.00000000 32.92365646
v 18.00000000 31.99835205 33.00000000
v 18.00000000 31.96575165 34.00000000
v 18.00000000 31.93849754 35.00000000
v 18.00000000 31.90955925 36.00000000
v 18.00000000 31.88753128 37.00000000
v 18.00000000 31.87489128 38.00000000
v 18.00000000 31.91175461 39.00000000
v 18.00000000 32.00000000 39.27225494
v 18.00000000 32.00000000 47.20981979
v 18.00000000 32.03135681 17.00000000
v 18.00000000 32.15836334 18.00000000
v 18.00000000 32.20364761 19.00000000
v 18.00000000 32.20831299 20.00000000
v 18.00000000 32.19981766 21.00000000
v 18.00000000 32.19942856 22.00000000
v 18.00000000 32.20598984 23.00000000
v 18.00000000 32.20484543 24.00000000
v 18.00000000 32.18283463 25.00000000
v 18.00000000 32.15667725 26.00000000
v 18.00000000 32.12078476 27.00000000
v 18.00000000 32.08943176 28.00000000
v 18.00000000 32.06249237 29.00000000
v 18.00000000 32.04642487 30.00000000
v 18.00000000 32.03274918 31.00000000
v 18.00000000 32.01689911 32.00000000
v 18.00000000 33.00000000 39.82621384
v 18.00000000 33.00000000 47.27954483
v 18.00000000 34.00000000 39.73187256
v 18.00000000 34.00000000 47.36138535
v 18.00000000 35.00000000 39.54452133
v 18.00000000 35.00000000 47.41107941
v 18.00000000 36.00000000 39.44082260
v 18.00000000 36.00000000 47.44080353
v 18.00000000 37.00000000 39.39965439
v 18.00000000 37.00000000 47.46416473
v 18.00000000 38.00000000 39.39561462
v 18.00000000 38.00000000 47.48936081
v 18.00000000 39.00000000 39.45922470
v 18.00000000 39.00000000 47.51009750
v 18.00000000 40.00000000 39.58727264
v 18.00000000 40.00000000 47.50716019
v 18.00000000 41.00000000 39.76325226
v 18.00000000 41.00000000 47.48841476
v 18.00000000 41.88808060 40.00000000
v 18.00000000 42.00000000 40.03525925
v 18.00000000 42.00000000 47.40807343
v 18.00000000 43.00000000 40.47369385
v 18.00000000 43.00000000 47.25874329
v 18.00000000 43.84527588 41.00000000
v 18.00000000 44.00000000 41.13654327
v 18.00000000 44.00000000 46.47143936
v 18.00000000 43.46915817 47.00000000
v 18.00000000 44.59159088 42.00000000
v 18.00000000 44.83205795 43.00000000
v 18.00000000 44.76737976 44.00000000
v 18.00000000 44.57223892 45.00000000
v 18.00000000 44.22935104 46.00000000
v 19.00000000 19.90041733 18.00000000
v 19.00000000 20.00000000 17.84014130
v 19.00000000 19.67298317 19.00000000
v 19.00000000 19.57269096 20.00000000
v 19.00000000 19.53225327 21.00000000
v 19.00000000 19.50984383 22.00000000
v 19.00000000 19.50668526 23.00000000
v 19.00000000 19.51480675 24.00000000
v 19.00000000 19.52840424 25.00000000
v 19.00000000 19.55273247 26.00000000
v 19.00000000 19.58130455 27.00000000
v 19.00000000 19.60793114 28.00000000
v 19.00000000 19.63331985 29.00000000
v 19.00000000 19.65669441 30.00000000
v 19.00000000 19.67796516 31.00000000
v 19.00000000 19.69954300 32.00000000
v 19.00000000 19.72189903 33.00000000
v 19.00000000 19.74080658 34.00000000
v 19.00000000 19.75444221 35.00000000
v 19.00000000 19.75639725 36.00000000
v 19.00000000 19.74809456 37.00000000
v 19.00000000 19.74963188 38.00000000
v 19.00000000 19.75785637 39.00000000
v 19.00000000 19.76513672 40.00000000
v 19.00000000 19.77189064 41.00000000
v 19.00000000 19.77402878 42.00000000
v 19.00000000 19.76029778 43.00000000
v 19.00000000 19.75290871 44.00000000
v 19.00000000 19.75273895 45.00000000
v 19.00000000 19.85098648 46.00000000
v 19.00000000 20.00000000 46.34773254
v 19.00000000 21.00000000 17.08417130
v 19.00000000 20.91935730 47.00000000
v 19.00000000 21.00000000 47.02389145
v 19.00000000 21.55716324 17.00000000
v 19.00000000 22.00000000 16.94636726
v 19.00000000 22.00000000 47.03733063
v 19.00000000 23.00000000 16.85978889
v 19.00000000 23.00000000 47.04681778
v 19.00000000 24.00000000 16.72052765
v 19.00000000 24.00000000 47.05382919
v 19.00000000 25.00000000 16.62417984
v 19.00000000 25.00000000 47.06605530
v 19.00000000 26.00000000 16.52324486
v 19.00000000 26.00000000 47.05416107
v 19.00000000 27.00000000 16.39501953
v 19.00000000 27.00000000 47.05993271
v 19.00000000 28.00000000 16.19867706
v 19.00000000 28.00000000 47.06389236
v 18.97256088 29.00000000 16.00000000
v 19.00000000 28.99559593 16.00000000
v 19.00000000 29.00000000 15.99933624
v 19.00000000 29.00000000 47.08227539
v 19.00000000 30.00000000 15.86830807
v 19.00000000 30.00000000 47.11079025
v 19.00000000 31.00000000 15.83200264
v 19.00000000 31.00000000 47.14748001
v 19.00000000 31.31547737 16.00000000
v 19.00000000 32.00000000 16.90070343
v 19.00000000 32.00000000 32.63806534
v 19.00000000 31.99188614 33.00000000
v 19.00000000 31.95095062 34.00000000
v 19.00000000 31.92597771 35.00000000
v 19.00000000 31.89625359 36.00000000
v 19.00000000 31.86897087 37.00000000
v 19.00000000 31.85581398 38.00000000
v 19.00000000 31.89360046 39.00000000
v 19.00000000 32.00000000 39.30565643
v 19.00000000 32.00000000 47.20817947
v 19.00000000 32.03447723 17.00000000
v 19.00000000 32.15644073 18.00000000
v 19.00000000 32.20466232 19.00000000
v 19.00000000 32.20785904 20.00000000
v 19.00000000 32.19601059 21.00000000
v 19.00000000 32.19416809 22.00000000
v 19.00000000 32.20244217 23.00000000
v 19.00000000 32.19686890 24.00000000
v 19.00000000 32.17771912 25.00000000
v 19.00000000 32.15350723 26.00000000
v 19.00000000 32.11587524 27.00000000
v 19.00000000 32.08515549 28.00000000
v 19.00000000 32.05802155 29.00000000
v 19.00000000 32.04091644 30.00000000
v 19.00000000 32.02569199 31.00000000
v 19.00000000 32.01174545 32.00000000
v 19.00000000 33.00000000 39.86569214
v 19.00000000 33.00000000 47.27852249
v 19.00000000 34.00000000 39.78456116
v 19.00000000 34.00000000 47.36036682
v 19.00000000 35.00000000 39.61497498
v 19.00000000 35.00000000 47.41570282
v 19.00000000 36.00000000 39.50143051
v 19.00000000 36.00000000 47.44888306
v 19.00000000 37.00000000 39.43832779
v 19.00000000 37.00000000 47.47036743
v 19.00000000 38.00000000 39.42612457
v 19.00000000 38.00000000 47.49691010
v 19.00000000 39.00000000 39.47998810
v 19.00000000 39.00000000 47.51364136
v 19.00000000 40.00000000 39.58905029
v 19.00000000 40.00000000 47.50722885
v 19.00000000 41.00000000 39.75708389
v 19.00000000 41.00000000 47.49410629
v 19.00000000 41.97753143 40.00000000
v 19.00000000 42.00000000 40.00670242
v 19.00000000 42.00000000 47.42193985
v 19.00000000 43.00000000 40.43665314
v 19.00000000 43.00000000 47.27709579
v 19.00000000 43.94192886 41.00000000
v 19.00000000 44.00000000 41.05049133
v 19.00000000 44.00000000 46.52675629
v 19.00000000 43.50938797 47.00000000
v 19.00000000 44.64599228 42.00000000
v 19.00000000 44.87294388 43.00000000
v 19.00000000 44.80549240 44.00000000
v 19.00000000 44.60029602 45.00000000
v 19.00000000 44.26213074 46.00000000
v 20.00000000 19.89470673 18.00000000
v 20.00000000 20.00000000 17.82863617
v 20.00000000 19.67027664 19.00000000
v 20.00000000 19.57256699 20.00000000
v 20.00000000 19.53199005 21.00000000
v 20.00000000 19.50827980 22.00000000
v 20.00000000 19.50096321 23.00000000
v 20.00000000 19.50664330 24.00000000
v 20.00000000 19.52029991 25.00000000
v 20.00000000 19.54506874 26.00000000
v 20.00000000 19.57565880 27.00000000
v 20.00000000 19.59875679 28.00000000
v 20.00000000 19.62641335 29.00000000
v 20.00000000 19.65120316 30.00000000
v 20.00000000 19.67322922 31.00000000
v 20.00000000 19.69368553 32.00000000
v 20.00000000 19.71648979 33.00000000
v 20.00000000 19.73505211 34.00000000
v 20.00000000 19.74715042 35.00000000
v 20.00000000 19.75099373 36.00000000
v 20.00000000 19.74363136 37.00000000
v 20.00000000 19.74431610 38.00000000
v 20.00000000 19.75340080 39.00000000
v 20.00000000 19.76345253 40.00000000
v 20.00000000 19.77132034 41.00000000
v 20.00000000 19.77293587 42.00000000
v 20.00000000 19.76124382 43.00000000
v 20.00000000 19.75415993 44.00000000
v 20.00000000 19.75354958 45.00000000
v 20.00000000 19.85395241 46.00000000
v 20.00000000 20.00000000 46.34122849
v 20.00000000 21.00000000 17.06523323
v 20.00000000 20.93117905 47.00000000
v 20.00000000 21.00000000 47.02037048
v 20.00000000 21.43398094 17.00000000
v 20.00000000 22.00000000 16.93200684
v 20.00000000 22.00000000 47.03778839
v 20.00000000 23.00000000 16.84513283
v 20.00000000 23.00000000 47.04720306
v 20.00000000 24.00000000 16.69784546
v 20.00000000 24.00000000 47.05368042
v 20.00000000 25.00000000 16.59595108
v 20.00000000 25.00000000 47.07036209
v 20.00000000 26.00000000 16.49060440
v 20.00000000 26.00000000 47.06434631
v 20.00000000 27.00000000 16.35891151
v 20.00000000 27.00000000 47.07072067
v 20.00000000 28.00000000 16.16666031
v 20.00000000 28.00000000 47.07116699
v 20.00000000 28.83532143 16.00000000
v 20.00000000 29.00000000 15.97429943
v 20.00000000 29.00000000 47.08658600
v 20.00000000 30.00000000 15.83725262
v 20.00000000 30.00000000 47.11580276
v 20.00000000 31.00000000 15.80228138
v 20.00000000 31.00000000 47.15361404
v 20.00000000 31.35714149 16.00000000
v 20.00000000 32.00000000 16.88648605
v 20.00000000 32.00000000 32.37301254
v 20.00000000 31.98715210 33.00000000
v 20.00000000 31.93768311 34.00000000
v 20.00000000 31.91435623 35.00000000
v 20.00000000 31.89004517 36.00000000
v 20.00000000 31.86475754 37.00000000
v 20.00000000 31.85161781 38.00000000
v 20.00000000 31.88638115 39.00000000
v 20.00000000 32.00000000 39.31772995
v 20.00000000 32.00000000 47.20949173
v 20.00000000 32.03701019 17.00000000
v 20.00000000 32.15182877 18.00000000
v 20.00000000 32.19816971 19.00000000
v 20.00000000 32.20212555 20.00000000
v 20.00000000 32.19293976 21.00000000
v 20.00000000 32.19292831 22.00000000
v 20.00000000 32.20027161 23.00000000
v 20.00000000 32.19963837 24.00000000
v 20.00000000 32.18172455 25.00000000
v 20.00000000 32.15180969 26.00000000
v 20.00000000 32.11262131 27.00000000
v 20.00000000 32.08133698 28.00000000
v 20.00000000 32.05458450 29.00000000
v 20.00000000 32.03348160 30.00000000
v 20.00000000 32.01747894 31.00000000
v 20.00000000 32.00615311 32.00000000
v 20.00000000 33.00000000 39.91279984
v 20.00000000 33.00000000 47.27763748
v 20.00000000 34.00000000 39.83506012
v 20.00000000 34.00000000 47.35603333
v 20.00000000 35.00000000 39.67234802
v 20.00000000 35.00000000 47.41592407
v 20.00000000 36.00000000 39.54009247
v 20.00000000 36.00000000 47.45209122
v 20.00000000 37.00000000 39.46151352
v 20.00000000 37.00000000 47.47595215
v 20.00000000 38.00000000 39.43798447
v 20.00000000 38.00000000 47.50539398
v 20.00000000 39.00000000 39.49511719
v 20.00000000 39.00000000 47.52239990
v 20.00000000 40.00000000 39.59648132
v 20.00000000 40.00000000 47.51116562
v 20.00000000 41.00000000 39.75820541
v 20.00000000 41.00000000 47.49885178
v 19.69993401 42.00000000 40.00000000
v 20.00000000 42.00000000 39.99747086
v 20.00000000 42.00000000 47.42968750
v 20.00000000 42.00701141 40.00000000
v 20.00000000 43.00000000 40.41465759
v 20.00000000 43.00000000 47.29318619
v 19.69761467 44.00000000 41.00000000
v 20.00000000 44.00000000 40.98328400
v 20.00000000 44.00000000 46.57344437
v 20.00000000 43.54668427 47.00000000
v 20.00000000 44.01763916 41.00000000
v 20.00000000 44.69161987 42.00000000
v 20.00000000 44.91611099 43.00000000
v 20.00000000 44.84524155 44.00000000
v 20.00000000 44.62950134 45.00000000
v 20.00000000 44.29051208 46.00000000
v 21.00000000 19.88857269 18.00000000
v 21.00000000 20.00000000 17.81461525
v 21.00000000 19.66655922 19.00000000
v 21.00000000 19.57003593 20.00000000
v 21.00000000 19.52904129 21.00000000
v 21.00000000 19.50492287 22.00000000
v 21.00000000 19.49534798 23.00000000
v 21.00000000 19.49974251 24.00000000
v 21.00000000 19.51295662 25.00000000
v 21.00000000 19.53623962 26.00000000
v 21.00000000 19.56578445 27.00000000
v 21.00000000 19.59104538 28.00000000
v 21.00000000 19.61964226 29.00000000
v 21.00000000 19.64566612 30.00000000
v 21.00000000 19.66796875 31.00000000
v 21.00000000 19.68823814 32.00000000
v 21.00000000 19.71082878 33.00000000
v 21.00000000 19.72829437 34.00000000
v 21.00000000 19.74011040 35.00000000
v 21.00000000 19.74463272 36.00000000
v 21.00000000 19.74042320 37.00000000
v 21.00000000 19.73848915 38.00000000
v 21.00000000 19.74820518 39.00000000
v 21.00000000 19.76300621 40.00000000
v 21.00000000 19.77361298 41.00000000
v 21.00000000 19.77420616 42.00000000
v 21.00000000 19.76243591 43.00000000
v 21.00000000 19.75522041 44.00000000
v 21.00000000 19.75345421 45.00000000
v 21.00000000 19.85416603 46.00000000
v 21.00000000 20.00000000 46.34297180
v 21.00000000 21.00000000 17.04465675
v 21.00000000 20.93250084 47.00000000
v 21.00000000 21.00000000 47.01984024
v 21.00000000 21.30174255 17.00000000
v 21.00000000 22.00000000 16.91728020
v 21.00000000 22.00000000 47.04026794
v 21.00000000 23.00000000 16.82587814
v 21.00000000 23.00000000 47.04881668
v 21.00000000 24.00000000 16.66897011
v 21.00000000 24.00000000 47.05733109
v 21.00000000 25.00000000 16.56612015
v 21.00000000 25.00000000 47.07735825
v 21.00000000 26.00000000 16.45632744
v 21.00000000 26.00000000 47.07497406
v 21.00000000 27.00000000 16.32341766
v 21.00000000 27.00000000 47.08135986
v 21.00000000 28.00000000 16.13468170
v 21.00000000 28.00000000 47.07851410
v 21.00000000 28.68298912 16.00000000
v 21.00000000 29.00000000 15.94945717
v 21.00000000 29.00000000 47.08875275
v 21.00000000 30.00000000 15.80634689
v 21.00000000 30.00000000 47.11844635
v 21.00000000 31.00000000 15.77349281
v 21.00000000 31.00000000 47.15975189
v 21.00000000 31.39582443 16.00000000
v 21.00000000 32.00000000 16.88720512
v 21.00000000 32.00000000 32.14705658
v 21.00000000 31.97774124 33.00000000
v 21.00000000 31.93130875 34.00000000
v 21.00000000 31.90580940 35.00000000
v 21.00000000 31.88471603 36.00000000
v 21.00000000 31.86158371 37.00000000
v 21.00000000 31.84768867 38.00000000
v 21.00000000 31.87864876 39.00000000
v 21.00000000 32.00000000 39.32894135
v 21.00000000 32.00000000 47.21355438
v 21.00000000 32.03362274 17.00000000
v 21.00000000 32.14820099 18.00000000
v 21.00000000 32.19368744 19.00000000
v 21.00000000 32.20021057 20.00000000
v 21.00000000 32.19305038 21.00000000
v 21.00000000 32.19590759 22.00000000
v 21.00000000 32.19976807 23.00000000
v 21.00000000 32.19866180 24.00000000
v 21.00000000 32.17899704 25.00000000
v 21.00000000 32.14356995 26.00000000
v 21.00000000 32.10642242 27.00000000
v 21.00000000 32.07281113 28.00000000
v 21.00000000 32.04447556 29.00000000
v 21.00000000 32.02303696 30.00000000
v 21.00000000 32.01137543 31.00000000
v 21.00000000 32.00307846 32.00000000
v 21.00000000 33.00000000 39.94046402
v 21.00000000 33.00000000 47.28163147
v 21.00000000 34.00000000 39.88088608
v 21.00000000 34.00000000 47.35557175
v 21.00000000 35.00000000 39.73063660
v 21.00000000 35.00000000 47.41930008
v 21.00000000 36.00000000 39.59309769
v 21.00000000 36.00000000 47.45707321
v 21.00000000 37.00000000 39.48415756
v 21.00000000 37.00000000 47.48258591
v 21.00000000 38.00000000 39.44878769
v 21.00000000 38.00000000 47.51140213
v 21.00000000 39.00000000 39.49847794
v 21.00000000 39.00000000 47.52763367
v 21.00000000 40.00000000 39.59120178
v 21.00000000 40.00000000 47.51722717
v 21.00000000 41.00000000 39.75542831
v 21.00000000 41.00000000 47.50368500
v 21.00000000 42.00000000 39.99565125
v 21.00000000 42.00000000 47.43563080
v 21.00000000 42.01228714 40.00000000
v 21.00000000 43.00000000 40.40183640
v 21.00000000 43.00000000 47.30073929
v 21.00000000 44.00000000 40.94553757
v 21.00000000 44.00000000 46.61249161
v 21.00000000 43.57870483 47.00000000
v 21.00000000 44.05961227 41.00000000
v 21.00000000 44.73154831 42.00000000
v 21.00000000 44.95946884 43.00000000
v 21.00000000 44.88645172 44.00000000
v 21.00000000 44.65665054 45.00000000
v 21.00000000 44.31258774 46.00000000
v 22.00000000 19.88195038 18.00000000
v 22.00000000 20.00000000 17.80162811
v 22.00000000 19.66188622 19.00000000
v 22.00000000 19.56662750 20.00000000
v 22.00000000 19.52754402 21.00000000
v 22.00000000 19.50259781 22.00000000
v 22.00000000 19.49142456 23.00000000
v 22.00000000 19.49495888 24.00000000
v 22.00000000 19.50586891 25.00000000
v 22.00000000 19.52846527 26.00000000
v 22.00000000 19.55627441 27.00000000
v 22.00000000 19.58435822 28.00000000
v 22.00000000 19.61200333 29.00000000
v 22.00000000 19.63944435 30.00000000
v 22.00000000 19.66269112 31.00000000
v 22.00000000 19.68280983 32.00000000
v 22.00000000 19.70551872 33.00000000
v 22.00000000 19.72165489 34.00000000
v 22.00000000 19.73355293 35.00000000
v 22.00000000 19.73763084 36.00000000
v 22.00000000 19.73673248 37.00000000
v 22.00000000 19.73636818 38.00000000
v 22.00000000 19.74577332 39.00000000
v 22.00000000 19.76080322 40.00000000
v 22.00000000 19.77302361 41.00000000
v 22.00000000 19.77395058 42.00000000
v 22.00000000 19.76199532 43.00000000
v 22.00000000 19.75497437 44.00000000
v 22.00000000 19.75264549 45.00000000
v 22.00000000 19.85405350 46.00000000
v 22.00000000 20.00000000 46.34514999
v 22.00000000 21.00000000 17.02828789
v 22.00000000 20.93175507 47.00000000
v 22.00000000 21.00000000 47.01996613
v 22.00000000 21.19155693 17.00000000
v 22.00000000 22.00000000 16.90493011
v 22.00000000 22.00000000 47.04209518
v 22.00000000 23.00000000 16.81261253
v 22.00000000 23.00000000 47.05059814
v 22.00000000 24.00000000 16.64800644
v 22.00000000 24.00000000 47.06228638
v 22.00000000 25.00000000 16.54645729
v 22.00000000 25.00000000 47.08714676
v 22.00000000 26.00000000 16.43350220
v 22.00000000 26.00000000 47.08879089
v 22.00000000 27.00000000 16.29249191
v 22.00000000 27.00000000 47.09328842
v 22.00000000 28.00000000 16.11232376
v 22.00000000 28.00000000 47.08499146
v 22.00000000 28.57991600 16.00000000
v 22.00000000 29.00000000 15.93289566
v 22.00000000 29.00000000 47.08845520
v 22.00000000 30.00000000 15.78759193
v 22.00000000 30.00000000 47.12092209
v 22.00000000 31.00000000 15.75651073
v 22.00000000 31.00000000 47.16393661
v 22.00000000 31.41574287 16.00000000
v 22.00000000 32.00000000 16.88510323
v 21.52457047 32.00000000 32.00000000
v 22.00000000 32.00000000 31.76380348
v 22.00000000 31.99643517 32.00000000
v 22.00000000 31.96640205 33.00000000
v 22.00000000 31.92290497 34.00000000
v 22.00000000 31.89456749 35.00000000
v 22.00000000 31.87290001 36.00000000
v 22.00000000 31.85219002 37.00000000
v 22.00000000 31.84400558 38.00000000
v 22.00000000 31.87640953 39.00000000
v 22.00000000 32.00000000 39.32968903
v 22.00000000 32.00000000 47.21949005
v 22.00000000 32.03277969 17.00000000
v 22.00000000 32.15186310 18.00000000
v 22.00000000 32.19447708 19.00000000
v 22.00000000 32.19659805 20.00000000
v 22.00000000 32.19076920 21.00000000
v 22.00000000 32.19157791 22.00000000
v 22.00000000 32.19509506 23.00000000
v 22.00000000 32.19400406 24.00000000
v 22.00000000 32.17216110 25.00000000
v 22.00000000 32.13381195 26.00000000
v 22.00000000 32.10057449 27.00000000
v 22.00000000 32.06360626 28.00000000
v 22.00000000 32.03686523 29.00000000
v 22.00000000 32.01699448 30.00000000
v 22.00000000 32.00884628 31.00000000
v 22.00000000 33.00000000 39.96303177
v 22.00000000 33.00000000 47.28600311
v 22.00000000 34.00000000 39.91280746
v 22.00000000 34.00000000 47.35710526
v 22.00000000 35.00000000 39.77989960
v 22.00000000 35.00000000 47.42247772
v 22.00000000 36.00000000 39.64867401
v 22.00000000 36.00000000 47.46222305
v 22.00000000 37.00000000 39.51841736
v 22.00000000 37.00000000 47.49063110
v 22.00000000 38.00000000 39.46644592
v 22.00000000 38.00000000 47.51966858
v 22.00000000 39.00000000 39.50118256
v 22.00000000 39.00000000 47.53844833
v 22.00000000 40.00000000 39.58997345
v 22.00000000 40.00000000 47.52852631
v 22.00000000 41.00000000 39.74885559
v 22.00000000 41.00000000 47.50985718
v 22.00000000 42.00000000 39.98845291
v 22.00000000 42.00000000 47.43933105
v 22.00000000 42.03249741 40.00000000
v 22.00000000 43.00000000 40.39337921
v 22.00000000 43.00000000 47.30266571
v 22.00000000 44.00000000 40.92737961
v 22.00000000 44.00000000 46.62481308
v 22.00000000 43.58961868 47.00000000
v 22.00000000 44.08186722 41.00000000
v 22.00000000 44.75851059 42.00000000
v 22.00000000 44.99137497 43.00000000
v 22.00000000 44.91548538 44.00000000
v 22.00000000 44.67440414 45.00000000
v 22.00000000 44.32425690 46.00000000
v 23.00000000 19.87776375 18.00000000
v 23.00000000 20.00000000 17.79303360
v 23.00000000 19.65796280 19.00000000
v 23.00000000 19.56366730 20.00000000
v 23.00000000 19.52495575 21.00000000
v 23.00000000 19.49950218 22.00000000
v 23.00000000 19.48909569 23.00000000
v 23.00000000 19.49136162 24.00000000
v 23.00000000 19.50106430 25.00000000
v 23.00000000 19.52101898 26.00000000
v 23.00000000 19.54785728 27.00000000
v 23.00000000 19.57641029 28.00000000
v 23.00000000 19.60540390 29.00000000
v 23.00000000 19.63280678 30.00000000
v 23.00000000 19.65658569 31.00000000
v 23.00000000 19.67732620 32.00000000
v 23.00000000 19.69838905 33.00000000
v 23.00000000 19.71390915 34.00000000
v 23.00000000 19.72766685 35.00000000
v 23.00000000 19.73248482 36.00000000
v 23.00000000 19.73107719 37.00000000
v 23.00000000 19.73301888 38.00000000
v 23.00000000 19.74270821 39.00000000
v 23.00000000 19.75802040 40.00000000
v 23.00000000 19.76862717 41.00000000
v 23.00000000 19.77184677 42.00000000
v 23.00000000 19.76159096 43.00000000
v 23.00000000 19.75393295 44.00000000
v 23.00000000 19.75159836 45.00000000
v 23.00000000 19.85399628 46.00000000
v 23.00000000 20.00000000 46.34730911
v 23.00000000 21.00000000 17.01960564
v 23.00000000 20.93072319 47.00000000
v 23.00000000 21.00000000 47.02018738
v 23.00000000 21.12990761 17.00000000
v 23.00000000 22.00000000 16.89541054
v 23.00000000 22.00000000 47.04458618
v 23.00000000 23.00000000 16.80311966
v 23.00000000 23.00000000 47.05228424
v 23.00000000 24.00000000 16.63956642
v 23.00000000 24.00000000 47.06919479
v 23.00000000 25.00000000 16.53735352
v 23.00000000 25.00000000 47.09518051
v 23.00000000 26.00000000 16.41583061
v 23.00000000 26.00000000 47.10223770
v 23.00000000 27.00000000 16.26831055
v 23.00000000 27.00000000 47.10589981
v 23.00000000 28.00000000 16.09607315
v 23.00000000 28.00000000 47.09475708
v 23.00000000 28.51034546 16.00000000
v 23.00000000 29.00000000 15.92286491
v 23.00000000 29.00000000 47.08926010
v 23.00000000 30.00000000 15.77652168
v 23.00000000 30.00000000 47.12296295
v 23.00000000 31.00000000 15.74818420
v 23.00000000 31.00000000 47.16728592
v 23.00000000 31.42499161 16.00000000
v 23.00000000 32.00000000 16.87884712
v 23.00000000 32.00000000 31.33656693
v 23.00000000 31.98782158 32.00000000
v 23.00000000 31.95510101 33.00000000
v 23.00000000 31.91358376 34.00000000
v 23.00000000 31.88073158 35.00000000
v 23.00000000 31.85955811 36.00000000
v 23.00000000 31.83672333 37.00000000
v 23.00000000 31.83649254 38.00000000
v 23.00000000 31.87822151 39.00000000
v 23.00000000 32.00000000 39.32098389
v 23.00000000 32.00000000 47.22643280
v 23.00000000 32.03379822 17.00000000
v 23.00000000 32.15229034 18.00000000
v 23.00000000 32.19077301 19.00000000
v 23.00000000 32.19077682 20.00000000
v 23.00000000 32.18422318 21.00000000
v 23.00000000 32.18410873 22.00000000
v 23.00000000 32.18907166 23.00000000
v 23.00000000 32.18841934 24.00000000
v 23.00000000 32.16770172 25.00000000
v 23.00000000 32.13153839 26.00000000
v 23.00000000 32.09692001 27.00000000
v 23.00000000 32.05956650 28.00000000
v 23.00000000 32.02825546 29.00000000
v 23.00000000 32.01019669 30.00000000
v 23.00000000 32.00466537 31.00000000
v 23.00000000 33.00000000 39.99252319
v 23.00000000 33.00000000 47.29012680
v 23.00000000 34.00000000 39.94489670
v 23.00000000 34.00000000 47.36085892
v 23.00000000 35.00000000 39.81894302
v 23.00000000 35.00000000 47.42586136
v 23.00000000 36.00000000 39.68138123
v 23.00000000 36.00000000 47.46717453
v 23.00000000 37.00000000 39.55225372
v 23.00000000 37.00000000 47.50125504
v 23.00000000 38.00000000 39.49217224
v 23.00000000 38.00000000 47.52986145
v 23.00000000 39.00000000 39.51089859
v 23.00000000 39.00000000 47.55113220
v 23.00000000 40.00000000 39.59071732
v 23.00000000 40.00000000 47.54205322
v 23.00000000 41.00000000 39.74597168
v 23.00000000 41.00000000 47.51779938
v 23.00000000 42.00000000 39.98696899
v 23.00000000 42.00000000 47.44749451
v 23.00000000 42.03686523 40.00000000
v 23.00000000 43.00000000 40.38669586
v 23.00000000 43.00000000 47.30654907
v 23.00000000 44.00000000 40.91426849
v 23.00000000 44.00000000 46.63529587
v 23.00000000 43.59992981 47.00000000
v 23.00000000 44.09841919 41.00000000
v 23.00000000 44.77734375 42.00000000
v 22.45192528 45.00000000 43.00000000
v 23.00000000 45.00000000 42.94998169
v 23.00000000 45.00000000 43.13322449
v 23.00000000 44.93345642 44.00000000
v 23.00000000 44.68455505 45.00000000
v 23.00000000 44.33283615 46.00000000
v 23.00000000 45.00860596 43.00000000
v 24.00000000 19.87364578 18.00000000
v 24.00000000 20.00000000 17.78459167
v 24.00000000 19.65488434 19.00000000
v 24.00000000 19.56081963 20.00000000
v 24.00000000 19.52242851 21.00000000
v 24.00000000 19.49619675 22.00000000
v 24.00000000 19.48673439 23.00000000
v 24.00000000 19.48906708 24.00000000
v 24.00000000 19.49785805 25.00000000
v 24.00000000 19.51543808 26.00000000
v 24.00000000 19.54069710 27.00000000
v 24.00000000 19.56940651 28.00000000
v 24.00000000 19.59832191 29.00000000
v 24.00000000 19.62611580 30.00000000
v 24.00000000 19.64907455 31.00000000
v 24.00000000 19.67025948 32.00000000
v 24.00000000 19.69086075 33.00000000
v 24.00000000 19.70601654 34.00000000
v 24.00000000 19.72283936 35.00000000
v 24.00000000 19.72809219 36.00000000
v 24.00000000 19.72469711 37.00000000
v 24.00000000 19.73040390 38.00000000
v 24.00000000 19.74024010 39.00000000
v 24.00000000 19.75445366 40.00000000
v 24.00000000 19.76527023 41.00000000
v 24.00000000 19.76766014 42.00000000
v 24.00000000 19.76119423 43.00000000
v 24.00000000 19.75263786 44.00000000
v 24.00000000 19.75071907 45.00000000
v 24.00000000 19.85405922 46.00000000
v 24.00000000 20.00000000 46.35021591
v 24.00000000 21.00000000 17.01300621
v 24.00000000 20.92373276 47.00000000
v 24.00000000 21.00000000 47.02215195
v 24.00000000 21.08257294 17.00000000
v 24.00000000 22.00000000 16.88453102
v 24.00000000 22.00000000 47.05009079
v 24.00000000 23.00000000 16.79292488
v 24.00000000 23.00000000 47.05816269
v 24.00000000 24.00000000 16.63473701
v 24.00000000 24.00000000 47.07756805
v 24.00000000 25.00000000 16.52832413
v 24.00000000 25.00000000 47.10403061
v 24.00000000 26.00000000 16.39591789
v 24.00000000 26.00000000 47.11641312
v 24.00000000 27.00000000 16.24464607
v 24.00000000 27.00000000 47.11710739
v 24.00000000 28.00000000 16.08123016
v 24.00000000 28.00000000 47.10559464
v 24.00000000 28.44679832 16.00000000
v 24.00000000 29.00000000 15.91452026
v 24.00000000 29.00000000 47.09290314
v 24.00000000 30.00000000 15.76986313
v 24.00000000 30.00000000 47.12889099
v 24.00000000 31.00000000 15.74430275
v 24.00000000 31.00000000 47.17329407
v 24.00000000 31.42928886 16.00000000
v 24.00000000 32.00000000 16.87268066
v 24.00000000 32.00000000 31.11819077
v 24.00000000 31.98192024 32.00000000
v 24.00000000 31.94701576 33.00000000
v 24.00000000 31.90678024 34.00000000
v 24.00000000 31.87162781 35.00000000
v 24.00000000 31.84863091 36.00000000
v 24.00000000 31.82658005 37.00000000
v 24.00000000 31.82766914 38.00000000
v 24.00000000 31.88073921 39.00000000
v 24.00000000 32.00000000 39.31354141
v 24.00000000 32.00000000 47.23392487
v 24.00000000 32.03497314 17.00000000
v 24.00000000 32.15153122 18.00000000
v 24.00000000 32.18570328 19.00000000
v 24.00000000 32.18360138 20.00000000
v 24.00000000 32.17991638 21.00000000
v 24.00000000 32.18140030 22.00000000
v 24.00000000 32.18825150 23.00000000
v 24.00000000 32.18805313 24.00000000
v 24.00000000 32.16456223 25.00000000
v 24.00000000 32.13011551 26.00000000
v 24.00000000 32.09498978 27.00000000
v 24.00000000 32.05424881 28.00000000
v 24.00000000 32.01835632 29.00000000
v 24.00000000 32.00708389 30.00000000
v 24.00000000 32.00180817 31.00000000
v 24.00000000 32.93834686 40.00000000
v 23.24020195 33.00000000 40.00000000
v 24.00000000 33.00000000 40.01665878
v 24.00000000 33.00000000 47.29607773
v 24.00000000 33.40925598 40.00000000
v 24.00000000 34.00000000 39.97521591
v 24.00000000 34.00000000 47.36436462
v 24.00000000 35.00000000 39.85542297
v 24.00000000 35.00000000 47.42790604
v 24.00000000 36.00000000 39.71076965
v 24.00000000 36.00000000 47.47102356
v 24.00000000 37.00000000 39.58312607
v 24.00000000 37.00000000 47.51066589
v 24.00000000 38.00000000 39.50981903
v 24.00000000 38.00000000 47.54280090
v 24.00000000 39.00000000 39.52224731
v 24.00000000 39.00000000 47.56579590
v 24.00000000 40.00000000 39.59382629
v 24.00000000 40.00000000 47.55490875
v 24.00000000 41.00000000 39.75093079
v 24.00000000 41.00000000 47.52631378
v 24.00000000 42.00000000 39.99494553
v 24.00000000 42.00000000 47.45629501
v 24.00000000 42.01448441 40.00000000
v 24.00000000 43.00000000 40.38705826
v 24.00000000 43.00000000 47.31159592
v 24.00000000 44.00000000 40.90353394
v 24.00000000 44.00000000 46.64895248
v 24.00000000 43.61307907 47.00000000
v 24.00000000 44.11286926 41.00000000
v 24.00000000 44.79921341 42.00000000
v 24.00000000 45.00000000 42.84793472
v 24.00000000 45.00000000 43.39587021
v 24.00000000 44.95240402 44.00000000
v 24.00000000 44.69675827 45.00000000
v 24.00000000 44.34204102 46.00000000
v 24.00000000 45.02613449 43.00000000
v 25.00000000 19.86947060 18.00000000
v 25.00000000 20.00000000 17.77660942
v 25.00000000 19.65259743 19.00000000
v 25.00000000 19.55797005 20.00000000
v 25.00000000 19.51918221 21.00000000
v 25.00000000 19.49335670 22.00000000
v 25.00000000 19.48374176 23.00000000
v 25.00000000 19.48701286 24.00000000
v 25.00000000 19.49485207 25.00000000
v 25.00000000 19.51101685 26.00000000
v 25.00000000 19.53352737 27.00000000
v 25.00000000 19.56047058 28.00000000
v 25.00000000 19.58799171 29.00000000
v 25.00000000 19.62002563 30.00000000
v 25.00000000 19.64322281 31.00000000
v 25.00000000 19.66271210 32.00000000
v 25.00000000 19.68301964 33.00000000
v 25.00000000 19.69939613 34.00000000
v 25.00000000 19.71687317 35.00000000
v 25.00000000 19.72214317 36.00000000
v 25.00000000 19.71867752 37.00000000
v 25.00000000 19.72594833 38.00000000
v 25.00000000 19.73791695 39.00000000
v 25.00000000 19.75167847 40.00000000
v 25.00000000 19.76131821 41.00000000
v 25.00000000 19.76282692 42.00000000
v 25.00000000 19.75938988 43.00000000
v 25.00000000 19.75053978 44.00000000
v 25.00000000 19.74884415 45.00000000
v 25.00000000 19.85433769 46.00000000
v 25.00000000 20.00000000 46.35137177
v 25.00000000 21.00000000 17.00341034
v 25.00000000 20.91237259 47.00000000
v 25.00000000 21.00000000 47.02553940
v 25.00000000 21.02087593 17.00000000
v 25.00000000 22.00000000 16.87221336
v 25.00000000 22.00000000 47.05565643
v 25.00000000 23.00000000 16.78248024
v 25.00000000 23.00000000 47.06587601
v 25.00000000 24.00000000 16.62638474
v 25.00000000 24.00000000 47.08690262
v 25.00000000 25.00000000 16.52026558
v 25.00000000 25.00000000 47.11268616
v 25.00000000 26.00000000 16.37267303
v 25.00000000 26.00000000 47.12781525
v 25.00000000 27.00000000 16.22140121
v 25.00000000 27.00000000 47.12762451
v 25.00000000 28.00000000 16.06917191
v 25.00000000 28.00000000 47.11683273
v 25.00000000 28.39637375 16.00000000
v 25.00000000 29.00000000 15.90984058
v 25.00000000 29.00000000 47.09981918
v 25.00000000 30.00000000 15.76532269
v 25.00000000 30.00000000 47.13598251
v 25.00000000 31.00000000 15.74120045
v 25.00000000 31.00000000 47.18046951
v 25.00000000 31.43271637 16.00000000
v 25.00000000 32.00000000 16.86584854
v 25.00000000 32.00000000 31.12908554
v 25.00000000 31.98085022 32.00000000
v 25.00000000 31.94415665 33.00000000
v 25.00000000 31.90602684 34.00000000
v 25.00000000 31.86962318 35.00000000
v 25.00000000 31.84331703 36.00000000
v 25.00000000 31.82478142 37.00000000
v 25.00000000 31.82493591 38.00000000
v 25.00000000 31.88159370 39.00000000
v 25.00000000 32.00000000 39.31323624
v 25.00000000 32.00000000 47.24284744
v 25.00000000 32.03652191 17.00000000
v 25.00000000 32.15334702 18.00000000
v 25.00000000 32.18684006 19.00000000
v 25.00000000 32.18384552 20.00000000
v 25.00000000 32.18256378 21.00000000
v 25.00000000 32.18315887 22.00000000
v 25.00000000 32.18800735 23.00000000
v 25.00000000 32.18640518 24.00000000
v 25.00000000 32.16324234 25.00000000
v 25.00000000 32.13139343 26.00000000
v 25.00000000 32.09464645 27.00000000
v 25.00000000 32.04982376 28.00000000
v 25.00000000 32.01412582 29.00000000
v 25.00000000 32.00727844 30.00000000
v 25.00000000 32.00210571 31.00000000
v 25.00000000 32.87851715 40.00000000
v 25.00000000 33.00000000 40.03443527
v 25.00000000 33.00000000 47.30325699
v 24.96901894 34.00000000 40.00000000
v 25.00000000 34.00000000 40.00074768
v 25.00000000 34.00000000 47.36771011
v 25.00000000 34.00691605 40.00000000
v 25.00000000 35.00000000 39.88728333
v 25.00000000 35.00000000 47.42877579
v 25.00000000 36.00000000 39.74085236
v 25.00000000 36.00000000 47.47241974
v 25.00000000 37.00000000 39.61478043
v 25.00000000 37.00000000 47.51750183
v 25.00000000 38.00000000 39.52968979
v 25.00000000 38.00000000 47.55403519
v 25.00000000 39.00000000 39.53106689
v 25.00000000 39.00000000 47.57717133
v 25.00000000 40.00000000 39.59578323
v 25.00000000 40.00000000 47.56514740
v 25.00000000 41.00000000 39.75790787
v 25.00000000 41.00000000 47.53532028
v 25.00000000 41.98527145 40.00000000
v 24.55769157 42.00000000 40.00000000
v 25.00000000 42.00000000 40.00436401
v 25.00000000 42.00000000 47.46276093
v 25.00000000 43.00000000 40.39108276
v 25.00000000 43.00000000 47.31796265
v 25.00000000 44.00000000 40.89982986
v 25.00000000 44.00000000 46.66328049
v 25.00000000 43.62728882 47.00000000
v 25.00000000 44.11943817 41.00000000
v 25.00000000 44.81820297 42.00000000
v 25.00000000 45.00000000 42.75176620
v 25.00000000 45.00000000 43.68061066
v 25.00000000 44.97565460 44.00000000
v 25.00000000 44.71098709 45.00000000
v 25.00000000 44.35235977 46.00000000
v 25.00000000 45.04331970 43.00000000
v 26.00000000 19.86597252 18.00000000
v 26.00000000 20.00000000 17.76999664
v 26.00000000 19.65039444 19.00000000
v 26.00000000 19.55545616 20.00000000
v 26.00000000 19.51585007 21.00000000
v 26.00000000 19.48988152 22.00000000
v 26.00000000 19.47953415 23.00000000
v 26.00000000 19.48272514 24.00000000
v 26.00000000 19.49140358 25.00000000
v 26.00000000 19.50723267 26.00000000
v 26.00000000 19.52848244 27.00000000
v 26.00000000 19.55345154 28.00000000
v 26.00000000 19.58176041 29.00000000
v 26.00000000 19.61355591 30.00000000
v 26.00000000 19.63784599 31.00000000
v 26.00000000 19.65705681 32.00000000
v 26.00000000 19.67631149 33.00000000
v 26.00000000 19.69347000 34.00000000
v 26.00000000 19.71032715 35.00000000
v 26.00000000 19.71482086 36.00000000
v 26.00000000 19.71283340 37.00000000
v 26.00000000 19.72050285 38.00000000
v 26.00000000 19.73507881 39.00000000
v 26.00000000 19.74911690 40.00000000
v 26.00000000 19.75805664 41.00000000
v 26.00000000 19.76037788 42.00000000
v 26.00000000 19.75757027 43.00000000
v 26.00000000 19.75011635 44.00000000
v 26.00000000 19.74855042 45.00000000
v 26.00000000 19.85466003 46.00000000
v 26.00000000 20.00000000 46.35091019
v 25.19404602 21.00000000 17.00000000
v 26.00000000 20.97508049 17.00000000
v 26.00000000 21.00000000 16.98895836
v 26.00000000 20.90292358 47.00000000
v 26.00000000 21.00000000 47.02848434
v 26.00000000 22.00000000 16.85980034
v 26.00000000 22.00000000 47.06102753
v 26.00000000 23.00000000 16.77134323
v 26.00000000 23.00000000 47.07510757
v 26.00000000 24.00000000 16.61627388
v 26.00000000 24.00000000 47.09541321
v 26.00000000 25.00000000 16.50972939
v 26.00000000 25.00000000 47.12104797
v 26.00000000 26.00000000 16.35352707
v 26.00000000 26.00000000 47.13697433
v 26.00000000 27.00000000 16.20404053
v 26.00000000 27.00000000 47.13588333
v 26.00000000 28.00000000 16.06087685
v 26.00000000 28.00000000 47.12722397
v 26.00000000 28.35649681 16.00000000
v 26.00000000 29.00000000 15.90517521
v 26.00000000 29.00000000 47.10757065
v 26.00000000 30.00000000 15.76066017
v 26.00000000 30.00000000 47.14270782
v 26.00000000 31.00000000 15.73722267
v 26.00000000 31.00000000 47.18721008
v 26.00000000 31.43931961 16.00000000
v 26.00000000 32.00000000 16.83776093
v 26.00000000 32.00000000 31.14598274
v 26.00000000 31.97950745 32.00000000
v 26.00000000 31.94250298 33.00000000
v 26.00000000 31.90426445 34.00000000
v 26.00000000 31.86706352 35.00000000
v 26.00000000 31.83776665 36.00000000
v 26.00000000 31.82299423 37.00000000
v 26.00000000 31.82479286 38.00000000
v 26.00000000 31.88311768 39.00000000
v 26.00000000 32.00000000 39.31090927
v 26.00000000 32.00000000 47.25135422
v 26.00000000 32.04467010 17.00000000
v 26.00000000 32.15953064 18.00000000
v 26.00000000 32.19018173 19.00000000
v 26.00000000 32.18366623 20.00000000
v 26.00000000 32.18273544 21.00000000
v 26.00000000 32.18377304 22.00000000
v 26.00000000 32.18775940 23.00000000
v 26.00000000 32.18406677 24.00000000
v 26.00000000 32.16135406 25.00000000
v 26.00000000 32.13014221 26.00000000
v 26.00000000 32.09093094 27.00000000
v 26.00000000 32.04496765 28.00000000
v 26.00000000 32.01366043 29.00000000
v 26.00000000 32.00813293 30.00000000
v 26.00000000 32.00260162 31.00000000
v 26.00000000 32.83859253 40.00000000
v 26.00000000 33.00000000 40.04731750
v 26.00000000 33.00000000 47.31049728
v 26.00000000 34.00000000 40.01153946
v 26.00000000 34.00000000 47.37144852
v 26.00000000 34.11360168 40.00000000
v 26.00000000 35.00000000 39.90808487
v 26.00000000 35.00000000 47.43000412
v 26.00000000 36.00000000 39.76941299
v 26.00000000 36.00000000 47.47365189
v 26.00000000 37.00000000 39.64406586
v 26.00000000 37.00000000 47.52321625
v 26.00000000 38.00000000 39.55194473
v 26.00000000 38.00000000 47.56081009
v 26.00000000 39.00000000 39.54156494
v 26.00000000 39.00000000 47.58443069
v 26.00000000 40.00000000 39.60087204
v 26.00000000 40.00000000 47.57252502
v 26.00000000 41.00000000 39.76008224
v 26.00000000 41.00000000 47.54362106
v 26.00000000 41.96181870 40.00000000
v 26.00000000 42.00000000 40.01143265
v 26.00000000 42.00000000 47.46833038
v 26.00000000 43.00000000 40.39473724
v 26.00000000 43.00000000 47.32307816
v 26.00000000 44.00000000 40.89642715
v 26.00000000 44.00000000 46.67929459
v 26.00000000 43.64131546 47.00000000
v 26.00000000 44.12512589 41.00000000
v 26.00000000 44.83657837 42.00000000
v 26.00000000 45.00000000 42.65613556
v 25.98063087 45.00000000 44.00000000
v 26.00000000 45.00000000 44.00178909
v 26.00000000 44.72396469 45.00000000
v 26.00000000 44.36373520 46.00000000
v 26.00000000 45.06139374 43.00000000
v 26.00000000 45.00043106 44.00000000
v 27.00000000 19.86201286 18.00000000
v 27.00000000 20.00000000 17.76202011
v 27.00000000 19.64552498 19.00000000
v 27.00000000 19.54966354 20.00000000
v 27.00000000 19.51129723 21.00000000
v 27.00000000 19.48455811 22.00000000
v 27.00000000 19.47522926 23.00000000
v 27.00000000 19.47967339 24.00000000
v 27.00000000 19.48989677 25.00000000
v 27.00000000 19.50528336 26.00000000
v 27.00000000 19.52557182 27.00000000
v 27.00000000 19.54782486 28.00000000
v 27.00000000 19.57630157 29.00000000
v 27.00000000 19.60699081 30.00000000
v 27.00000000 19.63318825 31.00000000
v 27.00000000 19.65176582 32.00000000
v 27.00000000 19.67054558 33.00000000
v 27.00000000 19.68917274 34.00000000
v 27.00000000 19.70397568 35.00000000
v 27.00000000 19.70812225 36.00000000
v 27.00000000 19.70806503 37.00000000
v 27.00000000 19.71681023 38.00000000
v 27.00000000 19.73296165 39.00000000
v 27.00000000 19.74885368 40.00000000
v 27.00000000 19.75809097 41.00000000
v 27.00000000 19.76067734 42.00000000
v 27.00000000 19.75639915 43.00000000
v 27.00000000 19.75072861 44.00000000
v 27.00000000 19.74947357 45.00000000
v 27.00000000 19.85591698 46.00000000
v 27.00000000 20.00000000 46.35047913
v 27.00000000 20.94773293 17.00000000
v 27.00000000 21.00000000 16.97652245
v 27.00000000 20.89514732 47.00000000
v 27.00000000 21.00000000 47.03071213
v 27.00000000 22.00000000 16.84888458
v 27.00000000 22.00000000 47.06608582
v 27.00000000 23.00000000 16.75881386
v 27.00000000 23.00000000 47.08485413
v 27.00000000 24.00000000 16.60531235
v 27.00000000 24.00000000 47.10295486
v 27.00000000 25.00000000 16.49497414
v 27.00000000 25.00000000 47.12640762
v 27.00000000 26.00000000 16.33904648
v 27.00000000 26.00000000 47.14291000
v 27.00000000 27.00000000 16.18954086
v 27.00000000 27.00000000 47.14212036
v 27.00000000 28.00000000 16.05193138
v 27.00000000 28.00000000 47.13261032
v 27.00000000 28.31098747 16.00000000
v 27.00000000 29.00000000 15.89958668
v 27.00000000 29.00000000 47.11396790
v 27.00000000 30.00000000 15.75464630
v 27.00000000 30.00000000 47.14615250
v 27.00000000 31.00000000 15.73227692
v 27.00000000 31.00000000 47.19128799
v 27.00000000 31.44773674 16.00000000
v 27.00000000 32.00000000 16.81258965
v 27.00000000 32.00000000 31.13042450
v 27.00000000 31.97913933 32.00000000
v 27.00000000 31.94043922 33.00000000
v 27.00000000 31.90196800 34.00000000
v 27.00000000 31.86442184 35.00000000
v 27.00000000 31.83318138 36.00000000
v 27.00000000 31.82116508 37.00000000
v 27.00000000 31.82561493 38.00000000
v 27.00000000 31.88637352 39.00000000
v 27.00000000 32.00000000 39.30548477
v 27.00000000 32.00000000 47.25595856
v 27.00000000 32.05189133 17.00000000
v 27.00000000 32.16455841 18.00000000
v 27.00000000 32.19355392 19.00000000
v 27.00000000 32.18512344 20.00000000
v 27.00000000 32.18268585 21.00000000
v 27.00000000 32.18407059 22.00000000
v 27.00000000 32.18824768 23.00000000
v 27.00000000 32.18085861 24.00000000
v 27.00000000 32.15583801 25.00000000
v 27.00000000 32.12348938 26.00000000
v 27.00000000 32.08545303 27.00000000
v 27.00000000 32.04057312 28.00000000
v 27.00000000 32.01403046 29.00000000
v 27.00000000 32.00913239 30.00000000
v 27.00000000 32.00232697 31.00000000
v 27.00000000 32.82626724 40.00000000
v 27.00000000 33.00000000 40.05135345
v 27.00000000 33.00000000 47.31368637
v 27.00000000 34.00000000 40.01825714
v 27.00000000 34.00000000 47.37278366
v 27.00000000 34.18580627 40.00000000
v 27.00000000 35.00000000 39.91934967
v 27.00000000 35.00000000 47.42789078
v 27.00000000 36.00000000 39.77942657
v 27.00000000 36.00000000 47.47375488
v 27.00000000 37.00000000 39.66509628
v 27.00000000 37.00000000 47.52533722
v 27.00000000 38.00000000 39.57794571
v 27.00000000 38.00000000 47.56356812
v 27.00000000 39.00000000 39.55192947
v 27.00000000 39.00000000 47.58679962
v 27.00000000 40.00000000 39.60899353
v 27.00000000 40.00000000 47.57646561
v 27.00000000 41.00000000 39.76656342
v 27.00000000 41.00000000 47.54739380
v 27.00000000 41.95746613 40.00000000
v 27.00000000 42.00000000 40.01244736
v 27.00000000 42.00000000 47.47253036
v 27.00000000 43.00000000 40.39509201
v 27.00000000 43.00000000 47.32794189
v 27.00000000 44.00000000 40.89335632
v 27.00000000 44.00000000 46.69694519
v 27.00000000 43.65679932 47.00000000
v 27.00000000 44.13054276 41.00000000
v 27.00000000 44.85504150 42.00000000
v 27.00000000 45.00000000 42.56288910
v 27.00000000 45.00000000 44.07970428
v 27.00000000 44.73690414 45.00000000
v 27.00000000 44.37635803 46.00000000
v 27.00000000 45.07970810 43.00000000
v 27.00000000 45.01969910 44.00000000
v 28.00000000 19.85523605 18.00000000
v 28.00000000 20.00000000 17.74893761
v 28.00000000 19.63946915 19.00000000
v 28.00000000 19.54380035 20.00000000
v 28.00000000 19.50657272 21.00000000
v 28.00000000 19.48103523 22.00000000
v 28.00000000 19.47230530 23.00000000
v 28.00000000 19.47899055 24.00000000
v 28.00000000 19.48920250 25.00000000
v 28.00000000 19.50368309 26.00000000
v 28.00000000 19.52238083 27.00000000
v 28.00000000 19.54503059 28.00000000
v 28.00000000 19.57466698 29.00000000
v 28.00000000 19.60631943 30.00000000
v 28.00000000 19.63236618 31.00000000
v 28.00000000 19.64991570 32.00000000
v 28.00000000 19.66873550 33.00000000
v 28.00000000 19.68696785 34.00000000
v 28.00000000 19.69907761 35.00000000
v 28.00000000 19.70309830 36.00000000
v 28.00000000 19.70441437 37.00000000
v 28.00000000 19.71397400 38.00000000
v 28.00000000 19.73051071 39.00000000
v 28.00000000 19.74936295 40.00000000
v 28.00000000 19.75912476 41.00000000
v 28.00000000 19.76190758 42.00000000
v 28.00000000 19.75652885 43.00000000
v 28.00000000 19.75196075 44.00000000
v 28.00000000 19.75018883 45.00000000
v 28.00000000 19.85778046 46.00000000
v 28.00000000 20.00000000 46.34882736
v 28.00000000 20.92131615 17.00000000
v 28.00000000 21.00000000 16.96434975
v 28.00000000 20.88621330 47.00000000
v 28.00000000 21.00000000 47.03343964
v 28.00000000 22.00000000 16.83573914
v 28.00000000 22.00000000 47.07130814
v 28.00000000 23.00000000 16.74711418
v 28.00000000 23.00000000 47.09623718
v 28.00000000 24.00000000 16.59688377
v 28.00000000 24.00000000 47.10995865
v 28.00000000 25.00000000 16.47921944
v 28.00000000 25.00000000 47.12957764
v 28.00000000 26.00000000 16.32422638
v 28.00000000 26.00000000 47.14653397
v 28.00000000 27.00000000 16.17935181
v 28.00000000 27.00000000 47.14560318
v 28.00000000 28.00000000 16.04329872
v 28.00000000 28.00000000 47.13702011
v 28.00000000 28.26410675 16.00000000
v 28.00000000 29.00000000 15.89392281
v 28.00000000 29.00000000 47.12108612
v 28.00000000 30.00000000 15.74806595
v 28.00000000 30.00000000 47.15003586
v 28.00000000 31.00000000 15.72743130
v 28.00000000 31.00000000 47.19501495
v 28.00000000 31.45572472 16.00000000
v 28.00000000 32.00000000 16.79172134
v 28.00000000 32.00000000 31.09071732
v 28.00000000 31.97760773 32.00000000
v 28.00000000 31.93967628 33.00000000
v 28.00000000 31.90043068 34.00000000
v 28.00000000 31.86196518 35.00000000
v 28.00000000 31.83024406 36.00000000
v 28.00000000 31.81866837 37.00000000
v 28.00000000 31.82795143 38.00000000
v 28.00000000 31.88997078 39.00000000
v 28.00000000 32.00000000 39.29833984
v 28.00000000 32.00000000 47.25669098
v 28.00000000 32.05790329 17.00000000
v 28.00000000 32.16890335 18.00000000
v 28.00000000 32.19666290 19.00000000
v 28.00000000 32.18809509 20.00000000
v 28.00000000 32.18295288 21.00000000
v 28.00000000 32.18310547 22.00000000
v 28.00000000 32.18690109 23.00000000
v 28.00000000 32.17536545 24.00000000
v 28.00000000 32.14909363 25.00000000
v 28.00000000 32.11418533 26.00000000
v 28.00000000 32.07806778 27.00000000
v 28.00000000 32.03925323 28.00000000
v 28.00000000 32.01430130 29.00000000
v 28.00000000 32.00955200 30.00000000
v 28.00000000 32.00167084 31.00000000
v 28.00000000 32.81554794 40.00000000
v 28.00000000 33.00000000 40.05502701
v 28.00000000 33.00000000 47.31332397
v 28.00000000 34.00000000 40.02089310
v 28.00000000 34.00000000 47.37234879
v 28.00000000 34.22944260 40.00000000
v 28.00000000 35.00000000 39.92938995
v 28.00000000 35.00000000 47.42396164
v 28.00000000 36.00000000 39.78676224
v 28.00000000 36.00000000 47.47545242
v 28.00000000 37.00000000 39.67154312
v 28.00000000 37.00000000 47.52898407
v 28.00000000 38.00000000 39.58854675
v 28.00000000 38.00000000 47.56676483
v 28.00000000 39.00000000 39.56354141
v 28.00000000 39.00000000 47.58993149
v 28.00000000 40.00000000 39.61923981
v 28.00000000 40.00000000 47.57847595
v 28.00000000 41.00000000 39.77677536
v 28.00000000 41.00000000 47.54882812
v 28.00000000 41.93325424 40.00000000
v 28.00000000 42.00000000 40.01924133
v 28.00000000 42.00000000 47.47549057
v 28.00000000 43.00000000 40.39261246
v 28.00000000 43.00000000 47.33322144
v 28.00000000 44.00000000 40.88718033
v 28.00000000 44.00000000 46.71518326
v 28.00000000 43.67356873 47.00000000
v 28.00000000 44.13912582 41.00000000
v 28.00000000 44.87185287 42.00000000
v 28.00000000 45.00000000 42.48094940
v 28.00000000 45.00000000 44.14896774
v 28.00000000 44.75057602 45.00000000
v 28.00000000 44.38962173 46.00000000
v 28.00000000 45.09706879 43.00000000
v 28.00000000 45.03753281 44.00000000
v 29.00000000 19.84920692 18.00000000
v 29.00000000 20.00000000 17.73663330
v 29.00000000 19.63462257 19.00000000
v 29.00000000 19.54021645 20.00000000
v 29.00000000 19.50360680 21.00000000
v 29.00000000 19.48114967 22.00000000
v 29.00000000 19.47324562 23.00000000
v 29.00000000 19.48059273 24.00000000
v 29.00000000 19.49052429 25.00000000
v 29.00000000 19.50382042 26.00000000
v 29.00000000 19.52246666 27.00000000
v 29.00000000 19.54685211 28.00000000
v 29.00000000 19.57623291 29.00000000
v 29.00000000 19.60631371 30.00000000
v 29.00000000 19.63393402 31.00000000
v 29.00000000 19.65123558 32.00000000
v 29.00000000 19.66875839 33.00000000
v 29.00000000 19.68638039 34.00000000
v 29.00000000 19.69512367 35.00000000
v 29.00000000 19.69950104 36.00000000
v 29.00000000 19.70239258 37.00000000
v 29.00000000 19.71251297 38.00000000
v 29.00000000 19.72927666 39.00000000
v 29.00000000 19.74811554 40.00000000
v 29.00000000 19.75992966 41.00000000
v 29.00000000 19.76356316 42.00000000
v 29.00000000 19.75784302 43.00000000
v 29.00000000 19.75243568 44.00000000
v 29.00000000 19.75207710 45.00000000
v 29.00000000 19.85829353 46.00000000
v 29.00000000 20.00000000 46.34850693
v 29.00000000 20.89474869 17.00000000
v 29.00000000 21.00000000 16.95202065
v 29.00000000 20.88019562 47.00000000
v 29.00000000 21.00000000 47.03543472
v 29.00000000 22.00000000 16.82647514
v 29.00000000 22.00000000 47.07498550
v 29.00000000 23.00000000 16.73694992
v 29.00000000 23.00000000 47.10638046
v 29.00000000 24.00000000 16.58866501
v 29.00000000 24.00000000 47.11582184
v 29.00000000 25.00000000 16.46217155
v 29.00000000 25.00000000 47.13275909
v 29.00000000 26.00000000 16.30976105
v 29.00000000 26.00000000 47.14866257
v 29.00000000 27.00000000 16.16886902
v 29.00000000 27.00000000 47.14779663
v 29.00000000 28.00000000 16.03704262
v 29.00000000 28.00000000 47.14048386
v 29.00000000 28.22910118 16.00000000
v 29.00000000 29.00000000 15.88952541
v 29.00000000 29.00000000 47.12792969
v 29.00000000 30.00000000 15.74187756
v 29.00000000 30.00000000 47.15388870
v 29.00000000 31.00000000 15.72309113
v 29.00000000 31.00000000 47.19541931
v 29.00000000 31.46246719 16.00000000
v 29.00000000 32.00000000 16.77412605
v 29.00000000 32.00000000 31.02158928
v 29.00000000 31.97629547 32.00000000
v 29.00000000 31.93969345 33.00000000
v 29.00000000 31.89855957 34.00000000
v 29.00000000 31.86010742 35.00000000
v 29.00000000 31.82740593 36.00000000
v 29.00000000 31.81690407 37.00000000
v 29.00000000 31.83136177 38.00000000
v 29.00000000 31.89336014 39.00000000
v 29.00000000 32.00000000 39.29155350
v 29.00000000 32.00000000 47.25484848
v 29.00000000 32.06309891 17.00000000
v 29.00000000 32.17397690 18.00000000
v 29.00000000 32.20001984 19.00000000
v 29.00000000 32.19101715 20.00000000
v 29.00000000 32.18299103 21.00000000
v 29.00000000 32.18007660 22.00000000
v 29.00000000 32.18268967 23.00000000
v 29.00000000 32.17123032 24.00000000
v 29.00000000 32.14017487 25.00000000
v 29.00000000 32.10481644 26.00000000
v 29.00000000 32.07049179 27.00000000
v 29.00000000 32.03746796 28.00000000
v 29.00000000 32.01455307 29.00000000
v 29.00000000 32.01014328 30.00000000
v 29.00000000 32.00039291 31.00000000
v 29.00000000 32.80469894 40.00000000
v 29.00000000 33.00000000 40.05868530
v 29.00000000 33.00000000 47.31147385
v 29.00000000 34.00000000 40.02346039
v 29.00000000 34.00000000 47.37108231
v 29.00000000 34.26126099 40.00000000
v 29.00000000 35.00000000 39.93323517
v 29.00000000 35.00000000 47.42152405
v 29.00000000 36.00000000 39.79264832
v 29.00000000 36.00000000 47.47699738
v 29.00000000 37.00000000 39.67695999
v 29.00000000 37.00000000 47.53230667
v 29.00000000 38.00000000 39.59295654
v 29.00000000 38.00000000 47.57072830
v 29.00000000 39.00000000 39.56602097
v 29.00000000 39.00000000 47.59212875
v 29.00000000 40.00000000 39.62554550
v 29.00000000 40.00000000 47.58108139
v 29.00000000 41.00000000 39.78680801
v 29.00000000 41.00000000 47.55047607
v 29.00000000 41.91663361 40.00000000
v 29.00000000 42.00000000 40.02339935
v 29.00000000 42.00000000 47.47774887
v 29.00000000 43.00000000 40.39506149
v 29.00000000 43.00000000 47.33853531
v 29.00000000 44.00000000 40.88306046
v 29.00000000 44.00000000 46.73031235
v 29.00000000 43.68952179 47.00000000
v 29.00000000 44.14542389 41.00000000
v 29.00000000 44.88612366 42.00000000
v 29.00000000 45.00000000 42.41997528
v 29.00000000 45.00000000 44.20112610
v 29.00000000 44.76274109 45.00000000
v 29.00000000 44.40000534 46.00000000
v 29.00000000 45.11010742 43.00000000
v 29.00000000 45.05113220 44.00000000
v 30.00000000 19.84667206 18.00000000
v 30.00000000 20.00000000 17.72994423
v 30.00000000 19.63318253 19.00000000
v 30.00000000 19.53970528 20.00000000
v 30.00000000 19.50233841 21.00000000
v 30.00000000 19.48183250 22.00000000
v 30.00000000 19.47624969 23.00000000
v 30.00000000 19.48356438 24.00000000
v 30.00000000 19.49319649 25.00000000
v 30.00000000 19.50645638 26.00000000
v 30.00000000 19.52553940 27.00000000
v 30.00000000 19.54986572 28.00000000
v 30.00000000 19.57933807 29.00000000
v 30.00000000 19.60836601 30.00000000
v 30.00000000 19.63591385 31.00000000
v 30.00000000 19.65627289 32.00000000
v 30.00000000 19.67072296 33.00000000
v 30.00000000 19.68676567 34.00000000
v 30.00000000 19.69100761 35.00000000
v 30.00000000 19.69656372 36.00000000
v 30.00000000 19.69951057 37.00000000
v 30.00000000 19.71100426 38.00000000
v 30.00000000 19.72866249 39.00000000
v 30.00000000 19.74615097 40.00000000
v 30.00000000 19.76099396 41.00000000
v 30.00000000 19.76523018 42.00000000
v 30.00000000 19.75933647 43.00000000
v 30.00000000 19.75384521 44.00000000
v 30.00000000 19.75434113 45.00000000
v 30.00000000 19.85915375 46.00000000
v 30.00000000 20.00000000 46.34841919
v 30.00000000 20.87578964 17.00000000
v 30.00000000 21.00000000 16.94348145
v 30.00000000 20.87167740 47.00000000
v 30.00000000 21.00000000 47.03813553
v 30.00000000 22.00000000 16.81994629
v 30.00000000 22.00000000 47.07949829
v 30.00000000 23.00000000 16.72572517
v 30.00000000 23.00000000 47.11367416
v 30.00000000 24.00000000 16.57883644
v 30.00000000 24.00000000 47.12202072
v 30.00000000 25.00000000 16.44687271
v 30.00000000 25.00000000 47.13565445
v 30.00000000 26.00000000 16.29684639
v 30.00000000 26.00000000 47.14974594
v 30.00000000 27.00000000 16.15680122
v 30.00000000 27.00000000 47.14821243
v 30.00000000 28.00000000 16.03139496
v 30.00000000 28.00000000 47.14174652
v 30.00000000 28.19687462 16.00000000
v 30.00000000 29.00000000 15.88566780
v 30.00000000 29.00000000 47.13250351
v 30.00000000 30.00000000 15.73690510
v 30.00000000 30.00000000 47.15483475
v 30.00000000 31.00000000 15.71972561
v 30.00000000 31.00000000 47.19445038
v 30.00000000 31.46962547 16.00000000
v 30.00000000 32.00000000 16.75825310
v 29.14645004 32.00000000 31.00000000
v 30.00000000 32.00000000 30.81323814
v 30.00000000 31.99685287 31.00000000
v 30.00000000 31.97517967 32.00000000
v 30.00000000 31.94014549 33.00000000
v 30.00000000 31.89656067 34.00000000
v 30.00000000 31.85767365 35.00000000
v 30.00000000 31.82702255 36.00000000
v 30.00000000 31.81689453 37.00000000
v 30.00000000 31.83286285 38.00000000
v 30.00000000 31.89627075 39.00000000
v 30.00000000 32.00000000 39.28619385
v 30.00000000 32.00000000 47.25275421
v 30.00000000 32.06763840 17.00000000
v 30.00000000 32.17896652 18.00000000
v 30.00000000 32.20323563 19.00000000
v 30.00000000 32.19386292 20.00000000
v 30.00000000 32.18101501 21.00000000
v 30.00000000 32.17709732 22.00000000
v 30.00000000 32.17675400 23.00000000
v 30.00000000 32.16519547 24.00000000
v 30.00000000 32.13266373 25.00000000
v 30.00000000 32.09413528 26.00000000
v 30.00000000 32.06480408 27.00000000
v 30.00000000 32.03496552 28.00000000
v 30.00000000 32.01259613 29.00000000
v 30.00000000 32.00995636 30.00000000
v 30.00000000 32.79752350 40.00000000
v 30.00000000 33.00000000 40.06092072
v 30.00000000 33.00000000 47.30912781
v 30.00000000 34.00000000 40.02579880
v 30.00000000 34.00000000 47.36882401
v 30.00000000 34.27945328 40.00000000
v 30.00000000 35.00000000 39.93296432
v 30.00000000 35.00000000 47.42388535
v 30.00000000 36.00000000 39.79576111
v 30.00000000 36.00000000 47.48028564
v 30.00000000 37.00000000 39.68116379
v 30.00000000 37.00000000 47.53530502
v 30.00000000 38.00000000 39.59922791
v 30.00000000 38.00000000 47.57537842
v 30.00000000 39.00000000 39.56990433
v 30.00000000 39.00000000 47.59376526
v 30.00000000 40.00000000 39.62398148
v 30.00000000 40.00000000 47.58234787
v 30.00000000 41.00000000 39.79422379
v 30.00000000 41.00000000 47.55321121
v 30.00000000 41.87580109 40.00000000
v 30.00000000 42.00000000 40.03506470
v 30.00000000 42.00000000 47.48086929
v 30.00000000 43.00000000 40.39925385
v 30.00000000 43.00000000 47.34479904
v 30.00000000 44.00000000 40.88589859
v 30.00000000 44.00000000 46.74392700
v 30.00000000 43.70373154 47.00000000
v 30.00000000 44.14360428 41.00000000
v 30.00000000 44.89816666 42.00000000
v 30.00000000 45.00000000 42.37224197
v 30.00000000 45.00000000 44.24313736
v 30.00000000 44.77361298 45.00000000
v 30.00000000 44.40922546 46.00000000
v 30.00000000 45.11996460 43.00000000
v 30.00000000 45.06198883 44.00000000
v 31.00000000 19.84498024 18.00000000
v 31.00000000 20.00000000 17.72435760
v 31.00000000 19.63263893 19.00000000
v 31.00000000 19.53980255 20.00000000
v 31.00000000 19.50237083 21.00000000
v 31.00000000 19.48226547 22.00000000
v 31.00000000 19.47924423 23.00000000
v 31.00000000 19.48741913 24.00000000
v 31.00000000 19.49715042 25.00000000
v 31.00000000 19.51045799 26.00000000
v 31.00000000 19.53003311 27.00000000
v 31.00000000 19.55492020 28.00000000
v 31.00000000 19.58345032 29.00000000
v 31.00000000 19.61148071 30.00000000
v 31.00000000 19.63764381 31.00000000
v 31.00000000 19.66028976 32.00000000
v 31.00000000 19.67473984 33.00000000
v 31.00000000 19.68629265 34.00000000
v 31.00000000 19.68876266 35.00000000
v 31.00000000 19.69313812 36.00000000
v 31.00000000 19.69688988 37.00000000
v 31.00000000 19.70987511 38.00000000
v 31.00000000 19.72797012 39.00000000
v 31.00000000 19.74471664 40.00000000
v 31.00000000 19.76018333 41.00000000
v 31.00000000 19.76698112 42.00000000
v 31.00000000 19.76213837 43.00000000
v 31.00000000 19.75560188 44.00000000
v 31.00000000 19.75618935 45.00000000
v 31.00000000 19.86028099 46.00000000
v 31.00000000 20.00000000 46.34809113
v 31.00000000 20.85892105 17.00000000
v 31.00000000 21.00000000 16.93576241
v 31.00000000 20.86219025 47.00000000
v 31.00000000 21.00000000 47.04126740
v 31.00000000 22.00000000 16.81332779
v 31.00000000 22.00000000 47.08588028
v 31.00000000 23.00000000 16.71699905
v 31.00000000 23.00000000 47.11971664
v 31.00000000 24.00000000 16.56937027
v 31.00000000 24.00000000 47.12734222
v 31.00000000 25.00000000 16.43508339
v 31.00000000 25.00000000 47.13648224
v 31.00000000 26.00000000 16.28524590
v 31.00000000 26.00000000 47.14920425
v 31.00000000 27.00000000 16.14637566
v 31.00000000 27.00000000 47.14705276
v 31.00000000 28.00000000 16.02291489
v 31.00000000 28.00000000 47.14076233
v 31.00000000 28.14867783 16.00000000
v 31.00000000 29.00000000 15.88241577
v 31.00000000 29.00000000 47.13523483
v 31.00000000 30.00000000 15.73388481
v 31.00000000 30.00000000 47.15449142
v 31.00000000 31.00000000 15.71800232
v 31.00000000 31.00000000 47.19260406
v 31.00000000 31.47678947 16.00000000
v 31.00000000 32.00000000 16.74575424
v 31.00000000 32.00000000 30.59279823
v 31.00000000 31.99346542 31.00000000
v 31.00000000 31.97407532 32.00000000
v 31.00000000 31.94001007 33.00000000
v 31.00000000 31.89647102 34.00000000
v 31.00000000 31.85644913 35.00000000
v 31.00000000 31.82756424 36.00000000
v 31.00000000 31.81745148 37.00000000
v 31.00000000 31.83369064 38.00000000
v 31.00000000 31.89773178 39.00000000
v 31.00000000 32.00000000 39.28738403
v 31.00000000 32.00000000 47.25009155
v 31.00000000 32.07109070 17.00000000
v 31.00000000 32.18359756 18.00000000
v 31.00000000 32.20616531 19.00000000
v 31.00000000 32.19385147 20.00000000
v 31.00000000 32.18028259 21.00000000
v 31.00000000 32.17378235 22.00000000
v 31.00000000 32.16999054 23.00000000
v 31.00000000 32.15756989 24.00000000
v 31.00000000 32.12652969 25.00000000
v 31.00000000 32.08411026 26.00000000
v 31.00000000 32.05916214 27.00000000
v 31.00000000 32.03250885 28.00000000
v 31.00000000 32.00978088 29.00000000
v 31.00000000 32.00691986 30.00000000
v 31.00000000 32.78734589 40.00000000
v 31.00000000 33.00000000 40.06311798
v 31.00000000 33.00000000 47.30697250
v 31.00000000 34.00000000 40.02994156
v 31.00000000 34.00000000 47.36648560
v 31.00000000 34.30958939 40.00000000
v 31.00000000 35.00000000 39.93264008
v 31.00000000 35.00000000 47.42710114
v 31.00000000 36.00000000 39.79648590
v 31.00000000 36.00000000 47.48424530
v 31.00000000 37.00000000 39.68411636
v 31.00000000 37.00000000 47.53838730
v 31.00000000 38.00000000 39.60707855
v 31.00000000 38.00000000 47.57805634
v 31.00000000 39.00000000 39.57361603
v 31.00000000 39.00000000 47.59374237
v 31.00000000 40.00000000 39.62515640
v 31.00000000 40.00000000 47.58461380
v 31.00000000 41.00000000 39.79722595
v 31.00000000 41.00000000 47.55580139
v 31.00000000 41.85934830 40.00000000
v 31.00000000 42.00000000 40.03982544
v 31.00000000 42.00000000 47.48673248
v 31.00000000 43.00000000 40.40218735
v 31.00000000 43.00000000 47.35146332
v 31.00000000 44.00000000 40.88534546
v 31.00000000 44.00000000 46.75449753
v 31.00000000 43.71586990 47.00000000
v 31.00000000 44.14532089 41.00000000
v 31.00000000 44.90839767 42.00000000
v 31.00000000 45.00000000 42.33245850
v 31.00000000 45.00000000 44.28109360
v 31.00000000 44.78363800 45.00000000
v 31.00000000 44.41659164 46.00000000
v 31.00000000 45.12833023 43.00000000
v 31.00000000 45.07159805 44.00000000
v 32.00000000 19.84251976 18.00000000
v 32.00000000 20.00000000 17.71814537
v 32.00000000 19.63297272 19.00000000
v 32.00000000 19.54076385 20.00000000
v 32.00000000 19.50299644 21.00000000
v 32.00000000 19.48420525 22.00000000
v 32.00000000 19.48341942 23.00000000
v 32.00000000 19.49273109 24.00000000
v 32.00000000 19.50201225 25.00000000
v 32.00000000 19.51489258 26.00000000
v 32.00000000 19.53474426 27.00000000
v 32.00000000 19.56120682 28.00000000
v 32.00000000 19.58726311 29.00000000
v 32.00000000 19.61356354 30.00000000
v 32.00000000 19.64005852 31.00000000
v 32.00000000 19.66500092 32.00000000
v 32.00000000 19.67947197 33.00000000
v 32.00000000 19.68665123 34.00000000
v 32.00000000 19.68742943 35.00000000
v 32.00000000 19.69048500 36.00000000
v 32.00000000 19.69508362 37.00000000
v 32.00000000 19.70846748 38.00000000
v 32.00000000 19.72628403 39.00000000
v 32.00000000 19.74341774 40.00000000
v 32.00000000 19.75835800 41.00000000
v 32.00000000 19.76922417 42.00000000
v 32.00000000 19.76537132 43.00000000
v 32.00000000 19.75760269 44.00000000
v 32.00000000 19.75694466 45.00000000
v 32.00000000 19.86164284 46.00000000
v 32.00000000 20.00000000 46.34768677
v 32.00000000 20.84522247 17.00000000
v 32.00000000 21.00000000 16.92927933
v 32.00000000 20.85637665 47.00000000
v 32.00000000 21.00000000 47.04310989
v 32.00000000 22.00000000 16.80647850
v 32.00000000 22.00000000 47.08946609
v 32.00000000 23.00000000 16.70903206
v 32.00000000 23.00000000 47.12424088
v 32.00000000 24.00000000 16.55868912
v 32.00000000 24.00000000 47.13181305
v 32.00000000 25.00000000 16.42387962
v 32.00000000 25.00000000 47.13673401
v 32.00000000 26.00000000 16.27513313
v 32.00000000 26.00000000 47.14696121
v 32.00000000 27.00000000 16.13898849
v 32.00000000 27.00000000 47.14435577
v 32.00000000 28.00000000 16.01674461
v 32.00000000 28.00000000 47.13889313
v 32.00000000 28.11176109 16.00000000
v 32.00000000 29.00000000 15.87989044
v 32.00000000 29.00000000 47.13599777
v 32.00000000 30.00000000 15.73348999
v 32.00000000 30.00000000 47.15348053
v 32.00000000 31.00000000 15.71730328
v 32.00000000 31.00000000 47.19099808
v 32.00000000 31.48321915 16.00000000
v 32.00000000 32.00000000 16.73357201
v 32.00000000 32.00000000 30.22218895
v 32.00000000 31.98782539 31.00000000
v 32.00000000 31.97200012 32.00000000
v 32.00000000 31.93913651 33.00000000
v 32.00000000 31.89686775 34.00000000
v 32.00000000 31.85525131 35.00000000
v 32.00000000 31.82890892 36.00000000
v 32.00000000 31.81810570 37.00000000
v 32.00000000 31.83430481 38.00000000
v 32.00000000 31.89613342 39.00000000
v 32.00000000 32.00000000 39.29383469
v 32.00000000 32.00000000 47.24678802
v 32.00000000 32.07439041 17.00000000
v 32.00000000 32.18596268 18.00000000
v 32.00000000 32.20739746 19.00000000
v 32.00000000 32.19307709 20.00000000
v 32.00000000 32.18023300 21.00000000
v 32.00000000 32.17033768 22.00000000
v 32.00000000 32.16294098 23.00000000
v 32.00000000 32.14964294 24.00000000
v 32.00000000 32.11800766 25.00000000
v 32.00000000 32.07886887 26.00000000
v 32.00000000 32.05412292 27.00000000
v 32.00000000 32.02983475 28.00000000
v 32.00000000 32.00576019 29.00000000
v 32.00000000 32.00253677 30.00000000
v 32.00000000 32.78120804 40.00000000
v 32.00000000 33.00000000 40.06402206
v 32.00000000 33.00000000 47.30401611
v 32.00000000 34.00000000 40.03356552
v 32.00000000 34.00000000 47.36836243
v 32.00000000 34.33266068 40.00000000
v 32.00000000 35.00000000 39.93211365
v 32.00000000 35.00000000 47.43198395
v 32.00000000 36.00000000 39.79675674
v 32.00000000 36.00000000 47.48955154
v 32.00000000 37.00000000 39.68491364
v 32.00000000 37.00000000 47.53939056
v 32.00000000 38.00000000 39.61148834
v 32.00000000 38.00000000 47.58062744
v 32.00000000 39.00000000 39.57772446
v 32.00000000 39.00000000 47.59733200
v 32.00000000 40.00000000 39.63043594
v 32.00000000 40.00000000 47.58847046
v 32.00000000 41.00000000 39.79959488
v 32.00000000 41.00000000 47.56037521
v 32.00000000 41.84691238 40.00000000
v 32.00000000 42.00000000 40.04321671
v 32.00000000 42.00000000 47.49214172
v 32.00000000 43.00000000 40.39978027
v 32.00000000 43.00000000 47.35741425
v 32.00000000 44.00000000 40.88607788
v 32.00000000 44.00000000 46.76554871
v 32.00000000 43.72811890 47.00000000
v 32.00000000 44.14528275 41.00000000
v 32.00000000 44.91606903 42.00000000
v 32.00000000 45.00000000 42.30011368
v 32.00000000 45.00000000 44.31547546
v 32.00000000 44.79283142 45.00000000
v 32.00000000 44.42404175 46.00000000
v 32.00000000 45.13635635 43.00000000
v 32.00000000 45.08032227 44.00000000
v 33.00000000 19.83982277 18.00000000
v 33.00000000 20.00000000 17.71169090
v 33.00000000 19.63265610 19.00000000
v 33.00000000 19.54204178 20.00000000
v 33.00000000 19.50432396 21.00000000
v 33.00000000 19.48692131 22.00000000
v 33.00000000 19.48834991 23.00000000
v 33.00000000 19.49718094 24.00000000
v 33.00000000 19.50794411 25.00000000
v 33.00000000 19.52118683 26.00000000
v 33.00000000 19.54096985 27.00000000
v 33.00000000 19.56729317 28.00000000
v 33.00000000 19.59172630 29.00000000
v 33.00000000 19.61631203 30.00000000
v 33.00000000 19.64305305 31.00000000
v 33.00000000 19.66872787 32.00000000
v 33.00000000 19.68302727 33.00000000
v 33.00000000 19.68754768 34.00000000
v 33.00000000 19.68704605 35.00000000
v 33.00000000 19.68844414 36.00000000
v 33.00000000 19.69344521 37.00000000
v 33.00000000 19.70620728 38.00000000
v 33.00000000 19.72471809 39.00000000
v 33.00000000 19.74152374 40.00000000
v 33.00000000 19.75741386 41.00000000
v 33.00000000 19.76947212 42.00000000
v 33.00000000 19.76838303 43.00000000
v 33.00000000 19.75910950 44.00000000
v 33.00000000 19.75741386 45.00000000
v 33.00000000 19.86283112 46.00000000
v 33.00000000 20.00000000 46.34699631
v 33.00000000 20.83300400 17.00000000
v 33.00000000 21.00000000 16.92334938
v 33.00000000 20.85170174 47.00000000
v 33.00000000 21.00000000 47.04453278
v 33.00000000 22.00000000 16.79855537
v 33.00000000 22.00000000 47.09345245
v 33.00000000 23.00000000 16.70523834
v 33.00000000 23.00000000 47.12819672
v 33.00000000 24.00000000 16.54826164
v 33.00000000 24.00000000 47.13459015
v 33.00000000 25.00000000 16.41259575
v 33.00000000 25.00000000 47.13626099
v 33.00000000 26.00000000 16.26662445
v 33.00000000 26.00000000 47.14388275
v 33.00000000 27.00000000 16.13243675
v 33.00000000 27.00000000 47.14152527
v 33.00000000 28.00000000 16.01226044
v 33.00000000 28.00000000 47.13666916
v 33.00000000 28.08378029 16.00000000
v 33.00000000 29.00000000 15.87754250
v 33.00000000 29.00000000 47.13632202
v 33.00000000 30.00000000 15.73528099
v 33.00000000 30.00000000 47.15216064
v 33.00000000 31.00000000 15.72130299
v 33.00000000 31.00000000 47.18969727
v 33.00000000 31.48281479 16.00000000
v 33.00000000 32.00000000 16.73286629
v 32.56376648 32.00000000 30.00000000
v 33.00000000 32.00000000 29.47862053
v 33.00000000 31.99724579 30.00000000
v 33.00000000 31.98278999 31.00000000
v 33.00000000 31.96533012 32.00000000
v 33.00000000 31.93798256 33.00000000
v 33.00000000 31.89706039 34.00000000
v 33.00000000 31.85384941 35.00000000
v 33.00000000 31.83262062 36.00000000
v 33.00000000 31.81877327 37.00000000
v 33.00000000 31.83398819 38.00000000
v 33.00000000 31.89110947 39.00000000
v 33.00000000 32.00000000 39.30875778
v 33.00000000 32.00000000 47.24370193
v 33.00000000 32.07421875 17.00000000
v 33.00000000 32.18608093 18.00000000
v 33.00000000 32.20765686 19.00000000
v 33.00000000 32.19280243 20.00000000
v 33.00000000 32.18045425 21.00000000
v 33.00000000 32.16668701 22.00000000
v 33.00000000 32.15631866 23.00000000
v 33.00000000 32.14186478 24.00000000
v 33.00000000 32.10848999 25.00000000
v 33.00000000 32.07355118 26.00000000
v 33.00000000 32.05106354 27.00000000
v 33.00000000 32.02607727 28.00000000
v 33.00000000 32.00183868 29.00000000
v 33.00000000 32.76221085 40.00000000
v 33.00000000 33.00000000 40.06894302
v 33.00000000 33.00000000 47.30060577
v 33.00000000 34.00000000 40.03691483
v 33.00000000 34.00000000 47.36998749
v 33.00000000 34.35188293 40.00000000
v 33.00000000 35.00000000 39.93158340
v 33.00000000 35.00000000 47.43706131
v 33.00000000 36.00000000 39.79881668
v 33.00000000 36.00000000 47.49399567
v 33.00000000 37.00000000 39.68523788
v 33.00000000 37.00000000 47.54027939
v 33.00000000 38.00000000 39.61231232
v 33.00000000 38.00000000 47.58269119
v 33.00000000 39.00000000 39.58065796
v 33.00000000 39.00000000 47.60572433
v 33.00000000 40.00000000 39.63666153
v 33.00000000 40.00000000 47.59549713
v 33.00000000 41.00000000 39.80255127
v 33.00000000 41.00000000 47.56781006
v 33.00000000 41.83423996 40.00000000
v 33.00000000 42.00000000 40.04657745
v 33.00000000 42.00000000 47.49775314
v 33.00000000 43.00000000 40.39722061
v 33.00000000 43.00000000 47.36208344
v 33.00000000 44.00000000 40.88036346
v 33.00000000 44.00000000 46.77341843
v 33.00000000 43.73733139 47.00000000
v 33.00000000 44.15364456 41.00000000
v 33.00000000 44.92365646 42.00000000
v 33.00000000 45.00000000 42.27026749
v 33.00000000 45.00000000 44.34492874
v 33.00000000 44.80011368 45.00000000
v 33.00000000 44.42863846 46.00000000
v 33.00000000 45.14276123 43.00000000
v 33.00000000 45.08762360 44.00000000
v 34.00000000 19.83834648 18.00000000
v 34.00000000 20.00000000 17.70605087
v 34.00000000 19.63254738 19.00000000
v 34.00000000 19.54261780 20.00000000
v 34.00000000 19.50716019 21.00000000
v 34.00000000 19.49115562 22.00000000
v 34.00000000 19.49405670 23.00000000
v 34.00000000 19.50290108 24.00000000
v 34.00000000 19.51403236 25.00000000
v 34.00000000 19.52878380 26.00000000
v 34.00000000 19.54872131 27.00000000
v 34.00000000 19.57245636 28.00000000
v 34.00000000 19.59578514 29.00000000
v 34.00000000 19.61963844 30.00000000
v 34.00000000 19.64672470 31.00000000
v 34.00000000 19.67152405 32.00000000
v 34.00000000 19.68566895 33.00000000
v 34.00000000 19.68906212 34.00000000
v 34.00000000 19.68773842 35.00000000
v 34.00000000 19.68790245 36.00000000
v 34.00000000 19.69240379 37.00000000
v 34.00000000 19.70348549 38.00000000
v 34.00000000 19.72268486 39.00000000
v 34.00000000 19.74011230 40.00000000
v 34.00000000 19.75689316 41.00000000
v 34.00000000 19.76873398 42.00000000
v 34.00000000 19.77104950 43.00000000
v 34.00000000 19.76038551 44.00000000
v 34.00000000 19.75839424 45.00000000
v 34.00000000 19.86331940 46.00000000
v 34.00000000 20.00000000 46.34790802
v 34.00000000 20.81492043 17.00000000
v 34.00000000 21.00000000 16.91453934
v 34.00000000 20.85011292 47.00000000
v 34.00000000 21.00000000 47.04484558
v 34.00000000 22.00000000 16.79135704
v 34.00000000 22.00000000 47.09767532
v 34.00000000 23.00000000 16.70316505
v 34.00000000 23.00000000 47.13157654
v 34.00000000 24.00000000 16.53882599
v 34.00000000 24.00000000 47.13792801
v 34.00000000 25.00000000 16.40010452
v 34.00000000 25.00000000 47.13621902
v 34.00000000 26.00000000 16.25716400
v 34.00000000 26.00000000 47.14064407
v 34.00000000 27.00000000 16.12603951
v 34.00000000 27.00000000 47.13641357
v 34.00000000 28.00000000 16.00801468
v 34.00000000 28.00000000 47.13517380
v 34.00000000 28.05585670 16.00000000
v 34.00000000 29.00000000 15.87521744
v 34.00000000 29.00000000 47.13560867
v 34.00000000 30.00000000 15.73479748
v 34.00000000 30.00000000 47.15044785
v 34.00000000 31.00000000 15.72565937
v 34.00000000 31.00000000 47.18845749
v 34.00000000 31.47775459 16.00000000
v 34.00000000 32.00000000 16.73762321
v 33.46287918 32.00000000 29.00000000
v 34.00000000 32.00000000 28.91083717
v 34.00000000 31.99705315 29.00000000
v 34.00000000 31.99075127 30.00000000
v 34.00000000 31.97753143 31.00000000
v 34.00000000 31.95991898 32.00000000
v 34.00000000 31.93236542 33.00000000
v 34.00000000 31.89683151 34.00000000
v 34.00000000 31.85457993 35.00000000
v 34.00000000 31.83591080 36.00000000
v 34.00000000 31.81878662 37.00000000
v 34.00000000 31.83233261 38.00000000
v 34.00000000 31.88603973 39.00000000
v 34.00000000 32.00000000 39.32605743
v 34.00000000 32.00000000 47.24107361
v 34.00000000 32.07324219 17.00000000
v 34.00000000 32.18558884 18.00000000
v 34.00000000 32.20799637 19.00000000
v 34.00000000 32.19380188 20.00000000
v 34.00000000 32.17981720 21.00000000
v 34.00000000 32.16305923 22.00000000
v 34.00000000 32.15026855 23.00000000
v 34.00000000 32.13535690 24.00000000
v 34.00000000 32.10203552 25.00000000
v 34.00000000 32.06946945 26.00000000
v 34.00000000 32.04841995 27.00000000
v 34.00000000 32.02231979 28.00000000
v 34.00000000 32.74343872 40.00000000
v 34.00000000 33.00000000 40.07313156
v 34.00000000 33.00000000 47.30137634
v 34.00000000 34.00000000 40.03893280
v 34.00000000 34.00000000 47.37358475
v 34.00000000 34.36045456 40.00000000
v 34.00000000 35.00000000 39.93095779
v 34.00000000 35.00000000 47.44091797
v 34.00000000 36.00000000 39.80261993
v 34.00000000 36.00000000 47.49722290
v 34.00000000 37.00000000 39.68566895
v 34.00000000 37.00000000 47.54127502
v 34.00000000 38.00000000 39.61064148
v 34.00000000 38.00000000 47.58549118
v 34.00000000 39.00000000 39.58264160
v 34.00000000 39.00000000 47.61569977
v 34.00000000 40.00000000 39.64328003
v 34.00000000 40.00000000 47.60737610
v 34.00000000 41.00000000 39.80883026
v 34.00000000 41.00000000 47.57532120
v 34.00000000 41.82300186 40.00000000
v 34.00000000 42.00000000 40.04848862
v 34.00000000 42.00000000 47.50332260
v 34.00000000 43.00000000 40.39754105
v 34.00000000 43.00000000 47.36627579
v 34.00000000 44.00000000 40.87461853
v 34.00000000 44.00000000 46.77741241
v 34.00000000 43.74241257 47.00000000
v 34.00000000 44.16137314 41.00000000
v 34.00000000 44.92553329 42.00000000
v 34.00000000 45.00000000 42.26563263
v 34.00000000 45.00000000 44.33306885
v 34.00000000 44.79655838 45.00000000
v 34.00000000 44.42853928 46.00000000
v 34.00000000 45.14293289 43.00000000
v 34.00000000 45.08526611 44.00000000
v 35.00000000 19.83784294 18.00000000
v 35.00000000 20.00000000 17.70159149
v 35.00000000 19.63323593 19.00000000
v 35.00000000 19.54412842 20.00000000
v 35.00000000 19.51127434 21.00000000
v 35.00000000 19.49654961 22.00000000
v 35.00000000 19.50029755 23.00000000
v 35.00000000 19.51045036 24.00000000
v 35.00000000 19.52248764 25.00000000
v 35.00000000 19.53759766 26.00000000
v 35.00000000 19.55779648 27.00000000
v 35.00000000 19.57898712 28.00000000
v 35.00000000 19.60047340 29.00000000
v 35.00000000 19.62452126 30.00000000
v 35.00000000 19.65172577 31.00000000
v 35.00000000 19.67479706 32.00000000
v 35.00000000 19.68782234 33.00000000
v 35.00000000 19.69047546 34.00000000
v 35.00000000 19.68899536 35.00000000
v 35.00000000 19.68944740 36.00000000
v 35.00000000 19.69185829 37.00000000
v 35.00000000 19.70156097 38.00000000
v 35.00000000 19.72042274 39.00000000
v 35.00000000 19.73894310 40.00000000
v 35.00000000 19.75606155 41.00000000
v 35.00000000 19.76806450 42.00000000
v 35.00000000 19.77048874 43.00000000
v 35.00000000 19.76178932 44.00000000
v 35.00000000 19.75938606 45.00000000
v 35.00000000 19.86358643 46.00000000
v 35.00000000 20.00000000 46.35155106
v 35.00000000 20.79840851 17.00000000
v 35.00000000 21.00000000 16.90658188
v 35.00000000 20.84790230 47.00000000
v 35.00000000 21.00000000 47.04497528
v 35.00000000 22.00000000 16.78499794
v 35.00000000 22.00000000 47.10260391
v 35.00000000 23.00000000 16.70102119
v 35.00000000 23.00000000 47.13477325
v 35.00000000 24.00000000 16.53010178
v 35.00000000 24.00000000 47.14116287
v 35.00000000 25.00000000 16.38737679
v 35.00000000 25.00000000 47.13626862
v 35.00000000 26.00000000 16.24802208
v 35.00000000 26.00000000 47.13599014
v 35.00000000 27.00000000 16.11993599
v 35.00000000 27.00000000 47.13015747
v 35.00000000 28.00000000 16.00369453
v 35.00000000 28.00000000 47.13337326
v 35.00000000 28.02631950 16.00000000
v 35.00000000 29.00000000 15.87304974
v 35.00000000 29.00000000 47.13354492
v 35.00000000 30.00000000 15.73487854
v 35.00000000 30.00000000 47.15023041
v 35.00000000 31.00000000 15.72715092
v 35.00000000 31.00000000 47.18659592
v 35.00000000 31.47631073 16.00000000
v 35.00000000 32.00000000 16.73983574
v 35.00000000 32.00000000 28.78558922
v 35.00000000 31.99267578 29.00000000
v 35.00000000 31.98428345 30.00000000
v 35.00000000 31.97201729 31.00000000
v 35.00000000 31.95396233 32.00000000
v 35.00000000 31.92605019 33.00000000
v 35.00000000 31.89413834 34.00000000
v 35.00000000 31.85563469 35.00000000
v 35.00000000 31.83841324 36.00000000
v 35.00000000 31.82007599 37.00000000
v 35.00000000 31.83006859 38.00000000
v 35.00000000 31.87981796 39.00000000
v 35.00000000 32.00000000 39.34642410
v 35.00000000 32.00000000 47.23726654
v 35.00000000 32.07295990 17.00000000
v 35.00000000 32.18541336 18.00000000
v 35.00000000 32.20832062 19.00000000
v 35.00000000 32.19491196 20.00000000
v 35.00000000 32.17731857 21.00000000
v 35.00000000 32.16000748 22.00000000
v 35.00000000 32.14384460 23.00000000
v 35.00000000 32.12624741 24.00000000
v 35.00000000 32.09535980 25.00000000
v 35.00000000 32.06572723 26.00000000
v 35.00000000 32.04616928 27.00000000
v 35.00000000 32.01982117 28.00000000
v 35.00000000 32.72834396 40.00000000
v 35.00000000 33.00000000 40.07593918
v 35.00000000 33.00000000 47.30154037
v 35.00000000 34.00000000 40.04269028
v 35.00000000 34.00000000 47.37580109
v 35.00000000 34.38617706 40.00000000
v 35.00000000 35.00000000 39.93227005
v 35.00000000 35.00000000 47.44357681
v 35.00000000 36.00000000 39.80554962
v 35.00000000 36.00000000 47.49879456
v 35.00000000 37.00000000 39.68529129
v 35.00000000 37.00000000 47.54406738
v 35.00000000 38.00000000 39.60877991
v 35.00000000 38.00000000 47.59055328
v 35.00000000 39.00000000 39.58457947
v 35.00000000 39.00000000 47.62665939
v 35.00000000 40.00000000 39.64883041
v 35.00000000 40.00000000 47.61947250
v 35.00000000 41.00000000 39.81480408
v 35.00000000 41.00000000 47.58330154
v 35.00000000 41.81441879 40.00000000
v 35.00000000 42.00000000 40.04987717
v 35.00000000 42.00000000 47.50900269
v 35.00000000 43.00000000 40.39760971
v 35.00000000 43.00000000 47.36828232
v 35.00000000 44.00000000 40.86878586
v 35.00000000 44.00000000 46.77500153
v 35.00000000 43.74121094 47.00000000
v 35.00000000 44.16825485 41.00000000
v 35.00000000 44.92427063 42.00000000
v 35.00000000 45.00000000 42.27259827
v 35.00000000 45.00000000 44.31879044
v 35.00000000 44.79286575 45.00000000
v 35.00000000 44.42603302 46.00000000
v 35.00000000 45.14086914 43.00000000
v 35.00000000 45.08137131 44.00000000
v 36.00000000 19.83807564 18.00000000
v 36.00000000 20.00000000 17.69779015
v 36.00000000 19.63474083 19.00000000
v 36.00000000 19.54858971 20.00000000
v 36.00000000 19.51632500 21.00000000
v 36.00000000 19.50428772 22.00000000
v 36.00000000 19.50892639 23.00000000
v 36.00000000 19.52111435 24.00000000
v 36.00000000 19.53271675 25.00000000
v 36.00000000 19.54889297 26.00000000
v 36.00000000 19.56742477 27.00000000
v 36.00000000 19.58715057 28.00000000
v 36.00000000 19.60729980 29.00000000
v 36.00000000 19.63185310 30.00000000
v 36.00000000 19.65922737 31.00000000
v 36.00000000 19.67999840 32.00000000
v 36.00000000 19.69075775 33.00000000
v 36.00000000 19.69364357 34.00000000
v 36.00000000 19.69308472 35.00000000
v 36.00000000 19.69344330 36.00000000
v 36.00000000 19.69346237 37.00000000
v 36.00000000 19.70197868 38.00000000
v 36.00000000 19.72061920 39.00000000
v 36.00000000 19.74036407 40.00000000
v 36.00000000 19.75675201 41.00000000
v 36.00000000 19.76769638 42.00000000
v 36.00000000 19.76935768 43.00000000
v 36.00000000 19.76378441 44.00000000
v 36.00000000 19.76060677 45.00000000
v 36.00000000 19.86194420 46.00000000
v 36.00000000 20.00000000 46.36100388
v 36.00000000 20.78149986 17.00000000
v 36.00000000 21.00000000 16.89836502
v 36.00000000 20.84424400 47.00000000
v 36.00000000 21.00000000 47.04530716
v 36.00000000 22.00000000 16.78010941
v 36.00000000 22.00000000 47.10693741
v 36.00000000 23.00000000 16.69714355
v 36.00000000 23.00000000 47.13747787
v 36.00000000 24.00000000 16.52109718
v 36.00000000 24.00000000 47.14317322
v 36.00000000 25.00000000 16.37455750
v 36.00000000 25.00000000 47.13508224
v 36.00000000 26.00000000 16.23991203
v 36.00000000 26.00000000 47.13093185
v 36.00000000 27.00000000 16.11403084
v 36.00000000 27.00000000 47.12368774
v 35.98448181 28.00000000 16.00000000
v 36.00000000 27.99944115 16.00000000
v 36.00000000 28.00000000 15.99994659
v 36.00000000 28.00000000 47.13095856
v 36.00000000 29.00000000 15.87027264
v 36.00000000 29.00000000 47.13145447
v 36.00000000 30.00000000 15.73558140
v 36.00000000 30.00000000 47.15037918
v 36.00000000 31.00000000 15.72779179
v 36.00000000 31.00000000 47.18494797
v 36.00000000 31.47886848 16.00000000
v 36.00000000 32.00000000 16.72660255
v 36.00000000 32.00000000 28.71933746
v 36.00000000 31.99098206 29.00000000
v 36.00000000 31.97918320 30.00000000
v 36.00000000 31.96735001 31.00000000
v 36.00000000 31.94873047 32.00000000
v 36.00000000 31.92052269 33.00000000
v 36.00000000 31.89058113 34.00000000
v 36.00000000 31.85466957 35.00000000
v 36.00000000 31.83701706 36.00000000
v 36.00000000 31.82126236 37.00000000
v 36.00000000 31.82789421 38.00000000
v 36.00000000 31.87160873 39.00000000
v 36.00000000 32.00000000 39.37234497
v 36.00000000 32.00000000 47.23935699
v 36.00000000 32.07743835 17.00000000
v 36.00000000 32.18745804 18.00000000
v 36.00000000 32.21037292 19.00000000
v 36.00000000 32.19471359 20.00000000
v 36.00000000 32.17551422 21.00000000
v 36.00000000 32.15686417 22.00000000
v 36.00000000 32.14034271 23.00000000
v 36.00000000 32.11913681 24.00000000
v 36.00000000 32.08995056 25.00000000
v 36.00000000 32.06269455 26.00000000
v 36.00000000 32.04339600 27.00000000
v 36.00000000 32.01694870 28.00000000
v 36.00000000 32.71260071 40.00000000
v 36.00000000 33.00000000 40.07888031
v 36.00000000 33.00000000 47.30221939
v 36.00000000 34.00000000 40.04535294
v 36.00000000 34.00000000 47.37658691
v 36.00000000 34.40629959 40.00000000
v 36.00000000 35.00000000 39.93398666
v 36.00000000 35.00000000 47.44487762
v 36.00000000 36.00000000 39.80610275
v 36.00000000 36.00000000 47.49960709
v 36.00000000 37.00000000 39.68461990
v 36.00000000 37.00000000 47.54833603
v 36.00000000 38.00000000 39.60737228
v 36.00000000 38.00000000 47.59768295
v 36.00000000 39.00000000 39.58743286
v 36.00000000 39.00000000 47.63919449
v 36.00000000 40.00000000 39.65150452
v 36.00000000 40.00000000 47.63216019
v 36.00000000 41.00000000 39.81909943
v 36.00000000 41.00000000 47.59381866
v 36.00000000 41.80313873 40.00000000
v 36.00000000 42.00000000 40.05242920
v 36.00000000 42.00000000 47.51297379
v 36.00000000 43.00000000 40.39158249
v 36.00000000 43.00000000 47.37082291
v 36.00000000 44.00000000 40.86348343
v 36.00000000 44.00000000 46.77303314
v 36.00000000 43.73992157 47.00000000
v 36.00000000 44.17412186 41.00000000
v 36.00000000 44.92263794 42.00000000
v 36.00000000 45.00000000 42.28088379
v 36.00000000 45.00000000 44.30539322
v 36.00000000 44.78900146 45.00000000
v 36.00000000 44.42484665 46.00000000
v 36.00000000 45.13853836 43.00000000
v 36.00000000 45.07775879 44.00000000
v 37.00000000 19.83862495 18.00000000
v 37.00000000 20.00000000 17.69387245
v 37.00000000 19.63723755 19.00000000
v 37.00000000 19.55453873 20.00000000
v 37.00000000 19.52225113 21.00000000
v 37.00000000 19.51131248 22.00000000
v 37.00000000 19.51886749 23.00000000
v 37.00000000 19.53253937 24.00000000
v 37.00000000 19.54410172 25.00000000
v 37.00000000 19.56074715 26.00000000
v 37.00000000 19.57990456 27.00000000
v 37.00000000 19.59682846 28.00000000
v 37.00000000 19.61635017 29.00000000
v 37.00000000 19.64104652 30.00000000
v 37.00000000 19.66839981 31.00000000
v 37.00000000 19.68635368 32.00000000
v 37.00000000 19.69508362 33.00000000
v 37.00000000 19.69667625 34.00000000
v 37.00000000 19.69816017 35.00000000
v 37.00000000 19.69926071 36.00000000
v 37.00000000 19.69711876 37.00000000
v 37.00000000 19.70549774 38.00000000
v 37.00000000 19.72363281 39.00000000
v 37.00000000 19.74271584 40.00000000
v 37.00000000 19.76041794 41.00000000
v 37.00000000 19.77014923 42.00000000
v 37.00000000 19.77157784 43.00000000
v 37.00000000 19.76766396 44.00000000
v 37.00000000 19.76497078 45.00000000
v 37.00000000 19.85952187 46.00000000
v 37.00000000 20.00000000 46.37199020
v 37.00000000 20.76427269 17.00000000
v 37.00000000 21.00000000 16.88975906
v 37.00000000 20.83736992 47.00000000
v 37.00000000 21.00000000 47.04676819
v 37.00000000 22.00000000 16.77637863
v 37.00000000 22.00000000 47.11044312
v 37.00000000 23.00000000 16.69047356
v 37.00000000 23.00000000 47.14021301
v 37.00000000 24.00000000 16.51220131
v 37.00000000 24.00000000 47.14366913
v 37.00000000 25.00000000 16.36388779
v 37.00000000 25.00000000 47.13266754
v 37.00000000 26.00000000 16.23177528
v 37.00000000 26.00000000 47.12645340
v 37.00000000 27.00000000 16.10814667
v 37.00000000 27.00000000 47.11684418
v 37.00000000 27.96192551 16.00000000
v 37.00000000 28.00000000 15.99638081
v 37.00000000 28.00000000 47.12849426
v 37.00000000 29.00000000 15.86737347
v 37.00000000 29.00000000 47.12934494
v 37.00000000 30.00000000 15.73721123
v 37.00000000 30.00000000 47.14978409
v 37.00000000 31.00000000 15.72843075
v 37.00000000 31.00000000 47.18384552
v 37.00000000 31.48169708 16.00000000
v 37.00000000 32.00000000 16.71141434
v 37.00000000 32.00000000 28.67774582
v 37.00000000 31.99073601 29.00000000
v 37.00000000 31.97499084 30.00000000
v 37.00000000 31.96249962 31.00000000
v 37.00000000 31.94459915 32.00000000
v 37.00000000 31.91615677 33.00000000
v 37.00000000 31.88731384 34.00000000
v 37.00000000 31.85310555 35.00000000
v 37.00000000 31.83333778 36.00000000
v 37.00000000 31.81964111 37.00000000
v 37.00000000 31.82503128 38.00000000
v 37.00000000 31.86355209 39.00000000
v 37.00000000 32.00000000 39.39777374
v 37.00000000 32.00000000 47.24127960
v 37.00000000 32.08282852 17.00000000
v 37.00000000 32.19041824 18.00000000
v 37.00000000 32.21248245 19.00000000
v 37.00000000 32.19671631 20.00000000
v 37.00000000 32.17634964 21.00000000
v 37.00000000 32.15656281 22.00000000
v 37.00000000 32.13825226 23.00000000
v 37.00000000 32.11338043 24.00000000
v 37.00000000 32.08684921 25.00000000
v 37.00000000 32.05983353 26.00000000
v 37.00000000 32.04094696 27.00000000
v 37.00000000 32.01416397 28.00000000
v 37.00000000 32.69544983 40.00000000
v 37.00000000 33.00000000 40.08214951
v 37.00000000 33.00000000 47.30234909
v 37.00000000 34.00000000 40.05171967
v 37.00000000 34.00000000 47.37735367
v 37.00000000 34.45791626 40.00000000
v 37.00000000 35.00000000 39.93869781
v 37.00000000 35.00000000 47.44497681
v 37.00000000 36.00000000 39.80295563
v 37.00000000 36.00000000 47.49991608
v 37.00000000 37.00000000 39.68424225
v 37.00000000 37.00000000 47.55419922
v 37.00000000 38.00000000 39.60897446
v 37.00000000 38.00000000 47.60915375
v 37.00000000 39.00000000 39.58988953
v 37.00000000 39.00000000 47.65076447
v 37.00000000 40.00000000 39.65280914
v 37.00000000 40.00000000 47.64348221
v 37.00000000 41.00000000 39.82018280
v 37.00000000 41.00000000 47.60354614
v 37.00000000 41.82284164 40.00000000
v 37.00000000 42.00000000 40.04603958
v 37.00000000 42.00000000 47.51915359
v 37.00000000 43.00000000 40.38655090
v 37.00000000 43.00000000 47.37438965
v 37.00000000 44.00000000 40.86088181
v 37.00000000 44.00000000 46.77536392
v 37.00000000 43.74401474 47.00000000
v 37.00000000 44.17681122 41.00000000
v 37.00000000 44.92063141 42.00000000
v 37.00000000 45.00000000 42.28968430
v 37.00000000 45.00000000 44.29227829
v 37.00000000 44.78583145 45.00000000
v 37.00000000 44.42432785 46.00000000
v 37.00000000 45.13655090 43.00000000
v 37.00000000 45.07399368 44.00000000
v 38.00000000 19.83982277 18.00000000
v 38.00000000 20.00000000 17.68899345
v 38.00000000 19.64154625 19.00000000
v 38.00000000 19.56075287 20.00000000
v 38.00000000 19.52781296 21.00000000
v 38.00000000 19.51913071 22.00000000
v 38.00000000 19.52890968 23.00000000
v 38.00000000 19.54385757 24.00000000
v 38.00000000 19.55688286 25.00000000
v 38.00000000 19.57332420 26.00000000
v 38.00000000 19.59256935 27.00000000
v 38.00000000 19.60885239 28.00000000
v 38.00000000 19.62693024 29.00000000
v 38.00000000 19.65063286 30.00000000
v 38.00000000 19.67639351 31.00000000
v 38.00000000 19.69185257 32.00000000
v 38.00000000 19.69849205 33.00000000
v 38.00000000 19.69945335 34.00000000
v 38.00000000 19.70165443 35.00000000
v 38.00000000 19.70491791 36.00000000
v 38.00000000 19.70187569 37.00000000
v 38.00000000 19.71128845 38.00000000
v 38.00000000 19.72811890 39.00000000
v 38.00000000 19.74675560 40.00000000
v 38.00000000 19.76453781 41.00000000
v 38.00000000 19.77454948 42.00000000
v 38.00000000 19.77498817 43.00000000
v 38.00000000 19.77160263 44.00000000
v 38.00000000 19.76783943 45.00000000
v 38.00000000 19.85629463 46.00000000
v 38.00000000 20.00000000 46.38698959
v 38.00000000 20.74831581 17.00000000
v 38.00000000 21.00000000 16.88265800
v 38.00000000 20.81754494 47.00000000
v 38.00000000 21.00000000 47.05209351
v 38.00000000 22.00000000 16.76951981
v 38.00000000 22.00000000 47.11531448
v 38.00000000 23.00000000 16.68053818
v 38.00000000 23.00000000 47.14369202
v 38.00000000 24.00000000 16.50314713
v 38.00000000 24.00000000 47.14294052
v 38.00000000 25.00000000 16.35491562
v 38.00000000 25.00000000 47.12975311
v 38.00000000 26.00000000 16.22250557
v 38.00000000 26.00000000 47.12118912
v 38.00000000 27.00000000 16.10335159
v 38.00000000 27.00000000 47.11023712
v 38.00000000 27.92937279 16.00000000
v 38.00000000 28.00000000 15.99330139
v 38.00000000 28.00000000 47.12565613
v 38.00000000 29.00000000 15.86447144
v 38.00000000 29.00000000 47.12731171
v 38.00000000 30.00000000 15.73868561
v 38.00000000 30.00000000 47.14843750
v 38.00000000 31.00000000 15.73012447
v 38.00000000 31.00000000 47.18627167
v 38.00000000 31.48432541 16.00000000
v 38.00000000 32.00000000 16.69566154
v 38.00000000 32.00000000 28.61739731
v 38.00000000 31.99038887 29.00000000
v 38.00000000 31.97418022 30.00000000
v 38.00000000 31.95649147 31.00000000
v 38.00000000 31.94029045 32.00000000
v 38.00000000 31.91348648 33.00000000
v 38.00000000 31.88448334 34.00000000
v 38.00000000 31.84958458 35.00000000
v 38.00000000 31.82905006 36.00000000
v 38.00000000 31.81491852 37.00000000
v 38.00000000 31.81745720 38.00000000
v 38.00000000 31.85467339 39.00000000
v 38.00000000 32.00000000 39.42816162
v 38.00000000 32.00000000 47.24325562
v 38.00000000 32.08812714 17.00000000
v 38.00000000 32.19182968 18.00000000
v 38.00000000 32.21331406 19.00000000
v 38.00000000 32.19826508 20.00000000
v 38.00000000 32.17710876 21.00000000
v 38.00000000 32.15723038 22.00000000
v 38.00000000 32.13845444 23.00000000
v 38.00000000 32.11132431 24.00000000
v 38.00000000 32.08857727 25.00000000
v 38.00000000 32.05953979 26.00000000
v 38.00000000 32.03834534 27.00000000
v 38.00000000 32.01116562 28.00000000
v 38.00000000 32.66006851 40.00000000
v 38.00000000 33.00000000 40.09107590
v 38.00000000 33.00000000 47.30273056
v 38.00000000 34.00000000 40.06011200
v 38.00000000 34.00000000 47.37773895
v 38.00000000 34.52781677 40.00000000
v 38.00000000 35.00000000 39.94579697
v 38.00000000 35.00000000 47.44475555
v 38.00000000 36.00000000 39.79969025
v 38.00000000 36.00000000 47.50133896
v 38.00000000 37.00000000 39.68389893
v 38.00000000 37.00000000 47.56342316
v 38.00000000 38.00000000 39.61140442
v 38.00000000 38.00000000 47.62317276
v 38.00000000 39.00000000 39.59261322
v 38.00000000 39.00000000 47.66190338
v 38.00000000 40.00000000 39.65402985
v 38.00000000 40.00000000 47.65456390
v 38.00000000 41.00000000 39.81220245
v 38.00000000 41.00000000 47.61406326
v 38.00000000 41.84952164 40.00000000
v 38.00000000 42.00000000 40.03964233
v 38.00000000 42.00000000 47.52765274
v 38.00000000 43.00000000 40.38426208
v 38.00000000 43.00000000 47.37933350
v 38.00000000 44.00000000 40.86239243
v 38.00000000 44.00000000 46.77966309
v 38.00000000 43.75048447 47.00000000
v 38.00000000 44.17417908 41.00000000
v 38.00000000 44.91810226 42.00000000
v 38.00000000 45.00000000 42.29945755
v 38.00000000 45.00000000 44.27859497
v 38.00000000 44.78300858 45.00000000
v 38.00000000 44.42356110 46.00000000
v 38.00000000 45.13403702 43.00000000
v 38.00000000 45.06988907 44.00000000
v 39.00000000 19.83804512 18.00000000
v 39.00000000 20.00000000 17.67970657
v 39.00000000 19.64673233 19.00000000
v 39.00000000 19.56902122 20.00000000
v 39.00000000 19.53610420 21.00000000
v 39.00000000 19.52849007 22.00000000
v 39.00000000 19.53879738 23.00000000
v 39.00000000 19.55533218 24.00000000
v 39.00000000 19.56954384 25.00000000
v 39.00000000 19.58759117 26.00000000
v 39.00000000 19.60489655 27.00000000
v 39.00000000 19.62153625 28.00000000
v 39.00000000 19.63910103 29.00000000
v 39.00000000 19.66074944 30.00000000
v 39.00000000 19.68382454 31.00000000
v 39.00000000 19.69662285 32.00000000
v 39.00000000 19.70080566 33.00000000
v 39.00000000 19.70266151 34.00000000
v 39.00000000 19.70475960 35.00000000
v 39.00000000 19.70955467 36.00000000
v 39.00000000 19.70796967 37.00000000
v 39.00000000 19.71790504 38.00000000
v 39.00000000 19.73377037 39.00000000
v 39.00000000 19.75105095 40.00000000
v 39.00000000 19.76823997 41.00000000
v 39.00000000 19.77915382 42.00000000
v 39.00000000 19.77941322 43.00000000
v 39.00000000 19.77513123 44.00000000
v 39.00000000 19.76863861 45.00000000
v 39.00000000 19.85321426 46.00000000
v 39.00000000 20.00000000 46.40304565
v 39.00000000 20.73332596 17.00000000
v 39.00000000 21.00000000 16.87611580
v 39.00000000 20.79186058 47.00000000
v 39.00000000 21.00000000 47.05912399
v 39.00000000 22.00000000 16.76257896
v 39.00000000 22.00000000 47.12151337
v 39.00000000 23.00000000 16.66847610
v 39.00000000 23.00000000 47.14654541
v 39.00000000 24.00000000 16.49318886
v 39.00000000 24.00000000 47.14428329
v 39.00000000 25.00000000 16.34646606
v 39.00000000 25.00000000 47.12834930
v 39.00000000 26.00000000 16.21402740
v 39.00000000 26.00000000 47.11714172
v 39.00000000 27.00000000 16.09778786
v 39.00000000 27.00000000 47.10511017
v 39.00000000 27.88606262 16.00000000
v 39.00000000 28.00000000 15.98920345
v 39.00000000 28.00000000 47.12234497
v 39.00000000 29.00000000 15.86063290
v 39.00000000 29.00000000 47.12534714
v 39.00000000 30.00000000 15.73944950
v 39.00000000 30.00000000 47.14771271
v 39.00000000 31.00000000 15.73297977
v 39.00000000 31.00000000 47.18688583
v 39.00000000 31.48830032 16.00000000
v 39.00000000 32.00000000 16.67998314
v 39.00000000 32.00000000 28.64620399
v 39.00000000 31.99116898 29.00000000
v 39.00000000 31.97471809 30.00000000
v 39.00000000 31.95385170 31.00000000
v 39.00000000 31.93635368 32.00000000
v 39.00000000 31.91098213 33.00000000
v 39.00000000 31.88336754 34.00000000
v 39.00000000 31.84488487 35.00000000
v 39.00000000 31.82401466 36.00000000
v 39.00000000 31.80797386 37.00000000
v 39.00000000 31.80772209 38.00000000
v 39.00000000 31.84204292 39.00000000
v 39.00000000 32.00000000 39.47254181
v 39.00000000 32.00000000 47.24447250
v 39.00000000 32.09296417 17.00000000
v 39.00000000 32.19160080 18.00000000
v 39.00000000 32.21397781 19.00000000
v 39.00000000 32.19931793 20.00000000
v 39.00000000 32.17765045 21.00000000
v 39.00000000 32.15890503 22.00000000
v 39.00000000 32.13976669 23.00000000
v 39.00000000 32.11251831 24.00000000
v 39.00000000 32.09069824 25.00000000
v 39.00000000 32.06156921 26.00000000
v 39.00000000 32.03981018 27.00000000
v 39.00000000 32.01167679 28.00000000
v 39.00000000 32.60736465 40.00000000
v 39.00000000 33.00000000 40.10441208
v 39.00000000 33.00000000 47.30303192
v 39.00000000 34.00000000 40.06889725
v 39.00000000 34.00000000 47.37764740
v 39.00000000 34.58776855 40.00000000
v 39.00000000 35.00000000 39.95085144
v 39.00000000 35.00000000 47.44425964
v 39.00000000 36.00000000 39.80052948
v 39.00000000 36.00000000 47.50571060
v 39.00000000 37.00000000 39.68776321
v 39.00000000 37.00000000 47.57379150
v 39.00000000 38.00000000 39.61486053
v 39.00000000 38.00000000 47.63904190
v 39.00000000 39.00000000 39.59151077
v 39.00000000 39.00000000 47.67284775
v 39.00000000 40.00000000 39.65164566
v 39.00000000 40.00000000 47.66528702
v 39.00000000 41.00000000 39.80258179
v 39.00000000 41.00000000 47.62456894
v 39.00000000 41.87664413 40.00000000
v 39.00000000 42.00000000 40.03333664
v 39.00000000 42.00000000 47.53619385
v 39.00000000 43.00000000 40.38396835
v 39.00000000 43.00000000 47.38457108
v 39.00000000 44.00000000 40.86535263
v 39.00000000 44.00000000 46.78064728
v 39.00000000 43.75347519 47.00000000
v 39.00000000 44.16942978 41.00000000
v 39.00000000 44.91193008 42.00000000
v 39.00000000 45.00000000 42.31874466
v 39.00000000 45.00000000 44.26494217
v 39.00000000 44.77975845 45.00000000
v 39.00000000 44.42231750 46.00000000
v 39.00000000 45.13125229 43.00000000
v 39.00000000 45.06583405 44.00000000
v 40.00000000 19.83636284 18.00000000
v 40.00000000 20.00000000 17.67179489
v 40.00000000 19.65068054 19.00000000
v 40.00000000 19.57626534 20.00000000
v 40.00000000 19.54554176 21.00000000
v 40.00000000 19.53938484 22.00000000
v 40.00000000 19.55027962 23.00000000
v 40.00000000 19.56863213 24.00000000
v 40.00000000 19.58376312 25.00000000
v 40.00000000 19.60054016 26.00000000
v 40.00000000 19.61734200 27.00000000
v 40.00000000 19.63446808 28.00000000
v 40.00000000 19.65292168 29.00000000
v 40.00000000 19.67410278 30.00000000
v 40.00000000 19.69216156 31.00000000
v 40.00000000 19.70346069 32.00000000
v 40.00000000 19.70491028 33.00000000
v 40.00000000 19.70701218 34.00000000
v 40.00000000 19.71061707 35.00000000
v 40.00000000 19.71499062 36.00000000
v 40.00000000 19.71599579 37.00000000
v 40.00000000 19.72586441 38.00000000
v 40.00000000 19.74170685 39.00000000
v 40.00000000 19.75670815 40.00000000
v 40.00000000 19.77318382 41.00000000
v 40.00000000 19.78508186 42.00000000
v 40.00000000 19.78576469 43.00000000
v 40.00000000 19.77770233 44.00000000
v 40.00000000 19.76970863 45.00000000
v 40.00000000 19.85269547 46.00000000
v 40.00000000 20.00000000 46.41199875
v 40.00000000 20.71777344 17.00000000
v 40.00000000 21.00000000 16.86872101
v 40.00000000 20.76613617 47.00000000
v 40.00000000 21.00000000 47.06669617
v 40.00000000 22.00000000 16.75504875
v 40.00000000 22.00000000 47.12667084
v 40.00000000 23.00000000 16.65736961
v 40.00000000 23.00000000 47.14959717
v 40.00000000 24.00000000 16.48309898
v 40.00000000 24.00000000 47.14466476
v 40.00000000 25.00000000 16.33456421
v 40.00000000 25.00000000 47.12763214
v 40.00000000 26.00000000 16.20683289
v 40.00000000 26.00000000 47.11472321
v 40.00000000 27.00000000 16.09088135
v 40.00000000 27.00000000 47.10282135
v 40.00000000 27.83707237 16.00000000
v 40.00000000 28.00000000 15.98474884
v 40.00000000 28.00000000 47.12109375
v 40.00000000 29.00000000 15.85621643
v 40.00000000 29.00000000 47.12493515
v 40.00000000 30.00000000 15.73927784
v 40.00000000 30.00000000 47.14888382
v 40.00000000 31.00000000 15.73648357
v 40.00000000 31.00000000 47.18774033
v 40.00000000 31.49439049 16.00000000
v 40.00000000 32.00000000 16.66660309
v 40.00000000 32.00000000 28.75884438
v 40.00000000 31.99450302 29.00000000
v 40.00000000 31.97852325 30.00000000
v 40.00000000 31.95790100 31.00000000
v 40.00000000 31.93763542 32.00000000
v 40.00000000 31.91316414 33.00000000
v 40.00000000 31.88490677 34.00000000
v 40.00000000 31.84167862 35.00000000
v 40.00000000 31.82070541 36.00000000
v 40.00000000 31.80068779 37.00000000
v 40.00000000 31.79513359 38.00000000
v 40.00000000 31.82542801 39.00000000
v 40.00000000 32.00000000 39.54357910
v 40.00000000 32.00000000 47.24544907
v 40.00000000 32.09629440 17.00000000
v 40.00000000 32.19117355 18.00000000
v 40.00000000 32.21403503 19.00000000
v 40.00000000 32.19908524 20.00000000
v 40.00000000 32.17750931 21.00000000
v 40.00000000 32.16014862 22.00000000
v 40.00000000 32.13973236 23.00000000
v 40.00000000 32.11533356 24.00000000
v 40.00000000 32.09136963 25.00000000
v 40.00000000 32.06322098 26.00000000
v 40.00000000 32.04064178 27.00000000
v 40.00000000 32.01260757 28.00000000
v 40.00000000 32.52956390 40.00000000
v 40.00000000 33.00000000 40.12048721
v 40.00000000 33.00000000 47.30450439
v 40.00000000 34.00000000 40.07699585
v 40.00000000 34.00000000 47.37690735
v 40.00000000 34.64696884 40.00000000
v 40.00000000 35.00000000 39.95673752
v 40.00000000 35.00000000 47.44482422
v 40.00000000 36.00000000 39.80284500
v 40.00000000 36.00000000 47.51371765
v 40.00000000 37.00000000 39.69200897
v 40.00000000 37.00000000 47.58488846
v 40.00000000 38.00000000 39.60971832
v 40.00000000 38.00000000 47.65527344
v 40.00000000 39.00000000 39.58734131
v 40.00000000 39.00000000 47.68449020
v 40.00000000 40.00000000 39.64750290
v 40.00000000 40.00000000 47.67649460
v 40.00000000 41.00000000 39.79291153
v 40.00000000 41.00000000 47.63574219
v 40.00000000 41.90206146 40.00000000
v 40.00000000 42.00000000 40.02695847
v 40.00000000 42.00000000 47.54603195
v 40.00000000 43.00000000 40.38438034
v 40.00000000 43.00000000 47.39036942
v 40.00000000 44.00000000 40.87286758
v 40.00000000 44.00000000 46.77939606
v 40.00000000 43.75419617 47.00000000
v 40.00000000 44.15998459 41.00000000
v 40.00000000 44.90306854 42.00000000
v 40.00000000 45.00000000 42.34865952
v 40.00000000 45.00000000 44.25313568
v 40.00000000 44.77629471 45.00000000
v 40.00000000 44.42042542 46.00000000
v 40.00000000 45.12618637 43.00000000
v 40.00000000 45.06247330 44.00000000
v 41.00000000 19.83487892 18.00000000
v 41.00000000 20.00000000 17.66486168
v 41.00000000 19.65426254 19.00000000
v 41.00000000 19.58321571 20.00000000
v 41.00000000 19.55752373 21.00000000
v 41.00000000 19.55237770 22.00000000
v 41.00000000 19.56432915 23.00000000
v 41.00000000 19.58514404 24.00000000
v 41.00000000 19.59999084 25.00000000
v 41.00000000 19.61758423 26.00000000
v 41.00000000 19.63525581 27.00000000
v 41.00000000 19.65021706 28.00000000
v 41.00000000 19.66883278 29.00000000
v 41.00000000 19.69024467 30.00000000
v 41.00000000 19.70446587 31.00000000
v 41.00000000 19.71376991 32.00000000
v 41.00000000 19.71252632 33.00000000
v 41.00000000 19.71450996 34.00000000
v 41.00000000 19.71917534 35.00000000
v 41.00000000 19.72280693 36.00000000
v 41.00000000 19.72561836 37.00000000
v 41.00000000 19.73681641 38.00000000
v 41.00000000 19.75135040 39.00000000
v 41.00000000 19.76573944 40.00000000
v 41.00000000 19.78043747 41.00000000
v 41.00000000 19.79230309 42.00000000
v 41.00000000 19.79091263 43.00000000
v 41.00000000 19.78138161 44.00000000
v 41.00000000 19.77198219 45.00000000
v 41.00000000 19.85269737 46.00000000
v 41.00000000 20.00000000 46.41936493
v 41.00000000 20.70051193 17.00000000
v 41.00000000 21.00000000 16.86036873
v 41.00000000 20.74041748 47.00000000
v 41.00000000 21.00000000 47.07457352
v 41.00000000 22.00000000 16.74683380
v 41.00000000 22.00000000 47.13119125
v 41.00000000 23.00000000 16.64913559
v 41.00000000 23.00000000 47.15238953
v 41.00000000 24.00000000 16.47412491
v 41.00000000 24.00000000 47.14653397
v 41.00000000 25.00000000 16.32178688
v 41.00000000 25.00000000 47.12677383
v 41.00000000 26.00000000 16.19823074
v 41.00000000 26.00000000 47.11216736
v 41.00000000 27.00000000 16.08458900
v 41.00000000 27.00000000 47.10307693
v 41.00000000 27.78671455 16.00000000
v 41.00000000 28.00000000 15.98016930
v 41.00000000 28.00000000 47.12042999
v 41.00000000 29.00000000 15.85255623
v 41.00000000 29.00000000 47.12530899
v 41.00000000 30.00000000 15.73971081
v 41.00000000 30.00000000 47.15366364
v 41.00000000 31.00000000 15.74042225
v 41.00000000 31.00000000 47.18941116
v 41.00000000 31.49782372 16.00000000
v 41.00000000 32.00000000 16.65605545
v 41.00000000 32.00000000 28.84768295
v 41.00000000 31.99675751 29.00000000
v 41.00000000 31.98248100 30.00000000
v 41.00000000 31.96182251 31.00000000
v 41.00000000 31.94363976 32.00000000
v 41.00000000 31.91681099 33.00000000
v 41.00000000 31.88637352 34.00000000
v 41.00000000 31.84334946 35.00000000
v 41.00000000 31.82178497 36.00000000
v 41.00000000 31.79831696 37.00000000
v 41.00000000 31.78901291 38.00000000
v 41.00000000 31.80873680 39.00000000
v 41.00000000 32.00000000 39.61724091
v 41.00000000 32.00000000 47.24652100
v 41.00000000 32.09928894 17.00000000
v 41.00000000 32.19016647 18.00000000
v 41.00000000 32.21450806 19.00000000
v 41.00000000 32.19832611 20.00000000
v 41.00000000 32.17765808 21.00000000
v 41.00000000 32.16112900 22.00000000
v 41.00000000 32.13897705 23.00000000
v 41.00000000 32.11650848 24.00000000
v 41.00000000 32.09169769 25.00000000
v 41.00000000 32.06391907 26.00000000
v 41.00000000 32.04087067 27.00000000
v 41.00000000 32.01327515 28.00000000
v 41.00000000 32.44915390 40.00000000
v 41.00000000 33.00000000 40.13520432
v 41.00000000 33.00000000 47.30642700
v 41.00000000 34.00000000 40.08414459
v 41.00000000 34.00000000 47.37732315
v 41.00000000 34.69366455 40.00000000
v 41.00000000 35.00000000 39.96145630
v 41.00000000 35.00000000 47.45008469
v 41.00000000 36.00000000 39.80180359
v 41.00000000 36.00000000 47.52317429
v 41.00000000 37.00000000 39.68626404
v 41.00000000 37.00000000 47.59850693
v 41.00000000 38.00000000 39.60482025
v 41.00000000 38.00000000 47.67192841
v 41.00000000 39.00000000 39.58251953
v 41.00000000 39.00000000 47.69812012
v 41.00000000 40.00000000 39.64167786
v 41.00000000 40.00000000 47.68795013
v 41.00000000 41.00000000 39.78544617
v 41.00000000 41.00000000 47.64732361
v 41.00000000 41.92394638 40.00000000
v 41.00000000 42.00000000 40.02113724
v 41.00000000 42.00000000 47.55674362
v 41.00000000 43.00000000 40.38534164
v 41.00000000 43.00000000 47.39556503
v 41.00000000 44.00000000 40.88686371
v 41.00000000 44.00000000 46.77278900
v 41.00000000 43.74994278 47.00000000
v 41.00000000 44.14260101 41.00000000
v 41.00000000 44.89268494 42.00000000
v 41.00000000 45.00000000 42.38626862
v 41.00000000 45.00000000 44.21800613
v 41.00000000 44.76959229 45.00000000
v 41.00000000 44.41551971 46.00000000
v 41.00000000 45.11862183 43.00000000
v 41.00000000 45.05280685 44.00000000
v 42.00000000 19.82962418 18.00000000
v 42.00000000 20.00000000 17.64576721
v 42.00000000 19.65532875 19.00000000
v 42.00000000 19.59212875 20.00000000
v 42.00000000 19.57037354 21.00000000
v 42.00000000 19.56806374 22.00000000
v 42.00000000 19.58208466 23.00000000
v 42.00000000 19.60370636 24.00000000
v 42.00000000 19.61858368 25.00000000
v 42.00000000 19.63662529 26.00000000
v 42.00000000 19.65517998 27.00000000
v 42.00000000 19.67031670 28.00000000
v 42.00000000 19.68806458 29.00000000
v 42.00000000 19.70916367 30.00000000
v 42.00000000 19.72074699 31.00000000
v 42.00000000 19.72673416 32.00000000
v 42.00000000 19.72431564 33.00000000
v 42.00000000 19.72330093 34.00000000
v 42.00000000 19.72741890 35.00000000
v 42.00000000 19.73152161 36.00000000
v 42.00000000 19.73581696 37.00000000
v 42.00000000 19.74884033 38.00000000
v 42.00000000 19.76122475 39.00000000
v 42.00000000 19.77590561 40.00000000
v 42.00000000 19.78980446 41.00000000
v 42.00000000 19.79834366 42.00000000
v 42.00000000 19.79489899 43.00000000
v 42.00000000 19.78544044 44.00000000
v 42.00000000 19.77456474 45.00000000
v 42.00000000 19.85235023 46.00000000
v 42.00000000 20.00000000 46.42523956
v 42.00000000 20.67488670 17.00000000
v 42.00000000 21.00000000 16.85074615
v 42.00000000 20.71674538 47.00000000
v 42.00000000 21.00000000 47.08222580
v 42.00000000 22.00000000 16.73886490
v 42.00000000 22.00000000 47.13506699
v 42.00000000 23.00000000 16.64207649
v 42.00000000 23.00000000 47.15494537
v 42.00000000 24.00000000 16.46626663
v 42.00000000 24.00000000 47.14895630
v 42.00000000 25.00000000 16.30999184
v 42.00000000 25.00000000 47.12731171
v 42.00000000 26.00000000 16.19054985
v 42.00000000 26.00000000 47.11038589
v 42.00000000 27.00000000 16.07934570
v 42.00000000 27.00000000 47.10382080
v 42.00000000 27.74050713 16.00000000
v 42.00000000 28.00000000 15.97579861
v 42.00000000 28.00000000 47.11791611
v 42.00000000 29.00000000 15.84957695
v 42.00000000 29.00000000 47.12802887
v 42.00000000 30.00000000 15.74110317
v 42.00000000 30.00000000 47.15799713
v 42.00000000 31.00000000 15.74146843
v 42.00000000 31.00000000 47.19089508
v 42.00000000 31.50287628 16.00000000
v 42.00000000 32.00000000 16.65053368
v 42.00000000 32.00000000 28.86222649
v 42.00000000 31.99724197 29.00000000
v 42.00000000 31.98501778 30.00000000
v 42.00000000 31.96368027 31.00000000
v 42.00000000 31.94845581 32.00000000
v 42.00000000 31.91921806 33.00000000
v 42.00000000 31.88696671 34.00000000
v 42.00000000 31.84405518 35.00000000
v 42.00000000 31.82198143 36.00000000
v 42.00000000 31.79543304 37.00000000
v 42.00000000 31.78385544 38.00000000
v 42.00000000 31.79078484 39.00000000
v 42.00000000 32.00000000 39.69255829
v 42.00000000 32.00000000 47.24904633
v 42.00000000 32.10070419 17.00000000
v 42.00000000 32.18791580 18.00000000
v 42.00000000 32.21382141 19.00000000
v 42.00000000 32.19736481 20.00000000
v 42.00000000 32.17947769 21.00000000
v 42.00000000 32.16050720 22.00000000
v 42.00000000 32.13938141 23.00000000
v 42.00000000 32.11709595 24.00000000
v 42.00000000 32.09307480 25.00000000
v 42.00000000 32.06377411 26.00000000
v 42.00000000 32.04016876 27.00000000
v 42.00000000 32.01287842 28.00000000
v 42.00000000 32.37522125 40.00000000
v 42.00000000 33.00000000 40.14450836
v 42.00000000 33.00000000 47.31146240
v 42.00000000 34.00000000 40.08981705
v 42.00000000 34.00000000 47.38172150
v 42.00000000 34.68963623 40.00000000
v 42.00000000 35.00000000 39.95686722
v 42.00000000 35.00000000 47.45793152
v 42.00000000 36.00000000 39.79462814
v 42.00000000 36.00000000 47.53404617
v 42.00000000 37.00000000 39.68213654
v 42.00000000 37.00000000 47.61324692
v 42.00000000 38.00000000 39.60001373
v 42.00000000 38.00000000 47.68799973
v 42.00000000 39.00000000 39.57601929
v 42.00000000 39.00000000 47.71255875
v 42.00000000 40.00000000 39.63612366
v 42.00000000 40.00000000 47.69972229
v 42.00000000 41.00000000 39.77751923
v 42.00000000 41.00000000 47.65763855
v 42.00000000 41.97038651 40.00000000
v 42.00000000 42.00000000 40.00814438
v 42.00000000 42.00000000 47.56484985
v 42.00000000 43.00000000 40.38299179
v 42.00000000 43.00000000 47.39895630
v 42.00000000 44.00000000 40.89612198
v 42.00000000 44.00000000 46.75597763
v 42.00000000 43.73628998 47.00000000
v 42.00000000 44.12965012 41.00000000
v 42.00000000 44.87628174 42.00000000
v 42.00000000 45.00000000 42.45096970
v 42.00000000 45.00000000 44.14570618
v 42.00000000 44.75398636 45.00000000
v 42.00000000 44.40497589 46.00000000
v 42.00000000 45.10495377 43.00000000
v 42.00000000 45.03472137 44.00000000
v 43.00000000 19.82324219 18.00000000
v 43.00000000 20.00000000 17.62385178
v 43.00000000 19.65451050 19.00000000
v 43.00000000 19.59714890 20.00000000
v 43.00000000 19.57945633 21.00000000
v 43.00000000 19.58218575 22.00000000
v 43.00000000 19.59915543 23.00000000
v 43.00000000 19.62200737 24.00000000
v 43.00000000 19.63826561 25.00000000
v 43.00000000 19.65460205 26.00000000
v 43.00000000 19.67314911 27.00000000
v 43.00000000 19.69022179 28.00000000
v 43.00000000 19.70822334 29.00000000
v 43.00000000 19.72751427 30.00000000
v 43.00000000 19.73743248 31.00000000
v 43.00000000 19.74291039 32.00000000
v 43.00000000 19.73878479 33.00000000
v 43.00000000 19.73525620 34.00000000
v 43.00000000 19.73827934 35.00000000
v 43.00000000 19.74154472 36.00000000
v 43.00000000 19.74553871 37.00000000
v 43.00000000 19.75761414 38.00000000
v 43.00000000 19.77175522 39.00000000
v 43.00000000 19.78663063 40.00000000
v 43.00000000 19.79888153 41.00000000
v 43.00000000 19.80198097 42.00000000
v 43.00000000 19.79874039 43.00000000
v 43.00000000 19.78942680 44.00000000
v 43.00000000 19.77766037 45.00000000
v 43.00000000 19.85208130 46.00000000
v 43.00000000 20.00000000 46.43108368
v 43.00000000 20.64125252 17.00000000
v 43.00000000 21.00000000 16.83599472
v 43.00000000 20.69382095 47.00000000
v 43.00000000 21.00000000 47.09006882
v 43.00000000 22.00000000 16.72677994
v 43.00000000 22.00000000 47.13775635
v 43.00000000 23.00000000 16.63496590
v 43.00000000 23.00000000 47.15719604
v 43.00000000 24.00000000 16.46121979
v 43.00000000 24.00000000 47.15172958
v 43.00000000 25.00000000 16.30178833
v 43.00000000 25.00000000 47.12777710
v 43.00000000 26.00000000 16.18562698
v 43.00000000 26.00000000 47.10978317
v 43.00000000 27.00000000 16.07452965
v 43.00000000 27.00000000 47.10414124
v 43.00000000 27.68840408 16.00000000
v 43.00000000 28.00000000 15.97062111
v 43.00000000 28.00000000 47.11505127
v 43.00000000 29.00000000 15.84953022
v 43.00000000 29.00000000 47.13206100
v 43.00000000 30.00000000 15.74621582
v 43.00000000 30.00000000 47.16114426
v 43.00000000 31.00000000 15.74337578
v 43.00000000 31.00000000 47.19367599
v 43.00000000 31.50885391 16.00000000
v 43.00000000 32.00000000 16.63765717
v 43.00000000 32.00000000 28.80142784
v 43.00000000 31.99621391 29.00000000
v 43.00000000 31.98535728 30.00000000
v 43.00000000 31.96578407 31.00000000
v 43.00000000 31.95353699 32.00000000
v 43.00000000 31.92223930 33.00000000
v 43.00000000 31.88820267 34.00000000
v 43.00000000 31.84424019 35.00000000
v 43.00000000 31.82024002 36.00000000
v 43.00000000 31.79165459 37.00000000
v 43.00000000 31.77573967 38.00000000
v 43.00000000 31.77604675 39.00000000
v 43.00000000 32.00000000 39.76276779
v 43.00000000 32.00000000 47.25238037
v 43.00000000 32.10504913 17.00000000
v 43.00000000 32.18577576 18.00000000
v 43.00000000 32.21142197 19.00000000
v 43.00000000 32.19443130 20.00000000
v 43.00000000 32.18041611 21.00000000
v 43.00000000 32.15996170 22.00000000
v 43.00000000 32.14142609 23.00000000
v 43.00000000 32.11814880 24.00000000
v 43.00000000 32.09592056 25.00000000
v 43.00000000 32.06240082 26.00000000
v 43.00000000 32.03881454 27.00000000
v 43.00000000 32.01156998 28.00000000
v 43.00000000 32.30403519 40.00000000
v 43.00000000 33.00000000 40.14865112
v 43.00000000 33.00000000 47.31695938
v 43.00000000 34.00000000 40.08417511
v 43.00000000 34.00000000 47.39202499
v 43.00000000 34.62847519 40.00000000
v 43.00000000 35.00000000 39.94477463
v 43.00000000 35.00000000 47.46773148
v 43.00000000 36.00000000 39.78287888
v 43.00000000 36.00000000 47.54781342
v 43.00000000 37.00000000 39.67416382
v 43.00000000 37.00000000 47.62644958
v 43.00000000 38.00000000 39.58700180
v 43.00000000 38.00000000 47.70141220
v 43.00000000 39.00000000 39.55927277
v 43.00000000 39.00000000 47.72593689
v 43.00000000 40.00000000 39.62223816
v 43.00000000 40.00000000 47.71001816
v 43.00000000 41.00000000 39.76101685
v 43.00000000 41.00000000 47.66639709
v 42.57755661 42.00000000 40.00000000
v 43.00000000 42.00000000 39.99458694
v 43.00000000 42.00000000 47.57085419
v 43.00000000 42.01596069 40.00000000
v 43.00000000 43.00000000 40.38229370
v 43.00000000 43.00000000 47.39797211
v 43.00000000 44.00000000 40.90869904
v 43.00000000 44.00000000 46.73050308
v 43.00000000 43.71477890 47.00000000
v 43.00000000 44.11232376 41.00000000
v 43.00000000 44.84784317 42.00000000
v 43.00000000 45.00000000 42.56095123
v 43.00000000 45.00000000 44.04476547
v 43.00000000 44.73370361 45.00000000
v 43.00000000 44.38950348 46.00000000
v 43.00000000 45.08452606 43.00000000
v 43.00000000 45.01048279 44.00000000
v 44.00000000 19.81788635 18.00000000
v 44.00000000 20.00000000 17.60291100
v 44.00000000 19.65438461 19.00000000
v 44.00000000 19.60315514 20.00000000
v 44.00000000 19.58683777 21.00000000
v 44.00000000 19.59237099 22.00000000
v 44.00000000 19.61107063 23.00000000
v 44.00000000 19.63672256 24.00000000
v 44.00000000 19.65617943 25.00000000
v 44.00000000 19.67122841 26.00000000
v 44.00000000 19.68963814 27.00000000
v 44.00000000 19.70897865 28.00000000
v 44.00000000 19.72755051 29.00000000
v 44.00000000 19.74617004 30.00000000
v 44.00000000 19.75619888 31.00000000
v 44.00000000 19.75983238 32.00000000
v 44.00000000 19.75513458 33.00000000
v 44.00000000 19.74763680 34.00000000
v 44.00000000 19.75176430 35.00000000
v 44.00000000 19.75494957 36.00000000
v 44.00000000 19.75767517 37.00000000
v 44.00000000 19.76854324 38.00000000
v 44.00000000 19.78377342 39.00000000
v 44.00000000 19.79697418 40.00000000
v 44.00000000 19.80405235 41.00000000
v 44.00000000 19.80619049 42.00000000
v 44.00000000 19.80132675 43.00000000
v 44.00000000 19.79272270 44.00000000
v 44.00000000 19.78059196 45.00000000
v 44.00000000 19.85149765 46.00000000
v 44.00000000 20.00000000 46.44396973
v 44.00000000 20.60649300 17.00000000
v 44.00000000 21.00000000 16.82011986
v 44.00000000 20.66369247 47.00000000
v 44.00000000 21.00000000 47.09860992
v 44.00000000 22.00000000 16.70723915
v 44.00000000 22.00000000 47.14049149
v 44.00000000 23.00000000 16.61928940
v 44.00000000 23.00000000 47.15927887
v 44.00000000 24.00000000 16.45648956
v 44.00000000 24.00000000 47.15454865
v 44.00000000 25.00000000 16.29695320
v 44.00000000 25.00000000 47.12758255
v 44.00000000 26.00000000 16.18354988
v 44.00000000 26.00000000 47.10850525
v 44.00000000 27.00000000 16.07126427
v 44.00000000 27.00000000 47.10446167
v 44.00000000 27.66633415 16.00000000
v 44.00000000 28.00000000 15.96895123
v 44.00000000 28.00000000 47.11606216
v 44.00000000 29.00000000 15.84962177
v 44.00000000 29.00000000 47.13592911
v 44.00000000 30.00000000 15.75256824
v 44.00000000 30.00000000 47.16447449
v 44.00000000 31.00000000 15.74582767
v 44.00000000 31.00000000 47.19689560
v 44.00000000 31.50674438 16.00000000
v 44.00000000 32.00000000 16.63287544
v 44.00000000 32.00000000 28.77816010
v 44.00000000 31.99541855 29.00000000
v 44.00000000 31.98479843 30.00000000
v 44.00000000 31.96873093 31.00000000
v 44.00000000 31.95538139 32.00000000
v 44.00000000 31.92477989 33.00000000
v 44.00000000 31.89242363 34.00000000
v 44.00000000 31.84406853 35.00000000
v 44.00000000 31.81799316 36.00000000
v 44.00000000 31.78861237 37.00000000
v 44.00000000 31.76646233 38.00000000
v 44.00000000 31.76313019 39.00000000
v 44.00000000 32.00000000 39.81955719
v 44.00000000 32.00000000 47.25424576
v 44.00000000 32.11014175 17.00000000
v 44.00000000 32.18866730 18.00000000
v 44.00000000 32.21371078 19.00000000
v 44.00000000 32.19699478 20.00000000
v 44.00000000 32.18219376 21.00000000
v 44.00000000 32.15966415 22.00000000
v 44.00000000 32.14139175 23.00000000
v 44.00000000 32.11885452 24.00000000
v 44.00000000 32.09697342 25.00000000
v 44.00000000 32.06534576 26.00000000
v 44.00000000 32.03994751 27.00000000
v 44.00000000 32.01243210 28.00000000
v 44.00000000 32.24914551 40.00000000
v 44.00000000 33.00000000 40.14573288
v 44.00000000 33.00000000 47.32528305
v 44.00000000 34.00000000 40.07624817
v 44.00000000 34.00000000 47.40133667
v 44.00000000 34.54907608 40.00000000
v 44.00000000 35.00000000 39.92786407
v 44.00000000 35.00000000 47.47531891
v 44.00000000 36.00000000 39.75914383
v 44.00000000 36.00000000 47.55782318
v 44.00000000 37.00000000 39.64370728
v 44.00000000 37.00000000 47.63815689
v 44.00000000 38.00000000 39.54944229
v 44.00000000 38.00000000 47.71546936
v 44.00000000 39.00000000 39.53017807
v 44.00000000 39.00000000 47.73881149
v 44.00000000 40.00000000 39.60257339
v 44.00000000 40.00000000 47.72024918
v 44.00000000 41.00000000 39.74372864
v 44.00000000 41.00000000 47.67200851
v 44.00000000 42.00000000 39.99148178
v 44.00000000 42.00000000 47.57346344
v 44.00000000 42.02455521 40.00000000
v 44.00000000 43.00000000 40.38796616
v 44.00000000 43.00000000 47.39625549
v 44.00000000 44.00000000 40.92836761
v 44.00000000 44.00000000 46.70151520
v 44.00000000 43.69009018 47.00000000
v 44.00000000 44.08725357 41.00000000
v 44.00000000 44.82066727 42.00000000
v 44.00000000 45.00000000 42.66371918
v 43.42412949 45.00000000 44.00000000
v 44.00000000 45.00000000 43.82888031
v 44.00000000 44.98317719 44.00000000
v 44.00000000 44.71364594 45.00000000
v 44.00000000 44.37409210 46.00000000
v 44.00000000 45.06500244 43.00000000
v 45.00000000 19.81218910 18.00000000
v 45.00000000 20.00000000 17.58158684
v 45.00000000 19.65586090 19.00000000
v 45.00000000 19.60927773 20.00000000
v 45.00000000 19.59607315 21.00000000
v 45.00000000 19.60110855 22.00000000
v 45.00000000 19.62237167 23.00000000
v 45.00000000 19.64737701 24.00000000
v 45.00000000 19.66692352 25.00000000
v 45.00000000 19.68479156 26.00000000
v 45.00000000 19.70294189 27.00000000
v 45.00000000 19.72459984 28.00000000
v 45.00000000 19.74334145 29.00000000
v 45.00000000 19.76419830 30.00000000
v 45.00000000 19.77548790 31.00000000
v 45.00000000 19.77865219 32.00000000
v 45.00000000 19.77188301 33.00000000
v 45.00000000 19.76241302 34.00000000
v 45.00000000 19.76620102 35.00000000
v 45.00000000 19.76968765 36.00000000
v 45.00000000 19.77018929 37.00000000
v 45.00000000 19.78156090 38.00000000
v 45.00000000 19.79580307 39.00000000
v 45.00000000 19.80747795 40.00000000
v 45.00000000 19.81025887 41.00000000
v 45.00000000 19.81072044 42.00000000
v 45.00000000 19.80451393 43.00000000
v 45.00000000 19.79592133 44.00000000
v 45.00000000 19.78315163 45.00000000
v 45.00000000 19.85325432 46.00000000
v 45.00000000 20.00000000 46.44813538
v 45.00000000 20.57359886 17.00000000
v 45.00000000 21.00000000 16.80471230
v 45.00000000 20.63461685 47.00000000
v 45.00000000 21.00000000 47.10824585
v 45.00000000 22.00000000 16.68875694
v 45.00000000 22.00000000 47.14350891
v 45.00000000 23.00000000 16.60304451
v 45.00000000 23.00000000 47.16117859
v 45.00000000 24.00000000 16.44389725
v 45.00000000 24.00000000 47.15780258
v 45.00000000 25.00000000 16.29599953
v 45.00000000 25.00000000 47.12699509
v 45.00000000 26.00000000 16.18776512
v 45.00000000 26.00000000 47.10634613
v 45.00000000 27.00000000 16.07196426
v 45.00000000 27.00000000 47.10415268
v 45.00000000 27.68552589 16.00000000
v 45.00000000 28.00000000 15.97154999
v 45.00000000 28.00000000 47.12194824
v 45.00000000 29.00000000 15.85419178
v 45.00000000 29.00000000 47.14096832
v 45.00000000 30.00000000 15.75979614
v 45.00000000 30.00000000 47.16768265
v 45.00000000 31.00000000 15.75783920
v 45.00000000 31.00000000 47.19931030
v 45.00000000 31.50585938 16.00000000
v 45.00000000 32.00000000 16.62491989
v 44.85300064 32.00000000 29.00000000
v 45.00000000 32.00000000 29.07733727
v 45.00000000 31.99078941 30.00000000
v 45.00000000 31.97641945 31.00000000
v 45.00000000 31.96178818 32.00000000
v 45.00000000 31.93197632 33.00000000
v 45.00000000 31.89899445 34.00000000
v 45.00000000 31.85111237 35.00000000
v 45.00000000 31.82405663 36.00000000
v 45.00000000 31.79062080 37.00000000
v 45.00000000 31.76493835 38.00000000
v 45.00000000 31.75682449 39.00000000
v 45.00000000 32.00000000 39.87419128
v 45.00000000 32.00000000 47.25568008
v 45.00000000 32.11600494 17.00000000
v 45.00000000 32.19595337 18.00000000
v 45.00000000 32.22273636 19.00000000
v 45.00000000 32.20535660 20.00000000
v 45.00000000 32.19028091 21.00000000
v 45.00000000 32.17173767 22.00000000
v 45.00000000 32.15117264 23.00000000
v 45.00000000 32.13054276 24.00000000
v 45.00000000 32.10580444 25.00000000
v 45.00000000 32.07308960 26.00000000
v 45.00000000 32.04532623 27.00000000
v 45.00000000 32.01813889 28.00000000
v 45.00000000 32.00061798 29.00000000
v 45.00000000 32.19238663 40.00000000
v 45.00000000 33.00000000 40.13754654
v 45.00000000 33.00000000 47.33298492
v 45.00000000 34.00000000 40.05579758
v 45.00000000 34.00000000 47.40900803
v 45.00000000 34.40175247 40.00000000
v 45.00000000 35.00000000 39.89852142
v 45.00000000 35.00000000 47.48350525
v 45.00000000 36.00000000 39.72341919
v 45.00000000 36.00000000 47.56956100
v 45.00000000 37.00000000 39.60582352
v 45.00000000 37.00000000 47.65006256
v 45.00000000 38.00000000 39.51387787
v 45.00000000 38.00000000 47.72792053
v 45.00000000 39.00000000 39.50331116
v 45.00000000 39.00000000 47.74732208
v 45.00000000 40.00000000 39.58086395
v 45.00000000 40.00000000 47.72739410
v 45.00000000 41.00000000 39.72739029
v 45.00000000 41.00000000 47.67701721
v 45.00000000 42.00000000 39.98647690
v 45.00000000 42.00000000 47.57627487
v 45.00000000 42.03771210 40.00000000
v 45.00000000 43.00000000 40.39447021
v 45.00000000 43.00000000 47.39406204
v 45.00000000 44.00000000 40.95263672
v 45.00000000 44.00000000 46.67100143
v 45.00000000 43.66529846 47.00000000
v 45.00000000 44.05693436 41.00000000
v 45.00000000 44.79176331 42.00000000
v 45.00000000 45.00000000 42.77505875
v 45.00000000 45.00000000 43.54007339
v 45.00000000 44.95385742 44.00000000
v 45.00000000 44.69317245 45.00000000
v 45.00000000 44.35823059 46.00000000
v 45.00000000 45.04364014 43.00000000
v 46.00000000 19.80748367 18.00000000
v 46.00000000 20.00000000 17.56142807
v 46.00000000 19.65901375 19.00000000
v 46.00000000 19.61620903 20.00000000
v 46.00000000 19.60820198 21.00000000
v 46.00000000 19.61230278 22.00000000
v 46.00000000 19.63386726 23.00000000
v 46.00000000 19.65755081 24.00000000
v 46.00000000 19.67712593 25.00000000
v 46.00000000 19.69624329 26.00000000
v 46.00000000 19.71717644 27.00000000
v 46.00000000 19.73733139 28.00000000
v 46.00000000 19.75854492 29.00000000
v 46.00000000 19.78001022 30.00000000
v 46.00000000 19.79110909 31.00000000
v 46.00000000 19.79499817 32.00000000
v 46.00000000 19.78822136 33.00000000
v 46.00000000 19.77917099 34.00000000
v 46.00000000 19.78167152 35.00000000
v 46.00000000 19.78389549 36.00000000
v 46.00000000 19.78480339 37.00000000
v 46.00000000 19.79435158 38.00000000
v 46.00000000 19.80808258 39.00000000
v 46.00000000 19.81616592 40.00000000
v 46.00000000 19.81762695 41.00000000
v 46.00000000 19.81598854 42.00000000
v 46.00000000 19.81001282 43.00000000
v 46.00000000 19.80250168 44.00000000
v 46.00000000 19.78781128 45.00000000
v 46.00000000 19.85581970 46.00000000
v 46.00000000 20.00000000 46.45013046
v 46.00000000 20.54057121 17.00000000
v 46.00000000 21.00000000 16.78884506
v 46.00000000 20.61281395 47.00000000
v 46.00000000 21.00000000 47.11556625
v 46.00000000 22.00000000 16.67078209
v 46.00000000 22.00000000 47.14449310
v 46.00000000 23.00000000 16.58557320
v 46.00000000 23.00000000 47.16226196
v 46.00000000 24.00000000 16.43431664
v 46.00000000 24.00000000 47.15932083
v 46.00000000 25.00000000 16.29039764
v 46.00000000 25.00000000 47.12627792
v 46.00000000 26.00000000 16.18654060
v 46.00000000 26.00000000 47.10400391
v 46.00000000 27.00000000 16.07846451
v 46.00000000 27.00000000 47.10503387
v 46.00000000 27.76857758 16.00000000
v 46.00000000 28.00000000 15.97973728
v 46.00000000 28.00000000 47.12683487
v 46.00000000 29.00000000 15.87332058
v 46.00000000 29.00000000 47.14323425
v 46.00000000 30.00000000 15.78333187
v 46.00000000 30.00000000 47.17081451
v 46.00000000 31.00000000 15.78298187
v 46.00000000 31.00000000 47.20103455
v 46.00000000 31.46436310 16.00000000
v 46.00000000 32.00000000 16.63840866
v 45.39720154 32.00000000 30.00000000
v 46.00000000 32.00000000 30.78765869
v 46.00000000 31.99626541 31.00000000
v 46.00000000 31.98636436 32.00000000
v 46.00000000 31.95479774 33.00000000
v 46.00000000 31.91544724 34.00000000
v 46.00000000 31.86438942 35.00000000
v 46.00000000 31.83170128 36.00000000
v 46.00000000 31.79722023 37.00000000
v 46.00000000 31.76902771 38.00000000
v 46.00000000 31.76093674 39.00000000
v 46.00000000 32.00000000 39.91370392
v 46.00000000 32.00000000 47.26128006
v 46.00000000 32.12006378 17.00000000
v 46.00000000 32.23304367 18.00000000
v 46.00000000 32.25532150 19.00000000
v 46.00000000 32.22912216 20.00000000
v 46.00000000 32.20891190 21.00000000
v 46.00000000 32.18723297 22.00000000
v 46.00000000 32.16418839 23.00000000
v 46.00000000 32.14331055 24.00000000
v 46.00000000 32.12720490 25.00000000
v 46.00000000 32.10008621 26.00000000
v 46.00000000 32.07175064 27.00000000
v 46.00000000 32.04148483 28.00000000
v 46.00000000 32.01800919 29.00000000
v 46.00000000 32.01185608 30.00000000
v 46.00000000 32.14358521 40.00000000
v 46.00000000 33.00000000 40.12733459
v 46.00000000 33.00000000 47.34059143
v 46.00000000 34.00000000 40.03538513
v 46.00000000 34.00000000 47.41702652
v 46.00000000 34.25080490 40.00000000
v 46.00000000 35.00000000 39.86324310
v 46.00000000 35.00000000 47.49491882
v 46.00000000 36.00000000 39.68083191
v 46.00000000 36.00000000 47.58143997
v 46.00000000 37.00000000 39.56762314
v 46.00000000 37.00000000 47.65948868
v 46.00000000 38.00000000 39.48280716
v 46.00000000 38.00000000 47.73495483
v 46.00000000 39.00000000 39.48217773
v 46.00000000 39.00000000 47.75255585
v 46.00000000 40.00000000 39.56254196
v 46.00000000 40.00000000 47.73265839
v 46.00000000 41.00000000 39.71744537
v 46.00000000 41.00000000 47.67964935
v 46.00000000 42.00000000 39.98494339
v 46.00000000 42.00000000 47.57765961
v 46.00000000 42.04048157 40.00000000
v 46.00000000 43.00000000 40.40375900
v 46.00000000 43.00000000 47.38811874
v 46.00000000 44.00000000 40.98033524
v 46.00000000 44.00000000 46.62683868
v 46.00000000 43.62933350 47.00000000
v 46.00000000 44.02331543 41.00000000
v 46.00000000 44.75520706 42.00000000
v 46.00000000 45.00000000 42.94001007
v 46.00000000 45.00000000 43.13551331
v 46.00000000 44.91050720 44.00000000
v 46.00000000 44.66813278 45.00000000
v 46.00000000 44.33707809 46.00000000
v 46.00000000 45.01144028 43.00000000
v 47.00000000 19.79581833 18.00000000
v 47.00000000 20.00000000 17.52710342
v 47.00000000 19.65646362 19.00000000
v 47.00000000 19.61882973 20.00000000
v 47.00000000 19.61528587 21.00000000
v 47.00000000 19.62237167 22.00000000
v 47.00000000 19.64588547 23.00000000
v 47.00000000 19.66859818 24.00000000
v 47.00000000 19.68590546 25.00000000
v 47.00000000 19.70639229 26.00000000
v 47.00000000 19.72896767 27.00000000
v 47.00000000 19.75328255 28.00000000
v 47.00000000 19.77813911 29.00000000
v 47.00000000 19.79691696 30.00000000
v 47.00000000 19.81019592 31.00000000
v 47.00000000 19.81193352 32.00000000
v 47.00000000 19.80545807 33.00000000
v 47.00000000 19.79617882 34.00000000
v 47.00000000 19.79751205 35.00000000
v 47.00000000 19.79916763 36.00000000
v 47.00000000 19.79901123 37.00000000
v 47.00000000 19.80808640 38.00000000
v 47.00000000 19.81661034 39.00000000
v 47.00000000 19.82368469 40.00000000
v 47.00000000 19.82613564 41.00000000
v 47.00000000 19.82325935 42.00000000
v 47.00000000 19.81654930 43.00000000
v 47.00000000 19.80800438 44.00000000
v 47.00000000 19.79216194 45.00000000
v 47.00000000 19.85751915 46.00000000
v 47.00000000 20.00000000 46.45623779
v 47.00000000 20.49896049 17.00000000
v 47.00000000 21.00000000 16.77194977
v 47.00000000 20.58591461 47.00000000
v 47.00000000 21.00000000 47.12479401
v 47.00000000 22.00000000 16.65975571
v 47.00000000 22.00000000 47.14865875
v 47.00000000 23.00000000 16.57482529
v 47.00000000 23.00000000 47.15900421
v 47.00000000 24.00000000 16.43552208
v 47.00000000 24.00000000 47.15692139
v 47.00000000 25.00000000 16.29854012
v 47.00000000 25.00000000 47.12386322
v 47.00000000 26.00000000 16.19704247
v 47.00000000 26.00000000 47.10021591
v 47.00000000 27.00000000 16.08741570
v 47.00000000 27.00000000 47.10754013
v 47.00000000 27.91368675 16.00000000
v 47.00000000 28.00000000 15.99298382
v 47.00000000 28.00000000 47.13040161
v 47.00000000 29.00000000 15.90038109
v 47.00000000 29.00000000 47.14448929
v 47.00000000 30.00000000 15.81642723
v 47.00000000 30.00000000 47.17366028
v 47.00000000 31.00000000 15.80867767
v 47.00000000 31.00000000 47.20707703
v 47.00000000 31.40741348 16.00000000
v 47.00000000 32.00000000 16.66484070
v 46.11322021 32.00000000 31.00000000
v 46.48596954 32.00000000 32.00000000
v 47.00000000 32.00000000 32.50374222
v 47.00000000 31.98580933 33.00000000
v 47.00000000 31.94449234 34.00000000
v 47.00000000 31.89144707 35.00000000
v 47.00000000 31.85626793 36.00000000
v 47.00000000 31.81561089 37.00000000
v 47.00000000 31.78781319 38.00000000
v 47.00000000 31.77317429 39.00000000
v 47.00000000 32.00000000 39.90217209
v 47.00000000 32.00000000 47.26912308
v 47.00000000 32.13084030 17.00000000
v 47.00000000 32.22557831 18.00000000
v 47.00000000 32.26474380 19.00000000
v 47.00000000 32.25307465 20.00000000
v 47.00000000 32.25035477 21.00000000
v 47.00000000 32.23368454 22.00000000
v 47.00000000 32.21459198 23.00000000
v 47.00000000 32.19123077 24.00000000
v 47.00000000 32.16358566 25.00000000
v 47.00000000 32.13320160 26.00000000
v 47.00000000 32.10847473 27.00000000
v 47.00000000 32.07607651 28.00000000
v 47.00000000 32.05020142 29.00000000
v 47.00000000 32.03855896 30.00000000
v 47.00000000 32.02697372 31.00000000
v 47.00000000 32.01310730 32.00000000
v 47.00000000 32.16715240 40.00000000
v 47.00000000 33.00000000 40.11672211
v 47.00000000 33.00000000 47.34750366
v 47.00000000 34.00000000 40.00985718
v 47.00000000 34.00000000 47.42518997
v 47.00000000 34.06615067 40.00000000
v 47.00000000 35.00000000 39.80371094
v 47.00000000 35.00000000 47.50589371
v 47.00000000 36.00000000 39.62335587
v 47.00000000 36.00000000 47.58982086
v 47.00000000 37.00000000 39.51251221
v 47.00000000 37.00000000 47.66633224
v 47.00000000 38.00000000 39.43890762
v 47.00000000 38.00000000 47.74029541
v 47.00000000 39.00000000 39.45060349
v 47.00000000 39.00000000 47.75374222
v 47.00000000 40.00000000 39.53902054
v 47.00000000 40.00000000 47.73320007
v 47.00000000 41.00000000 39.69586182
v 47.00000000 41.00000000 47.67656326
v 47.00000000 42.00000000 39.98133850
v 47.00000000 42.00000000 47.57234573
v 47.00000000 42.04827499 40.00000000
v 47.00000000 43.00000000 40.40430450
v 47.00000000 43.00000000 47.36862564
v 47.00000000 44.00000000 40.99819565
v 47.00000000 44.00000000 46.56405258
v 47.00000000 43.57563400 47.00000000
v 47.00000000 44.00209045 41.00000000
v 47.00000000 44.71349716 42.00000000
v 47.00000000 44.96096039 43.00000000
v 46.27210617 45.00000000 43.00000000
v 47.00000000 44.85227585 44.00000000
v 47.00000000 44.63189316 45.00000000
v 47.00000000 44.30473709 46.00000000
v 48.00000000 19.77868843 18.00000000
v 48.00000000 20.00000000 17.48685265
v 48.00000000 19.64815521 19.00000000
v 48.00000000 19.61258888 20.00000000
v 48.00000000 19.60853958 21.00000000
v 48.00000000 19.61640930 22.00000000
v 48.00000000 19.64068604 23.00000000
v 48.00000000 19.66582298 24.00000000
v 48.00000000 19.68590164 25.00000000
v 48.00000000 19.70668411 26.00000000
v 48.00000000 19.73192215 27.00000000
v 48.00000000 19.76052094 28.00000000
v 48.00000000 19.79017639 29.00000000
v 48.00000000 19.80956078 30.00000000
v 48.00000000 19.82318497 31.00000000
v 48.00000000 19.82663918 32.00000000
v 48.00000000 19.82079124 33.00000000
v 48.00000000 19.81167793 34.00000000
v 48.00000000 19.81132126 35.00000000
v 48.00000000 19.81264687 36.00000000
v 48.00000000 19.81187057 37.00000000
v 48.00000000 19.81608582 38.00000000
v 48.00000000 19.82045937 39.00000000
v 48.00000000 19.82782745 40.00000000
v 48.00000000 19.83179283 41.00000000
v 48.00000000 19.82954216 42.00000000
v 48.00000000 19.82301903 43.00000000
v 48.00000000 19.81116295 44.00000000
v 48.00000000 19.79547310 45.00000000
v 48.00000000 19.85688400 46.00000000
v 48.00000000 20.00000000 46.47230148
v 48.00000000 20.45541573 17.00000000
v 48.00000000 21.00000000 16.75291061
v 48.00000000 20.55139351 47.00000000
v 48.00000000 21.00000000 47.13605881
v 48.00000000 22.00000000 16.64920807
v 48.00000000 22.00000000 47.15826035
v 48.00000000 23.00000000 16.56569481
v 48.00000000 23.00000000 47.16478348
v 48.00000000 24.00000000 16.44064522
v 48.00000000 24.00000000 47.15626144
v 48.00000000 25.00000000 16.30721855
v 48.00000000 25.00000000 47.12462997
v 48.00000000 26.00000000 16.20762634
v 48.00000000 26.00000000 47.10133362
v 48.00000000 27.00000000 16.09289551
v 48.00000000 27.00000000 47.11187744
v 48.00000000 27.95457840 16.00000000
v 48.00000000 28.00000000 15.99628448
v 48.00000000 28.00000000 47.13541794
v 48.00000000 29.00000000 15.91679859
v 48.00000000 29.00000000 47.14745331
v 48.00000000 30.00000000 15.84599972
v 48.00000000 30.00000000 47.17908096
v 48.00000000 31.00000000 15.81814957
v 48.00000000 31.00000000 47.21927643
v 48.00000000 31.38163376 16.00000000
v 48.00000000 32.00000000 16.63157845
v 47.34501648 32.00000000 33.00000000
v 48.00000000 32.00000000 33.54034424
v 48.00000000 31.97719765 34.00000000
v 48.00000000 31.91855240 35.00000000
v 48.00000000 31.88632584 36.00000000
v 48.00000000 31.84716988 37.00000000
v 48.00000000 31.81518936 38.00000000
v 48.00000000 31.80728340 39.00000000
v 48.00000000 32.00000000 39.80217743
v 48.00000000 32.00000000 47.27997971
v 48.00000000 32.20371246 17.00000000
v 48.00000000 32.32913971 18.00000000
v 48.00000000 32.37539673 19.00000000
v 48.00000000 32.34779739 20.00000000
v 48.00000000 32.32103729 21.00000000
v 48.00000000 32.29407501 22.00000000
v 48.00000000 32.27773285 23.00000000
v 48.00000000 32.25538254 24.00000000
v 48.00000000 32.22827911 25.00000000
v 48.00000000 32.19822311 26.00000000
v 48.00000000 32.17615128 27.00000000
v 48.00000000 32.14613724 28.00000000
v 48.00000000 32.13290405 29.00000000
v 48.00000000 32.11737823 30.00000000
v 48.00000000 32.09717941 31.00000000
v 48.00000000 32.07550430 32.00000000
v 48.00000000 32.03033066 33.00000000
v 48.00000000 32.31452179 40.00000000
v 48.00000000 33.00000000 40.09720612
v 48.00000000 33.00000000 47.35469818
v 47.33227158 34.00000000 40.00000000
v 48.00000000 33.82080078 40.00000000
v 48.00000000 34.00000000 39.96812439
v 48.00000000 34.00000000 47.42987823
v 48.00000000 35.00000000 39.74173355
v 48.00000000 35.00000000 47.51503754
v 48.00000000 36.00000000 39.55409622
v 48.00000000 36.00000000 47.59755707
v 48.00000000 37.00000000 39.43842316
v 48.00000000 37.00000000 47.67185974
v 48.00000000 38.00000000 39.36328888
v 48.00000000 38.00000000 47.74172592
v 48.00000000 39.00000000 39.39229965
v 48.00000000 39.00000000 47.75007629
v 48.00000000 40.00000000 39.47879410
v 48.00000000 40.00000000 47.72463608
v 48.00000000 41.00000000 39.62869263
v 48.00000000 41.00000000 47.66868591
v 48.00000000 42.00000000 39.92638397
v 48.00000000 42.00000000 47.56077957
v 48.00000000 42.18143082 40.00000000
v 48.00000000 43.00000000 40.35462570
v 48.00000000 43.00000000 47.33672333
v 48.00000000 44.00000000 40.98215485
v 48.00000000 44.00000000 46.47645187
v 48.00000000 43.50370789 47.00000000
v 48.00000000 44.01981354 41.00000000
v 48.00000000 44.68565369 42.00000000
v 48.00000000 44.89268112 43.00000000
v 48.00000000 44.78641891 44.00000000
v 48.00000000 44.58370590 45.00000000
v 48.00000000 44.25640869 46.00000000
v 49.00000000 19.76236725 18.00000000
v 49.00000000 20.00000000 17.44387245
v 49.00000000 19.63709259 19.00000000
v 49.00000000 19.60633659 20.00000000
v 49.00000000 19.60153580 21.00000000
v 49.00000000 19.60524178 22.00000000
v 49.00000000 19.62941742 23.00000000
v 49.00000000 19.65461349 24.00000000
v 49.00000000 19.67626762 25.00000000
v 49.00000000 19.69869995 26.00000000
v 49.00000000 19.72380257 27.00000000
v 49.00000000 19.75047874 28.00000000
v 49.00000000 19.77947235 29.00000000
v 49.00000000 19.80593681 30.00000000
v 49.00000000 19.82344055 31.00000000
v 49.00000000 19.83102989 32.00000000
v 49.00000000 19.82720947 33.00000000
v 49.00000000 19.81896782 34.00000000
v 49.00000000 19.81982803 35.00000000
v 49.00000000 19.82116699 36.00000000
v 49.00000000 19.82052994 37.00000000
v 49.00000000 19.81741333 38.00000000
v 49.00000000 19.81898880 39.00000000
v 49.00000000 19.82596970 40.00000000
v 49.00000000 19.82741928 41.00000000
v 49.00000000 19.82630730 42.00000000
v 49.00000000 19.82140350 43.00000000
v 49.00000000 19.80613899 44.00000000
v 49.00000000 19.79508400 45.00000000
v 49.00000000 19.85279465 46.00000000
v 49.00000000 20.00000000 46.49594498
v 49.00000000 20.41079140 17.00000000
v 49.00000000 21.00000000 16.73601723
v 49.00000000 20.51525879 47.00000000
v 49.00000000 21.00000000 47.14733887
v 49.00000000 22.00000000 16.63987541
v 49.00000000 22.00000000 47.16740036
v 49.00000000 23.00000000 16.56027412
v 49.00000000 23.00000000 47.17329025
v 49.00000000 24.00000000 16.44867516
v 49.00000000 24.00000000 47.15690231
v 49.00000000 25.00000000 16.31864166
v 49.00000000 25.00000000 47.12383270
v 49.00000000 26.00000000 16.22286987
v 49.00000000 26.00000000 47.10544205
v 49.00000000 27.00000000 16.10670853
v 49.00000000 27.00000000 47.12247849
v 48.54496384 28.00000000 16.00000000
v 49.00000000 28.00000000 16.00353241
v 49.00000000 28.00000000 47.14398575
v 49.00000000 28.04577827 16.00000000
v 49.00000000 29.00000000 15.93474293
v 49.00000000 29.00000000 47.15119934
v 49.00000000 30.00000000 15.85401726
v 49.00000000 30.00000000 47.18426895
v 49.00000000 31.00000000 15.82470512
v 49.00000000 31.00000000 47.22706604
v 49.00000000 31.40722275 16.00000000
v 49.00000000 32.00000000 16.54421997
v 48.23424149 32.00000000 34.00000000
v 48.81945801 32.00000000 35.00000000
v 49.00000000 32.00000000 35.52252960
v 49.00000000 31.98146439 36.00000000
v 49.00000000 31.92936707 37.00000000
v 49.00000000 31.88381386 38.00000000
v 49.00000000 31.88053703 39.00000000
v 49.00000000 32.00000000 39.55321121
v 49.00000000 32.00000000 47.28566742
v 49.00000000 32.35572433 17.00000000
v 49.00000000 32.57714844 18.00000000
v 49.00000000 32.63931656 19.00000000
v 49.00000000 32.61080551 20.00000000
v 49.00000000 32.58815765 21.00000000
v 49.00000000 32.56432724 22.00000000
v 49.00000000 32.53673935 23.00000000
v 49.00000000 32.48571396 24.00000000
v 49.00000000 32.43686676 25.00000000
v 49.00000000 32.38502884 26.00000000
v 49.00000000 32.33794403 27.00000000
v 49.00000000 32.30622482 28.00000000
v 49.00000000 32.28192520 29.00000000
v 49.00000000 32.26879120 30.00000000
v 49.00000000 32.25837326 31.00000000
v 49.00000000 32.24591827 32.00000000
v 49.00000000 32.21367264 33.00000000
v 49.00000000 32.13262939 34.00000000
v 49.00000000 32.03586197 35.00000000
v 49.00000000 32.54673767 40.00000000
v 49.00000000 33.00000000 40.07260513
v 49.00000000 33.00000000 47.35611343
v 49.00000000 33.56521225 40.00000000
v 49.00000000 34.00000000 39.88674164
v 49.00000000 34.00000000 47.43175507
v 49.00000000 35.00000000 39.61549759
v 49.00000000 35.00000000 47.52014923
v 49.00000000 36.00000000 39.37617874
v 49.00000000 36.00000000 47.60213470
v 49.00000000 37.00000000 39.19796371
v 49.00000000 37.00000000 47.67343903
v 49.00000000 38.00000000 39.13842010
v 49.00000000 38.00000000 47.73446655
v 49.00000000 39.00000000 39.21626663
v 49.00000000 39.00000000 47.73744583
v 49.00000000 40.00000000 39.33226395
v 49.00000000 40.00000000 47.70683670
v 49.00000000 41.00000000 39.50215912
v 49.00000000 41.00000000 47.65139008
v 49.00000000 42.00000000 39.80902863
v 49.00000000 42.00000000 47.52745819
v 49.00000000 42.45765686 40.00000000
v 49.00000000 43.00000000 40.25535965
v 49.00000000 43.00000000 47.27055359
v 49.00000000 44.00000000 40.95485306
v 49.00000000 44.00000000 46.34368515
v 49.00000000 43.39187622 47.00000000
v 49.00000000 44.04636765 41.00000000
v 49.00000000 44.65980911 42.00000000
v 49.00000000 44.80517960 43.00000000
v 49.00000000 44.70322418 44.00000000
v 49.00000000 44.51626968 45.00000000
v 49.00000000 44.18101501 46.00000000
v 50.00000000 19.74001503 18.00000000
v 50.00000000 20.00000000 17.39486313
v 50.00000000 19.61728477 19.00000000
v 50.00000000 19.59428215 20.00000000
v 50.00000000 19.59170341 21.00000000
v 50.00000000 19.59567833 22.00000000
v 50.00000000 19.61691475 23.00000000
v 50.00000000 19.64225960 24.00000000
v 50.00000000 19.66403770 25.00000000
v 50.00000000 19.68647766 26.00000000
v 50.00000000 19.71027946 27.00000000
v 50.00000000 19.73434067 28.00000000
v 50.00000000 19.76236343 29.00000000
v 50.00000000 19.79446220 30.00000000
v 50.00000000 19.81600189 31.00000000
v 50.00000000 19.82775307 32.00000000
v 50.00000000 19.82554626 33.00000000
v 50.00000000 19.81711388 34.00000000
v 50.00000000 19.81842232 35.00000000
v 50.00000000 19.82018280 36.00000000
v 50.00000000 19.81514740 37.00000000
v 50.00000000 19.81107330 38.00000000
v 50.00000000 19.81178665 39.00000000
v 50.00000000 19.81710625 40.00000000
v 50.00000000 19.81821823 41.00000000
v 50.00000000 19.82133484 42.00000000
v 50.00000000 19.81579208 43.00000000
v 50.00000000 19.80123138 44.00000000
v 50.00000000 19.78926277 45.00000000
v 50.00000000 19.84595108 46.00000000
v 50.00000000 20.00000000 46.53038025
v 50.00000000 20.37874794 17.00000000
v 50.00000000 21.00000000 16.73403931
v 50.00000000 20.47210693 47.00000000
v 50.00000000 21.00000000 47.15850067
v 50.00000000 22.00000000 16.63776016
v 50.00000000 22.00000000 47.17688751
v 50.00000000 23.00000000 16.57373428
v 50.00000000 23.00000000 47.17965317
v 50.00000000 24.00000000 16.46549797
v 50.00000000 24.00000000 47.16112518
v 50.00000000 25.00000000 16.34379387
v 50.00000000 25.00000000 47.12321091
v 50.00000000 26.00000000 16.24935913
v 50.00000000 26.00000000 47.10707855
v 50.00000000 27.00000000 16.12556648
v 50.00000000 27.00000000 47.12635803
v 50.00000000 28.00000000 16.01718903
v 50.00000000 28.00000000 47.14811707
v 50.00000000 28.19921875 16.00000000
v 50.00000000 29.00000000 15.93983841
v 50.00000000 29.00000000 47.15890503
v 50.00000000 30.00000000 15.85965252
v 50.00000000 30.00000000 47.19053650
v 50.00000000 31.00000000 15.82507038
v 50.00000000 31.00000000 47.23282242
v 50.00000000 31.46010208 16.00000000
v 50.00000000 32.00000000 16.41811180
v 49.14543152 32.00000000 36.00000000
v 49.46192169 32.00000000 37.00000000
v 49.63141632 32.00000000 38.00000000
v 49.62464905 32.00000000 39.00000000
v 50.00000000 32.00000000 47.28998184
v 50.00000000 32.66057205 17.00000000
v 49.89411545 33.00000000 18.00000000
v 50.00000000 33.00000000 17.84584999
v 49.73210907 33.00000000 19.00000000
v 49.70790482 33.00000000 20.00000000
v 49.74933243 33.00000000 21.00000000
v 49.80848312 33.00000000 22.00000000
v 49.87543106 33.00000000 23.00000000
v 49.94594193 33.00000000 24.00000000
v 49.95555496 33.00000000 25.00000000
v 49.98181152 33.00000000 26.00000000
v 50.00000000 33.00000000 26.37635422
v 50.00000000 32.95431519 27.00000000
v 50.00000000 32.88470840 28.00000000
v 50.00000000 32.83390808 29.00000000
v 50.00000000 32.80142212 30.00000000
v 50.00000000 32.79722977 31.00000000
v 50.00000000 32.80966949 32.00000000
v 50.00000000 32.78808594 33.00000000
v 50.00000000 32.70293045 34.00000000
v 50.00000000 32.58479691 35.00000000
v 50.00000000 32.48914337 36.00000000
v 50.00000000 32.40660095 37.00000000
v 50.00000000 32.36480331 38.00000000
v 50.00000000 32.41649246 39.00000000
v 49.40318298 33.00000000 40.00000000
v 50.00000000 33.00000000 39.45928574
v 50.00000000 33.00000000 47.35768127
v 49.85385895 34.00000000 17.00000000
v 50.00000000 33.73185349 17.00000000
v 50.00000000 34.00000000 16.84540749
v 49.65356064 34.00000000 18.00000000
v 49.66261673 34.00000000 19.00000000
v 49.71137238 34.00000000 20.00000000
v 49.76686478 34.00000000 21.00000000
v 49.82678223 34.00000000 22.00000000
v 49.90664291 34.00000000 23.00000000
v 49.97345734 34.00000000 24.00000000
v 50.00000000 34.00000000 24.86521721
v 50.00000000 33.87171936 25.00000000
v 50.00000000 33.50510025 26.00000000
v 50.00000000 34.00000000 39.22941589
v 50.00000000 34.00000000 47.43684387
v 49.96615982 35.00000000 17.00000000
v 50.00000000 35.00000000 16.93317795
v 49.82262421 35.00000000 18.00000000
v 49.80337143 35.00000000 19.00000000
v 49.81683350 35.00000000 20.00000000
v 49.84255600 35.00000000 21.00000000
v 49.86130905 35.00000000 22.00000000
v 49.89027023 35.00000000 23.00000000
v 49.93149567 35.00000000 24.00000000
v 50.00000000 34.06370926 25.00000000
v 49.94768906 35.00000000 25.00000000
v 49.97133255 35.00000000 26.00000000
v 50.00000000 34.27748489 26.00000000
v 49.98176956 35.00000000 27.00000000
v 50.00000000 34.65529251 27.00000000
v 50.00000000 35.00000000 27.65791702
v 50.00000000 35.00000000 39.06540298
v 50.00000000 35.00000000 47.52393723
v 50.00000000 35.21375656 17.00000000
v 50.00000000 36.00000000 17.93598747
v 49.99195099 36.00000000 18.00000000
v 49.96686554 36.00000000 19.00000000
v 49.95855331 36.00000000 20.00000000
v 49.95070267 36.00000000 21.00000000
v 49.95294189 36.00000000 22.00000000
v 49.95456314 36.00000000 23.00000000
v 49.96032715 36.00000000 24.00000000
v 49.98156738 36.00000000 25.00000000
v 49.99219513 36.00000000 26.00000000
v 49.99275970 36.00000000 27.00000000
v 50.00000000 35.71558380 28.00000000
v 49.99608231 36.00000000 28.00000000
v 50.00000000 36.00000000 28.12667084
v 49.89760971 36.00000000 39.00000000
v 50.00000000 35.42007065 39.00000000
v 50.00000000 36.00000000 38.83299637
v 50.00000000 36.00000000 47.60486603
v 50.00000000 36.03853607 18.00000000
v 50.00000000 36.17869568 19.00000000
v 50.00000000 36.25753021 20.00000000
v 50.00000000 36.31624603 21.00000000
v 50.00000000 36.31809998 22.00000000
v 50.00000000 36.32672501 23.00000000
v 50.00000000 36.30164719 24.00000000
v 50.00000000 36.17695618 25.00000000
v 50.00000000 36.09011459 26.00000000
v 50.00000000 36.08987808 27.00000000
v 50.00000000 36.06534576 28.00000000
v 49.59159470 37.00000000 39.00000000
v 50.00000000 37.00000000 38.67774200
v 50.00000000 37.00000000 47.67316055
v 49.49761963 38.00000000 39.00000000
v 50.00000000 38.00000000 38.72157669
v 50.00000000 38.00000000 47.72120667
v 49.88859558 39.00000000 39.00000000
v 50.00000000 39.00000000 38.94963455
v 50.00000000 39.00000000 47.71997452
v 50.00000000 39.21132660 39.00000000
v 50.00000000 40.00000000 39.10412598
v 50.00000000 40.00000000 47.68519592
v 50.00000000 41.00000000 39.30893707
v 50.00000000 41.00000000 47.61909485
v 50.00000000 42.00000000 39.64769745
v 50.00000000 42.00000000 47.48222733
v 50.00000000 42.77083588 40.00000000
v 50.00000000 43.00000000 40.12820435
v 50.00000000 43.00000000 47.19330215
v 50.00000000 44.00000000 40.90244293
v 50.00000000 44.00000000 46.14235687
v 50.00000000 43.26908112 47.00000000
v 50.00000000 44.08860397 41.00000000
v 50.00000000 44.59221268 42.00000000
v 50.00000000 44.70376587 43.00000000
v 50.00000000 44.61442566 44.00000000
v 50.00000000 44.42704391 45.00000000
v 50.00000000 44.07131195 46.00000000
v 51.00000000 19.71727562 18.00000000
v 51.00000000 20.00000000 17.35747528
v 51.00000000 19.59880829 19.00000000
v 51.00000000 19.57640839 20.00000000
v 51.00000000 19.57317162 21.00000000
v 51.00000000 19.57680893 22.00000000
v 51.00000000 19.59671402 23.00000000
v 51.00000000 19.62274361 24.00000000
v 51.00000000 19.64639282 25.00000000
v 51.00000000 19.67288971 26.00000000
v 51.00000000 19.69845390 27.00000000
v 51.00000000 19.72197342 28.00000000
v 51.00000000 19.74882507 29.00000000
v 51.00000000 19.78288651 30.00000000
v 51.00000000 19.80513191 31.00000000
v 51.00000000 19.81988907 32.00000000
v 51.00000000 19.82122803 33.00000000
v 51.00000000 19.81257248 34.00000000
v 51.00000000 19.81156731 35.00000000
v 51.00000000 19.80848694 36.00000000
v 51.00000000 19.79899979 37.00000000
v 51.00000000 19.79558945 38.00000000
v 51.00000000 19.79418755 39.00000000
v 51.00000000 19.79477501 40.00000000
v 51.00000000 19.79712868 41.00000000
v 51.00000000 19.80132675 42.00000000
v 51.00000000 19.79970169 43.00000000
v 51.00000000 19.78224945 44.00000000
v 51.00000000 19.77232552 45.00000000
v 51.00000000 19.83014870 46.00000000
v 51.00000000 20.00000000 46.59521484
v 51.00000000 20.35688400 17.00000000
v 51.00000000 21.00000000 16.73437500
v 51.00000000 20.40175056 47.00000000
v 51.00000000 21.00000000 47.17617798
v 51.00000000 22.00000000 16.64393997
v 51.00000000 22.00000000 47.19046021
v 51.00000000 23.00000000 16.59389305
v 51.00000000 23.00000000 47.18896484
v 51.00000000 24.00000000 16.49041557
v 51.00000000 24.00000000 47.16747665
v 51.00000000 25.00000000 16.37313652
v 51.00000000 25.00000000 47.13580704
v 51.00000000 26.00000000 16.27303505
v 51.00000000 26.00000000 47.11946487
v 51.00000000 27.00000000 16.14228630
v 51.00000000 27.00000000 47.13879776
v 51.00000000 28.00000000 16.03096962
v 51.00000000 28.00000000 47.15808868
v 51.00000000 28.33079529 16.00000000
v 51.00000000 29.00000000 15.94734001
v 51.00000000 29.00000000 47.17346191
v 51.00000000 30.00000000 15.86496639
v 51.00000000 30.00000000 47.20304871
v 51.00000000 31.00000000 15.84291077
v 51.00000000 31.00000000 47.24926758
v 51.00000000 31.53432655 16.00000000
v 51.00000000 32.00000000 16.23693848
v 51.00000000 32.00000000 47.30226135
v 50.41958237 33.00000000 17.00000000
v 51.00000000 33.00000000 16.61357689
v 50.02998734 33.00000000 27.00000000
v 50.07871628 33.00000000 28.00000000
v 50.12347412 33.00000000 29.00000000
v 50.16883469 33.00000000 30.00000000
v 50.19876480 33.00000000 31.00000000
v 50.20587921 33.00000000 32.00000000
v 50.23561859 33.00000000 33.00000000
v 50.31724548 33.00000000 34.00000000
v 50.42658234 33.00000000 35.00000000
v 50.50323486 33.00000000 36.00000000
v 50.50650024 33.00000000 37.00000000
v 50.45875931 33.00000000 38.00000000
v 50.34467697 33.00000000 39.00000000
v 51.00000000 33.00000000 47.36508179
v 50.97927856 34.00000000 16.00000000
v 51.00000000 33.98106384 16.00000000
v 51.00000000 34.00000000 15.99368858
v 50.00535583 34.00000000 25.00000000
v 50.01694489 34.00000000 26.00000000
v 50.05366135 34.00000000 27.00000000
v 50.09106827 34.00000000 28.00000000
v 50.15222931 34.00000000 29.00000000
v 50.19910049 34.00000000 30.00000000
v 50.24193954 34.00000000 31.00000000
v 50.27989578 34.00000000 32.00000000
v 50.31128693 34.00000000 33.00000000
v 50.34187698 34.00000000 34.00000000
v 50.37790298 34.00000000 35.00000000
v 50.38890076 34.00000000 36.00000000
v 50.37928772 34.00000000 37.00000000
v 50.36731339 34.00000000 38.00000000
v 50.18381119 34.00000000 39.00000000
v 51.00000000 34.00000000 47.44644165
v 50.76658630 35.00000000 16.00000000
v 51.00000000 35.00000000 15.91984367
v 50.01443100 35.00000000 28.00000000
v 50.05662155 35.00000000 29.00000000
v 50.11719513 35.00000000 30.00000000
v 50.19465637 35.00000000 31.00000000
v 50.26698685 35.00000000 32.00000000
v 50.32791901 35.00000000 33.00000000
v 50.36199951 35.00000000 34.00000000
v 50.35045624 35.00000000 35.00000000
v 50.30220032 35.00000000 36.00000000
v 50.31021500 35.00000000 37.00000000
v 50.31131744 35.00000000 38.00000000
v 50.08583069 35.00000000 39.00000000
v 51.00000000 35.00000000 47.53336334
v 50.89696503 36.00000000 16.00000000
v 51.00000000 36.00000000 15.95705223
v 50.15565109 36.00000000 17.00000000
v 50.03827667 36.00000000 29.00000000
v 50.10558319 36.00000000 30.00000000
v 50.18188477 36.00000000 31.00000000
v 50.24456024 36.00000000 32.00000000
v 50.29452515 36.00000000 33.00000000
v 50.36800766 36.00000000 34.00000000
v 50.42374039 36.00000000 35.00000000
v 50.40201569 36.00000000 36.00000000
v 50.39095688 36.00000000 37.00000000
v 50.39435196 36.00000000 38.00000000
v 51.00000000 36.00000000 47.61397934
v 51.00000000 36.32031250 16.00000000
v 51.00000000 37.00000000 16.25444412
v 50.46724701 37.00000000 17.00000000
v 50.25666428 37.00000000 18.00000000
v 50.19316101 37.00000000 19.00000000
v 50.15107727 37.00000000 20.00000000
v 50.13319397 37.00000000 21.00000000
v 50.12559891 37.00000000 22.00000000
v 50.11983871 37.00000000 23.00000000
v 50.11917496 37.00000000 24.00000000
v 50.11428833 37.00000000 25.00000000
v 50.10554886 37.00000000 26.00000000
v 50.09978485 37.00000000 27.00000000
v 50.08211517 37.00000000 28.00000000
v 50.09773254 37.00000000 29.00000000
v 50.16452789 37.00000000 30.00000000
v 50.24532318 37.00000000 31.00000000
v 50.31592560 37.00000000 32.00000000
v 50.38372803 37.00000000 33.00000000
v 50.43803787 37.00000000 34.00000000
v 50.49324799 37.00000000 35.00000000
v 50.51058578 37.00000000 36.00000000
v 50.50121689 37.00000000 37.00000000
v 50.46936417 37.00000000 38.00000000
v 51.00000000 37.00000000 47.67766190
v 50.91242981 38.00000000 17.00000000
v 51.00000000 38.00000000 16.87329865
v 50.66133499 38.00000000 18.00000000
v 50.52777100 38.00000000 19.00000000
v 50.44955063 38.00000000 20.00000000
v 50.40621185 38.00000000 21.00000000
v 50.38461685 38.00000000 22.00000000
v 50.36787796 38.00000000 23.00000000
v 50.34407806 38.00000000 24.00000000
v 50.30434799 38.00000000 25.00000000
v 50.28627014 38.00000000 26.00000000
v 50.27453995 38.00000000 27.00000000
v 50.25753403 38.00000000 28.00000000
v 50.25508118 38.00000000 29.00000000
v 50.26988220 38.00000000 30.00000000
v 50.32340622 38.00000000 31.00000000
v 50.39714813 38.00000000 32.00000000
v 50.48152924 38.00000000 33.00000000
v 50.56003189 38.00000000 34.00000000
v 50.62129593 38.00000000 35.00000000
v 50.65561295 38.00000000 36.00000000
v 50.68166351 38.00000000 37.00000000
v 50.60968018 38.00000000 38.00000000
v 51.00000000 38.00000000 47.71165466
v 51.00000000 38.14739990 17.00000000
v 51.00000000 38.58301544 18.00000000
v 51.00000000 38.85095978 19.00000000
v 51.00000000 39.00000000 19.89951515
v 50.98995972 39.00000000 20.00000000
v 50.91753769 39.00000000 21.00000000
v 50.84011841 39.00000000 22.00000000
v 50.77961731 39.00000000 23.00000000
v 50.71433258 39.00000000 24.00000000
v 50.64133453 39.00000000 25.00000000
v 50.57743073 39.00000000 26.00000000
v 50.55231094 39.00000000 27.00000000
v 50.54475403 39.00000000 28.00000000
v 50.54148483 39.00000000 29.00000000
v 50.53268051 39.00000000 30.00000000
v 50.54732513 39.00000000 31.00000000
v 50.59534454 39.00000000 32.00000000
v 50.67699432 39.00000000 33.00000000
v 50.77882004 39.00000000 34.00000000
v 50.87218094 39.00000000 35.00000000
v 50.95801544 39.00000000 36.00000000
v 50.97049332 39.00000000 37.00000000
v 50.89560699 39.00000000 38.00000000
v 51.00000000 39.00000000 47.70200348
v 51.00000000 39.01438141 20.00000000
v 51.00000000 39.12790298 21.00000000
v 51.00000000 39.26182556 22.00000000
v 51.00000000 39.38703918 23.00000000
v 51.00000000 39.53796005 24.00000000
v 51.00000000 39.70079041 25.00000000
v 51.00000000 39.82244873 26.00000000
v 51.00000000 39.90729904 27.00000000
v 51.00000000 39.95391083 28.00000000
v 51.00000000 39.99795151 29.00000000
v 51.00000000 40.00000000 29.22565269
v 50.99639893 40.00000000 30.00000000
v 50.98730087 40.00000000 31.00000000
v 51.00000000 40.00000000 31.65388298
v 51.00000000 39.98569107 32.00000000
v 51.00000000 39.82376862 33.00000000
v 51.00000000 39.58053207 34.00000000
v 51.00000000 39.32925034 35.00000000
v 51.00000000 39.10404587 36.00000000
v 51.00000000 39.06151581 37.00000000
v 51.00000000 39.23416519 38.00000000
v 50.49360657 40.00000000 39.00000000
v 51.00000000 40.00000000 38.65245438
v 51.00000000 40.00000000 47.64893341
v 51.00000000 40.00677872 30.00000000
v 51.00000000 40.02391815 31.00000000
v 51.00000000 40.46933365 39.00000000
v 51.00000000 41.00000000 39.12302017
v 51.00000000 41.00000000 47.57706833
v 51.00000000 42.00000000 39.48218155
v 51.00000000 42.00000000 47.41400528
v 51.00000000 42.90444183 40.00000000
v 51.00000000 43.00000000 40.06352997
v 51.00000000 43.00000000 47.09114456
v 51.00000000 44.00000000 40.91286087
v 50.50015640 44.00000000 46.00000000
v 51.00000000 44.00000000 45.80762100
v 51.00000000 43.89466476 46.00000000
v 51.00000000 43.12057877 47.00000000
v 51.00000000 44.07057190 41.00000000
v 51.00000000 44.46334839 42.00000000
v 51.00000000 44.57191086 43.00000000
v 51.00000000 44.48729324 44.00000000
v 51.00000000 44.29212952 45.00000000
v 52.00000000 19.68302155 18.00000000
v 52.00000000 20.00000000 17.31987190
v 52.00000000 19.57366371 19.00000000
v 52.00000000 19.55411720 20.00000000
v 52.00000000 19.55602646 21.00000000
v 52.00000000 19.56022453 22.00000000
v 52.00000000 19.57773209 23.00000000
v 52.00000000 19.60327911 24.00000000
v 52.00000000 19.62703323 25.00000000
v 52.00000000 19.65335464 26.00000000
v 52.00000000 19.67633820 27.00000000
v 52.00000000 19.69673920 28.00000000
v 52.00000000 19.72254372 29.00000000
v 52.00000000 19.75528717 30.00000000
v 52.00000000 19.78314590 31.00000000
v 52.00000000 19.80185318 32.00000000
v 52.00000000 19.80755424 33.00000000
v 52.00000000 19.80535316 34.00000000
v 52.00000000 19.80348969 35.00000000
v 52.00000000 19.79548645 36.00000000
v 52.00000000 19.78514481 37.00000000
v 52.00000000 19.77865601 38.00000000
v 52.00000000 19.77478027 39.00000000
v 52.00000000 19.77437210 40.00000000
v 52.00000000 19.77653122 41.00000000
v 52.00000000 19.78173065 42.00000000
v 52.00000000 19.77396393 43.00000000
v 52.00000000 19.75811005 44.00000000
v 52.00000000 19.74795341 45.00000000
v 52.00000000 19.80380630 46.00000000
v 52.00000000 20.00000000 46.68239975
v 52.00000000 20.34842110 17.00000000
v 52.00000000 21.00000000 16.74698448
v 52.00000000 20.32167244 47.00000000
v 52.00000000 21.00000000 47.19430923
v 52.00000000 22.00000000 16.66736412
v 52.00000000 22.00000000 47.20690918
v 52.00000000 23.00000000 16.63084030
v 52.00000000 23.00000000 47.19972610
v 52.00000000 24.00000000 16.52155113
v 52.00000000 24.00000000 47.17862701
v 52.00000000 25.00000000 16.39847374
v 52.00000000 25.00000000 47.15217972
v 52.00000000 26.00000000 16.29946327
v 52.00000000 26.00000000 47.13755035
v 52.00000000 27.00000000 16.17709160
v 52.00000000 27.00000000 47.15242767
v 52.00000000 28.00000000 16.06165314
v 52.00000000 28.00000000 47.16950989
v 52.00000000 28.62299347 16.00000000
v 52.00000000 29.00000000 15.96939373
v 52.00000000 29.00000000 47.18387985
v 52.00000000 30.00000000 15.88419628
v 52.00000000 30.00000000 47.20652390
v 52.00000000 31.00000000 15.84579945
v 52.00000000 31.00000000 47.25390625
v 52.00000000 31.76736832 16.00000000
v 52.00000000 32.00000000 16.06646919
v 52.00000000 32.00000000 47.30686188
v 52.00000000 33.00000000 16.21128845
v 52.00000000 33.00000000 47.36405945
v 52.00000000 33.43168640 16.00000000
v 52.00000000 34.00000000 15.80505943
v 52.00000000 34.00000000 47.44278717
v 52.00000000 35.00000000 15.65349865
v 52.00000000 35.00000000 47.52664185
v 52.00000000 36.00000000 15.66323471
v 52.00000000 36.00000000 47.60360718
v 51.35601044 37.00000000 16.00000000
v 52.00000000 37.00000000 15.83048439
v 52.00000000 37.00000000 47.66038132
v 52.00000000 37.78165817 16.00000000
v 52.00000000 38.00000000 16.11137009
v 52.00000000 38.00000000 47.66822433
v 51.99959946 39.00000000 17.00000000
v 52.00000000 39.00000000 16.99974442
v 51.46604919 39.00000000 18.00000000
v 51.15181351 39.00000000 19.00000000
v 52.00000000 39.00000000 47.65184021
v 52.00000000 39.00023651 17.00000000
v 52.00000000 39.35625839 18.00000000
v 52.00000000 39.61177444 19.00000000
v 52.00000000 39.80611038 20.00000000
v 52.00000000 39.96643066 21.00000000
v 51.84687424 40.00000000 22.00000000
v 52.00000000 40.00000000 21.25024033
v 51.69487000 40.00000000 23.00000000
v 51.48693848 40.00000000 24.00000000
v 51.29045486 40.00000000 25.00000000
v 51.15435028 40.00000000 26.00000000
v 51.07059479 40.00000000 27.00000000
v 51.03369904 40.00000000 28.00000000
v 51.00145340 40.00000000 29.00000000
v 51.00860214 40.00000000 32.00000000
v 51.09718704 40.00000000 33.00000000
v 51.21219635 40.00000000 34.00000000
v 51.32762527 40.00000000 35.00000000
v 51.44705963 40.00000000 36.00000000
v 51.55838013 40.00000000 37.00000000
v 51.45384216 40.00000000 38.00000000
v 52.00000000 40.00000000 47.59006500
v 52.00000000 40.08990479 22.00000000
v 52.00000000 40.18694305 23.00000000
v 52.00000000 40.32196045 24.00000000
v 52.00000000 40.47787094 25.00000000
v 52.00000000 40.62353897 26.00000000
v 52.00000000 40.75174713 27.00000000
v 52.00000000 40.85674286 28.00000000
v 52.00000000 40.93835831 29.00000000
v 52.00000000 40.99605179 30.00000000
v 51.96478271 41.00000000 31.00000000
v 52.00000000 41.00000000 30.13098526
v 51.98596191 41.00000000 32.00000000
v 52.00000000 41.00000000 32.39227676
v 52.00000000 40.98385620 33.00000000
v 52.00000000 40.93210220 34.00000000
v 52.00000000 40.84198761 35.00000000
v 52.00000000 40.70811462 36.00000000
v 52.00000000 40.56824112 37.00000000
v 52.00000000 40.58122635 38.00000000
v 51.51693726 41.00000000 39.00000000
v 52.00000000 41.00000000 38.60638428
v 52.00000000 41.00000000 47.50010300
v 52.00000000 41.02400589 31.00000000
v 52.00000000 41.00968552 32.00000000
v 52.00000000 41.30116653 39.00000000
v 52.00000000 42.00000000 39.37307739
v 52.00000000 42.00000000 47.29427338
v 52.00000000 42.97422791 40.00000000
v 52.00000000 43.00000000 40.02273941
v 51.52946854 43.00000000 47.00000000
v 52.00000000 43.00000000 46.86856842
v 52.00000000 42.80448151 47.00000000
v 52.00000000 43.86600113 41.00000000
v 51.41927338 44.00000000 41.00000000
v 52.00000000 44.00000000 41.31876755
v 52.00000000 44.00000000 45.04342651
v 52.00000000 43.60698700 46.00000000
v 52.00000000 44.22187805 42.00000000
v 52.00000000 44.31480408 43.00000000
v 52.00000000 44.20766449 44.00000000
v 52.00000000 44.01337814 45.00000000
v 53.00000000 19.66096497 18.00000000
v 53.00000000 20.00000000 17.33041191
v 53.00000000 19.55628014 19.00000000
v 53.00000000 19.54786301 20.00000000
v 53.00000000 19.55501366 21.00000000
v 53.00000000 19.56475449 22.00000000
v 53.00000000 19.58331490 23.00000000
v 53.00000000 19.60396385 24.00000000
v 53.00000000 19.62747383 25.00000000
v 53.00000000 19.65058136 26.00000000
v 53.00000000 19.67096329 27.00000000
v 53.00000000 19.68856812 28.00000000
v 53.00000000 19.71203804 29.00000000
v 53.00000000 19.74066544 30.00000000
v 53.00000000 19.76730728 31.00000000
v 53.00000000 19.78466988 32.00000000
v 53.00000000 19.79268837 33.00000000
v 53.00000000 19.79334259 34.00000000
v 53.00000000 19.79230690 35.00000000
v 53.00000000 19.78749084 36.00000000
v 53.00000000 19.77968407 37.00000000
v 53.00000000 19.77244949 38.00000000
v 53.00000000 19.76977921 39.00000000
v 53.00000000 19.76673698 40.00000000
v 53.00000000 19.76227379 41.00000000
v 53.00000000 19.76392555 42.00000000
v 53.00000000 19.75572014 43.00000000
v 53.00000000 19.74245644 44.00000000
v 53.00000000 19.73484421 45.00000000
v 53.00000000 19.79103851 46.00000000
v 53.00000000 20.00000000 46.63254929
v 53.00000000 20.41182709 17.00000000
v 53.00000000 21.00000000 16.79271698
v 53.00000000 20.43168259 47.00000000
v 53.00000000 21.00000000 47.15332413
v 53.00000000 22.00000000 16.73925400
v 53.00000000 22.00000000 47.17092896
v 53.00000000 23.00000000 16.70486641
v 53.00000000 23.00000000 47.16529846
v 53.00000000 24.00000000 16.61064720
v 53.00000000 24.00000000 47.14709854
v 53.00000000 25.00000000 16.50555420
v 53.00000000 25.00000000 47.12403107
v 53.00000000 26.00000000 16.43034935
v 53.00000000 26.00000000 47.10661697
v 53.00000000 27.00000000 16.31122589
v 53.00000000 27.00000000 47.11058044
v 53.00000000 28.00000000 16.17073822
v 53.00000000 28.00000000 47.11987686
v 52.57066345 29.00000000 16.00000000
v 53.00000000 29.00000000 16.02677536
v 53.00000000 29.00000000 47.13262558
v 53.00000000 29.20837593 16.00000000
v 53.00000000 30.00000000 15.91635990
v 53.00000000 30.00000000 47.14880753
v 53.00000000 31.00000000 15.87065220
v 53.00000000 31.00000000 47.19541931
v 52.63182068 32.00000000 16.00000000
v 53.00000000 32.00000000 15.97004032
v 53.00000000 32.00000000 47.24943161
v 52.93912506 33.00000000 16.00000000
v 53.00000000 33.00000000 15.99038506
v 53.00000000 33.00000000 47.30554199
v 53.00000000 34.00000000 15.71719933
v 53.00000000 34.00000000 47.37232590
v 53.00000000 35.00000000 15.57574844
v 53.00000000 35.00000000 47.45262909
v 53.00000000 36.00000000 15.56440163
v 53.00000000 36.00000000 47.51451492
v 53.00000000 37.00000000 15.77037048
v 53.00000000 37.00000000 47.55175400
v 52.92661285 38.00000000 16.00000000
v 53.00000000 38.00000000 15.99625969
v 53.00000000 38.00000000 47.56158447
v 53.00000000 38.01310349 16.00000000
v 53.00000000 39.00000000 16.80830765
v 53.00000000 39.00000000 47.53731537
v 53.00000000 39.17885208 17.00000000
v 53.00000000 39.54598999 18.00000000
v 53.00000000 39.78072357 19.00000000
v 53.00000000 39.99954224 20.00000000
v 52.14528656 40.00000000 21.00000000
v 53.00000000 40.00000000 20.00247192
v 53.00000000 40.00000000 47.47055435
v 53.00000000 40.17536926 21.00000000
v 53.00000000 40.30062485 22.00000000
v 53.00000000 40.41427612 23.00000000
v 53.00000000 40.54938889 24.00000000
v 53.00000000 40.70227814 25.00000000
v 53.00000000 40.83504486 26.00000000
v 53.00000000 40.96610641 27.00000000
v 52.64134598 41.00000000 28.00000000
v 53.00000000 41.00000000 27.29376030
v 52.27602768 41.00000000 29.00000000
v 52.01791382 41.00000000 30.00000000
v 52.08291245 41.00000000 33.00000000
v 52.28750992 41.00000000 34.00000000
v 52.57516098 41.00000000 35.00000000
v 52.88528824 41.00000000 36.00000000
v 53.00000000 41.00000000 36.35805511
v 53.00000000 40.94242096 37.00000000
v 53.00000000 40.90130997 38.00000000
v 53.00000000 41.00000000 38.22332764
v 53.00000000 41.00000000 47.32202530
v 53.00000000 41.07396317 28.00000000
v 53.00000000 41.14845657 29.00000000
v 53.00000000 41.19957733 30.00000000
v 53.00000000 41.21421432 31.00000000
v 53.00000000 41.19303513 32.00000000
v 53.00000000 41.16041565 33.00000000
v 53.00000000 41.14044189 34.00000000
v 53.00000000 41.09326172 35.00000000
v 53.00000000 41.03002930 36.00000000
v 53.00000000 41.45278931 39.00000000
v 53.00000000 42.00000000 39.48306274
v 53.00000000 42.00000000 47.06830978
v 53.00000000 42.51213455 40.00000000
v 53.00000000 43.00000000 40.53039932
v 53.00000000 43.00000000 46.38705444
v 53.00000000 42.16490173 47.00000000
v 53.00000000 43.34781647 41.00000000
v 53.00000000 43.72132111 42.00000000
v 52.51191330 44.00000000 42.00000000
v 53.00000000 43.81949997 43.00000000
v 52.70754623 44.00000000 43.00000000
v 53.00000000 43.72609329 44.00000000
v 52.49644089 44.00000000 44.00000000
v 53.00000000 43.57265472 45.00000000
v 52.03853989 44.00000000 45.00000000
v 53.00000000 43.26068497 46.00000000
v 54.00000000 19.98053169 18.00000000
v 54.00000000 20.00000000 17.96307755
v 54.00000000 19.82158089 19.00000000
v 54.00000000 19.78726006 20.00000000
v 54.00000000 19.78910828 21.00000000
v 54.00000000 19.79928207 22.00000000
v 54.00000000 19.82378578 23.00000000
v 54.00000000 19.85028267 24.00000000
v 54.00000000 19.86730194 25.00000000
v 54.00000000 19.87890053 26.00000000
v 54.00000000 19.88906288 27.00000000
v 54.00000000 19.90815163 28.00000000
v 54.00000000 19.93419456 29.00000000
v 54.00000000 19.96480179 30.00000000
v 54.00000000 19.99651527 31.00000000
v 53.95712280 20.00000000 32.00000000
v 54.00000000 20.00000000 31.24463654
v 53.90325546 20.00000000 33.00000000
v 53.90134048 20.00000000 34.00000000
v 53.89425278 20.00000000 35.00000000
v 53.89212418 20.00000000 36.00000000
v 53.91046906 20.00000000 37.00000000
v 53.94521332 20.00000000 38.00000000
v 53.96931458 20.00000000 39.00000000
v 53.99019241 20.00000000 40.00000000
v 54.00000000 20.00000000 40.50220490
v 54.00000000 19.99732208 41.00000000
v 54.00000000 19.99147034 42.00000000
v 54.00000000 19.97040558 43.00000000
v 54.00000000 19.94215202 44.00000000
v 54.00000000 19.93447495 45.00000000
v 53.79423141 20.00000000 46.00000000
v 54.00000000 20.00000000 45.54261017
v 53.59792328 21.00000000 17.00000000
v 54.00000000 21.00000000 17.24796104
v 54.00000000 20.01530457 32.00000000
v 54.00000000 20.03453636 33.00000000
v 54.00000000 20.03527641 34.00000000
v 54.00000000 20.03814507 35.00000000
v 54.00000000 20.03992462 36.00000000
v 54.00000000 20.03371811 37.00000000
v 54.00000000 20.02081871 38.00000000
v 54.00000000 20.01175117 39.00000000
v 54.00000000 20.00381088 40.00000000
v 54.00000000 20.13725281 46.00000000
v 53.50927734 21.00000000 47.00000000
v 54.00000000 21.00000000 46.68846512
v 53.76855850 22.00000000 17.00000000
v 54.00000000 22.00000000 17.14288712
v 53.60971451 22.00000000 47.00000000
v 54.00000000 22.00000000 46.77517700
v 53.88228989 23.00000000 17.00000000
v 54.00000000 23.00000000 17.06992722
v 53.61490250 23.00000000 47.00000000
v 54.00000000 23.00000000 46.77852249
v 54.00000000 23.69238663 17.00000000
v 54.00000000 24.00000000 16.97978783
v 53.52281952 24.00000000 47.00000000
v 54.00000000 24.00000000 46.72631073
v 54.00000000 25.00000000 16.91878891
v 53.45069504 25.00000000 47.00000000
v 54.00000000 25.00000000 46.69335938
v 54.00000000 26.00000000 16.84006310
v 53.39619827 26.00000000 47.00000000
v 54.00000000 26.00000000 46.66679001
v 54.00000000 27.00000000 16.71095467
v 53.43137741 27.00000000 47.00000000
v 54.00000000 27.00000000 46.69646835
v 54.00000000 28.00000000 16.54566765
v 53.49651337 28.00000000 47.00000000
v 54.00000000 28.00000000 46.74696350
v 54.00000000 29.00000000 16.35531044
v 53.57993698 29.00000000 47.00000000
v 54.00000000 29.00000000 46.80087280
v 53.43307877 30.00000000 16.00000000
v 54.00000000 30.00000000 16.17307472
v 53.71308899 30.00000000 47.00000000
v 54.00000000 30.00000000 46.87385559
v 53.60731506 31.00000000 16.00000000
v 54.00000000 31.00000000 16.12546921
v 53.99247742 31.00000000 47.00000000
v 54.00000000 31.00000000 46.99687958
v 53.23416138 32.00000000 16.00000000
v 54.00000000 32.00000000 16.13011932
v 54.00000000 31.02650070 47.00000000
v 54.00000000 32.00000000 47.05941772
v 53.12469101 33.00000000 16.00000000
v 54.00000000 33.00000000 16.08508301
v 54.00000000 33.00000000 47.11717606
v 54.00000000 33.23029709 16.00000000
v 54.00000000 34.00000000 15.77773285
v 54.00000000 34.00000000 47.17105103
v 54.00000000 35.00000000 15.66671276
v 54.00000000 35.00000000 47.23403931
v 54.00000000 36.00000000 15.68815327
v 54.00000000 36.00000000 47.27672958
v 54.00000000 37.00000000 15.87871075
v 54.00000000 37.00000000 47.30432892
v 54.00000000 37.51068115 16.00000000
v 53.03020096 38.00000000 16.00000000
v 54.00000000 38.00000000 16.30408669
v 54.00000000 38.00000000 47.31341171
v 54.00000000 38.81320190 17.00000000
v 53.51407623 39.00000000 17.00000000
v 54.00000000 39.00000000 17.40979385
v 54.00000000 39.00000000 47.25983047
v 54.00000000 39.25259399 18.00000000
v 54.00000000 39.49507141 19.00000000
v 54.00000000 39.66784668 20.00000000
v 54.00000000 39.85128784 21.00000000
v 53.58155060 40.00000000 21.00000000
v 54.00000000 39.98944473 22.00000000
v 53.96872711 40.00000000 22.00000000
v 54.00000000 40.00000000 22.08543205
v 54.00000000 40.00000000 47.14135361
v 54.00000000 40.10548019 23.00000000
v 54.00000000 40.21642685 24.00000000
v 54.00000000 40.35328674 25.00000000
v 54.00000000 40.51171875 26.00000000
v 54.00000000 40.65339279 27.00000000
v 54.00000000 40.75228882 28.00000000
v 53.26304245 41.00000000 28.00000000
v 54.00000000 40.79860687 29.00000000
v 53.46595764 41.00000000 29.00000000
v 54.00000000 40.81245041 30.00000000
v 53.55519867 41.00000000 30.00000000
v 54.00000000 40.79145432 31.00000000
v 53.53792191 41.00000000 31.00000000
v 54.00000000 40.73992157 32.00000000
v 53.44587326 41.00000000 32.00000000
v 54.00000000 40.69644928 33.00000000
v 53.36700058 41.00000000 33.00000000
v 54.00000000 40.66965485 34.00000000
v 53.32813263 41.00000000 34.00000000
v 54.00000000 40.64842987 35.00000000
v 53.23899078 41.00000000 35.00000000
v 54.00000000 40.65289307 36.00000000
v 53.09360886 41.00000000 36.00000000
v 54.00000000 40.62684631 37.00000000
v 54.00000000 40.46383667 38.00000000
v 54.00000000 40.60877228 39.00000000
v 53.60680008 41.00000000 39.00000000
v 54.00000000 41.00000000 39.46800613
v 53.85427094 41.00000000 47.00000000
v 54.00000000 41.00000000 46.88869095
v 54.00000000 40.71482086 47.00000000
v 54.00000000 41.39615250 40.00000000
v 53.53528595 42.00000000 40.00000000
v 54.00000000 42.00000000 40.81605148
v 53.16256714 42.00000000 47.00000000
v 54.00000000 42.00000000 46.35727692
v 54.00000000 42.12807465 41.00000000
v 53.38765335 43.00000000 41.00000000
v 54.00000000 42.50481796 42.00000000
v 53.71849060 43.00000000 42.00000000
v 54.00000000 42.74461746 43.00000000
v 53.83956909 43.00000000 43.00000000
v 54.00000000 42.89029312 44.00000000
v 53.91971207 43.00000000 44.00000000
v 54.00000000 42.89922333 45.00000000
v 53.90995026 43.00000000 45.00000000
v 54.00000000 42.39902496 46.00000000
v 53.42577744 43.00000000 46.00000000
v 54.02487946 20.00000000 18.00000000
v 54.23804092 20.00000000 19.00000000
v 54.29236984 20.00000000 20.00000000
v 54.30329895 20.00000000 21.00000000
v 54.30407715 20.00000000 22.00000000
v 54.27661133 20.00000000 23.00000000
v 54.24436951 20.00000000 24.00000000
v 54.22327805 20.00000000 25.00000000
v 54.21004486 20.00000000 26.00000000
v 54.19873810 20.00000000 27.00000000
v 54.16917419 20.00000000 28.00000000
v 54.12397385 20.00000000 29.00000000
v 54.06672287 20.00000000 30.00000000
v 54.00655746 20.00000000 31.00000000
v 54.00422287 20.00000000 41.00000000
v 54.01306915 20.00000000 42.00000000
v 54.04331207 20.00000000 43.00000000
v 54.08058929 20.00000000 44.00000000
v 54.08594513 20.00000000 45.00000000
v 54.58476257 21.00000000 18.00000000
v 54.80425644 21.00000000 19.00000000
v 54.88072968 21.00000000 20.00000000
v 54.91424942 21.00000000 21.00000000
v 54.92276382 21.00000000 22.00000000
v 54.91846466 21.00000000 23.00000000
v 54.93508911 21.00000000 24.00000000
v 54.94733810 21.00000000 25.00000000
v 54.95105362 21.00000000 26.00000000
v 54.94650269 21.00000000 27.00000000
v 54.93746948 21.00000000 28.00000000
v 54.92256927 21.00000000 29.00000000
v 54.90337753 21.00000000 30.00000000
v 54.88685989 21.00000000 31.00000000
v 54.88174820 21.00000000 32.00000000
v 54.87991714 21.00000000 33.00000000
v 54.87905502 21.00000000 34.00000000
v 54.87573242 21.00000000 35.00000000
v 54.86481476 21.00000000 36.00000000
v 54.86302567 21.00000000 37.00000000
v 54.85956955 21.00000000 38.00000000
v 54.83804321 21.00000000 39.00000000
v 54.81015778 21.00000000 40.00000000
v 54.78589249 21.00000000 41.00000000
v 54.75789642 21.00000000 42.00000000
v 54.73058319 21.00000000 43.00000000
v 54.70445251 21.00000000 44.00000000
v 54.62471390 21.00000000 45.00000000
v 54.40779877 21.00000000 46.00000000
v 54.65415192 22.00000000 18.00000000
v 54.88279724 22.00000000 19.00000000
v 54.92857361 22.00000000 20.00000000
v 54.93424225 22.00000000 21.00000000
v 54.92888260 22.00000000 22.00000000
v 54.91725922 22.00000000 23.00000000
v 54.91550446 22.00000000 24.00000000
v 54.92251587 22.00000000 25.00000000
v 54.92766571 22.00000000 26.00000000
v 54.92940521 22.00000000 27.00000000
v 54.93015289 22.00000000 28.00000000
v 54.92803192 22.00000000 29.00000000
v 54.92231369 22.00000000 30.00000000
v 54.91653061 22.00000000 31.00000000
v 54.91379929 22.00000000 32.00000000
v 54.91638565 22.00000000 33.00000000
v 54.92030716 22.00000000 34.00000000
v 54.92396927 22.00000000 35.00000000
v 54.92255402 22.00000000 36.00000000
v 54.91485596 22.00000000 37.00000000
v 54.90488052 22.00000000 38.00000000
v 54.89344788 22.00000000 39.00000000
v 54.87858963 22.00000000 40.00000000
v 54.86444473 22.00000000 41.00000000
v 54.84474945 22.00000000 42.00000000
v 54.81900024 22.00000000 43.00000000
v 54.78259277 22.00000000 44.00000000
v 54.72264862 22.00000000 45.00000000
v 54.47511292 22.00000000 46.00000000
v 54.66944122 23.00000000 18.00000000
v 54.88383102 23.00000000 19.00000000
v 54.91177368 23.00000000 20.00000000
v 54.90135956 23.00000000 21.00000000
v 54.89167404 23.00000000 22.00000000
v 54.87789917 23.00000000 23.00000000
v 54.87298203 23.00000000 24.00000000
v 54.87129974 23.00000000 25.00000000
v 54.87214661 23.00000000 26.00000000
v 54.87573242 23.00000000 27.00000000
v 54.87567520 23.00000000 28.00000000
v 54.87512970 23.00000000 29.00000000
v 54.87246323 23.00000000 30.00000000
v 54.87054443 23.00000000 31.00000000
v 54.86582184 23.00000000 32.00000000
v 54.86663055 23.00000000 33.00000000
v 54.87371445 23.00000000 34.00000000
v 54.88120651 23.00000000 35.00000000
v 54.88682175 23.00000000 36.00000000
v 54.88038254 23.00000000 37.00000000
v 54.86731720 23.00000000 38.00000000
v 54.85732651 23.00000000 39.00000000
v 54.84526062 23.00000000 40.00000000
v 54.82870102 23.00000000 41.00000000
v 54.80874252 23.00000000 42.00000000
v 54.78990555 23.00000000 43.00000000
v 54.77064514 23.00000000 44.00000000
v 54.72018051 23.00000000 45.00000000
v 54.46459961 23.00000000 46.00000000
v 54.02714539 24.00000000 17.00000000
v 54.70545959 24.00000000 18.00000000
v 54.88396454 24.00000000 19.00000000
v 54.89887238 24.00000000 20.00000000
v 54.88940430 24.00000000 21.00000000
v 54.87585831 24.00000000 22.00000000
v 54.86599350 24.00000000 23.00000000
v 54.85614777 24.00000000 24.00000000
v 54.84672165 24.00000000 25.00000000
v 54.84317780 24.00000000 26.00000000
v 54.83906174 24.00000000 27.00000000
v 54.83617783 24.00000000 28.00000000
v 54.83205414 24.00000000 29.00000000
v 54.82662964 24.00000000 30.00000000
v 54.82517242 24.00000000 31.00000000
v 54.83094025 24.00000000 32.00000000
v 54.83460236 24.00000000 33.00000000
v 54.83827209 24.00000000 34.00000000
v 54.84392548 24.00000000 35.00000000
v 54.84883118 24.00000000 36.00000000
v 54.84702682 24.00000000 37.00000000
v 54.83782578 24.00000000 38.00000000
v 54.82369232 24.00000000 39.00000000
v 54.80824661 24.00000000 40.00000000
v 54.78345108 24.00000000 41.00000000
v 54.75187683 24.00000000 42.00000000
v 54.73175812 24.00000000 43.00000000
v 54.72603226 24.00000000 44.00000000
v 54.68907928 24.00000000 45.00000000
v 54.45260620 24.00000000 46.00000000
v 54.10340118 25.00000000 17.00000000
v 54.72861099 25.00000000 18.00000000
v 54.87654877 25.00000000 19.00000000
v 54.89814758 25.00000000 20.00000000
v 54.88944244 25.00000000 21.00000000
v 54.87233353 25.00000000 22.00000000
v 54.86429596 25.00000000 23.00000000
v 54.85620880 25.00000000 24.00000000
v 54.84776306 25.00000000 25.00000000
v 54.83691025 25.00000000 26.00000000
v 54.82558441 25.00000000 27.00000000
v 54.81493759 25.00000000 28.00000000
v 54.80211639 25.00000000 29.00000000
v 54.79541016 25.00000000 30.00000000
v 54.79414749 25.00000000 31.00000000
v 54.80053329 25.00000000 32.00000000
v 54.80369186 25.00000000 33.00000000
v 54.80996323 25.00000000 34.00000000
v 54.81645966 25.00000000 35.00000000
v 54.81499863 25.00000000 36.00000000
v 54.81284714 25.00000000 37.00000000
v 54.80470657 25.00000000 38.00000000
v 54.78645325 25.00000000 39.00000000
v 54.76430130 25.00000000 40.00000000
v 54.74341583 25.00000000 41.00000000
v 54.70903778 25.00000000 42.00000000
v 54.69013596 25.00000000 43.00000000
v 54.68845367 25.00000000 44.00000000
v 54.65135956 25.00000000 45.00000000
v 54.44235992 25.00000000 46.00000000
v 54.18923187 26.00000000 17.00000000
v 54.72933960 26.00000000 18.00000000
v 54.84869385 26.00000000 19.00000000
v 54.87221527 26.00000000 20.00000000
v 54.87289047 26.00000000 21.00000000
v 54.86194611 26.00000000 22.00000000
v 54.85540771 26.00000000 23.00000000
v 54.84759903 26.00000000 24.00000000
v 54.83892441 26.00000000 25.00000000
v 54.83244324 26.00000000 26.00000000
v 54.82107162 26.00000000 27.00000000
v 54.80787277 26.00000000 28.00000000
v 54.80042267 26.00000000 29.00000000
v 54.79224396 26.00000000 30.00000000
v 54.78244019 26.00000000 31.00000000
v 54.78034210 26.00000000 32.00000000
v 54.78688812 26.00000000 33.00000000
v 54.79425812 26.00000000 34.00000000
v 54.79795837 26.00000000 35.00000000
v 54.79138947 26.00000000 36.00000000
v 54.78273392 26.00000000 37.00000000
v 54.76888275 26.00000000 38.00000000
v 54.75573730 26.00000000 39.00000000
v 54.73479080 26.00000000 40.00000000
v 54.71348953 26.00000000 41.00000000
v 54.67771149 26.00000000 42.00000000
v 54.66061783 26.00000000 43.00000000
v 54.66182327 26.00000000 44.00000000
v 54.61899567 26.00000000 45.00000000
v 54.43239594 26.00000000 46.00000000
v 54.29602432 27.00000000 17.00000000
v 54.73636246 27.00000000 18.00000000
v 54.83125687 27.00000000 19.00000000
v 54.83829498 27.00000000 20.00000000
v 54.84099960 27.00000000 21.00000000
v 54.84172821 27.00000000 22.00000000
v 54.84088135 27.00000000 23.00000000
v 54.83721161 27.00000000 24.00000000
v 54.82940292 27.00000000 25.00000000
v 54.82316971 27.00000000 26.00000000
v 54.81980896 27.00000000 27.00000000
v 54.81189346 27.00000000 28.00000000
v 54.80335999 27.00000000 29.00000000
v 54.79721451 27.00000000 30.00000000
v 54.78800583 27.00000000 31.00000000
v 54.78265381 27.00000000 32.00000000
v 54.78218079 27.00000000 33.00000000
v 54.78254700 27.00000000 34.00000000
v 54.77641296 27.00000000 35.00000000
v 54.76816177 27.00000000 36.00000000
v 54.75296021 27.00000000 37.00000000
v 54.73566818 27.00000000 38.00000000
v 54.72092819 27.00000000 39.00000000
v 54.70741653 27.00000000 40.00000000
v 54.69051743 27.00000000 41.00000000
v 54.65355682 27.00000000 42.00000000
v 54.63541031 27.00000000 43.00000000
v 54.64943314 27.00000000 44.00000000
v 54.60358047 27.00000000 45.00000000
v 54.43875122 27.00000000 46.00000000
v 54.39729309 28.00000000 17.00000000
v 54.74921417 28.00000000 18.00000000
v 54.82108307 28.00000000 19.00000000
v 54.82490158 28.00000000 20.00000000
v 54.82283783 28.00000000 21.00000000
v 54.81992340 28.00000000 22.00000000
v 54.82237244 28.00000000 23.00000000
v 54.82945633 28.00000000 24.00000000
v 54.83060837 28.00000000 25.00000000
v 54.82629776 28.00000000 26.00000000
v 54.82022095 28.00000000 27.00000000
v 54.81895828 28.00000000 28.00000000
v 54.81412506 28.00000000 29.00000000
v 54.80545044 28.00000000 30.00000000
v 54.80097580 28.00000000 31.00000000
v 54.79170609 28.00000000 32.00000000
v 54.78113937 28.00000000 33.00000000
v 54.76547241 28.00000000 34.00000000
v 54.75233841 28.00000000 35.00000000
v 54.74114227 28.00000000 36.00000000
v 54.73612213 28.00000000 37.00000000
v 54.72319031 28.00000000 38.00000000
v 54.70676041 28.00000000 39.00000000
v 54.69522095 28.00000000 40.00000000
v 54.67232895 28.00000000 41.00000000
v 54.64659500 28.00000000 42.00000000
v 54.64281464 28.00000000 43.00000000
v 54.66064453 28.00000000 44.00000000
v 54.61824799 28.00000000 45.00000000
v 54.45955658 28.00000000 46.00000000
v 54.50281906 29.00000000 17.00000000
v 54.77201462 29.00000000 18.00000000
v 54.81872177 29.00000000 19.00000000
v 54.80957031 29.00000000 20.00000000
v 54.79862595 29.00000000 21.00000000
v 54.79720306 29.00000000 22.00000000
v 54.80091476 29.00000000 23.00000000
v 54.80871964 29.00000000 24.00000000
v 54.81697464 29.00000000 25.00000000
v 54.82134247 29.00000000 26.00000000
v 54.82349396 29.00000000 27.00000000
v 54.81515121 29.00000000 28.00000000
v 54.81123352 29.00000000 29.00000000
v 54.80855179 29.00000000 30.00000000
v 54.80151367 29.00000000 31.00000000
v 54.79955673 29.00000000 32.00000000
v 54.78623581 29.00000000 33.00000000
v 54.77234268 29.00000000 34.00000000
v 54.75908661 29.00000000 35.00000000
v 54.74576950 29.00000000 36.00000000
v 54.73596191 29.00000000 37.00000000
v 54.72915649 29.00000000 38.00000000
v 54.72215652 29.00000000 39.00000000
v 54.70812988 29.00000000 40.00000000
v 54.68501663 29.00000000 41.00000000
v 54.65653992 29.00000000 42.00000000
v 54.66730499 29.00000000 43.00000000
v 54.68058014 29.00000000 44.00000000
v 54.64570999 29.00000000 45.00000000
v 54.49428177 29.00000000 46.00000000
v 54.60000610 30.00000000 17.00000000
v 54.78670120 30.00000000 18.00000000
v 54.81553268 30.00000000 19.00000000
v 54.81422043 30.00000000 20.00000000
v 54.80675888 30.00000000 21.00000000
v 54.80203629 30.00000000 22.00000000
v 54.80723190 30.00000000 23.00000000
v 54.81481934 30.00000000 24.00000000
v 54.82041168 30.00000000 25.00000000
v 54.82785034 30.00000000 26.00000000
v 54.83274078 30.00000000 27.00000000
v 54.82507324 30.00000000 28.00000000
v 54.81887817 30.00000000 29.00000000
v 54.81771851 30.00000000 30.00000000
v 54.81734467 30.00000000 31.00000000
v 54.81708527 30.00000000 32.00000000
v 54.81668472 30.00000000 33.00000000
v 54.80504608 30.00000000 34.00000000
v 54.78893661 30.00000000 35.00000000
v 54.77552032 30.00000000 36.00000000
v 54.76208878 30.00000000 37.00000000
v 54.75640488 30.00000000 38.00000000
v 54.74403000 30.00000000 39.00000000
v 54.72250366 30.00000000 40.00000000
v 54.69368362 30.00000000 41.00000000
v 54.67670441 30.00000000 42.00000000
v 54.67870712 30.00000000 43.00000000
v 54.69102478 30.00000000 44.00000000
v 54.67175674 30.00000000 45.00000000
v 54.52585602 30.00000000 46.00000000
v 54.61679840 31.00000000 17.00000000
v 54.79498291 31.00000000 18.00000000
v 54.82221985 31.00000000 19.00000000
v 54.82884979 31.00000000 20.00000000
v 54.82902145 31.00000000 21.00000000
v 54.82806015 31.00000000 22.00000000
v 54.82717896 31.00000000 23.00000000
v 54.83314133 31.00000000 24.00000000
v 54.84106445 31.00000000 25.00000000
v 54.84692001 31.00000000 26.00000000
v 54.84328079 31.00000000 27.00000000
v 54.84165192 31.00000000 28.00000000
v 54.83834457 31.00000000 29.00000000
v 54.84027100 31.00000000 30.00000000
v 54.84548187 31.00000000 31.00000000
v 54.84690857 31.00000000 32.00000000
v 54.84115982 31.00000000 33.00000000
v 54.84400558 31.00000000 34.00000000
v 54.84235382 31.00000000 35.00000000
v 54.83214569 31.00000000 36.00000000
v 54.82318497 31.00000000 37.00000000
v 54.80574036 31.00000000 38.00000000
v 54.77775192 31.00000000 39.00000000
v 54.74180603 31.00000000 40.00000000
v 54.70980835 31.00000000 41.00000000
v 54.69810867 31.00000000 42.00000000
v 54.71037292 31.00000000 43.00000000
v 54.72092056 31.00000000 44.00000000
v 54.70475769 31.00000000 45.00000000
v 54.58369064 31.00000000 46.00000000
v 54.64235306 32.00000000 17.00000000
v 54.81536102 32.00000000 18.00000000
v 54.84808731 32.00000000 19.00000000
v 54.86291504 32.00000000 20.00000000
v 54.87515640 32.00000000 21.00000000
v 54.88442993 32.00000000 22.00000000
v 54.88425064 32.00000000 23.00000000
v 54.88681412 32.00000000 24.00000000
v 54.88466644 32.00000000 25.00000000
v 54.88769150 32.00000000 26.00000000
v 54.89923096 32.00000000 27.00000000
v 54.91305542 32.00000000 28.00000000
v 54.91454315 32.00000000 29.00000000
v 54.91918945 32.00000000 30.00000000
v 54.92785263 32.00000000 31.00000000
v 54.93561172 32.00000000 32.00000000
v 54.94474792 32.00000000 33.00000000
v 54.95468903 32.00000000 34.00000000
v 54.95976639 32.00000000 35.00000000
v 54.95794678 32.00000000 36.00000000
v 54.94078445 32.00000000 37.00000000
v 54.90798187 32.00000000 38.00000000
v 54.86038208 32.00000000 39.00000000
v 54.79832077 32.00000000 40.00000000
v 54.74219131 32.00000000 41.00000000
v 54.73622513 32.00000000 42.00000000
v 54.73920441 32.00000000 43.00000000
v 54.75442505 32.00000000 44.00000000
v 54.74981308 32.00000000 45.00000000
v 54.65246582 32.00000000 46.00000000
v 54.08383560 32.00000000 47.00000000
v 54.78404999 33.00000000 17.00000000
v 54.94620132 33.00000000 18.00000000
v 54.98580170 33.00000000 19.00000000
v 55.00000000 33.00000000 19.37691498
v 55.00000000 32.86824417 20.00000000
v 55.00000000 32.70639420 21.00000000
v 55.00000000 32.59358978 22.00000000
v 55.00000000 32.54819489 23.00000000
v 55.00000000 32.54561234 24.00000000
v 55.00000000 32.55100632 25.00000000
v 55.00000000 32.54115295 26.00000000
v 55.00000000 32.50611496 27.00000000
v 55.00000000 32.47639847 28.00000000
v 55.00000000 32.50358200 29.00000000
v 55.00000000 32.52871323 30.00000000
v 55.00000000 32.51737595 31.00000000
v 55.00000000 32.52497482 32.00000000
v 55.00000000 32.55514145 33.00000000
v 55.00000000 32.46815491 34.00000000
v 55.00000000 32.43667221 35.00000000
v 55.00000000 32.50078964 36.00000000
v 55.00000000 32.80215073 37.00000000
v 54.97285843 33.00000000 38.00000000
v 55.00000000 33.00000000 37.34301758
v 54.92515564 33.00000000 39.00000000
v 54.84586716 33.00000000 40.00000000
v 54.79188538 33.00000000 41.00000000
v 54.78320312 33.00000000 42.00000000
v 54.78738403 33.00000000 43.00000000
v 54.78373337 33.00000000 44.00000000
v 54.78887558 33.00000000 45.00000000
v 54.71185684 33.00000000 46.00000000
v 54.16902924 33.00000000 47.00000000
v 54.42854691 34.00000000 16.00000000
v 55.00000000 34.00000000 16.69538307
v 55.00000000 33.60270691 17.00000000
v 55.00000000 33.18352890 18.00000000
v 55.00000000 33.05428696 19.00000000
v 54.99530029 34.00000000 38.00000000
v 55.00000000 34.00000000 37.88436127
v 54.94636536 34.00000000 39.00000000
v 54.88411713 34.00000000 40.00000000
v 54.84665680 34.00000000 41.00000000
v 54.83235550 34.00000000 42.00000000
v 54.82834625 34.00000000 43.00000000
v 54.83374023 34.00000000 44.00000000
v 54.83390045 34.00000000 45.00000000
v 54.76639938 34.00000000 46.00000000
v 54.24850464 34.00000000 47.00000000
v 54.68426132 35.00000000 16.00000000
v 55.00000000 35.00000000 16.38126183
v 54.99995422 35.00000000 38.00000000
v 55.00000000 35.00000000 37.99861526
v 54.94569016 35.00000000 39.00000000
v 54.90305710 35.00000000 40.00000000
v 54.89936829 35.00000000 41.00000000
v 54.88526535 35.00000000 42.00000000
v 54.87393570 35.00000000 43.00000000
v 54.88891602 35.00000000 44.00000000
v 54.89374161 35.00000000 45.00000000
v 54.82251740 35.00000000 46.00000000
v 54.33087158 35.00000000 47.00000000
v 54.69920731 36.00000000 16.00000000
v 55.00000000 36.00000000 16.34128952
v 54.97455215 36.00000000 38.00000000
v 55.00000000 36.00000000 37.25723267
v 54.92879868 36.00000000 39.00000000
v 54.89464569 36.00000000 40.00000000
v 54.92053604 36.00000000 41.00000000
v 54.92268753 36.00000000 42.00000000
v 54.92811203 36.00000000 43.00000000
v 54.94734955 36.00000000 44.00000000
v 54.94770813 36.00000000 45.00000000
v 54.86248398 36.00000000 46.00000000
v 54.38791275 36.00000000 47.00000000
v 54.35213470 37.00000000 16.00000000
v 55.00000000 37.00000000 16.66752243
v 54.99797821 37.00000000 36.00000000
v 55.00000000 37.00000000 35.92633820
v 55.00000000 36.96656036 36.00000000
v 55.00000000 36.19097900 37.00000000
v 54.95562363 37.00000000 37.00000000
v 54.91982269 37.00000000 38.00000000
v 54.87236023 37.00000000 39.00000000
v 54.86876297 37.00000000 40.00000000
v 54.92806244 37.00000000 41.00000000
v 54.94571686 37.00000000 42.00000000
v 54.97680664 37.00000000 43.00000000
v 55.00000000 37.00000000 43.96551514
v 55.00000000 36.98553085 44.00000000
v 54.99747467 37.00000000 45.00000000
v 55.00000000 37.00000000 44.28110123
v 54.90619659 37.00000000 46.00000000
v 54.42742920 37.00000000 47.00000000
v 55.00000000 37.52120209 17.00000000
v 54.72259903 38.00000000 17.00000000
v 55.00000000 37.99280548 18.00000000
v 54.99630737 38.00000000 18.00000000
v 55.00000000 38.00000000 18.03545570
v 54.94974518 38.00000000 32.00000000
v 55.00000000 38.00000000 31.13943481
v 55.00000000 37.59880829 32.00000000
v 55.00000000 37.34853363 33.00000000
v 54.91032028 38.00000000 33.00000000
v 55.00000000 37.23997498 34.00000000
v 54.89167404 38.00000000 34.00000000
v 55.00000000 37.19090271 35.00000000
v 54.87912750 38.00000000 35.00000000
v 54.86716461 38.00000000 36.00000000
v 54.83658218 38.00000000 37.00000000
v 54.79436111 38.00000000 38.00000000
v 54.74642563 38.00000000 39.00000000
v 54.80437469 38.00000000 40.00000000
v 54.90616608 38.00000000 41.00000000
v 54.95347977 38.00000000 42.00000000
v 55.00000000 38.00000000 42.98226166
v 55.00000000 37.96691513 43.00000000
v 55.00000000 37.06773758 45.00000000
v 54.95020294 38.00000000 46.00000000
v 55.00000000 38.00000000 45.47975159
v 54.47823715 38.00000000 47.00000000
v 54.28095245 39.00000000 18.00000000
v 55.00000000 38.19934845 19.00000000
v 54.49698257 39.00000000 19.00000000
v 55.00000000 38.31412125 20.00000000
v 54.61245346 39.00000000 20.00000000
v 55.00000000 38.40211868 21.00000000
v 54.70194626 39.00000000 21.00000000
v 55.00000000 38.50607681 22.00000000
v 54.77507019 39.00000000 22.00000000
v 55.00000000 38.62412262 23.00000000
v 54.83022690 39.00000000 23.00000000
v 55.00000000 38.71670151 24.00000000
v 54.87638474 39.00000000 24.00000000
v 55.00000000 38.75928879 25.00000000
v 54.90596008 39.00000000 25.00000000
v 55.00000000 38.79446411 26.00000000
v 54.93260193 39.00000000 26.00000000
v 55.00000000 38.75093460 27.00000000
v 54.92974472 39.00000000 27.00000000
v 55.00000000 38.63739395 28.00000000
v 54.90489960 39.00000000 28.00000000
v 55.00000000 38.49000931 29.00000000
v 54.87210464 39.00000000 29.00000000
v 55.00000000 38.31452560 30.00000000
v 54.84434891 39.00000000 30.00000000
v 55.00000000 38.04779053 31.00000000
v 54.80028915 39.00000000 31.00000000
v 54.76068115 39.00000000 32.00000000
v 54.72037506 39.00000000 33.00000000
v 54.69361115 39.00000000 34.00000000
v 54.67343903 39.00000000 35.00000000
v 54.65325928 39.00000000 36.00000000
v 54.63190460 39.00000000 37.00000000
v 54.58063126 39.00000000 38.00000000
v 54.52663040 39.00000000 39.00000000
v 54.65372849 39.00000000 40.00000000
v 54.80213165 39.00000000 41.00000000
v 54.88745880 39.00000000 42.00000000
v 55.00000000 38.03532410 43.00000000
v 54.97333908 39.00000000 43.00000000
v 55.00000000 39.00000000 43.62532806
v 54.89616013 39.00000000 46.00000000
v 55.00000000 39.00000000 45.19194412
v 54.42210388 39.00000000 47.00000000
v 54.11678696 40.00000000 23.00000000
v 54.20918655 40.00000000 24.00000000
v 54.30418396 40.00000000 25.00000000
v 54.40836334 40.00000000 26.00000000
v 54.47716522 40.00000000 27.00000000
v 54.49217224 40.00000000 28.00000000
v 54.47797012 40.00000000 29.00000000
v 54.45425415 40.00000000 30.00000000
v 54.43109131 40.00000000 31.00000000
v 54.40501404 40.00000000 32.00000000
v 54.36851883 40.00000000 33.00000000
v 54.34317398 40.00000000 34.00000000
v 54.33430099 40.00000000 35.00000000
v 54.33630753 40.00000000 36.00000000
v 54.32342148 40.00000000 37.00000000
v 54.23307037 40.00000000 38.00000000
v 54.22680664 40.00000000 39.00000000
v 54.45373535 40.00000000 40.00000000
v 54.64816666 40.00000000 41.00000000
v 54.75668716 40.00000000 42.00000000
v 54.85399246 40.00000000 43.00000000
v 55.00000000 39.18904877 44.00000000
v 54.92000198 40.00000000 44.00000000
v 55.00000000 39.21126556 45.00000000
v 54.91486359 40.00000000 45.00000000
v 54.77880859 40.00000000 46.00000000
v 54.22865295 40.00000000 47.00000000
v 54.17390823 41.00000000 40.00000000
v 54.43953705 41.00000000 41.00000000
v 54.58037186 41.00000000 42.00000000
v 54.67838669 41.00000000 43.00000000
v 54.73900986 41.00000000 44.00000000
v 54.73176575 41.00000000 45.00000000
v 54.57587814 41.00000000 46.00000000
v 54.06570435 42.00000000 41.00000000
v 54.24460602 42.00000000 42.00000000
v 54.38914490 42.00000000 43.00000000
v 54.46286774 42.00000000 44.00000000
v 54.46328735 42.00000000 45.00000000
v 54.24884033 42.00000000 46.00000000
v 55.02806854 33.00000000 20.00000000
v 55.06991959 33.00000000 21.00000000
v 55.10725784 33.00000000 22.00000000
v 55.13186264 33.00000000 23.00000000
v 55.13103485 33.00000000 24.00000000
v 55.13160706 33.00000000 25.00000000
v 55.13414383 33.00000000 26.00000000
v 55.13764954 33.00000000 27.00000000
v 55.13318634 33.00000000 28.00000000
v 55.11785507 33.00000000 29.00000000
v 55.10138321 33.00000000 30.00000000
v 55.09268570 33.00000000 31.00000000
v 55.08007431 33.00000000 32.00000000
v 55.06143951 33.00000000 33.00000000
v 55.06987381 33.00000000 34.00000000
v 55.06966019 33.00000000 35.00000000
v 55.05539703 33.00000000 36.00000000
v 55.01919174 33.00000000 37.00000000
v 55.15446472 34.00000000 17.00000000
v 55.28909302 34.00000000 18.00000000
v 55.31941223 34.00000000 19.00000000
v 55.33412933 34.00000000 20.00000000
v 55.33970261 34.00000000 21.00000000
v 55.33415985 34.00000000 22.00000000
v 55.32685471 34.00000000 23.00000000
v 55.31946182 34.00000000 24.00000000
v 55.29695129 34.00000000 25.00000000
v 55.27218246 34.00000000 26.00000000
v 55.24173355 34.00000000 27.00000000
v 55.21672821 34.00000000 28.00000000
v 55.19702148 34.00000000 29.00000000
v 55.16939545 34.00000000 30.00000000
v 55.14936447 34.00000000 31.00000000
v 55.14154816 34.00000000 32.00000000
v 55.13344955 34.00000000 33.00000000
v 55.12770844 34.00000000 34.00000000
v 55.11645126 34.00000000 35.00000000
v 55.08847809 34.00000000 36.00000000
v 55.05017090 34.00000000 37.00000000
v 55.27473450 35.00000000 17.00000000
v 55.38842010 35.00000000 18.00000000
v 55.41599655 35.00000000 19.00000000
v 55.41281891 35.00000000 20.00000000
v 55.39934921 35.00000000 21.00000000
v 55.39566803 35.00000000 22.00000000
v 55.37837982 35.00000000 23.00000000
v 55.35127640 35.00000000 24.00000000
v 55.32929611 35.00000000 25.00000000
v 55.30703354 35.00000000 26.00000000
v 55.28088760 35.00000000 27.00000000
v 55.25455093 35.00000000 28.00000000
v 55.22790527 35.00000000 29.00000000
v 55.20048523 35.00000000 30.00000000
v 55.18352509 35.00000000 31.00000000
v 55.18052673 35.00000000 32.00000000
v 55.16903687 35.00000000 33.00000000
v 55.15589523 35.00000000 34.00000000
v 55.12508774 35.00000000 35.00000000
v 55.08385468 35.00000000 36.00000000
v 55.04468155 35.00000000 37.00000000
v 55.27548981 36.00000000 17.00000000
v 55.37565994 36.00000000 18.00000000
v 55.39548111 36.00000000 19.00000000
v 55.40158844 36.00000000 20.00000000
v 55.39822769 36.00000000 21.00000000
v 55.38435745 36.00000000 22.00000000
v 55.37502289 36.00000000 23.00000000
v 55.36539459 36.00000000 24.00000000
v 55.33943939 36.00000000 25.00000000
v 55.31616974 36.00000000 26.00000000
v 55.29293823 36.00000000 27.00000000
v 55.26765442 36.00000000 28.00000000
v 55.24525070 36.00000000 29.00000000
v 55.21650314 36.00000000 30.00000000
v 55.18865204 36.00000000 31.00000000
v 55.16394806 36.00000000 32.00000000
v 55.14236069 36.00000000 33.00000000
v 55.12431335 36.00000000 34.00000000
v 55.09794998 36.00000000 35.00000000
v 55.05661011 36.00000000 36.00000000
v 55.01070786 36.00000000 37.00000000
v 55.12116623 37.00000000 17.00000000
v 55.24362183 37.00000000 18.00000000
v 55.28787994 37.00000000 19.00000000
v 55.30401611 37.00000000 20.00000000
v 55.30518341 37.00000000 21.00000000
v 55.30473709 37.00000000 22.00000000
v 55.30838776 37.00000000 23.00000000
v 55.30989456 37.00000000 24.00000000
v 55.30556870 37.00000000 25.00000000
v 55.29219818 37.00000000 26.00000000
v 55.27024841 37.00000000 27.00000000
v 55.24738312 37.00000000 28.00000000
v 55.21627808 37.00000000 29.00000000
v 55.17005539 37.00000000 30.00000000
v 55.11748123 37.00000000 31.00000000
v 55.07145309 37.00000000 32.00000000
v 55.04532242 37.00000000 33.00000000
v 55.03170776 37.00000000 34.00000000
v 55.02535629 37.00000000 35.00000000
v 55.00083542 37.00000000 44.00000000
v 55.04882431 38.00000000 19.00000000
v 55.07579041 38.00000000 20.00000000
v 55.09499741 38.00000000 21.00000000
v 55.11967468 38.00000000 22.00000000
v 55.15231323 38.00000000 23.00000000
v 55.17414474 38.00000000 24.00000000
v 55.17738724 38.00000000 25.00000000
v 55.16738892 38.00000000 26.00000000
v 55.14397812 38.00000000 27.00000000
v 55.12041855 38.00000000 28.00000000
v 55.09278870 38.00000000 29.00000000
v 55.05592728 38.00000000 30.00000000
v 55.00812912 38.00000000 31.00000000
v 55.00082779 38.00000000 43.00000000
v 55.02997208 38.00000000 44.00000000
v 55.03247452 38.00000000 45.00000000
v 55.01474762 39.00000000 44.00000000
v 55.01691818 39.00000000 45.00000000
f 3 2 1
f 5 4 1
f 5 1 2
f 7 6 4
f 7 4 5
f 9 8 6
f 9 6 7
f 10 8 9
f 13 12 11
f 15 14 11
f 15 11 12
f 17 16 14
f 17 14 15
f 19 18 16
f 19 16 17
f 20 18 19
f 3 1 21
f 3 21 22
f 23 1 4
f 21 1 23
f 24 4 6
f 23 4 24
f 25 6 8
f 24 6 25
f 8 10 26
f 8 26 25
f 29 28 27
f 31 30 27
f 31 27 28
f 33 32 30
f 33 30 31
f 35 34 32
f 35 32 33
f 37 36 34
f 37 34 35
f 39 38 36
f 39 36 37
f 41 40 38
f 41 38 39
f 40 41 13
f 11 40 13
f 42 40 11
f 43 11 14
f 42 11 43
f 44 14 16
f 43 14 44
f 45 16 18
f 44 16 45
f 18 20 46
f 47 18 46
f 45 18 47
f 49 48 47
f 49 47 46
f 51 50 48
f 51 48 49
f 52 50 51
f 53 22 21
f 53 21 23
f 53 23 54
f 56 55 54
f 23 56 54
f 24 56 23
f 57 24 25
f 56 24 57
f 25 26 58
f 25 58 57
f 29 27 59
f 29 59 60
f 61 27 30
f 59 27 61
f 62 30 32
f 61 30 62
f 63 32 34
f 62 32 63
f 64 34 36
f 63 34 64
f 65 36 38
f 64 36 65
f 66 38 40
f 65 38 66
f 67 40 42
f 66 40 67
f 68 42 43
f 67 42 68
f 69 43 44
f 68 43 69
f 70 44 45
f 69 44 70
f 71 45 47
f 70 45 71
f 72 47 48
f 71 47 72
f 73 48 50
f 72 48 73
f 50 52 74
f 50 74 73
f 75 55 56
f 75 56 57
f 75 57 76
f 76 57 58
f 77 60 59
f 77 59 61
f 77 61 78
f 80 79 78
f 61 80 78
f 62 80 61
f 81 62 63
f 80 62 81
f 82 63 64
f 81 63 82
f 83 64 65
f 82 64 83
f 84 65 66
f 83 65 84
f 85 66 67
f 84 66 85
f 86 67 68
f 85 67 86
f 87 68 69
f 86 68 87
f 88 69 70
f 87 69 88
f 89 70 71
f 88 70 89
f 90 71 72
f 89 71 90
f 91 72 73
f 90 72 91
f 73 74 92
f 93 73 92
f 91 73 93
f 94 93 92
f 95 79 80
f 95 80 81
f 95 81 96
f 96 81 82
f 96 82 97
f 97 82 83
f 97 83 98
f 98 83 84
f 98 84 99
f 101 100 99
f 84 101 99
f 85 101 84
f 102 85 86
f 101 85 102
f 103 86 87
f 102 86 103
f 104 87 88
f 103 87 104
f 105 88 89
f 104 88 105
f 106 89 90
f 105 89 106
f 107 90 91
f 106 90 107
f 108 91 93
f 107 91 108
f 93 94 109
f 93 109 108
f 110 100 101
f 112 111 110
f 101 112 110
f 102 112 101
f 113 102 103
f 112 102 113
f 114 103 104
f 113 103 114
f 115 104 105
f 114 104 115
f 116 105 106
f 115 105 116
f 117 106 107
f 116 106 117
f 118 107 108
f 117 107 118
f 108 109 119
f 108 119 118
f 120 111 112
f 122 121 120
f 112 122 120
f 113 122 112
f 123 113 114
f 122 113 123
f 124 114 115
f 123 114 124
f 125 115 116
f 124 115 125
f 126 116 117
f 125 116 126
f 127 117 118
f 126 117 127
f 118 119 128
f 118 128 127
f 121 122 129
f 121 129 130
f 131 122 123
f 129 122 131
f 132 123 124
f 131 123 132
f 133 124 125
f 132 124 133
f 134 125 126
f 133 125 134
f 135 126 127
f 134 126 135
f 127 128 136
f 127 136 135
f 139 138 137
f 137 138 130
f 129 137 130
f 140 137 129
f 141 129 131
f 140 129 141
f 142 131 132
f 141 131 142
f 143 132 133
f 142 132 143
f 144 133 134
f 143 133 144
f 145 134 135
f 144 134 145
f 135 136 146
f 135 146 145
f 139 137 147
f 139 147 148
f 149 137 140
f 147 137 149
f 150 140 141
f 149 140 150
f 151 141 142
f 150 141 151
f 152 142 143
f 151 142 152
f 153 143 144
f 152 143 153
f 154 144 145
f 153 144 154
f 145 146 155
f 145 155 154
f 156 148 147
f 156 147 149
f 156 149 157
f 157 149 150
f 157 150 158
f 158 150 151
f 158 151 159
f 161 160 159
f 151 161 159
f 152 161 151
f 162 152 153
f 161 152 162
f 163 153 154
f 162 153 163
f 154 155 164
f 154 164 163
f 165 160 161
f 167 166 165
f 161 167 165
f 162 167 161
f 163 169 168
f 167 163 168
f 162 163 167
f 169 163 164
f 172 171 170
f 174 173 170
f 174 170 171
f 176 175 173
f 176 173 174
f 178 177 175
f 178 175 176
f 180 179 177
f 180 177 178
f 182 181 179
f 182 179 180
f 184 183 181
f 184 181 182
f 186 185 183
f 186 183 184
f 188 187 185
f 188 185 186
f 190 189 187
f 190 187 188
f 192 191 189
f 192 189 190
f 194 193 191
f 194 191 192
f 196 195 193
f 196 193 194
f 198 197 195
f 198 195 196
f 200 199 197
f 200 197 198
f 202 201 199
f 202 199 200
f 203 201 202
f 166 167 204
f 166 204 205
f 167 168 206
f 167 206 204
f 209 208 207
f 211 210 207
f 211 207 208
f 213 212 210
f 213 210 211
f 212 213 172
f 170 212 172
f 214 212 170
f 215 170 173
f 214 170 215
f 216 173 175
f 215 173 216
f 217 175 177
f 216 175 217
f 218 177 179
f 217 177 218
f 219 179 181
f 218 179 219
f 220 181 183
f 219 181 220
f 221 183 185
f 220 183 221
f 222 185 187
f 221 185 222
f 223 187 189
f 222 187 223
f 224 189 191
f 223 189 224
f 225 191 193
f 224 191 225
f 226 193 195
f 225 193 226
f 227 195 197
f 226 195 227
f 228 197 199
f 227 197 228
f 229 199 201
f 228 199 229
f 201 203 230
f 231 201 230
f 229 201 231
f 232 231 230
f 205 204 233
f 205 233 234
f 204 206 235
f 204 235 233
f 209 207 236
f 209 236 237
f 238 207 210
f 236 207 238
f 239 210 212
f 238 210 239
f 240 212 214
f 239 212 240
f 241 214 215
f 240 214 241
f 242 215 216
f 241 215 242
f 243 216 217
f 242 216 243
f 244 217 218
f 243 217 244
f 245 218 219
f 244 218 245
f 246 219 220
f 245 219 246
f 247 220 221
f 246 220 247
f 248 221 222
f 247 221 248
f 249 222 223
f 248 222 249
f 250 223 224
f 249 223 250
f 251 224 225
f 250 224 251
f 252 225 226
f 251 225 252
f 253 226 227
f 252 226 253
f 254 227 228
f 253 227 254
f 255 228 229
f 254 228 255
f 256 229 231
f 255 229 256
f 231 232 257
f 231 257 256
f 260 259 258
f 258 259 234
f 233 258 234
f 261 258 233
f 233 235 262
f 233 262 261
f 237 236 263
f 237 263 264
f 265 236 238
f 263 236 265
f 266 238 239
f 265 238 266
f 267 239 240
f 266 239 267
f 268 240 241
f 267 240 268
f 269 241 242
f 268 241 269
f 270 242 243
f 269 242 270
f 271 243 244
f 270 243 271
f 272 244 245
f 271 244 272
f 273 245 246
f 272 245 273
f 274 246 247
f 273 246 274
f 275 247 248
f 274 247 275
f 276 248 249
f 275 248 276
f 277 249 250
f 276 249 277
f 278 250 251
f 277 250 278
f 279 251 252
f 278 251 279
f 280 252 253
f 279 252 280
f 281 253 254
f 280 253 281
f 282 254 255
f 281 254 282
f 256 284 283
f 282 256 283
f 255 256 282
f 284 256 257
f 260 258 285
f 260 285 286
f 287 258 261
f 285 258 287
f 261 262 288
f 261 288 287
f 289 264 263
f 291 290 289
f 263 291 289
f 265 291 263
f 292 265 266
f 291 265 292
f 293 266 267
f 292 266 293
f 294 267 268
f 293 267 294
f 295 268 269
f 294 268 295
f 296 269 270
f 295 269 296
f 297 270 271
f 296 270 297
f 298 271 272
f 297 271 298
f 299 272 273
f 298 272 299
f 300 273 274
f 299 273 300
f 301 274 275
f 300 274 301
f 302 275 276
f 301 275 302
f 303 276 277
f 302 276 303
f 304 277 278
f 303 277 304
f 305 278 279
f 304 278 305
f 280 307 306
f 305 280 306
f 279 280 305
f 307 280 281
f 307 281 308
f 308 281 282
f 308 282 309
f 309 282 283
f 286 285 310
f 286 310 311
f 312 285 287
f 310 285 312
f 287 288 313
f 287 313 312
f 314 290 291
f 314 291 292
f 314 292 315
f 315 292 293
f 315 293 316
f 318 317 316
f 293 318 316
f 294 318 293
f 319 294 295
f 318 294 319
f 320 295 296
f 319 295 320
f 321 296 297
f 320 296 321
f 322 297 298
f 321 297 322
f 323 298 299
f 322 298 323
f 324 299 300
f 323 299 324
f 325 300 301
f 324 300 325
f 326 301 302
f 325 301 326
f 303 328 327
f 326 303 327
f 302 303 326
f 328 303 304
f 328 304 329
f 329 304 305
f 329 305 330
f 330 305 306
f 311 310 331
f 311 331 332
f 333 310 312
f 331 310 333
f 312 313 334
f 312 334 333
f 335 317 318
f 335 318 319
f 335 319 336
f 336 319 320
f 336 320 337
f 337 320 321
f 337 321 338
f 338 321 322
f 338 322 339
f 339 322 323
f 339 323 340
f 340 323 324
f 340 324 341
f 341 324 325
f 341 325 342
f 342 325 326
f 342 326 343
f 343 326 327
f 344 332 331
f 344 331 333
f 344 333 345
f 345 333 334
f 348 347 346
f 350 349 346
f 350 346 347
f 352 351 349
f 352 349 350
f 354 353 351
f 354 351 352
f 356 355 353
f 356 353 354
f 358 357 355
f 358 355 356
f 360 359 357
f 360 357 358
f 362 361 359
f 362 359 360
f 364 363 361
f 364 361 362
f 366 365 363
f 366 363 364
f 368 367 365
f 368 365 366
f 370 369 367
f 370 367 368
f 372 371 369
f 372 369 370
f 374 373 371
f 374 371 372
f 376 375 373
f 376 373 374
f 378 377 375
f 378 375 376
f 380 379 377
f 380 377 378
f 382 381 379
f 382 379 380
f 384 383 381
f 384 381 382
f 386 385 383
f 386 383 384
f 388 387 385
f 388 385 386
f 390 389 387
f 390 387 388
f 392 391 389
f 392 389 390
f 394 393 391
f 394 391 392
f 396 395 393
f 396 393 394
f 398 397 395
f 398 395 396
f 400 399 397
f 400 397 398
f 402 401 399
f 402 399 400
f 404 403 401
f 404 401 402
f 405 403 404
f 348 346 406
f 348 406 407
f 408 346 349
f 406 346 408
f 3 408 2
f 408 351 2
f 408 349 351
f 2 351 5
f 5 351 353
f 5 353 7
f 7 353 355
f 7 355 9
f 9 355 357
f 9 357 10
f 357 409 10
f 357 359 409
f 410 359 361
f 409 359 410
f 411 361 363
f 410 361 411
f 412 363 365
f 411 363 412
f 413 365 367
f 412 365 413
f 414 367 369
f 413 367 414
f 415 369 371
f 414 369 415
f 416 371 373
f 415 371 416
f 417 373 375
f 416 373 417
f 418 375 377
f 417 375 418
f 419 377 379
f 418 377 419
f 420 379 381
f 419 379 420
f 421 381 383
f 420 381 421
f 422 383 385
f 421 383 422
f 13 422 12
f 422 387 12
f 422 385 387
f 12 387 15
f 15 387 389
f 15 389 17
f 17 389 391
f 17 391 19
f 19 391 393
f 19 393 20
f 393 423 20
f 393 395 423
f 424 395 397
f 423 395 424
f 425 397 399
f 424 397 425
f 426 399 401
f 425 399 426
f 427 401 403
f 426 401 427
f 403 405 428
f 403 428 427
f 407 406 429
f 407 429 430
f 431 406 408
f 429 406 431
f 22 431 3
f 3 431 408
f 432 26 409
f 409 26 10
f 433 409 410
f 432 409 433
f 434 410 411
f 433 410 434
f 435 411 412
f 434 411 435
f 436 412 413
f 435 412 436
f 437 413 414
f 436 413 437
f 438 414 415
f 437 414 438
f 29 438 28
f 438 416 28
f 438 415 416
f 28 416 31
f 31 416 417
f 31 417 33
f 33 417 418
f 33 418 35
f 35 418 419
f 35 419 37
f 37 419 420
f 37 420 39
f 39 420 421
f 39 421 41
f 41 421 422
f 41 422 13
f 423 46 20
f 46 423 49
f 49 423 424
f 49 424 51
f 51 424 425
f 51 425 52
f 425 439 52
f 425 426 439
f 440 426 427
f 439 426 440
f 427 428 441
f 427 441 440
f 430 429 442
f 430 442 443
f 444 429 431
f 442 429 444
f 53 445 22
f 445 431 22
f 445 444 431
f 54 446 53
f 53 446 445
f 55 446 54
f 447 58 432
f 432 58 26
f 448 432 433
f 447 432 448
f 449 433 434
f 448 433 449
f 450 434 435
f 449 434 450
f 451 435 436
f 450 435 451
f 452 436 437
f 451 436 452
f 453 437 438
f 452 437 453
f 60 453 29
f 29 453 438
f 454 74 439
f 439 74 52
f 455 439 440
f 454 439 455
f 440 441 456
f 440 456 455
f 443 442 457
f 443 457 458
f 459 442 444
f 457 442 459
f 460 444 445
f 459 444 460
f 461 445 446
f 460 445 461
f 75 462 55
f 462 446 55
f 462 461 446
f 76 463 75
f 75 463 462
f 58 447 76
f 447 463 76
f 447 464 463
f 465 447 448
f 464 447 465
f 466 448 449
f 465 448 466
f 467 449 450
f 466 449 467
f 468 450 451
f 467 450 468
f 469 451 452
f 468 451 469
f 470 452 453
f 469 452 470
f 77 471 60
f 471 453 60
f 471 470 453
f 78 472 77
f 77 472 471
f 79 472 78
f 454 92 74
f 92 454 94
f 454 473 94
f 454 455 473
f 455 456 474
f 455 474 473
f 458 457 475
f 458 475 476
f 477 457 459
f 475 457 477
f 478 459 460
f 477 459 478
f 479 460 461
f 478 460 479
f 480 461 462
f 479 461 480
f 481 462 463
f 480 462 481
f 482 463 464
f 481 463 482
f 483 464 465
f 482 464 483
f 484 465 466
f 483 465 484
f 485 466 467
f 484 466 485
f 486 467 468
f 485 467 486
f 487 468 469
f 486 468 487
f 488 469 470
f 487 469 488
f 489 470 471
f 488 470 489
f 490 471 472
f 489 471 490
f 95 491 79
f 491 472 79
f 491 490 472
f 96 492 95
f 95 492 491
f 97 493 96
f 96 493 492
f 98 494 97
f 97 494 493
f 99 495 98
f 98 495 494
f 100 495 99
f 496 109 473
f 473 109 94
f 473 474 497
f 473 497 496
f 476 475 498
f 476 498 499
f 500 475 477
f 498 475 500
f 501 477 478
f 500 477 501
f 502 478 479
f 501 478 502
f 503 479 480
f 502 479 503
f 504 480 481
f 503 480 504
f 505 481 482
f 504 481 505
f 506 482 483
f 505 482 506
f 507 483 484
f 506 483 507
f 508 484 485
f 507 484 508
f 509 485 486
f 508 485 509
f 510 486 487
f 509 486 510
f 511 487 488
f 510 487 511
f 512 488 489
f 511 488 512
f 513 489 490
f 512 489 513
f 514 490 491
f 513 490 514
f 515 491 492
f 514 491 515
f 516 492 493
f 515 492 516
f 517 493 494
f 516 493 517
f 518 494 495
f 517 494 518
f 110 519 100
f 519 495 100
f 519 518 495
f 111 519 110
f 520 119 496
f 496 119 109
f 496 497 521
f 496 521 520
f 499 498 522
f 499 522 523
f 524 498 500
f 522 498 524
f 525 500 501
f 524 500 525
f 526 501 502
f 525 501 526
f 527 502 503
f 526 502 527
f 528 503 504
f 527 503 528
f 529 504 505
f 528 504 529
f 530 505 506
f 529 505 530
f 531 506 507
f 530 506 531
f 532 507 508
f 531 507 532
f 533 508 509
f 532 508 533
f 534 509 510
f 533 509 534
f 535 510 511
f 534 510 535
f 536 511 512
f 535 511 536
f 537 512 513
f 536 512 537
f 538 513 514
f 537 513 538
f 539 514 515
f 538 514 539
f 540 515 516
f 539 515 540
f 541 516 517
f 540 516 541
f 542 517 518
f 541 517 542
f 543 518 519
f 542 518 543
f 120 544 111
f 544 519 111
f 544 543 519
f 121 544 120
f 545 128 520
f 520 128 119
f 520 521 546
f 520 546 545
f 549 548 547
f 547 548 523
f 522 547 523
f 550 547 522
f 551 522 524
f 550 522 551
f 552 524 525
f 551 524 552
f 553 525 526
f 552 525 553
f 554 526 527
f 553 526 554
f 555 527 528
f 554 527 555
f 556 528 529
f 555 528 556
f 557 529 530
f 556 529 557
f 558 530 531
f 557 530 558
f 559 531 532
f 558 531 559
f 560 532 533
f 559 532 560
f 561 533 534
f 560 533 561
f 562 534 535
f 561 534 562
f 563 535 536
f 562 535 563
f 564 536 537
f 563 536 564
f 565 537 538
f 564 537 565
f 566 538 539
f 565 538 566
f 567 539 540
f 566 539 567
f 568 540 541
f 567 540 568
f 569 541 542
f 568 541 569
f 570 542 543
f 569 542 570
f 571 543 544
f 570 543 571
f 130 571 121
f 121 571 544
f 572 136 545
f 545 136 128
f 545 546 573
f 545 573 572
f 549 547 574
f 549 574 575
f 576 547 550
f 574 547 576
f 577 550 551
f 576 550 577
f 578 551 552
f 577 551 578
f 579 552 553
f 578 552 579
f 580 553 554
f 579 553 580
f 581 554 555
f 580 554 581
f 582 555 556
f 581 555 582
f 583 556 557
f 582 556 583
f 584 557 558
f 583 557 584
f 585 558 559
f 584 558 585
f 586 559 560
f 585 559 586
f 587 560 561
f 586 560 587
f 588 561 562
f 587 561 588
f 589 562 563
f 588 562 589
f 590 563 564
f 589 563 590
f 591 564 565
f 590 564 591
f 592 565 566
f 591 565 592
f 593 566 567
f 592 566 593
f 594 567 568
f 593 567 594
f 595 568 569
f 594 568 595
f 596 569 570
f 595 569 596
f 139 596 138
f 596 571 138
f 596 570 571
f 138 571 130
f 597 146 572
f 572 146 136
f 572 573 598
f 572 598 597
f 575 574 599
f 575 599 600
f 601 574 576
f 599 574 601
f 602 576 577
f 601 576 602
f 603 577 578
f 602 577 603
f 604 578 579
f 603 578 604
f 605 579 580
f 604 579 605
f 606 580 581
f 605 580 606
f 607 581 582
f 606 581 607
f 608 582 583
f 607 582 608
f 609 583 584
f 608 583 609
f 610 584 585
f 609 584 610
f 611 585 586
f 610 585 611
f 612 586 587
f 611 586 612
f 613 587 588
f 612 587 613
f 614 588 589
f 613 588 614
f 615 589 590
f 614 589 615
f 616 590 591
f 615 590 616
f 617 591 592
f 616 591 617
f 618 592 593
f 617 592 618
f 619 593 594
f 618 593 619
f 620 594 595
f 619 594 620
f 621 595 596
f 620 595 621
f 148 621 139
f 139 621 596
f 622 155 597
f 597 155 146
f 597 598 623
f 597 623 622
f 600 599 624
f 600 624 625
f 626 599 601
f 624 599 626
f 627 601 602
f 626 601 627
f 628 602 603
f 627 602 628
f 629 603 604
f 628 603 629
f 630 604 605
f 629 604 630
f 631 605 606
f 630 605 631
f 632 606 607
f 631 606 632
f 633 607 608
f 632 607 633
f 634 608 609
f 633 608 634
f 635 609 610
f 634 609 635
f 636 610 611
f 635 610 636
f 637 611 612
f 636 611 637
f 638 612 613
f 637 612 638
f 639 613 614
f 638 613 639
f 640 614 615
f 639 614 640
f 641 615 616
f 640 615 641
f 642 616 617
f 641 616 642
f 643 617 618
f 642 617 643
f 644 618 619
f 643 618 644
f 645 619 620
f 644 619 645
f 646 620 621
f 645 620 646
f 156 647 148
f 647 621 148
f 647 646 621
f 157 648 156
f 156 648 647
f 158 649 157
f 157 649 648
f 159 650 158
f 158 650 649
f 160 650 159
f 651 164 622
f 622 164 155
f 622 623 652
f 622 652 651
f 625 624 653
f 625 653 654
f 655 624 626
f 653 624 655
f 656 626 627
f 655 626 656
f 657 627 628
f 656 627 657
f 658 628 629
f 657 628 658
f 659 629 630
f 658 629 659
f 660 630 631
f 659 630 660
f 661 631 632
f 660 631 661
f 662 632 633
f 661 632 662
f 663 633 634
f 662 633 663
f 664 634 635
f 663 634 664
f 665 635 636
f 664 635 665
f 666 636 637
f 665 636 666
f 667 637 638
f 666 637 667
f 668 638 639
f 667 638 668
f 669 639 640
f 668 639 669
f 670 640 641
f 669 640 670
f 671 641 642
f 670 641 671
f 672 642 643
f 671 642 672
f 673 643 644
f 672 643 673
f 674 644 645
f 673 644 674
f 675 645 646
f 674 645 675
f 676 646 647
f 675 646 676
f 677 647 648
f 676 647 677
f 678 648 649
f 677 648 678
f 679 649 650
f 678 649 679
f 165 680 160
f 680 650 160
f 680 679 650
f 166 680 165
f 681 168 169
f 164 651 169
f 651 681 169
f 651 682 681
f 651 652 683
f 651 683 682
f 654 653 684
f 654 684 685
f 686 653 655
f 684 653 686
f 687 655 656
f 686 655 687
f 688 656 657
f 687 656 688
f 172 688 171
f 688 658 171
f 688 657 658
f 171 658 174
f 174 658 659
f 174 659 176
f 176 659 660
f 176 660 178
f 178 660 661
f 178 661 180
f 180 661 662
f 180 662 182
f 182 662 663
f 182 663 184
f 184 663 664
f 184 664 186
f 186 664 665
f 186 665 188
f 188 665 666
f 188 666 190
f 190 666 667
f 190 667 192
f 192 667 668
f 192 668 194
f 194 668 669
f 194 669 196
f 196 669 670
f 196 670 198
f 198 670 671
f 198 671 200
f 200 671 672
f 200 672 202
f 202 672 673
f 202 673 203
f 673 689 203
f 673 674 689
f 690 674 675
f 689 674 690
f 691 675 676
f 690 675 691
f 692 676 677
f 691 676 692
f 693 677 678
f 692 677 693
f 694 678 679
f 693 678 694
f 695 679 680
f 694 679 695
f 205 695 166
f 166 695 680
f 696 206 681
f 681 206 168
f 697 681 682
f 696 681 697
f 682 683 698
f 682 698 697
f 685 684 699
f 685 699 700
f 209 699 208
f 699 686 208
f 699 684 686
f 208 686 211
f 211 686 687
f 211 687 213
f 213 687 688
f 213 688 172
f 689 230 203
f 230 689 232
f 689 701 232
f 689 690 701
f 702 690 691
f 701 690 702
f 703 691 692
f 702 691 703
f 704 692 693
f 703 692 704
f 705 693 694
f 704 693 705
f 706 694 695
f 705 694 706
f 234 706 205
f 205 706 695
f 707 235 696
f 696 235 206
f 708 696 697
f 707 696 708
f 697 698 709
f 710 697 709
f 708 697 710
f 711 710 709
f 700 699 712
f 700 712 713
f 237 712 209
f 209 712 699
f 714 257 701
f 701 257 232
f 715 701 702
f 714 701 715
f 716 702 703
f 715 702 716
f 717 703 704
f 716 703 717
f 718 704 705
f 717 704 718
f 260 718 259
f 718 706 259
f 718 705 706
f 259 706 234
f 719 262 707
f 707 262 235
f 720 707 708
f 719 707 720
f 721 708 710
f 720 708 721
f 710 711 722
f 710 722 721
f 713 712 723
f 713 723 724
f 264 723 237
f 237 723 712
f 725 283 284
f 257 714 284
f 714 725 284
f 714 726 725
f 727 714 715
f 726 714 727
f 728 715 716
f 727 715 728
f 729 716 717
f 728 716 729
f 730 717 718
f 729 717 730
f 286 730 260
f 260 730 718
f 731 288 719
f 719 288 262
f 732 719 720
f 731 719 732
f 733 720 721
f 732 720 733
f 721 722 734
f 721 734 733
f 724 723 735
f 724 735 736
f 289 737 264
f 737 723 264
f 737 735 723
f 290 737 289
f 738 306 307
f 308 739 307
f 307 739 738
f 309 740 308
f 308 740 739
f 283 725 309
f 725 740 309
f 725 741 740
f 742 725 726
f 741 725 742
f 743 726 727
f 742 726 743
f 744 727 728
f 743 727 744
f 745 728 729
f 744 728 745
f 746 729 730
f 745 729 746
f 311 746 286
f 286 746 730
f 747 313 731
f 731 313 288
f 748 731 732
f 747 731 748
f 749 732 733
f 748 732 749
f 733 734 750
f 733 750 749
f 751 736 735
f 753 752 751
f 735 753 751
f 737 753 735
f 314 754 290
f 754 737 290
f 754 753 737
f 315 755 314
f 314 755 754
f 316 756 315
f 315 756 755
f 317 756 316
f 757 327 328
f 329 758 328
f 328 758 757
f 330 759 329
f 329 759 758
f 306 738 330
f 738 759 330
f 738 760 759
f 761 738 739
f 760 738 761
f 762 739 740
f 761 739 762
f 763 740 741
f 762 740 763
f 764 741 742
f 763 741 764
f 765 742 743
f 764 742 765
f 766 743 744
f 765 743 766
f 767 744 745
f 766 744 767
f 768 745 746
f 767 745 768
f 332 768 311
f 311 768 746
f 769 334 747
f 747 334 313
f 770 747 748
f 769 747 770
f 771 748 749
f 770 748 771
f 749 750 772
f 749 772 771
f 773 752 753
f 773 753 754
f 773 754 774
f 776 775 774
f 754 776 774
f 755 776 754
f 777 755 756
f 776 755 777
f 335 778 317
f 778 756 317
f 778 777 756
f 336 779 335
f 335 779 778
f 337 780 336
f 336 780 779
f 338 781 337
f 337 781 780
f 339 782 338
f 338 782 781
f 340 783 339
f 339 783 782
f 341 784 340
f 340 784 783
f 342 785 341
f 341 785 784
f 343 786 342
f 342 786 785
f 327 757 343
f 757 786 343
f 757 787 786
f 788 757 758
f 787 757 788
f 789 758 759
f 788 758 789
f 790 759 760
f 789 759 790
f 791 760 761
f 790 760 791
f 792 761 762
f 791 761 792
f 793 762 763
f 792 762 793
f 794 763 764
f 793 763 794
f 795 764 765
f 794 764 795
f 796 765 766
f 795 765 796
f 797 766 767
f 796 766 797
f 798 767 768
f 797 767 798
f 344 799 332
f 799 768 332
f 799 798 768
f 345 800 344
f 344 800 799
f 334 769 345
f 769 800 345
f 769 801 800
f 802 769 770
f 801 769 802
f 803 770 771
f 802 770 803
f 771 772 804
f 771 804 803
f 805 775 776
f 805 776 777
f 805 777 806
f 806 777 778
f 806 778 807
f 807 778 779
f 807 779 808
f 808 779 780
f 808 780 809
f 811 810 809
f 780 811 809
f 781 811 780
f 812 781 782
f 811 781 812
f 813 782 783
f 812 782 813
f 814 783 784
f 813 783 814
f 815 784 785
f 814 784 815
f 816 785 786
f 815 785 816
f 817 786 787
f 816 786 817
f 818 787 788
f 817 787 818
f 819 788 789
f 818 788 819
f 820 789 790
f 819 789 820
f 821 790 791
f 820 790 821
f 792 823 822
f 821 792 822
f 791 792 821
f 823 792 793
f 823 793 824
f 824 793 794
f 824 794 825
f 825 794 795
f 825 795 826
f 828 827 826
f 795 828 826
f 796 828 795
f 829 796 797
f 828 796 829
f 830 797 798
f 829 797 830
f 831 798 799
f 830 798 831
f 832 799 800
f 831 799 832
f 833 800 801
f 832 800 833
f 834 801 802
f 833 801 834
f 835 802 803
f 834 802 835
f 803 804 836
f 803 836 835
f 837 810 811
f 837 811 812
f 837 812 838
f 838 812 813
f 838 813 839
f 839 813 814
f 839 814 840
f 840 814 815
f 840 815 841
f 841 815 816
f 841 816 842
f 842 816 817
f 842 817 843
f 843 817 818
f 843 818 844
f 844 818 819
f 844 819 845
f 845 819 820
f 845 820 846
f 846 820 821
f 846 821 847
f 847 821 822
f 827 828 848
f 827 848 849
f 850 828 829
f 848 828 850
f 851 829 830
f 850 829 851
f 852 830 831
f 851 830 852
f 853 831 832
f 852 831 853
f 854 832 833
f 853 832 854
f 855 833 834
f 854 833 855
f 835 857 856
f 855 835 856
f 834 835 855
f 857 835 836
f 858 849 848
f 860 859 858
f 848 860 858
f 850 860 848
f 861 850 851
f 860 850 861
f 862 851 852
f 861 851 862
f 863 852 853
f 862 852 863
f 864 853 854
f 863 853 864
f 865 854 855
f 864 854 865
f 855 856 866
f 855 866 865
f 867 859 860
f 867 860 861
f 867 861 868
f 868 861 862
f 868 862 869
f 869 862 863
f 869 863 870
f 870 863 864
f 870 864 871
f 871 864 865
f 871 865 872
f 872 865 866
f 874 873 347
f 874 347 348
f 347 875 350
f 873 875 347
f 350 876 352
f 875 876 350
f 352 877 354
f 876 877 352
f 354 878 356
f 877 878 354
f 356 879 358
f 878 879 356
f 358 880 360
f 879 880 358
f 360 881 362
f 880 881 360
f 362 882 364
f 881 882 362
f 364 883 366
f 882 883 364
f 366 884 368
f 883 884 366
f 368 885 370
f 884 885 368
f 370 886 372
f 885 886 370
f 372 887 374
f 886 887 372
f 374 888 376
f 887 888 374
f 376 889 378
f 888 889 376
f 378 890 380
f 889 890 378
f 380 891 382
f 890 891 380
f 382 892 384
f 891 892 382
f 384 893 386
f 892 893 384
f 386 894 388
f 893 894 386
f 388 895 390
f 894 895 388
f 390 896 392
f 895 896 390
f 392 897 394
f 896 897 392
f 394 898 396
f 897 898 394
f 396 899 398
f 898 899 396
f 398 900 400
f 899 900 398
f 400 901 402
f 900 901 400
f 402 902 404
f 901 902 402
f 405 404 902
f 405 902 903
f 407 874 348
f 407 904 874
f 906 428 905
f 428 903 905
f 428 405 903
f 907 906 905
f 430 904 407
f 430 908 904
f 909 441 906
f 906 441 428
f 906 907 910
f 906 910 909
f 443 908 430
f 443 911 908
f 912 456 909
f 909 456 441
f 909 910 913
f 909 913 912
f 916 915 914
f 915 911 914
f 911 458 914
f 911 443 458
f 917 474 912
f 912 474 456
f 912 913 918
f 912 918 917
f 916 914 919
f 916 919 920
f 476 919 458
f 458 919 914
f 921 497 917
f 917 497 474
f 917 918 922
f 917 922 921
f 920 919 923
f 920 923 924
f 499 923 476
f 476 923 919
f 925 521 921
f 921 521 497
f 921 922 926
f 921 926 925
f 924 923 927
f 924 927 928
f 523 927 499
f 499 927 923
f 929 546 925
f 925 546 521
f 925 926 930
f 925 930 929
f 928 927 548
f 549 928 548
f 931 928 549
f 548 927 523
f 932 573 929
f 929 573 546
f 929 930 933
f 929 933 932
f 575 931 549
f 575 934 931
f 935 598 932
f 932 598 573
f 932 933 936
f 932 936 935
f 600 934 575
f 600 937 934
f 938 623 935
f 935 623 598
f 935 936 939
f 935 939 938
f 625 937 600
f 625 940 937
f 941 652 938
f 938 652 623
f 938 939 942
f 938 942 941
f 654 940 625
f 654 943 940
f 944 683 941
f 941 683 652
f 941 942 945
f 941 945 944
f 685 943 654
f 685 946 943
f 947 698 944
f 944 698 683
f 944 945 948
f 944 948 947
f 700 946 685
f 700 949 946
f 947 709 698
f 711 709 947
f 948 711 947
f 950 711 948
f 953 952 951
f 952 949 951
f 949 713 951
f 949 700 713
f 950 722 711
f 954 722 950
f 955 953 951
f 951 713 955
f 713 956 955
f 713 724 956
f 954 734 722
f 957 734 954
f 736 956 724
f 736 958 956
f 957 750 734
f 959 750 957
f 736 751 960
f 961 736 960
f 958 736 961
f 752 960 751
f 959 772 750
f 962 772 959
f 963 961 960
f 965 963 964
f 964 963 773
f 963 960 773
f 960 752 773
f 774 966 773
f 773 966 964
f 775 966 774
f 962 804 772
f 967 804 962
f 968 965 964
f 968 964 966
f 968 966 969
f 969 966 775
f 805 969 775
f 970 969 805
f 971 805 806
f 971 970 805
f 972 806 807
f 972 971 806
f 974 972 973
f 972 808 973
f 972 807 808
f 809 975 808
f 808 975 973
f 810 975 809
f 976 822 823
f 824 977 823
f 823 977 976
f 977 824 978
f 824 979 978
f 824 825 979
f 981 979 980
f 979 826 980
f 979 825 826
f 827 980 826
f 967 836 804
f 982 836 967
f 983 974 973
f 983 973 975
f 983 975 984
f 984 975 810
f 837 984 810
f 985 984 837
f 986 837 838
f 986 985 837
f 987 838 839
f 987 986 838
f 988 839 840
f 988 987 839
f 989 840 841
f 989 988 840
f 990 841 842
f 990 989 841
f 991 842 843
f 991 990 842
f 992 843 844
f 992 991 843
f 993 844 845
f 993 992 844
f 994 845 846
f 994 993 845
f 995 846 847
f 995 994 846
f 847 822 976
f 996 847 976
f 995 847 996
f 996 976 977
f 996 977 997
f 997 977 978
f 998 981 980
f 980 827 998
f 827 999 998
f 827 849 999
f 1000 856 857
f 1001 1000 857
f 836 1001 857
f 982 1001 836
f 1002 999 849
f 1002 849 858
f 858 859 1002
f 1002 859 1003
f 1005 1004 1000
f 1004 856 1000
f 1004 866 856
f 1005 1000 1001
f 1006 1003 859
f 1006 859 867
f 1008 1006 1007
f 1006 868 1007
f 1006 867 868
f 869 1009 868
f 868 1009 1007
f 870 1010 869
f 869 1010 1009
f 871 1011 870
f 870 1011 1010
f 872 1012 871
f 871 1012 1011
f 1013 1012 872
f 866 1013 872
f 1004 1013 866
f 1014 1008 1007
f 1014 1007 1009
f 1014 1009 1015
f 1015 1009 1010
f 1015 1010 1016
f 1016 1010 1011
f 1016 1011 1017
f 1017 1011 1012
f 1017 1012 1018
f 1018 1012 1013
f 1020 1019 873
f 1020 873 874
f 873 1021 875
f 1019 1021 873
f 875 1022 876
f 1021 1022 875
f 876 1023 877
f 1022 1023 876
f 877 1024 878
f 1023 1024 877
f 878 1025 879
f 1024 1025 878
f 879 1026 880
f 1025 1026 879
f 880 1027 881
f 1026 1027 880
f 881 1028 882
f 1027 1028 881
f 882 1029 883
f 1028 1029 882
f 883 1030 884
f 1029 1030 883
f 884 1031 885
f 1030 1031 884
f 885 1032 886
f 1031 1032 885
f 886 1033 887
f 1032 1033 886
f 887 1034 888
f 1033 1034 887
f 888 1035 889
f 1034 1035 888
f 889 1036 890
f 1035 1036 889
f 890 1037 891
f 1036 1037 890
f 891 1038 892
f 1037 1038 891
f 892 1039 893
f 1038 1039 892
f 893 1040 894
f 1039 1040 893
f 894 1041 895
f 1040 1041 894
f 895 1042 896
f 1041 1042 895
f 896 1043 897
f 1042 1043 896
f 897 1044 898
f 1043 1044 897
f 898 1045 899
f 1044 1045 898
f 899 1046 900
f 1045 1046 899
f 900 1047 901
f 1046 1047 900
f 901 1048 902
f 1047 1048 901
f 903 902 1048
f 903 1048 1049
f 904 1020 874
f 904 1050 1020
f 1049 1051 903
f 903 1051 905
f 907 905 1051
f 907 1051 1052
f 908 1050 904
f 908 1053 1050
f 1052 910 907
f 1054 910 1052
f 1057 1056 1055
f 1056 1053 1055
f 1053 911 1055
f 1053 908 911
f 1054 913 910
f 1058 913 1054
f 1057 1055 915
f 916 1057 915
f 1059 1057 916
f 915 1055 911
f 1058 918 913
f 1060 918 1058
f 920 1059 916
f 920 1061 1059
f 1060 922 918
f 1062 922 1060
f 924 1061 920
f 924 1063 1061
f 1062 926 922
f 1064 926 1062
f 928 1063 924
f 928 1065 1063
f 1064 930 926
f 1066 930 1064
f 931 1065 928
f 931 1067 1065
f 1066 933 930
f 1068 933 1066
f 934 1067 931
f 934 1069 1067
f 1068 936 933
f 1070 936 1068
f 937 1069 934
f 937 1071 1069
f 1070 939 936
f 1072 939 1070
f 940 1071 937
f 940 1073 1071
f 1072 942 939
f 1074 942 1072
f 943 1073 940
f 943 1075 1073
f 1074 945 942
f 1076 945 1074
f 946 1075 943
f 946 1077 1075
f 1076 948 945
f 1078 948 1076
f 949 1077 946
f 949 1079 1077
f 1078 950 948
f 1080 950 1078
f 1082 1081 952
f 1082 952 953
f 949 952 1079
f 1079 952 1081
f 1080 954 950
f 1083 954 1080
f 1084 1082 953
f 1084 953 955
f 955 956 1084
f 1084 956 1085
f 1083 957 954
f 1086 957 1083
f 958 1085 956
f 958 1087 1085
f 1086 959 957
f 1088 959 1086
f 961 1087 958
f 961 1089 1087
f 1088 962 959
f 1090 962 1088
f 1091 1089 961
f 1091 961 963
f 1093 1092 965
f 1092 963 965
f 1092 1091 963
f 1093 1094 1092
f 1090 967 962
f 1095 967 1090
f 968 1093 965
f 1096 1094 1093
f 968 1096 1093
f 969 1096 968
f 1097 969 970
f 1097 1096 969
f 1098 970 971
f 1098 1097 970
f 1099 971 972
f 1099 1098 971
f 1101 1100 974
f 1100 972 974
f 1100 1099 972
f 1103 1102 1101
f 1101 1102 1100
f 1103 1104 1102
f 1107 1106 1105
f 1109 1108 1105
f 1105 1108 1107
f 1111 1110 1109
f 1109 1110 1108
f 978 979 1111
f 979 1110 1111
f 979 1112 1110
f 1114 1113 981
f 1113 979 981
f 1113 1112 979
f 1114 1115 1113
f 1095 982 967
f 1116 982 1095
f 983 1101 974
f 1101 983 984
f 1101 984 1103
f 1117 1104 1103
f 984 1117 1103
f 985 1117 984
f 1118 985 986
f 1118 1117 985
f 1119 986 987
f 1119 1118 986
f 1120 987 988
f 1120 1119 987
f 1121 988 989
f 1121 1120 988
f 1122 989 990
f 1122 1121 989
f 1123 990 991
f 1123 1122 990
f 1124 991 992
f 1124 1123 991
f 1125 992 993
f 1125 1124 992
f 1126 993 994
f 1126 1125 993
f 995 1105 1106
f 1126 995 1106
f 994 995 1126
f 1105 995 996
f 1105 996 1109
f 1109 996 997
f 1109 997 1111
f 1111 997 978
f 998 1114 981
f 998 999 1114
f 999 1115 1114
f 999 1127 1115
f 1116 1001 982
f 1128 1001 1116
f 1129 1127 999
f 1129 999 1002
f 1002 1003 1129
f 1129 1003 1130
f 1131 1004 1005
f 1132 1131 1005
f 1001 1132 1005
f 1128 1132 1001
f 1003 1006 1133
f 1134 1003 1133
f 1130 1003 1134
f 1008 1133 1006
f 1136 1135 1131
f 1135 1004 1131
f 1135 1013 1004
f 1136 1131 1132
f 1137 1134 1133
f 1137 1133 1008
f 1014 1137 1008
f 1138 1137 1014
f 1140 1138 1139
f 1138 1015 1139
f 1138 1014 1015
f 1016 1141 1015
f 1015 1141 1139
f 1141 1016 1142
f 1016 1143 1142
f 1016 1017 1143
f 1144 1017 1018
f 1144 1143 1017
f 1018 1013 1135
f 1018 1135 1144
f 1145 1140 1139
f 1145 1139 1141
f 1145 1141 1146
f 1146 1141 1142
f 1148 1147 1019
f 1148 1019 1020
f 1019 1149 1021
f 1147 1149 1019
f 1021 1150 1022
f 1149 1150 1021
f 1022 1151 1023
f 1150 1151 1022
f 1023 1152 1024
f 1151 1152 1023
f 1024 1153 1025
f 1152 1153 1024
f 1025 1154 1026
f 1153 1154 1025
f 1026 1155 1027
f 1154 1155 1026
f 1027 1156 1028
f 1155 1156 1027
f 1028 1157 1029
f 1156 1157 1028
f 1029 1158 1030
f 1157 1158 1029
f 1030 1159 1031
f 1158 1159 1030
f 1031 1160 1032
f 1159 1160 1031
f 1032 1161 1033
f 1160 1161 1032
f 1033 1162 1034
f 1161 1162 1033
f 1034 1163 1035
f 1162 1163 1034
f 1035 1164 1036
f 1163 1164 1035
f 1036 1165 1037
f 1164 1165 1036
f 1037 1166 1038
f 1165 1166 1037
f 1038 1167 1039
f 1166 1167 1038
f 1039 1168 1040
f 1167 1168 1039
f 1040 1169 1041
f 1168 1169 1040
f 1041 1170 1042
f 1169 1170 1041
f 1042 1171 1043
f 1170 1171 1042
f 1043 1172 1044
f 1171 1172 1043
f 1044 1173 1045
f 1172 1173 1044
f 1045 1174 1046
f 1173 1174 1045
f 1046 1175 1047
f 1174 1175 1046
f 1047 1176 1048
f 1175 1176 1047
f 1049 1048 1176
f 1049 1176 1177
f 1050 1148 1020
f 1050 1178 1148
f 1177 1179 1049
f 1049 1179 1051
f 1052 1051 1179
f 1052 1179 1180
f 1183 1182 1181
f 1182 1178 1181
f 1178 1053 1181
f 1178 1050 1053
f 1180 1054 1052
f 1184 1054 1180
f 1183 1181 1056
f 1057 1183 1056
f 1185 1183 1057
f 1056 1181 1053
f 1184 1058 1054
f 1186 1058 1184
f 1059 1185 1057
f 1059 1187 1185
f 1186 1060 1058
f 1188 1060 1186
f 1061 1187 1059
f 1061 1189 1187
f 1188 1062 1060
f 1190 1062 1188
f 1063 1189 1061
f 1063 1191 1189
f 1190 1064 1062
f 1192 1064 1190
f 1065 1191 1063
f 1065 1193 1191
f 1192 1066 1064
f 1194 1066 1192
f 1067 1193 1065
f 1067 1195 1193
f 1194 1068 1066
f 1196 1068 1194
f 1069 1195 1067
f 1069 1197 1195
f 1196 1070 1068
f 1198 1070 1196
f 1071 1197 1069
f 1071 1199 1197
f 1198 1072 1070
f 1200 1072 1198
f 1073 1199 1071
f 1073 1201 1199
f 1200 1074 1072
f 1202 1074 1200
f 1075 1201 1073
f 1075 1203 1201
f 1202 1076 1074
f 1204 1076 1202
f 1077 1203 1075
f 1077 1205 1203
f 1204 1078 1076
f 1206 1078 1204
f 1079 1205 1077
f 1079 1207 1205
f 1206 1080 1078
f 1208 1080 1206
f 1082 1209 1081
f 1209 1210 1081
f 1210 1079 1081
f 1210 1207 1079
f 1208 1083 1080
f 1211 1083 1208
f 1084 1209 1082
f 1084 1085 1209
f 1085 1210 1209
f 1085 1212 1210
f 1211 1086 1083
f 1213 1086 1211
f 1087 1212 1085
f 1087 1214 1212
f 1213 1088 1086
f 1215 1088 1213
f 1089 1217 1216
f 1214 1089 1216
f 1087 1089 1214
f 1217 1218 1216
f 1221 1220 1219
f 1223 1222 1219
f 1219 1222 1221
f 1225 1224 1223
f 1223 1224 1222
f 1225 1226 1224
f 1215 1090 1088
f 1227 1090 1215
f 1091 1217 1089
f 1228 1218 1217
f 1091 1228 1217
f 1092 1228 1091
f 1230 1229 1094
f 1229 1092 1094
f 1229 1228 1092
f 1232 1231 1230
f 1230 1231 1229
f 1234 1233 1232
f 1232 1233 1231
f 1234 1235 1233
f 1238 1237 1236
f 1240 1239 1236
f 1236 1239 1238
f 1242 1241 1240
f 1240 1241 1239
f 1241 1242 1220
f 1242 1219 1220
f 1242 1243 1219
f 1219 1244 1223
f 1219 1243 1244
f 1223 1245 1225
f 1223 1244 1245
f 1226 1225 1246
f 1225 1247 1246
f 1225 1245 1247
f 1247 1248 1246
f 1227 1095 1090
f 1249 1095 1227
f 1096 1230 1094
f 1230 1096 1097
f 1230 1097 1232
f 1232 1097 1098
f 1232 1098 1234
f 1250 1235 1234
f 1098 1250 1234
f 1099 1250 1098
f 1251 1099 1100
f 1251 1250 1099
f 1252 1100 1102
f 1252 1251 1100
f 1254 1253 1104
f 1253 1102 1104
f 1253 1252 1102
f 1256 1255 1254
f 1254 1255 1253
f 1258 1257 1256
f 1256 1257 1255
f 1260 1259 1258
f 1258 1259 1257
f 1262 1261 1260
f 1260 1261 1259
f 1264 1263 1262
f 1262 1263 1261
f 1266 1265 1264
f 1264 1265 1263
f 1268 1267 1266
f 1266 1267 1265
f 1267 1268 1237
f 1268 1236 1237
f 1268 1269 1236
f 1236 1270 1240
f 1236 1269 1270
f 1270 1106 1107
f 1242 1270 1107
f 1240 1270 1242
f 1242 1107 1108
f 1242 1108 1243
f 1243 1108 1110
f 1243 1110 1244
f 1244 1110 1112
f 1244 1112 1245
f 1245 1112 1113
f 1245 1113 1247
f 1113 1115 1247
f 1115 1248 1247
f 1115 1271 1248
f 1249 1116 1095
f 1272 1116 1249
f 1117 1254 1104
f 1254 1117 1118
f 1254 1118 1256
f 1256 1118 1119
f 1256 1119 1258
f 1258 1119 1120
f 1258 1120 1260
f 1260 1120 1121
f 1260 1121 1262
f 1262 1121 1122
f 1262 1122 1264
f 1264 1122 1123
f 1264 1123 1266
f 1266 1123 1124
f 1266 1124 1268
f 1268 1124 1125
f 1268 1125 1269
f 1269 1125 1126
f 1269 1126 1270
f 1270 1126 1106
f 1127 1271 1115
f 1127 1273 1271
f 1272 1128 1116
f 1274 1128 1272
f 1275 1273 1127
f 1275 1127 1129
f 1129 1130 1275
f 1275 1130 1276
f 1274 1132 1128
f 1277 1132 1274
f 1134 1276 1130
f 1134 1278 1276
f 1280 1279 1136
f 1136 1279 1135
f 1136 1132 1277
f 1136 1277 1280
f 1281 1278 1134
f 1281 1134 1137
f 1283 1281 1282
f 1281 1138 1282
f 1281 1137 1138
f 1140 1282 1138
f 1284 1142 1143
f 1284 1143 1285
f 1143 1286 1285
f 1143 1144 1286
f 1144 1135 1279
f 1144 1279 1286
f 1287 1283 1282
f 1287 1282 1140
f 1145 1287 1140
f 1288 1287 1145
f 1289 1145 1146
f 1289 1288 1145
f 1146 1142 1284
f 1290 1146 1284
f 1289 1146 1290
f 1290 1284 1285
f 1292 1291 1147
f 1292 1147 1148
f 1147 1293 1149
f 1291 1293 1147
f 1149 1294 1150
f 1293 1294 1149
f 1150 1295 1151
f 1294 1295 1150
f 1151 1296 1152
f 1295 1296 1151
f 1152 1297 1153
f 1296 1297 1152
f 1153 1298 1154
f 1297 1298 1153
f 1154 1299 1155
f 1298 1299 1154
f 1155 1300 1156
f 1299 1300 1155
f 1156 1301 1157
f 1300 1301 1156
f 1157 1302 1158
f 1301 1302 1157
f 1158 1303 1159
f 1302 1303 1158
f 1159 1304 1160
f 1303 1304 1159
f 1160 1305 1161
f 1304 1305 1160
f 1161 1306 1162
f 1305 1306 1161
f 1162 1307 1163
f 1306 1307 1162
f 1163 1308 1164
f 1307 1308 1163
f 1164 1309 1165
f 1308 1309 1164
f 1165 1310 1166
f 1309 1310 1165
f 1166 1311 1167
f 1310 1311 1166
f 1167 1312 1168
f 1311 1312 1167
f 1168 1313 1169
f 1312 1313 1168
f 1169 1314 1170
f 1313 1314 1169
f 1170 1315 1171
f 1314 1315 1170
f 1171 1316 1172
f 1315 1316 1171
f 1172 1317 1173
f 1316 1317 1172
f 1173 1318 1174
f 1317 1318 1173
f 1174 1319 1175
f 1318 1319 1174
f 1175 1320 1176
f 1319 1320 1175
f 1177 1176 1320
f 1177 1320 1321
f 1178 1292 1148
f 1178 1322 1292
f 1321 1323 1177
f 1177 1323 1179
f 1180 1179 1323
f 1180 1323 1324
f 1326 1325 1182
f 1326 1182 1183
f 1178 1182 1322
f 1322 1182 1325
f 1324 1184 1180
f 1327 1184 1324
f 1185 1326 1183
f 1185 1328 1326
f 1327 1186 1184
f 1329 1186 1327
f 1187 1328 1185
f 1187 1330 1328
f 1329 1188 1186
f 1331 1188 1329
f 1189 1330 1187
f 1189 1332 1330
f 1331 1190 1188
f 1333 1190 1331
f 1191 1332 1189
f 1191 1334 1332
f 1333 1192 1190
f 1335 1192 1333
f 1193 1334 1191
f 1193 1336 1334
f 1335 1194 1192
f 1337 1194 1335
f 1195 1336 1193
f 1195 1338 1336
f 1337 1196 1194
f 1339 1196 1337
f 1197 1338 1195
f 1197 1340 1338
f 1339 1198 1196
f 1341 1198 1339
f 1199 1340 1197
f 1199 1342 1340
f 1341 1200 1198
f 1343 1200 1341
f 1201 1342 1199
f 1201 1344 1342
f 1343 1202 1200
f 1345 1202 1343
f 1203 1344 1201
f 1203 1346 1344
f 1345 1204 1202
f 1347 1204 1345
f 1205 1349 1348
f 1346 1205 1348
f 1203 1205 1346
f 1349 1350 1348
f 1353 1352 1351
f 1355 1354 1351
f 1351 1354 1353
f 1357 1356 1355
f 1355 1356 1354
f 1359 1358 1357
f 1357 1358 1356
f 1361 1360 1359
f 1359 1360 1358
f 1363 1362 1361
f 1361 1362 1360
f 1365 1364 1363
f 1363 1364 1362
f 1367 1366 1365
f 1365 1366 1364
f 1369 1368 1367
f 1367 1368 1366
f 1371 1370 1369
f 1369 1370 1368
f 1373 1372 1371
f 1371 1372 1370
f 1375 1374 1373
f 1373 1374 1372
f 1377 1376 1375
f 1375 1376 1374
f 1377 1378 1376
f 1347 1206 1204
f 1379 1206 1347
f 1381 1380 1349
f 1205 1381 1349
f 1207 1381 1205
f 1349 1380 1350
f 1384 1383 1382
f 1384 1382 1352
f 1382 1351 1352
f 1382 1385 1351
f 1351 1386 1355
f 1351 1385 1386
f 1355 1387 1357
f 1355 1386 1387
f 1357 1388 1359
f 1357 1387 1388
f 1359 1389 1361
f 1359 1388 1389
f 1361 1390 1363
f 1361 1389 1390
f 1363 1391 1365
f 1363 1390 1391
f 1365 1392 1367
f 1365 1391 1392
f 1367 1393 1369
f 1367 1392 1393
f 1369 1394 1371
f 1369 1393 1394
f 1371 1395 1373
f 1371 1394 1395
f 1373 1396 1375
f 1373 1395 1396
f 1375 1397 1377
f 1375 1396 1397
f 1378 1377 1398
f 1398 1377 1397
f 1379 1208 1206
f 1399 1208 1379
f 1210 1381 1207
f 1210 1400 1381
f 1383 1401 1382
f 1382 1401 1385
f 1385 1401 1402
f 1404 1403 1402
f 1403 1385 1402
f 1403 1386 1385
f 1386 1405 1387
f 1386 1403 1405
f 1387 1406 1388
f 1387 1405 1406
f 1388 1407 1389
f 1388 1406 1407
f 1389 1408 1390
f 1389 1407 1408
f 1390 1409 1391
f 1390 1408 1409
f 1391 1410 1392
f 1391 1409 1410
f 1392 1411 1393
f 1392 1410 1411
f 1393 1412 1394
f 1393 1411 1412
f 1394 1413 1395
f 1394 1412 1413
f 1395 1414 1396
f 1395 1413 1414
f 1396 1415 1397
f 1396 1414 1415
f 1398 1397 1416
f 1416 1397 1415
f 1399 1211 1208
f 1417 1211 1399
f 1212 1419 1418
f 1400 1212 1418
f 1210 1212 1400
f 1419 1420 1418
f 1403 1404 1421
f 1421 1404 1422
f 1403 1423 1405
f 1403 1421 1423
f 1405 1424 1406
f 1405 1423 1424
f 1406 1425 1407
f 1406 1424 1425
f 1407 1426 1408
f 1407 1425 1426
f 1408 1427 1409
f 1408 1426 1427
f 1409 1428 1410
f 1409 1427 1428
f 1410 1429 1411
f 1410 1428 1429
f 1411 1430 1412
f 1411 1429 1430
f 1412 1431 1413
f 1412 1430 1431
f 1413 1432 1414
f 1413 1431 1432
f 1414 1433 1415
f 1414 1432 1433
f 1416 1415 1434
f 1434 1415 1433
f 1417 1213 1211
f 1435 1213 1417
f 1214 1436 1419
f 1214 1419 1212
f 1420 1419 1437
f 1419 1438 1437
f 1419 1436 1438
f 1440 1439 1438
f 1438 1439 1437
f 1442 1441 1440
f 1440 1441 1439
f 1442 1443 1441
f 1446 1445 1444
f 1448 1447 1444
f 1444 1447 1446
f 1450 1449 1448
f 1448 1449 1447
f 1449 1450 1422
f 1450 1421 1422
f 1450 1451 1421
f 1421 1452 1423
f 1421 1451 1452
f 1423 1453 1424
f 1423 1452 1453
f 1424 1454 1425
f 1424 1453 1454
f 1425 1455 1426
f 1425 1454 1455
f 1426 1456 1427
f 1426 1455 1456
f 1427 1457 1428
f 1427 1456 1457
f 1428 1458 1429
f 1428 1457 1458
f 1429 1459 1430
f 1429 1458 1459
f 1430 1460 1431
f 1430 1459 1460
f 1431 1461 1432
f 1431 1460 1461
f 1432 1462 1433
f 1432 1461 1462
f 1434 1433 1463
f 1463 1433 1462
f 1435 1215 1213
f 1464 1215 1435
f 1216 1436 1214
f 1436 1216 1218
f 1465 1436 1218
f 1438 1436 1465
f 1438 1466 1440
f 1438 1465 1466
f 1440 1467 1442
f 1440 1466 1467
f 1443 1442 1468
f 1442 1469 1468
f 1442 1467 1469
f 1471 1470 1469
f 1469 1470 1468
f 1473 1472 1471
f 1471 1472 1470
f 1475 1474 1473
f 1473 1474 1472
f 1474 1475 1445
f 1475 1444 1445
f 1475 1476 1444
f 1444 1477 1448
f 1444 1476 1477
f 1448 1478 1450
f 1448 1477 1478
f 1450 1479 1451
f 1450 1478 1479
f 1451 1480 1452
f 1451 1479 1480
f 1452 1481 1453
f 1452 1480 1481
f 1453 1482 1454
f 1453 1481 1482
f 1454 1483 1455
f 1454 1482 1483
f 1455 1484 1456
f 1455 1483 1484
f 1456 1485 1457
f 1456 1484 1485
f 1457 1486 1458
f 1457 1485 1486
f 1486 1220 1221
f 1459 1486 1221
f 1458 1486 1459
f 1459 1221 1222
f 1459 1222 1460
f 1460 1222 1224
f 1460 1224 1461
f 1461 1224 1226
f 1487 1461 1226
f 1462 1461 1487
f 1463 1462 1488
f 1488 1462 1487
f 1464 1227 1215
f 1489 1227 1464
f 1228 1465 1218
f 1465 1228 1229
f 1465 1229 1466
f 1466 1229 1231
f 1466 1231 1467
f 1467 1231 1233
f 1467 1233 1469
f 1469 1233 1235
f 1490 1469 1235
f 1471 1469 1490
f 1471 1491 1473
f 1471 1490 1491
f 1473 1492 1475
f 1473 1491 1492
f 1475 1493 1476
f 1475 1492 1493
f 1476 1494 1477
f 1476 1493 1494
f 1477 1495 1478
f 1477 1494 1495
f 1478 1496 1479
f 1478 1495 1496
f 1479 1497 1480
f 1479 1496 1497
f 1480 1498 1481
f 1480 1497 1498
f 1481 1499 1482
f 1481 1498 1499
f 1482 1500 1483
f 1482 1499 1500
f 1500 1237 1238
f 1484 1500 1238
f 1483 1500 1484
f 1484 1238 1239
f 1484 1239 1485
f 1485 1239 1241
f 1485 1241 1486
f 1486 1241 1220
f 1246 1487 1226
f 1246 1248 1487
f 1248 1488 1487
f 1248 1501 1488
f 1489 1249 1227
f 1502 1249 1489
f 1250 1490 1235
f 1490 1250 1251
f 1490 1251 1491
f 1491 1251 1252
f 1491 1252 1492
f 1492 1252 1253
f 1492 1253 1493
f 1493 1253 1255
f 1493 1255 1494
f 1494 1255 1257
f 1494 1257 1495
f 1495 1257 1259
f 1495 1259 1496
f 1496 1259 1261
f 1496 1261 1497
f 1497 1261 1263
f 1497 1263 1498
f 1498 1263 1265
f 1498 1265 1499
f 1499 1265 1267
f 1499 1267 1500
f 1500 1267 1237
f 1271 1501 1248
f 1271 1503 1501
f 1502 1272 1249
f 1504 1272 1502
f 1273 1503 1271
f 1273 1505 1503
f 1504 1274 1272
f 1506 1274 1504
f 1507 1505 1273
f 1507 1273 1275
f 1275 1276 1507
f 1507 1276 1508
f 1506 1277 1274
f 1509 1277 1506
f 1278 1508 1276
f 1278 1510 1508
f 1512 1511 1280
f 1280 1511 1279
f 1280 1277 1509
f 1280 1509 1512
f 1513 1510 1278
f 1513 1278 1281
f 1281 1283 1513
f 1513 1283 1514
f 1516 1515 1286
f 1286 1515 1285
f 1286 1279 1511
f 1286 1511 1516
f 1517 1514 1283
f 1517 1283 1287
f 1518 1287 1288
f 1518 1517 1287
f 1519 1288 1289
f 1519 1518 1288
f 1520 1289 1290
f 1520 1519 1289
f 1290 1285 1515
f 1290 1515 1520
f 1522 1521 1291
f 1522 1291 1292
f 1291 1523 1293
f 1521 1523 1291
f 1293 1524 1294
f 1523 1524 1293
f 1294 1525 1295
f 1524 1525 1294
f 1295 1526 1296
f 1525 1526 1295
f 1296 1527 1297
f 1526 1527 1296
f 1297 1528 1298
f 1527 1528 1297
f 1298 1529 1299
f 1528 1529 1298
f 1299 1530 1300
f 1529 1530 1299
f 1300 1531 1301
f 1530 1531 1300
f 1301 1532 1302
f 1531 1532 1301
f 1302 1533 1303
f 1532 1533 1302
f 1303 1534 1304
f 1533 1534 1303
f 1304 1535 1305
f 1534 1535 1304
f 1305 1536 1306
f 1535 1536 1305
f 1306 1537 1307
f 1536 1537 1306
f 1307 1538 1308
f 1537 1538 1307
f 1308 1539 1309
f 1538 1539 1308
f 1309 1540 1310
f 1539 1540 1309
f 1310 1541 1311
f 1540 1541 1310
f 1311 1542 1312
f 1541 1542 1311
f 1312 1543 1313
f 1542 1543 1312
f 1313 1544 1314
f 1543 1544 1313
f 1314 1545 1315
f 1544 1545 1314
f 1315 1546 1316
f 1545 1546 1315
f 1316 1547 1317
f 1546 1547 1316
f 1317 1548 1318
f 1547 1548 1317
f 1318 1549 1319
f 1548 1549 1318
f 1319 1550 1320
f 1549 1550 1319
f 1321 1320 1550
f 1321 1550 1551
f 1322 1522 1292
f 1322 1552 1522
f 1551 1553 1321
f 1321 1553 1323
f 1324 1323 1553
f 1324 1553 1554
f 1556 1555 1325
f 1556 1325 1326
f 1322 1325 1552
f 1552 1325 1555
f 1554 1327 1324
f 1557 1327 1554
f 1328 1556 1326
f 1328 1558 1556
f 1557 1329 1327
f 1559 1329 1557
f 1330 1558 1328
f 1330 1560 1558
f 1559 1331 1329
f 1561 1331 1559
f 1332 1560 1330
f 1332 1562 1560
f 1561 1333 1331
f 1563 1333 1561
f 1334 1562 1332
f 1334 1564 1562
f 1563 1335 1333
f 1565 1335 1563
f 1336 1564 1334
f 1336 1566 1564
f 1565 1337 1335
f 1567 1337 1565
f 1338 1566 1336
f 1338 1568 1566
f 1567 1339 1337
f 1569 1339 1567
f 1340 1568 1338
f 1340 1570 1568
f 1569 1341 1339
f 1571 1341 1569
f 1342 1570 1340
f 1342 1572 1570
f 1571 1343 1341
f 1573 1343 1571
f 1344 1572 1342
f 1344 1574 1572
f 1573 1345 1343
f 1575 1345 1573
f 1346 1574 1344
f 1346 1576 1574
f 1575 1347 1345
f 1577 1347 1575
f 1578 1576 1346
f 1578 1346 1348
f 1580 1579 1350
f 1579 1348 1350
f 1579 1578 1348
f 1582 1581 1580
f 1580 1581 1579
f 1584 1583 1582
f 1582 1583 1581
f 1586 1585 1584
f 1584 1585 1583
f 1588 1587 1586
f 1586 1587 1585
f 1590 1589 1588
f 1588 1589 1587
f 1592 1591 1590
f 1590 1591 1589
f 1594 1593 1592
f 1592 1593 1591
f 1596 1595 1594
f 1594 1595 1593
f 1352 1353 1596
f 1353 1595 1596
f 1353 1597 1595
f 1598 1353 1354
f 1598 1597 1353
f 1599 1354 1356
f 1599 1598 1354
f 1600 1356 1358
f 1600 1599 1356
f 1601 1358 1360
f 1601 1600 1358
f 1602 1360 1362
f 1602 1601 1360
f 1603 1362 1364
f 1603 1602 1362
f 1604 1364 1366
f 1604 1603 1364
f 1605 1366 1368
f 1605 1604 1366
f 1606 1368 1370
f 1606 1605 1368
f 1607 1370 1372
f 1607 1606 1370
f 1608 1372 1374
f 1608 1607 1372
f 1609 1374 1376
f 1609 1608 1374
f 1376 1378 1609
f 1609 1378 1610
f 1577 1379 1347
f 1611 1379 1577
f 1381 1612 1380
f 1580 1350 1380
f 1612 1580 1380
f 1613 1580 1612
f 1580 1614 1582
f 1580 1613 1614
f 1582 1615 1584
f 1582 1614 1615
f 1584 1616 1586
f 1584 1615 1616
f 1586 1617 1588
f 1586 1616 1617
f 1588 1618 1590
f 1588 1617 1618
f 1590 1619 1592
f 1590 1618 1619
f 1592 1620 1594
f 1592 1619 1620
f 1620 1383 1384
f 1596 1620 1384
f 1594 1620 1596
f 1596 1384 1352
f 1398 1610 1378
f 1398 1621 1610
f 1611 1399 1379
f 1622 1399 1611
f 1400 1623 1612
f 1400 1612 1381
f 1612 1624 1613
f 1612 1623 1624
f 1613 1625 1614
f 1613 1624 1625
f 1614 1626 1615
f 1614 1625 1626
f 1615 1627 1616
f 1615 1626 1627
f 1616 1628 1617
f 1616 1627 1628
f 1617 1629 1618
f 1617 1628 1629
f 1618 1630 1619
f 1618 1629 1630
f 1619 1631 1620
f 1619 1630 1631
f 1632 1401 1383
f 1620 1632 1383
f 1631 1632 1620
f 1633 1402 1401
f 1633 1401 1632
f 1633 1404 1402
f 1416 1621 1398
f 1416 1634 1621
f 1622 1417 1399
f 1635 1417 1622
f 1418 1623 1400
f 1623 1418 1420
f 1636 1623 1420
f 1624 1623 1636
f 1624 1637 1625
f 1624 1636 1637
f 1625 1638 1626
f 1625 1637 1638
f 1626 1639 1627
f 1626 1638 1639
f 1627 1640 1628
f 1627 1639 1640
f 1628 1641 1629
f 1628 1640 1641
f 1629 1642 1630
f 1629 1641 1642
f 1630 1643 1631
f 1630 1642 1643
f 1631 1644 1632
f 1631 1643 1644
f 1632 1645 1633
f 1632 1644 1645
f 1645 1422 1404
f 1645 1404 1633
f 1434 1634 1416
f 1434 1646 1634
f 1635 1435 1417
f 1647 1435 1635
f 1437 1636 1420
f 1636 1437 1439
f 1636 1439 1637
f 1637 1439 1441
f 1637 1441 1638
f 1638 1441 1443
f 1648 1638 1443
f 1639 1638 1648
f 1639 1649 1640
f 1639 1648 1649
f 1640 1650 1641
f 1640 1649 1650
f 1641 1651 1642
f 1641 1650 1651
f 1651 1445 1446
f 1643 1651 1446
f 1642 1651 1643
f 1643 1446 1447
f 1643 1447 1644
f 1644 1447 1449
f 1644 1449 1645
f 1645 1449 1422
f 1463 1646 1434
f 1463 1652 1646
f 1647 1464 1435
f 1653 1464 1647
f 1468 1648 1443
f 1648 1468 1470
f 1648 1470 1649
f 1649 1470 1472
f 1649 1472 1650
f 1650 1472 1474
f 1650 1474 1651
f 1651 1474 1445
f 1488 1652 1463
f 1488 1654 1652
f 1653 1489 1464
f 1655 1489 1653
f 1501 1654 1488
f 1501 1656 1654
f 1655 1502 1489
f 1657 1502 1655
f 1503 1656 1501
f 1503 1658 1656
f 1657 1504 1502
f 1659 1504 1657
f 1505 1658 1503
f 1505 1660 1658
f 1659 1506 1504
f 1661 1506 1659
f 1662 1660 1505
f 1662 1505 1507
f 1507 1508 1662
f 1662 1508 1663
f 1661 1509 1506
f 1664 1509 1661
f 1510 1663 1508
f 1510 1665 1663
f 1666 1511 1512
f 1667 1666 1512
f 1509 1667 1512
f 1664 1667 1509
f 1668 1665 1510
f 1668 1510 1513
f 1513 1514 1668
f 1668 1514 1669
f 1670 1515 1516
f 1671 1670 1516
f 1671 1516 1511
f 1672 1671 1511
f 1666 1672 1511
f 1672 1666 1667
f 1673 1669 1514
f 1673 1514 1517
f 1674 1517 1518
f 1674 1673 1517
f 1675 1518 1519
f 1675 1674 1518
f 1676 1519 1520
f 1676 1675 1519
f 1520 1515 1670
f 1677 1520 1670
f 1676 1520 1677
f 1677 1670 1671
f 1679 1678 1521
f 1679 1521 1522
f 1521 1680 1523
f 1678 1680 1521
f 1523 1681 1524
f 1680 1681 1523
f 1524 1682 1525
f 1681 1682 1524
f 1525 1683 1526
f 1682 1683 1525
f 1526 1684 1527
f 1683 1684 1526
f 1527 1685 1528
f 1684 1685 1527
f 1528 1686 1529
f 1685 1686 1528
f 1529 1687 1530
f 1686 1687 1529
f 1530 1688 1531
f 1687 1688 1530
f 1531 1689 1532
f 1688 1689 1531
f 1532 1690 1533
f 1689 1690 1532
f 1533 1691 1534
f 1690 1691 1533
f 1534 1692 1535
f 1691 1692 1534
f 1535 1693 1536
f 1692 1693 1535
f 1536 1694 1537
f 1693 1694 1536
f 1537 1695 1538
f 1694 1695 1537
f 1538 1696 1539
f 1695 1696 1538
f 1539 1697 1540
f 1696 1697 1539
f 1540 1698 1541
f 1697 1698 1540
f 1541 1699 1542
f 1698 1699 1541
f 1542 1700 1543
f 1699 1700 1542
f 1543 1701 1544
f 1700 1701 1543
f 1544 1702 1545
f 1701 1702 1544
f 1545 1703 1546
f 1702 1703 1545
f 1546 1704 1547
f 1703 1704 1546
f 1547 1705 1548
f 1704 1705 1547
f 1548 1706 1549
f 1705 1706 1548
f 1549 1707 1550
f 1706 1707 1549
f 1551 1550 1707
f 1551 1707 1708
f 1552 1679 1522
f 1552 1709 1679
f 1708 1710 1551
f 1551 1710 1553
f 1554 1553 1710
f 1554 1710 1711
f 1713 1712 1555
f 1713 1555 1556
f 1552 1555 1709
f 1709 1555 1712
f 1711 1557 1554
f 1714 1557 1711
f 1558 1713 1556
f 1558 1715 1713
f 1714 1559 1557
f 1716 1559 1714
f 1560 1715 1558
f 1560 1717 1715
f 1716 1561 1559
f 1718 1561 1716
f 1562 1717 1560
f 1562 1719 1717
f 1718 1563 1561
f 1720 1563 1718
f 1564 1719 1562
f 1564 1721 1719
f 1720 1565 1563
f 1722 1565 1720
f 1566 1721 1564
f 1566 1723 1721
f 1722 1567 1565
f 1724 1567 1722
f 1568 1723 1566
f 1568 1725 1723
f 1724 1569 1567
f 1726 1569 1724
f 1570 1725 1568
f 1570 1727 1725
f 1726 1571 1569
f 1728 1571 1726
f 1731 1730 1729
f 1730 1727 1729
f 1727 1572 1729
f 1727 1570 1572
f 1728 1573 1571
f 1732 1573 1728
f 1731 1729 1733
f 1731 1733 1734
f 1574 1733 1572
f 1572 1733 1729
f 1732 1575 1573
f 1735 1575 1732
f 1736 1734 1733
f 1574 1576 1733
f 1576 1737 1733
f 1737 1736 1733
f 1737 1576 1738
f 1738 1739 1737
f 1742 1741 1740
f 1744 1743 1740
f 1740 1743 1742
f 1746 1745 1744
f 1744 1745 1743
f 1746 1747 1745
f 1735 1577 1575
f 1748 1577 1735
f 1578 1738 1576
f 1749 1739 1738
f 1578 1749 1738
f 1579 1749 1578
f 1750 1579 1581
f 1750 1749 1579
f 1751 1581 1583
f 1751 1750 1581
f 1752 1583 1585
f 1752 1751 1583
f 1753 1585 1587
f 1753 1752 1585
f 1754 1587 1589
f 1754 1753 1587
f 1755 1589 1591
f 1755 1754 1589
f 1756 1591 1593
f 1756 1755 1591
f 1757 1593 1595
f 1757 1756 1593
f 1758 1595 1597
f 1758 1757 1595
f 1759 1597 1598
f 1759 1758 1597
f 1760 1598 1599
f 1760 1759 1598
f 1761 1599 1600
f 1761 1760 1599
f 1762 1600 1601
f 1762 1761 1600
f 1763 1601 1602
f 1763 1762 1601
f 1764 1602 1603
f 1764 1763 1602
f 1765 1603 1604
f 1765 1764 1603
f 1766 1604 1605
f 1766 1765 1604
f 1606 1740 1741
f 1766 1606 1741
f 1605 1606 1766
f 1740 1606 1607
f 1740 1607 1744
f 1744 1607 1608
f 1744 1608 1746
f 1767 1747 1746
f 1608 1767 1746
f 1609 1767 1608
f 1609 1610 1767
f 1767 1610 1768
f 1748 1611 1577
f 1769 1611 1748
f 1621 1768 1610
f 1621 1770 1768
f 1769 1622 1611
f 1771 1622 1769
f 1634 1770 1621
f 1634 1772 1770
f 1771 1635 1622
f 1773 1635 1771
f 1646 1772 1634
f 1646 1774 1772
f 1773 1647 1635
f 1775 1647 1773
f 1652 1774 1646
f 1652 1776 1774
f 1775 1653 1647
f 1777 1653 1775
f 1654 1776 1652
f 1654 1778 1776
f 1777 1655 1653
f 1779 1655 1777
f 1656 1778 1654
f 1656 1780 1778
f 1779 1657 1655
f 1781 1657 1779
f 1658 1780 1656
f 1658 1782 1780
f 1781 1659 1657
f 1783 1659 1781
f 1660 1782 1658
f 1660 1784 1782
f 1783 1661 1659
f 1785 1661 1783
f 1786 1784 1660
f 1786 1660 1662
f 1662 1663 1786
f 1786 1663 1787
f 1785 1664 1661
f 1788 1664 1785
f 1665 1787 1663
f 1665 1789 1787
f 1788 1667 1664
f 1790 1667 1788
f 1791 1789 1665
f 1791 1665 1668
f 1668 1669 1791
f 1791 1669 1792
f 1794 1793 1672
f 1672 1793 1671
f 1672 1667 1790
f 1672 1790 1794
f 1795 1792 1669
f 1795 1669 1673
f 1796 1673 1674
f 1796 1795 1673
f 1797 1674 1675
f 1797 1796 1674
f 1798 1675 1676
f 1798 1797 1675
f 1799 1676 1677
f 1799 1798 1676
f 1677 1671 1793
f 1677 1793 1799
f 1801 1800 1678
f 1801 1678 1679
f 1678 1802 1680
f 1800 1802 1678
f 1680 1803 1681
f 1802 1803 1680
f 1681 1804 1682
f 1803 1804 1681
f 1682 1805 1683
f 1804 1805 1682
f 1683 1806 1684
f 1805 1806 1683
f 1684 1807 1685
f 1806 1807 1684
f 1685 1808 1686
f 1807 1808 1685
f 1686 1809 1687
f 1808 1809 1686
f 1687 1810 1688
f 1809 1810 1687
f 1688 1811 1689
f 1810 1811 1688
f 1689 1812 1690
f 1811 1812 1689
f 1690 1813 1691
f 1812 1813 1690
f 1691 1814 1692
f 1813 1814 1691
f 1692 1815 1693
f 1814 1815 1692
f 1693 1816 1694
f 1815 1816 1693
f 1694 1817 1695
f 1816 1817 1694
f 1695 1818 1696
f 1817 1818 1695
f 1696 1819 1697
f 1818 1819 1696
f 1697 1820 1698
f 1819 1820 1697
f 1698 1821 1699
f 1820 1821 1698
f 1699 1822 1700
f 1821 1822 1699
f 1700 1823 1701
f 1822 1823 1700
f 1701 1824 1702
f 1823 1824 1701
f 1702 1825 1703
f 1824 1825 1702
f 1703 1826 1704
f 1825 1826 1703
f 1704 1827 1705
f 1826 1827 1704
f 1705 1828 1706
f 1827 1828 1705
f 1706 1829 1707
f 1828 1829 1706
f 1708 1707 1829
f 1708 1829 1830
f 1709 1801 1679
f 1709 1831 1801
f 1830 1832 1708
f 1708 1832 1710
f 1711 1710 1832
f 1711 1832 1833
f 1835 1834 1712
f 1835 1712 1713
f 1709 1712 1831
f 1831 1712 1834
f 1833 1714 1711
f 1836 1714 1833
f 1715 1835 1713
f 1715 1837 1835
f 1836 1716 1714
f 1838 1716 1836
f 1717 1837 1715
f 1717 1839 1837
f 1838 1718 1716
f 1840 1718 1838
f 1719 1839 1717
f 1719 1841 1839
f 1840 1720 1718
f 1842 1720 1840
f 1721 1841 1719
f 1721 1843 1841
f 1842 1722 1720
f 1844 1722 1842
f 1723 1843 1721
f 1723 1845 1843
f 1844 1724 1722
f 1846 1724 1844
f 1725 1845 1723
f 1725 1847 1845
f 1846 1726 1724
f 1848 1726 1846
f 1727 1847 1725
f 1727 1849 1847
f 1848 1728 1726
f 1850 1728 1848
f 1852 1851 1730
f 1852 1730 1731
f 1727 1730 1849
f 1849 1730 1851
f 1850 1732 1728
f 1853 1732 1850
f 1734 1852 1731
f 1734 1854 1852
f 1853 1735 1732
f 1855 1735 1853
f 1856 1854 1734
f 1856 1734 1736
f 1858 1856 1857
f 1856 1737 1857
f 1856 1736 1737
f 1739 1857 1737
f 1861 1860 1859
f 1741 1742 1859
f 1742 1861 1859
f 1742 1862 1861
f 1863 1742 1743
f 1863 1862 1742
f 1864 1743 1745
f 1864 1863 1743
f 1866 1865 1747
f 1865 1745 1747
f 1865 1864 1745
f 1866 1867 1865
f 1855 1748 1735
f 1868 1748 1855
f 1869 1858 1857
f 1869 1857 1739
f 1749 1869 1739
f 1870 1869 1749
f 1871 1749 1750
f 1871 1870 1749
f 1872 1750 1751
f 1872 1871 1750
f 1873 1751 1752
f 1873 1872 1751
f 1874 1752 1753
f 1874 1873 1752
f 1875 1753 1754
f 1875 1874 1753
f 1876 1754 1755
f 1876 1875 1754
f 1877 1755 1756
f 1877 1876 1755
f 1878 1756 1757
f 1878 1877 1756
f 1879 1757 1758
f 1879 1878 1757
f 1880 1758 1759
f 1880 1879 1758
f 1881 1759 1760
f 1881 1880 1759
f 1882 1760 1761
f 1882 1881 1760
f 1883 1761 1762
f 1883 1882 1761
f 1884 1762 1763
f 1884 1883 1762
f 1885 1763 1764
f 1885 1884 1763
f 1886 1764 1765
f 1886 1885 1764
f 1766 1859 1860
f 1886 1766 1860
f 1765 1766 1886
f 1859 1766 1741
f 1767 1866 1747
f 1767 1768 1866
f 1768 1867 1866
f 1768 1887 1867
f 1868 1769 1748
f 1888 1769 1868
f 1770 1887 1768
f 1770 1889 1887
f 1888 1771 1769
f 1890 1771 1888
f 1772 1889 1770
f 1772 1891 1889
f 1890 1773 1771
f 1892 1773 1890
f 1774 1891 1772
f 1774 1893 1891
f 1892 1775 1773
f 1894 1775 1892
f 1776 1893 1774
f 1776 1895 1893
f 1894 1777 1775
f 1896 1777 1894
f 1778 1895 1776
f 1778 1897 1895
f 1896 1779 1777
f 1898 1779 1896
f 1780 1897 1778
f 1780 1899 1897
f 1898 1781 1779
f 1900 1781 1898
f 1782 1899 1780
f 1782 1901 1899
f 1900 1783 1781
f 1902 1783 1900
f 1784 1901 1782
f 1784 1903 1901
f 1902 1785 1783
f 1904 1785 1902
f 1905 1903 1784
f 1905 1784 1786
f 1786 1787 1905
f 1905 1787 1906
f 1904 1788 1785
f 1907 1788 1904
f 1789 1906 1787
f 1789 1908 1906
f 1907 1790 1788
f 1909 1790 1907
f 1910 1908 1789
f 1910 1789 1791
f 1791 1792 1910
f 1910 1792 1911
f 1913 1912 1794
f 1794 1912 1793
f 1794 1790 1909
f 1794 1909 1913
f 1914 1911 1792
f 1914 1792 1795
f 1915 1795 1796
f 1915 1914 1795
f 1916 1796 1797
f 1916 1915 1796
f 1917 1797 1798
f 1917 1916 1797
f 1918 1798 1799
f 1918 1917 1798
f 1799 1793 1912
f 1799 1912 1918
f 1920 1919 1800
f 1920 1800 1801
f 1800 1921 1802
f 1919 1921 1800
f 1802 1922 1803
f 1921 1922 1802
f 1803 1923 1804
f 1922 1923 1803
f 1804 1924 1805
f 1923 1924 1804
f 1805 1925 1806
f 1924 1925 1805
f 1806 1926 1807
f 1925 1926 1806
f 1807 1927 1808
f 1926 1927 1807
f 1808 1928 1809
f 1927 1928 1808
f 1809 1929 1810
f 1928 1929 1809
f 1810 1930 1811
f 1929 1930 1810
f 1811 1931 1812
f 1930 1931 1811
f 1812 1932 1813
f 1931 1932 1812
f 1813 1933 1814
f 1932 1933 1813
f 1814 1934 1815
f 1933 1934 1814
f 1815 1935 1816
f 1934 1935 1815
f 1816 1936 1817
f 1935 1936 1816
f 1817 1937 1818
f 1936 1937 1817
f 1818 1938 1819
f 1937 1938 1818
f 1819 1939 1820
f 1938 1939 1819
f 1820 1940 1821
f 1939 1940 1820
f 1821 1941 1822
f 1940 1941 1821
f 1822 1942 1823
f 1941 1942 1822
f 1823 1943 1824
f 1942 1943 1823
f 1824 1944 1825
f 1943 1944 1824
f 1825 1945 1826
f 1944 1945 1825
f 1826 1946 1827
f 1945 1946 1826
f 1827 1947 1828
f 1946 1947 1827
f 1828 1948 1829
f 1947 1948 1828
f 1830 1829 1948
f 1830 1948 1949
f 1831 1920 1801
f 1831 1950 1920
f 1949 1951 1830
f 1830 1951 1832
f 1833 1832 1951
f 1833 1951 1952
f 1954 1953 1834
f 1954 1834 1835
f 1831 1834 1950
f 1950 1834 1953
f 1952 1836 1833
f 1955 1836 1952
f 1837 1954 1835
f 1837 1956 1954
f 1955 1838 1836
f 1957 1838 1955
f 1839 1956 1837
f 1839 1958 1956
f 1957 1840 1838
f 1959 1840 1957
f 1841 1958 1839
f 1841 1960 1958
f 1959 1842 1840
f 1961 1842 1959
f 1843 1960 1841
f 1843 1962 1960
f 1961 1844 1842
f 1963 1844 1961
f 1845 1962 1843
f 1845 1964 1962
f 1963 1846 1844
f 1965 1846 1963
f 1847 1964 1845
f 1847 1966 1964
f 1965 1848 1846
f 1967 1848 1965
f 1849 1966 1847
f 1849 1968 1966
f 1967 1850 1848
f 1969 1850 1967
f 1971 1970 1851
f 1971 1851 1852
f 1849 1851 1968
f 1968 1851 1970
f 1969 1853 1850
f 1972 1853 1969
f 1854 1971 1852
f 1854 1973 1971
f 1972 1855 1853
f 1974 1855 1972
f 1975 1973 1854
f 1975 1854 1856
f 1856 1858 1975
f 1975 1858 1976
f 1979 1978 1977
f 1860 1861 1977
f 1861 1979 1977
f 1861 1980 1979
f 1981 1861 1862
f 1981 1980 1861
f 1982 1862 1863
f 1982 1981 1862
f 1983 1863 1864
f 1983 1982 1863
f 1984 1864 1865
f 1984 1983 1864
f 1865 1867 1984
f 1984 1867 1985
f 1974 1868 1855
f 1986 1868 1974
f 1987 1976 1858
f 1987 1858 1869
f 1988 1869 1870
f 1988 1987 1869
f 1989 1870 1871
f 1989 1988 1870
f 1990 1871 1872
f 1990 1989 1871
f 1991 1872 1873
f 1991 1990 1872
f 1992 1873 1874
f 1992 1991 1873
f 1993 1874 1875
f 1993 1992 1874
f 1994 1875 1876
f 1994 1993 1875
f 1995 1876 1877
f 1995 1994 1876
f 1996 1877 1878
f 1996 1995 1877
f 1997 1878 1879
f 1997 1996 1878
f 1998 1879 1880
f 1998 1997 1879
f 1999 1880 1881
f 1999 1998 1880
f 2000 1881 1882
f 2000 1999 1881
f 2001 1882 1883
f 2001 2000 1882
f 2002 1883 1884
f 2002 2001 1883
f 2003 1884 1885
f 2003 2002 1884
f 1886 1977 1978
f 2003 1886 1978
f 1885 1886 2003
f 1977 1886 1860
f 1887 1985 1867
f 1887 2004 1985
f 1986 1888 1868
f 2005 1888 1986
f 1889 2004 1887
f 1889 2006 2004
f 2005 1890 1888
f 2007 1890 2005
f 1891 2006 1889
f 1891 2008 2006
f 2007 1892 1890
f 2009 1892 2007
f 1893 2008 1891
f 1893 2010 2008
f 2009 1894 1892
f 2011 1894 2009
f 1895 2010 1893
f 1895 2012 2010
f 2011 1896 1894
f 2013 1896 2011
f 1897 2012 1895
f 1897 2014 2012
f 2013 1898 1896
f 2015 1898 2013
f 1899 2014 1897
f 1899 2016 2014
f 2015 1900 1898
f 2017 1900 2015
f 1901 2016 1899
f 1901 2018 2016
f 2017 1902 1900
f 2019 1902 2017
f 1903 2018 1901
f 1903 2020 2018
f 2019 1904 1902
f 2021 1904 2019
f 2022 2020 1903
f 2022 1903 1905
f 1905 1906 2022
f 2022 1906 2023
f 2021 1907 1904
f 2024 1907 2021
f 1908 2023 1906
f 1908 2025 2023
f 2024 1909 1907
f 2026 1909 2024
f 2027 2025 1908
f 2027 1908 1910
f 1910 1911 2027
f 2027 1911 2028
f 2030 2029 1913
f 1913 2029 1912
f 1913 1909 2026
f 1913 2026 2030
f 2031 2028 1911
f 2031 1911 1914
f 2032 1914 1915
f 2032 2031 1914
f 2033 1915 1916
f 2033 2032 1915
f 2034 1916 1917
f 2034 2033 1916
f 2035 1917 1918
f 2035 2034 1917
f 1918 1912 2029
f 1918 2029 2035
f 2037 2036 1919
f 2037 1919 1920
f 1919 2038 1921
f 2036 2038 1919
f 1921 2039 1922
f 2038 2039 1921
f 1922 2040 1923
f 2039 2040 1922
f 1923 2041 1924
f 2040 2041 1923
f 1924 2042 1925
f 2041 2042 1924
f 1925 2043 1926
f 2042 2043 1925
f 1926 2044 1927
f 2043 2044 1926
f 1927 2045 1928
f 2044 2045 1927
f 1928 2046 1929
f 2045 2046 1928
f 1929 2047 1930
f 2046 2047 1929
f 1930 2048 1931
f 2047 2048 1930
f 1931 2049 1932
f 2048 2049 1931
f 1932 2050 1933
f 2049 2050 1932
f 1933 2051 1934
f 2050 2051 1933
f 1934 2052 1935
f 2051 2052 1934
f 1935 2053 1936
f 2052 2053 1935
f 1936 2054 1937
f 2053 2054 1936
f 1937 2055 1938
f 2054 2055 1937
f 1938 2056 1939
f 2055 2056 1938
f 1939 2057 1940
f 2056 2057 1939
f 1940 2058 1941
f 2057 2058 1940
f 1941 2059 1942
f 2058 2059 1941
f 1942 2060 1943
f 2059 2060 1942
f 1943 2061 1944
f 2060 2061 1943
f 1944 2062 1945
f 2061 2062 1944
f 1945 2063 1946
f 2062 2063 1945
f 1946 2064 1947
f 2063 2064 1946
f 1947 2065 1948
f 2064 2065 1947
f 1949 1948 2065
f 1949 2065 2066
f 1950 2037 1920
f 1950 2067 2037
f 2066 2068 1949
f 1949 2068 1951
f 1952 1951 2068
f 1952 2068 2069
f 2071 2070 1953
f 2071 1953 1954
f 1950 1953 2067
f 2067 1953 2070
f 2069 1955 1952
f 2072 1955 2069
f 1956 2071 1954
f 1956 2073 2071
f 2072 1957 1955
f 2074 1957 2072
f 1958 2073 1956
f 1958 2075 2073
f 2074 1959 1957
f 2076 1959 2074
f 1960 2075 1958
f 1960 2077 2075
f 2076 1961 1959
f 2078 1961 2076
f 1962 2077 1960
f 1962 2079 2077
f 2078 1963 1961
f 2080 1963 2078
f 1964 2079 1962
f 1964 2081 2079
f 2080 1965 1963
f 2082 1965 2080
f 1966 2081 1964
f 1966 2083 2081
f 2082 1967 1965
f 2084 1967 2082
f 1968 2083 1966
f 1968 2085 2083
f 2084 1969 1967
f 2086 1969 2084
f 2088 2087 1970
f 2088 1970 1971
f 1968 1970 2085
f 2085 1970 2087
f 2086 1972 1969
f 2089 1972 2086
f 1973 2088 1971
f 1973 2090 2088
f 2089 1974 1972
f 2091 1974 2089
f 2092 2090 1973
f 2092 1973 1975
f 1975 1976 2092
f 2092 1976 2093
f 2096 2095 2094
f 1978 1979 2094
f 1979 2096 2094
f 1979 2097 2096
f 2098 1979 1980
f 2098 2097 1979
f 2099 1980 1981
f 2099 2098 1980
f 2100 1981 1982
f 2100 2099 1981
f 2101 1982 1983
f 2101 2100 1982
f 2102 1983 1984
f 2102 2101 1983
f 1984 1985 2102
f 2102 1985 2103
f 2091 1986 1974
f 2104 1986 2091
f 2105 2093 1976
f 2105 1976 1987
f 2106 1987 1988
f 2106 2105 1987
f 2107 1988 1989
f 2107 2106 1988
f 2108 1989 1990
f 2108 2107 1989
f 2109 1990 1991
f 2109 2108 1990
f 2110 1991 1992
f 2110 2109 1991
f 2111 1992 1993
f 2111 2110 1992
f 2112 1993 1994
f 2112 2111 1993
f 2113 1994 1995
f 2113 2112 1994
f 2114 1995 1996
f 2114 2113 1995
f 2115 1996 1997
f 2115 2114 1996
f 2116 1997 1998
f 2116 2115 1997
f 2117 1998 1999
f 2117 2116 1998
f 2118 1999 2000
f 2118 2117 1999
f 2119 2000 2001
f 2119 2118 2000
f 2120 2001 2002
f 2120 2119 2001
f 2003 2094 2095
f 2120 2003 2095
f 2002 2003 2120
f 2094 2003 1978
f 2004 2103 1985
f 2004 2121 2103
f 2104 2005 1986
f 2122 2005 2104
f 2006 2121 2004
f 2006 2123 2121
f 2122 2007 2005
f 2124 2007 2122
f 2008 2123 2006
f 2008 2125 2123
f 2124 2009 2007
f 2126 2009 2124
f 2010 2125 2008
f 2010 2127 2125
f 2126 2011 2009
f 2128 2011 2126
f 2012 2127 2010
f 2012 2129 2127
f 2128 2013 2011
f 2130 2013 2128
f 2014 2129 2012
f 2014 2131 2129
f 2130 2015 2013
f 2132 2015 2130
f 2016 2131 2014
f 2016 2133 2131
f 2132 2017 2015
f 2134 2017 2132
f 2018 2133 2016
f 2018 2135 2133
f 2134 2019 2017
f 2136 2019 2134
f 2020 2135 2018
f 2020 2137 2135
f 2136 2021 2019
f 2138 2021 2136
f 2139 2137 2020
f 2139 2020 2022
f 2022 2023 2139
f 2139 2023 2140
f 2138 2024 2021
f 2141 2024 2138
f 2025 2140 2023
f 2025 2142 2140
f 2141 2026 2024
f 2143 2026 2141
f 2144 2142 2025
f 2144 2025 2027
f 2027 2028 2144
f 2144 2028 2145
f 2147 2146 2030
f 2030 2146 2029
f 2030 2026 2143
f 2030 2143 2147
f 2148 2145 2028
f 2148 2028 2031
f 2149 2031 2032
f 2149 2148 2031
f 2150 2032 2033
f 2150 2149 2032
f 2151 2033 2034
f 2151 2150 2033
f 2152 2034 2035
f 2152 2151 2034
f 2035 2029 2146
f 2035 2146 2152
f 2154 2153 2036
f 2154 2036 2037
f 2036 2155 2038
f 2153 2155 2036
f 2038 2156 2039
f 2155 2156 2038
f 2039 2157 2040
f 2156 2157 2039
f 2040 2158 2041
f 2157 2158 2040
f 2041 2159 2042
f 2158 2159 2041
f 2042 2160 2043
f 2159 2160 2042
f 2043 2161 2044
f 2160 2161 2043
f 2044 2162 2045
f 2161 2162 2044
f 2045 2163 2046
f 2162 2163 2045
f 2046 2164 2047
f 2163 2164 2046
f 2047 2165 2048
f 2164 2165 2047
f 2048 2166 2049
f 2165 2166 2048
f 2049 2167 2050
f 2166 2167 2049
f 2050 2168 2051
f 2167 2168 2050
f 2051 2169 2052
f 2168 2169 2051
f 2052 2170 2053
f 2169 2170 2052
f 2053 2171 2054
f 2170 2171 2053
f 2054 2172 2055
f 2171 2172 2054
f 2055 2173 2056
f 2172 2173 2055
f 2056 2174 2057
f 2173 2174 2056
f 2057 2175 2058
f 2174 2175 2057
f 2058 2176 2059
f 2175 2176 2058
f 2059 2177 2060
f 2176 2177 2059
f 2060 2178 2061
f 2177 2178 2060
f 2061 2179 2062
f 2178 2179 2061
f 2062 2180 2063
f 2179 2180 2062
f 2063 2181 2064
f 2180 2181 2063
f 2064 2182 2065
f 2181 2182 2064
f 2066 2065 2182
f 2066 2182 2183
f 2067 2154 2037
f 2067 2184 2154
f 2183 2185 2066
f 2066 2185 2068
f 2069 2068 2185
f 2069 2185 2186
f 2188 2187 2070
f 2188 2070 2071
f 2067 2070 2184
f 2184 2070 2187
f 2186 2072 2069
f 2189 2072 2186
f 2073 2188 2071
f 2073 2190 2188
f 2189 2074 2072
f 2191 2074 2189
f 2075 2190 2073
f 2075 2192 2190
f 2191 2076 2074
f 2193 2076 2191
f 2077 2192 2075
f 2077 2194 2192
f 2193 2078 2076
f 2195 2078 2193
f 2079 2194 2077
f 2079 2196 2194
f 2195 2080 2078
f 2197 2080 2195
f 2081 2196 2079
f 2081 2198 2196
f 2197 2082 2080
f 2199 2082 2197
f 2083 2198 2081
f 2083 2200 2198
f 2199 2084 2082
f 2201 2084 2199
f 2204 2203 2202
f 2203 2200 2202
f 2200 2085 2202
f 2200 2083 2085
f 2201 2086 2084
f 2205 2086 2201
f 2204 2202 2087
f 2088 2204 2087
f 2206 2204 2088
f 2087 2202 2085
f 2205 2089 2086
f 2207 2089 2205
f 2090 2206 2088
f 2090 2208 2206
f 2207 2091 2089
f 2209 2091 2207
f 2210 2208 2090
f 2210 2090 2092
f 2092 2093 2210
f 2210 2093 2211
f 2213 2212 2096
f 2096 2212 2095
f 2214 2096 2097
f 2214 2213 2096
f 2215 2097 2098
f 2215 2214 2097
f 2216 2098 2099
f 2216 2215 2098
f 2217 2099 2100
f 2217 2216 2099
f 2218 2100 2101
f 2218 2217 2100
f 2219 2101 2102
f 2219 2218 2101
f 2102 2103 2219
f 2219 2103 2220
f 2209 2104 2091
f 2221 2104 2209
f 2222 2211 2093
f 2222 2093 2105
f 2223 2105 2106
f 2223 2222 2105
f 2224 2106 2107
f 2224 2223 2106
f 2225 2107 2108
f 2225 2224 2107
f 2226 2108 2109
f 2226 2225 2108
f 2227 2109 2110
f 2227 2226 2109
f 2228 2110 2111
f 2228 2227 2110
f 2229 2111 2112
f 2229 2228 2111
f 2230 2112 2113
f 2230 2229 2112
f 2231 2113 2114
f 2231 2230 2113
f 2232 2114 2115
f 2232 2231 2114
f 2233 2115 2116
f 2233 2232 2115
f 2234 2116 2117
f 2234 2233 2116
f 2235 2117 2118
f 2235 2234 2117
f 2236 2118 2119
f 2236 2235 2118
f 2237 2119 2120
f 2237 2236 2119
f 2120 2095 2212
f 2120 2212 2237
f 2121 2220 2103
f 2121 2238 2220
f 2221 2122 2104
f 2239 2122 2221
f 2123 2238 2121
f 2123 2240 2238
f 2239 2124 2122
f 2241 2124 2239
f 2125 2240 2123
f 2125 2242 2240
f 2241 2126 2124
f 2243 2126 2241
f 2127 2242 2125
f 2127 2244 2242
f 2243 2128 2126
f 2245 2128 2243
f 2129 2244 2127
f 2129 2246 2244
f 2245 2130 2128
f 2247 2130 2245
f 2131 2246 2129
f 2131 2248 2246
f 2247 2132 2130
f 2249 2132 2247
f 2133 2248 2131
f 2133 2250 2248
f 2249 2134 2132
f 2251 2134 2249
f 2135 2250 2133
f 2135 2252 2250
f 2251 2136 2134
f 2253 2136 2251
f 2137 2252 2135
f 2137 2254 2252
f 2253 2138 2136
f 2255 2138 2253
f 2256 2254 2137
f 2256 2137 2139
f 2139 2140 2256
f 2256 2140 2257
f 2255 2141 2138
f 2258 2141 2255
f 2142 2257 2140
f 2142 2259 2257
f 2258 2143 2141
f 2260 2143 2258
f 2261 2259 2142
f 2261 2142 2144
f 2144 2145 2261
f 2261 2145 2262
f 2264 2263 2147
f 2147 2263 2146
f 2147 2143 2260
f 2147 2260 2264
f 2265 2262 2145
f 2265 2145 2148
f 2266 2148 2149
f 2266 2265 2148
f 2267 2149 2150
f 2267 2266 2149
f 2268 2150 2151
f 2268 2267 2150
f 2269 2151 2152
f 2269 2268 2151
f 2152 2146 2263
f 2152 2263 2269
f 2271 2270 2153
f 2271 2153 2154
f 2153 2272 2155
f 2270 2272 2153
f 2155 2273 2156
f 2272 2273 2155
f 2156 2274 2157
f 2273 2274 2156
f 2157 2275 2158
f 2274 2275 2157
f 2158 2276 2159
f 2275 2276 2158
f 2159 2277 2160
f 2276 2277 2159
f 2160 2278 2161
f 2277 2278 2160
f 2161 2279 2162
f 2278 2279 2161
f 2162 2280 2163
f 2279 2280 2162
f 2163 2281 2164
f 2280 2281 2163
f 2164 2282 2165
f 2281 2282 2164
f 2165 2283 2166
f 2282 2283 2165
f 2166 2284 2167
f 2283 2284 2166
f 2167 2285 2168
f 2284 2285 2167
f 2168 2286 2169
f 2285 2286 2168
f 2169 2287 2170
f 2286 2287 2169
f 2170 2288 2171
f 2287 2288 2170
f 2171 2289 2172
f 2288 2289 2171
f 2172 2290 2173
f 2289 2290 2172
f 2173 2291 2174
f 2290 2291 2173
f 2174 2292 2175
f 2291 2292 2174
f 2175 2293 2176
f 2292 2293 2175
f 2176 2294 2177
f 2293 2294 2176
f 2177 2295 2178
f 2294 2295 2177
f 2178 2296 2179
f 2295 2296 2178
f 2179 2297 2180
f 2296 2297 2179
f 2180 2298 2181
f 2297 2298 2180
f 2181 2299 2182
f 2298 2299 2181
f 2183 2182 2299
f 2183 2299 2300
f 2184 2271 2154
f 2184 2301 2271
f 2300 2302 2183
f 2183 2302 2185
f 2186 2185 2302
f 2186 2302 2303
f 2305 2304 2187
f 2305 2187 2188
f 2184 2187 2301
f 2301 2187 2304
f 2303 2189 2186
f 2306 2189 2303
f 2190 2305 2188
f 2190 2307 2305
f 2306 2191 2189
f 2308 2191 2306
f 2192 2307 2190
f 2192 2309 2307
f 2308 2193 2191
f 2310 2193 2308
f 2194 2309 2192
f 2194 2311 2309
f 2310 2195 2193
f 2312 2195 2310
f 2196 2311 2194
f 2196 2313 2311
f 2312 2197 2195
f 2314 2197 2312
f 2198 2313 2196
f 2198 2315 2313
f 2314 2199 2197
f 2316 2199 2314
f 2200 2315 2198
f 2200 2317 2315
f 2316 2201 2199
f 2318 2201 2316
f 2320 2319 2203
f 2320 2203 2204
f 2200 2203 2317
f 2317 2203 2319
f 2318 2205 2201
f 2321 2205 2318
f 2206 2320 2204
f 2206 2322 2320
f 2321 2207 2205
f 2323 2207 2321
f 2208 2322 2206
f 2208 2324 2322
f 2323 2209 2207
f 2325 2209 2323
f 2326 2324 2208
f 2326 2208 2210
f 2210 2211 2326
f 2326 2211 2327
f 2329 2328 2213
f 2213 2328 2212
f 2330 2213 2214
f 2330 2329 2213
f 2331 2214 2215
f 2331 2330 2214
f 2332 2215 2216
f 2332 2331 2215
f 2333 2216 2217
f 2333 2332 2216
f 2334 2217 2218
f 2334 2333 2217
f 2335 2218 2219
f 2335 2334 2218
f 2219 2220 2335
f 2335 2220 2336
f 2325 2221 2209
f 2337 2221 2325
f 2338 2327 2211
f 2338 2211 2222
f 2339 2222 2223
f 2339 2338 2222
f 2340 2223 2224
f 2340 2339 2223
f 2341 2224 2225
f 2341 2340 2224
f 2342 2225 2226
f 2342 2341 2225
f 2343 2226 2227
f 2343 2342 2226
f 2344 2227 2228
f 2344 2343 2227
f 2345 2228 2229
f 2345 2344 2228
f 2346 2229 2230
f 2346 2345 2229
f 2347 2230 2231
f 2347 2346 2230
f 2348 2231 2232
f 2348 2347 2231
f 2349 2232 2233
f 2349 2348 2232
f 2350 2233 2234
f 2350 2349 2233
f 2351 2234 2235
f 2351 2350 2234
f 2352 2235 2236
f 2352 2351 2235
f 2353 2236 2237
f 2353 2352 2236
f 2237 2212 2328
f 2237 2328 2353
f 2238 2336 2220
f 2238 2354 2336
f 2337 2239 2221
f 2355 2239 2337
f 2240 2354 2238
f 2240 2356 2354
f 2355 2241 2239
f 2357 2241 2355
f 2242 2356 2240
f 2242 2358 2356
f 2357 2243 2241
f 2359 2243 2357
f 2244 2358 2242
f 2244 2360 2358
f 2359 2245 2243
f 2361 2245 2359
f 2246 2360 2244
f 2246 2362 2360
f 2361 2247 2245
f 2363 2247 2361
f 2248 2362 2246
f 2248 2364 2362
f 2363 2249 2247
f 2365 2249 2363
f 2250 2364 2248
f 2250 2366 2364
f 2365 2251 2249
f 2367 2251 2365
f 2252 2366 2250
f 2252 2368 2366
f 2367 2253 2251
f 2369 2253 2367
f 2254 2368 2252
f 2254 2370 2368
f 2369 2255 2253
f 2371 2255 2369
f 2254 2256 2372
f 2373 2254 2372
f 2370 2254 2373
f 2257 2372 2256
f 2371 2258 2255
f 2374 2258 2371
f 2375 2373 2372
f 2372 2257 2375
f 2257 2376 2375
f 2257 2259 2376
f 2374 2260 2258
f 2377 2260 2374
f 2259 2261 2378
f 2379 2259 2378
f 2376 2259 2379
f 2262 2378 2261
f 2381 2380 2264
f 2264 2380 2263
f 2264 2260 2377
f 2264 2377 2381
f 2382 2379 2378
f 2382 2378 2262
f 2265 2382 2262
f 2383 2382 2265
f 2384 2265 2266
f 2384 2383 2265
f 2385 2266 2267
f 2385 2384 2266
f 2386 2267 2268
f 2386 2385 2267
f 2387 2268 2269
f 2387 2386 2268
f 2269 2263 2380
f 2269 2380 2387
f 2389 2388 2270
f 2389 2270 2271
f 2270 2390 2272
f 2388 2390 2270
f 2272 2391 2273
f 2390 2391 2272
f 2273 2392 2274
f 2391 2392 2273
f 2274 2393 2275
f 2392 2393 2274
f 2275 2394 2276
f 2393 2394 2275
f 2276 2395 2277
f 2394 2395 2276
f 2277 2396 2278
f 2395 2396 2277
f 2278 2397 2279
f 2396 2397 2278
f 2279 2398 2280
f 2397 2398 2279
f 2280 2399 2281
f 2398 2399 2280
f 2281 2400 2282
f 2399 2400 2281
f 2282 2401 2283
f 2400 2401 2282
f 2283 2402 2284
f 2401 2402 2283
f 2284 2403 2285
f 2402 2403 2284
f 2285 2404 2286
f 2403 2404 2285
f 2286 2405 2287
f 2404 2405 2286
f 2287 2406 2288
f 2405 2406 2287
f 2288 2407 2289
f 2406 2407 2288
f 2289 2408 2290
f 2407 2408 2289
f 2290 2409 2291
f 2408 2409 2290
f 2291 2410 2292
f 2409 2410 2291
f 2292 2411 2293
f 2410 2411 2292
f 2293 2412 2294
f 2411 2412 2293
f 2294 2413 2295
f 2412 2413 2294
f 2295 2414 2296
f 2413 2414 2295
f 2296 2415 2297
f 2414 2415 2296
f 2297 2416 2298
f 2415 2416 2297
f 2298 2417 2299
f 2416 2417 2298
f 2300 2299 2417
f 2300 2417 2418
f 2301 2389 2271
f 2301 2419 2389
f 2418 2420 2300
f 2300 2420 2302
f 2303 2302 2420
f 2303 2420 2421
f 2423 2422 2304
f 2423 2304 2305
f 2301 2304 2419
f 2419 2304 2422
f 2421 2306 2303
f 2424 2306 2421
f 2307 2423 2305
f 2307 2425 2423
f 2424 2308 2306
f 2426 2308 2424
f 2309 2425 2307
f 2309 2427 2425
f 2426 2310 2308
f 2428 2310 2426
f 2311 2427 2309
f 2311 2429 2427
f 2428 2312 2310
f 2430 2312 2428
f 2313 2429 2311
f 2313 2431 2429
f 2430 2314 2312
f 2432 2314 2430
f 2315 2431 2313
f 2315 2433 2431
f 2432 2316 2314
f 2434 2316 2432
f 2317 2433 2315
f 2317 2435 2433
f 2434 2318 2316
f 2436 2318 2434
f 2438 2437 2319
f 2438 2319 2320
f 2317 2319 2435
f 2435 2319 2437
f 2436 2321 2318
f 2439 2321 2436
f 2322 2438 2320
f 2322 2440 2438
f 2439 2323 2321
f 2441 2323 2439
f 2324 2440 2322
f 2324 2442 2440
f 2441 2325 2323
f 2443 2325 2441
f 2444 2442 2324
f 2444 2324 2326
f 2326 2327 2444
f 2444 2327 2445
f 2447 2446 2329
f 2329 2446 2328
f 2448 2329 2330
f 2448 2447 2329
f 2449 2330 2331
f 2449 2448 2330
f 2450 2331 2332
f 2450 2449 2331
f 2451 2332 2333
f 2451 2450 2332
f 2452 2333 2334
f 2452 2451 2333
f 2453 2334 2335
f 2453 2452 2334
f 2335 2336 2453
f 2453 2336 2454
f 2443 2337 2325
f 2455 2337 2443
f 2456 2445 2327
f 2456 2327 2338
f 2457 2338 2339
f 2457 2456 2338
f 2458 2339 2340
f 2458 2457 2339
f 2459 2340 2341
f 2459 2458 2340
f 2460 2341 2342
f 2460 2459 2341
f 2461 2342 2343
f 2461 2460 2342
f 2462 2343 2344
f 2462 2461 2343
f 2463 2344 2345
f 2463 2462 2344
f 2464 2345 2346
f 2464 2463 2345
f 2465 2346 2347
f 2465 2464 2346
f 2466 2347 2348
f 2466 2465 2347
f 2467 2348 2349
f 2467 2466 2348
f 2468 2349 2350
f 2468 2467 2349
f 2469 2350 2351
f 2469 2468 2350
f 2470 2351 2352
f 2470 2469 2351
f 2471 2352 2353
f 2471 2470 2352
f 2353 2328 2446
f 2353 2446 2471
f 2354 2454 2336
f 2354 2472 2454
f 2455 2355 2337
f 2473 2355 2455
f 2356 2472 2354
f 2356 2474 2472
f 2473 2357 2355
f 2475 2357 2473
f 2358 2474 2356
f 2358 2476 2474
f 2475 2359 2357
f 2477 2359 2475
f 2360 2476 2358
f 2360 2478 2476
f 2477 2361 2359
f 2479 2361 2477
f 2362 2478 2360
f 2362 2480 2478
f 2479 2363 2361
f 2481 2363 2479
f 2364 2480 2362
f 2364 2482 2480
f 2481 2365 2363
f 2483 2365 2481
f 2366 2482 2364
f 2366 2484 2482
f 2483 2367 2365
f 2485 2367 2483
f 2368 2484 2366
f 2368 2486 2484
f 2485 2369 2367
f 2487 2369 2485
f 2370 2486 2368
f 2370 2488 2486
f 2487 2371 2369
f 2489 2371 2487
f 2373 2488 2370
f 2373 2490 2488
f 2489 2374 2371
f 2491 2374 2489
f 2492 2490 2373
f 2492 2373 2375
f 2375 2376 2492
f 2492 2376 2493
f 2491 2377 2374
f 2494 2377 2491
f 2379 2493 2376
f 2379 2495 2493
f 2497 2496 2381
f 2381 2496 2380
f 2381 2377 2494
f 2381 2494 2497
f 2498 2495 2379
f 2498 2379 2382
f 2499 2382 2383
f 2499 2498 2382
f 2500 2383 2384
f 2500 2499 2383
f 2501 2384 2385
f 2501 2500 2384
f 2502 2385 2386
f 2502 2501 2385
f 2503 2386 2387
f 2503 2502 2386
f 2387 2380 2496
f 2387 2496 2503
f 2505 2504 2388
f 2505 2388 2389
f 2388 2506 2390
f 2504 2506 2388
f 2390 2507 2391
f 2506 2507 2390
f 2391 2508 2392
f 2507 2508 2391
f 2392 2509 2393
f 2508 2509 2392
f 2393 2510 2394
f 2509 2510 2393
f 2394 2511 2395
f 2510 2511 2394
f 2395 2512 2396
f 2511 2512 2395
f 2396 2513 2397
f 2512 2513 2396
f 2397 2514 2398
f 2513 2514 2397
f 2398 2515 2399
f 2514 2515 2398
f 2399 2516 2400
f 2515 2516 2399
f 2400 2517 2401
f 2516 2517 2400
f 2401 2518 2402
f 2517 2518 2401
f 2402 2519 2403
f 2518 2519 2402
f 2403 2520 2404
f 2519 2520 2403
f 2404 2521 2405
f 2520 2521 2404
f 2405 2522 2406
f 2521 2522 2405
f 2406 2523 2407
f 2522 2523 2406
f 2407 2524 2408
f 2523 2524 2407
f 2408 2525 2409
f 2524 2525 2408
f 2409 2526 2410
f 2525 2526 2409
f 2410 2527 2411
f 2526 2527 2410
f 2411 2528 2412
f 2527 2528 2411
f 2412 2529 2413
f 2528 2529 2412
f 2413 2530 2414
f 2529 2530 2413
f 2414 2531 2415
f 2530 2531 2414
f 2415 2532 2416
f 2531 2532 2415
f 2416 2533 2417
f 2532 2533 2416
f 2418 2417 2533
f 2418 2533 2534
f 2419 2505 2389
f 2419 2535 2505
f 2534 2536 2418
f 2418 2536 2420
f 2421 2420 2536
f 2421 2536 2537
f 2539 2538 2422
f 2539 2422 2423
f 2419 2422 2535
f 2535 2422 2538
f 2537 2424 2421
f 2540 2424 2537
f 2425 2539 2423
f 2425 2541 2539
f 2540 2426 2424
f 2542 2426 2540
f 2427 2541 2425
f 2427 2543 2541
f 2542 2428 2426
f 2544 2428 2542
f 2429 2543 2427
f 2429 2545 2543
f 2544 2430 2428
f 2546 2430 2544
f 2431 2545 2429
f 2431 2547 2545
f 2546 2432 2430
f 2548 2432 2546
f 2433 2547 2431
f 2433 2549 2547
f 2548 2434 2432
f 2550 2434 2548
f 2435 2549 2433
f 2435 2551 2549
f 2550 2436 2434
f 2552 2436 2550
f 2554 2553 2437
f 2554 2437 2438
f 2435 2437 2551
f 2551 2437 2553
f 2552 2439 2436
f 2555 2439 2552
f 2440 2554 2438
f 2440 2556 2554
f 2555 2441 2439
f 2557 2441 2555
f 2442 2556 2440
f 2442 2558 2556
f 2557 2443 2441
f 2559 2443 2557
f 2560 2558 2442
f 2560 2442 2444
f 2444 2445 2560
f 2560 2445 2561
f 2564 2563 2562
f 2446 2447 2562
f 2447 2564 2562
f 2447 2565 2564
f 2566 2447 2448
f 2566 2565 2447
f 2567 2448 2449
f 2567 2566 2448
f 2568 2449 2450
f 2568 2567 2449
f 2569 2450 2451
f 2569 2568 2450
f 2570 2451 2452
f 2570 2569 2451
f 2571 2452 2453
f 2571 2570 2452
f 2453 2454 2571
f 2571 2454 2572
f 2559 2455 2443
f 2573 2455 2559
f 2574 2561 2445
f 2574 2445 2456
f 2575 2456 2457
f 2575 2574 2456
f 2576 2457 2458
f 2576 2575 2457
f 2577 2458 2459
f 2577 2576 2458
f 2578 2459 2460
f 2578 2577 2459
f 2579 2460 2461
f 2579 2578 2460
f 2580 2461 2462
f 2580 2579 2461
f 2581 2462 2463
f 2581 2580 2462
f 2582 2463 2464
f 2582 2581 2463
f 2583 2464 2465
f 2583 2582 2464
f 2584 2465 2466
f 2584 2583 2465
f 2585 2466 2467
f 2585 2584 2466
f 2586 2467 2468
f 2586 2585 2467
f 2587 2468 2469
f 2587 2586 2468
f 2588 2469 2470
f 2588 2587 2469
f 2471 2562 2563
f 2588 2471 2563
f 2470 2471 2588
f 2562 2471 2446
f 2472 2572 2454
f 2472 2589 2572
f 2573 2473 2455
f 2590 2473 2573
f 2474 2589 2472
f 2474 2591 2589
f 2590 2475 2473
f 2592 2475 2590
f 2476 2591 2474
f 2476 2593 2591
f 2592 2477 2475
f 2594 2477 2592
f 2478 2593 2476
f 2478 2595 2593
f 2594 2479 2477
f 2596 2479 2594
f 2480 2595 2478
f 2480 2597 2595
f 2596 2481 2479
f 2598 2481 2596
f 2482 2597 2480
f 2482 2599 2597
f 2598 2483 2481
f 2600 2483 2598
f 2484 2599 2482
f 2484 2601 2599
f 2600 2485 2483
f 2602 2485 2600
f 2486 2601 2484
f 2486 2603 2601
f 2602 2487 2485
f 2604 2487 2602
f 2488 2603 2486
f 2488 2605 2603
f 2604 2489 2487
f 2606 2489 2604
f 2490 2605 2488
f 2490 2607 2605
f 2606 2491 2489
f 2608 2491 2606
f 2609 2607 2490
f 2609 2490 2492
f 2492 2493 2609
f 2609 2493 2610
f 2608 2494 2491
f 2611 2494 2608
f 2495 2610 2493
f 2495 2612 2610
f 2614 2613 2497
f 2497 2613 2496
f 2497 2494 2611
f 2497 2611 2614
f 2615 2612 2495
f 2615 2495 2498
f 2616 2498 2499
f 2616 2615 2498
f 2617 2499 2500
f 2617 2616 2499
f 2618 2500 2501
f 2618 2617 2500
f 2619 2501 2502
f 2619 2618 2501
f 2620 2502 2503
f 2620 2619 2502
f 2503 2496 2613
f 2503 2613 2620
f 2622 2621 2504
f 2622 2504 2505
f 2504 2623 2506
f 2621 2623 2504
f 2506 2624 2507
f 2623 2624 2506
f 2507 2625 2508
f 2624 2625 2507
f 2508 2626 2509
f 2625 2626 2508
f 2509 2627 2510
f 2626 2627 2509
f 2510 2628 2511
f 2627 2628 2510
f 2511 2629 2512
f 2628 2629 2511
f 2512 2630 2513
f 2629 2630 2512
f 2513 2631 2514
f 2630 2631 2513
f 2514 2632 2515
f 2631 2632 2514
f 2515 2633 2516
f 2632 2633 2515
f 2516 2634 2517
f 2633 2634 2516
f 2517 2635 2518
f 2634 2635 2517
f 2518 2636 2519
f 2635 2636 2518
f 2519 2637 2520
f 2636 2637 2519
f 2520 2638 2521
f 2637 2638 2520
f 2521 2639 2522
f 2638 2639 2521
f 2522 2640 2523
f 2639 2640 2522
f 2523 2641 2524
f 2640 2641 2523
f 2524 2642 2525
f 2641 2642 2524
f 2525 2643 2526
f 2642 2643 2525
f 2526 2644 2527
f 2643 2644 2526
f 2527 2645 2528
f 2644 2645 2527
f 2528 2646 2529
f 2645 2646 2528
f 2529 2647 2530
f 2646 2647 2529
f 2530 2648 2531
f 2647 2648 2530
f 2531 2649 2532
f 2648 2649 2531
f 2532 2650 2533
f 2649 2650 2532
f 2534 2533 2650
f 2534 2650 2651
f 2535 2622 2505
f 2535 2652 2622
f 2651 2653 2534
f 2534 2653 2536
f 2537 2536 2653
f 2537 2653 2654
f 2656 2655 2538
f 2656 2538 2539
f 2535 2538 2652
f 2652 2538 2655
f 2654 2540 2537
f 2657 2540 2654
f 2541 2656 2539
f 2541 2658 2656
f 2657 2542 2540
f 2659 2542 2657
f 2543 2658 2541
f 2543 2660 2658
f 2659 2544 2542
f 2661 2544 2659
f 2545 2660 2543
f 2545 2662 2660
f 2661 2546 2544
f 2663 2546 2661
f 2547 2662 2545
f 2547 2664 2662
f 2663 2548 2546
f 2665 2548 2663
f 2549 2664 2547
f 2549 2666 2664
f 2665 2550 2548
f 2667 2550 2665
f 2551 2666 2549
f 2551 2668 2666
f 2667 2552 2550
f 2669 2552 2667
f 2671 2670 2553
f 2671 2553 2554
f 2551 2553 2668
f 2668 2553 2670
f 2669 2555 2552
f 2672 2555 2669
f 2556 2671 2554
f 2556 2673 2671
f 2672 2557 2555
f 2674 2557 2672
f 2558 2673 2556
f 2558 2675 2673
f 2674 2559 2557
f 2676 2559 2674
f 2677 2675 2558
f 2677 2558 2560
f 2560 2561 2677
f 2677 2561 2678
f 2680 2679 2564
f 2564 2679 2563
f 2681 2564 2565
f 2681 2680 2564
f 2682 2565 2566
f 2682 2681 2565
f 2683 2566 2567
f 2683 2682 2566
f 2684 2567 2568
f 2684 2683 2567
f 2685 2568 2569
f 2685 2684 2568
f 2686 2569 2570
f 2686 2685 2569
f 2687 2570 2571
f 2687 2686 2570
f 2571 2572 2687
f 2687 2572 2688
f 2676 2573 2559
f 2689 2573 2676
f 2690 2678 2561
f 2690 2561 2574
f 2691 2574 2575
f 2691 2690 2574
f 2692 2575 2576
f 2692 2691 2575
f 2693 2576 2577
f 2693 2692 2576
f 2694 2577 2578
f 2694 2693 2577
f 2695 2578 2579
f 2695 2694 2578
f 2696 2579 2580
f 2696 2695 2579
f 2697 2580 2581
f 2697 2696 2580
f 2698 2581 2582
f 2698 2697 2581
f 2699 2582 2583
f 2699 2698 2582
f 2700 2583 2584
f 2700 2699 2583
f 2701 2584 2585
f 2701 2700 2584
f 2702 2585 2586
f 2702 2701 2585
f 2703 2586 2587
f 2703 2702 2586
f 2704 2587 2588
f 2704 2703 2587
f 2588 2563 2679
f 2588 2679 2704
f 2589 2688 2572
f 2589 2705 2688
f 2689 2590 2573
f 2706 2590 2689
f 2591 2705 2589
f 2591 2707 2705
f 2706 2592 2590
f 2708 2592 2706
f 2593 2707 2591
f 2593 2709 2707
f 2708 2594 2592
f 2710 2594 2708
f 2595 2709 2593
f 2595 2711 2709
f 2710 2596 2594
f 2712 2596 2710
f 2597 2711 2595
f 2597 2713 2711
f 2712 2598 2596
f 2714 2598 2712
f 2599 2713 2597
f 2599 2715 2713
f 2714 2600 2598
f 2716 2600 2714
f 2601 2715 2599
f 2601 2717 2715
f 2716 2602 2600
f 2718 2602 2716
f 2603 2717 2601
f 2603 2719 2717
f 2718 2604 2602
f 2720 2604 2718
f 2605 2719 2603
f 2605 2721 2719
f 2720 2606 2604
f 2722 2606 2720
f 2607 2721 2605
f 2607 2723 2721
f 2722 2608 2606
f 2724 2608 2722
f 2725 2723 2607
f 2725 2607 2609
f 2609 2610 2725
f 2725 2610 2726
f 2724 2611 2608
f 2727 2611 2724
f 2612 2726 2610
f 2612 2728 2726
f 2730 2729 2614
f 2614 2729 2613
f 2614 2611 2727
f 2614 2727 2730
f 2731 2728 2612
f 2731 2612 2615
f 2732 2615 2616
f 2732 2731 2615
f 2734 2732 2733
f 2732 2617 2733
f 2732 2616 2617
f 2733 2617 2735
f 2617 2736 2735
f 2617 2618 2736
f 2737 2618 2619
f 2737 2736 2618
f 2738 2619 2620
f 2738 2737 2619
f 2620 2613 2729
f 2620 2729 2738
f 2739 2734 2733
f 2739 2733 2735
f 2741 2740 2621
f 2741 2621 2622
f 2621 2742 2623
f 2740 2742 2621
f 2623 2743 2624
f 2742 2743 2623
f 2624 2744 2625
f 2743 2744 2624
f 2625 2745 2626
f 2744 2745 2625
f 2626 2746 2627
f 2745 2746 2626
f 2627 2747 2628
f 2746 2747 2627
f 2628 2748 2629
f 2747 2748 2628
f 2629 2749 2630
f 2748 2749 2629
f 2630 2750 2631
f 2749 2750 2630
f 2631 2751 2632
f 2750 2751 2631
f 2632 2752 2633
f 2751 2752 2632
f 2633 2753 2634
f 2752 2753 2633
f 2634 2754 2635
f 2753 2754 2634
f 2635 2755 2636
f 2754 2755 2635
f 2636 2756 2637
f 2755 2756 2636
f 2637 2757 2638
f 2756 2757 2637
f 2638 2758 2639
f 2757 2758 2638
f 2639 2759 2640
f 2758 2759 2639
f 2640 2760 2641
f 2759 2760 2640
f 2641 2761 2642
f 2760 2761 2641
f 2642 2762 2643
f 2761 2762 2642
f 2643 2763 2644
f 2762 2763 2643
f 2644 2764 2645
f 2763 2764 2644
f 2645 2765 2646
f 2764 2765 2645
f 2646 2766 2647
f 2765 2766 2646
f 2647 2767 2648
f 2766 2767 2647
f 2648 2768 2649
f 2767 2768 2648
f 2649 2769 2650
f 2768 2769 2649
f 2651 2650 2769
f 2651 2769 2770
f 2652 2741 2622
f 2652 2771 2741
f 2770 2772 2651
f 2651 2772 2653
f 2654 2653 2772
f 2654 2772 2773
f 2775 2774 2655
f 2775 2655 2656
f 2652 2655 2771
f 2771 2655 2774
f 2773 2657 2654
f 2776 2657 2773
f 2658 2775 2656
f 2658 2777 2775
f 2776 2659 2657
f 2778 2659 2776
f 2660 2777 2658
f 2660 2779 2777
f 2778 2661 2659
f 2780 2661 2778
f 2662 2779 2660
f 2662 2781 2779
f 2780 2663 2661
f 2782 2663 2780
f 2664 2781 2662
f 2664 2783 2781
f 2782 2665 2663
f 2784 2665 2782
f 2666 2783 2664
f 2666 2785 2783
f 2784 2667 2665
f 2786 2667 2784
f 2668 2785 2666
f 2668 2787 2785
f 2786 2669 2667
f 2788 2669 2786
f 2790 2789 2670
f 2790 2670 2671
f 2668 2670 2787
f 2787 2670 2789
f 2788 2672 2669
f 2791 2672 2788
f 2673 2790 2671
f 2673 2792 2790
f 2791 2674 2672
f 2793 2674 2791
f 2675 2792 2673
f 2675 2794 2792
f 2793 2676 2674
f 2795 2676 2793
f 2796 2794 2675
f 2796 2675 2677
f 2677 2678 2796
f 2796 2678 2797
f 2799 2798 2680
f 2680 2798 2679
f 2800 2680 2681
f 2800 2799 2680
f 2801 2681 2682
f 2801 2800 2681
f 2802 2682 2683
f 2802 2801 2682
f 2803 2683 2684
f 2803 2802 2683
f 2804 2684 2685
f 2804 2803 2684
f 2805 2685 2686
f 2805 2804 2685
f 2806 2686 2687
f 2806 2805 2686
f 2687 2688 2806
f 2806 2688 2807
f 2795 2689 2676
f 2808 2689 2795
f 2809 2797 2678
f 2809 2678 2690
f 2810 2690 2691
f 2810 2809 2690
f 2811 2691 2692
f 2811 2810 2691
f 2812 2692 2693
f 2812 2811 2692
f 2813 2693 2694
f 2813 2812 2693
f 2814 2694 2695
f 2814 2813 2694
f 2815 2695 2696
f 2815 2814 2695
f 2816 2696 2697
f 2816 2815 2696
f 2817 2697 2698
f 2817 2816 2697
f 2818 2698 2699
f 2818 2817 2698
f 2819 2699 2700
f 2819 2818 2699
f 2820 2700 2701
f 2820 2819 2700
f 2821 2701 2702
f 2821 2820 2701
f 2822 2702 2703
f 2822 2821 2702
f 2823 2703 2704
f 2823 2822 2703
f 2704 2679 2798
f 2704 2798 2823
f 2705 2825 2824
f 2807 2705 2824
f 2688 2705 2807
f 2825 2826 2824
f 2808 2706 2689
f 2827 2706 2808
f 2829 2828 2825
f 2705 2829 2825
f 2707 2829 2705
f 2825 2828 2826
f 2827 2708 2706
f 2830 2708 2827
f 2709 2829 2707
f 2709 2831 2829
f 2830 2710 2708
f 2832 2710 2830
f 2711 2831 2709
f 2711 2833 2831
f 2832 2712 2710
f 2834 2712 2832
f 2713 2833 2711
f 2713 2835 2833
f 2834 2714 2712
f 2836 2714 2834
f 2715 2835 2713
f 2715 2837 2835
f 2836 2716 2714
f 2838 2716 2836
f 2717 2837 2715
f 2717 2839 2837
f 2838 2718 2716
f 2840 2718 2838
f 2719 2839 2717
f 2719 2841 2839
f 2840 2720 2718
f 2842 2720 2840
f 2721 2841 2719
f 2721 2843 2841
f 2842 2722 2720
f 2844 2722 2842
f 2723 2843 2721
f 2723 2845 2843
f 2844 2724 2722
f 2846 2724 2844
f 2847 2845 2723
f 2847 2723 2725
f 2725 2726 2847
f 2847 2726 2848
f 2846 2727 2724
f 2849 2727 2846
f 2728 2848 2726
f 2728 2850 2848
f 2852 2851 2730
f 2730 2851 2729
f 2730 2727 2849
f 2730 2849 2852
f 2853 2850 2728
f 2853 2728 2731
f 2854 2731 2732
f 2854 2853 2731
f 2732 2734 2854
f 2854 2734 2855
f 2857 2856 2736
f 2736 2856 2735
f 2858 2736 2737
f 2858 2857 2736
f 2859 2737 2738
f 2859 2858 2737
f 2738 2729 2851
f 2738 2851 2859
f 2860 2855 2734
f 2860 2734 2739
f 2739 2735 2856
f 2739 2856 2860
f 2862 2861 2740
f 2862 2740 2741
f 2740 2863 2742
f 2861 2863 2740
f 2742 2864 2743
f 2863 2864 2742
f 2743 2865 2744
f 2864 2865 2743
f 2744 2866 2745
f 2865 2866 2744
f 2745 2867 2746
f 2866 2867 2745
f 2746 2868 2747
f 2867 2868 2746
f 2747 2869 2748
f 2868 2869 2747
f 2748 2870 2749
f 2869 2870 2748
f 2749 2871 2750
f 2870 2871 2749
f 2750 2872 2751
f 2871 2872 2750
f 2751 2873 2752
f 2872 2873 2751
f 2752 2874 2753
f 2873 2874 2752
f 2753 2875 2754
f 2874 2875 2753
f 2754 2876 2755
f 2875 2876 2754
f 2755 2877 2756
f 2876 2877 2755
f 2756 2878 2757
f 2877 2878 2756
f 2757 2879 2758
f 2878 2879 2757
f 2758 2880 2759
f 2879 2880 2758
f 2759 2881 2760
f 2880 2881 2759
f 2760 2882 2761
f 2881 2882 2760
f 2761 2883 2762
f 2882 2883 2761
f 2762 2884 2763
f 2883 2884 2762
f 2763 2885 2764
f 2884 2885 2763
f 2764 2886 2765
f 2885 2886 2764
f 2765 2887 2766
f 2886 2887 2765
f 2766 2888 2767
f 2887 2888 2766
f 2767 2889 2768
f 2888 2889 2767
f 2768 2890 2769
f 2889 2890 2768
f 2770 2769 2890
f 2770 2890 2891
f 2771 2862 2741
f 2771 2892 2862
f 2891 2893 2770
f 2770 2893 2772
f 2773 2772 2893
f 2773 2893 2894
f 2896 2895 2774
f 2896 2774 2775
f 2771 2774 2892
f 2892 2774 2895
f 2894 2776 2773
f 2897 2776 2894
f 2777 2896 2775
f 2777 2898 2896
f 2897 2778 2776
f 2899 2778 2897
f 2779 2898 2777
f 2779 2900 2898
f 2899 2780 2778
f 2901 2780 2899
f 2781 2900 2779
f 2781 2902 2900
f 2901 2782 2780
f 2903 2782 2901
f 2783 2902 2781
f 2783 2904 2902
f 2903 2784 2782
f 2905 2784 2903
f 2785 2904 2783
f 2785 2906 2904
f 2905 2786 2784
f 2907 2786 2905
f 2787 2906 2785
f 2787 2908 2906
f 2907 2788 2786
f 2909 2788 2907
f 2911 2910 2789
f 2911 2789 2790
f 2787 2789 2908
f 2908 2789 2910
f 2909 2791 2788
f 2912 2791 2909
f 2792 2911 2790
f 2792 2913 2911
f 2912 2793 2791
f 2914 2793 2912
f 2794 2913 2792
f 2794 2915 2913
f 2914 2795 2793
f 2916 2795 2914
f 2917 2915 2794
f 2917 2794 2796
f 2796 2797 2917
f 2917 2797 2918
f 2920 2919 2799
f 2799 2919 2798
f 2921 2799 2800
f 2921 2920 2799
f 2922 2800 2801
f 2922 2921 2800
f 2923 2801 2802
f 2923 2922 2801
f 2924 2802 2803
f 2924 2923 2802
f 2925 2803 2804
f 2925 2924 2803
f 2926 2804 2805
f 2926 2925 2804
f 2927 2805 2806
f 2927 2926 2805
f 2806 2807 2927
f 2927 2807 2928
f 2916 2808 2795
f 2929 2808 2916
f 2930 2918 2797
f 2930 2797 2809
f 2931 2809 2810
f 2931 2930 2809
f 2932 2810 2811
f 2932 2931 2810
f 2933 2811 2812
f 2933 2932 2811
f 2934 2812 2813
f 2934 2933 2812
f 2935 2813 2814
f 2935 2934 2813
f 2936 2814 2815
f 2936 2935 2814
f 2937 2815 2816
f 2937 2936 2815
f 2938 2816 2817
f 2938 2937 2816
f 2939 2817 2818
f 2939 2938 2817
f 2940 2818 2819
f 2940 2939 2818
f 2941 2819 2820
f 2941 2940 2819
f 2942 2820 2821
f 2942 2941 2820
f 2943 2821 2822
f 2943 2942 2821
f 2944 2822 2823
f 2944 2943 2822
f 2823 2798 2919
f 2823 2919 2944
f 2945 2928 2807
f 2945 2807 2824
f 2824 2826 2945
f 2945 2826 2946
f 2929 2827 2808
f 2947 2827 2929
f 2829 2948 2828
f 2948 2949 2828
f 2949 2826 2828
f 2949 2946 2826
f 2947 2830 2827
f 2950 2830 2947
f 2952 2951 2948
f 2829 2952 2948
f 2831 2952 2829
f 2948 2951 2949
f 2950 2832 2830
f 2953 2832 2950
f 2833 2952 2831
f 2833 2954 2952
f 2953 2834 2832
f 2955 2834 2953
f 2835 2954 2833
f 2835 2956 2954
f 2955 2836 2834
f 2957 2836 2955
f 2837 2956 2835
f 2837 2958 2956
f 2957 2838 2836
f 2959 2838 2957
f 2839 2958 2837
f 2839 2960 2958
f 2959 2840 2838
f 2961 2840 2959
f 2841 2960 2839
f 2841 2962 2960
f 2961 2842 2840
f 2963 2842 2961
f 2843 2962 2841
f 2843 2964 2962
f 2963 2844 2842
f 2965 2844 2963
f 2845 2967 2966
f 2964 2845 2966
f 2843 2845 2964
f 2967 2968 2966
f 2965 2846 2844
f 2969 2846 2965
f 2847 2967 2845
f 2847 2848 2967
f 2848 2968 2967
f 2848 2970 2968
f 2969 2849 2846
f 2971 2849 2969
f 2850 2970 2848
f 2850 2972 2970
f 2974 2973 2852
f 2852 2973 2851
f 2852 2849 2971
f 2852 2971 2974
f 2975 2972 2850
f 2975 2850 2853
f 2976 2853 2854
f 2976 2975 2853
f 2854 2855 2976
f 2976 2855 2977
f 2979 2978 2857
f 2857 2978 2856
f 2980 2857 2858
f 2980 2979 2857
f 2981 2858 2859
f 2981 2980 2858
f 2859 2851 2973
f 2859 2973 2981
f 2982 2977 2855
f 2982 2855 2860
f 2860 2856 2978
f 2860 2978 2982
f 2984 2983 2861
f 2984 2861 2862
f 2861 2985 2863
f 2983 2985 2861
f 2863 2986 2864
f 2985 2986 2863
f 2864 2987 2865
f 2986 2987 2864
f 2865 2988 2866
f 2987 2988 2865
f 2866 2989 2867
f 2988 2989 2866
f 2867 2990 2868
f 2989 2990 2867
f 2868 2991 2869
f 2990 2991 2868
f 2869 2992 2870
f 2991 2992 2869
f 2870 2993 2871
f 2992 2993 2870
f 2871 2994 2872
f 2993 2994 2871
f 2872 2995 2873
f 2994 2995 2872
f 2873 2996 2874
f 2995 2996 2873
f 2874 2997 2875
f 2996 2997 2874
f 2875 2998 2876
f 2997 2998 2875
f 2876 2999 2877
f 2998 2999 2876
f 2877 3000 2878
f 2999 3000 2877
f 2878 3001 2879
f 3000 3001 2878
f 2879 3002 2880
f 3001 3002 2879
f 2880 3003 2881
f 3002 3003 2880
f 2881 3004 2882
f 3003 3004 2881
f 2882 3005 2883
f 3004 3005 2882
f 2883 3006 2884
f 3005 3006 2883
f 2884 3007 2885
f 3006 3007 2884
f 2885 3008 2886
f 3007 3008 2885
f 2886 3009 2887
f 3008 3009 2886
f 2887 3010 2888
f 3009 3010 2887
f 2888 3011 2889
f 3010 3011 2888
f 2889 3012 2890
f 3011 3012 2889
f 2891 2890 3012
f 2891 3012 3013
f 3016 3015 3014
f 3015 2984 3014
f 2984 2892 3014
f 2984 2862 2892
f 3013 3017 2891
f 2891 3017 2893
f 2894 2893 3017
f 2894 3017 3018
f 3016 3014 2895
f 2896 3016 2895
f 3019 3016 2896
f 2895 3014 2892
f 3018 2897 2894
f 3020 2897 3018
f 2898 3019 2896
f 2898 3021 3019
f 3020 2899 2897
f 3022 2899 3020
f 2900 3021 2898
f 2900 3023 3021
f 3022 2901 2899
f 3024 2901 3022
f 2902 3023 2900
f 2902 3025 3023
f 3024 2903 2901
f 3026 2903 3024
f 2904 3025 2902
f 2904 3027 3025
f 3026 2905 2903
f 3028 2905 3026
f 2906 3027 2904
f 2906 3029 3027
f 3028 2907 2905
f 3030 2907 3028
f 2908 3029 2906
f 2908 3031 3029
f 3030 2909 2907
f 3032 2909 3030
f 3034 3033 2910
f 3034 2910 2911
f 2908 2910 3031
f 3031 2910 3033
f 3032 2912 2909
f 3035 2912 3032
f 2913 3034 2911
f 2913 3036 3034
f 3035 2914 2912
f 3037 2914 3035
f 2915 3036 2913
f 2915 3038 3036
f 3037 2916 2914
f 3039 2916 3037
f 3040 3038 2915
f 3040 2915 2917
f 2917 2918 3040
f 3040 2918 3041
f 3043 3042 2920
f 2920 3042 2919
f 3044 2920 2921
f 3044 3043 2920
f 3045 2921 2922
f 3045 3044 2921
f 3046 2922 2923
f 3046 3045 2922
f 3047 2923 2924
f 3047 3046 2923
f 3048 2924 2925
f 3048 3047 2924
f 3049 2925 2926
f 3049 3048 2925
f 3050 2926 2927
f 3050 3049 2926
f 2927 2928 3050
f 3050 2928 3051
f 3039 2929 2916
f 3052 2929 3039
f 3053 3041 2918
f 3053 2918 2930
f 3054 2930 2931
f 3054 3053 2930
f 3055 2931 2932
f 3055 3054 2931
f 3056 2932 2933
f 3056 3055 2932
f 3057 2933 2934
f 3057 3056 2933
f 3058 2934 2935
f 3058 3057 2934
f 3059 2935 2936
f 3059 3058 2935
f 3060 2936 2937
f 3060 3059 2936
f 3061 2937 2938
f 3061 3060 2937
f 3062 2938 2939
f 3062 3061 2938
f 3063 2939 2940
f 3063 3062 2939
f 3064 2940 2941
f 3064 3063 2940
f 3065 2941 2942
f 3065 3064 2941
f 3066 2942 2943
f 3066 3065 2942
f 3067 2943 2944
f 3067 3066 2943
f 2944 2919 3042
f 2944 3042 3067
f 3068 3051 2928
f 3068 2928 2945
f 2945 2946 3068
f 3068 2946 3069
f 3052 2947 2929
f 3070 2947 3052
f 2949 3069 2946
f 2949 3071 3069
f 3070 2950 2947
f 3072 2950 3070
f 3074 3073 2951
f 3074 2951 2952
f 2949 2951 3071
f 3071 2951 3073
f 3072 2953 2950
f 3075 2953 3072
f 2954 3074 2952
f 2954 3076 3074
f 3075 2955 2953
f 3077 2955 3075
f 2956 3076 2954
f 2956 3078 3076
f 3077 2957 2955
f 3079 2957 3077
f 2958 3078 2956
f 2958 3080 3078
f 3079 2959 2957
f 3081 2959 3079
f 2960 3080 2958
f 2960 3082 3080
f 3081 2961 2959
f 3083 2961 3081
f 2962 3082 2960
f 2962 3084 3082
f 3083 2963 2961
f 3085 2963 3083
f 2964 3084 2962
f 2964 3086 3084
f 3085 2965 2963
f 3087 2965 3085
f 3088 3086 2964
f 3088 2964 2966
f 2966 2968 3088
f 3088 2968 3089
f 3087 2969 2965
f 3090 2969 3087
f 2970 3089 2968
f 2970 3091 3089
f 3090 2971 2969
f 3092 2971 3090
f 2972 3091 2970
f 2972 3093 3091
f 3095 3094 2974
f 2974 3094 2973
f 2974 2971 3092
f 2974 3092 3095
f 3096 3093 2972
f 3096 2972 2975
f 3097 2975 2976
f 3097 3096 2975
f 2976 2977 3097
f 3097 2977 3098
f 3099 2978 2979
f 3099 2979 3100
f 2979 3101 3100
f 2979 2980 3101
f 3102 2980 2981
f 3102 3101 2980
f 2981 2973 3094
f 2981 3094 3102
f 3103 3098 2977
f 3103 2977 2982
f 2982 2978 3099
f 3104 2982 3099
f 3103 2982 3104
f 3104 3099 3100
f 3106 3105 2983
f 3106 2983 2984
f 2983 3107 2985
f 3105 3107 2983
f 2985 3108 2986
f 3107 3108 2985
f 2986 3109 2987
f 3108 3109 2986
f 2987 3110 2988
f 3109 3110 2987
f 2988 3111 2989
f 3110 3111 2988
f 2989 3112 2990
f 3111 3112 2989
f 2990 3113 2991
f 3112 3113 2990
f 2991 3114 2992
f 3113 3114 2991
f 2992 3115 2993
f 3114 3115 2992
f 2993 3116 2994
f 3115 3116 2993
f 2994 3117 2995
f 3116 3117 2994
f 2995 3118 2996
f 3117 3118 2995
f 2996 3119 2997
f 3118 3119 2996
f 2997 3120 2998
f 3119 3120 2997
f 2998 3121 2999
f 3120 3121 2998
f 2999 3122 3000
f 3121 3122 2999
f 3000 3123 3001
f 3122 3123 3000
f 3001 3124 3002
f 3123 3124 3001
f 3002 3125 3003
f 3124 3125 3002
f 3003 3126 3004
f 3125 3126 3003
f 3004 3127 3005
f 3126 3127 3004
f 3005 3128 3006
f 3127 3128 3005
f 3006 3129 3007
f 3128 3129 3006
f 3007 3130 3008
f 3129 3130 3007
f 3008 3131 3009
f 3130 3131 3008
f 3009 3132 3010
f 3131 3132 3009
f 3010 3133 3011
f 3132 3133 3010
f 3011 3134 3012
f 3133 3134 3011
f 3013 3012 3134
f 3013 3134 3135
f 3137 3136 3015
f 3137 3015 3016
f 2984 3015 3106
f 3106 3015 3136
f 3135 3138 3013
f 3013 3138 3017
f 3018 3017 3138
f 3018 3138 3139
f 3019 3137 3016
f 3019 3140 3137
f 3139 3020 3018
f 3141 3020 3139
f 3021 3140 3019
f 3021 3142 3140
f 3141 3022 3020
f 3143 3022 3141
f 3023 3142 3021
f 3023 3144 3142
f 3143 3024 3022
f 3145 3024 3143
f 3025 3144 3023
f 3025 3146 3144
f 3145 3026 3024
f 3147 3026 3145
f 3027 3146 3025
f 3027 3148 3146
f 3147 3028 3026
f 3149 3028 3147
f 3029 3148 3027
f 3029 3150 3148
f 3149 3030 3028
f 3151 3030 3149
f 3031 3150 3029
f 3031 3152 3150
f 3151 3032 3030
f 3153 3032 3151
f 3155 3154 3033
f 3155 3033 3034
f 3031 3033 3152
f 3152 3033 3154
f 3153 3035 3032
f 3156 3035 3153
f 3036 3155 3034
f 3036 3157 3155
f 3156 3037 3035
f 3158 3037 3156
f 3038 3157 3036
f 3038 3159 3157
f 3158 3039 3037
f 3160 3039 3158
f 3161 3159 3038
f 3161 3038 3040
f 3040 3041 3161
f 3161 3041 3162
f 3164 3163 3043
f 3043 3163 3042
f 3165 3043 3044
f 3165 3164 3043
f 3166 3044 3045
f 3166 3165 3044
f 3167 3045 3046
f 3167 3166 3045
f 3168 3046 3047
f 3168 3167 3046
f 3169 3047 3048
f 3169 3168 3047
f 3170 3048 3049
f 3170 3169 3048
f 3171 3049 3050
f 3171 3170 3049
f 3050 3051 3171
f 3171 3051 3172
f 3160 3052 3039
f 3173 3052 3160
f 3174 3162 3041
f 3174 3041 3053
f 3175 3053 3054
f 3175 3174 3053
f 3176 3054 3055
f 3176 3175 3054
f 3177 3055 3056
f 3177 3176 3055
f 3178 3056 3057
f 3178 3177 3056
f 3179 3057 3058
f 3179 3178 3057
f 3180 3058 3059
f 3180 3179 3058
f 3181 3059 3060
f 3181 3180 3059
f 3182 3060 3061
f 3182 3181 3060
f 3183 3061 3062
f 3183 3182 3061
f 3184 3062 3063
f 3184 3183 3062
f 3185 3063 3064
f 3185 3184 3063
f 3186 3064 3065
f 3186 3185 3064
f 3187 3065 3066
f 3187 3186 3065
f 3188 3066 3067
f 3188 3187 3066
f 3067 3042 3163
f 3067 3163 3188
f 3189 3172 3051
f 3189 3051 3068
f 3068 3069 3189
f 3189 3069 3190
f 3173 3070 3052
f 3191 3070 3173
f 3071 3190 3069
f 3071 3192 3190
f 3191 3072 3070
f 3193 3072 3191
f 3195 3194 3073
f 3195 3073 3074
f 3071 3073 3192
f 3192 3073 3194
f 3193 3075 3072
f 3196 3075 3193
f 3076 3195 3074
f 3076 3197 3195
f 3196 3077 3075
f 3198 3077 3196
f 3078 3197 3076
f 3078 3199 3197
f 3198 3079 3077
f 3200 3079 3198
f 3080 3199 3078
f 3080 3201 3199
f 3200 3081 3079
f 3202 3081 3200
f 3082 3201 3080
f 3082 3203 3201
f 3202 3083 3081
f 3204 3083 3202
f 3084 3203 3082
f 3084 3205 3203
f 3204 3085 3083
f 3206 3085 3204
f 3086 3205 3084
f 3086 3207 3205
f 3206 3087 3085
f 3208 3087 3206
f 3209 3207 3086
f 3209 3086 3088
f 3088 3089 3209
f 3209 3089 3210
f 3208 3090 3087
f 3211 3090 3208
f 3091 3210 3089
f 3091 3212 3210
f 3211 3092 3090
f 3213 3092 3211
f 3093 3212 3091
f 3093 3214 3212
f 3216 3215 3095
f 3095 3215 3094
f 3095 3092 3213
f 3095 3213 3216
f 3217 3214 3093
f 3217 3093 3096
f 3218 3096 3097
f 3218 3217 3096
f 3097 3098 3218
f 3218 3098 3219
f 3221 3220 3101
f 3101 3220 3100
f 3222 3101 3102
f 3222 3221 3101
f 3102 3094 3215
f 3102 3215 3222
f 3223 3219 3098
f 3223 3098 3103
f 3224 3103 3104
f 3224 3223 3103
f 3104 3100 3220
f 3104 3220 3224
f 3226 3225 3105
f 3226 3105 3106
f 3105 3227 3107
f 3225 3227 3105
f 3107 3228 3108
f 3227 3228 3107
f 3108 3229 3109
f 3228 3229 3108
f 3109 3230 3110
f 3229 3230 3109
f 3110 3231 3111
f 3230 3231 3110
f 3111 3232 3112
f 3231 3232 3111
f 3112 3233 3113
f 3232 3233 3112
f 3113 3234 3114
f 3233 3234 3113
f 3114 3235 3115
f 3234 3235 3114
f 3115 3236 3116
f 3235 3236 3115
f 3116 3237 3117
f 3236 3237 3116
f 3117 3238 3118
f 3237 3238 3117
f 3118 3239 3119
f 3238 3239 3118
f 3119 3240 3120
f 3239 3240 3119
f 3120 3241 3121
f 3240 3241 3120
f 3121 3242 3122
f 3241 3242 3121
f 3122 3243 3123
f 3242 3243 3122
f 3123 3244 3124
f 3243 3244 3123
f 3124 3245 3125
f 3244 3245 3124
f 3125 3246 3126
f 3245 3246 3125
f 3126 3247 3127
f 3246 3247 3126
f 3127 3248 3128
f 3247 3248 3127
f 3128 3249 3129
f 3248 3249 3128
f 3129 3250 3130
f 3249 3250 3129
f 3130 3251 3131
f 3250 3251 3130
f 3131 3252 3132
f 3251 3252 3131
f 3132 3253 3133
f 3252 3253 3132
f 3133 3254 3134
f 3253 3254 3133
f 3135 3134 3254
f 3135 3254 3255
f 3257 3256 3136
f 3257 3136 3137
f 3106 3136 3226
f 3226 3136 3256
f 3255 3258 3135
f 3135 3258 3138
f 3139 3138 3258
f 3139 3258 3259
f 3140 3257 3137
f 3140 3260 3257
f 3259 3141 3139
f 3261 3141 3259
f 3142 3260 3140
f 3142 3262 3260
f 3261 3143 3141
f 3263 3143 3261
f 3144 3262 3142
f 3144 3264 3262
f 3263 3145 3143
f 3265 3145 3263
f 3146 3264 3144
f 3146 3266 3264
f 3265 3147 3145
f 3267 3147 3265
f 3148 3266 3146
f 3148 3268 3266
f 3267 3149 3147
f 3269 3149 3267
f 3150 3268 3148
f 3150 3270 3268
f 3269 3151 3149
f 3271 3151 3269
f 3152 3270 3150
f 3152 3272 3270
f 3271 3153 3151
f 3273 3153 3271
f 3275 3274 3154
f 3275 3154 3155
f 3152 3154 3272
f 3272 3154 3274
f 3273 3156 3153
f 3276 3156 3273
f 3157 3275 3155
f 3157 3277 3275
f 3276 3158 3156
f 3278 3158 3276
f 3159 3277 3157
f 3159 3279 3277
f 3278 3160 3158
f 3280 3160 3278
f 3281 3279 3159
f 3281 3159 3161
f 3161 3162 3281
f 3281 3162 3282
f 3284 3283 3164
f 3164 3283 3163
f 3285 3164 3165
f 3285 3284 3164
f 3286 3165 3166
f 3286 3285 3165
f 3287 3166 3167
f 3287 3286 3166
f 3288 3167 3168
f 3288 3287 3167
f 3289 3168 3169
f 3289 3288 3168
f 3290 3169 3170
f 3290 3289 3169
f 3291 3170 3171
f 3291 3290 3170
f 3171 3172 3291
f 3291 3172 3292
f 3280 3173 3160
f 3293 3173 3280
f 3294 3282 3162
f 3294 3162 3174
f 3295 3174 3175
f 3295 3294 3174
f 3296 3175 3176
f 3296 3295 3175
f 3297 3176 3177
f 3297 3296 3176
f 3298 3177 3178
f 3298 3297 3177
f 3299 3178 3179
f 3299 3298 3178
f 3300 3179 3180
f 3300 3299 3179
f 3301 3180 3181
f 3301 3300 3180
f 3302 3181 3182
f 3302 3301 3181
f 3303 3182 3183
f 3303 3302 3182
f 3304 3183 3184
f 3304 3303 3183
f 3305 3184 3185
f 3305 3304 3184
f 3306 3185 3186
f 3306 3305 3185
f 3307 3186 3187
f 3307 3306 3186
f 3308 3187 3188
f 3308 3307 3187
f 3188 3163 3283
f 3188 3283 3308
f 3309 3292 3172
f 3309 3172 3189
f 3189 3190 3309
f 3309 3190 3310
f 3293 3191 3173
f 3311 3191 3293
f 3192 3310 3190
f 3192 3312 3310
f 3311 3193 3191
f 3313 3193 3311
f 3315 3314 3194
f 3315 3194 3195
f 3192 3194 3312
f 3312 3194 3314
f 3313 3196 3193
f 3316 3196 3313
f 3197 3315 3195
f 3197 3317 3315
f 3316 3198 3196
f 3318 3198 3316
f 3199 3317 3197
f 3199 3319 3317
f 3318 3200 3198
f 3320 3200 3318
f 3201 3319 3199
f 3201 3321 3319
f 3320 3202 3200
f 3322 3202 3320
f 3203 3321 3201
f 3203 3323 3321
f 3322 3204 3202
f 3324 3204 3322
f 3205 3323 3203
f 3205 3325 3323
f 3324 3206 3204
f 3326 3206 3324
f 3207 3325 3205
f 3207 3327 3325
f 3326 3208 3206
f 3328 3208 3326
f 3329 3327 3207
f 3329 3207 3209
f 3209 3210 3329
f 3329 3210 3330
f 3328 3211 3208
f 3331 3211 3328
f 3212 3330 3210
f 3212 3332 3330
f 3331 3213 3211
f 3333 3213 3331
f 3214 3332 3212
f 3214 3334 3332
f 3336 3335 3216
f 3216 3335 3215
f 3216 3213 3333
f 3216 3333 3336
f 3337 3334 3214
f 3337 3214 3217
f 3338 3217 3218
f 3338 3337 3217
f 3218 3219 3338
f 3338 3219 3339
f 3341 3340 3221
f 3221 3340 3220
f 3342 3221 3222
f 3342 3341 3221
f 3222 3215 3335
f 3222 3335 3342
f 3343 3339 3219
f 3343 3219 3223
f 3344 3223 3224
f 3344 3343 3223
f 3224 3220 3340
f 3224 3340 3344
f 3346 3345 3225
f 3346 3225 3226
f 3225 3347 3227
f 3345 3347 3225
f 3227 3348 3228
f 3347 3348 3227
f 3228 3349 3229
f 3348 3349 3228
f 3229 3350 3230
f 3349 3350 3229
f 3230 3351 3231
f 3350 3351 3230
f 3231 3352 3232
f 3351 3352 3231
f 3232 3353 3233
f 3352 3353 3232
f 3233 3354 3234
f 3353 3354 3233
f 3234 3355 3235
f 3354 3355 3234
f 3235 3356 3236
f 3355 3356 3235
f 3236 3357 3237
f 3356 3357 3236
f 3237 3358 3238
f 3357 3358 3237
f 3238 3359 3239
f 3358 3359 3238
f 3239 3360 3240
f 3359 3360 3239
f 3240 3361 3241
f 3360 3361 3240
f 3241 3362 3242
f 3361 3362 3241
f 3242 3363 3243
f 3362 3363 3242
f 3243 3364 3244
f 3363 3364 3243
f 3244 3365 3245
f 3364 3365 3244
f 3245 3366 3246
f 3365 3366 3245
f 3246 3367 3247
f 3366 3367 3246
f 3247 3368 3248
f 3367 3368 3247
f 3248 3369 3249
f 3368 3369 3248
f 3249 3370 3250
f 3369 3370 3249
f 3250 3371 3251
f 3370 3371 3250
f 3251 3372 3252
f 3371 3372 3251
f 3252 3373 3253
f 3372 3373 3252
f 3253 3374 3254
f 3373 3374 3253
f 3255 3254 3374
f 3255 3374 3375
f 3377 3376 3256
f 3377 3256 3257
f 3226 3256 3346
f 3346 3256 3376
f 3375 3378 3255
f 3255 3378 3258
f 3259 3258 3378
f 3259 3378 3379
f 3260 3377 3257
f 3260 3380 3377
f 3379 3261 3259
f 3381 3261 3379
f 3262 3380 3260
f 3262 3382 3380
f 3381 3263 3261
f 3383 3263 3381
f 3264 3382 3262
f 3264 3384 3382
f 3383 3265 3263
f 3385 3265 3383
f 3266 3384 3264
f 3266 3386 3384
f 3385 3267 3265
f 3387 3267 3385
f 3268 3386 3266
f 3268 3388 3386
f 3387 3269 3267
f 3389 3269 3387
f 3270 3388 3268
f 3270 3390 3388
f 3389 3271 3269
f 3391 3271 3389
f 3272 3390 3270
f 3272 3392 3390
f 3391 3273 3271
f 3393 3273 3391
f 3395 3394 3274
f 3395 3274 3275
f 3272 3274 3392
f 3392 3274 3394
f 3393 3276 3273
f 3396 3276 3393
f 3277 3395 3275
f 3277 3397 3395
f 3396 3278 3276
f 3398 3278 3396
f 3279 3397 3277
f 3279 3399 3397
f 3398 3280 3278
f 3400 3280 3398
f 3401 3399 3279
f 3401 3279 3281
f 3281 3282 3401
f 3401 3282 3402
f 3404 3403 3284
f 3284 3403 3283
f 3405 3284 3285
f 3405 3404 3284
f 3406 3285 3286
f 3406 3405 3285
f 3407 3286 3287
f 3407 3406 3286
f 3408 3287 3288
f 3408 3407 3287
f 3409 3288 3289
f 3409 3408 3288
f 3410 3289 3290
f 3410 3409 3289
f 3411 3290 3291
f 3411 3410 3290
f 3291 3292 3411
f 3411 3292 3412
f 3400 3293 3280
f 3413 3293 3400
f 3414 3402 3282
f 3414 3282 3294
f 3415 3294 3295
f 3415 3414 3294
f 3416 3295 3296
f 3416 3415 3295
f 3417 3296 3297
f 3417 3416 3296
f 3418 3297 3298
f 3418 3417 3297
f 3419 3298 3299
f 3419 3418 3298
f 3420 3299 3300
f 3420 3419 3299
f 3421 3300 3301
f 3421 3420 3300
f 3422 3301 3302
f 3422 3421 3301
f 3423 3302 3303
f 3423 3422 3302
f 3424 3303 3304
f 3424 3423 3303
f 3425 3304 3305
f 3425 3424 3304
f 3426 3305 3306
f 3426 3425 3305
f 3427 3306 3307
f 3427 3426 3306
f 3428 3307 3308
f 3428 3427 3307
f 3308 3283 3403
f 3308 3403 3428
f 3429 3412 3292
f 3429 3292 3309
f 3309 3310 3429
f 3429 3310 3430
f 3413 3311 3293
f 3431 3311 3413
f 3312 3430 3310
f 3312 3432 3430
f 3431 3313 3311
f 3433 3313 3431
f 3435 3434 3314
f 3435 3314 3315
f 3312 3314 3432
f 3432 3314 3434
f 3433 3316 3313
f 3436 3316 3433
f 3317 3435 3315
f 3317 3437 3435
f 3436 3318 3316
f 3438 3318 3436
f 3319 3437 3317
f 3319 3439 3437
f 3438 3320 3318
f 3440 3320 3438
f 3321 3439 3319
f 3321 3441 3439
f 3440 3322 3320
f 3442 3322 3440
f 3323 3441 3321
f 3323 3443 3441
f 3442 3324 3322
f 3444 3324 3442
f 3325 3443 3323
f 3325 3445 3443
f 3444 3326 3324
f 3446 3326 3444
f 3327 3445 3325
f 3327 3447 3445
f 3446 3328 3326
f 3448 3328 3446
f 3449 3447 3327
f 3449 3327 3329
f 3329 3330 3449
f 3449 3330 3450
f 3448 3331 3328
f 3451 3331 3448
f 3332 3450 3330
f 3332 3452 3450
f 3451 3333 3331
f 3453 3333 3451
f 3334 3452 3332
f 3334 3454 3452
f 3456 3455 3336
f 3336 3455 3335
f 3336 3333 3453
f 3336 3453 3456
f 3457 3454 3334
f 3457 3334 3337
f 3458 3337 3338
f 3458 3457 3337
f 3338 3339 3458
f 3458 3339 3459
f 3461 3460 3341
f 3341 3460 3340
f 3462 3341 3342
f 3462 3461 3341
f 3342 3335 3455
f 3342 3455 3462
f 3463 3459 3339
f 3463 3339 3343
f 3464 3343 3344
f 3464 3463 3343
f 3344 3340 3460
f 3344 3460 3464
f 3466 3465 3345
f 3466 3345 3346
f 3345 3467 3347
f 3465 3467 3345
f 3347 3468 3348
f 3467 3468 3347
f 3348 3469 3349
f 3468 3469 3348
f 3349 3470 3350
f 3469 3470 3349
f 3350 3471 3351
f 3470 3471 3350
f 3351 3472 3352
f 3471 3472 3351
f 3352 3473 3353
f 3472 3473 3352
f 3353 3474 3354
f 3473 3474 3353
f 3354 3475 3355
f 3474 3475 3354
f 3355 3476 3356
f 3475 3476 3355
f 3356 3477 3357
f 3476 3477 3356
f 3357 3478 3358
f 3477 3478 3357
f 3358 3479 3359
f 3478 3479 3358
f 3359 3480 3360
f 3479 3480 3359
f 3360 3481 3361
f 3480 3481 3360
f 3361 3482 3362
f 3481 3482 3361
f 3362 3483 3363
f 3482 3483 3362
f 3363 3484 3364
f 3483 3484 3363
f 3364 3485 3365
f 3484 3485 3364
f 3365 3486 3366
f 3485 3486 3365
f 3366 3487 3367
f 3486 3487 3366
f 3367 3488 3368
f 3487 3488 3367
f 3368 3489 3369
f 3488 3489 3368
f 3369 3490 3370
f 3489 3490 3369
f 3370 3491 3371
f 3490 3491 3370
f 3371 3492 3372
f 3491 3492 3371
f 3372 3493 3373
f 3492 3493 3372
f 3373 3494 3374
f 3493 3494 3373
f 3375 3374 3494
f 3375 3494 3495
f 3497 3496 3376
f 3497 3376 3377
f 3346 3376 3466
f 3466 3376 3496
f 3495 3498 3375
f 3375 3498 3378
f 3379 3378 3498
f 3379 3498 3499
f 3380 3497 3377
f 3380 3500 3497
f 3499 3381 3379
f 3501 3381 3499
f 3382 3500 3380
f 3382 3502 3500
f 3501 3383 3381
f 3503 3383 3501
f 3384 3502 3382
f 3384 3504 3502
f 3503 3385 3383
f 3505 3385 3503
f 3386 3504 3384
f 3386 3506 3504
f 3505 3387 3385
f 3507 3387 3505
f 3388 3506 3386
f 3388 3508 3506
f 3507 3389 3387
f 3509 3389 3507
f 3390 3508 3388
f 3390 3510 3508
f 3509 3391 3389
f 3511 3391 3509
f 3392 3510 3390
f 3392 3512 3510
f 3511 3393 3391
f 3513 3393 3511
f 3515 3514 3394
f 3515 3394 3395
f 3392 3394 3512
f 3512 3394 3514
f 3513 3396 3393
f 3516 3396 3513
f 3397 3515 3395
f 3397 3517 3515
f 3516 3398 3396
f 3518 3398 3516
f 3399 3517 3397
f 3399 3519 3517
f 3518 3400 3398
f 3520 3400 3518
f 3521 3519 3399
f 3521 3399 3401
f 3401 3402 3521
f 3521 3402 3522
f 3525 3524 3523
f 3403 3404 3523
f 3404 3525 3523
f 3404 3526 3525
f 3527 3404 3405
f 3527 3526 3404
f 3528 3405 3406
f 3528 3527 3405
f 3529 3406 3407
f 3529 3528 3406
f 3530 3407 3408
f 3530 3529 3407
f 3531 3408 3409
f 3531 3530 3408
f 3532 3409 3410
f 3532 3531 3409
f 3533 3410 3411
f 3533 3532 3410
f 3411 3412 3533
f 3533 3412 3534
f 3520 3413 3400
f 3535 3413 3520
f 3536 3522 3402
f 3536 3402 3414
f 3537 3414 3415
f 3537 3536 3414
f 3538 3415 3416
f 3538 3537 3415
f 3539 3416 3417
f 3539 3538 3416
f 3540 3417 3418
f 3540 3539 3417
f 3541 3418 3419
f 3541 3540 3418
f 3542 3419 3420
f 3542 3541 3419
f 3543 3420 3421
f 3543 3542 3420
f 3544 3421 3422
f 3544 3543 3421
f 3545 3422 3423
f 3545 3544 3422
f 3546 3423 3424
f 3546 3545 3423
f 3547 3424 3425
f 3547 3546 3424
f 3548 3425 3426
f 3548 3547 3425
f 3549 3426 3427
f 3549 3548 3426
f 3428 3523 3524
f 3549 3428 3524
f 3427 3428 3549
f 3523 3428 3403
f 3550 3534 3412
f 3550 3412 3429
f 3429 3430 3550
f 3550 3430 3551
f 3535 3431 3413
f 3552 3431 3535
f 3432 3551 3430
f 3432 3553 3551
f 3552 3433 3431
f 3554 3433 3552
f 3556 3555 3434
f 3556 3434 3435
f 3432 3434 3553
f 3553 3434 3555
f 3554 3436 3433
f 3557 3436 3554
f 3437 3556 3435
f 3437 3558 3556
f 3557 3438 3436
f 3559 3438 3557
f 3439 3558 3437
f 3439 3560 3558
f 3559 3440 3438
f 3561 3440 3559
f 3441 3560 3439
f 3441 3562 3560
f 3561 3442 3440
f 3563 3442 3561
f 3443 3562 3441
f 3443 3564 3562
f 3563 3444 3442
f 3565 3444 3563
f 3445 3564 3443
f 3445 3566 3564
f 3565 3446 3444
f 3567 3446 3565
f 3447 3566 3445
f 3447 3568 3566
f 3567 3448 3446
f 3569 3448 3567
f 3570 3568 3447
f 3570 3447 3449
f 3449 3450 3570
f 3570 3450 3571
f 3569 3451 3448
f 3572 3451 3569
f 3452 3571 3450
f 3452 3573 3571
f 3572 3453 3451
f 3574 3453 3572
f 3454 3573 3452
f 3454 3575 3573
f 3577 3576 3456
f 3456 3576 3455
f 3456 3453 3574
f 3456 3574 3577
f 3578 3575 3454
f 3578 3454 3457
f 3579 3457 3458
f 3579 3578 3457
f 3458 3459 3579
f 3579 3459 3580
f 3582 3581 3461
f 3461 3581 3460
f 3583 3461 3462
f 3583 3582 3461
f 3462 3455 3576
f 3462 3576 3583
f 3584 3580 3459
f 3584 3459 3463
f 3585 3463 3464
f 3585 3584 3463
f 3464 3460 3581
f 3464 3581 3585
f 3587 3586 3465
f 3587 3465 3466
f 3465 3588 3467
f 3586 3588 3465
f 3467 3589 3468
f 3588 3589 3467
f 3468 3590 3469
f 3589 3590 3468
f 3469 3591 3470
f 3590 3591 3469
f 3470 3592 3471
f 3591 3592 3470
f 3471 3593 3472
f 3592 3593 3471
f 3472 3594 3473
f 3593 3594 3472
f 3473 3595 3474
f 3594 3595 3473
f 3474 3596 3475
f 3595 3596 3474
f 3475 3597 3476
f 3596 3597 3475
f 3476 3598 3477
f 3597 3598 3476
f 3477 3599 3478
f 3598 3599 3477
f 3478 3600 3479
f 3599 3600 3478
f 3479 3601 3480
f 3600 3601 3479
f 3480 3602 3481
f 3601 3602 3480
f 3481 3603 3482
f 3602 3603 3481
f 3482 3604 3483
f 3603 3604 3482
f 3483 3605 3484
f 3604 3605 3483
f 3484 3606 3485
f 3605 3606 3484
f 3485 3607 3486
f 3606 3607 3485
f 3486 3608 3487
f 3607 3608 3486
f 3487 3609 3488
f 3608 3609 3487
f 3488 3610 3489
f 3609 3610 3488
f 3489 3611 3490
f 3610 3611 3489
f 3490 3612 3491
f 3611 3612 3490
f 3491 3613 3492
f 3612 3613 3491
f 3492 3614 3493
f 3613 3614 3492
f 3493 3615 3494
f 3614 3615 3493
f 3495 3494 3615
f 3495 3615 3616
f 3618 3617 3496
f 3618 3496 3497
f 3466 3496 3587
f 3587 3496 3617
f 3616 3619 3495
f 3495 3619 3498
f 3499 3498 3619
f 3499 3619 3620
f 3500 3618 3497
f 3500 3621 3618
f 3620 3501 3499
f 3622 3501 3620
f 3502 3621 3500
f 3502 3623 3621
f 3622 3503 3501
f 3624 3503 3622
f 3504 3623 3502
f 3504 3625 3623
f 3624 3505 3503
f 3626 3505 3624
f 3506 3625 3504
f 3506 3627 3625
f 3626 3507 3505
f 3628 3507 3626
f 3508 3627 3506
f 3508 3629 3627
f 3628 3509 3507
f 3630 3509 3628
f 3510 3629 3508
f 3510 3631 3629
f 3630 3511 3509
f 3632 3511 3630
f 3512 3631 3510
f 3512 3633 3631
f 3632 3513 3511
f 3634 3513 3632
f 3636 3635 3514
f 3636 3514 3515
f 3512 3514 3633
f 3633 3514 3635
f 3634 3516 3513
f 3637 3516 3634
f 3517 3636 3515
f 3517 3638 3636
f 3637 3518 3516
f 3639 3518 3637
f 3519 3638 3517
f 3519 3640 3638
f 3639 3520 3518
f 3641 3520 3639
f 3642 3640 3519
f 3642 3519 3521
f 3521 3522 3642
f 3642 3522 3643
f 3645 3644 3525
f 3525 3644 3524
f 3646 3525 3526
f 3646 3645 3525
f 3647 3526 3527
f 3647 3646 3526
f 3648 3527 3528
f 3648 3647 3527
f 3649 3528 3529
f 3649 3648 3528
f 3650 3529 3530
f 3650 3649 3529
f 3651 3530 3531
f 3651 3650 3530
f 3652 3531 3532
f 3652 3651 3531
f 3653 3532 3533
f 3653 3652 3532
f 3533 3534 3653
f 3653 3534 3654
f 3641 3535 3520
f 3655 3535 3641
f 3656 3643 3522
f 3656 3522 3536
f 3657 3536 3537
f 3657 3656 3536
f 3658 3537 3538
f 3658 3657 3537
f 3659 3538 3539
f 3659 3658 3538
f 3660 3539 3540
f 3660 3659 3539
f 3661 3540 3541
f 3661 3660 3540
f 3662 3541 3542
f 3662 3661 3541
f 3663 3542 3543
f 3663 3662 3542
f 3664 3543 3544
f 3664 3663 3543
f 3665 3544 3545
f 3665 3664 3544
f 3666 3545 3546
f 3666 3665 3545
f 3667 3546 3547
f 3667 3666 3546
f 3668 3547 3548
f 3668 3667 3547
f 3669 3548 3549
f 3669 3668 3548
f 3549 3524 3644
f 3549 3644 3669
f 3670 3654 3534
f 3670 3534 3550
f 3550 3551 3670
f 3670 3551 3671
f 3655 3552 3535
f 3672 3552 3655
f 3553 3671 3551
f 3553 3673 3671
f 3672 3554 3552
f 3674 3554 3672
f 3676 3675 3555
f 3676 3555 3556
f 3553 3555 3673
f 3673 3555 3675
f 3674 3557 3554
f 3677 3557 3674
f 3558 3676 3556
f 3558 3678 3676
f 3677 3559 3557
f 3679 3559 3677
f 3560 3678 3558
f 3560 3680 3678
f 3679 3561 3559
f 3681 3561 3679
f 3562 3680 3560
f 3562 3682 3680
f 3681 3563 3561
f 3683 3563 3681
f 3564 3682 3562
f 3564 3684 3682
f 3683 3565 3563
f 3685 3565 3683
f 3566 3684 3564
f 3566 3686 3684
f 3685 3567 3565
f 3687 3567 3685
f 3568 3686 3566
f 3568 3688 3686
f 3687 3569 3567
f 3689 3569 3687
f 3690 3688 3568
f 3690 3568 3570
f 3570 3571 3690
f 3690 3571 3691
f 3689 3572 3569
f 3692 3572 3689
f 3573 3691 3571
f 3573 3693 3691
f 3692 3574 3572
f 3694 3574 3692
f 3575 3693 3573
f 3575 3695 3693
f 3697 3696 3577
f 3577 3696 3576
f 3577 3574 3694
f 3577 3694 3697
f 3698 3695 3575
f 3698 3575 3578
f 3699 3578 3579
f 3699 3698 3578
f 3579 3580 3699
f 3699 3580 3700
f 3702 3701 3582
f 3582 3701 3581
f 3703 3582 3583
f 3703 3702 3582
f 3583 3576 3696
f 3583 3696 3703
f 3704 3700 3580
f 3704 3580 3584
f 3705 3584 3585
f 3705 3704 3584
f 3585 3581 3701
f 3585 3701 3705
f 3707 3706 3586
f 3707 3586 3587
f 3586 3708 3588
f 3706 3708 3586
f 3588 3709 3589
f 3708 3709 3588
f 3589 3710 3590
f 3709 3710 3589
f 3590 3711 3591
f 3710 3711 3590
f 3591 3712 3592
f 3711 3712 3591
f 3592 3713 3593
f 3712 3713 3592
f 3593 3714 3594
f 3713 3714 3593
f 3594 3715 3595
f 3714 3715 3594
f 3595 3716 3596
f 3715 3716 3595
f 3596 3717 3597
f 3716 3717 3596
f 3597 3718 3598
f 3717 3718 3597
f 3598 3719 3599
f 3718 3719 3598
f 3599 3720 3600
f 3719 3720 3599
f 3600 3721 3601
f 3720 3721 3600
f 3601 3722 3602
f 3721 3722 3601
f 3602 3723 3603
f 3722 3723 3602
f 3603 3724 3604
f 3723 3724 3603
f 3604 3725 3605
f 3724 3725 3604
f 3605 3726 3606
f 3725 3726 3605
f 3606 3727 3607
f 3726 3727 3606
f 3607 3728 3608
f 3727 3728 3607
f 3608 3729 3609
f 3728 3729 3608
f 3609 3730 3610
f 3729 3730 3609
f 3610 3731 3611
f 3730 3731 3610
f 3611 3732 3612
f 3731 3732 3611
f 3612 3733 3613
f 3732 3733 3612
f 3613 3734 3614
f 3733 3734 3613
f 3614 3735 3615
f 3734 3735 3614
f 3616 3615 3735
f 3616 3735 3736
f 3738 3737 3617
f 3738 3617 3618
f 3587 3617 3707
f 3707 3617 3737
f 3736 3739 3616
f 3616 3739 3619
f 3620 3619 3739
f 3620 3739 3740
f 3621 3738 3618
f 3621 3741 3738
f 3740 3622 3620
f 3742 3622 3740
f 3623 3741 3621
f 3623 3743 3741
f 3742 3624 3622
f 3744 3624 3742
f 3625 3743 3623
f 3625 3745 3743
f 3744 3626 3624
f 3746 3626 3744
f 3627 3745 3625
f 3627 3747 3745
f 3746 3628 3626
f 3748 3628 3746
f 3629 3747 3627
f 3629 3749 3747
f 3748 3630 3628
f 3750 3630 3748
f 3631 3749 3629
f 3631 3751 3749
f 3750 3632 3630
f 3752 3632 3750
f 3633 3751 3631
f 3633 3753 3751
f 3752 3634 3632
f 3754 3634 3752
f 3756 3755 3635
f 3756 3635 3636
f 3633 3635 3753
f 3753 3635 3755
f 3754 3637 3634
f 3757 3637 3754
f 3638 3756 3636
f 3638 3758 3756
f 3757 3639 3637
f 3759 3639 3757
f 3640 3758 3638
f 3640 3760 3758
f 3759 3641 3639
f 3761 3641 3759
f 3762 3760 3640
f 3762 3640 3642
f 3642 3643 3762
f 3762 3643 3763
f 3765 3764 3645
f 3645 3764 3644
f 3766 3645 3646
f 3766 3765 3645
f 3767 3646 3647
f 3767 3766 3646
f 3768 3647 3648
f 3768 3767 3647
f 3769 3648 3649
f 3769 3768 3648
f 3770 3649 3650
f 3770 3769 3649
f 3771 3650 3651
f 3771 3770 3650
f 3772 3651 3652
f 3772 3771 3651
f 3773 3652 3653
f 3773 3772 3652
f 3653 3654 3773
f 3773 3654 3774
f 3761 3655 3641
f 3775 3655 3761
f 3776 3763 3643
f 3776 3643 3656
f 3777 3656 3657
f 3777 3776 3656
f 3778 3657 3658
f 3778 3777 3657
f 3779 3658 3659
f 3779 3778 3658
f 3780 3659 3660
f 3780 3779 3659
f 3781 3660 3661
f 3781 3780 3660
f 3782 3661 3662
f 3782 3781 3661
f 3783 3662 3663
f 3783 3782 3662
f 3784 3663 3664
f 3784 3783 3663
f 3785 3664 3665
f 3785 3784 3664
f 3786 3665 3666
f 3786 3785 3665
f 3787 3666 3667
f 3787 3786 3666
f 3788 3667 3668
f 3788 3787 3667
f 3789 3668 3669
f 3789 3788 3668
f 3669 3644 3764
f 3669 3764 3789
f 3790 3774 3654
f 3790 3654 3670
f 3670 3671 3790
f 3790 3671 3791
f 3775 3672 3655
f 3792 3672 3775
f 3673 3791 3671
f 3673 3793 3791
f 3792 3674 3672
f 3794 3674 3792
f 3796 3795 3675
f 3796 3675 3676
f 3673 3675 3793
f 3793 3675 3795
f 3794 3677 3674
f 3797 3677 3794
f 3678 3796 3676
f 3678 3798 3796
f 3797 3679 3677
f 3799 3679 3797
f 3680 3798 3678
f 3680 3800 3798
f 3799 3681 3679
f 3801 3681 3799
f 3682 3800 3680
f 3682 3802 3800
f 3801 3683 3681
f 3803 3683 3801
f 3684 3802 3682
f 3684 3804 3802
f 3803 3685 3683
f 3805 3685 3803
f 3686 3804 3684
f 3686 3806 3804
f 3805 3687 3685
f 3807 3687 3805
f 3688 3806 3686
f 3688 3808 3806
f 3807 3689 3687
f 3809 3689 3807
f 3810 3808 3688
f 3810 3688 3690
f 3690 3691 3810
f 3810 3691 3811
f 3809 3692 3689
f 3812 3692 3809
f 3693 3811 3691
f 3693 3813 3811
f 3812 3694 3692
f 3814 3694 3812
f 3695 3813 3693
f 3695 3815 3813
f 3817 3816 3697
f 3697 3816 3696
f 3697 3694 3814
f 3697 3814 3817
f 3818 3815 3695
f 3818 3695 3698
f 3819 3698 3699
f 3819 3818 3698
f 3699 3700 3819
f 3819 3700 3820
f 3822 3821 3702
f 3702 3821 3701
f 3823 3702 3703
f 3823 3822 3702
f 3703 3696 3816
f 3703 3816 3823
f 3824 3820 3700
f 3824 3700 3704
f 3825 3704 3705
f 3825 3824 3704
f 3705 3701 3821
f 3705 3821 3825
f 3827 3826 3706
f 3827 3706 3707
f 3706 3828 3708
f 3826 3828 3706
f 3708 3829 3709
f 3828 3829 3708
f 3709 3830 3710
f 3829 3830 3709
f 3710 3831 3711
f 3830 3831 3710
f 3711 3832 3712
f 3831 3832 3711
f 3712 3833 3713
f 3832 3833 3712
f 3713 3834 3714
f 3833 3834 3713
f 3714 3835 3715
f 3834 3835 3714
f 3715 3836 3716
f 3835 3836 3715
f 3716 3837 3717
f 3836 3837 3716
f 3717 3838 3718
f 3837 3838 3717
f 3718 3839 3719
f 3838 3839 3718
f 3719 3840 3720
f 3839 3840 3719
f 3720 3841 3721
f 3840 3841 3720
f 3721 3842 3722
f 3841 3842 3721
f 3722 3843 3723
f 3842 3843 3722
f 3723 3844 3724
f 3843 3844 3723
f 3724 3845 3725
f 3844 3845 3724
f 3725 3846 3726
f 3845 3846 3725
f 3726 3847 3727
f 3846 3847 3726
f 3727 3848 3728
f 3847 3848 3727
f 3728 3849 3729
f 3848 3849 3728
f 3729 3850 3730
f 3849 3850 3729
f 3730 3851 3731
f 3850 3851 3730
f 3731 3852 3732
f 3851 3852 3731
f 3732 3853 3733
f 3852 3853 3732
f 3733 3854 3734
f 3853 3854 3733
f 3734 3855 3735
f 3854 3855 3734
f 3736 3735 3855
f 3736 3855 3856
f 3858 3857 3737
f 3858 3737 3738
f 3707 3737 3827
f 3827 3737 3857
f 3856 3859 3736
f 3736 3859 3739
f 3740 3739 3859
f 3740 3859 3860
f 3741 3858 3738
f 3741 3861 3858
f 3860 3742 3740
f 3862 3742 3860
f 3743 3861 3741
f 3743 3863 3861
f 3862 3744 3742
f 3864 3744 3862
f 3745 3863 3743
f 3745 3865 3863
f 3864 3746 3744
f 3866 3746 3864
f 3747 3865 3745
f 3747 3867 3865
f 3866 3748 3746
f 3868 3748 3866
f 3749 3867 3747
f 3749 3869 3867
f 3868 3750 3748
f 3870 3750 3868
f 3751 3869 3749
f 3751 3871 3869
f 3870 3752 3750
f 3872 3752 3870
f 3753 3871 3751
f 3753 3873 3871
f 3872 3754 3752
f 3874 3754 3872
f 3876 3875 3755
f 3876 3755 3756
f 3753 3755 3873
f 3873 3755 3875
f 3874 3757 3754
f 3877 3757 3874
f 3758 3876 3756
f 3758 3878 3876
f 3877 3759 3757
f 3879 3759 3877
f 3760 3878 3758
f 3760 3880 3878
f 3879 3761 3759
f 3881 3761 3879
f 3882 3880 3760
f 3882 3760 3762
f 3762 3763 3882
f 3882 3763 3883
f 3886 3885 3884
f 3764 3765 3884
f 3765 3886 3884
f 3765 3887 3886
f 3888 3765 3766
f 3888 3887 3765
f 3889 3766 3767
f 3889 3888 3766
f 3890 3767 3768
f 3890 3889 3767
f 3891 3768 3769
f 3891 3890 3768
f 3892 3769 3770
f 3892 3891 3769
f 3893 3770 3771
f 3893 3892 3770
f 3894 3771 3772
f 3894 3893 3771
f 3895 3772 3773
f 3895 3894 3772
f 3773 3774 3895
f 3895 3774 3896
f 3881 3775 3761
f 3897 3775 3881
f 3898 3883 3763
f 3898 3763 3776
f 3899 3776 3777
f 3899 3898 3776
f 3900 3777 3778
f 3900 3899 3777
f 3901 3778 3779
f 3901 3900 3778
f 3902 3779 3780
f 3902 3901 3779
f 3903 3780 3781
f 3903 3902 3780
f 3904 3781 3782
f 3904 3903 3781
f 3905 3782 3783
f 3905 3904 3782
f 3906 3783 3784
f 3906 3905 3783
f 3907 3784 3785
f 3907 3906 3784
f 3908 3785 3786
f 3908 3907 3785
f 3909 3786 3787
f 3909 3908 3786
f 3910 3787 3788
f 3910 3909 3787
f 3789 3884 3885
f 3910 3789 3885
f 3788 3789 3910
f 3884 3789 3764
f 3911 3896 3774
f 3911 3774 3790
f 3790 3791 3911
f 3911 3791 3912
f 3897 3792 3775
f 3913 3792 3897
f 3793 3912 3791
f 3793 3914 3912
f 3913 3794 3792
f 3915 3794 3913
f 3917 3916 3795
f 3917 3795 3796
f 3793 3795 3914
f 3914 3795 3916
f 3915 3797 3794
f 3918 3797 3915
f 3798 3917 3796
f 3798 3919 3917
f 3918 3799 3797
f 3920 3799 3918
f 3800 3919 3798
f 3800 3921 3919
f 3920 3801 3799
f 3922 3801 3920
f 3802 3921 3800
f 3802 3923 3921
f 3922 3803 3801
f 3924 3803 3922
f 3804 3923 3802
f 3804 3925 3923
f 3924 3805 3803
f 3926 3805 3924
f 3806 3925 3804
f 3806 3927 3925
f 3926 3807 3805
f 3928 3807 3926
f 3808 3927 3806
f 3808 3929 3927
f 3928 3809 3807
f 3930 3809 3928
f 3931 3929 3808
f 3931 3808 3810
f 3810 3811 3931
f 3931 3811 3932
f 3930 3812 3809
f 3933 3812 3930
f 3813 3932 3811
f 3813 3934 3932
f 3933 3814 3812
f 3935 3814 3933
f 3815 3934 3813
f 3815 3936 3934
f 3938 3937 3817
f 3817 3937 3816
f 3817 3814 3935
f 3817 3935 3938
f 3939 3936 3815
f 3939 3815 3818
f 3940 3818 3819
f 3940 3939 3818
f 3819 3820 3940
f 3940 3820 3941
f 3943 3942 3822
f 3822 3942 3821
f 3944 3822 3823
f 3944 3943 3822
f 3823 3816 3937
f 3823 3937 3944
f 3945 3941 3820
f 3945 3820 3824
f 3946 3824 3825
f 3946 3945 3824
f 3825 3821 3942
f 3825 3942 3946
f 3948 3947 3826
f 3948 3826 3827
f 3826 3949 3828
f 3947 3949 3826
f 3828 3950 3829
f 3949 3950 3828
f 3829 3951 3830
f 3950 3951 3829
f 3830 3952 3831
f 3951 3952 3830
f 3831 3953 3832
f 3952 3953 3831
f 3832 3954 3833
f 3953 3954 3832
f 3833 3955 3834
f 3954 3955 3833
f 3834 3956 3835
f 3955 3956 3834
f 3835 3957 3836
f 3956 3957 3835
f 3836 3958 3837
f 3957 3958 3836
f 3837 3959 3838
f 3958 3959 3837
f 3838 3960 3839
f 3959 3960 3838
f 3839 3961 3840
f 3960 3961 3839
f 3840 3962 3841
f 3961 3962 3840
f 3841 3963 3842
f 3962 3963 3841
f 3842 3964 3843
f 3963 3964 3842
f 3843 3965 3844
f 3964 3965 3843
f 3844 3966 3845
f 3965 3966 3844
f 3845 3967 3846
f 3966 3967 3845
f 3846 3968 3847
f 3967 3968 3846
f 3847 3969 3848
f 3968 3969 3847
f 3848 3970 3849
f 3969 3970 3848
f 3849 3971 3850
f 3970 3971 3849
f 3850 3972 3851
f 3971 3972 3850
f 3851 3973 3852
f 3972 3973 3851
f 3852 3974 3853
f 3973 3974 3852
f 3853 3975 3854
f 3974 3975 3853
f 3854 3976 3855
f 3975 3976 3854
f 3856 3855 3976
f 3856 3976 3977
f 3979 3978 3857
f 3979 3857 3858
f 3827 3857 3948
f 3948 3857 3978
f 3977 3980 3856
f 3856 3980 3859
f 3860 3859 3980
f 3860 3980 3981
f 3861 3979 3858
f 3861 3982 3979
f 3981 3862 3860
f 3983 3862 3981
f 3863 3982 3861
f 3863 3984 3982
f 3983 3864 3862
f 3985 3864 3983
f 3865 3984 3863
f 3865 3986 3984
f 3985 3866 3864
f 3987 3866 3985
f 3867 3986 3865
f 3867 3988 3986
f 3987 3868 3866
f 3989 3868 3987
f 3869 3988 3867
f 3869 3990 3988
f 3989 3870 3868
f 3991 3870 3989
f 3871 3990 3869
f 3871 3992 3990
f 3991 3872 3870
f 3993 3872 3991
f 3873 3992 3871
f 3873 3994 3992
f 3993 3874 3872
f 3995 3874 3993
f 3997 3996 3875
f 3997 3875 3876
f 3873 3875 3994
f 3994 3875 3996
f 3995 3877 3874
f 3998 3877 3995
f 3878 3997 3876
f 3878 3999 3997
f 3998 3879 3877
f 4000 3879 3998
f 3880 3999 3878
f 3880 4001 3999
f 4000 3881 3879
f 4002 3881 4000
f 4003 4001 3880
f 4003 3880 3882
f 3882 3883 4003
f 4003 3883 4004
f 4007 4006 4005
f 3885 3886 4005
f 3886 4007 4005
f 3886 4008 4007
f 4009 3886 3887
f 4009 4008 3886
f 4010 3887 3888
f 4010 4009 3887
f 4011 3888 3889
f 4011 4010 3888
f 4012 3889 3890
f 4012 4011 3889
f 4013 3890 3891
f 4013 4012 3890
f 4014 3891 3892
f 4014 4013 3891
f 4015 3892 3893
f 4015 4014 3892
f 4016 3893 3894
f 4016 4015 3893
f 4017 3894 3895
f 4017 4016 3894
f 3895 3896 4017
f 4017 3896 4018
f 4002 3897 3881
f 4019 3897 4002
f 4020 4004 3883
f 4020 3883 3898
f 4021 3898 3899
f 4021 4020 3898
f 4022 3899 3900
f 4022 4021 3899
f 4023 3900 3901
f 4023 4022 3900
f 4024 3901 3902
f 4024 4023 3901
f 4025 3902 3903
f 4025 4024 3902
f 4026 3903 3904
f 4026 4025 3903
f 4027 3904 3905
f 4027 4026 3904
f 4028 3905 3906
f 4028 4027 3905
f 4029 3906 3907
f 4029 4028 3906
f 4030 3907 3908
f 4030 4029 3907
f 4031 3908 3909
f 4031 4030 3908
f 3910 4005 4006
f 4031 3910 4006
f 3909 3910 4031
f 4005 3910 3885
f 4032 4018 3896
f 4032 3896 3911
f 3911 3912 4032
f 4032 3912 4033
f 4019 3913 3897
f 4034 3913 4019
f 3914 4033 3912
f 3914 4035 4033
f 4034 3915 3913
f 4036 3915 4034
f 4038 4037 3916
f 4038 3916 3917
f 3914 3916 4035
f 4035 3916 4037
f 4036 3918 3915
f 4039 3918 4036
f 3919 4038 3917
f 3919 4040 4038
f 4039 3920 3918
f 4041 3920 4039
f 3921 4040 3919
f 3921 4042 4040
f 4041 3922 3920
f 4043 3922 4041
f 3923 4042 3921
f 3923 4044 4042
f 4043 3924 3922
f 4045 3924 4043
f 3925 4044 3923
f 3925 4046 4044
f 4045 3926 3924
f 4047 3926 4045
f 3927 4046 3925
f 3927 4048 4046
f 4047 3928 3926
f 4049 3928 4047
f 3929 4048 3927
f 3929 4050 4048
f 4049 3930 3928
f 4051 3930 4049
f 4052 4050 3929
f 4052 3929 3931
f 3931 3932 4052
f 4052 3932 4053
f 4051 3933 3930
f 4054 3933 4051
f 3934 4053 3932
f 3934 4055 4053
f 4054 3935 3933
f 4056 3935 4054
f 3936 4055 3934
f 3936 4057 4055
f 4059 4058 3938
f 3938 4058 3937
f 3938 3935 4056
f 3938 4056 4059
f 4060 4057 3936
f 4060 3936 3939
f 4061 3939 3940
f 4061 4060 3939
f 3940 3941 4061
f 4061 3941 4062
f 4064 4063 3943
f 3943 4063 3942
f 4065 3943 3944
f 4065 4064 3943
f 3944 3937 4058
f 3944 4058 4065
f 4066 4062 3941
f 4066 3941 3945
f 4067 3945 3946
f 4067 4066 3945
f 3946 3942 4063
f 3946 4063 4067
f 4069 4068 3947
f 4069 3947 3948
f 3947 4070 3949
f 4068 4070 3947
f 3949 4071 3950
f 4070 4071 3949
f 3950 4072 3951
f 4071 4072 3950
f 3951 4073 3952
f 4072 4073 3951
f 3952 4074 3953
f 4073 4074 3952
f 3953 4075 3954
f 4074 4075 3953
f 3954 4076 3955
f 4075 4076 3954
f 3955 4077 3956
f 4076 4077 3955
f 3956 4078 3957
f 4077 4078 3956
f 3957 4079 3958
f 4078 4079 3957
f 3958 4080 3959
f 4079 4080 3958
f 3959 4081 3960
f 4080 4081 3959
f 3960 4082 3961
f 4081 4082 3960
f 3961 4083 3962
f 4082 4083 3961
f 3962 4084 3963
f 4083 4084 3962
f 3963 4085 3964
f 4084 4085 3963
f 3964 4086 3965
f 4085 4086 3964
f 3965 4087 3966
f 4086 4087 3965
f 3966 4088 3967
f 4087 4088 3966
f 3967 4089 3968
f 4088 4089 3967
f 3968 4090 3969
f 4089 4090 3968
f 3969 4091 3970
f 4090 4091 3969
f 3970 4092 3971
f 4091 4092 3970
f 3971 4093 3972
f 4092 4093 3971
f 3972 4094 3973
f 4093 4094 3972
f 3973 4095 3974
f 4094 4095 3973
f 3974 4096 3975
f 4095 4096 3974
f 3975 4097 3976
f 4096 4097 3975
f 3977 3976 4097
f 3977 4097 4098
f 4100 4099 3978
f 4100 3978 3979
f 3948 3978 4069
f 4069 3978 4099
f 4098 4101 3977
f 3977 4101 3980
f 3981 3980 4101
f 3981 4101 4102
f 3982 4100 3979
f 3982 4103 4100
f 4102 3983 3981
f 4104 3983 4102
f 3984 4103 3982
f 3984 4105 4103
f 4104 3985 3983
f 4106 3985 4104
f 3986 4105 3984
f 3986 4107 4105
f 4106 3987 3985
f 4108 3987 4106
f 3988 4107 3986
f 3988 4109 4107
f 4108 3989 3987
f 4110 3989 4108
f 3990 4109 3988
f 3990 4111 4109
f 4110 3991 3989
f 4112 3991 4110
f 3992 4111 3990
f 3992 4113 4111
f 4112 3993 3991
f 4114 3993 4112
f 3994 4113 3992
f 3994 4115 4113
f 4114 3995 3993
f 4116 3995 4114
f 4118 4117 3996
f 4118 3996 3997
f 3994 3996 4115
f 4115 3996 4117
f 4116 3998 3995
f 4119 3998 4116
f 3999 4118 3997
f 3999 4120 4118
f 4119 4000 3998
f 4121 4000 4119
f 4001 4120 3999
f 4001 4122 4120
f 4121 4002 4000
f 4123 4002 4121
f 4124 4122 4001
f 4124 4001 4003
f 4003 4004 4124
f 4124 4004 4125
f 4127 4126 4007
f 4007 4126 4006
f 4128 4007 4008
f 4128 4127 4007
f 4129 4008 4009
f 4129 4128 4008
f 4130 4009 4010
f 4130 4129 4009
f 4131 4010 4011
f 4131 4130 4010
f 4132 4011 4012
f 4132 4131 4011
f 4133 4012 4013
f 4133 4132 4012
f 4134 4013 4014
f 4134 4133 4013
f 4135 4014 4015
f 4135 4134 4014
f 4136 4015 4016
f 4136 4135 4015
f 4137 4016 4017
f 4137 4136 4016
f 4017 4018 4137
f 4137 4018 4138
f 4123 4019 4002
f 4139 4019 4123
f 4140 4125 4004
f 4140 4004 4020
f 4141 4020 4021
f 4141 4140 4020
f 4142 4021 4022
f 4142 4141 4021
f 4143 4022 4023
f 4143 4142 4022
f 4144 4023 4024
f 4144 4143 4023
f 4145 4024 4025
f 4145 4144 4024
f 4146 4025 4026
f 4146 4145 4025
f 4147 4026 4027
f 4147 4146 4026
f 4148 4027 4028
f 4148 4147 4027
f 4149 4028 4029
f 4149 4148 4028
f 4150 4029 4030
f 4150 4149 4029
f 4151 4030 4031
f 4151 4150 4030
f 4031 4006 4126
f 4031 4126 4151
f 4152 4138 4018
f 4152 4018 4032
f 4032 4033 4152
f 4152 4033 4153
f 4139 4034 4019
f 4154 4034 4139
f 4035 4153 4033
f 4035 4155 4153
f 4154 4036 4034
f 4156 4036 4154
f 4158 4157 4037
f 4158 4037 4038
f 4035 4037 4155
f 4155 4037 4157
f 4156 4039 4036
f 4159 4039 4156
f 4040 4158 4038
f 4040 4160 4158
f 4159 4041 4039
f 4161 4041 4159
f 4042 4160 4040
f 4042 4162 4160
f 4161 4043 4041
f 4163 4043 4161
f 4044 4162 4042
f 4044 4164 4162
f 4163 4045 4043
f 4165 4045 4163
f 4046 4164 4044
f 4046 4166 4164
f 4165 4047 4045
f 4167 4047 4165
f 4048 4166 4046
f 4048 4168 4166
f 4167 4049 4047
f 4169 4049 4167
f 4050 4168 4048
f 4050 4170 4168
f 4169 4051 4049
f 4171 4051 4169
f 4172 4170 4050
f 4172 4050 4052
f 4052 4053 4172
f 4172 4053 4173
f 4171 4054 4051
f 4174 4054 4171
f 4055 4173 4053
f 4055 4175 4173
f 4174 4056 4054
f 4176 4056 4174
f 4057 4175 4055
f 4057 4177 4175
f 4179 4178 4059
f 4059 4178 4058
f 4059 4056 4176
f 4059 4176 4179
f 4180 4177 4057
f 4180 4057 4060
f 4181 4060 4061
f 4181 4180 4060
f 4061 4062 4181
f 4181 4062 4182
f 4184 4183 4064
f 4064 4183 4063
f 4185 4064 4065
f 4185 4184 4064
f 4065 4058 4178
f 4065 4178 4185
f 4186 4182 4062
f 4186 4062 4066
f 4187 4066 4067
f 4187 4186 4066
f 4067 4063 4183
f 4067 4183 4187
f 4189 4188 4068
f 4189 4068 4069
f 4068 4190 4070
f 4188 4190 4068
f 4070 4191 4071
f 4190 4191 4070
f 4071 4192 4072
f 4191 4192 4071
f 4072 4193 4073
f 4192 4193 4072
f 4073 4194 4074
f 4193 4194 4073
f 4074 4195 4075
f 4194 4195 4074
f 4075 4196 4076
f 4195 4196 4075
f 4076 4197 4077
f 4196 4197 4076
f 4077 4198 4078
f 4197 4198 4077
f 4078 4199 4079
f 4198 4199 4078
f 4079 4200 4080
f 4199 4200 4079
f 4080 4201 4081
f 4200 4201 4080
f 4081 4202 4082
f 4201 4202 4081
f 4082 4203 4083
f 4202 4203 4082
f 4083 4204 4084
f 4203 4204 4083
f 4084 4205 4085
f 4204 4205 4084
f 4085 4206 4086
f 4205 4206 4085
f 4086 4207 4087
f 4206 4207 4086
f 4087 4208 4088
f 4207 4208 4087
f 4088 4209 4089
f 4208 4209 4088
f 4089 4210 4090
f 4209 4210 4089
f 4090 4211 4091
f 4210 4211 4090
f 4091 4212 4092
f 4211 4212 4091
f 4092 4213 4093
f 4212 4213 4092
f 4093 4214 4094
f 4213 4214 4093
f 4094 4215 4095
f 4214 4215 4094
f 4095 4216 4096
f 4215 4216 4095
f 4096 4217 4097
f 4216 4217 4096
f 4098 4097 4217
f 4098 4217 4218
f 4220 4219 4099
f 4220 4099 4100
f 4069 4099 4189
f 4189 4099 4219
f 4218 4221 4098
f 4098 4221 4101
f 4102 4101 4221
f 4102 4221 4222
f 4103 4220 4100
f 4103 4223 4220
f 4222 4104 4102
f 4224 4104 4222
f 4105 4223 4103
f 4105 4225 4223
f 4224 4106 4104
f 4226 4106 4224
f 4107 4225 4105
f 4107 4227 4225
f 4226 4108 4106
f 4228 4108 4226
f 4109 4227 4107
f 4109 4229 4227
f 4228 4110 4108
f 4230 4110 4228
f 4111 4229 4109
f 4111 4231 4229
f 4230 4112 4110
f 4232 4112 4230
f 4113 4231 4111
f 4113 4233 4231
f 4232 4114 4112
f 4234 4114 4232
f 4237 4236 4235
f 4236 4233 4235
f 4233 4115 4235
f 4233 4113 4115
f 4234 4116 4114
f 4238 4116 4234
f 4237 4235 4117
f 4118 4237 4117
f 4239 4237 4118
f 4117 4235 4115
f 4238 4119 4116
f 4240 4119 4238
f 4120 4239 4118
f 4120 4241 4239
f 4240 4121 4119
f 4242 4121 4240
f 4122 4241 4120
f 4122 4243 4241
f 4242 4123 4121
f 4244 4123 4242
f 4245 4243 4122
f 4245 4122 4124
f 4124 4125 4245
f 4245 4125 4246
f 4248 4247 4127
f 4127 4247 4126
f 4249 4127 4128
f 4249 4248 4127
f 4250 4128 4129
f 4250 4249 4128
f 4251 4129 4130
f 4251 4250 4129
f 4252 4130 4131
f 4252 4251 4130
f 4253 4131 4132
f 4253 4252 4131
f 4254 4132 4133
f 4254 4253 4132
f 4255 4133 4134
f 4255 4254 4133
f 4256 4134 4135
f 4256 4255 4134
f 4257 4135 4136
f 4257 4256 4135
f 4258 4136 4137
f 4258 4257 4136
f 4137 4138 4258
f 4258 4138 4259
f 4244 4139 4123
f 4260 4139 4244
f 4261 4246 4125
f 4261 4125 4140
f 4262 4140 4141
f 4262 4261 4140
f 4263 4141 4142
f 4263 4262 4141
f 4264 4142 4143
f 4264 4263 4142
f 4265 4143 4144
f 4265 4264 4143
f 4266 4144 4145
f 4266 4265 4144
f 4267 4145 4146
f 4267 4266 4145
f 4268 4146 4147
f 4268 4267 4146
f 4269 4147 4148
f 4269 4268 4147
f 4270 4148 4149
f 4270 4269 4148
f 4271 4149 4150
f 4271 4270 4149
f 4272 4150 4151
f 4272 4271 4150
f 4151 4126 4247
f 4151 4247 4272
f 4273 4259 4138
f 4273 4138 4152
f 4152 4153 4273
f 4273 4153 4274
f 4260 4154 4139
f 4275 4154 4260
f 4155 4274 4153
f 4155 4276 4274
f 4275 4156 4154
f 4277 4156 4275
f 4279 4278 4157
f 4279 4157 4158
f 4155 4157 4276
f 4276 4157 4278
f 4277 4159 4156
f 4280 4159 4277
f 4160 4279 4158
f 4160 4281 4279
f 4280 4161 4159
f 4282 4161 4280
f 4162 4281 4160
f 4162 4283 4281
f 4282 4163 4161
f 4284 4163 4282
f 4164 4283 4162
f 4164 4285 4283
f 4284 4165 4163
f 4286 4165 4284
f 4166 4285 4164
f 4166 4287 4285
f 4286 4167 4165
f 4288 4167 4286
f 4168 4287 4166
f 4168 4289 4287
f 4288 4169 4167
f 4290 4169 4288
f 4170 4289 4168
f 4170 4291 4289
f 4290 4171 4169
f 4292 4171 4290
f 4293 4291 4170
f 4293 4170 4172
f 4172 4173 4293
f 4293 4173 4294
f 4292 4174 4171
f 4295 4174 4292
f 4175 4294 4173
f 4175 4296 4294
f 4295 4176 4174
f 4297 4176 4295
f 4177 4296 4175
f 4177 4298 4296
f 4300 4299 4179
f 4179 4299 4178
f 4179 4176 4297
f 4179 4297 4300
f 4301 4298 4177
f 4301 4177 4180
f 4302 4180 4181
f 4302 4301 4180
f 4181 4182 4302
f 4302 4182 4303
f 4305 4304 4184
f 4184 4304 4183
f 4306 4184 4185
f 4306 4305 4184
f 4185 4178 4299
f 4185 4299 4306
f 4307 4303 4182
f 4307 4182 4186
f 4308 4186 4187
f 4308 4307 4186
f 4187 4183 4304
f 4187 4304 4308
f 4310 4309 4188
f 4310 4188 4189
f 4188 4311 4190
f 4309 4311 4188
f 4190 4312 4191
f 4311 4312 4190
f 4191 4313 4192
f 4312 4313 4191
f 4192 4314 4193
f 4313 4314 4192
f 4193 4315 4194
f 4314 4315 4193
f 4194 4316 4195
f 4315 4316 4194
f 4195 4317 4196
f 4316 4317 4195
f 4196 4318 4197
f 4317 4318 4196
f 4197 4319 4198
f 4318 4319 4197
f 4198 4320 4199
f 4319 4320 4198
f 4199 4321 4200
f 4320 4321 4199
f 4200 4322 4201
f 4321 4322 4200
f 4201 4323 4202
f 4322 4323 4201
f 4202 4324 4203
f 4323 4324 4202
f 4203 4325 4204
f 4324 4325 4203
f 4204 4326 4205
f 4325 4326 4204
f 4205 4327 4206
f 4326 4327 4205
f 4206 4328 4207
f 4327 4328 4206
f 4207 4329 4208
f 4328 4329 4207
f 4208 4330 4209
f 4329 4330 4208
f 4209 4331 4210
f 4330 4331 4209
f 4210 4332 4211
f 4331 4332 4210
f 4211 4333 4212
f 4332 4333 4211
f 4212 4334 4213
f 4333 4334 4212
f 4213 4335 4214
f 4334 4335 4213
f 4214 4336 4215
f 4335 4336 4214
f 4215 4337 4216
f 4336 4337 4215
f 4216 4338 4217
f 4337 4338 4216
f 4218 4217 4338
f 4218 4338 4339
f 4341 4340 4219
f 4341 4219 4220
f 4189 4219 4310
f 4310 4219 4340
f 4339 4342 4218
f 4218 4342 4221
f 4222 4221 4342
f 4222 4342 4343
f 4223 4341 4220
f 4223 4344 4341
f 4343 4224 4222
f 4345 4224 4343
f 4225 4344 4223
f 4225 4346 4344
f 4345 4226 4224
f 4347 4226 4345
f 4227 4346 4225
f 4227 4348 4346
f 4347 4228 4226
f 4349 4228 4347
f 4229 4348 4227
f 4229 4350 4348
f 4349 4230 4228
f 4351 4230 4349
f 4231 4350 4229
f 4231 4352 4350
f 4351 4232 4230
f 4353 4232 4351
f 4233 4352 4231
f 4233 4354 4352
f 4353 4234 4232
f 4355 4234 4353
f 4357 4356 4236
f 4357 4236 4237
f 4233 4236 4354
f 4354 4236 4356
f 4355 4238 4234
f 4358 4238 4355
f 4239 4357 4237
f 4239 4359 4357
f 4358 4240 4238
f 4360 4240 4358
f 4241 4359 4239
f 4241 4361 4359
f 4360 4242 4240
f 4362 4242 4360
f 4243 4361 4241
f 4243 4363 4361
f 4362 4244 4242
f 4364 4244 4362
f 4365 4363 4243
f 4365 4243 4245
f 4245 4246 4365
f 4365 4246 4366
f 4368 4367 4248
f 4248 4367 4247
f 4369 4248 4249
f 4369 4368 4248
f 4370 4249 4250
f 4370 4369 4249
f 4371 4250 4251
f 4371 4370 4250
f 4372 4251 4252
f 4372 4371 4251
f 4373 4252 4253
f 4373 4372 4252
f 4374 4253 4254
f 4374 4373 4253
f 4375 4254 4255
f 4375 4374 4254
f 4376 4255 4256
f 4376 4375 4255
f 4377 4256 4257
f 4377 4376 4256
f 4378 4257 4258
f 4378 4377 4257
f 4258 4259 4378
f 4378 4259 4379
f 4364 4260 4244
f 4380 4260 4364
f 4381 4366 4246
f 4381 4246 4261
f 4382 4261 4262
f 4382 4381 4261
f 4383 4262 4263
f 4383 4382 4262
f 4384 4263 4264
f 4384 4383 4263
f 4385 4264 4265
f 4385 4384 4264
f 4386 4265 4266
f 4386 4385 4265
f 4387 4266 4267
f 4387 4386 4266
f 4388 4267 4268
f 4388 4387 4267
f 4389 4268 4269
f 4389 4388 4268
f 4390 4269 4270
f 4390 4389 4269
f 4391 4270 4271
f 4391 4390 4270
f 4392 4271 4272
f 4392 4391 4271
f 4272 4247 4367
f 4272 4367 4392
f 4393 4379 4259
f 4393 4259 4273
f 4273 4274 4393
f 4393 4274 4394
f 4380 4275 4260
f 4395 4275 4380
f 4276 4394 4274
f 4276 4396 4394
f 4395 4277 4275
f 4397 4277 4395
f 4399 4398 4278
f 4399 4278 4279
f 4276 4278 4396
f 4396 4278 4398
f 4397 4280 4277
f 4400 4280 4397
f 4281 4399 4279
f 4281 4401 4399
f 4400 4282 4280
f 4402 4282 4400
f 4283 4401 4281
f 4283 4403 4401
f 4402 4284 4282
f 4404 4284 4402
f 4285 4403 4283
f 4285 4405 4403
f 4404 4286 4284
f 4406 4286 4404
f 4287 4405 4285
f 4287 4407 4405
f 4406 4288 4286
f 4408 4288 4406
f 4289 4407 4287
f 4289 4409 4407
f 4408 4290 4288
f 4410 4290 4408
f 4291 4409 4289
f 4291 4411 4409
f 4410 4292 4290
f 4412 4292 4410
f 4413 4411 4291
f 4413 4291 4293
f 4293 4294 4413
f 4413 4294 4414
f 4412 4295 4292
f 4415 4295 4412
f 4296 4414 4294
f 4296 4416 4414
f 4415 4297 4295
f 4417 4297 4415
f 4298 4416 4296
f 4298 4418 4416
f 4420 4419 4300
f 4300 4419 4299
f 4300 4297 4417
f 4300 4417 4420
f 4421 4418 4298
f 4421 4298 4301
f 4422 4301 4302
f 4422 4421 4301
f 4302 4303 4422
f 4422 4303 4423
f 4425 4424 4305
f 4305 4424 4304
f 4426 4305 4306
f 4426 4425 4305
f 4306 4299 4419
f 4306 4419 4426
f 4427 4423 4303
f 4427 4303 4307
f 4428 4307 4308
f 4428 4427 4307
f 4308 4304 4424
f 4308 4424 4428
f 4430 4429 4309
f 4430 4309 4310
f 4309 4431 4311
f 4429 4431 4309
f 4311 4432 4312
f 4431 4432 4311
f 4312 4433 4313
f 4432 4433 4312
f 4313 4434 4314
f 4433 4434 4313
f 4314 4435 4315
f 4434 4435 4314
f 4315 4436 4316
f 4435 4436 4315
f 4316 4437 4317
f 4436 4437 4316
f 4317 4438 4318
f 4437 4438 4317
f 4318 4439 4319
f 4438 4439 4318
f 4319 4440 4320
f 4439 4440 4319
f 4320 4441 4321
f 4440 4441 4320
f 4321 4442 4322
f 4441 4442 4321
f 4322 4443 4323
f 4442 4443 4322
f 4323 4444 4324
f 4443 4444 4323
f 4324 4445 4325
f 4444 4445 4324
f 4325 4446 4326
f 4445 4446 4325
f 4326 4447 4327
f 4446 4447 4326
f 4327 4448 4328
f 4447 4448 4327
f 4328 4449 4329
f 4448 4449 4328
f 4329 4450 4330
f 4449 4450 4329
f 4330 4451 4331
f 4450 4451 4330
f 4331 4452 4332
f 4451 4452 4331
f 4332 4453 4333
f 4452 4453 4332
f 4333 4454 4334
f 4453 4454 4333
f 4334 4455 4335
f 4454 4455 4334
f 4335 4456 4336
f 4455 4456 4335
f 4336 4457 4337
f 4456 4457 4336
f 4337 4458 4338
f 4457 4458 4337
f 4339 4338 4458
f 4339 4458 4459
f 4461 4460 4340
f 4461 4340 4341
f 4310 4340 4430
f 4430 4340 4460
f 4459 4462 4339
f 4339 4462 4342
f 4343 4342 4462
f 4343 4462 4463
f 4344 4461 4341
f 4344 4464 4461
f 4463 4345 4343
f 4465 4345 4463
f 4346 4464 4344
f 4346 4466 4464
f 4465 4347 4345
f 4467 4347 4465
f 4348 4466 4346
f 4348 4468 4466
f 4467 4349 4347
f 4469 4349 4467
f 4350 4468 4348
f 4350 4470 4468
f 4469 4351 4349
f 4471 4351 4469
f 4352 4470 4350
f 4352 4472 4470
f 4471 4353 4351
f 4473 4353 4471
f 4354 4472 4352
f 4354 4474 4472
f 4473 4355 4353
f 4475 4355 4473
f 4477 4476 4356
f 4477 4356 4357
f 4354 4356 4474
f 4474 4356 4476
f 4475 4358 4355
f 4478 4358 4475
f 4359 4477 4357
f 4359 4479 4477
f 4478 4360 4358
f 4480 4360 4478
f 4361 4479 4359
f 4361 4481 4479
f 4480 4362 4360
f 4482 4362 4480
f 4363 4481 4361
f 4363 4483 4481
f 4482 4364 4362
f 4484 4364 4482
f 4485 4483 4363
f 4485 4363 4365
f 4365 4366 4485
f 4485 4366 4486
f 4488 4487 4368
f 4368 4487 4367
f 4489 4368 4369
f 4489 4488 4368
f 4490 4369 4370
f 4490 4489 4369
f 4491 4370 4371
f 4491 4490 4370
f 4492 4371 4372
f 4492 4491 4371
f 4493 4372 4373
f 4493 4492 4372
f 4494 4373 4374
f 4494 4493 4373
f 4495 4374 4375
f 4495 4494 4374
f 4496 4375 4376
f 4496 4495 4375
f 4497 4376 4377
f 4497 4496 4376
f 4498 4377 4378
f 4498 4497 4377
f 4378 4379 4498
f 4498 4379 4499
f 4484 4380 4364
f 4500 4380 4484
f 4501 4486 4366
f 4501 4366 4381
f 4502 4381 4382
f 4502 4501 4381
f 4503 4382 4383
f 4503 4502 4382
f 4504 4383 4384
f 4504 4503 4383
f 4505 4384 4385
f 4505 4504 4384
f 4506 4385 4386
f 4506 4505 4385
f 4507 4386 4387
f 4507 4506 4386
f 4508 4387 4388
f 4508 4507 4387
f 4509 4388 4389
f 4509 4508 4388
f 4510 4389 4390
f 4510 4509 4389
f 4511 4390 4391
f 4511 4510 4390
f 4512 4391 4392
f 4512 4511 4391
f 4392 4367 4487
f 4392 4487 4512
f 4513 4499 4379
f 4513 4379 4393
f 4393 4394 4513
f 4513 4394 4514
f 4500 4395 4380
f 4515 4395 4500
f 4396 4514 4394
f 4396 4516 4514
f 4515 4397 4395
f 4517 4397 4515
f 4519 4518 4398
f 4519 4398 4399
f 4396 4398 4516
f 4516 4398 4518
f 4517 4400 4397
f 4520 4400 4517
f 4401 4519 4399
f 4401 4521 4519
f 4520 4402 4400
f 4522 4402 4520
f 4403 4521 4401
f 4403 4523 4521
f 4522 4404 4402
f 4524 4404 4522
f 4405 4523 4403
f 4405 4525 4523
f 4524 4406 4404
f 4526 4406 4524
f 4407 4525 4405
f 4407 4527 4525
f 4526 4408 4406
f 4528 4408 4526
f 4409 4527 4407
f 4409 4529 4527
f 4528 4410 4408
f 4530 4410 4528
f 4411 4529 4409
f 4411 4531 4529
f 4530 4412 4410
f 4532 4412 4530
f 4533 4531 4411
f 4533 4411 4413
f 4413 4414 4533
f 4533 4414 4534
f 4532 4415 4412
f 4535 4415 4532
f 4416 4534 4414
f 4416 4536 4534
f 4535 4417 4415
f 4537 4417 4535
f 4418 4536 4416
f 4418 4538 4536
f 4540 4539 4420
f 4420 4539 4419
f 4420 4417 4537
f 4420 4537 4540
f 4541 4538 4418
f 4541 4418 4421
f 4542 4421 4422
f 4542 4541 4421
f 4422 4423 4542
f 4542 4423 4543
f 4545 4544 4425
f 4425 4544 4424
f 4546 4425 4426
f 4546 4545 4425
f 4426 4419 4539
f 4426 4539 4546
f 4547 4543 4423
f 4547 4423 4427
f 4548 4427 4428
f 4548 4547 4427
f 4428 4424 4544
f 4428 4544 4548
f 4550 4549 4429
f 4550 4429 4430
f 4429 4551 4431
f 4549 4551 4429
f 4431 4552 4432
f 4551 4552 4431
f 4432 4553 4433
f 4552 4553 4432
f 4433 4554 4434
f 4553 4554 4433
f 4434 4555 4435
f 4554 4555 4434
f 4435 4556 4436
f 4555 4556 4435
f 4436 4557 4437
f 4556 4557 4436
f 4437 4558 4438
f 4557 4558 4437
f 4438 4559 4439
f 4558 4559 4438
f 4439 4560 4440
f 4559 4560 4439
f 4440 4561 4441
f 4560 4561 4440
f 4441 4562 4442
f 4561 4562 4441
f 4442 4563 4443
f 4562 4563 4442
f 4443 4564 4444
f 4563 4564 4443
f 4444 4565 4445
f 4564 4565 4444
f 4445 4566 4446
f 4565 4566 4445
f 4446 4567 4447
f 4566 4567 4446
f 4447 4568 4448
f 4567 4568 4447
f 4448 4569 4449
f 4568 4569 4448
f 4449 4570 4450
f 4569 4570 4449
f 4450 4571 4451
f 4570 4571 4450
f 4451 4572 4452
f 4571 4572 4451
f 4452 4573 4453
f 4572 4573 4452
f 4453 4574 4454
f 4573 4574 4453
f 4454 4575 4455
f 4574 4575 4454
f 4455 4576 4456
f 4575 4576 4455
f 4456 4577 4457
f 4576 4577 4456
f 4457 4578 4458
f 4577 4578 4457
f 4459 4458 4578
f 4459 4578 4579
f 4581 4580 4460
f 4581 4460 4461
f 4430 4460 4550
f 4550 4460 4580
f 4579 4582 4459
f 4459 4582 4462
f 4463 4462 4582
f 4463 4582 4583
f 4464 4581 4461
f 4464 4584 4581
f 4583 4465 4463
f 4585 4465 4583
f 4466 4584 4464
f 4466 4586 4584
f 4585 4467 4465
f 4587 4467 4585
f 4468 4586 4466
f 4468 4588 4586
f 4587 4469 4467
f 4589 4469 4587
f 4470 4588 4468
f 4470 4590 4588
f 4589 4471 4469
f 4591 4471 4589
f 4472 4590 4470
f 4472 4592 4590
f 4591 4473 4471
f 4593 4473 4591
f 4474 4592 4472
f 4474 4594 4592
f 4593 4475 4473
f 4595 4475 4593
f 4597 4596 4476
f 4597 4476 4477
f 4474 4476 4594
f 4594 4476 4596
f 4595 4478 4475
f 4598 4478 4595
f 4479 4597 4477
f 4479 4599 4597
f 4598 4480 4478
f 4600 4480 4598
f 4481 4599 4479
f 4481 4601 4599
f 4600 4482 4480
f 4602 4482 4600
f 4483 4601 4481
f 4483 4603 4601
f 4602 4484 4482
f 4604 4484 4602
f 4605 4603 4483
f 4605 4483 4485
f 4485 4486 4605
f 4605 4486 4606
f 4608 4607 4488
f 4488 4607 4487
f 4609 4488 4489
f 4609 4608 4488
f 4610 4489 4490
f 4610 4609 4489
f 4611 4490 4491
f 4611 4610 4490
f 4612 4491 4492
f 4612 4611 4491
f 4613 4492 4493
f 4613 4612 4492
f 4614 4493 4494
f 4614 4613 4493
f 4615 4494 4495
f 4615 4614 4494
f 4616 4495 4496
f 4616 4615 4495
f 4617 4496 4497
f 4617 4616 4496
f 4618 4497 4498
f 4618 4617 4497
f 4498 4499 4618
f 4618 4499 4619
f 4604 4500 4484
f 4620 4500 4604
f 4621 4606 4486
f 4621 4486 4501
f 4622 4501 4502
f 4622 4621 4501
f 4623 4502 4503
f 4623 4622 4502
f 4624 4503 4504
f 4624 4623 4503
f 4625 4504 4505
f 4625 4624 4504
f 4626 4505 4506
f 4626 4625 4505
f 4627 4506 4507
f 4627 4626 4506
f 4628 4507 4508
f 4628 4627 4507
f 4629 4508 4509
f 4629 4628 4508
f 4630 4509 4510
f 4630 4629 4509
f 4631 4510 4511
f 4631 4630 4510
f 4632 4511 4512
f 4632 4631 4511
f 4512 4487 4607
f 4512 4607 4632
f 4633 4619 4499
f 4633 4499 4513
f 4513 4514 4633
f 4633 4514 4634
f 4620 4515 4500
f 4635 4515 4620
f 4516 4634 4514
f 4516 4636 4634
f 4635 4517 4515
f 4637 4517 4635
f 4639 4638 4518
f 4639 4518 4519
f 4516 4518 4636
f 4636 4518 4638
f 4637 4520 4517
f 4640 4520 4637
f 4521 4639 4519
f 4521 4641 4639
f 4640 4522 4520
f 4642 4522 4640
f 4523 4641 4521
f 4523 4643 4641
f 4642 4524 4522
f 4644 4524 4642
f 4525 4643 4523
f 4525 4645 4643
f 4644 4526 4524
f 4646 4526 4644
f 4527 4645 4525
f 4527 4647 4645
f 4646 4528 4526
f 4648 4528 4646
f 4529 4647 4527
f 4529 4649 4647
f 4648 4530 4528
f 4650 4530 4648
f 4531 4649 4529
f 4531 4651 4649
f 4650 4532 4530
f 4652 4532 4650
f 4653 4651 4531
f 4653 4531 4533
f 4533 4534 4653
f 4653 4534 4654
f 4652 4535 4532
f 4655 4535 4652
f 4536 4654 4534
f 4536 4656 4654
f 4655 4537 4535
f 4657 4537 4655
f 4538 4656 4536
f 4538 4658 4656
f 4660 4659 4540
f 4540 4659 4539
f 4540 4537 4657
f 4540 4657 4660
f 4661 4658 4538
f 4661 4538 4541
f 4662 4541 4542
f 4662 4661 4541
f 4542 4543 4662
f 4662 4543 4663
f 4665 4664 4545
f 4545 4664 4544
f 4666 4545 4546
f 4666 4665 4545
f 4546 4539 4659
f 4546 4659 4666
f 4667 4663 4543
f 4667 4543 4547
f 4668 4547 4548
f 4668 4667 4547
f 4548 4544 4664
f 4548 4664 4668
f 4670 4669 4549
f 4670 4549 4550
f 4549 4671 4551
f 4669 4671 4549
f 4551 4672 4552
f 4671 4672 4551
f 4552 4673 4553
f 4672 4673 4552
f 4553 4674 4554
f 4673 4674 4553
f 4554 4675 4555
f 4674 4675 4554
f 4555 4676 4556
f 4675 4676 4555
f 4556 4677 4557
f 4676 4677 4556
f 4557 4678 4558
f 4677 4678 4557
f 4558 4679 4559
f 4678 4679 4558
f 4559 4680 4560
f 4679 4680 4559
f 4560 4681 4561
f 4680 4681 4560
f 4561 4682 4562
f 4681 4682 4561
f 4562 4683 4563
f 4682 4683 4562
f 4563 4684 4564
f 4683 4684 4563
f 4564 4685 4565
f 4684 4685 4564
f 4565 4686 4566
f 4685 4686 4565
f 4566 4687 4567
f 4686 4687 4566
f 4567 4688 4568
f 4687 4688 4567
f 4568 4689 4569
f 4688 4689 4568
f 4569 4690 4570
f 4689 4690 4569
f 4570 4691 4571
f 4690 4691 4570
f 4571 4692 4572
f 4691 4692 4571
f 4572 4693 4573
f 4692 4693 4572
f 4573 4694 4574
f 4693 4694 4573
f 4574 4695 4575
f 4694 4695 4574
f 4575 4696 4576
f 4695 4696 4575
f 4576 4697 4577
f 4696 4697 4576
f 4577 4698 4578
f 4697 4698 4577
f 4579 4578 4698
f 4579 4698 4699
f 4701 4700 4580
f 4701 4580 4581
f 4550 4580 4670
f 4670 4580 4700
f 4699 4702 4579
f 4579 4702 4582
f 4583 4582 4702
f 4583 4702 4703
f 4584 4701 4581
f 4584 4704 4701
f 4703 4585 4583
f 4705 4585 4703
f 4586 4704 4584
f 4586 4706 4704
f 4705 4587 4585
f 4707 4587 4705
f 4588 4706 4586
f 4588 4708 4706
f 4707 4589 4587
f 4709 4589 4707
f 4590 4708 4588
f 4590 4710 4708
f 4709 4591 4589
f 4711 4591 4709
f 4592 4710 4590
f 4592 4712 4710
f 4711 4593 4591
f 4713 4593 4711
f 4594 4712 4592
f 4594 4714 4712
f 4713 4595 4593
f 4715 4595 4713
f 4717 4716 4596
f 4717 4596 4597
f 4594 4596 4714
f 4714 4596 4716
f 4715 4598 4595
f 4718 4598 4715
f 4599 4717 4597
f 4599 4719 4717
f 4718 4600 4598
f 4720 4600 4718
f 4601 4719 4599
f 4601 4721 4719
f 4720 4602 4600
f 4722 4602 4720
f 4603 4721 4601
f 4603 4723 4721
f 4722 4604 4602
f 4724 4604 4722
f 4725 4723 4603
f 4725 4603 4605
f 4605 4606 4725
f 4725 4606 4726
f 4728 4727 4608
f 4608 4727 4607
f 4729 4608 4609
f 4729 4728 4608
f 4730 4609 4610
f 4730 4729 4609
f 4731 4610 4611
f 4731 4730 4610
f 4732 4611 4612
f 4732 4731 4611
f 4733 4612 4613
f 4733 4732 4612
f 4734 4613 4614
f 4734 4733 4613
f 4735 4614 4615
f 4735 4734 4614
f 4736 4615 4616
f 4736 4735 4615
f 4737 4616 4617
f 4737 4736 4616
f 4738 4617 4618
f 4738 4737 4617
f 4618 4619 4738
f 4738 4619 4739
f 4724 4620 4604
f 4740 4620 4724
f 4741 4726 4606
f 4741 4606 4621
f 4742 4621 4622
f 4742 4741 4621
f 4743 4622 4623
f 4743 4742 4622
f 4744 4623 4624
f 4744 4743 4623
f 4745 4624 4625
f 4745 4744 4624
f 4746 4625 4626
f 4746 4745 4625
f 4747 4626 4627
f 4747 4746 4626
f 4748 4627 4628
f 4748 4747 4627
f 4749 4628 4629
f 4749 4748 4628
f 4750 4629 4630
f 4750 4749 4629
f 4751 4630 4631
f 4751 4750 4630
f 4752 4631 4632
f 4752 4751 4631
f 4632 4607 4727
f 4632 4727 4752
f 4753 4739 4619
f 4753 4619 4633
f 4633 4634 4753
f 4753 4634 4754
f 4740 4635 4620
f 4755 4635 4740
f 4636 4754 4634
f 4636 4756 4754
f 4755 4637 4635
f 4757 4637 4755
f 4759 4758 4638
f 4759 4638 4639
f 4636 4638 4756
f 4756 4638 4758
f 4757 4640 4637
f 4760 4640 4757
f 4641 4759 4639
f 4641 4761 4759
f 4760 4642 4640
f 4762 4642 4760
f 4643 4761 4641
f 4643 4763 4761
f 4762 4644 4642
f 4764 4644 4762
f 4645 4763 4643
f 4645 4765 4763
f 4764 4646 4644
f 4766 4646 4764
f 4647 4765 4645
f 4647 4767 4765
f 4766 4648 4646
f 4768 4648 4766
f 4649 4767 4647
f 4649 4769 4767
f 4768 4650 4648
f 4770 4650 4768
f 4651 4769 4649
f 4651 4771 4769
f 4770 4652 4650
f 4772 4652 4770
f 4773 4771 4651
f 4773 4651 4653
f 4653 4654 4773
f 4773 4654 4774
f 4772 4655 4652
f 4775 4655 4772
f 4656 4774 4654
f 4656 4776 4774
f 4775 4657 4655
f 4777 4657 4775
f 4658 4776 4656
f 4658 4778 4776
f 4780 4779 4660
f 4660 4779 4659
f 4660 4657 4777
f 4660 4777 4780
f 4781 4778 4658
f 4781 4658 4661
f 4782 4661 4662
f 4782 4781 4661
f 4662 4663 4782
f 4782 4663 4783
f 4785 4784 4665
f 4665 4784 4664
f 4786 4665 4666
f 4786 4785 4665
f 4666 4659 4779
f 4666 4779 4786
f 4787 4783 4663
f 4787 4663 4667
f 4788 4667 4668
f 4788 4787 4667
f 4668 4664 4784
f 4668 4784 4788
f 4790 4789 4669
f 4790 4669 4670
f 4669 4791 4671
f 4789 4791 4669
f 4671 4792 4672
f 4791 4792 4671
f 4672 4793 4673
f 4792 4793 4672
f 4673 4794 4674
f 4793 4794 4673
f 4674 4795 4675
f 4794 4795 4674
f 4675 4796 4676
f 4795 4796 4675
f 4676 4797 4677
f 4796 4797 4676
f 4677 4798 4678
f 4797 4798 4677
f 4678 4799 4679
f 4798 4799 4678
f 4679 4800 4680
f 4799 4800 4679
f 4680 4801 4681
f 4800 4801 4680
f 4681 4802 4682
f 4801 4802 4681
f 4682 4803 4683
f 4802 4803 4682
f 4683 4804 4684
f 4803 4804 4683
f 4684 4805 4685
f 4804 4805 4684
f 4685 4806 4686
f 4805 4806 4685
f 4686 4807 4687
f 4806 4807 4686
f 4687 4808 4688
f 4807 4808 4687
f 4688 4809 4689
f 4808 4809 4688
f 4689 4810 4690
f 4809 4810 4689
f 4690 4811 4691
f 4810 4811 4690
f 4691 4812 4692
f 4811 4812 4691
f 4692 4813 4693
f 4812 4813 4692
f 4693 4814 4694
f 4813 4814 4693
f 4694 4815 4695
f 4814 4815 4694
f 4695 4816 4696
f 4815 4816 4695
f 4696 4817 4697
f 4816 4817 4696
f 4697 4818 4698
f 4817 4818 4697
f 4699 4698 4818
f 4699 4818 4819
f 4821 4820 4700
f 4821 4700 4701
f 4670 4700 4790
f 4790 4700 4820
f 4819 4822 4699
f 4699 4822 4702
f 4703 4702 4822
f 4703 4822 4823
f 4704 4821 4701
f 4704 4824 4821
f 4823 4705 4703
f 4825 4705 4823
f 4706 4824 4704
f 4706 4826 4824
f 4825 4707 4705
f 4827 4707 4825
f 4708 4826 4706
f 4708 4828 4826
f 4827 4709 4707
f 4829 4709 4827
f 4710 4828 4708
f 4710 4830 4828
f 4829 4711 4709
f 4831 4711 4829
f 4712 4830 4710
f 4712 4832 4830
f 4831 4713 4711
f 4833 4713 4831
f 4714 4832 4712
f 4714 4834 4832
f 4833 4715 4713
f 4835 4715 4833
f 4837 4836 4716
f 4837 4716 4717
f 4714 4716 4834
f 4834 4716 4836
f 4835 4718 4715
f 4838 4718 4835
f 4719 4837 4717
f 4719 4839 4837
f 4838 4720 4718
f 4840 4720 4838
f 4721 4839 4719
f 4721 4841 4839
f 4840 4722 4720
f 4842 4722 4840
f 4723 4841 4721
f 4723 4843 4841
f 4842 4724 4722
f 4844 4724 4842
f 4845 4843 4723
f 4845 4723 4725
f 4725 4726 4845
f 4845 4726 4846
f 4848 4847 4728
f 4728 4847 4727
f 4849 4728 4729
f 4849 4848 4728
f 4850 4729 4730
f 4850 4849 4729
f 4851 4730 4731
f 4851 4850 4730
f 4852 4731 4732
f 4852 4851 4731
f 4853 4732 4733
f 4853 4852 4732
f 4854 4733 4734
f 4854 4853 4733
f 4855 4734 4735
f 4855 4854 4734
f 4856 4735 4736
f 4856 4855 4735
f 4857 4736 4737
f 4857 4856 4736
f 4858 4737 4738
f 4858 4857 4737
f 4738 4739 4858
f 4858 4739 4859
f 4844 4740 4724
f 4860 4740 4844
f 4861 4846 4726
f 4861 4726 4741
f 4862 4741 4742
f 4862 4861 4741
f 4863 4742 4743
f 4863 4862 4742
f 4864 4743 4744
f 4864 4863 4743
f 4865 4744 4745
f 4865 4864 4744
f 4866 4745 4746
f 4866 4865 4745
f 4867 4746 4747
f 4867 4866 4746
f 4868 4747 4748
f 4868 4867 4747
f 4869 4748 4749
f 4869 4868 4748
f 4870 4749 4750
f 4870 4869 4749
f 4871 4750 4751
f 4871 4870 4750
f 4872 4751 4752
f 4872 4871 4751
f 4752 4727 4847
f 4752 4847 4872
f 4873 4859 4739
f 4873 4739 4753
f 4753 4754 4873
f 4873 4754 4874
f 4860 4755 4740
f 4875 4755 4860
f 4756 4874 4754
f 4756 4876 4874
f 4875 4757 4755
f 4877 4757 4875
f 4879 4878 4758
f 4879 4758 4759
f 4756 4758 4876
f 4876 4758 4878
f 4877 4760 4757
f 4880 4760 4877
f 4761 4879 4759
f 4761 4881 4879
f 4880 4762 4760
f 4882 4762 4880
f 4763 4881 4761
f 4763 4883 4881
f 4882 4764 4762
f 4884 4764 4882
f 4765 4883 4763
f 4765 4885 4883
f 4884 4766 4764
f 4886 4766 4884
f 4767 4885 4765
f 4767 4887 4885
f 4886 4768 4766
f 4888 4768 4886
f 4769 4887 4767
f 4769 4889 4887
f 4888 4770 4768
f 4890 4770 4888
f 4771 4889 4769
f 4771 4891 4889
f 4890 4772 4770
f 4892 4772 4890
f 4893 4891 4771
f 4893 4771 4773
f 4773 4774 4893
f 4893 4774 4894
f 4892 4775 4772
f 4895 4775 4892
f 4776 4894 4774
f 4776 4896 4894
f 4895 4777 4775
f 4897 4777 4895
f 4778 4896 4776
f 4778 4898 4896
f 4900 4899 4780
f 4780 4899 4779
f 4780 4777 4897
f 4780 4897 4900
f 4901 4898 4778
f 4901 4778 4781
f 4902 4781 4782
f 4902 4901 4781
f 4782 4783 4902
f 4902 4783 4903
f 4905 4904 4785
f 4785 4904 4784
f 4906 4785 4786
f 4906 4905 4785
f 4786 4779 4899
f 4786 4899 4906
f 4907 4903 4783
f 4907 4783 4787
f 4908 4787 4788
f 4908 4907 4787
f 4788 4784 4904
f 4788 4904 4908
f 4910 4909 4789
f 4910 4789 4790
f 4789 4911 4791
f 4909 4911 4789
f 4791 4912 4792
f 4911 4912 4791
f 4792 4913 4793
f 4912 4913 4792
f 4793 4914 4794
f 4913 4914 4793
f 4794 4915 4795
f 4914 4915 4794
f 4795 4916 4796
f 4915 4916 4795
f 4796 4917 4797
f 4916 4917 4796
f 4797 4918 4798
f 4917 4918 4797
f 4798 4919 4799
f 4918 4919 4798
f 4799 4920 4800
f 4919 4920 4799
f 4800 4921 4801
f 4920 4921 4800
f 4801 4922 4802
f 4921 4922 4801
f 4802 4923 4803
f 4922 4923 4802
f 4803 4924 4804
f 4923 4924 4803
f 4804 4925 4805
f 4924 4925 4804
f 4805 4926 4806
f 4925 4926 4805
f 4806 4927 4807
f 4926 4927 4806
f 4807 4928 4808
f 4927 4928 4807
f 4808 4929 4809
f 4928 4929 4808
f 4809 4930 4810
f 4929 4930 4809
f 4810 4931 4811
f 4930 4931 4810
f 4811 4932 4812
f 4931 4932 4811
f 4812 4933 4813
f 4932 4933 4812
f 4813 4934 4814
f 4933 4934 4813
f 4814 4935 4815
f 4934 4935 4814
f 4815 4936 4816
f 4935 4936 4815
f 4816 4937 4817
f 4936 4937 4816
f 4817 4938 4818
f 4937 4938 4817
f 4819 4818 4938
f 4819 4938 4939
f 4941 4940 4820
f 4941 4820 4821
f 4790 4820 4910
f 4910 4820 4940
f 4939 4942 4819
f 4819 4942 4822
f 4823 4822 4942
f 4823 4942 4943
f 4824 4941 4821
f 4824 4944 4941
f 4943 4825 4823
f 4945 4825 4943
f 4826 4944 4824
f 4826 4946 4944
f 4945 4827 4825
f 4947 4827 4945
f 4828 4946 4826
f 4828 4948 4946
f 4947 4829 4827
f 4949 4829 4947
f 4830 4948 4828
f 4830 4950 4948
f 4949 4831 4829
f 4951 4831 4949
f 4832 4950 4830
f 4832 4952 4950
f 4951 4833 4831
f 4953 4833 4951
f 4834 4952 4832
f 4834 4954 4952
f 4953 4835 4833
f 4955 4835 4953
f 4957 4956 4836
f 4957 4836 4837
f 4834 4836 4954
f 4954 4836 4956
f 4955 4838 4835
f 4958 4838 4955
f 4839 4957 4837
f 4839 4959 4957
f 4958 4840 4838
f 4960 4840 4958
f 4841 4959 4839
f 4841 4961 4959
f 4960 4842 4840
f 4962 4842 4960
f 4843 4961 4841
f 4843 4963 4961
f 4962 4844 4842
f 4964 4844 4962
f 4965 4963 4843
f 4965 4843 4845
f 4845 4846 4965
f 4965 4846 4966
f 4968 4967 4848
f 4848 4967 4847
f 4969 4848 4849
f 4969 4968 4848
f 4970 4849 4850
f 4970 4969 4849
f 4971 4850 4851
f 4971 4970 4850
f 4972 4851 4852
f 4972 4971 4851
f 4973 4852 4853
f 4973 4972 4852
f 4974 4853 4854
f 4974 4973 4853
f 4975 4854 4855
f 4975 4974 4854
f 4976 4855 4856
f 4976 4975 4855
f 4977 4856 4857
f 4977 4976 4856
f 4978 4857 4858
f 4978 4977 4857
f 4858 4859 4978
f 4978 4859 4979
f 4964 4860 4844
f 4980 4860 4964
f 4981 4966 4846
f 4981 4846 4861
f 4982 4861 4862
f 4982 4981 4861
f 4983 4862 4863
f 4983 4982 4862
f 4984 4863 4864
f 4984 4983 4863
f 4985 4864 4865
f 4985 4984 4864
f 4986 4865 4866
f 4986 4985 4865
f 4987 4866 4867
f 4987 4986 4866
f 4988 4867 4868
f 4988 4987 4867
f 4989 4868 4869
f 4989 4988 4868
f 4990 4869 4870
f 4990 4989 4869
f 4991 4870 4871
f 4991 4990 4870
f 4992 4871 4872
f 4992 4991 4871
f 4872 4847 4967
f 4872 4967 4992
f 4993 4979 4859
f 4993 4859 4873
f 4873 4874 4993
f 4993 4874 4994
f 4980 4875 4860
f 4995 4875 4980
f 4876 4994 4874
f 4876 4996 4994
f 4995 4877 4875
f 4997 4877 4995
f 4999 4998 4878
f 4999 4878 4879
f 4876 4878 4996
f 4996 4878 4998
f 4997 4880 4877
f 5000 4880 4997
f 4881 4999 4879
f 4881 5001 4999
f 5000 4882 4880
f 5002 4882 5000
f 4883 5001 4881
f 4883 5003 5001
f 5002 4884 4882
f 5004 4884 5002
f 4885 5003 4883
f 4885 5005 5003
f 5004 4886 4884
f 5006 4886 5004
f 4887 5005 4885
f 4887 5007 5005
f 5006 4888 4886
f 5008 4888 5006
f 4889 5007 4887
f 4889 5009 5007
f 5008 4890 4888
f 5010 4890 5008
f 4891 5009 4889
f 4891 5011 5009
f 5010 4892 4890
f 5012 4892 5010
f 5013 5011 4891
f 5013 4891 4893
f 4893 4894 5013
f 5013 4894 5014
f 5012 4895 4892
f 5015 4895 5012
f 4896 5014 4894
f 4896 5016 5014
f 5015 4897 4895
f 5017 4897 5015
f 4898 5016 4896
f 4898 5018 5016
f 5020 5019 4900
f 4900 5019 4899
f 4900 4897 5017
f 4900 5017 5020
f 5021 5018 4898
f 5021 4898 4901
f 5022 4901 4902
f 5022 5021 4901
f 4902 4903 5022
f 5022 4903 5023
f 5025 5024 4905
f 4905 5024 4904
f 5026 4905 4906
f 5026 5025 4905
f 4906 4899 5019
f 4906 5019 5026
f 5027 5023 4903
f 5027 4903 4907
f 5028 4907 4908
f 5028 5027 4907
f 4908 4904 5024
f 4908 5024 5028
f 5030 5029 4909
f 5030 4909 4910
f 4909 5031 4911
f 5029 5031 4909
f 4911 5032 4912
f 5031 5032 4911
f 4912 5033 4913
f 5032 5033 4912
f 4913 5034 4914
f 5033 5034 4913
f 4914 5035 4915
f 5034 5035 4914
f 4915 5036 4916
f 5035 5036 4915
f 4916 5037 4917
f 5036 5037 4916
f 4917 5038 4918
f 5037 5038 4917
f 4918 5039 4919
f 5038 5039 4918
f 4919 5040 4920
f 5039 5040 4919
f 4920 5041 4921
f 5040 5041 4920
f 4921 5042 4922
f 5041 5042 4921
f 4922 5043 4923
f 5042 5043 4922
f 4923 5044 4924
f 5043 5044 4923
f 4924 5045 4925
f 5044 5045 4924
f 4925 5046 4926
f 5045 5046 4925
f 4926 5047 4927
f 5046 5047 4926
f 4927 5048 4928
f 5047 5048 4927
f 4928 5049 4929
f 5048 5049 4928
f 4929 5050 4930
f 5049 5050 4929
f 4930 5051 4931
f 5050 5051 4930
f 4931 5052 4932
f 5051 5052 4931
f 4932 5053 4933
f 5052 5053 4932
f 4933 5054 4934
f 5053 5054 4933
f 4934 5055 4935
f 5054 5055 4934
f 4935 5056 4936
f 5055 5056 4935
f 4936 5057 4937
f 5056 5057 4936
f 4937 5058 4938
f 5057 5058 4937
f 4939 4938 5058
f 4939 5058 5059
f 5061 5060 4940
f 5061 4940 4941
f 4910 4940 5030
f 5030 4940 5060
f 5059 5062 4939
f 4939 5062 4942
f 4943 4942 5062
f 4943 5062 5063
f 4944 5061 4941
f 4944 5064 5061
f 5063 4945 4943
f 5065 4945 5063
f 4946 5064 4944
f 4946 5066 5064
f 5065 4947 4945
f 5067 4947 5065
f 4948 5066 4946
f 4948 5068 5066
f 5067 4949 4947
f 5069 4949 5067
f 4950 5068 4948
f 4950 5070 5068
f 5069 4951 4949
f 5071 4951 5069
f 4952 5070 4950
f 4952 5072 5070
f 5071 4953 4951
f 5073 4953 5071
f 4954 5072 4952
f 4954 5074 5072
f 5073 4955 4953
f 5075 4955 5073
f 5077 5076 4956
f 5077 4956 4957
f 4954 4956 5074
f 5074 4956 5076
f 5075 4958 4955
f 5078 4958 5075
f 4959 5077 4957
f 4959 5079 5077
f 5078 4960 4958
f 5080 4960 5078
f 4961 5079 4959
f 4961 5081 5079
f 5080 4962 4960
f 5082 4962 5080
f 4963 5081 4961
f 4963 5083 5081
f 5082 4964 4962
f 5084 4964 5082
f 5085 5083 4963
f 5085 4963 4965
f 4965 4966 5085
f 5085 4966 5086
f 5088 5087 4968
f 4968 5087 4967
f 5089 4968 4969
f 5089 5088 4968
f 5090 4969 4970
f 5090 5089 4969
f 5091 4970 4971
f 5091 5090 4970
f 5092 4971 4972
f 5092 5091 4971
f 5093 4972 4973
f 5093 5092 4972
f 5094 4973 4974
f 5094 5093 4973
f 5095 4974 4975
f 5095 5094 4974
f 5096 4975 4976
f 5096 5095 4975
f 5097 4976 4977
f 5097 5096 4976
f 5098 4977 4978
f 5098 5097 4977
f 4978 4979 5098
f 5098 4979 5099
f 5084 4980 4964
f 5100 4980 5084
f 5101 5086 4966
f 5101 4966 4981
f 5102 4981 4982
f 5102 5101 4981
f 5103 4982 4983
f 5103 5102 4982
f 5104 4983 4984
f 5104 5103 4983
f 5105 4984 4985
f 5105 5104 4984
f 5106 4985 4986
f 5106 5105 4985
f 5107 4986 4987
f 5107 5106 4986
f 5108 4987 4988
f 5108 5107 4987
f 5109 4988 4989
f 5109 5108 4988
f 5110 4989 4990
f 5110 5109 4989
f 5111 4990 4991
f 5111 5110 4990
f 5112 4991 4992
f 5112 5111 4991
f 4992 4967 5087
f 4992 5087 5112
f 5113 5099 4979
f 5113 4979 4993
f 4993 4994 5113
f 5113 4994 5114
f 5100 4995 4980
f 5115 4995 5100
f 4996 5114 4994
f 4996 5116 5114
f 5115 4997 4995
f 5117 4997 5115
f 5119 5118 4998
f 5119 4998 4999
f 4996 4998 5116
f 5116 4998 5118
f 5117 5000 4997
f 5120 5000 5117
f 5001 5119 4999
f 5001 5121 5119
f 5120 5002 5000
f 5122 5002 5120
f 5003 5121 5001
f 5003 5123 5121
f 5122 5004 5002
f 5124 5004 5122
f 5005 5123 5003
f 5005 5125 5123
f 5124 5006 5004
f 5126 5006 5124
f 5007 5125 5005
f 5007 5127 5125
f 5126 5008 5006
f 5128 5008 5126
f 5009 5127 5007
f 5009 5129 5127
f 5128 5010 5008
f 5130 5010 5128
f 5011 5129 5009
f 5011 5131 5129
f 5130 5012 5010
f 5132 5012 5130
f 5011 5013 5133
f 5134 5011 5133
f 5131 5011 5134
f 5014 5133 5013
f 5132 5015 5012
f 5135 5015 5132
f 5136 5134 5133
f 5133 5014 5136
f 5014 5137 5136
f 5014 5016 5137
f 5135 5017 5015
f 5138 5017 5135
f 5018 5137 5016
f 5018 5139 5137
f 5141 5140 5020
f 5020 5140 5019
f 5020 5017 5138
f 5020 5138 5141
f 5142 5139 5018
f 5142 5018 5021
f 5143 5021 5022
f 5143 5142 5021
f 5022 5023 5143
f 5143 5023 5144
f 5146 5145 5025
f 5025 5145 5024
f 5147 5025 5026
f 5147 5146 5025
f 5026 5019 5140
f 5026 5140 5147
f 5148 5144 5023
f 5148 5023 5027
f 5149 5027 5028
f 5149 5148 5027
f 5028 5024 5145
f 5028 5145 5149
f 5151 5150 5029
f 5151 5029 5030
f 5029 5152 5031
f 5150 5152 5029
f 5031 5153 5032
f 5152 5153 5031
f 5032 5154 5033
f 5153 5154 5032
f 5033 5155 5034
f 5154 5155 5033
f 5034 5156 5035
f 5155 5156 5034
f 5035 5157 5036
f 5156 5157 5035
f 5036 5158 5037
f 5157 5158 5036
f 5037 5159 5038
f 5158 5159 5037
f 5038 5160 5039
f 5159 5160 5038
f 5039 5161 5040
f 5160 5161 5039
f 5040 5162 5041
f 5161 5162 5040
f 5041 5163 5042
f 5162 5163 5041
f 5042 5164 5043
f 5163 5164 5042
f 5043 5165 5044
f 5164 5165 5043
f 5044 5166 5045
f 5165 5166 5044
f 5045 5167 5046
f 5166 5167 5045
f 5046 5168 5047
f 5167 5168 5046
f 5047 5169 5048
f 5168 5169 5047
f 5048 5170 5049
f 5169 5170 5048
f 5049 5171 5050
f 5170 5171 5049
f 5050 5172 5051
f 5171 5172 5050
f 5051 5173 5052
f 5172 5173 5051
f 5052 5174 5053
f 5173 5174 5052
f 5053 5175 5054
f 5174 5175 5053
f 5054 5176 5055
f 5175 5176 5054
f 5055 5177 5056
f 5176 5177 5055
f 5056 5178 5057
f 5177 5178 5056
f 5057 5179 5058
f 5178 5179 5057
f 5059 5058 5179
f 5059 5179 5180
f 5182 5181 5060
f 5182 5060 5061
f 5030 5060 5151
f 5151 5060 5181
f 5180 5183 5059
f 5059 5183 5062
f 5063 5062 5183
f 5063 5183 5184
f 5064 5182 5061
f 5064 5185 5182
f 5184 5065 5063
f 5186 5065 5184
f 5066 5185 5064
f 5066 5187 5185
f 5186 5067 5065
f 5188 5067 5186
f 5068 5187 5066
f 5068 5189 5187
f 5188 5069 5067
f 5190 5069 5188
f 5070 5189 5068
f 5070 5191 5189
f 5190 5071 5069
f 5192 5071 5190
f 5072 5191 5070
f 5072 5193 5191
f 5192 5073 5071
f 5194 5073 5192
f 5074 5193 5072
f 5074 5195 5193
f 5194 5075 5073
f 5196 5075 5194
f 5198 5197 5076
f 5198 5076 5077
f 5074 5076 5195
f 5195 5076 5197
f 5196 5078 5075
f 5199 5078 5196
f 5079 5198 5077
f 5079 5200 5198
f 5199 5080 5078
f 5201 5080 5199
f 5081 5200 5079
f 5081 5202 5200
f 5201 5082 5080
f 5203 5082 5201
f 5083 5202 5081
f 5083 5204 5202
f 5203 5084 5082
f 5205 5084 5203
f 5206 5204 5083
f 5206 5083 5085
f 5085 5086 5206
f 5206 5086 5207
f 5209 5208 5088
f 5088 5208 5087
f 5210 5088 5089
f 5210 5209 5088
f 5211 5089 5090
f 5211 5210 5089
f 5212 5090 5091
f 5212 5211 5090
f 5213 5091 5092
f 5213 5212 5091
f 5214 5092 5093
f 5214 5213 5092
f 5215 5093 5094
f 5215 5214 5093
f 5216 5094 5095
f 5216 5215 5094
f 5217 5095 5096
f 5217 5216 5095
f 5218 5096 5097
f 5218 5217 5096
f 5219 5097 5098
f 5219 5218 5097
f 5098 5099 5219
f 5219 5099 5220
f 5205 5100 5084
f 5221 5100 5205
f 5222 5207 5086
f 5222 5086 5101
f 5223 5101 5102
f 5223 5222 5101
f 5224 5102 5103
f 5224 5223 5102
f 5225 5103 5104
f 5225 5224 5103
f 5226 5104 5105
f 5226 5225 5104
f 5227 5105 5106
f 5227 5226 5105
f 5228 5106 5107
f 5228 5227 5106
f 5229 5107 5108
f 5229 5228 5107
f 5230 5108 5109
f 5230 5229 5108
f 5231 5109 5110
f 5231 5230 5109
f 5232 5110 5111
f 5232 5231 5110
f 5233 5111 5112
f 5233 5232 5111
f 5112 5087 5208
f 5112 5208 5233
f 5234 5220 5099
f 5234 5099 5113
f 5113 5114 5234
f 5234 5114 5235
f 5221 5115 5100
f 5236 5115 5221
f 5116 5235 5114
f 5116 5237 5235
f 5236 5117 5115
f 5238 5117 5236
f 5240 5239 5118
f 5240 5118 5119
f 5116 5118 5237
f 5237 5118 5239
f 5238 5120 5117
f 5241 5120 5238
f 5121 5240 5119
f 5121 5242 5240
f 5241 5122 5120
f 5243 5122 5241
f 5123 5242 5121
f 5123 5244 5242
f 5243 5124 5122
f 5245 5124 5243
f 5125 5244 5123
f 5125 5246 5244
f 5245 5126 5124
f 5247 5126 5245
f 5127 5246 5125
f 5127 5248 5246
f 5247 5128 5126
f 5249 5128 5247
f 5129 5248 5127
f 5129 5250 5248
f 5249 5130 5128
f 5251 5130 5249
f 5131 5250 5129
f 5131 5252 5250
f 5251 5132 5130
f 5253 5132 5251
f 5134 5252 5131
f 5134 5254 5252
f 5253 5135 5132
f 5255 5135 5253
f 5256 5254 5134
f 5256 5134 5136
f 5136 5137 5256
f 5256 5137 5257
f 5255 5138 5135
f 5258 5138 5255
f 5139 5257 5137
f 5139 5259 5257
f 5261 5260 5141
f 5141 5260 5140
f 5141 5138 5258
f 5141 5258 5261
f 5262 5259 5139
f 5262 5139 5142
f 5263 5142 5143
f 5263 5262 5142
f 5143 5144 5263
f 5263 5144 5264
f 5267 5266 5265
f 5145 5146 5265
f 5146 5267 5265
f 5146 5268 5267
f 5269 5146 5147
f 5269 5268 5146
f 5147 5140 5260
f 5147 5260 5269
f 5270 5264 5144
f 5270 5144 5148
f 5149 5265 5266
f 5270 5149 5266
f 5148 5149 5270
f 5265 5149 5145
f 5272 5271 5150
f 5272 5150 5151
f 5150 5273 5152
f 5271 5273 5150
f 5152 5274 5153
f 5273 5274 5152
f 5153 5275 5154
f 5274 5275 5153
f 5154 5276 5155
f 5275 5276 5154
f 5155 5277 5156
f 5276 5277 5155
f 5156 5278 5157
f 5277 5278 5156
f 5157 5279 5158
f 5278 5279 5157
f 5158 5280 5159
f 5279 5280 5158
f 5159 5281 5160
f 5280 5281 5159
f 5160 5282 5161
f 5281 5282 5160
f 5161 5283 5162
f 5282 5283 5161
f 5162 5284 5163
f 5283 5284 5162
f 5163 5285 5164
f 5284 5285 5163
f 5164 5286 5165
f 5285 5286 5164
f 5165 5287 5166
f 5286 5287 5165
f 5166 5288 5167
f 5287 5288 5166
f 5167 5289 5168
f 5288 5289 5167
f 5168 5290 5169
f 5289 5290 5168
f 5169 5291 5170
f 5290 5291 5169
f 5170 5292 5171
f 5291 5292 5170
f 5171 5293 5172
f 5292 5293 5171
f 5172 5294 5173
f 5293 5294 5172
f 5173 5295 5174
f 5294 5295 5173
f 5174 5296 5175
f 5295 5296 5174
f 5175 5297 5176
f 5296 5297 5175
f 5176 5298 5177
f 5297 5298 5176
f 5177 5299 5178
f 5298 5299 5177
f 5178 5300 5179
f 5299 5300 5178
f 5180 5179 5300
f 5180 5300 5301
f 5303 5302 5181
f 5303 5181 5182
f 5151 5181 5272
f 5272 5181 5302
f 5301 5304 5180
f 5180 5304 5183
f 5184 5183 5304
f 5184 5304 5305
f 5185 5303 5182
f 5185 5306 5303
f 5305 5186 5184
f 5307 5186 5305
f 5187 5306 5185
f 5187 5308 5306
f 5307 5188 5186
f 5309 5188 5307
f 5189 5308 5187
f 5189 5310 5308
f 5309 5190 5188
f 5311 5190 5309
f 5191 5310 5189
f 5191 5312 5310
f 5311 5192 5190
f 5313 5192 5311
f 5193 5312 5191
f 5193 5314 5312
f 5313 5194 5192
f 5315 5194 5313
f 5195 5314 5193
f 5195 5316 5314
f 5315 5196 5194
f 5317 5196 5315
f 5319 5318 5197
f 5319 5197 5198
f 5195 5197 5316
f 5316 5197 5318
f 5317 5199 5196
f 5320 5199 5317
f 5200 5319 5198
f 5200 5321 5319
f 5320 5201 5199
f 5322 5201 5320
f 5202 5321 5200
f 5202 5323 5321
f 5322 5203 5201
f 5324 5203 5322
f 5204 5323 5202
f 5204 5325 5323
f 5324 5205 5203
f 5326 5205 5324
f 5327 5325 5204
f 5327 5204 5206
f 5206 5207 5327
f 5327 5207 5328
f 5329 5208 5209
f 5329 5209 5330
f 5209 5331 5330
f 5209 5210 5331
f 5332 5210 5211
f 5332 5331 5210
f 5333 5211 5212
f 5333 5332 5211
f 5334 5212 5213
f 5334 5333 5212
f 5335 5213 5214
f 5335 5334 5213
f 5336 5214 5215
f 5336 5335 5214
f 5337 5215 5216
f 5337 5336 5215
f 5338 5216 5217
f 5338 5337 5216
f 5339 5217 5218
f 5339 5338 5217
f 5340 5218 5219
f 5340 5339 5218
f 5219 5220 5340
f 5340 5220 5341
f 5326 5221 5205
f 5342 5221 5326
f 5343 5328 5207
f 5343 5207 5222
f 5344 5222 5223
f 5344 5343 5222
f 5345 5223 5224
f 5345 5344 5223
f 5346 5224 5225
f 5346 5345 5224
f 5347 5225 5226
f 5347 5346 5225
f 5348 5226 5227
f 5348 5347 5226
f 5349 5227 5228
f 5349 5348 5227
f 5350 5228 5229
f 5350 5349 5228
f 5351 5229 5230
f 5351 5350 5229
f 5352 5230 5231
f 5352 5351 5230
f 5353 5231 5232
f 5353 5352 5231
f 5354 5232 5233
f 5354 5353 5232
f 5233 5208 5329
f 5355 5233 5329
f 5354 5233 5355
f 5355 5329 5330
f 5356 5341 5220
f 5356 5220 5234
f 5234 5235 5356
f 5356 5235 5357
f 5342 5236 5221
f 5358 5236 5342
f 5237 5357 5235
f 5237 5359 5357
f 5358 5238 5236
f 5360 5238 5358
f 5362 5361 5239
f 5362 5239 5240
f 5237 5239 5359
f 5359 5239 5361
f 5360 5241 5238
f 5363 5241 5360
f 5242 5362 5240
f 5242 5364 5362
f 5363 5243 5241
f 5365 5243 5363
f 5244 5364 5242
f 5244 5366 5364
f 5365 5245 5243
f 5367 5245 5365
f 5246 5366 5244
f 5246 5368 5366
f 5367 5247 5245
f 5369 5247 5367
f 5248 5368 5246
f 5248 5370 5368
f 5369 5249 5247
f 5371 5249 5369
f 5250 5370 5248
f 5250 5372 5370
f 5371 5251 5249
f 5373 5251 5371
f 5252 5372 5250
f 5252 5374 5372
f 5373 5253 5251
f 5375 5253 5373
f 5254 5374 5252
f 5254 5376 5374
f 5375 5255 5253
f 5377 5255 5375
f 5378 5376 5254
f 5378 5254 5256
f 5256 5257 5378
f 5378 5257 5379
f 5377 5258 5255
f 5380 5258 5377
f 5259 5379 5257
f 5259 5381 5379
f 5383 5382 5261
f 5261 5382 5260
f 5261 5258 5380
f 5261 5380 5383
f 5384 5381 5259
f 5384 5259 5262
f 5385 5262 5263
f 5385 5384 5262
f 5263 5264 5385
f 5385 5264 5386
f 5388 5387 5267
f 5267 5387 5266
f 5389 5267 5268
f 5389 5388 5267
f 5390 5268 5269
f 5390 5389 5268
f 5269 5260 5382
f 5269 5382 5390
f 5391 5386 5264
f 5391 5264 5270
f 5270 5266 5387
f 5270 5387 5391
f 5393 5392 5271
f 5393 5271 5272
f 5271 5394 5273
f 5392 5394 5271
f 5273 5395 5274
f 5394 5395 5273
f 5274 5396 5275
f 5395 5396 5274
f 5275 5397 5276
f 5396 5397 5275
f 5276 5398 5277
f 5397 5398 5276
f 5277 5399 5278
f 5398 5399 5277
f 5278 5400 5279
f 5399 5400 5278
f 5279 5401 5280
f 5400 5401 5279
f 5280 5402 5281
f 5401 5402 5280
f 5281 5403 5282
f 5402 5403 5281
f 5282 5404 5283
f 5403 5404 5282
f 5283 5405 5284
f 5404 5405 5283
f 5284 5406 5285
f 5405 5406 5284
f 5285 5407 5286
f 5406 5407 5285
f 5286 5408 5287
f 5407 5408 5286
f 5287 5409 5288
f 5408 5409 5287
f 5288 5410 5289
f 5409 5410 5288
f 5289 5411 5290
f 5410 5411 5289
f 5290 5412 5291
f 5411 5412 5290
f 5291 5413 5292
f 5412 5413 5291
f 5292 5414 5293
f 5413 5414 5292
f 5293 5415 5294
f 5414 5415 5293
f 5294 5416 5295
f 5415 5416 5294
f 5295 5417 5296
f 5416 5417 5295
f 5296 5418 5297
f 5417 5418 5296
f 5297 5419 5298
f 5418 5419 5297
f 5298 5420 5299
f 5419 5420 5298
f 5299 5421 5300
f 5420 5421 5299
f 5301 5300 5421
f 5301 5421 5422
f 5424 5423 5302
f 5424 5302 5303
f 5272 5302 5393
f 5393 5302 5423
f 5422 5425 5301
f 5301 5425 5304
f 5305 5304 5425
f 5305 5425 5426
f 5306 5424 5303
f 5306 5427 5424
f 5426 5307 5305
f 5428 5307 5426
f 5308 5427 5306
f 5308 5429 5427
f 5428 5309 5307
f 5430 5309 5428
f 5310 5429 5308
f 5310 5431 5429
f 5430 5311 5309
f 5432 5311 5430
f 5312 5431 5310
f 5312 5433 5431
f 5432 5313 5311
f 5434 5313 5432
f 5314 5433 5312
f 5314 5435 5433
f 5434 5315 5313
f 5436 5315 5434
f 5316 5435 5314
f 5316 5437 5435
f 5436 5317 5315
f 5438 5317 5436
f 5440 5439 5318
f 5440 5318 5319
f 5316 5318 5437
f 5437 5318 5439
f 5438 5320 5317
f 5441 5320 5438
f 5321 5440 5319
f 5321 5442 5440
f 5441 5322 5320
f 5443 5322 5441
f 5323 5442 5321
f 5323 5444 5442
f 5443 5324 5322
f 5445 5324 5443
f 5325 5444 5323
f 5325 5446 5444
f 5445 5326 5324
f 5447 5326 5445
f 5448 5446 5325
f 5448 5325 5327
f 5327 5328 5448
f 5448 5328 5449
f 5450 5330 5331
f 5450 5331 5451
f 5331 5452 5451
f 5331 5332 5452
f 5453 5332 5333
f 5453 5452 5332
f 5454 5333 5334
f 5454 5453 5333
f 5455 5334 5335
f 5455 5454 5334
f 5456 5335 5336
f 5456 5455 5335
f 5457 5336 5337
f 5457 5456 5336
f 5458 5337 5338
f 5458 5457 5337
f 5459 5338 5339
f 5459 5458 5338
f 5460 5339 5340
f 5460 5459 5339
f 5340 5341 5460
f 5460 5341 5461
f 5447 5342 5326
f 5462 5342 5447
f 5463 5449 5328
f 5463 5328 5343
f 5464 5343 5344
f 5464 5463 5343
f 5465 5344 5345
f 5465 5464 5344
f 5466 5345 5346
f 5466 5465 5345
f 5467 5346 5347
f 5467 5466 5346
f 5468 5347 5348
f 5468 5467 5347
f 5469 5348 5349
f 5469 5468 5348
f 5470 5349 5350
f 5470 5469 5349
f 5471 5350 5351
f 5471 5470 5350
f 5472 5351 5352
f 5472 5471 5351
f 5473 5352 5353
f 5473 5472 5352
f 5474 5353 5354
f 5474 5473 5353
f 5475 5354 5355
f 5475 5474 5354
f 5355 5330 5450
f 5476 5355 5450
f 5475 5355 5476
f 5476 5450 5451
f 5477 5461 5341
f 5477 5341 5356
f 5356 5357 5477
f 5477 5357 5478
f 5462 5358 5342
f 5479 5358 5462
f 5359 5478 5357
f 5359 5480 5478
f 5479 5360 5358
f 5481 5360 5479
f 5483 5482 5361
f 5483 5361 5362
f 5359 5361 5480
f 5480 5361 5482
f 5481 5363 5360
f 5484 5363 5481
f 5364 5483 5362
f 5364 5485 5483
f 5484 5365 5363
f 5486 5365 5484
f 5366 5485 5364
f 5366 5487 5485
f 5486 5367 5365
f 5488 5367 5486
f 5368 5487 5366
f 5368 5489 5487
f 5488 5369 5367
f 5490 5369 5488
f 5370 5489 5368
f 5370 5491 5489
f 5490 5371 5369
f 5492 5371 5490
f 5372 5491 5370
f 5372 5493 5491
f 5492 5373 5371
f 5494 5373 5492
f 5374 5493 5372
f 5374 5495 5493
f 5494 5375 5373
f 5496 5375 5494
f 5376 5495 5374
f 5376 5497 5495
f 5496 5377 5375
f 5498 5377 5496
f 5499 5497 5376
f 5499 5376 5378
f 5378 5379 5499
f 5499 5379 5500
f 5498 5380 5377
f 5501 5380 5498
f 5381 5500 5379
f 5381 5502 5500
f 5504 5503 5383
f 5383 5503 5382
f 5383 5380 5501
f 5383 5501 5504
f 5505 5502 5381
f 5505 5381 5384
f 5506 5384 5385
f 5506 5505 5384
f 5385 5386 5506
f 5506 5386 5507
f 5509 5508 5388
f 5388 5508 5387
f 5510 5388 5389
f 5510 5509 5388
f 5511 5389 5390
f 5511 5510 5389
f 5390 5382 5503
f 5390 5503 5511
f 5512 5507 5386
f 5512 5386 5391
f 5391 5387 5508
f 5391 5508 5512
f 5514 5513 5392
f 5514 5392 5393
f 5392 5515 5394
f 5513 5515 5392
f 5394 5516 5395
f 5515 5516 5394
f 5395 5517 5396
f 5516 5517 5395
f 5396 5518 5397
f 5517 5518 5396
f 5397 5519 5398
f 5518 5519 5397
f 5398 5520 5399
f 5519 5520 5398
f 5399 5521 5400
f 5520 5521 5399
f 5400 5522 5401
f 5521 5522 5400
f 5401 5523 5402
f 5522 5523 5401
f 5402 5524 5403
f 5523 5524 5402
f 5403 5525 5404
f 5524 5525 5403
f 5404 5526 5405
f 5525 5526 5404
f 5405 5527 5406
f 5526 5527 5405
f 5406 5528 5407
f 5527 5528 5406
f 5407 5529 5408
f 5528 5529 5407
f 5408 5530 5409
f 5529 5530 5408
f 5409 5531 5410
f 5530 5531 5409
f 5410 5532 5411
f 5531 5532 5410
f 5411 5533 5412
f 5532 5533 5411
f 5412 5534 5413
f 5533 5534 5412
f 5413 5535 5414
f 5534 5535 5413
f 5414 5536 5415
f 5535 5536 5414
f 5415 5537 5416
f 5536 5537 5415
f 5416 5538 5417
f 5537 5538 5416
f 5417 5539 5418
f 5538 5539 5417
f 5418 5540 5419
f 5539 5540 5418
f 5419 5541 5420
f 5540 5541 5419
f 5420 5542 5421
f 5541 5542 5420
f 5422 5421 5542
f 5422 5542 5543
f 5545 5544 5423
f 5545 5423 5424
f 5393 5423 5514
f 5514 5423 5544
f 5543 5546 5422
f 5422 5546 5425
f 5426 5425 5546
f 5426 5546 5547
f 5427 5545 5424
f 5427 5548 5545
f 5547 5428 5426
f 5549 5428 5547
f 5429 5548 5427
f 5429 5550 5548
f 5549 5430 5428
f 5551 5430 5549
f 5431 5550 5429
f 5431 5552 5550
f 5551 5432 5430
f 5553 5432 5551
f 5433 5552 5431
f 5433 5554 5552
f 5553 5434 5432
f 5555 5434 5553
f 5435 5554 5433
f 5435 5556 5554
f 5555 5436 5434
f 5557 5436 5555
f 5437 5556 5435
f 5437 5558 5556
f 5557 5438 5436
f 5559 5438 5557
f 5561 5560 5439
f 5561 5439 5440
f 5437 5439 5558
f 5558 5439 5560
f 5559 5441 5438
f 5562 5441 5559
f 5442 5561 5440
f 5442 5563 5561
f 5562 5443 5441
f 5564 5443 5562
f 5444 5563 5442
f 5444 5565 5563
f 5564 5445 5443
f 5566 5445 5564
f 5446 5565 5444
f 5446 5567 5565
f 5566 5447 5445
f 5568 5447 5566
f 5569 5567 5446
f 5569 5446 5448
f 5448 5449 5569
f 5569 5449 5570
f 5571 5451 5452
f 5453 5572 5452
f 5452 5572 5571
f 5572 5453 5573
f 5453 5574 5573
f 5453 5454 5574
f 5575 5454 5455
f 5575 5574 5454
f 5576 5455 5456
f 5576 5575 5455
f 5577 5456 5457
f 5577 5576 5456
f 5578 5457 5458
f 5578 5577 5457
f 5579 5458 5459
f 5579 5578 5458
f 5580 5459 5460
f 5580 5579 5459
f 5460 5461 5580
f 5580 5461 5581
f 5568 5462 5447
f 5582 5462 5568
f 5583 5570 5449
f 5583 5449 5463
f 5584 5463 5464
f 5584 5583 5463
f 5585 5464 5465
f 5585 5584 5464
f 5586 5465 5466
f 5586 5585 5465
f 5587 5466 5467
f 5587 5586 5466
f 5588 5467 5468
f 5588 5587 5467
f 5589 5468 5469
f 5589 5588 5468
f 5590 5469 5470
f 5590 5589 5469
f 5591 5470 5471
f 5591 5590 5470
f 5592 5471 5472
f 5592 5591 5471
f 5593 5472 5473
f 5593 5592 5472
f 5594 5473 5474
f 5594 5593 5473
f 5595 5474 5475
f 5595 5594 5474
f 5596 5475 5476
f 5596 5595 5475
f 5476 5451 5571
f 5597 5476 5571
f 5596 5476 5597
f 5597 5571 5572
f 5597 5572 5598
f 5598 5572 5573
f 5599 5581 5461
f 5599 5461 5477
f 5477 5478 5599
f 5599 5478 5600
f 5582 5479 5462
f 5601 5479 5582
f 5480 5600 5478
f 5480 5602 5600
f 5601 5481 5479
f 5603 5481 5601
f 5605 5604 5482
f 5605 5482 5483
f 5480 5482 5602
f 5602 5482 5604
f 5603 5484 5481
f 5606 5484 5603
f 5485 5605 5483
f 5485 5607 5605
f 5606 5486 5484
f 5608 5486 5606
f 5487 5607 5485
f 5487 5609 5607
f 5608 5488 5486
f 5610 5488 5608
f 5489 5609 5487
f 5489 5611 5609
f 5610 5490 5488
f 5612 5490 5610
f 5491 5611 5489
f 5491 5613 5611
f 5612 5492 5490
f 5614 5492 5612
f 5493 5613 5491
f 5493 5615 5613
f 5614 5494 5492
f 5616 5494 5614
f 5495 5615 5493
f 5495 5617 5615
f 5616 5496 5494
f 5618 5496 5616
f 5497 5617 5495
f 5497 5619 5617
f 5618 5498 5496
f 5620 5498 5618
f 5621 5619 5497
f 5621 5497 5499
f 5499 5500 5621
f 5621 5500 5622
f 5620 5501 5498
f 5623 5501 5620
f 5502 5622 5500
f 5502 5624 5622
f 5626 5625 5504
f 5504 5625 5503
f 5504 5501 5623
f 5504 5623 5626
f 5627 5624 5502
f 5627 5502 5505
f 5628 5505 5506
f 5628 5627 5505
f 5630 5629 5507
f 5629 5506 5507
f 5629 5628 5506
f 5508 5509 5630
f 5509 5629 5630
f 5509 5631 5629
f 5632 5509 5510
f 5632 5631 5509
f 5633 5510 5511
f 5633 5632 5510
f 5511 5503 5625
f 5511 5625 5633
f 5512 5630 5507
f 5630 5512 5508
f 5635 5634 5513
f 5635 5513 5514
f 5513 5636 5515
f 5634 5636 5513
f 5515 5637 5516
f 5636 5637 5515
f 5516 5638 5517
f 5637 5638 5516
f 5517 5639 5518
f 5638 5639 5517
f 5518 5640 5519
f 5639 5640 5518
f 5519 5641 5520
f 5640 5641 5519
f 5520 5642 5521
f 5641 5642 5520
f 5521 5643 5522
f 5642 5643 5521
f 5522 5644 5523
f 5643 5644 5522
f 5523 5645 5524
f 5644 5645 5523
f 5524 5646 5525
f 5645 5646 5524
f 5525 5647 5526
f 5646 5647 5525
f 5526 5648 5527
f 5647 5648 5526
f 5527 5649 5528
f 5648 5649 5527
f 5528 5650 5529
f 5649 5650 5528
f 5529 5651 5530
f 5650 5651 5529
f 5530 5652 5531
f 5651 5652 5530
f 5531 5653 5532
f 5652 5653 5531
f 5532 5654 5533
f 5653 5654 5532
f 5533 5655 5534
f 5654 5655 5533
f 5534 5656 5535
f 5655 5656 5534
f 5535 5657 5536
f 5656 5657 5535
f 5536 5658 5537
f 5657 5658 5536
f 5537 5659 5538
f 5658 5659 5537
f 5538 5660 5539
f 5659 5660 5538
f 5539 5661 5540
f 5660 5661 5539
f 5540 5662 5541
f 5661 5662 5540
f 5541 5663 5542
f 5662 5663 5541
f 5543 5542 5663
f 5543 5663 5664
f 5666 5665 5544
f 5666 5544 5545
f 5514 5544 5635
f 5635 5544 5665
f 5664 5667 5543
f 5543 5667 5546
f 5547 5546 5667
f 5547 5667 5668
f 5548 5666 5545
f 5548 5669 5666
f 5668 5549 5547
f 5670 5549 5668
f 5550 5669 5548
f 5550 5671 5669
f 5670 5551 5549
f 5672 5551 5670
f 5552 5671 5550
f 5552 5673 5671
f 5672 5553 5551
f 5674 5553 5672
f 5554 5673 5552
f 5554 5675 5673
f 5674 5555 5553
f 5676 5555 5674
f 5556 5675 5554
f 5556 5677 5675
f 5676 5557 5555
f 5678 5557 5676
f 5558 5677 5556
f 5558 5679 5677
f 5678 5559 5557
f 5680 5559 5678
f 5682 5681 5560
f 5682 5560 5561
f 5558 5560 5679
f 5679 5560 5681
f 5680 5562 5559
f 5683 5562 5680
f 5563 5682 5561
f 5563 5684 5682
f 5683 5564 5562
f 5685 5564 5683
f 5565 5684 5563
f 5565 5686 5684
f 5685 5566 5564
f 5687 5566 5685
f 5567 5686 5565
f 5567 5688 5686
f 5687 5568 5566
f 5689 5568 5687
f 5690 5688 5567
f 5690 5567 5569
f 5569 5570 5690
f 5690 5570 5691
f 5692 5573 5574
f 5692 5574 5693
f 5574 5694 5693
f 5574 5575 5694
f 5695 5575 5576
f 5695 5694 5575
f 5696 5576 5577
f 5696 5695 5576
f 5697 5577 5578
f 5697 5696 5577
f 5698 5578 5579
f 5698 5697 5578
f 5699 5579 5580
f 5699 5698 5579
f 5580 5581 5699
f 5699 5581 5700
f 5689 5582 5568
f 5701 5582 5689
f 5702 5691 5570
f 5702 5570 5583
f 5703 5583 5584
f 5703 5702 5583
f 5704 5584 5585
f 5704 5703 5584
f 5705 5585 5586
f 5705 5704 5585
f 5706 5586 5587
f 5706 5705 5586
f 5707 5587 5588
f 5707 5706 5587
f 5708 5588 5589
f 5708 5707 5588
f 5709 5589 5590
f 5709 5708 5589
f 5710 5590 5591
f 5710 5709 5590
f 5711 5591 5592
f 5711 5710 5591
f 5712 5592 5593
f 5712 5711 5592
f 5713 5593 5594
f 5713 5712 5593
f 5714 5594 5595
f 5714 5713 5594
f 5715 5595 5596
f 5715 5714 5595
f 5716 5596 5597
f 5716 5715 5596
f 5717 5597 5598
f 5717 5716 5597
f 5598 5573 5692
f 5718 5598 5692
f 5717 5598 5718
f 5718 5692 5693
f 5719 5700 5581
f 5719 5581 5599
f 5599 5600 5719
f 5719 5600 5720
f 5701 5601 5582
f 5721 5601 5701
f 5724 5723 5722
f 5723 5720 5722
f 5720 5602 5722
f 5720 5600 5602
f 5721 5603 5601
f 5725 5603 5721
f 5724 5722 5604
f 5605 5724 5604
f 5726 5724 5605
f 5604 5722 5602
f 5725 5606 5603
f 5727 5606 5725
f 5607 5726 5605
f 5607 5728 5726
f 5727 5608 5606
f 5729 5608 5727
f 5609 5728 5607
f 5609 5730 5728
f 5729 5610 5608
f 5731 5610 5729
f 5611 5730 5609
f 5611 5732 5730
f 5731 5612 5610
f 5733 5612 5731
f 5613 5732 5611
f 5613 5734 5732
f 5733 5614 5612
f 5735 5614 5733
f 5615 5734 5613
f 5615 5736 5734
f 5735 5616 5614
f 5737 5616 5735
f 5617 5736 5615
f 5617 5738 5736
f 5737 5618 5616
f 5739 5618 5737
f 5619 5738 5617
f 5619 5740 5738
f 5739 5620 5618
f 5741 5620 5739
f 5742 5740 5619
f 5742 5619 5621
f 5621 5622 5742
f 5742 5622 5743
f 5741 5623 5620
f 5744 5623 5741
f 5624 5743 5622
f 5624 5745 5743
f 5747 5746 5626
f 5626 5746 5625
f 5626 5623 5744
f 5626 5744 5747
f 5748 5745 5624
f 5748 5624 5627
f 5749 5627 5628
f 5749 5748 5627
f 5750 5628 5629
f 5750 5749 5628
f 5751 5629 5631
f 5751 5750 5629
f 5752 5631 5632
f 5752 5751 5631
f 5753 5632 5633
f 5753 5752 5632
f 5633 5625 5746
f 5633 5746 5753
f 5755 5754 5634
f 5755 5634 5635
f 5634 5756 5636
f 5754 5756 5634
f 5636 5757 5637
f 5756 5757 5636
f 5637 5758 5638
f 5757 5758 5637
f 5638 5759 5639
f 5758 5759 5638
f 5639 5760 5640
f 5759 5760 5639
f 5640 5761 5641
f 5760 5761 5640
f 5641 5762 5642
f 5761 5762 5641
f 5642 5763 5643
f 5762 5763 5642
f 5643 5764 5644
f 5763 5764 5643
f 5644 5765 5645
f 5764 5765 5644
f 5645 5766 5646
f 5765 5766 5645
f 5646 5767 5647
f 5766 5767 5646
f 5647 5768 5648
f 5767 5768 5647
f 5648 5769 5649
f 5768 5769 5648
f 5649 5770 5650
f 5769 5770 5649
f 5650 5771 5651
f 5770 5771 5650
f 5651 5772 5652
f 5771 5772 5651
f 5652 5773 5653
f 5772 5773 5652
f 5653 5774 5654
f 5773 5774 5653
f 5654 5775 5655
f 5774 5775 5654
f 5655 5776 5656
f 5775 5776 5655
f 5656 5777 5657
f 5776 5777 5656
f 5657 5778 5658
f 5777 5778 5657
f 5658 5779 5659
f 5778 5779 5658
f 5659 5780 5660
f 5779 5780 5659
f 5660 5781 5661
f 5780 5781 5660
f 5661 5782 5662
f 5781 5782 5661
f 5662 5783 5663
f 5782 5783 5662
f 5664 5663 5783
f 5664 5783 5784
f 5786 5785 5665
f 5786 5665 5666
f 5635 5665 5755
f 5755 5665 5785
f 5784 5787 5664
f 5664 5787 5667
f 5668 5667 5787
f 5668 5787 5788
f 5669 5786 5666
f 5669 5789 5786
f 5788 5670 5668
f 5790 5670 5788
f 5671 5789 5669
f 5671 5791 5789
f 5790 5672 5670
f 5792 5672 5790
f 5673 5791 5671
f 5673 5793 5791
f 5792 5674 5672
f 5794 5674 5792
f 5675 5793 5673
f 5675 5795 5793
f 5794 5676 5674
f 5796 5676 5794
f 5677 5795 5675
f 5677 5797 5795
f 5796 5678 5676
f 5798 5678 5796
f 5679 5797 5677
f 5679 5799 5797
f 5798 5680 5678
f 5800 5680 5798
f 5682 5801 5681
f 5801 5802 5681
f 5802 5679 5681
f 5802 5799 5679
f 5800 5683 5680
f 5803 5683 5800
f 5805 5804 5801
f 5682 5805 5801
f 5684 5805 5682
f 5801 5804 5802
f 5803 5685 5683
f 5806 5685 5803
f 5686 5805 5684
f 5686 5807 5805
f 5806 5687 5685
f 5808 5687 5806
f 5688 5807 5686
f 5688 5809 5807
f 5808 5689 5687
f 5810 5689 5808
f 5811 5809 5688
f 5811 5688 5690
f 5690 5691 5811
f 5811 5691 5812
f 5813 5693 5694
f 5695 5814 5694
f 5694 5814 5813
f 5814 5695 5815
f 5695 5816 5815
f 5695 5696 5816
f 5817 5696 5697
f 5817 5816 5696
f 5818 5697 5698
f 5818 5817 5697
f 5819 5698 5699
f 5819 5818 5698
f 5699 5700 5819
f 5819 5700 5820
f 5810 5701 5689
f 5821 5701 5810
f 5822 5812 5691
f 5822 5691 5702
f 5823 5702 5703
f 5823 5822 5702
f 5824 5703 5704
f 5824 5823 5703
f 5825 5704 5705
f 5825 5824 5704
f 5826 5705 5706
f 5826 5825 5705
f 5827 5706 5707
f 5827 5826 5706
f 5828 5707 5708
f 5828 5827 5707
f 5829 5708 5709
f 5829 5828 5708
f 5830 5709 5710
f 5830 5829 5709
f 5831 5710 5711
f 5831 5830 5710
f 5832 5711 5712
f 5832 5831 5711
f 5833 5712 5713
f 5833 5832 5712
f 5834 5713 5714
f 5834 5833 5713
f 5835 5714 5715
f 5835 5834 5714
f 5836 5715 5716
f 5836 5835 5715
f 5837 5716 5717
f 5837 5836 5716
f 5838 5717 5718
f 5838 5837 5717
f 5718 5693 5813
f 5839 5718 5813
f 5838 5718 5839
f 5839 5813 5814
f 5839 5814 5840
f 5840 5814 5815
f 5841 5820 5700
f 5841 5700 5719
f 5719 5720 5841
f 5841 5720 5842
f 5821 5721 5701
f 5843 5721 5821
f 5845 5844 5723
f 5845 5723 5724
f 5720 5723 5842
f 5842 5723 5844
f 5843 5725 5721
f 5846 5725 5843
f 5726 5845 5724
f 5726 5847 5845
f 5846 5727 5725
f 5848 5727 5846
f 5728 5847 5726
f 5728 5849 5847
f 5848 5729 5727
f 5850 5729 5848
f 5730 5849 5728
f 5730 5851 5849
f 5850 5731 5729
f 5852 5731 5850
f 5732 5851 5730
f 5732 5853 5851
f 5852 5733 5731
f 5854 5733 5852
f 5734 5853 5732
f 5734 5855 5853
f 5854 5735 5733
f 5856 5735 5854
f 5736 5855 5734
f 5736 5857 5855
f 5856 5737 5735
f 5858 5737 5856
f 5738 5857 5736
f 5738 5859 5857
f 5858 5739 5737
f 5860 5739 5858
f 5740 5859 5738
f 5740 5861 5859
f 5860 5741 5739
f 5862 5741 5860
f 5863 5861 5740
f 5863 5740 5742
f 5742 5743 5863
f 5863 5743 5864
f 5862 5744 5741
f 5865 5744 5862
f 5745 5864 5743
f 5745 5866 5864
f 5868 5867 5747
f 5747 5867 5746
f 5747 5744 5865
f 5747 5865 5868
f 5869 5866 5745
f 5869 5745 5748
f 5870 5748 5749
f 5870 5869 5748
f 5871 5749 5750
f 5871 5870 5749
f 5872 5750 5751
f 5872 5871 5750
f 5873 5751 5752
f 5873 5872 5751
f 5874 5752 5753
f 5874 5873 5752
f 5753 5746 5867
f 5753 5867 5874
f 5876 5875 5754
f 5876 5754 5755
f 5754 5877 5756
f 5875 5877 5754
f 5756 5878 5757
f 5877 5878 5756
f 5757 5879 5758
f 5878 5879 5757
f 5758 5880 5759
f 5879 5880 5758
f 5759 5881 5760
f 5880 5881 5759
f 5760 5882 5761
f 5881 5882 5760
f 5761 5883 5762
f 5882 5883 5761
f 5762 5884 5763
f 5883 5884 5762
f 5763 5885 5764
f 5884 5885 5763
f 5764 5886 5765
f 5885 5886 5764
f 5765 5887 5766
f 5886 5887 5765
f 5766 5888 5767
f 5887 5888 5766
f 5767 5889 5768
f 5888 5889 5767
f 5768 5890 5769
f 5889 5890 5768
f 5769 5891 5770
f 5890 5891 5769
f 5770 5892 5771
f 5891 5892 5770
f 5771 5893 5772
f 5892 5893 5771
f 5772 5894 5773
f 5893 5894 5772
f 5773 5895 5774
f 5894 5895 5773
f 5774 5896 5775
f 5895 5896 5774
f 5775 5897 5776
f 5896 5897 5775
f 5776 5898 5777
f 5897 5898 5776
f 5777 5899 5778
f 5898 5899 5777
f 5778 5900 5779
f 5899 5900 5778
f 5779 5901 5780
f 5900 5901 5779
f 5780 5902 5781
f 5901 5902 5780
f 5781 5903 5782
f 5902 5903 5781
f 5782 5904 5783
f 5903 5904 5782
f 5784 5783 5904
f 5784 5904 5905
f 5907 5906 5785
f 5907 5785 5786
f 5755 5785 5876
f 5876 5785 5906
f 5905 5908 5784
f 5784 5908 5787
f 5788 5787 5908
f 5788 5908 5909
f 5789 5907 5786
f 5789 5910 5907
f 5909 5790 5788
f 5911 5790 5909
f 5791 5910 5789
f 5791 5912 5910
f 5911 5792 5790
f 5913 5792 5911
f 5793 5912 5791
f 5793 5914 5912
f 5913 5794 5792
f 5915 5794 5913
f 5795 5914 5793
f 5795 5916 5914
f 5915 5796 5794
f 5917 5796 5915
f 5797 5916 5795
f 5797 5918 5916
f 5917 5798 5796
f 5919 5798 5917
f 5799 5918 5797
f 5799 5920 5918
f 5919 5800 5798
f 5921 5800 5919
f 5802 5920 5799
f 5802 5922 5920
f 5921 5803 5800
f 5923 5803 5921
f 5925 5924 5804
f 5925 5804 5805
f 5802 5804 5922
f 5922 5804 5924
f 5923 5806 5803
f 5926 5806 5923
f 5807 5925 5805
f 5807 5927 5925
f 5926 5808 5806
f 5928 5808 5926
f 5809 5927 5807
f 5809 5929 5927
f 5928 5810 5808
f 5930 5810 5928
f 5931 5929 5809
f 5931 5809 5811
f 5811 5812 5931
f 5931 5812 5932
f 5933 5815 5816
f 5817 5934 5816
f 5816 5934 5933
f 5818 5935 5817
f 5817 5935 5934
f 5819 5936 5818
f 5818 5936 5935
f 5820 5936 5819
f 5930 5821 5810
f 5937 5821 5930
f 5938 5932 5812
f 5938 5812 5822
f 5940 5938 5939
f 5938 5823 5939
f 5938 5822 5823
f 5824 5941 5823
f 5823 5941 5939
f 5825 5942 5824
f 5824 5942 5941
f 5826 5943 5825
f 5825 5943 5942
f 5827 5944 5826
f 5826 5944 5943
f 5828 5945 5827
f 5827 5945 5944
f 5829 5946 5828
f 5828 5946 5945
f 5830 5947 5829
f 5829 5947 5946
f 5831 5948 5830
f 5830 5948 5947
f 5948 5831 5949
f 5831 5950 5949
f 5831 5832 5950
f 5951 5832 5833
f 5951 5950 5832
f 5952 5833 5834
f 5952 5951 5833
f 5953 5834 5835
f 5953 5952 5834
f 5954 5835 5836
f 5954 5953 5835
f 5955 5836 5837
f 5955 5954 5836
f 5956 5837 5838
f 5956 5955 5837
f 5957 5838 5839
f 5957 5956 5838
f 5958 5839 5840
f 5958 5957 5839
f 5840 5815 5933
f 5959 5840 5933
f 5958 5840 5959
f 5959 5933 5934
f 5959 5934 5960
f 5960 5934 5935
f 5960 5935 5961
f 5961 5935 5936
f 5961 5936 5962
f 5964 5962 5963
f 5963 5962 5841
f 5962 5936 5841
f 5936 5820 5841
f 5842 5963 5841
f 5937 5843 5821
f 5965 5843 5937
f 5968 5967 5966
f 5966 5967 5940
f 5939 5966 5940
f 5969 5966 5939
f 5970 5939 5941
f 5969 5939 5970
f 5971 5941 5942
f 5970 5941 5971
f 5972 5942 5943
f 5971 5942 5972
f 5973 5943 5944
f 5972 5943 5973
f 5974 5944 5945
f 5973 5944 5974
f 5975 5945 5946
f 5974 5945 5975
f 5947 5977 5976
f 5975 5947 5976
f 5946 5947 5975
f 5977 5947 5948
f 5977 5948 5978
f 5978 5948 5949
f 5964 5963 5844
f 5845 5964 5844
f 5979 5964 5845
f 5844 5963 5842
f 5965 5846 5843
f 5980 5846 5965
f 5968 5966 5981
f 5968 5981 5982
f 5983 5966 5969
f 5981 5966 5983
f 5984 5969 5970
f 5983 5969 5984
f 5985 5970 5971
f 5984 5970 5985
f 5986 5971 5972
f 5985 5971 5986
f 5987 5972 5973
f 5986 5972 5987
f 5988 5973 5974
f 5987 5973 5988
f 5989 5974 5975
f 5988 5974 5989
f 5975 5976 5990
f 5991 5975 5990
f 5989 5975 5991
f 5993 5992 5991
f 5993 5991 5990
f 5995 5994 5992
f 5995 5992 5993
f 5996 5994 5995
f 5847 5979 5845
f 5847 5997 5979
f 5980 5848 5846
f 5998 5848 5980
f 5999 5982 5981
f 6001 6000 5999
f 5981 6001 5999
f 5983 6001 5981
f 6002 5983 5984
f 6001 5983 6002
f 6003 5984 5985
f 6002 5984 6003
f 6004 5985 5986
f 6003 5985 6004
f 6005 5986 5987
f 6004 5986 6005
f 6006 5987 5988
f 6005 5987 6006
f 6007 5988 5989
f 6006 5988 6007
f 6008 5989 5991
f 6007 5989 6008
f 6009 5991 5992
f 6008 5991 6009
f 6010 5992 5994
f 6009 5992 6010
f 5994 5996 6011
f 6012 5994 6011
f 6010 5994 6012
f 6013 6012 6011
f 6016 6015 6014
f 6015 5997 6014
f 5997 5849 6014
f 5997 5847 5849
f 5998 5850 5848
f 6017 5850 5998
f 6018 6000 6001
f 6018 6001 6002
f 6018 6002 6019
f 6019 6002 6003
f 6019 6003 6020
f 6020 6003 6004
f 6020 6004 6021
f 6021 6004 6005
f 6021 6005 6022
f 6022 6005 6006
f 6022 6006 6023
f 6023 6006 6007
f 6023 6007 6024
f 6024 6007 6008
f 6024 6008 6025
f 6025 6008 6009
f 6025 6009 6026
f 6026 6009 6010
f 6026 6010 6027
f 6027 6010 6012
f 6027 6012 6028
f 6028 6012 6013
f 6016 6014 6029
f 6016 6029 6030
f 5851 6029 5849
f 5849 6029 6014
f 6017 5852 5850
f 6031 5852 6017
f 6030 6029 6032
f 6030 6032 6033
f 5853 6032 5851
f 5851 6032 6029
f 6031 5854 5852
f 6034 5854 6031
f 6033 6032 6035
f 6033 6035 6036
f 5855 6035 5853
f 5853 6035 6032
f 6034 5856 5854
f 6037 5856 6034
f 6038 6036 6035
f 6035 5855 6038
f 5855 6039 6038
f 5855 5857 6039
f 6037 5858 5856
f 6040 5858 6037
f 5859 6039 5857
f 5859 6041 6039
f 6040 5860 5858
f 6042 5860 6040
f 5861 6041 5859
f 5861 6043 6041
f 6042 5862 5860
f 6044 5862 6042
f 6045 6043 5861
f 6045 5861 5863
f 5863 5864 6045
f 6045 5864 6046
f 6044 5865 5862
f 6047 5865 6044
f 5866 6046 5864
f 5866 6048 6046
f 6050 6049 5868
f 5868 6049 5867
f 5868 5865 6047
f 5868 6047 6050
f 6051 6048 5866
f 6051 5866 5869
f 6052 5869 5870
f 6052 6051 5869
f 6053 5870 5871
f 6053 6052 5870
f 6054 5871 5872
f 6054 6053 5871
f 6055 5872 5873
f 6055 6054 5872
f 6056 5873 5874
f 6056 6055 5873
f 5874 5867 6049
f 5874 6049 6056
f 6058 6057 5875
f 6058 5875 5876
f 5875 6059 5877
f 6057 6059 5875
f 5877 6060 5878
f 6059 6060 5877
f 5878 6061 5879
f 6060 6061 5878
f 5879 6062 5880
f 6061 6062 5879
f 5880 6063 5881
f 6062 6063 5880
f 5881 6064 5882
f 6063 6064 5881
f 5882 6065 5883
f 6064 6065 5882
f 5883 6066 5884
f 6065 6066 5883
f 5884 6067 5885
f 6066 6067 5884
f 5885 6068 5886
f 6067 6068 5885
f 5886 6069 5887
f 6068 6069 5886
f 5887 6070 5888
f 6069 6070 5887
f 5888 6071 5889
f 6070 6071 5888
f 5889 6072 5890
f 6071 6072 5889
f 5890 6073 5891
f 6072 6073 5890
f 5891 6074 5892
f 6073 6074 5891
f 5892 6075 5893
f 6074 6075 5892
f 5893 6076 5894
f 6075 6076 5893
f 5894 6077 5895
f 6076 6077 5894
f 5895 6078 5896
f 6077 6078 5895
f 5896 6079 5897
f 6078 6079 5896
f 5897 6080 5898
f 6079 6080 5897
f 5898 6081 5899
f 6080 6081 5898
f 5899 6082 5900
f 6081 6082 5899
f 5900 6083 5901
f 6082 6083 5900
f 5901 6084 5902
f 6083 6084 5901
f 5902 6085 5903
f 6084 6085 5902
f 5903 6086 5904
f 6085 6086 5903
f 5905 5904 6086
f 5905 6086 6087
f 6089 6088 5906
f 6089 5906 5907
f 5876 5906 6058
f 6058 5906 6088
f 6087 6090 5905
f 5905 6090 5908
f 5909 5908 6090
f 5909 6090 6091
f 5910 6089 5907
f 5910 6092 6089
f 6091 5911 5909
f 6093 5911 6091
f 5912 6092 5910
f 5912 6094 6092
f 6093 5913 5911
f 6095 5913 6093
f 5914 6094 5912
f 5914 6096 6094
f 6095 5915 5913
f 6097 5915 6095
f 5916 6096 5914
f 5916 6098 6096
f 6097 5917 5915
f 6099 5917 6097
f 5918 6098 5916
f 5918 6100 6098
f 6099 5919 5917
f 6101 5919 6099
f 5920 6100 5918
f 5920 6102 6100
f 6101 5921 5919
f 6103 5921 6101
f 5922 6102 5920
f 5922 6104 6102
f 6103 5923 5921
f 6105 5923 6103
f 6107 6106 5924
f 6107 5924 5925
f 5922 5924 6104
f 6104 5924 6106
f 6105 5926 5923
f 6108 5926 6105
f 5927 6107 5925
f 5927 6109 6107
f 6108 5928 5926
f 6110 5928 6108
f 5929 6109 5927
f 5929 6111 6109
f 6110 5930 5928
f 6112 5930 6110
f 6113 6111 5929
f 6113 5929 5931
f 5931 5932 6113
f 6113 5932 6114
f 6112 5937 5930
f 6115 5937 6112
f 5932 5938 6116
f 6117 5932 6116
f 6114 5932 6117
f 5940 6116 5938
f 6118 5949 5950
f 5951 6119 5950
f 5950 6119 6118
f 5952 6120 5951
f 5951 6120 6119
f 5953 6121 5952
f 5952 6121 6120
f 5954 6122 5953
f 5953 6122 6121
f 5955 6123 5954
f 5954 6123 6122
f 5956 6124 5955
f 5955 6124 6123
f 5957 6125 5956
f 5956 6125 6124
f 5958 6126 5957
f 5957 6126 6125
f 5959 6127 5958
f 5958 6127 6126
f 5960 6128 5959
f 5959 6128 6127
f 5961 6129 5960
f 5960 6129 6128
f 5962 6130 5961
f 5961 6130 6129
f 5964 6130 5962
f 6115 5965 5937
f 6131 5965 6115
f 6134 6133 6132
f 6132 6133 6117
f 6132 6117 6116
f 5968 6132 6116
f 5967 5968 6116
f 5967 6116 5940
f 6135 5976 5977
f 5978 6136 5977
f 5977 6136 6135
f 5949 6118 5978
f 6118 6136 5978
f 6118 6137 6136
f 6138 6118 6119
f 6137 6118 6138
f 6139 6119 6120
f 6138 6119 6139
f 6140 6120 6121
f 6139 6120 6140
f 6141 6121 6122
f 6140 6121 6141
f 6142 6122 6123
f 6141 6122 6142
f 6143 6123 6124
f 6142 6123 6143
f 6144 6124 6125
f 6143 6124 6144
f 6145 6125 6126
f 6144 6125 6145
f 6146 6126 6127
f 6145 6126 6146
f 6147 6127 6128
f 6146 6127 6147
f 6148 6128 6129
f 6147 6128 6148
f 6149 6129 6130
f 6148 6129 6149
f 5979 6149 5964
f 5964 6149 6130
f 6131 5980 5965
f 6150 5980 6131
f 6134 6132 6151
f 6134 6151 6152
f 5982 6151 5968
f 5968 6151 6132
f 6135 5990 5976
f 5990 6135 5993
f 5993 6135 6136
f 5993 6136 5995
f 5995 6136 6137
f 5995 6137 5996
f 6137 6153 5996
f 6137 6138 6153
f 6154 6138 6139
f 6153 6138 6154
f 6155 6139 6140
f 6154 6139 6155
f 6156 6140 6141
f 6155 6140 6156
f 6157 6141 6142
f 6156 6141 6157
f 6158 6142 6143
f 6157 6142 6158
f 6159 6143 6144
f 6158 6143 6159
f 6160 6144 6145
f 6159 6144 6160
f 6161 6145 6146
f 6160 6145 6161
f 6162 6146 6147
f 6161 6146 6162
f 6163 6147 6148
f 6162 6147 6163
f 6164 6148 6149
f 6163 6148 6164
f 5997 6164 5979
f 5979 6164 6149
f 6150 5998 5980
f 6165 5998 6150
f 6152 6151 6166
f 6152 6166 6167
f 5999 6168 5982
f 6168 6151 5982
f 6168 6166 6151
f 6000 6168 5999
f 6153 6011 5996
f 6011 6153 6013
f 6153 6169 6013
f 6153 6154 6169
f 6170 6154 6155
f 6169 6154 6170
f 6171 6155 6156
f 6170 6155 6171
f 6172 6156 6157
f 6171 6156 6172
f 6173 6157 6158
f 6172 6157 6173
f 6174 6158 6159
f 6173 6158 6174
f 6175 6159 6160
f 6174 6159 6175
f 6176 6160 6161
f 6175 6160 6176
f 6177 6161 6162
f 6176 6161 6177
f 6178 6162 6163
f 6177 6162 6178
f 6016 6178 6015
f 6178 6164 6015
f 6178 6163 6164
f 6015 6164 5997
f 6165 6017 5998
f 6179 6017 6165
f 6180 6167 6166
f 6182 6181 6180
f 6166 6182 6180
f 6168 6182 6166
f 6018 6183 6000
f 6183 6168 6000
f 6183 6182 6168
f 6019 6184 6018
f 6018 6184 6183
f 6020 6185 6019
f 6019 6185 6184
f 6021 6186 6020
f 6020 6186 6185
f 6022 6187 6021
f 6021 6187 6186
f 6023 6188 6022
f 6022 6188 6187
f 6024 6189 6023
f 6023 6189 6188
f 6025 6190 6024
f 6024 6190 6189
f 6026 6191 6025
f 6025 6191 6190
f 6027 6192 6026
f 6026 6192 6191
f 6028 6193 6027
f 6027 6193 6192
f 6013 6169 6028
f 6169 6193 6028
f 6169 6194 6193
f 6195 6169 6170
f 6194 6169 6195
f 6196 6170 6171
f 6195 6170 6196
f 6197 6171 6172
f 6196 6171 6197
f 6198 6172 6173
f 6197 6172 6198
f 6199 6173 6174
f 6198 6173 6199
f 6200 6174 6175
f 6199 6174 6200
f 6201 6175 6176
f 6200 6175 6201
f 6202 6176 6177
f 6201 6176 6202
f 6203 6177 6178
f 6202 6177 6203
f 6030 6203 6016
f 6016 6203 6178
f 6179 6031 6017
f 6204 6031 6179
f 6181 6182 6205
f 6181 6205 6206
f 6207 6182 6183
f 6205 6182 6207
f 6208 6183 6184
f 6207 6183 6208
f 6209 6184 6185
f 6208 6184 6209
f 6210 6185 6186
f 6209 6185 6210
f 6211 6186 6187
f 6210 6186 6211
f 6212 6187 6188
f 6211 6187 6212
f 6213 6188 6189
f 6212 6188 6213
f 6214 6189 6190
f 6213 6189 6214
f 6215 6190 6191
f 6214 6190 6215
f 6216 6191 6192
f 6215 6191 6216
f 6217 6192 6193
f 6216 6192 6217
f 6218 6193 6194
f 6217 6193 6218
f 6219 6194 6195
f 6218 6194 6219
f 6220 6195 6196
f 6219 6195 6220
f 6221 6196 6197
f 6220 6196 6221
f 6222 6197 6198
f 6221 6197 6222
f 6223 6198 6199
f 6222 6198 6223
f 6224 6199 6200
f 6223 6199 6224
f 6225 6200 6201
f 6224 6200 6225
f 6226 6201 6202
f 6225 6201 6226
f 6227 6202 6203
f 6226 6202 6227
f 6033 6227 6030
f 6030 6227 6203
f 6204 6034 6031
f 6228 6034 6204
f 6229 6206 6205
f 6229 6205 6207
f 6229 6207 6230
f 6230 6207 6208
f 6230 6208 6231
f 6233 6232 6231
f 6208 6233 6231
f 6209 6233 6208
f 6234 6209 6210
f 6233 6209 6234
f 6235 6210 6211
f 6234 6210 6235
f 6236 6211 6212
f 6235 6211 6236
f 6237 6212 6213
f 6236 6212 6237
f 6238 6213 6214
f 6237 6213 6238
f 6239 6214 6215
f 6238 6214 6239
f 6240 6215 6216
f 6239 6215 6240
f 6241 6216 6217
f 6240 6216 6241
f 6242 6217 6218
f 6241 6217 6242
f 6243 6218 6219
f 6242 6218 6243
f 6244 6219 6220
f 6243 6219 6244
f 6245 6220 6221
f 6244 6220 6245
f 6246 6221 6222
f 6245 6221 6246
f 6247 6222 6223
f 6246 6222 6247
f 6248 6223 6224
f 6247 6223 6248
f 6249 6224 6225
f 6248 6224 6249
f 6250 6225 6226
f 6249 6225 6250
f 6251 6226 6227
f 6250 6226 6251
f 6036 6251 6033
f 6033 6251 6227
f 6228 6037 6034
f 6252 6037 6228
f 6253 6232 6233
f 6253 6233 6234
f 6253 6234 6254
f 6254 6234 6235
f 6254 6235 6255
f 6255 6235 6236
f 6255 6236 6256
f 6256 6236 6237
f 6256 6237 6257
f 6257 6237 6238
f 6257 6238 6258
f 6258 6238 6239
f 6258 6239 6259
f 6259 6239 6240
f 6259 6240 6260
f 6260 6240 6241
f 6260 6241 6261
f 6261 6241 6242
f 6261 6242 6262
f 6264 6263 6262
f 6242 6264 6262
f 6243 6264 6242
f 6265 6243 6244
f 6264 6243 6265
f 6245 6267 6266
f 6265 6245 6266
f 6244 6245 6265
f 6267 6245 6246
f 6267 6246 6268
f 6268 6246 6247
f 6268 6247 6269
f 6269 6247 6248
f 6269 6248 6270
f 6270 6248 6249
f 6270 6249 6271
f 6271 6249 6250
f 6271 6250 6272
f 6272 6250 6251
f 6272 6251 6273
f 6275 6273 6274
f 6274 6273 6038
f 6273 6251 6038
f 6251 6036 6038
f 6039 6274 6038
f 6252 6040 6037
f 6276 6040 6252
f 6277 6263 6264
f 6277 6264 6265
f 6277 6265 6278
f 6278 6265 6266
f 6279 6275 6274
f 6274 6039 6279
f 6039 6280 6279
f 6039 6041 6280
f 6276 6042 6040
f 6281 6042 6276
f 6043 6280 6041
f 6043 6282 6280
f 6281 6044 6042
f 6283 6044 6281
f 6284 6282 6043
f 6284 6043 6045
f 6045 6046 6284
f 6284 6046 6285
f 6283 6047 6044
f 6286 6047 6283
f 6048 6285 6046
f 6048 6287 6285
f 6290 6289 6288
f 6049 6050 6288
f 6050 6290 6288
f 6050 6291 6290
f 6050 6047 6286
f 6050 6286 6291
f 6292 6287 6048
f 6292 6048 6051
f 6293 6051 6052
f 6293 6292 6051
f 6294 6052 6053
f 6294 6293 6052
f 6295 6053 6054
f 6295 6294 6053
f 6296 6054 6055
f 6296 6295 6054
f 6056 6288 6289
f 6296 6056 6289
f 6055 6056 6296
f 6288 6056 6049
f 6298 6297 6057
f 6298 6057 6058
f 6057 6299 6059
f 6297 6299 6057
f 6059 6300 6060
f 6299 6300 6059
f 6060 6301 6061
f 6300 6301 6060
f 6061 6302 6062
f 6301 6302 6061
f 6062 6303 6063
f 6302 6303 6062
f 6063 6304 6064
f 6303 6304 6063
f 6064 6305 6065
f 6304 6305 6064
f 6065 6306 6066
f 6305 6306 6065
f 6066 6307 6067
f 6306 6307 6066
f 6067 6308 6068
f 6307 6308 6067
f 6068 6309 6069
f 6308 6309 6068
f 6069 6310 6070
f 6309 6310 6069
f 6070 6311 6071
f 6310 6311 6070
f 6071 6312 6072
f 6311 6312 6071
f 6072 6313 6073
f 6312 6313 6072
f 6073 6314 6074
f 6313 6314 6073
f 6074 6315 6075
f 6314 6315 6074
f 6075 6316 6076
f 6315 6316 6075
f 6076 6317 6077
f 6316 6317 6076
f 6077 6318 6078
f 6317 6318 6077
f 6078 6319 6079
f 6318 6319 6078
f 6079 6320 6080
f 6319 6320 6079
f 6080 6321 6081
f 6320 6321 6080
f 6081 6322 6082
f 6321 6322 6081
f 6082 6323 6083
f 6322 6323 6082
f 6083 6324 6084
f 6323 6324 6083
f 6084 6325 6085
f 6324 6325 6084
f 6085 6326 6086
f 6325 6326 6085
f 6087 6086 6326
f 6087 6326 6327
f 6329 6328 6088
f 6329 6088 6089
f 6058 6088 6298
f 6298 6088 6328
f 6327 6330 6087
f 6087 6330 6090
f 6091 6090 6330
f 6091 6330 6331
f 6092 6329 6089
f 6092 6332 6329
f 6331 6093 6091
f 6333 6093 6331
f 6094 6332 6092
f 6094 6334 6332
f 6333 6095 6093
f 6335 6095 6333
f 6096 6334 6094
f 6096 6336 6334
f 6335 6097 6095
f 6337 6097 6335
f 6098 6336 6096
f 6098 6338 6336
f 6337 6099 6097
f 6339 6099 6337
f 6100 6338 6098
f 6100 6340 6338
f 6339 6101 6099
f 6341 6101 6339
f 6102 6340 6100
f 6102 6342 6340
f 6341 6103 6101
f 6343 6103 6341
f 6104 6342 6102
f 6104 6344 6342
f 6343 6105 6103
f 6345 6105 6343
f 6347 6346 6106
f 6347 6106 6107
f 6104 6106 6344
f 6344 6106 6346
f 6345 6108 6105
f 6348 6108 6345
f 6109 6347 6107
f 6109 6349 6347
f 6348 6110 6108
f 6350 6110 6348
f 6111 6349 6109
f 6111 6351 6349
f 6350 6112 6110
f 6352 6112 6350
f 6353 6351 6111
f 6353 6111 6113
f 6113 6114 6353
f 6353 6114 6354
f 6352 6115 6112
f 6355 6115 6352
f 6117 6354 6114
f 6117 6356 6354
f 6355 6131 6115
f 6357 6131 6355
f 6359 6358 6133
f 6359 6133 6134
f 6117 6133 6356
f 6356 6133 6358
f 6357 6150 6131
f 6360 6150 6357
f 6152 6359 6134
f 6152 6361 6359
f 6360 6165 6150
f 6362 6165 6360
f 6167 6361 6152
f 6167 6363 6361
f 6362 6179 6165
f 6364 6179 6362
f 6167 6180 6365
f 6366 6167 6365
f 6363 6167 6366
f 6181 6365 6180
f 6364 6204 6179
f 6367 6204 6364
f 6368 6366 6365
f 6365 6181 6368
f 6181 6369 6368
f 6181 6206 6369
f 6367 6228 6204
f 6370 6228 6367
f 6206 6229 6371
f 6372 6206 6371
f 6369 6206 6372
f 6230 6373 6229
f 6229 6373 6371
f 6231 6374 6230
f 6230 6374 6373
f 6232 6374 6231
f 6370 6252 6228
f 6375 6252 6370
f 6376 6372 6371
f 6376 6371 6373
f 6376 6373 6377
f 6377 6373 6374
f 6377 6374 6378
f 6378 6374 6232
f 6253 6378 6232
f 6379 6378 6253
f 6380 6253 6254
f 6380 6379 6253
f 6382 6380 6381
f 6380 6255 6381
f 6380 6254 6255
f 6256 6383 6255
f 6255 6383 6381
f 6257 6384 6256
f 6256 6384 6383
f 6258 6385 6257
f 6257 6385 6384
f 6259 6386 6258
f 6258 6386 6385
f 6260 6387 6259
f 6259 6387 6386
f 6261 6388 6260
f 6260 6388 6387
f 6262 6389 6261
f 6261 6389 6388
f 6263 6389 6262
f 6390 6266 6267
f 6268 6391 6267
f 6267 6391 6390
f 6269 6392 6268
f 6268 6392 6391
f 6270 6393 6269
f 6269 6393 6392
f 6271 6394 6270
f 6270 6394 6393
f 6272 6395 6271
f 6271 6395 6394
f 6273 6396 6272
f 6272 6396 6395
f 6275 6396 6273
f 6375 6276 6252
f 6397 6276 6375
f 6398 6382 6381
f 6398 6381 6383
f 6398 6383 6399
f 6399 6383 6384
f 6399 6384 6400
f 6400 6384 6385
f 6400 6385 6401
f 6401 6385 6386
f 6401 6386 6402
f 6402 6386 6387
f 6402 6387 6403
f 6403 6387 6388
f 6403 6388 6404
f 6404 6388 6389
f 6404 6389 6405
f 6405 6389 6263
f 6277 6405 6263
f 6406 6405 6277
f 6408 6406 6407
f 6406 6278 6407
f 6406 6277 6278
f 6266 6390 6278
f 6390 6407 6278
f 6390 6409 6407
f 6391 6411 6410
f 6409 6391 6410
f 6390 6391 6409
f 6411 6391 6392
f 6411 6392 6412
f 6412 6392 6393
f 6412 6393 6413
f 6413 6393 6394
f 6413 6394 6414
f 6414 6394 6395
f 6414 6395 6415
f 6415 6395 6396
f 6415 6396 6416
f 6418 6416 6417
f 6417 6416 6279
f 6416 6396 6279
f 6396 6275 6279
f 6280 6417 6279
f 6397 6281 6276
f 6419 6281 6397
f 6420 6408 6407
f 6420 6407 6409
f 6420 6409 6421
f 6421 6409 6410
f 6422 6418 6417
f 6417 6280 6422
f 6280 6423 6422
f 6280 6282 6423
f 6419 6283 6281
f 6424 6283 6419
f 6425 6423 6282
f 6425 6282 6284
f 6284 6285 6425
f 6425 6285 6426
f 6429 6428 6427
f 6424 6429 6427
f 6286 6424 6427
f 6283 6424 6286
f 6287 6431 6430
f 6426 6287 6430
f 6285 6287 6426
f 6431 6432 6430
f 6434 6433 6290
f 6290 6433 6289
f 6291 6427 6428
f 6434 6291 6428
f 6290 6291 6434
f 6427 6291 6286
f 6292 6431 6287
f 6435 6432 6431
f 6292 6435 6431
f 6293 6435 6292
f 6436 6293 6294
f 6436 6435 6293
f 6437 6294 6295
f 6437 6436 6294
f 6438 6295 6296
f 6438 6437 6295
f 6296 6289 6433
f 6296 6433 6438
f 6440 6439 6297
f 6440 6297 6298
f 6297 6441 6299
f 6439 6441 6297
f 6299 6442 6300
f 6441 6442 6299
f 6300 6443 6301
f 6442 6443 6300
f 6301 6444 6302
f 6443 6444 6301
f 6302 6445 6303
f 6444 6445 6302
f 6303 6446 6304
f 6445 6446 6303
f 6304 6447 6305
f 6446 6447 6304
f 6305 6448 6306
f 6447 6448 6305
f 6306 6449 6307
f 6448 6449 6306
f 6307 6450 6308
f 6449 6450 6307
f 6308 6451 6309
f 6450 6451 6308
f 6309 6452 6310
f 6451 6452 6309
f 6310 6453 6311
f 6452 6453 6310
f 6311 6454 6312
f 6453 6454 6311
f 6312 6455 6313
f 6454 6455 6312
f 6313 6456 6314
f 6455 6456 6313
f 6314 6457 6315
f 6456 6457 6314
f 6315 6458 6316
f 6457 6458 6315
f 6316 6459 6317
f 6458 6459 6316
f 6317 6460 6318
f 6459 6460 6317
f 6318 6461 6319
f 6460 6461 6318
f 6319 6462 6320
f 6461 6462 6319
f 6320 6463 6321
f 6462 6463 6320
f 6321 6464 6322
f 6463 6464 6321
f 6322 6465 6323
f 6464 6465 6322
f 6323 6466 6324
f 6465 6466 6323
f 6324 6467 6325
f 6466 6467 6324
f 6325 6468 6326
f 6467 6468 6325
f 6327 6326 6468
f 6327 6468 6469
f 6471 6470 6328
f 6471 6328 6329
f 6298 6328 6440
f 6440 6328 6470
f 6469 6472 6327
f 6327 6472 6330
f 6331 6330 6472
f 6331 6472 6473
f 6332 6471 6329
f 6332 6474 6471
f 6473 6333 6331
f 6475 6333 6473
f 6334 6474 6332
f 6334 6476 6474
f 6475 6335 6333
f 6477 6335 6475
f 6336 6476 6334
f 6336 6478 6476
f 6477 6337 6335
f 6479 6337 6477
f 6338 6478 6336
f 6338 6480 6478
f 6479 6339 6337
f 6481 6339 6479
f 6340 6480 6338
f 6340 6482 6480
f 6481 6341 6339
f 6483 6341 6481
f 6342 6482 6340
f 6342 6484 6482
f 6483 6343 6341
f 6485 6343 6483
f 6344 6484 6342
f 6344 6486 6484
f 6485 6345 6343
f 6487 6345 6485
f 6347 6488 6346
f 6488 6489 6346
f 6489 6344 6346
f 6489 6486 6344
f 6487 6348 6345
f 6490 6348 6487
f 6492 6491 6488
f 6347 6492 6488
f 6349 6492 6347
f 6488 6491 6489
f 6490 6350 6348
f 6493 6350 6490
f 6351 6492 6349
f 6351 6494 6492
f 6493 6352 6350
f 6495 6352 6493
f 6351 6353 6496
f 6497 6351 6496
f 6494 6351 6497
f 6354 6496 6353
f 6495 6355 6352
f 6498 6355 6495
f 6497 6496 6499
f 6497 6499 6500
f 6356 6499 6354
f 6354 6499 6496
f 6498 6357 6355
f 6501 6357 6498
f 6500 6499 6358
f 6359 6500 6358
f 6502 6500 6359
f 6358 6499 6356
f 6501 6360 6357
f 6503 6360 6501
f 6361 6502 6359
f 6361 6504 6502
f 6503 6362 6360
f 6505 6362 6503
f 6363 6504 6361
f 6363 6506 6504
f 6505 6364 6362
f 6507 6364 6505
f 6366 6506 6363
f 6366 6508 6506
f 6507 6367 6364
f 6509 6367 6507
f 6366 6368 6510
f 6511 6366 6510
f 6508 6366 6511
f 6369 6510 6368
f 6509 6370 6367
f 6512 6370 6509
f 6513 6511 6510
f 6510 6369 6513
f 6369 6514 6513
f 6369 6372 6514
f 6512 6375 6370
f 6515 6375 6512
f 6516 6514 6372
f 6516 6372 6376
f 6517 6376 6377
f 6517 6516 6376
f 6518 6377 6378
f 6518 6517 6377
f 6519 6378 6379
f 6519 6518 6378
f 6521 6519 6520
f 6519 6380 6520
f 6519 6379 6380
f 6382 6520 6380
f 6515 6397 6375
f 6522 6397 6515
f 6523 6521 6520
f 6523 6520 6382
f 6398 6523 6382
f 6524 6523 6398
f 6525 6398 6399
f 6525 6524 6398
f 6526 6399 6400
f 6526 6525 6399
f 6527 6400 6401
f 6527 6526 6400
f 6528 6401 6402
f 6528 6527 6401
f 6529 6402 6403
f 6529 6528 6402
f 6531 6529 6530
f 6529 6404 6530
f 6529 6403 6404
f 6405 6532 6404
f 6404 6532 6530
f 6406 6533 6405
f 6405 6533 6532
f 6408 6533 6406
f 6534 6410 6411
f 6412 6535 6411
f 6411 6535 6534
f 6413 6536 6412
f 6412 6536 6535
f 6414 6537 6413
f 6413 6537 6536
f 6537 6414 6538
f 6414 6539 6538
f 6414 6415 6539
f 6540 6415 6416
f 6540 6539 6415
f 6416 6418 6540
f 6540 6418 6541
f 6522 6419 6397
f 6542 6419 6522
f 6543 6531 6530
f 6543 6530 6532
f 6543 6532 6544
f 6544 6532 6533
f 6544 6533 6545
f 6545 6533 6408
f 6420 6545 6408
f 6546 6545 6420
f 6547 6420 6421
f 6547 6546 6420
f 6421 6410 6534
f 6548 6421 6534
f 6547 6421 6548
f 6548 6534 6535
f 6548 6535 6549
f 6549 6535 6536
f 6549 6536 6550
f 6550 6536 6537
f 6550 6537 6551
f 6551 6537 6538
f 6552 6541 6418
f 6552 6418 6422
f 6422 6423 6552
f 6552 6423 6553
f 6542 6424 6419
f 6554 6424 6542
f 6555 6553 6423
f 6555 6423 6425
f 6425 6426 6555
f 6555 6426 6556
f 6558 6557 6429
f 6429 6557 6428
f 6429 6424 6554
f 6429 6554 6558
f 6559 6556 6426
f 6559 6426 6430
f 6561 6560 6432
f 6560 6430 6432
f 6560 6559 6430
f 6563 6562 6561
f 6561 6562 6560
f 6565 6564 6563
f 6563 6564 6562
f 6567 6566 6565
f 6565 6566 6564
f 6433 6434 6567
f 6434 6566 6567
f 6434 6568 6566
f 6434 6428 6557
f 6434 6557 6568
f 6435 6561 6432
f 6561 6435 6436
f 6561 6436 6563
f 6563 6436 6437
f 6563 6437 6565
f 6565 6437 6438
f 6565 6438 6567
f 6567 6438 6433
f 6570 6569 6439
f 6570 6439 6440
f 6439 6571 6441
f 6569 6571 6439
f 6441 6572 6442
f 6571 6572 6441
f 6442 6573 6443
f 6572 6573 6442
f 6443 6574 6444
f 6573 6574 6443
f 6444 6575 6445
f 6574 6575 6444
f 6445 6576 6446
f 6575 6576 6445
f 6446 6577 6447
f 6576 6577 6446
f 6447 6578 6448
f 6577 6578 6447
f 6448 6579 6449
f 6578 6579 6448
f 6449 6580 6450
f 6579 6580 6449
f 6450 6581 6451
f 6580 6581 6450
f 6451 6582 6452
f 6581 6582 6451
f 6452 6583 6453
f 6582 6583 6452
f 6583 6585 6584
f 6454 6583 6584
f 6453 6583 6454
f 6586 6455 6454
f 6586 6454 6584
f 6587 6456 6455
f 6587 6455 6586
f 6588 6457 6456
f 6588 6456 6587
f 6589 6458 6457
f 6589 6457 6588
f 6590 6459 6458
f 6590 6458 6589
f 6591 6460 6459
f 6591 6459 6590
f 6592 6461 6460
f 6592 6460 6591
f 6593 6462 6461
f 6593 6461 6592
f 6462 6593 6594
f 6595 6462 6594
f 6463 6462 6595
f 6463 6596 6464
f 6595 6596 6463
f 6464 6597 6465
f 6596 6597 6464
f 6465 6598 6466
f 6597 6598 6465
f 6466 6599 6467
f 6598 6599 6466
f 6599 6601 6600
f 6468 6599 6600
f 6467 6599 6468
f 6600 6469 6468
f 6471 6602 6470
f 6602 6603 6470
f 6603 6440 6470
f 6603 6570 6440
f 6585 6604 6584
f 6584 6604 6586
f 6586 6604 6605
f 6586 6605 6587
f 6587 6605 6606
f 6587 6606 6588
f 6588 6606 6607
f 6588 6607 6589
f 6589 6607 6608
f 6589 6608 6590
f 6590 6608 6609
f 6590 6609 6591
f 6591 6609 6610
f 6591 6610 6592
f 6592 6610 6611
f 6592 6611 6593
f 6593 6611 6612
f 6593 6612 6594
f 6601 6613 6600
f 6613 6615 6614
f 6613 6614 6472
f 6600 6613 6472
f 6469 6600 6472
f 6614 6473 6472
f 6474 6616 6602
f 6474 6602 6471
f 6603 6602 6617
f 6617 6602 6616
f 6614 6615 6618
f 6618 6615 6619
f 6618 6475 6473
f 6618 6473 6614
f 6476 6620 6616
f 6476 6616 6474
f 6617 6616 6621
f 6621 6616 6620
f 6618 6619 6622
f 6622 6619 6623
f 6622 6477 6475
f 6622 6475 6618
f 6625 6624 6620
f 6476 6625 6620
f 6478 6625 6476
f 6620 6624 6621
f 6622 6623 6626
f 6626 6623 6627
f 6626 6479 6477
f 6626 6477 6622
f 6480 6625 6478
f 6480 6628 6625
f 6626 6627 6629
f 6629 6627 6630
f 6629 6481 6479
f 6629 6479 6626
f 6482 6628 6480
f 6482 6631 6628
f 6629 6630 6632
f 6632 6630 6633
f 6632 6483 6481
f 6632 6481 6629
f 6484 6631 6482
f 6484 6634 6631
f 6632 6633 6635
f 6635 6633 6636
f 6635 6485 6483
f 6635 6483 6632
f 6486 6634 6484
f 6486 6637 6634
f 6635 6636 6638
f 6638 6636 6639
f 6638 6487 6485
f 6638 6485 6635
f 6489 6637 6486
f 6489 6640 6637
f 6638 6639 6641
f 6641 6639 6642
f 6641 6490 6487
f 6641 6487 6638
f 6492 6643 6491
f 6643 6644 6491
f 6644 6489 6491
f 6644 6640 6489
f 6641 6642 6645
f 6645 6642 6646
f 6645 6493 6490
f 6645 6490 6641
f 6494 6647 6643
f 6494 6643 6492
f 6644 6643 6648
f 6648 6643 6647
f 6645 6646 6649
f 6649 6646 6650
f 6649 6495 6493
f 6649 6493 6645
f 6497 6651 6647
f 6497 6647 6494
f 6648 6647 6652
f 6652 6647 6651
f 6650 6653 6649
f 6495 6649 6653
f 6654 6495 6653
f 6498 6495 6654
f 6500 6655 6651
f 6500 6651 6497
f 6652 6651 6656
f 6656 6651 6655
f 6654 6501 6498
f 6657 6501 6654
f 6659 6658 6655
f 6500 6659 6655
f 6502 6659 6500
f 6655 6658 6656
f 6657 6503 6501
f 6660 6503 6657
f 6504 6659 6502
f 6504 6661 6659
f 6660 6505 6503
f 6662 6505 6660
f 6506 6661 6504
f 6506 6663 6661
f 6662 6507 6505
f 6664 6507 6662
f 6508 6663 6506
f 6508 6665 6663
f 6664 6509 6507
f 6666 6509 6664
f 6511 6668 6667
f 6665 6511 6667
f 6508 6511 6665
f 6668 6669 6667
f 6666 6512 6509
f 6670 6512 6666
f 6513 6668 6511
f 6672 6671 6514
f 6514 6671 6513
f 6671 6669 6513
f 6669 6668 6513
f 6672 6673 6671
f 6670 6515 6512
f 6674 6515 6670
f 6516 6672 6514
f 6675 6673 6672
f 6516 6675 6672
f 6517 6675 6516
f 6676 6517 6518
f 6676 6675 6517
f 6677 6518 6519
f 6677 6676 6518
f 6679 6678 6521
f 6678 6519 6521
f 6678 6677 6519
f 6681 6680 6679
f 6679 6680 6678
f 6681 6682 6680
f 6674 6522 6515
f 6683 6522 6674
f 6523 6679 6521
f 6679 6523 6524
f 6679 6524 6681
f 6684 6682 6681
f 6524 6684 6681
f 6525 6684 6524
f 6685 6525 6526
f 6685 6684 6525
f 6686 6526 6527
f 6686 6685 6526
f 6687 6527 6528
f 6687 6686 6527
f 6688 6528 6529
f 6688 6687 6528
f 6690 6689 6531
f 6689 6529 6531
f 6689 6688 6529
f 6692 6691 6690
f 6690 6691 6689
f 6694 6693 6692
f 6692 6693 6691
f 6696 6695 6694
f 6694 6695 6693
f 6698 6697 6696
f 6696 6697 6695
f 6700 6699 6698
f 6698 6699 6697
f 6702 6701 6700
f 6700 6701 6699
f 6704 6703 6702
f 6702 6703 6701
f 6706 6705 6704
f 6704 6705 6703
f 6538 6539 6706
f 6539 6705 6706
f 6539 6707 6705
f 6708 6539 6540
f 6708 6707 6539
f 6710 6709 6541
f 6709 6540 6541
f 6709 6708 6540
f 6710 6711 6709
f 6714 6713 6712
f 6683 6714 6712
f 6542 6683 6712
f 6522 6683 6542
f 6543 6690 6531
f 6690 6543 6544
f 6690 6544 6692
f 6692 6544 6545
f 6692 6545 6694
f 6694 6545 6546
f 6694 6546 6696
f 6696 6546 6547
f 6696 6547 6698
f 6698 6547 6548
f 6698 6548 6700
f 6700 6548 6549
f 6700 6549 6702
f 6702 6549 6550
f 6702 6550 6704
f 6704 6550 6551
f 6704 6551 6706
f 6706 6551 6538
f 6552 6710 6541
f 6716 6715 6553
f 6553 6715 6552
f 6715 6711 6552
f 6711 6710 6552
f 6716 6717 6715
f 6712 6713 6718
f 6718 6713 6719
f 6718 6554 6542
f 6718 6542 6712
f 6555 6716 6553
f 6721 6720 6556
f 6556 6720 6555
f 6720 6717 6555
f 6717 6716 6555
f 6723 6722 6721
f 6721 6722 6720
f 6725 6724 6723
f 6723 6724 6722
f 6727 6726 6725
f 6725 6726 6724
f 6729 6728 6727
f 6727 6728 6726
f 6731 6730 6729
f 6729 6730 6728
f 6730 6731 6719
f 6719 6731 6718
f 6731 6557 6718
f 6557 6558 6718
f 6718 6558 6554
f 6559 6721 6556
f 6721 6559 6560
f 6721 6560 6723
f 6723 6560 6562
f 6723 6562 6725
f 6725 6562 6564
f 6725 6564 6727
f 6727 6564 6566
f 6727 6566 6729
f 6729 6566 6568
f 6729 6568 6731
f 6731 6568 6557
f 6570 6732 6569
f 6733 6571 6569
f 6733 6569 6732
f 6734 6572 6571
f 6734 6571 6733
f 6735 6573 6572
f 6735 6572 6734
f 6736 6574 6573
f 6736 6573 6735
f 6737 6575 6574
f 6737 6574 6736
f 6738 6576 6575
f 6738 6575 6737
f 6739 6577 6576
f 6739 6576 6738
f 6740 6578 6577
f 6740 6577 6739
f 6741 6579 6578
f 6741 6578 6740
f 6742 6580 6579
f 6742 6579 6741
f 6743 6581 6580
f 6743 6580 6742
f 6744 6582 6581
f 6744 6581 6743
f 6745 6583 6582
f 6745 6582 6744
f 6745 6585 6583
f 6594 6746 6595
f 6747 6596 6595
f 6747 6595 6746
f 6748 6597 6596
f 6748 6596 6747
f 6749 6598 6597
f 6749 6597 6748
f 6750 6599 6598
f 6750 6598 6749
f 6750 6601 6599
f 6603 6751 6732
f 6603 6732 6570
f 6732 6752 6733
f 6732 6751 6752
f 6733 6753 6734
f 6733 6752 6753
f 6734 6754 6735
f 6734 6753 6754
f 6735 6755 6736
f 6735 6754 6755
f 6736 6756 6737
f 6736 6755 6756
f 6737 6757 6738
f 6737 6756 6757
f 6738 6758 6739
f 6738 6757 6758
f 6739 6759 6740
f 6739 6758 6759
f 6740 6760 6741
f 6740 6759 6760
f 6741 6761 6742
f 6741 6760 6761
f 6742 6762 6743
f 6742 6761 6762
f 6743 6763 6744
f 6743 6762 6763
f 6744 6764 6745
f 6744 6763 6764
f 6765 6604 6585
f 6745 6765 6585
f 6764 6765 6745
f 6766 6605 6604
f 6766 6604 6765
f 6767 6606 6605
f 6767 6605 6766
f 6768 6607 6606
f 6768 6606 6767
f 6769 6608 6607
f 6769 6607 6768
f 6770 6609 6608
f 6770 6608 6769
f 6771 6610 6609
f 6771 6609 6770
f 6772 6611 6610
f 6772 6610 6771
f 6773 6612 6611
f 6773 6611 6772
f 6746 6594 6612
f 6773 6746 6612
f 6774 6746 6773
f 6746 6775 6747
f 6746 6774 6775
f 6747 6776 6748
f 6747 6775 6776
f 6748 6777 6749
f 6748 6776 6777
f 6749 6778 6750
f 6749 6777 6778
f 6779 6613 6601
f 6750 6779 6601
f 6778 6779 6750
f 6779 6615 6613
f 6617 6780 6751
f 6617 6751 6603
f 6751 6781 6752
f 6751 6780 6781
f 6752 6782 6753
f 6752 6781 6782
f 6753 6783 6754
f 6753 6782 6783
f 6754 6784 6755
f 6754 6783 6784
f 6755 6785 6756
f 6755 6784 6785
f 6756 6786 6757
f 6756 6785 6786
f 6757 6787 6758
f 6757 6786 6787
f 6758 6788 6759
f 6758 6787 6788
f 6759 6789 6760
f 6759 6788 6789
f 6760 6790 6761
f 6760 6789 6790
f 6761 6791 6762
f 6761 6790 6791
f 6762 6792 6763
f 6762 6791 6792
f 6763 6793 6764
f 6763 6792 6793
f 6764 6794 6765
f 6764 6793 6794
f 6765 6795 6766
f 6765 6794 6795
f 6766 6796 6767
f 6766 6795 6796
f 6767 6797 6768
f 6767 6796 6797
f 6768 6798 6769
f 6768 6797 6798
f 6769 6799 6770
f 6769 6798 6799
f 6770 6800 6771
f 6770 6799 6800
f 6771 6801 6772
f 6771 6800 6801
f 6772 6802 6773
f 6772 6801 6802
f 6773 6803 6774
f 6773 6802 6803
f 6774 6804 6775
f 6774 6803 6804
f 6775 6805 6776
f 6775 6804 6805
f 6776 6806 6777
f 6776 6805 6806
f 6777 6807 6778
f 6777 6806 6807
f 6778 6808 6779
f 6778 6807 6808
f 6808 6619 6615
f 6808 6615 6779
f 6621 6809 6780
f 6621 6780 6617
f 6780 6810 6781
f 6780 6809 6810
f 6781 6811 6782
f 6781 6810 6811
f 6782 6812 6783
f 6782 6811 6812
f 6783 6813 6784
f 6783 6812 6813
f 6784 6814 6785
f 6784 6813 6814
f 6785 6815 6786
f 6785 6814 6815
f 6786 6816 6787
f 6786 6815 6816
f 6787 6817 6788
f 6787 6816 6817
f 6788 6818 6789
f 6788 6817 6818
f 6789 6819 6790
f 6789 6818 6819
f 6790 6820 6791
f 6790 6819 6820
f 6791 6821 6792
f 6791 6820 6821
f 6792 6822 6793
f 6792 6821 6822
f 6793 6823 6794
f 6793 6822 6823
f 6794 6824 6795
f 6794 6823 6824
f 6795 6825 6796
f 6795 6824 6825
f 6796 6826 6797
f 6796 6825 6826
f 6797 6827 6798
f 6797 6826 6827
f 6798 6828 6799
f 6798 6827 6828
f 6799 6829 6800
f 6799 6828 6829
f 6800 6830 6801
f 6800 6829 6830
f 6801 6831 6802
f 6801 6830 6831
f 6802 6832 6803
f 6802 6831 6832
f 6803 6833 6804
f 6803 6832 6833
f 6804 6834 6805
f 6804 6833 6834
f 6805 6835 6806
f 6805 6834 6835
f 6806 6836 6807
f 6806 6835 6836
f 6807 6837 6808
f 6807 6836 6837
f 6837 6623 6619
f 6837 6619 6808
f 6625 6838 6624
f 6809 6621 6624
f 6838 6809 6624
f 6839 6809 6838
f 6809 6840 6810
f 6809 6839 6840
f 6810 6841 6811
f 6810 6840 6841
f 6811 6842 6812
f 6811 6841 6842
f 6812 6843 6813
f 6812 6842 6843
f 6813 6844 6814
f 6813 6843 6844
f 6814 6845 6815
f 6814 6844 6845
f 6815 6846 6816
f 6815 6845 6846
f 6816 6847 6817
f 6816 6846 6847
f 6817 6848 6818
f 6817 6847 6848
f 6818 6849 6819
f 6818 6848 6849
f 6819 6850 6820
f 6819 6849 6850
f 6820 6851 6821
f 6820 6850 6851
f 6821 6852 6822
f 6821 6851 6852
f 6822 6853 6823
f 6822 6852 6853
f 6823 6854 6824
f 6823 6853 6854
f 6824 6855 6825
f 6824 6854 6855
f 6825 6856 6826
f 6825 6855 6856
f 6826 6857 6827
f 6826 6856 6857
f 6827 6858 6828
f 6827 6857 6858
f 6828 6859 6829
f 6828 6858 6859
f 6829 6860 6830
f 6829 6859 6860
f 6830 6861 6831
f 6830 6860 6861
f 6831 6862 6832
f 6831 6861 6862
f 6832 6863 6833
f 6832 6862 6863
f 6833 6864 6834
f 6833 6863 6864
f 6834 6865 6835
f 6834 6864 6865
f 6835 6866 6836
f 6835 6865 6866
f 6836 6867 6837
f 6836 6866 6867
f 6867 6627 6623
f 6867 6623 6837
f 6628 6868 6838
f 6628 6838 6625
f 6838 6869 6839
f 6838 6868 6869
f 6839 6870 6840
f 6839 6869 6870
f 6840 6871 6841
f 6840 6870 6871
f 6841 6872 6842
f 6841 6871 6872
f 6842 6873 6843
f 6842 6872 6873
f 6843 6874 6844
f 6843 6873 6874
f 6844 6875 6845
f 6844 6874 6875
f 6845 6876 6846
f 6845 6875 6876
f 6846 6877 6847
f 6846 6876 6877
f 6847 6878 6848
f 6847 6877 6878
f 6848 6879 6849
f 6848 6878 6879
f 6849 6880 6850
f 6849 6879 6880
f 6850 6881 6851
f 6850 6880 6881
f 6851 6882 6852
f 6851 6881 6882
f 6852 6883 6853
f 6852 6882 6883
f 6853 6884 6854
f 6853 6883 6884
f 6854 6885 6855
f 6854 6884 6885
f 6855 6886 6856
f 6855 6885 6886
f 6856 6887 6857
f 6856 6886 6887
f 6857 6888 6858
f 6857 6887 6888
f 6858 6889 6859
f 6858 6888 6889
f 6859 6890 6860
f 6859 6889 6890
f 6860 6891 6861
f 6860 6890 6891
f 6861 6892 6862
f 6861 6891 6892
f 6862 6893 6863
f 6862 6892 6893
f 6863 6894 6864
f 6863 6893 6894
f 6864 6895 6865
f 6864 6894 6895
f 6865 6896 6866
f 6865 6895 6896
f 6866 6897 6867
f 6866 6896 6897
f 6897 6630 6627
f 6897 6627 6867
f 6631 6898 6868
f 6631 6868 6628
f 6868 6899 6869
f 6868 6898 6899
f 6869 6900 6870
f 6869 6899 6900
f 6870 6901 6871
f 6870 6900 6901
f 6871 6902 6872
f 6871 6901 6902
f 6872 6903 6873
f 6872 6902 6903
f 6873 6904 6874
f 6873 6903 6904
f 6874 6905 6875
f 6874 6904 6905
f 6875 6906 6876
f 6875 6905 6906
f 6876 6907 6877
f 6876 6906 6907
f 6877 6908 6878
f 6877 6907 6908
f 6878 6909 6879
f 6878 6908 6909
f 6879 6910 6880
f 6879 6909 6910
f 6880 6911 6881
f 6880 6910 6911
f 6881 6912 6882
f 6881 6911 6912
f 6882 6913 6883
f 6882 6912 6913
f 6883 6914 6884
f 6883 6913 6914
f 6884 6915 6885
f 6884 6914 6915
f 6885 6916 6886
f 6885 6915 6916
f 6886 6917 6887
f 6886 6916 6917
f 6887 6918 6888
f 6887 6917 6918
f 6888 6919 6889
f 6888 6918 6919
f 6889 6920 6890
f 6889 6919 6920
f 6890 6921 6891
f 6890 6920 6921
f 6891 6922 6892
f 6891 6921 6922
f 6892 6923 6893
f 6892 6922 6923
f 6893 6924 6894
f 6893 6923 6924
f 6894 6925 6895
f 6894 6924 6925
f 6895 6926 6896
f 6895 6925 6926
f 6896 6927 6897
f 6896 6926 6927
f 6927 6633 6630
f 6927 6630 6897
f 6634 6928 6898
f 6634 6898 6631
f 6898 6929 6899
f 6898 6928 6929
f 6899 6930 6900
f 6899 6929 6930
f 6900 6931 6901
f 6900 6930 6931
f 6901 6932 6902
f 6901 6931 6932
f 6902 6933 6903
f 6902 6932 6933
f 6903 6934 6904
f 6903 6933 6934
f 6904 6935 6905
f 6904 6934 6935
f 6905 6936 6906
f 6905 6935 6936
f 6906 6937 6907
f 6906 6936 6937
f 6907 6938 6908
f 6907 6937 6938
f 6908 6939 6909
f 6908 6938 6939
f 6909 6940 6910
f 6909 6939 6940
f 6910 6941 6911
f 6910 6940 6941
f 6911 6942 6912
f 6911 6941 6942
f 6912 6943 6913
f 6912 6942 6943
f 6913 6944 6914
f 6913 6943 6944
f 6914 6945 6915
f 6914 6944 6945
f 6915 6946 6916
f 6915 6945 6946
f 6916 6947 6917
f 6916 6946 6947
f 6917 6948 6918
f 6917 6947 6948
f 6918 6949 6919
f 6918 6948 6949
f 6919 6950 6920
f 6919 6949 6950
f 6920 6951 6921
f 6920 6950 6951
f 6921 6952 6922
f 6921 6951 6952
f 6922 6953 6923
f 6922 6952 6953
f 6923 6954 6924
f 6923 6953 6954
f 6924 6955 6925
f 6924 6954 6955
f 6925 6956 6926
f 6925 6955 6956
f 6926 6957 6927
f 6926 6956 6957
f 6957 6636 6633
f 6957 6633 6927
f 6637 6958 6928
f 6637 6928 6634
f 6928 6959 6929
f 6928 6958 6959
f 6929 6960 6930
f 6929 6959 6960
f 6930 6961 6931
f 6930 6960 6961
f 6931 6962 6932
f 6931 6961 6962
f 6932 6963 6933
f 6932 6962 6963
f 6933 6964 6934
f 6933 6963 6964
f 6934 6965 6935
f 6934 6964 6965
f 6935 6966 6936
f 6935 6965 6966
f 6936 6967 6937
f 6936 6966 6967
f 6937 6968 6938
f 6937 6967 6968
f 6938 6969 6939
f 6938 6968 6969
f 6939 6970 6940
f 6939 6969 6970
f 6940 6971 6941
f 6940 6970 6971
f 6941 6972 6942
f 6941 6971 6972
f 6942 6973 6943
f 6942 6972 6973
f 6943 6974 6944
f 6943 6973 6974
f 6944 6975 6945
f 6944 6974 6975
f 6945 6976 6946
f 6945 6975 6976
f 6946 6977 6947
f 6946 6976 6977
f 6947 6978 6948
f 6947 6977 6978
f 6948 6979 6949
f 6948 6978 6979
f 6949 6980 6950
f 6949 6979 6980
f 6950 6981 6951
f 6950 6980 6981
f 6951 6982 6952
f 6951 6981 6982
f 6952 6983 6953
f 6952 6982 6983
f 6953 6984 6954
f 6953 6983 6984
f 6954 6985 6955
f 6954 6984 6985
f 6955 6986 6956
f 6955 6985 6986
f 6956 6987 6957
f 6956 6986 6987
f 6987 6639 6636
f 6987 6636 6957
f 6640 6988 6958
f 6640 6958 6637
f 6958 6989 6959
f 6958 6988 6989
f 6959 6990 6960
f 6959 6989 6990
f 6960 6991 6961
f 6960 6990 6991
f 6961 6992 6962
f 6961 6991 6992
f 6962 6993 6963
f 6962 6992 6993
f 6963 6994 6964
f 6963 6993 6994
f 6964 6995 6965
f 6964 6994 6995
f 6965 6996 6966
f 6965 6995 6996
f 6966 6997 6967
f 6966 6996 6997
f 6967 6998 6968
f 6967 6997 6998
f 6968 6999 6969
f 6968 6998 6999
f 6969 7000 6970
f 6969 6999 7000
f 6970 7001 6971
f 6970 7000 7001
f 6971 7002 6972
f 6971 7001 7002
f 6972 7003 6973
f 6972 7002 7003
f 6973 7004 6974
f 6973 7003 7004
f 6974 7005 6975
f 6974 7004 7005
f 6975 7006 6976
f 6975 7005 7006
f 6976 7007 6977
f 6976 7006 7007
f 6977 7008 6978
f 6977 7007 7008
f 6978 7009 6979
f 6978 7008 7009
f 6979 7010 6980
f 6979 7009 7010
f 6980 7011 6981
f 6980 7010 7011
f 6981 7012 6982
f 6981 7011 7012
f 6982 7013 6983
f 6982 7012 7013
f 6983 7014 6984
f 6983 7013 7014
f 6984 7015 6985
f 6984 7014 7015
f 6985 7016 6986
f 6985 7015 7016
f 6986 7017 6987
f 6986 7016 7017
f 7017 6642 6639
f 7017 6639 6987
f 6644 7018 6988
f 6644 6988 6640
f 6988 7019 6989
f 6988 7018 7019
f 6989 7020 6990
f 6989 7019 7020
f 6990 7021 6991
f 6990 7020 7021
f 6991 7022 6992
f 6991 7021 7022
f 6992 7023 6993
f 6992 7022 7023
f 6993 7024 6994
f 6993 7023 7024
f 6994 7025 6995
f 6994 7024 7025
f 6995 7026 6996
f 6995 7025 7026
f 6996 7027 6997
f 6996 7026 7027
f 6997 7028 6998
f 6997 7027 7028
f 6998 7029 6999
f 6998 7028 7029
f 6999 7030 7000
f 6999 7029 7030
f 7000 7031 7001
f 7000 7030 7031
f 7001 7032 7002
f 7001 7031 7032
f 7002 7033 7003
f 7002 7032 7033
f 7003 7034 7004
f 7003 7033 7034
f 7004 7035 7005
f 7004 7034 7035
f 7005 7036 7006
f 7005 7035 7036
f 7006 7037 7007
f 7006 7036 7037
f 7007 7038 7008
f 7007 7037 7038
f 7008 7039 7009
f 7008 7038 7039
f 7009 7040 7010
f 7009 7039 7040
f 7010 7041 7011
f 7010 7040 7041
f 7011 7042 7012
f 7011 7041 7042
f 7012 7043 7013
f 7012 7042 7043
f 7013 7044 7014
f 7013 7043 7044
f 7014 7045 7015
f 7014 7044 7045
f 7015 7046 7016
f 7015 7045 7046
f 7016 7047 7017
f 7016 7046 7047
f 7047 6646 6642
f 7047 6642 7017
f 6648 7048 7018
f 6648 7018 6644
f 7018 7049 7019
f 7018 7048 7049
f 7019 7050 7020
f 7019 7049 7050
f 7020 7051 7021
f 7020 7050 7051
f 7021 7052 7022
f 7021 7051 7052
f 7022 7053 7023
f 7022 7052 7053
f 7023 7054 7024
f 7023 7053 7054
f 7024 7055 7025
f 7024 7054 7055
f 7025 7056 7026
f 7025 7055 7056
f 7026 7057 7027
f 7026 7056 7057
f 7027 7058 7028
f 7027 7057 7058
f 7028 7059 7029
f 7028 7058 7059
f 7029 7060 7030
f 7029 7059 7060
f 7030 7061 7031
f 7030 7060 7061
f 7031 7062 7032
f 7031 7061 7062
f 7032 7063 7033
f 7032 7062 7063
f 7033 7064 7034
f 7033 7063 7064
f 7034 7065 7035
f 7034 7064 7065
f 7035 7066 7036
f 7035 7065 7066
f 7036 7067 7037
f 7036 7066 7067
f 7037 7068 7038
f 7037 7067 7068
f 7038 7069 7039
f 7038 7068 7069
f 7039 7070 7040
f 7039 7069 7070
f 7040 7071 7041
f 7040 7070 7071
f 7041 7072 7042
f 7041 7071 7072
f 7042 7073 7043
f 7042 7072 7073
f 7043 7074 7044
f 7043 7073 7074
f 7044 7075 7045
f 7044 7074 7075
f 7045 7076 7046
f 7045 7075 7076
f 7046 7077 7047
f 7046 7076 7077
f 7077 6650 6646
f 7077 6646 7047
f 6652 7078 7048
f 6652 7048 6648
f 7048 7079 7049
f 7048 7078 7079
f 7049 7080 7050
f 7049 7079 7080
f 7050 7081 7051
f 7050 7080 7081
f 7051 7082 7052
f 7051 7081 7082
f 7052 7083 7053
f 7052 7082 7083
f 7053 7084 7054
f 7053 7083 7084
f 7054 7085 7055
f 7054 7084 7085
f 7055 7086 7056
f 7055 7085 7086
f 7056 7087 7057
f 7056 7086 7087
f 7057 7088 7058
f 7057 7087 7088
f 7058 7089 7059
f 7058 7088 7089
f 7059 7090 7060
f 7059 7089 7090
f 7060 7091 7061
f 7060 7090 7091
f 7061 7092 7062
f 7061 7091 7092
f 7062 7093 7063
f 7062 7092 7093
f 7063 7094 7064
f 7063 7093 7094
f 7064 7095 7065
f 7064 7094 7095
f 7065 7096 7066
f 7065 7095 7096
f 7066 7097 7067
f 7066 7096 7097
f 7067 7098 7068
f 7067 7097 7098
f 7068 7099 7069
f 7068 7098 7099
f 7069 7100 7070
f 7069 7099 7100
f 7070 7101 7071
f 7070 7100 7101
f 7071 7102 7072
f 7071 7101 7102
f 7072 7103 7073
f 7072 7102 7103
f 7073 7104 7074
f 7073 7103 7104
f 7074 7105 7075
f 7074 7104 7105
f 7075 7106 7076
f 7075 7105 7106
f 7076 7107 7077
f 7076 7106 7107
f 7108 6653 6650
f 7077 7108 6650
f 7107 7108 7077
f 7108 6654 6653
f 6656 7109 7078
f 6656 7078 6652
f 7078 7110 7079
f 7078 7109 7110
f 7079 7111 7080
f 7079 7110 7111
f 7113 7081 7112
f 7081 7111 7112
f 7081 7080 7111
f 7081 7113 7082
f 7082 7113 7114
f 7082 7114 7083
f 7083 7114 7115
f 7083 7115 7084
f 7084 7115 7116
f 7084 7116 7085
f 7085 7116 7117
f 7085 7117 7086
f 7086 7117 7118
f 7086 7118 7087
f 7087 7118 7119
f 7087 7119 7088
f 7088 7119 7120
f 7088 7120 7089
f 7089 7120 7121
f 7089 7121 7090
f 7090 7121 7122
f 7090 7122 7091
f 7091 7122 7123
f 7091 7123 7092
f 7092 7123 7124
f 7092 7124 7093
f 7093 7124 7125
f 7093 7125 7094
f 7094 7125 7126
f 7094 7126 7095
f 7095 7126 7127
f 7095 7127 7096
f 7096 7127 7128
f 7096 7128 7097
f 7097 7128 7129
f 7097 7129 7098
f 7098 7129 7130
f 7132 7131 7130
f 7131 7098 7130
f 7131 7099 7098
f 7099 7133 7100
f 7099 7131 7133
f 7100 7134 7101
f 7100 7133 7134
f 7101 7135 7102
f 7101 7134 7135
f 7102 7136 7103
f 7102 7135 7136
f 7103 7137 7104
f 7103 7136 7137
f 7104 7138 7105
f 7104 7137 7138
f 7105 7139 7106
f 7105 7138 7139
f 7106 7140 7107
f 7106 7139 7140
f 7107 7141 7108
f 7107 7140 7141
f 7141 6657 6654
f 7141 6654 7108
f 6659 7142 6658
f 7142 7143 6658
f 6658 7143 6656
f 7143 7144 6656
f 7144 7109 6656
f 7109 7144 7110
f 7110 7144 7145
f 7110 7145 7111
f 7111 7145 7146
f 7111 7146 7112
f 7131 7132 7147
f 7147 7132 7148
f 7131 7149 7133
f 7131 7147 7149
f 7133 7150 7134
f 7133 7149 7150
f 7134 7151 7135
f 7134 7150 7151
f 7135 7152 7136
f 7135 7151 7152
f 7136 7153 7137
f 7136 7152 7153
f 7137 7154 7138
f 7137 7153 7154
f 7138 7155 7139
f 7138 7154 7155
f 7139 7156 7140
f 7139 7155 7156
f 7140 7157 7141
f 7140 7156 7157
f 7157 6660 6657
f 7157 6657 7141
f 6661 7158 7142
f 6661 7142 6659
f 7143 7142 7159
f 7159 7142 7158
f 7147 7148 7160
f 7160 7148 7161
f 7147 7162 7149
f 7147 7160 7162
f 7149 7163 7150
f 7149 7162 7163
f 7150 7164 7151
f 7150 7163 7164
f 7151 7165 7152
f 7151 7164 7165
f 7152 7166 7153
f 7152 7165 7166
f 7153 7167 7154
f 7153 7166 7167
f 7154 7168 7155
f 7154 7167 7168
f 7155 7169 7156
f 7155 7168 7169
f 7156 7170 7157
f 7156 7169 7170
f 7170 6662 6660
f 7170 6660 7157
f 6663 7171 7158
f 6663 7158 6661
f 7159 7158 7172
f 7172 7158 7171
f 7160 7161 7173
f 7173 7161 7174
f 7160 7175 7162
f 7160 7173 7175
f 7162 7176 7163
f 7162 7175 7176
f 7163 7177 7164
f 7163 7176 7177
f 7164 7178 7165
f 7164 7177 7178
f 7165 7179 7166
f 7165 7178 7179
f 7166 7180 7167
f 7166 7179 7180
f 7167 7181 7168
f 7167 7180 7181
f 7168 7182 7169
f 7168 7181 7182
f 7169 7183 7170
f 7169 7182 7183
f 7183 6664 6662
f 7183 6662 7170
f 6665 7184 7171
f 6665 7171 6663
f 7172 7171 7185
f 7185 7171 7184
f 7188 7187 7186
f 7190 7189 7186
f 7186 7189 7188
f 7189 7190 7174
f 7190 7173 7174
f 7190 7191 7173
f 7173 7192 7175
f 7173 7191 7192
f 7175 7193 7176
f 7175 7192 7193
f 7176 7194 7177
f 7176 7193 7194
f 7177 7195 7178
f 7177 7194 7195
f 7178 7196 7179
f 7178 7195 7196
f 7198 7180 7197
f 7180 7196 7197
f 7180 7179 7196
f 7200 7199 7198
f 7199 7180 7198
f 7199 7181 7180
f 7181 7201 7182
f 7181 7199 7201
f 7182 7202 7183
f 7182 7201 7202
f 7202 6666 6664
f 7202 6664 7183
f 6667 7184 6665
f 7204 7203 6669
f 6669 7203 6667
f 7203 7185 6667
f 7185 7184 6667
f 7206 7205 7204
f 7204 7205 7203
f 7206 7207 7205
f 7210 7209 7208
f 7212 7211 7208
f 7208 7211 7210
f 7214 7213 7212
f 7212 7213 7211
f 7216 7215 7214
f 7214 7215 7213
f 7215 7216 7187
f 7216 7186 7187
f 7216 7217 7186
f 7186 7218 7190
f 7186 7217 7218
f 7190 7219 7191
f 7190 7218 7219
f 7191 7220 7192
f 7191 7219 7220
f 7192 7221 7193
f 7192 7220 7221
f 7193 7222 7194
f 7193 7221 7222
f 7194 7223 7195
f 7194 7222 7223
f 7225 7196 7224
f 7196 7223 7224
f 7196 7195 7223
f 7196 7225 7197
f 7200 7226 7199
f 7228 7227 7226
f 7227 7199 7226
f 7227 7201 7199
f 7201 7229 7202
f 7201 7227 7229
f 7229 6670 6666
f 7229 6666 7202
f 6671 7204 6669
f 7204 6671 6673
f 7230 7204 6673
f 7206 7204 7230
f 7207 7206 7231
f 7206 7232 7231
f 7206 7230 7232
f 7234 7233 7232
f 7232 7233 7231
f 7236 7235 7234
f 7234 7235 7233
f 7238 7237 7236
f 7236 7237 7235
f 7240 7239 7238
f 7238 7239 7237
f 7242 7241 7240
f 7240 7241 7239
f 7244 7243 7242
f 7242 7243 7241
f 7246 7245 7244
f 7244 7245 7243
f 7248 7247 7246
f 7246 7247 7245
f 7250 7249 7248
f 7248 7249 7247
f 7252 7251 7250
f 7250 7251 7249
f 7254 7253 7252
f 7252 7253 7251
f 7256 7255 7254
f 7254 7255 7253
f 7255 7256 7209
f 7256 7208 7209
f 7256 7257 7208
f 7208 7258 7212
f 7208 7257 7258
f 7212 7259 7214
f 7212 7258 7259
f 7214 7260 7216
f 7214 7259 7260
f 7216 7261 7217
f 7216 7260 7261
f 7217 7262 7218
f 7217 7261 7262
f 7218 7263 7219
f 7218 7262 7263
f 7219 7264 7220
f 7219 7263 7264
f 7220 7265 7221
f 7220 7264 7265
f 7221 7266 7222
f 7221 7265 7266
f 7222 7267 7223
f 7222 7266 7267
f 7224 7223 7268
f 7223 7269 7268
f 7223 7267 7269
f 7269 7270 7268
f 7227 7228 7271
f 7271 7228 7272
f 7227 7273 7229
f 7227 7271 7273
f 7273 6674 6670
f 7273 6670 7229
f 6675 7230 6673
f 7230 6675 6676
f 7230 6676 7232
f 7232 6676 6677
f 7232 6677 7234
f 7234 6677 6678
f 7234 6678 7236
f 7236 6678 6680
f 7236 6680 7238
f 7238 6680 6682
f 7274 7238 6682
f 7240 7238 7274
f 7240 7275 7242
f 7240 7274 7275
f 7242 7276 7244
f 7242 7275 7276
f 7244 7277 7246
f 7244 7276 7277
f 7246 7278 7248
f 7246 7277 7278
f 7248 7279 7250
f 7248 7278 7279
f 7250 7280 7252
f 7250 7279 7280
f 7252 7281 7254
f 7252 7280 7281
f 7254 7282 7256
f 7254 7281 7282
f 7256 7283 7257
f 7256 7282 7283
f 7257 7284 7258
f 7257 7283 7284
f 7258 7285 7259
f 7258 7284 7285
f 7259 7286 7260
f 7259 7285 7286
f 7260 7287 7261
f 7260 7286 7287
f 7261 7288 7262
f 7261 7287 7288
f 7262 7289 7263
f 7262 7288 7289
f 7263 7290 7264
f 7263 7289 7290
f 7264 7291 7265
f 7264 7290 7291
f 7265 7292 7266
f 7265 7291 7292
f 7266 7293 7267
f 7266 7292 7293
f 7267 7294 7269
f 7267 7293 7294
f 7270 7269 7295
f 7269 7296 7295
f 7269 7294 7296
f 7298 7297 7296
f 7296 7297 7295
f 7297 7298 7272
f 7298 7271 7272
f 7298 7299 7271
f 7271 7300 7273
f 7271 7299 7300
f 7300 6683 6674
f 7300 6674 7273
f 6684 7274 6682
f 7274 6684 6685
f 7274 6685 7275
f 7275 6685 6686
f 7275 6686 7276
f 7276 6686 6687
f 7276 6687 7277
f 7277 6687 6688
f 7277 6688 7278
f 7278 6688 6689
f 7278 6689 7279
f 7279 6689 6691
f 7279 6691 7280
f 7280 6691 6693
f 7280 6693 7281
f 7281 6693 6695
f 7281 6695 7282
f 7282 6695 6697
f 7282 6697 7283
f 7283 6697 6699
f 7283 6699 7284
f 7284 6699 6701
f 7284 6701 7285
f 7285 6701 6703
f 7285 6703 7286
f 7286 6703 6705
f 7286 6705 7287
f 7287 6705 6707
f 7287 6707 7288
f 7288 6707 6708
f 7288 6708 7289
f 7289 6708 6709
f 7289 6709 7290
f 7290 6709 6711
f 7301 7290 6711
f 7291 7290 7301
f 7291 7302 7292
f 7291 7301 7302
f 7292 7303 7293
f 7292 7302 7303
f 7293 7304 7294
f 7293 7303 7304
f 7294 7305 7296
f 7294 7304 7305
f 7296 7306 7298
f 7296 7305 7306
f 7298 7307 7299
f 7298 7306 7307
f 7307 6713 6714
f 7300 7307 6714
f 7299 7307 7300
f 7300 6714 6683
f 6715 7301 6711
f 7301 6715 6717
f 7308 7301 6717
f 7302 7301 7308
f 7302 7309 7303
f 7302 7308 7309
f 7303 7310 7304
f 7303 7309 7310
f 7304 7311 7305
f 7304 7310 7311
f 7305 7312 7306
f 7305 7311 7312
f 7306 7313 7307
f 7306 7312 7313
f 7313 6719 6713
f 7313 6713 7307
f 6720 7308 6717
f 7308 6720 6722
f 7308 6722 7309
f 7309 6722 6724
f 7309 6724 7310
f 7310 6724 6726
f 7310 6726 7311
f 7311 6726 6728
f 7311 6728 7312
f 7312 6728 6730
f 7312 6730 7313
f 7313 6730 6719
f 7112 7314 7113
f 7315 7114 7113
f 7315 7113 7314
f 7316 7115 7114
f 7316 7114 7315
f 7317 7116 7115
f 7317 7115 7316
f 7318 7117 7116
f 7318 7116 7317
f 7319 7118 7117
f 7319 7117 7318
f 7320 7119 7118
f 7320 7118 7319
f 7321 7120 7119
f 7321 7119 7320
f 7322 7121 7120
f 7322 7120 7321
f 7323 7122 7121
f 7323 7121 7322
f 7324 7123 7122
f 7324 7122 7323
f 7325 7124 7123
f 7325 7123 7324
f 7326 7125 7124
f 7326 7124 7325
f 7327 7126 7125
f 7327 7125 7326
f 7328 7127 7126
f 7328 7126 7327
f 7329 7128 7127
f 7329 7127 7328
f 7330 7129 7128
f 7330 7128 7329
f 7331 7130 7129
f 7331 7129 7330
f 7331 7132 7130
f 7143 7332 7144
f 7333 7145 7144
f 7333 7144 7332
f 7334 7146 7145
f 7334 7145 7333
f 7314 7112 7146
f 7334 7314 7146
f 7335 7314 7334
f 7314 7336 7315
f 7314 7335 7336
f 7315 7337 7316
f 7315 7336 7337
f 7316 7338 7317
f 7316 7337 7338
f 7317 7339 7318
f 7317 7338 7339
f 7318 7340 7319
f 7318 7339 7340
f 7319 7341 7320
f 7319 7340 7341
f 7320 7342 7321
f 7320 7341 7342
f 7321 7343 7322
f 7321 7342 7343
f 7322 7344 7323
f 7322 7343 7344
f 7323 7345 7324
f 7323 7344 7345
f 7324 7346 7325
f 7324 7345 7346
f 7325 7347 7326
f 7325 7346 7347
f 7326 7348 7327
f 7326 7347 7348
f 7327 7349 7328
f 7327 7348 7349
f 7328 7350 7329
f 7328 7349 7350
f 7329 7351 7330
f 7329 7350 7351
f 7330 7352 7331
f 7330 7351 7352
f 7352 7148 7132
f 7352 7132 7331
f 7159 7353 7332
f 7159 7332 7143
f 7332 7354 7333
f 7332 7353 7354
f 7333 7355 7334
f 7333 7354 7355
f 7334 7356 7335
f 7334 7355 7356
f 7335 7357 7336
f 7335 7356 7357
f 7336 7358 7337
f 7336 7357 7358
f 7337 7359 7338
f 7337 7358 7359
f 7338 7360 7339
f 7338 7359 7360
f 7339 7361 7340
f 7339 7360 7361
f 7340 7362 7341
f 7340 7361 7362
f 7341 7363 7342
f 7341 7362 7363
f 7342 7364 7343
f 7342 7363 7364
f 7343 7365 7344
f 7343 7364 7365
f 7344 7366 7345
f 7344 7365 7366
f 7345 7367 7346
f 7345 7366 7367
f 7346 7368 7347
f 7346 7367 7368
f 7347 7369 7348
f 7347 7368 7369
f 7348 7370 7349
f 7348 7369 7370
f 7349 7371 7350
f 7349 7370 7371
f 7350 7372 7351
f 7350 7371 7372
f 7351 7373 7352
f 7351 7372 7373
f 7373 7161 7148
f 7373 7148 7352
f 7172 7374 7353
f 7172 7353 7159
f 7353 7375 7354
f 7353 7374 7375
f 7354 7376 7355
f 7354 7375 7376
f 7355 7377 7356
f 7355 7376 7377
f 7356 7378 7357
f 7356 7377 7378
f 7357 7379 7358
f 7357 7378 7379
f 7358 7380 7359
f 7358 7379 7380
f 7359 7381 7360
f 7359 7380 7381
f 7360 7382 7361
f 7360 7381 7382
f 7361 7383 7362
f 7361 7382 7383
f 7362 7384 7363
f 7362 7383 7384
f 7363 7385 7364
f 7363 7384 7385
f 7364 7386 7365
f 7364 7385 7386
f 7365 7387 7366
f 7365 7386 7387
f 7366 7388 7367
f 7366 7387 7388
f 7367 7389 7368
f 7367 7388 7389
f 7368 7390 7369
f 7368 7389 7390
f 7369 7391 7370
f 7369 7390 7391
f 7370 7392 7371
f 7370 7391 7392
f 7371 7393 7372
f 7371 7392 7393
f 7372 7394 7373
f 7372 7393 7394
f 7394 7174 7161
f 7394 7161 7373
f 7185 7395 7374
f 7185 7374 7172
f 7374 7396 7375
f 7374 7395 7396
f 7375 7397 7376
f 7375 7396 7397
f 7376 7398 7377
f 7376 7397 7398
f 7377 7399 7378
f 7377 7398 7399
f 7378 7400 7379
f 7378 7399 7400
f 7379 7401 7380
f 7379 7400 7401
f 7380 7402 7381
f 7380 7401 7402
f 7381 7403 7382
f 7381 7402 7403
f 7382 7404 7383
f 7382 7403 7404
f 7383 7405 7384
f 7383 7404 7405
f 7384 7406 7385
f 7384 7405 7406
f 7385 7407 7386
f 7385 7406 7407
f 7386 7408 7387
f 7386 7407 7408
f 7387 7409 7388
f 7387 7408 7409
f 7388 7410 7389
f 7388 7409 7410
f 7389 7411 7390
f 7389 7410 7411
f 7390 7412 7391
f 7390 7411 7412
f 7391 7413 7392
f 7391 7412 7413
f 7413 7187 7188
f 7393 7413 7188
f 7392 7413 7393
f 7393 7188 7189
f 7393 7189 7394
f 7394 7189 7174
f 7197 7414 7198
f 7414 7200 7198
f 7203 7395 7185
f 7395 7203 7205
f 7395 7205 7396
f 7396 7205 7207
f 7415 7396 7207
f 7397 7396 7415
f 7397 7416 7398
f 7397 7415 7416
f 7398 7417 7399
f 7398 7416 7417
f 7399 7418 7400
f 7399 7417 7418
f 7400 7419 7401
f 7400 7418 7419
f 7401 7420 7402
f 7401 7419 7420
f 7402 7421 7403
f 7402 7420 7421
f 7403 7422 7404
f 7403 7421 7422
f 7404 7423 7405
f 7404 7422 7423
f 7405 7424 7406
f 7405 7423 7424
f 7406 7425 7407
f 7406 7424 7425
f 7407 7426 7408
f 7407 7425 7426
f 7408 7427 7409
f 7408 7426 7427
f 7427 7209 7210
f 7410 7427 7210
f 7409 7427 7410
f 7410 7210 7211
f 7410 7211 7411
f 7411 7211 7213
f 7411 7213 7412
f 7412 7213 7215
f 7412 7215 7413
f 7413 7215 7187
f 7224 7428 7225
f 7414 7197 7225
f 7428 7414 7225
f 7429 7414 7428
f 7430 7226 7200
f 7414 7430 7200
f 7429 7430 7414
f 7430 7228 7226
f 7231 7415 7207
f 7415 7231 7233
f 7415 7233 7416
f 7416 7233 7235
f 7416 7235 7417
f 7417 7235 7237
f 7417 7237 7418
f 7418 7237 7239
f 7418 7239 7419
f 7419 7239 7241
f 7419 7241 7420
f 7420 7241 7243
f 7420 7243 7421
f 7421 7243 7245
f 7421 7245 7422
f 7422 7245 7247
f 7422 7247 7423
f 7423 7247 7249
f 7423 7249 7424
f 7424 7249 7251
f 7424 7251 7425
f 7425 7251 7253
f 7425 7253 7426
f 7426 7253 7255
f 7426 7255 7427
f 7427 7255 7209
f 7268 7428 7224
f 7428 7268 7270
f 7431 7428 7270
f 7429 7428 7431
f 7429 7432 7430
f 7429 7431 7432
f 7432 7272 7228
f 7432 7228 7430
f 7295 7431 7270
f 7431 7295 7297
f 7431 7297 7432
f 7432 7297 7272

